path,table,column_index,column_name,role,source_sha256,row_count,blank_count,distinct_nonblank,definition,definition_status,definition_locator,grain,business_value,unit,sql_type,sql_not_null,sql_primary_key,null_policy,owner,value_evaluation
DGEF/artifacts/tables/01_identity_relations/bridge_entity_external_id.csv,bridge_entity_external_id,1,bridge_id,DGEF_EXPORT,6730b54aaa8fc44e97f9187fde3b0ad41c201516574366784c7bd3cb6efdcf63,11387,0,11387,bridge id；定义受所属表粒度与SQL约束限定,DOCUMENTED_GENERIC_REVIEW,DGEF/contracts/data_dictionary.csv: bridge_entity_external_id.bridge_id,外部命名空间+版本+有效起点的映射,待資料負責人確認,UNKNOWN,TEXT,1,1,UNKNOWN_NOT_APPLICABLE_OR_NOT_RECORDED; DO_NOT_IMPUTE_ZERO,UNASSIGNED,PROPOSED_NO_MEASURED_ROI
DGEF/artifacts/tables/01_identity_relations/bridge_entity_external_id.csv,bridge_entity_external_id,2,entity_id,DGEF_EXPORT,6730b54aaa8fc44e97f9187fde3b0ad41c201516574366784c7bd3cb6efdcf63,11387,0,5593,穩定內部實體識別鍵；命名空間及對象依所屬表，不以相似名稱自動合併,PROPOSED_CONTEXT_REVIEW,build_semantic_catalog.py: explicit proposed glossary,外部命名空间+版本+有效起点的映射,跨表實體追溯,NOT_APPLICABLE,TEXT,1,0,UNKNOWN_NOT_APPLICABLE_OR_NOT_RECORDED; DO_NOT_IMPUTE_ZERO,UNASSIGNED,PROPOSED_NO_MEASURED_ROI
DGEF/artifacts/tables/01_identity_relations/bridge_entity_external_id.csv,bridge_entity_external_id,3,id_system,DGEF_EXPORT,6730b54aaa8fc44e97f9187fde3b0ad41c201516574366784c7bd3cb6efdcf63,11387,0,16,外部識別碼、命名空間或其版本；外部ID必須帶來源與版本,PROPOSED_CONTEXT_REVIEW,build_semantic_catalog.py: explicit proposed glossary,外部命名空间+版本+有效起点的映射,避免跨庫串號,NOT_APPLICABLE,TEXT,1,0,UNKNOWN_NOT_APPLICABLE_OR_NOT_RECORDED; DO_NOT_IMPUTE_ZERO,UNASSIGNED,PROPOSED_NO_MEASURED_ROI
DGEF/artifacts/tables/01_identity_relations/bridge_entity_external_id.csv,bridge_entity_external_id,4,external_id,DGEF_EXPORT,6730b54aaa8fc44e97f9187fde3b0ad41c201516574366784c7bd3cb6efdcf63,11387,0,11385,外部識別碼、命名空間或其版本；外部ID必須帶來源與版本,PROPOSED_CONTEXT_REVIEW,build_semantic_catalog.py: explicit proposed glossary,外部命名空间+版本+有效起点的映射,避免跨庫串號,NOT_APPLICABLE,TEXT,1,0,UNKNOWN_NOT_APPLICABLE_OR_NOT_RECORDED; DO_NOT_IMPUTE_ZERO,UNASSIGNED,PROPOSED_NO_MEASURED_ROI
DGEF/artifacts/tables/01_identity_relations/bridge_entity_external_id.csv,bridge_entity_external_id,5,external_version,DGEF_EXPORT,6730b54aaa8fc44e97f9187fde3b0ad41c201516574366784c7bd3cb6efdcf63,11387,0,27,外部識別碼、命名空間或其版本；外部ID必須帶來源與版本,PROPOSED_CONTEXT_REVIEW,build_semantic_catalog.py: explicit proposed glossary,外部命名空间+版本+有效起点的映射,避免跨庫串號,NOT_APPLICABLE,TEXT,1,0,UNKNOWN_NOT_APPLICABLE_OR_NOT_RECORDED; DO_NOT_IMPUTE_ZERO,UNASSIGNED,PROPOSED_NO_MEASURED_ROI
DGEF/artifacts/tables/01_identity_relations/bridge_entity_external_id.csv,bridge_entity_external_id,6,match_method,DGEF_EXPORT,6730b54aaa8fc44e97f9187fde3b0ad41c201516574366784c7bd3cb6efdcf63,11387,0,4,身份／名稱匹配的方法或依據；須保留可重現條件,PROPOSED_CONTEXT_REVIEW,build_semantic_catalog.py: explicit proposed glossary,外部命名空间+版本+有效起点的映射,關係驗證,NOT_APPLICABLE,TEXT,1,0,UNKNOWN_NOT_APPLICABLE_OR_NOT_RECORDED; DO_NOT_IMPUTE_ZERO,UNASSIGNED,PROPOSED_NO_MEASURED_ROI
DGEF/artifacts/tables/01_identity_relations/bridge_entity_external_id.csv,bridge_entity_external_id,7,match_score,DGEF_EXPORT,6730b54aaa8fc44e97f9187fde3b0ad41c201516574366784c7bd3cb6efdcf63,11387,11387,0,候選實體匹配分數；不是事實機率，不自動授權合併,PROPOSED_CONTEXT_REVIEW,build_semantic_catalog.py: explicit proposed glossary,外部命名空间+版本+有效起点的映射,人工復核優先序,NOT_APPLICABLE,REAL,0,0,UNKNOWN_NOT_APPLICABLE_OR_NOT_RECORDED; DO_NOT_IMPUTE_ZERO,UNASSIGNED,PROPOSED_NO_MEASURED_ROI
DGEF/artifacts/tables/01_identity_relations/bridge_entity_external_id.csv,bridge_entity_external_id,8,review_status,DGEF_EXPORT,6730b54aaa8fc44e97f9187fde3b0ad41c201516574366784c7bd3cb6efdcf63,11387,0,1,review status；定义受所属表粒度与SQL约束限定,DOCUMENTED_GENERIC_REVIEW,DGEF/contracts/data_dictionary.csv: bridge_entity_external_id.review_status,外部命名空间+版本+有效起点的映射,待資料負責人確認,UNKNOWN,TEXT,1,0,UNKNOWN_NOT_APPLICABLE_OR_NOT_RECORDED; DO_NOT_IMPUTE_ZERO,UNASSIGNED,PROPOSED_NO_MEASURED_ROI
DGEF/artifacts/tables/01_identity_relations/bridge_entity_external_id.csv,bridge_entity_external_id,9,source_id,DGEF_EXPORT,6730b54aaa8fc44e97f9187fde3b0ad41c201516574366784c7bd3cb6efdcf63,11387,0,28,來源登記鍵；僅指來源，不代表該來源全部說法已核實,PROPOSED_CONTEXT_REVIEW,build_semantic_catalog.py: explicit proposed glossary,外部命名空间+版本+有效起点的映射,主張證據追溯,NOT_APPLICABLE,TEXT,1,0,UNKNOWN_NOT_APPLICABLE_OR_NOT_RECORDED; DO_NOT_IMPUTE_ZERO,UNASSIGNED,PROPOSED_NO_MEASURED_ROI
DGEF/artifacts/tables/01_identity_relations/bridge_entity_external_id.csv,bridge_entity_external_id,10,evidence_state,DGEF_EXPORT,6730b54aaa8fc44e97f9187fde3b0ad41c201516574366784c7bd3cb6efdcf63,11387,0,2,特定記錄或主張的證據狀態；VERIFIED 僅限可定位範圍,PROPOSED_CONTEXT_REVIEW,build_semantic_catalog.py: explicit proposed glossary,外部命名空间+版本+有效起点的映射,隔離未知、宣稱與核實,NOT_APPLICABLE,TEXT,1,0,UNKNOWN_NOT_APPLICABLE_OR_NOT_RECORDED; DO_NOT_IMPUTE_ZERO,UNASSIGNED,PROPOSED_NO_MEASURED_ROI
DGEF/artifacts/tables/01_identity_relations/bridge_entity_external_id.csv,bridge_entity_external_id,11,valid_from,DGEF_EXPORT,6730b54aaa8fc44e97f9187fde3b0ad41c201516574366784c7bd3cb6efdcf63,11387,0,1,現實關係／記錄的有效起訖；未知終止時間留空，不當已終止,PROPOSED_CONTEXT_REVIEW,build_semantic_catalog.py: explicit proposed glossary,外部命名空间+版本+有效起点的映射,歷史狀態重建,SOURCE_DATE_OR_TIMESTAMP,TEXT,1,0,UNKNOWN_NOT_APPLICABLE_OR_NOT_RECORDED; DO_NOT_IMPUTE_ZERO,UNASSIGNED,PROPOSED_NO_MEASURED_ROI
DGEF/artifacts/tables/01_identity_relations/bridge_entity_external_id.csv,bridge_entity_external_id,12,valid_to,DGEF_EXPORT,6730b54aaa8fc44e97f9187fde3b0ad41c201516574366784c7bd3cb6efdcf63,11387,11387,0,現實關係／記錄的有效起訖；未知終止時間留空，不當已終止,PROPOSED_CONTEXT_REVIEW,build_semantic_catalog.py: explicit proposed glossary,外部命名空间+版本+有效起点的映射,歷史狀態重建,SOURCE_DATE_OR_TIMESTAMP,TEXT,0,0,UNKNOWN_NOT_APPLICABLE_OR_NOT_RECORDED; DO_NOT_IMPUTE_ZERO,UNASSIGNED,PROPOSED_NO_MEASURED_ROI
DGEF/artifacts/tables/01_identity_relations/bridge_entity_external_id.csv,bridge_entity_external_id,13,transaction_time,DGEF_EXPORT,6730b54aaa8fc44e97f9187fde3b0ad41c201516574366784c7bd3cb6efdcf63,11387,0,923,資料系統記錄時間；與現實事件發生時間不同,PROPOSED_CONTEXT_REVIEW,build_semantic_catalog.py: explicit proposed glossary,外部命名空间+版本+有效起点的映射,雙時間追溯,SOURCE_TIMESTAMP,TEXT,1,0,UNKNOWN_NOT_APPLICABLE_OR_NOT_RECORDED; DO_NOT_IMPUTE_ZERO,UNASSIGNED,PROPOSED_NO_MEASURED_ROI
DGEF/artifacts/tables/01_identity_relations/cosmic_domain.csv,cosmic_domain,1,domain_code,DGEF_EXPORT,bf66ee876cf27bc1c669b95a203ea0bdd78337faef76d31ace5856fe017f5d5d,11,0,11,domain code；定义受所属表粒度与SQL约束限定,DOCUMENTED_GENERIC_REVIEW,DGEF/contracts/data_dictionary.csv: cosmic_domain.domain_code,一种空间域,待資料負責人確認,UNKNOWN,TEXT,1,1,UNKNOWN_NOT_APPLICABLE_OR_NOT_RECORDED; DO_NOT_IMPUTE_ZERO,UNASSIGNED,PROPOSED_NO_MEASURED_ROI
DGEF/artifacts/tables/01_identity_relations/cosmic_domain.csv,cosmic_domain,2,name_zh,DGEF_EXPORT,bf66ee876cf27bc1c669b95a203ea0bdd78337faef76d31ace5856fe017f5d5d,11,0,11,name zh；定义受所属表粒度与SQL约束限定,DOCUMENTED_GENERIC_REVIEW,DGEF/contracts/data_dictionary.csv: cosmic_domain.name_zh,一种空间域,待資料負責人確認,UNKNOWN,TEXT,1,0,UNKNOWN_NOT_APPLICABLE_OR_NOT_RECORDED; DO_NOT_IMPUTE_ZERO,UNASSIGNED,PROPOSED_NO_MEASURED_ROI
DGEF/artifacts/tables/01_identity_relations/registry_entity.csv,registry_entity,1,entity_id,DGEF_EXPORT,04420826021a2a402388eeec1af70e6b082d7e92c2dfb0aec2635ef8b9e65971,5593,0,5593,穩定內部實體識別鍵；命名空間及對象依所屬表，不以相似名稱自動合併,PROPOSED_CONTEXT_REVIEW,build_semantic_catalog.py: explicit proposed glossary,一个不因改名迁址换号的实体,跨表實體追溯,NOT_APPLICABLE,TEXT,1,1,UNKNOWN_NOT_APPLICABLE_OR_NOT_RECORDED; DO_NOT_IMPUTE_ZERO,UNASSIGNED,PROPOSED_NO_MEASURED_ROI
DGEF/artifacts/tables/01_identity_relations/registry_entity.csv,registry_entity,2,entity_type,DGEF_EXPORT,04420826021a2a402388eeec1af70e6b082d7e92c2dfb0aec2635ef8b9e65971,5593,0,10,entity type；定义受所属表粒度与SQL约束限定,DOCUMENTED_GENERIC_REVIEW,DGEF/contracts/data_dictionary.csv: registry_entity.entity_type,一个不因改名迁址换号的实体,待資料負責人確認,UNKNOWN,TEXT,1,0,UNKNOWN_NOT_APPLICABLE_OR_NOT_RECORDED; DO_NOT_IMPUTE_ZERO,UNASSIGNED,PROPOSED_NO_MEASURED_ROI
DGEF/artifacts/tables/01_identity_relations/registry_entity.csv,registry_entity,3,canonical_name,DGEF_EXPORT,04420826021a2a402388eeec1af70e6b082d7e92c2dfb0aec2635ef8b9e65971,5593,0,5417,canonical name；定义受所属表粒度与SQL约束限定,DOCUMENTED_GENERIC_REVIEW,DGEF/contracts/data_dictionary.csv: registry_entity.canonical_name,一个不因改名迁址换号的实体,待資料負責人確認,UNKNOWN,TEXT,1,0,UNKNOWN_NOT_APPLICABLE_OR_NOT_RECORDED; DO_NOT_IMPUTE_ZERO,UNASSIGNED,PROPOSED_NO_MEASURED_ROI
DGEF/artifacts/tables/01_identity_relations/registry_entity.csv,registry_entity,4,world_domain,DGEF_EXPORT,04420826021a2a402388eeec1af70e6b082d7e92c2dfb0aec2635ef8b9e65971,5593,0,1,REAL-TWIN／HISTORY／SIM／FICTION 世界域；仍需具體觀測與現實性標籤,PROPOSED_CONTEXT_REVIEW,build_semantic_catalog.py: explicit proposed glossary,一个不因改名迁址换号的实体,隔離真實、歷史、模擬与虛構,NOT_APPLICABLE,TEXT,1,0,UNKNOWN_NOT_APPLICABLE_OR_NOT_RECORDED; DO_NOT_IMPUTE_ZERO,UNASSIGNED,PROPOSED_NO_MEASURED_ROI
DGEF/artifacts/tables/01_identity_relations/registry_entity.csv,registry_entity,5,status,DGEF_EXPORT,04420826021a2a402388eeec1af70e6b082d7e92c2dfb0aec2635ef8b9e65971,5593,0,2,status；定义受所属表粒度与SQL约束限定,DOCUMENTED_GENERIC_REVIEW,DGEF/contracts/data_dictionary.csv: registry_entity.status,一个不因改名迁址换号的实体,待資料負責人確認,UNKNOWN,TEXT,1,0,UNKNOWN_NOT_APPLICABLE_OR_NOT_RECORDED; DO_NOT_IMPUTE_ZERO,UNASSIGNED,PROPOSED_NO_MEASURED_ROI
DGEF/artifacts/tables/01_identity_relations/registry_entity.csv,registry_entity,6,valid_from,DGEF_EXPORT,04420826021a2a402388eeec1af70e6b082d7e92c2dfb0aec2635ef8b9e65971,5593,0,1,現實關係／記錄的有效起訖；未知終止時間留空，不當已終止,PROPOSED_CONTEXT_REVIEW,build_semantic_catalog.py: explicit proposed glossary,一个不因改名迁址换号的实体,歷史狀態重建,SOURCE_DATE_OR_TIMESTAMP,TEXT,1,0,UNKNOWN_NOT_APPLICABLE_OR_NOT_RECORDED; DO_NOT_IMPUTE_ZERO,UNASSIGNED,PROPOSED_NO_MEASURED_ROI
DGEF/artifacts/tables/01_identity_relations/registry_entity.csv,registry_entity,7,valid_to,DGEF_EXPORT,04420826021a2a402388eeec1af70e6b082d7e92c2dfb0aec2635ef8b9e65971,5593,5593,0,現實關係／記錄的有效起訖；未知終止時間留空，不當已終止,PROPOSED_CONTEXT_REVIEW,build_semantic_catalog.py: explicit proposed glossary,一个不因改名迁址换号的实体,歷史狀態重建,SOURCE_DATE_OR_TIMESTAMP,TEXT,0,0,UNKNOWN_NOT_APPLICABLE_OR_NOT_RECORDED; DO_NOT_IMPUTE_ZERO,UNASSIGNED,PROPOSED_NO_MEASURED_ROI
DGEF/artifacts/tables/01_identity_relations/registry_entity.csv,registry_entity,8,transaction_time,DGEF_EXPORT,04420826021a2a402388eeec1af70e6b082d7e92c2dfb0aec2635ef8b9e65971,5593,0,478,資料系統記錄時間；與現實事件發生時間不同,PROPOSED_CONTEXT_REVIEW,build_semantic_catalog.py: explicit proposed glossary,一个不因改名迁址换号的实体,雙時間追溯,SOURCE_TIMESTAMP,TEXT,1,0,UNKNOWN_NOT_APPLICABLE_OR_NOT_RECORDED; DO_NOT_IMPUTE_ZERO,UNASSIGNED,PROPOSED_NO_MEASURED_ROI
DGEF/artifacts/tables/01_identity_relations/registry_entity_alias.csv,registry_entity_alias,1,alias_id,DGEF_EXPORT,eb4e48a37c51fb7ef0638531486a5d6b12cb6bb85c3fa83c2c191777dfb195f1,969,0,969,alias id；定义受所属表粒度与SQL约束限定,DOCUMENTED_GENERIC_REVIEW,DGEF/contracts/data_dictionary.csv: registry_entity_alias.alias_id,实体的一个有时间别名,待資料負責人確認,UNKNOWN,TEXT,1,1,UNKNOWN_NOT_APPLICABLE_OR_NOT_RECORDED; DO_NOT_IMPUTE_ZERO,UNASSIGNED,PROPOSED_NO_MEASURED_ROI
DGEF/artifacts/tables/01_identity_relations/registry_entity_alias.csv,registry_entity_alias,2,entity_id,DGEF_EXPORT,eb4e48a37c51fb7ef0638531486a5d6b12cb6bb85c3fa83c2c191777dfb195f1,969,0,500,穩定內部實體識別鍵；命名空間及對象依所屬表，不以相似名稱自動合併,PROPOSED_CONTEXT_REVIEW,build_semantic_catalog.py: explicit proposed glossary,实体的一个有时间别名,跨表實體追溯,NOT_APPLICABLE,TEXT,1,0,UNKNOWN_NOT_APPLICABLE_OR_NOT_RECORDED; DO_NOT_IMPUTE_ZERO,UNASSIGNED,PROPOSED_NO_MEASURED_ROI
DGEF/artifacts/tables/01_identity_relations/registry_entity_alias.csv,registry_entity_alias,3,alias,DGEF_EXPORT,eb4e48a37c51fb7ef0638531486a5d6b12cb6bb85c3fa83c2c191777dfb195f1,969,0,962,alias；定义受所属表粒度与SQL约束限定,DOCUMENTED_GENERIC_REVIEW,DGEF/contracts/data_dictionary.csv: registry_entity_alias.alias,实体的一个有时间别名,待資料負責人確認,UNKNOWN,TEXT,1,0,UNKNOWN_NOT_APPLICABLE_OR_NOT_RECORDED; DO_NOT_IMPUTE_ZERO,UNASSIGNED,PROPOSED_NO_MEASURED_ROI
DGEF/artifacts/tables/01_identity_relations/registry_entity_alias.csv,registry_entity_alias,4,language_tag,DGEF_EXPORT,eb4e48a37c51fb7ef0638531486a5d6b12cb6bb85c3fa83c2c191777dfb195f1,969,0,36,language tag；定义受所属表粒度与SQL约束限定,DOCUMENTED_GENERIC_REVIEW,DGEF/contracts/data_dictionary.csv: registry_entity_alias.language_tag,实体的一个有时间别名,待資料負責人確認,UNKNOWN,TEXT,1,0,UNKNOWN_NOT_APPLICABLE_OR_NOT_RECORDED; DO_NOT_IMPUTE_ZERO,UNASSIGNED,PROPOSED_NO_MEASURED_ROI
DGEF/artifacts/tables/01_identity_relations/registry_entity_alias.csv,registry_entity_alias,5,alias_kind,DGEF_EXPORT,eb4e48a37c51fb7ef0638531486a5d6b12cb6bb85c3fa83c2c191777dfb195f1,969,0,10,alias kind；定义受所属表粒度与SQL约束限定,DOCUMENTED_GENERIC_REVIEW,DGEF/contracts/data_dictionary.csv: registry_entity_alias.alias_kind,实体的一个有时间别名,待資料負責人確認,UNKNOWN,TEXT,1,0,UNKNOWN_NOT_APPLICABLE_OR_NOT_RECORDED; DO_NOT_IMPUTE_ZERO,UNASSIGNED,PROPOSED_NO_MEASURED_ROI
DGEF/artifacts/tables/01_identity_relations/registry_entity_alias.csv,registry_entity_alias,6,source_id,DGEF_EXPORT,eb4e48a37c51fb7ef0638531486a5d6b12cb6bb85c3fa83c2c191777dfb195f1,969,0,14,來源登記鍵；僅指來源，不代表該來源全部說法已核實,PROPOSED_CONTEXT_REVIEW,build_semantic_catalog.py: explicit proposed glossary,实体的一个有时间别名,主張證據追溯,NOT_APPLICABLE,TEXT,1,0,UNKNOWN_NOT_APPLICABLE_OR_NOT_RECORDED; DO_NOT_IMPUTE_ZERO,UNASSIGNED,PROPOSED_NO_MEASURED_ROI
DGEF/artifacts/tables/01_identity_relations/registry_entity_alias.csv,registry_entity_alias,7,evidence_state,DGEF_EXPORT,eb4e48a37c51fb7ef0638531486a5d6b12cb6bb85c3fa83c2c191777dfb195f1,969,0,2,特定記錄或主張的證據狀態；VERIFIED 僅限可定位範圍,PROPOSED_CONTEXT_REVIEW,build_semantic_catalog.py: explicit proposed glossary,实体的一个有时间别名,隔離未知、宣稱與核實,NOT_APPLICABLE,TEXT,1,0,UNKNOWN_NOT_APPLICABLE_OR_NOT_RECORDED; DO_NOT_IMPUTE_ZERO,UNASSIGNED,PROPOSED_NO_MEASURED_ROI
DGEF/artifacts/tables/01_identity_relations/registry_entity_alias.csv,registry_entity_alias,8,valid_from,DGEF_EXPORT,eb4e48a37c51fb7ef0638531486a5d6b12cb6bb85c3fa83c2c191777dfb195f1,969,0,1,現實關係／記錄的有效起訖；未知終止時間留空，不當已終止,PROPOSED_CONTEXT_REVIEW,build_semantic_catalog.py: explicit proposed glossary,实体的一个有时间别名,歷史狀態重建,SOURCE_DATE_OR_TIMESTAMP,TEXT,1,0,UNKNOWN_NOT_APPLICABLE_OR_NOT_RECORDED; DO_NOT_IMPUTE_ZERO,UNASSIGNED,PROPOSED_NO_MEASURED_ROI
DGEF/artifacts/tables/01_identity_relations/registry_entity_alias.csv,registry_entity_alias,9,valid_to,DGEF_EXPORT,eb4e48a37c51fb7ef0638531486a5d6b12cb6bb85c3fa83c2c191777dfb195f1,969,969,0,現實關係／記錄的有效起訖；未知終止時間留空，不當已終止,PROPOSED_CONTEXT_REVIEW,build_semantic_catalog.py: explicit proposed glossary,实体的一个有时间别名,歷史狀態重建,SOURCE_DATE_OR_TIMESTAMP,TEXT,0,0,UNKNOWN_NOT_APPLICABLE_OR_NOT_RECORDED; DO_NOT_IMPUTE_ZERO,UNASSIGNED,PROPOSED_NO_MEASURED_ROI
DGEF/artifacts/tables/01_identity_relations/registry_entity_alias.csv,registry_entity_alias,10,transaction_time,DGEF_EXPORT,eb4e48a37c51fb7ef0638531486a5d6b12cb6bb85c3fa83c2c191777dfb195f1,969,0,207,資料系統記錄時間；與現實事件發生時間不同,PROPOSED_CONTEXT_REVIEW,build_semantic_catalog.py: explicit proposed glossary,实体的一个有时间别名,雙時間追溯,SOURCE_TIMESTAMP,TEXT,1,0,UNKNOWN_NOT_APPLICABLE_OR_NOT_RECORDED; DO_NOT_IMPUTE_ZERO,UNASSIGNED,PROPOSED_NO_MEASURED_ROI
DGEF/artifacts/tables/01_identity_relations/registry_entity_relation.csv,registry_entity_relation,1,relation_id,DGEF_EXPORT,0a81102f7b411a5253d4d7233c84aa6cfb8181101f687075a58c185dd84c2e1f,38,0,38,relation id；定义受所属表粒度与SQL约束限定,DOCUMENTED_GENERIC_REVIEW,DGEF/contracts/data_dictionary.csv: registry_entity_relation.relation_id,一条有来源与双时间的有向关系,待資料負責人確認,UNKNOWN,TEXT,1,1,UNKNOWN_NOT_APPLICABLE_OR_NOT_RECORDED; DO_NOT_IMPUTE_ZERO,UNASSIGNED,PROPOSED_NO_MEASURED_ROI
DGEF/artifacts/tables/01_identity_relations/registry_entity_relation.csv,registry_entity_relation,2,subject_entity_id,DGEF_EXPORT,0a81102f7b411a5253d4d7233c84aa6cfb8181101f687075a58c185dd84c2e1f,38,0,28,subject entity id；定义受所属表粒度与SQL约束限定,DOCUMENTED_GENERIC_REVIEW,DGEF/contracts/data_dictionary.csv: registry_entity_relation.subject_entity_id,一条有来源与双时间的有向关系,待資料負責人確認,UNKNOWN,TEXT,1,0,UNKNOWN_NOT_APPLICABLE_OR_NOT_RECORDED; DO_NOT_IMPUTE_ZERO,UNASSIGNED,PROPOSED_NO_MEASURED_ROI
DGEF/artifacts/tables/01_identity_relations/registry_entity_relation.csv,registry_entity_relation,3,predicate,DGEF_EXPORT,0a81102f7b411a5253d4d7233c84aa6cfb8181101f687075a58c185dd84c2e1f,38,0,3,predicate；定义受所属表粒度与SQL约束限定,DOCUMENTED_GENERIC_REVIEW,DGEF/contracts/data_dictionary.csv: registry_entity_relation.predicate,一条有来源与双时间的有向关系,待資料負責人確認,UNKNOWN,TEXT,1,0,UNKNOWN_NOT_APPLICABLE_OR_NOT_RECORDED; DO_NOT_IMPUTE_ZERO,UNASSIGNED,PROPOSED_NO_MEASURED_ROI
DGEF/artifacts/tables/01_identity_relations/registry_entity_relation.csv,registry_entity_relation,4,object_entity_id,DGEF_EXPORT,0a81102f7b411a5253d4d7233c84aa6cfb8181101f687075a58c185dd84c2e1f,38,0,28,object entity id；定义受所属表粒度与SQL约束限定,DOCUMENTED_GENERIC_REVIEW,DGEF/contracts/data_dictionary.csv: registry_entity_relation.object_entity_id,一条有来源与双时间的有向关系,待資料負責人確認,UNKNOWN,TEXT,1,0,UNKNOWN_NOT_APPLICABLE_OR_NOT_RECORDED; DO_NOT_IMPUTE_ZERO,UNASSIGNED,PROPOSED_NO_MEASURED_ROI
DGEF/artifacts/tables/01_identity_relations/registry_entity_relation.csv,registry_entity_relation,5,source_id,DGEF_EXPORT,0a81102f7b411a5253d4d7233c84aa6cfb8181101f687075a58c185dd84c2e1f,38,0,6,來源登記鍵；僅指來源，不代表該來源全部說法已核實,PROPOSED_CONTEXT_REVIEW,build_semantic_catalog.py: explicit proposed glossary,一条有来源与双时间的有向关系,主張證據追溯,NOT_APPLICABLE,TEXT,1,0,UNKNOWN_NOT_APPLICABLE_OR_NOT_RECORDED; DO_NOT_IMPUTE_ZERO,UNASSIGNED,PROPOSED_NO_MEASURED_ROI
DGEF/artifacts/tables/01_identity_relations/registry_entity_relation.csv,registry_entity_relation,6,evidence_state,DGEF_EXPORT,0a81102f7b411a5253d4d7233c84aa6cfb8181101f687075a58c185dd84c2e1f,38,0,1,特定記錄或主張的證據狀態；VERIFIED 僅限可定位範圍,PROPOSED_CONTEXT_REVIEW,build_semantic_catalog.py: explicit proposed glossary,一条有来源与双时间的有向关系,隔離未知、宣稱與核實,NOT_APPLICABLE,TEXT,1,0,UNKNOWN_NOT_APPLICABLE_OR_NOT_RECORDED; DO_NOT_IMPUTE_ZERO,UNASSIGNED,PROPOSED_NO_MEASURED_ROI
DGEF/artifacts/tables/01_identity_relations/registry_entity_relation.csv,registry_entity_relation,7,valid_from,DGEF_EXPORT,0a81102f7b411a5253d4d7233c84aa6cfb8181101f687075a58c185dd84c2e1f,38,0,1,現實關係／記錄的有效起訖；未知終止時間留空，不當已終止,PROPOSED_CONTEXT_REVIEW,build_semantic_catalog.py: explicit proposed glossary,一条有来源与双时间的有向关系,歷史狀態重建,SOURCE_DATE_OR_TIMESTAMP,TEXT,1,0,UNKNOWN_NOT_APPLICABLE_OR_NOT_RECORDED; DO_NOT_IMPUTE_ZERO,UNASSIGNED,PROPOSED_NO_MEASURED_ROI
DGEF/artifacts/tables/01_identity_relations/registry_entity_relation.csv,registry_entity_relation,8,valid_to,DGEF_EXPORT,0a81102f7b411a5253d4d7233c84aa6cfb8181101f687075a58c185dd84c2e1f,38,38,0,現實關係／記錄的有效起訖；未知終止時間留空，不當已終止,PROPOSED_CONTEXT_REVIEW,build_semantic_catalog.py: explicit proposed glossary,一条有来源与双时间的有向关系,歷史狀態重建,SOURCE_DATE_OR_TIMESTAMP,TEXT,0,0,UNKNOWN_NOT_APPLICABLE_OR_NOT_RECORDED; DO_NOT_IMPUTE_ZERO,UNASSIGNED,PROPOSED_NO_MEASURED_ROI
DGEF/artifacts/tables/01_identity_relations/registry_entity_relation.csv,registry_entity_relation,9,transaction_time,DGEF_EXPORT,0a81102f7b411a5253d4d7233c84aa6cfb8181101f687075a58c185dd84c2e1f,38,0,2,資料系統記錄時間；與現實事件發生時間不同,PROPOSED_CONTEXT_REVIEW,build_semantic_catalog.py: explicit proposed glossary,一条有来源与双时间的有向关系,雙時間追溯,SOURCE_TIMESTAMP,TEXT,1,0,UNKNOWN_NOT_APPLICABLE_OR_NOT_RECORDED; DO_NOT_IMPUTE_ZERO,UNASSIGNED,PROPOSED_NO_MEASURED_ROI
DGEF/artifacts/tables/01_identity_relations/registry_entity_status_history.csv,registry_entity_status_history,1,history_id,DGEF_EXPORT,e31c6379f1a6bec2c6c6e4d09368d5a5f6f945bce3f041bb33ef7749f5e35d55,252,0,252,history id；定义受所属表粒度与SQL约束限定,DOCUMENTED_GENERIC_REVIEW,DGEF/contracts/data_dictionary.csv: registry_entity_status_history.history_id,一次状态时期,待資料負責人確認,UNKNOWN,TEXT,1,1,UNKNOWN_NOT_APPLICABLE_OR_NOT_RECORDED; DO_NOT_IMPUTE_ZERO,UNASSIGNED,PROPOSED_NO_MEASURED_ROI
DGEF/artifacts/tables/01_identity_relations/registry_entity_status_history.csv,registry_entity_status_history,2,entity_id,DGEF_EXPORT,e31c6379f1a6bec2c6c6e4d09368d5a5f6f945bce3f041bb33ef7749f5e35d55,252,0,251,穩定內部實體識別鍵；命名空間及對象依所屬表，不以相似名稱自動合併,PROPOSED_CONTEXT_REVIEW,build_semantic_catalog.py: explicit proposed glossary,一次状态时期,跨表實體追溯,NOT_APPLICABLE,TEXT,1,0,UNKNOWN_NOT_APPLICABLE_OR_NOT_RECORDED; DO_NOT_IMPUTE_ZERO,UNASSIGNED,PROPOSED_NO_MEASURED_ROI
DGEF/artifacts/tables/01_identity_relations/registry_entity_status_history.csv,registry_entity_status_history,3,status,DGEF_EXPORT,e31c6379f1a6bec2c6c6e4d09368d5a5f6f945bce3f041bb33ef7749f5e35d55,252,0,2,status；定义受所属表粒度与SQL约束限定,DOCUMENTED_GENERIC_REVIEW,DGEF/contracts/data_dictionary.csv: registry_entity_status_history.status,一次状态时期,待資料負責人確認,UNKNOWN,TEXT,1,0,UNKNOWN_NOT_APPLICABLE_OR_NOT_RECORDED; DO_NOT_IMPUTE_ZERO,UNASSIGNED,PROPOSED_NO_MEASURED_ROI
DGEF/artifacts/tables/01_identity_relations/registry_entity_status_history.csv,registry_entity_status_history,4,source_id,DGEF_EXPORT,e31c6379f1a6bec2c6c6e4d09368d5a5f6f945bce3f041bb33ef7749f5e35d55,252,0,13,來源登記鍵；僅指來源，不代表該來源全部說法已核實,PROPOSED_CONTEXT_REVIEW,build_semantic_catalog.py: explicit proposed glossary,一次状态时期,主張證據追溯,NOT_APPLICABLE,TEXT,1,0,UNKNOWN_NOT_APPLICABLE_OR_NOT_RECORDED; DO_NOT_IMPUTE_ZERO,UNASSIGNED,PROPOSED_NO_MEASURED_ROI
DGEF/artifacts/tables/01_identity_relations/registry_entity_status_history.csv,registry_entity_status_history,5,evidence_state,DGEF_EXPORT,e31c6379f1a6bec2c6c6e4d09368d5a5f6f945bce3f041bb33ef7749f5e35d55,252,0,1,特定記錄或主張的證據狀態；VERIFIED 僅限可定位範圍,PROPOSED_CONTEXT_REVIEW,build_semantic_catalog.py: explicit proposed glossary,一次状态时期,隔離未知、宣稱與核實,NOT_APPLICABLE,TEXT,1,0,UNKNOWN_NOT_APPLICABLE_OR_NOT_RECORDED; DO_NOT_IMPUTE_ZERO,UNASSIGNED,PROPOSED_NO_MEASURED_ROI
DGEF/artifacts/tables/01_identity_relations/registry_entity_status_history.csv,registry_entity_status_history,6,valid_from,DGEF_EXPORT,e31c6379f1a6bec2c6c6e4d09368d5a5f6f945bce3f041bb33ef7749f5e35d55,252,0,1,現實關係／記錄的有效起訖；未知終止時間留空，不當已終止,PROPOSED_CONTEXT_REVIEW,build_semantic_catalog.py: explicit proposed glossary,一次状态时期,歷史狀態重建,SOURCE_DATE_OR_TIMESTAMP,TEXT,1,0,UNKNOWN_NOT_APPLICABLE_OR_NOT_RECORDED; DO_NOT_IMPUTE_ZERO,UNASSIGNED,PROPOSED_NO_MEASURED_ROI
DGEF/artifacts/tables/01_identity_relations/registry_entity_status_history.csv,registry_entity_status_history,7,valid_to,DGEF_EXPORT,e31c6379f1a6bec2c6c6e4d09368d5a5f6f945bce3f041bb33ef7749f5e35d55,252,252,0,現實關係／記錄的有效起訖；未知終止時間留空，不當已終止,PROPOSED_CONTEXT_REVIEW,build_semantic_catalog.py: explicit proposed glossary,一次状态时期,歷史狀態重建,SOURCE_DATE_OR_TIMESTAMP,TEXT,0,0,UNKNOWN_NOT_APPLICABLE_OR_NOT_RECORDED; DO_NOT_IMPUTE_ZERO,UNASSIGNED,PROPOSED_NO_MEASURED_ROI
DGEF/artifacts/tables/01_identity_relations/registry_entity_status_history.csv,registry_entity_status_history,8,transaction_time,DGEF_EXPORT,e31c6379f1a6bec2c6c6e4d09368d5a5f6f945bce3f041bb33ef7749f5e35d55,252,0,67,資料系統記錄時間；與現實事件發生時間不同,PROPOSED_CONTEXT_REVIEW,build_semantic_catalog.py: explicit proposed glossary,一次状态时期,雙時間追溯,SOURCE_TIMESTAMP,TEXT,1,0,UNKNOWN_NOT_APPLICABLE_OR_NOT_RECORDED; DO_NOT_IMPUTE_ZERO,UNASSIGNED,PROPOSED_NO_MEASURED_ROI
DGEF/artifacts/tables/01_identity_relations/registry_entity_type.csv,registry_entity_type,1,type_code,DGEF_EXPORT,b54546ead8257014f8c4e4779621f5a0f6d1f050656366eca48f592335a06af7,16,0,16,type code；定义受所属表粒度与SQL约束限定,DOCUMENTED_GENERIC_REVIEW,DGEF/contracts/data_dictionary.csv: registry_entity_type.type_code,一种实体类型,待資料負責人確認,UNKNOWN,TEXT,1,1,UNKNOWN_NOT_APPLICABLE_OR_NOT_RECORDED; DO_NOT_IMPUTE_ZERO,UNASSIGNED,PROPOSED_NO_MEASURED_ROI
DGEF/artifacts/tables/01_identity_relations/registry_entity_type.csv,registry_entity_type,2,name_zh,DGEF_EXPORT,b54546ead8257014f8c4e4779621f5a0f6d1f050656366eca48f592335a06af7,16,0,16,name zh；定义受所属表粒度与SQL约束限定,DOCUMENTED_GENERIC_REVIEW,DGEF/contracts/data_dictionary.csv: registry_entity_type.name_zh,一种实体类型,待資料負責人確認,UNKNOWN,TEXT,1,0,UNKNOWN_NOT_APPLICABLE_OR_NOT_RECORDED; DO_NOT_IMPUTE_ZERO,UNASSIGNED,PROPOSED_NO_MEASURED_ROI
DGEF/artifacts/tables/01_identity_relations/registry_external_id.csv,registry_external_id,1,external_key,DGEF_EXPORT,0215ee36fe943d34f49852c4e22e20ccb2f9c39a59625c91cdd9ed3c51f6ed96,433,0,433,外部識別碼、命名空間或其版本；外部ID必須帶來源與版本,PROPOSED_CONTEXT_REVIEW,build_semantic_catalog.py: explicit proposed glossary,尚可不绑定实体的外部ID,避免跨庫串號,NOT_APPLICABLE,TEXT,1,1,UNKNOWN_NOT_APPLICABLE_OR_NOT_RECORDED; DO_NOT_IMPUTE_ZERO,UNASSIGNED,PROPOSED_NO_MEASURED_ROI
DGEF/artifacts/tables/01_identity_relations/registry_external_id.csv,registry_external_id,2,id_system,DGEF_EXPORT,0215ee36fe943d34f49852c4e22e20ccb2f9c39a59625c91cdd9ed3c51f6ed96,433,0,4,外部識別碼、命名空間或其版本；外部ID必須帶來源與版本,PROPOSED_CONTEXT_REVIEW,build_semantic_catalog.py: explicit proposed glossary,尚可不绑定实体的外部ID,避免跨庫串號,NOT_APPLICABLE,TEXT,1,0,UNKNOWN_NOT_APPLICABLE_OR_NOT_RECORDED; DO_NOT_IMPUTE_ZERO,UNASSIGNED,PROPOSED_NO_MEASURED_ROI
DGEF/artifacts/tables/01_identity_relations/registry_external_id.csv,registry_external_id,3,external_id,DGEF_EXPORT,0215ee36fe943d34f49852c4e22e20ccb2f9c39a59625c91cdd9ed3c51f6ed96,433,0,429,外部識別碼、命名空間或其版本；外部ID必須帶來源與版本,PROPOSED_CONTEXT_REVIEW,build_semantic_catalog.py: explicit proposed glossary,尚可不绑定实体的外部ID,避免跨庫串號,NOT_APPLICABLE,TEXT,1,0,UNKNOWN_NOT_APPLICABLE_OR_NOT_RECORDED; DO_NOT_IMPUTE_ZERO,UNASSIGNED,PROPOSED_NO_MEASURED_ROI
DGEF/artifacts/tables/01_identity_relations/registry_external_id.csv,registry_external_id,4,external_version,DGEF_EXPORT,0215ee36fe943d34f49852c4e22e20ccb2f9c39a59625c91cdd9ed3c51f6ed96,433,0,8,外部識別碼、命名空間或其版本；外部ID必須帶來源與版本,PROPOSED_CONTEXT_REVIEW,build_semantic_catalog.py: explicit proposed glossary,尚可不绑定实体的外部ID,避免跨庫串號,NOT_APPLICABLE,TEXT,1,0,UNKNOWN_NOT_APPLICABLE_OR_NOT_RECORDED; DO_NOT_IMPUTE_ZERO,UNASSIGNED,PROPOSED_NO_MEASURED_ROI
DGEF/artifacts/tables/01_identity_relations/registry_external_id.csv,registry_external_id,5,source_id,DGEF_EXPORT,0215ee36fe943d34f49852c4e22e20ccb2f9c39a59625c91cdd9ed3c51f6ed96,433,0,8,來源登記鍵；僅指來源，不代表該來源全部說法已核實,PROPOSED_CONTEXT_REVIEW,build_semantic_catalog.py: explicit proposed glossary,尚可不绑定实体的外部ID,主張證據追溯,NOT_APPLICABLE,TEXT,1,0,UNKNOWN_NOT_APPLICABLE_OR_NOT_RECORDED; DO_NOT_IMPUTE_ZERO,UNASSIGNED,PROPOSED_NO_MEASURED_ROI
DGEF/artifacts/tables/01_identity_relations/registry_external_id.csv,registry_external_id,6,evidence_state,DGEF_EXPORT,0215ee36fe943d34f49852c4e22e20ccb2f9c39a59625c91cdd9ed3c51f6ed96,433,0,1,特定記錄或主張的證據狀態；VERIFIED 僅限可定位範圍,PROPOSED_CONTEXT_REVIEW,build_semantic_catalog.py: explicit proposed glossary,尚可不绑定实体的外部ID,隔離未知、宣稱與核實,NOT_APPLICABLE,TEXT,1,0,UNKNOWN_NOT_APPLICABLE_OR_NOT_RECORDED; DO_NOT_IMPUTE_ZERO,UNASSIGNED,PROPOSED_NO_MEASURED_ROI
DGEF/artifacts/tables/01_identity_relations/registry_external_id.csv,registry_external_id,7,valid_from,DGEF_EXPORT,0215ee36fe943d34f49852c4e22e20ccb2f9c39a59625c91cdd9ed3c51f6ed96,433,0,1,現實關係／記錄的有效起訖；未知終止時間留空，不當已終止,PROPOSED_CONTEXT_REVIEW,build_semantic_catalog.py: explicit proposed glossary,尚可不绑定实体的外部ID,歷史狀態重建,SOURCE_DATE_OR_TIMESTAMP,TEXT,1,0,UNKNOWN_NOT_APPLICABLE_OR_NOT_RECORDED; DO_NOT_IMPUTE_ZERO,UNASSIGNED,PROPOSED_NO_MEASURED_ROI
DGEF/artifacts/tables/01_identity_relations/registry_external_id.csv,registry_external_id,8,valid_to,DGEF_EXPORT,0215ee36fe943d34f49852c4e22e20ccb2f9c39a59625c91cdd9ed3c51f6ed96,433,433,0,現實關係／記錄的有效起訖；未知終止時間留空，不當已終止,PROPOSED_CONTEXT_REVIEW,build_semantic_catalog.py: explicit proposed glossary,尚可不绑定实体的外部ID,歷史狀態重建,SOURCE_DATE_OR_TIMESTAMP,TEXT,0,0,UNKNOWN_NOT_APPLICABLE_OR_NOT_RECORDED; DO_NOT_IMPUTE_ZERO,UNASSIGNED,PROPOSED_NO_MEASURED_ROI
DGEF/artifacts/tables/01_identity_relations/registry_external_id.csv,registry_external_id,9,transaction_time,DGEF_EXPORT,0215ee36fe943d34f49852c4e22e20ccb2f9c39a59625c91cdd9ed3c51f6ed96,433,0,78,資料系統記錄時間；與現實事件發生時間不同,PROPOSED_CONTEXT_REVIEW,build_semantic_catalog.py: explicit proposed glossary,尚可不绑定实体的外部ID,雙時間追溯,SOURCE_TIMESTAMP,TEXT,1,0,UNKNOWN_NOT_APPLICABLE_OR_NOT_RECORDED; DO_NOT_IMPUTE_ZERO,UNASSIGNED,PROPOSED_NO_MEASURED_ROI
DGEF/artifacts/tables/02_sources_evidence/registry_claim.csv,registry_claim,1,claim_id,DGEF_EXPORT,7697f70cb5fb8bfb509dc4e18b0f7ef33c4e68e6d6ef27221d0fd82f2138cffb,343,0,343,一項可定位主張的識別鍵；真偽與有效範圍另列,PROPOSED_CONTEXT_REVIEW,build_semantic_catalog.py: explicit proposed glossary,一条可以被支持或反驳的主张,主張審核與衝突管理,NOT_APPLICABLE,TEXT,1,1,UNKNOWN_NOT_APPLICABLE_OR_NOT_RECORDED; DO_NOT_IMPUTE_ZERO,UNASSIGNED,PROPOSED_NO_MEASURED_ROI
DGEF/artifacts/tables/02_sources_evidence/registry_claim.csv,registry_claim,2,subject_entity_id,DGEF_EXPORT,7697f70cb5fb8bfb509dc4e18b0f7ef33c4e68e6d6ef27221d0fd82f2138cffb,343,11,286,subject entity id；定义受所属表粒度与SQL约束限定,DOCUMENTED_GENERIC_REVIEW,DGEF/contracts/data_dictionary.csv: registry_claim.subject_entity_id,一条可以被支持或反驳的主张,待資料負責人確認,UNKNOWN,TEXT,0,0,UNKNOWN_NOT_APPLICABLE_OR_NOT_RECORDED; DO_NOT_IMPUTE_ZERO,UNASSIGNED,PROPOSED_NO_MEASURED_ROI
DGEF/artifacts/tables/02_sources_evidence/registry_claim.csv,registry_claim,3,predicate,DGEF_EXPORT,7697f70cb5fb8bfb509dc4e18b0f7ef33c4e68e6d6ef27221d0fd82f2138cffb,343,0,25,predicate；定义受所属表粒度与SQL约束限定,DOCUMENTED_GENERIC_REVIEW,DGEF/contracts/data_dictionary.csv: registry_claim.predicate,一条可以被支持或反驳的主张,待資料負責人確認,UNKNOWN,TEXT,1,0,UNKNOWN_NOT_APPLICABLE_OR_NOT_RECORDED; DO_NOT_IMPUTE_ZERO,UNASSIGNED,PROPOSED_NO_MEASURED_ROI
DGEF/artifacts/tables/02_sources_evidence/registry_claim.csv,registry_claim,4,value_json,DGEF_EXPORT,7697f70cb5fb8bfb509dc4e18b0f7ef33c4e68e6d6ef27221d0fd82f2138cffb,343,0,329,value json；定义受所属表粒度与SQL约束限定,DOCUMENTED_GENERIC_REVIEW,DGEF/contracts/data_dictionary.csv: registry_claim.value_json,一条可以被支持或反驳的主张,待資料負責人確認,UNKNOWN,TEXT,1,0,UNKNOWN_NOT_APPLICABLE_OR_NOT_RECORDED; DO_NOT_IMPUTE_ZERO,UNASSIGNED,PROPOSED_NO_MEASURED_ROI
DGEF/artifacts/tables/02_sources_evidence/registry_claim.csv,registry_claim,5,confidence,DGEF_EXPORT,7697f70cb5fb8bfb509dc4e18b0f7ef33c4e68e6d6ef27221d0fd82f2138cffb,343,343,0,confidence；定义受所属表粒度与SQL约束限定,DOCUMENTED_GENERIC_REVIEW,DGEF/contracts/data_dictionary.csv: registry_claim.confidence,一条可以被支持或反驳的主张,待資料負責人確認,UNKNOWN,REAL,0,0,UNKNOWN_NOT_APPLICABLE_OR_NOT_RECORDED; DO_NOT_IMPUTE_ZERO,UNASSIGNED,PROPOSED_NO_MEASURED_ROI
DGEF/artifacts/tables/02_sources_evidence/registry_claim.csv,registry_claim,6,claim_status,DGEF_EXPORT,7697f70cb5fb8bfb509dc4e18b0f7ef33c4e68e6d6ef27221d0fd82f2138cffb,343,0,2,特定記錄或主張的證據狀態；VERIFIED 僅限可定位範圍,PROPOSED_CONTEXT_REVIEW,build_semantic_catalog.py: explicit proposed glossary,一条可以被支持或反驳的主张,隔離未知、宣稱與核實,NOT_APPLICABLE,TEXT,1,0,UNKNOWN_NOT_APPLICABLE_OR_NOT_RECORDED; DO_NOT_IMPUTE_ZERO,UNASSIGNED,PROPOSED_NO_MEASURED_ROI
DGEF/artifacts/tables/02_sources_evidence/registry_claim.csv,registry_claim,7,source_id,DGEF_EXPORT,7697f70cb5fb8bfb509dc4e18b0f7ef33c4e68e6d6ef27221d0fd82f2138cffb,343,0,31,來源登記鍵；僅指來源，不代表該來源全部說法已核實,PROPOSED_CONTEXT_REVIEW,build_semantic_catalog.py: explicit proposed glossary,一条可以被支持或反驳的主张,主張證據追溯,NOT_APPLICABLE,TEXT,1,0,UNKNOWN_NOT_APPLICABLE_OR_NOT_RECORDED; DO_NOT_IMPUTE_ZERO,UNASSIGNED,PROPOSED_NO_MEASURED_ROI
DGEF/artifacts/tables/02_sources_evidence/registry_claim.csv,registry_claim,8,evidence_state,DGEF_EXPORT,7697f70cb5fb8bfb509dc4e18b0f7ef33c4e68e6d6ef27221d0fd82f2138cffb,343,0,2,特定記錄或主張的證據狀態；VERIFIED 僅限可定位範圍,PROPOSED_CONTEXT_REVIEW,build_semantic_catalog.py: explicit proposed glossary,一条可以被支持或反驳的主张,隔離未知、宣稱與核實,NOT_APPLICABLE,TEXT,1,0,UNKNOWN_NOT_APPLICABLE_OR_NOT_RECORDED; DO_NOT_IMPUTE_ZERO,UNASSIGNED,PROPOSED_NO_MEASURED_ROI
DGEF/artifacts/tables/02_sources_evidence/registry_claim.csv,registry_claim,9,valid_from,DGEF_EXPORT,7697f70cb5fb8bfb509dc4e18b0f7ef33c4e68e6d6ef27221d0fd82f2138cffb,343,0,6,現實關係／記錄的有效起訖；未知終止時間留空，不當已終止,PROPOSED_CONTEXT_REVIEW,build_semantic_catalog.py: explicit proposed glossary,一条可以被支持或反驳的主张,歷史狀態重建,SOURCE_DATE_OR_TIMESTAMP,TEXT,1,0,UNKNOWN_NOT_APPLICABLE_OR_NOT_RECORDED; DO_NOT_IMPUTE_ZERO,UNASSIGNED,PROPOSED_NO_MEASURED_ROI
DGEF/artifacts/tables/02_sources_evidence/registry_claim.csv,registry_claim,10,valid_to,DGEF_EXPORT,7697f70cb5fb8bfb509dc4e18b0f7ef33c4e68e6d6ef27221d0fd82f2138cffb,343,343,0,現實關係／記錄的有效起訖；未知終止時間留空，不當已終止,PROPOSED_CONTEXT_REVIEW,build_semantic_catalog.py: explicit proposed glossary,一条可以被支持或反驳的主张,歷史狀態重建,SOURCE_DATE_OR_TIMESTAMP,TEXT,0,0,UNKNOWN_NOT_APPLICABLE_OR_NOT_RECORDED; DO_NOT_IMPUTE_ZERO,UNASSIGNED,PROPOSED_NO_MEASURED_ROI
DGEF/artifacts/tables/02_sources_evidence/registry_claim.csv,registry_claim,11,transaction_time,DGEF_EXPORT,7697f70cb5fb8bfb509dc4e18b0f7ef33c4e68e6d6ef27221d0fd82f2138cffb,343,0,142,資料系統記錄時間；與現實事件發生時間不同,PROPOSED_CONTEXT_REVIEW,build_semantic_catalog.py: explicit proposed glossary,一条可以被支持或反驳的主张,雙時間追溯,SOURCE_TIMESTAMP,TEXT,1,0,UNKNOWN_NOT_APPLICABLE_OR_NOT_RECORDED; DO_NOT_IMPUTE_ZERO,UNASSIGNED,PROPOSED_NO_MEASURED_ROI
DGEF/artifacts/tables/02_sources_evidence/registry_dataset.csv,registry_dataset,1,dataset_id,DGEF_EXPORT,ff351227b3f18cae6d777f28c2e94ea0f8558ec4fda253b434a8a0a5085dd48b,29,0,29,資料集登記鍵；版本與來源由資料集表限定,PROPOSED_CONTEXT_REVIEW,build_semantic_catalog.py: explicit proposed glossary,一个数据集快照,重現加工輸入,NOT_APPLICABLE,TEXT,1,1,UNKNOWN_NOT_APPLICABLE_OR_NOT_RECORDED; DO_NOT_IMPUTE_ZERO,UNASSIGNED,PROPOSED_NO_MEASURED_ROI
DGEF/artifacts/tables/02_sources_evidence/registry_dataset.csv,registry_dataset,2,source_id,DGEF_EXPORT,ff351227b3f18cae6d777f28c2e94ea0f8558ec4fda253b434a8a0a5085dd48b,29,0,29,來源登記鍵；僅指來源，不代表該來源全部說法已核實,PROPOSED_CONTEXT_REVIEW,build_semantic_catalog.py: explicit proposed glossary,一个数据集快照,主張證據追溯,NOT_APPLICABLE,TEXT,1,0,UNKNOWN_NOT_APPLICABLE_OR_NOT_RECORDED; DO_NOT_IMPUTE_ZERO,UNASSIGNED,PROPOSED_NO_MEASURED_ROI
DGEF/artifacts/tables/02_sources_evidence/registry_dataset.csv,registry_dataset,3,dataset_version,DGEF_EXPORT,ff351227b3f18cae6d777f28c2e94ea0f8558ec4fda253b434a8a0a5085dd48b,29,0,27,dataset version；定义受所属表粒度与SQL约束限定,DOCUMENTED_GENERIC_REVIEW,DGEF/contracts/data_dictionary.csv: registry_dataset.dataset_version,一个数据集快照,待資料負責人確認,UNKNOWN,TEXT,1,0,UNKNOWN_NOT_APPLICABLE_OR_NOT_RECORDED; DO_NOT_IMPUTE_ZERO,UNASSIGNED,PROPOSED_NO_MEASURED_ROI
DGEF/artifacts/tables/02_sources_evidence/registry_dataset.csv,registry_dataset,4,file_sha256,DGEF_EXPORT,ff351227b3f18cae6d777f28c2e94ea0f8558ec4fda253b434a8a0a5085dd48b,29,0,29,內容指紋；完整性核對不能證明內容真實,PROPOSED_CONTEXT_REVIEW,build_semantic_catalog.py: explicit proposed glossary,一个数据集快照,版本與變更定位,HASH,TEXT,1,0,UNKNOWN_NOT_APPLICABLE_OR_NOT_RECORDED; DO_NOT_IMPUTE_ZERO,UNASSIGNED,PROPOSED_NO_MEASURED_ROI
DGEF/artifacts/tables/02_sources_evidence/registry_dataset.csv,registry_dataset,5,row_count,DGEF_EXPORT,ff351227b3f18cae6d777f28c2e94ea0f8558ec4fda253b434a8a0a5085dd48b,29,0,5,記錄列數或位元組數；不代表機構、資訊或成果數,PROPOSED_CONTEXT_REVIEW,build_semantic_catalog.py: explicit proposed glossary,一个数据集快照,完整性与儲存規劃,ROW_OR_BYTE_BY_COLUMN,INTEGER,1,0,UNKNOWN_NOT_APPLICABLE_OR_NOT_RECORDED; DO_NOT_IMPUTE_ZERO,UNASSIGNED,PROPOSED_NO_MEASURED_ROI
DGEF/artifacts/tables/02_sources_evidence/registry_dataset.csv,registry_dataset,6,imported_at,DGEF_EXPORT,ff351227b3f18cae6d777f28c2e94ea0f8558ec4fda253b434a8a0a5085dd48b,29,0,29,imported at；定义受所属表粒度与SQL约束限定,DOCUMENTED_GENERIC_REVIEW,DGEF/contracts/data_dictionary.csv: registry_dataset.imported_at,一个数据集快照,待資料負責人確認,UNKNOWN,TEXT,1,0,UNKNOWN_NOT_APPLICABLE_OR_NOT_RECORDED; DO_NOT_IMPUTE_ZERO,UNASSIGNED,PROPOSED_NO_MEASURED_ROI
DGEF/artifacts/tables/02_sources_evidence/registry_evidence_link.csv,registry_evidence_link,1,evidence_link_id,DGEF_EXPORT,dc35282505aadb5120cd58d6cc9694288794e2ea9fd03c558f5cba682b70cb58,343,0,343,evidence link id；定义受所属表粒度与SQL约束限定,DOCUMENTED_GENERIC_REVIEW,DGEF/contracts/data_dictionary.csv: registry_evidence_link.evidence_link_id,主张与证据的一条对应,待資料負責人確認,UNKNOWN,TEXT,1,1,UNKNOWN_NOT_APPLICABLE_OR_NOT_RECORDED; DO_NOT_IMPUTE_ZERO,UNASSIGNED,PROPOSED_NO_MEASURED_ROI
DGEF/artifacts/tables/02_sources_evidence/registry_evidence_link.csv,registry_evidence_link,2,claim_id,DGEF_EXPORT,dc35282505aadb5120cd58d6cc9694288794e2ea9fd03c558f5cba682b70cb58,343,0,343,一項可定位主張的識別鍵；真偽與有效範圍另列,PROPOSED_CONTEXT_REVIEW,build_semantic_catalog.py: explicit proposed glossary,主张与证据的一条对应,主張審核與衝突管理,NOT_APPLICABLE,TEXT,1,0,UNKNOWN_NOT_APPLICABLE_OR_NOT_RECORDED; DO_NOT_IMPUTE_ZERO,UNASSIGNED,PROPOSED_NO_MEASURED_ROI
DGEF/artifacts/tables/02_sources_evidence/registry_evidence_link.csv,registry_evidence_link,3,source_id,DGEF_EXPORT,dc35282505aadb5120cd58d6cc9694288794e2ea9fd03c558f5cba682b70cb58,343,0,31,來源登記鍵；僅指來源，不代表該來源全部說法已核實,PROPOSED_CONTEXT_REVIEW,build_semantic_catalog.py: explicit proposed glossary,主张与证据的一条对应,主張證據追溯,NOT_APPLICABLE,TEXT,1,0,UNKNOWN_NOT_APPLICABLE_OR_NOT_RECORDED; DO_NOT_IMPUTE_ZERO,UNASSIGNED,PROPOSED_NO_MEASURED_ROI
DGEF/artifacts/tables/02_sources_evidence/registry_evidence_link.csv,registry_evidence_link,4,observation_id,DGEF_EXPORT,dc35282505aadb5120cd58d6cc9694288794e2ea9fd03c558f5cba682b70cb58,343,343,0,observation id；定义受所属表粒度与SQL约束限定,DOCUMENTED_GENERIC_REVIEW,DGEF/contracts/data_dictionary.csv: registry_evidence_link.observation_id,主张与证据的一条对应,待資料負責人確認,UNKNOWN,TEXT,0,0,UNKNOWN_NOT_APPLICABLE_OR_NOT_RECORDED; DO_NOT_IMPUTE_ZERO,UNASSIGNED,PROPOSED_NO_MEASURED_ROI
DGEF/artifacts/tables/02_sources_evidence/registry_evidence_link.csv,registry_evidence_link,5,direction,DGEF_EXPORT,dc35282505aadb5120cd58d6cc9694288794e2ea9fd03c558f5cba682b70cb58,343,0,2,direction；定义受所属表粒度与SQL约束限定,DOCUMENTED_GENERIC_REVIEW,DGEF/contracts/data_dictionary.csv: registry_evidence_link.direction,主张与证据的一条对应,待資料負責人確認,UNKNOWN,TEXT,1,0,UNKNOWN_NOT_APPLICABLE_OR_NOT_RECORDED; DO_NOT_IMPUTE_ZERO,UNASSIGNED,PROPOSED_NO_MEASURED_ROI
DGEF/artifacts/tables/02_sources_evidence/registry_evidence_link.csv,registry_evidence_link,6,locator,DGEF_EXPORT,dc35282505aadb5120cd58d6cc9694288794e2ea9fd03c558f5cba682b70cb58,343,0,29,locator；定义受所属表粒度与SQL约束限定,DOCUMENTED_GENERIC_REVIEW,DGEF/contracts/data_dictionary.csv: registry_evidence_link.locator,主张与证据的一条对应,待資料負責人確認,UNKNOWN,TEXT,1,0,UNKNOWN_NOT_APPLICABLE_OR_NOT_RECORDED; DO_NOT_IMPUTE_ZERO,UNASSIGNED,PROPOSED_NO_MEASURED_ROI
DGEF/artifacts/tables/02_sources_evidence/registry_evidence_link.csv,registry_evidence_link,7,transaction_time,DGEF_EXPORT,dc35282505aadb5120cd58d6cc9694288794e2ea9fd03c558f5cba682b70cb58,343,0,140,資料系統記錄時間；與現實事件發生時間不同,PROPOSED_CONTEXT_REVIEW,build_semantic_catalog.py: explicit proposed glossary,主张与证据的一条对应,雙時間追溯,SOURCE_TIMESTAMP,TEXT,1,0,UNKNOWN_NOT_APPLICABLE_OR_NOT_RECORDED; DO_NOT_IMPUTE_ZERO,UNASSIGNED,PROPOSED_NO_MEASURED_ROI
DGEF/artifacts/tables/02_sources_evidence/registry_ingest_record.csv,registry_ingest_record,1,ingest_id,DGEF_EXPORT,d1a6b34a326a496efc64ac1ef8756cf06185c89a55950f6a56f4e299aeca835b,284,0,284,接入記錄鍵或轉換程式版本；連結來源与加工過程,PROPOSED_CONTEXT_REVIEW,build_semantic_catalog.py: explicit proposed glossary,原始响应内一条记录，保留取值与空缺并追溯转换版,加工血緣,NOT_APPLICABLE,TEXT,1,1,UNKNOWN_NOT_APPLICABLE_OR_NOT_RECORDED; DO_NOT_IMPUTE_ZERO,UNASSIGNED,PROPOSED_NO_MEASURED_ROI
DGEF/artifacts/tables/02_sources_evidence/registry_ingest_record.csv,registry_ingest_record,2,entity_id,DGEF_EXPORT,d1a6b34a326a496efc64ac1ef8756cf06185c89a55950f6a56f4e299aeca835b,284,4,279,穩定內部實體識別鍵；命名空間及對象依所屬表，不以相似名稱自動合併,PROPOSED_CONTEXT_REVIEW,build_semantic_catalog.py: explicit proposed glossary,原始响应内一条记录，保留取值与空缺并追溯转换版,跨表實體追溯,NOT_APPLICABLE,TEXT,0,0,UNKNOWN_NOT_APPLICABLE_OR_NOT_RECORDED; DO_NOT_IMPUTE_ZERO,UNASSIGNED,PROPOSED_NO_MEASURED_ROI
DGEF/artifacts/tables/02_sources_evidence/registry_ingest_record.csv,registry_ingest_record,3,dataset_id,DGEF_EXPORT,d1a6b34a326a496efc64ac1ef8756cf06185c89a55950f6a56f4e299aeca835b,284,0,26,資料集登記鍵；版本與來源由資料集表限定,PROPOSED_CONTEXT_REVIEW,build_semantic_catalog.py: explicit proposed glossary,原始响应内一条记录，保留取值与空缺并追溯转换版,重現加工輸入,NOT_APPLICABLE,TEXT,1,0,UNKNOWN_NOT_APPLICABLE_OR_NOT_RECORDED; DO_NOT_IMPUTE_ZERO,UNASSIGNED,PROPOSED_NO_MEASURED_ROI
DGEF/artifacts/tables/02_sources_evidence/registry_ingest_record.csv,registry_ingest_record,4,external_key,DGEF_EXPORT,d1a6b34a326a496efc64ac1ef8756cf06185c89a55950f6a56f4e299aeca835b,284,0,283,外部識別碼、命名空間或其版本；外部ID必須帶來源與版本,PROPOSED_CONTEXT_REVIEW,build_semantic_catalog.py: explicit proposed glossary,原始响应内一条记录，保留取值与空缺并追溯转换版,避免跨庫串號,NOT_APPLICABLE,TEXT,1,0,UNKNOWN_NOT_APPLICABLE_OR_NOT_RECORDED; DO_NOT_IMPUTE_ZERO,UNASSIGNED,PROPOSED_NO_MEASURED_ROI
DGEF/artifacts/tables/02_sources_evidence/registry_ingest_record.csv,registry_ingest_record,5,record_payload,DGEF_EXPORT,d1a6b34a326a496efc64ac1ef8756cf06185c89a55950f6a56f4e299aeca835b,284,0,283,原始資料或基線的序列化內容；保留來源粒度与授權，不能公開當作已審結果,PROPOSED_CONTEXT_REVIEW,build_semantic_catalog.py: explicit proposed glossary,原始响应内一条记录，保留取值与空缺并追溯转换版,原文無損與重現,JSON_OR_SOURCE_TEXT,TEXT,1,0,UNKNOWN_NOT_APPLICABLE_OR_NOT_RECORDED; DO_NOT_IMPUTE_ZERO,UNASSIGNED,PROPOSED_NO_MEASURED_ROI
DGEF/artifacts/tables/02_sources_evidence/registry_ingest_record.csv,registry_ingest_record,6,transform_version,DGEF_EXPORT,d1a6b34a326a496efc64ac1ef8756cf06185c89a55950f6a56f4e299aeca835b,284,0,1,接入記錄鍵或轉換程式版本；連結來源与加工過程,PROPOSED_CONTEXT_REVIEW,build_semantic_catalog.py: explicit proposed glossary,原始响应内一条记录，保留取值与空缺并追溯转换版,加工血緣,NOT_APPLICABLE,TEXT,1,0,UNKNOWN_NOT_APPLICABLE_OR_NOT_RECORDED; DO_NOT_IMPUTE_ZERO,UNASSIGNED,PROPOSED_NO_MEASURED_ROI
DGEF/artifacts/tables/02_sources_evidence/registry_ingest_record.csv,registry_ingest_record,7,transaction_time,DGEF_EXPORT,d1a6b34a326a496efc64ac1ef8756cf06185c89a55950f6a56f4e299aeca835b,284,0,135,資料系統記錄時間；與現實事件發生時間不同,PROPOSED_CONTEXT_REVIEW,build_semantic_catalog.py: explicit proposed glossary,原始响应内一条记录，保留取值与空缺并追溯转换版,雙時間追溯,SOURCE_TIMESTAMP,TEXT,1,0,UNKNOWN_NOT_APPLICABLE_OR_NOT_RECORDED; DO_NOT_IMPUTE_ZERO,UNASSIGNED,PROPOSED_NO_MEASURED_ROI
DGEF/artifacts/tables/02_sources_evidence/registry_observation.csv,registry_observation,1,observation_id,DGEF_EXPORT,aa44d9f715b38c604822d6f8551c50756121a1a0dcc78ea47d31c9acfe98cbce,45,0,45,observation id；定义受所属表粒度与SQL约束限定,DOCUMENTED_GENERIC_REVIEW,DGEF/contracts/data_dictionary.csv: registry_observation.observation_id,一个实体某指标的一次观测；NULL非零,待資料負責人確認,UNKNOWN,TEXT,1,1,UNKNOWN_NOT_APPLICABLE_OR_NOT_RECORDED; DO_NOT_IMPUTE_ZERO,UNASSIGNED,PROPOSED_NO_MEASURED_ROI
DGEF/artifacts/tables/02_sources_evidence/registry_observation.csv,registry_observation,2,entity_id,DGEF_EXPORT,aa44d9f715b38c604822d6f8551c50756121a1a0dcc78ea47d31c9acfe98cbce,45,0,5,穩定內部實體識別鍵；命名空間及對象依所屬表，不以相似名稱自動合併,PROPOSED_CONTEXT_REVIEW,build_semantic_catalog.py: explicit proposed glossary,一个实体某指标的一次观测；NULL非零,跨表實體追溯,NOT_APPLICABLE,TEXT,1,0,UNKNOWN_NOT_APPLICABLE_OR_NOT_RECORDED; DO_NOT_IMPUTE_ZERO,UNASSIGNED,PROPOSED_NO_MEASURED_ROI
DGEF/artifacts/tables/02_sources_evidence/registry_observation.csv,registry_observation,3,metric_id,DGEF_EXPORT,aa44d9f715b38c604822d6f8551c50756121a1a0dcc78ea47d31c9acfe98cbce,45,0,12,metric id；定义受所属表粒度与SQL约束限定,DOCUMENTED_GENERIC_REVIEW,DGEF/contracts/data_dictionary.csv: registry_observation.metric_id,一个实体某指标的一次观测；NULL非零,待資料負責人確認,UNKNOWN,TEXT,1,0,UNKNOWN_NOT_APPLICABLE_OR_NOT_RECORDED; DO_NOT_IMPUTE_ZERO,UNASSIGNED,PROPOSED_NO_MEASURED_ROI
DGEF/artifacts/tables/02_sources_evidence/registry_observation.csv,registry_observation,4,value,DGEF_EXPORT,aa44d9f715b38c604822d6f8551c50756121a1a0dcc78ea47d31c9acfe98cbce,45,0,45,观测数值，未知为NULL；零必须是实际零,DOCUMENTED_CONTEXT_REVIEW,DGEF/contracts/data_dictionary.csv: registry_observation.value,一个实体某指标的一次观测；NULL非零,待資料負責人確認,UNKNOWN,REAL,0,0,UNKNOWN_NOT_APPLICABLE_OR_NOT_RECORDED; DO_NOT_IMPUTE_ZERO,UNASSIGNED,PROPOSED_NO_MEASURED_ROI
DGEF/artifacts/tables/02_sources_evidence/registry_observation.csv,registry_observation,5,unit,DGEF_EXPORT,aa44d9f715b38c604822d6f8551c50756121a1a0dcc78ea47d31c9acfe98cbce,45,0,7,值的單位；不能從欄名或數值大小猜測單位,PROPOSED_CONTEXT_REVIEW,build_semantic_catalog.py: explicit proposed glossary,一个实体某指标的一次观测；NULL非零,避免量綱錯誤,UNIT_LABEL,TEXT,1,0,UNKNOWN_NOT_APPLICABLE_OR_NOT_RECORDED; DO_NOT_IMPUTE_ZERO,UNASSIGNED,PROPOSED_NO_MEASURED_ROI
DGEF/artifacts/tables/02_sources_evidence/registry_observation.csv,registry_observation,6,sample_n,DGEF_EXPORT,aa44d9f715b38c604822d6f8551c50756121a1a0dcc78ea47d31c9acfe98cbce,45,45,0,sample n；定义受所属表粒度与SQL约束限定,DOCUMENTED_GENERIC_REVIEW,DGEF/contracts/data_dictionary.csv: registry_observation.sample_n,一个实体某指标的一次观测；NULL非零,待資料負責人確認,UNKNOWN,INTEGER,0,0,UNKNOWN_NOT_APPLICABLE_OR_NOT_RECORDED; DO_NOT_IMPUTE_ZERO,UNASSIGNED,PROPOSED_NO_MEASURED_ROI
DGEF/artifacts/tables/02_sources_evidence/registry_observation.csv,registry_observation,7,uncertainty,DGEF_EXPORT,aa44d9f715b38c604822d6f8551c50756121a1a0dcc78ea47d31c9acfe98cbce,45,9,30,uncertainty；定义受所属表粒度与SQL约束限定,DOCUMENTED_GENERIC_REVIEW,DGEF/contracts/data_dictionary.csv: registry_observation.uncertainty,一个实体某指标的一次观测；NULL非零,待資料負責人確認,UNKNOWN,REAL,0,0,UNKNOWN_NOT_APPLICABLE_OR_NOT_RECORDED; DO_NOT_IMPUTE_ZERO,UNASSIGNED,PROPOSED_NO_MEASURED_ROI
DGEF/artifacts/tables/02_sources_evidence/registry_observation.csv,registry_observation,8,method_id,DGEF_EXPORT,aa44d9f715b38c604822d6f8551c50756121a1a0dcc78ea47d31c9acfe98cbce,45,0,21,method id；定义受所属表粒度与SQL约束限定,DOCUMENTED_GENERIC_REVIEW,DGEF/contracts/data_dictionary.csv: registry_observation.method_id,一个实体某指标的一次观测；NULL非零,待資料負責人確認,UNKNOWN,TEXT,1,0,UNKNOWN_NOT_APPLICABLE_OR_NOT_RECORDED; DO_NOT_IMPUTE_ZERO,UNASSIGNED,PROPOSED_NO_MEASURED_ROI
DGEF/artifacts/tables/02_sources_evidence/registry_observation.csv,registry_observation,9,claim_id,DGEF_EXPORT,aa44d9f715b38c604822d6f8551c50756121a1a0dcc78ea47d31c9acfe98cbce,45,0,45,一項可定位主張的識別鍵；真偽與有效範圍另列,PROPOSED_CONTEXT_REVIEW,build_semantic_catalog.py: explicit proposed glossary,一个实体某指标的一次观测；NULL非零,主張審核與衝突管理,NOT_APPLICABLE,TEXT,0,0,UNKNOWN_NOT_APPLICABLE_OR_NOT_RECORDED; DO_NOT_IMPUTE_ZERO,UNASSIGNED,PROPOSED_NO_MEASURED_ROI
DGEF/artifacts/tables/02_sources_evidence/registry_observation.csv,registry_observation,10,source_id,DGEF_EXPORT,aa44d9f715b38c604822d6f8551c50756121a1a0dcc78ea47d31c9acfe98cbce,45,0,5,來源登記鍵；僅指來源，不代表該來源全部說法已核實,PROPOSED_CONTEXT_REVIEW,build_semantic_catalog.py: explicit proposed glossary,一个实体某指标的一次观测；NULL非零,主張證據追溯,NOT_APPLICABLE,TEXT,1,0,UNKNOWN_NOT_APPLICABLE_OR_NOT_RECORDED; DO_NOT_IMPUTE_ZERO,UNASSIGNED,PROPOSED_NO_MEASURED_ROI
DGEF/artifacts/tables/02_sources_evidence/registry_observation.csv,registry_observation,11,evidence_state,DGEF_EXPORT,aa44d9f715b38c604822d6f8551c50756121a1a0dcc78ea47d31c9acfe98cbce,45,0,1,特定記錄或主張的證據狀態；VERIFIED 僅限可定位範圍,PROPOSED_CONTEXT_REVIEW,build_semantic_catalog.py: explicit proposed glossary,一个实体某指标的一次观测；NULL非零,隔離未知、宣稱與核實,NOT_APPLICABLE,TEXT,1,0,UNKNOWN_NOT_APPLICABLE_OR_NOT_RECORDED; DO_NOT_IMPUTE_ZERO,UNASSIGNED,PROPOSED_NO_MEASURED_ROI
DGEF/artifacts/tables/02_sources_evidence/registry_observation.csv,registry_observation,12,valid_from,DGEF_EXPORT,aa44d9f715b38c604822d6f8551c50756121a1a0dcc78ea47d31c9acfe98cbce,45,0,1,現實關係／記錄的有效起訖；未知終止時間留空，不當已終止,PROPOSED_CONTEXT_REVIEW,build_semantic_catalog.py: explicit proposed glossary,一个实体某指标的一次观测；NULL非零,歷史狀態重建,SOURCE_DATE_OR_TIMESTAMP,TEXT,1,0,UNKNOWN_NOT_APPLICABLE_OR_NOT_RECORDED; DO_NOT_IMPUTE_ZERO,UNASSIGNED,PROPOSED_NO_MEASURED_ROI
DGEF/artifacts/tables/02_sources_evidence/registry_observation.csv,registry_observation,13,valid_to,DGEF_EXPORT,aa44d9f715b38c604822d6f8551c50756121a1a0dcc78ea47d31c9acfe98cbce,45,45,0,現實關係／記錄的有效起訖；未知終止時間留空，不當已終止,PROPOSED_CONTEXT_REVIEW,build_semantic_catalog.py: explicit proposed glossary,一个实体某指标的一次观测；NULL非零,歷史狀態重建,SOURCE_DATE_OR_TIMESTAMP,TEXT,0,0,UNKNOWN_NOT_APPLICABLE_OR_NOT_RECORDED; DO_NOT_IMPUTE_ZERO,UNASSIGNED,PROPOSED_NO_MEASURED_ROI
DGEF/artifacts/tables/02_sources_evidence/registry_observation.csv,registry_observation,14,transaction_time,DGEF_EXPORT,aa44d9f715b38c604822d6f8551c50756121a1a0dcc78ea47d31c9acfe98cbce,45,0,8,資料系統記錄時間；與現實事件發生時間不同,PROPOSED_CONTEXT_REVIEW,build_semantic_catalog.py: explicit proposed glossary,一个实体某指标的一次观测；NULL非零,雙時間追溯,SOURCE_TIMESTAMP,TEXT,1,0,UNKNOWN_NOT_APPLICABLE_OR_NOT_RECORDED; DO_NOT_IMPUTE_ZERO,UNASSIGNED,PROPOSED_NO_MEASURED_ROI
DGEF/artifacts/tables/02_sources_evidence/registry_source.csv,registry_source,1,source_id,DGEF_EXPORT,8c3f154efaf71b013e8f78220eb8a80838b8c249e15d5ae69472d77603f90af7,40,0,40,來源登記鍵；僅指來源，不代表該來源全部說法已核實,PROPOSED_CONTEXT_REVIEW,build_semantic_catalog.py: explicit proposed glossary,一个来源文档或可核验入口,主張證據追溯,NOT_APPLICABLE,TEXT,1,1,UNKNOWN_NOT_APPLICABLE_OR_NOT_RECORDED; DO_NOT_IMPUTE_ZERO,UNASSIGNED,PROPOSED_NO_MEASURED_ROI
DGEF/artifacts/tables/02_sources_evidence/registry_source.csv,registry_source,2,publisher,DGEF_EXPORT,8c3f154efaf71b013e8f78220eb8a80838b8c249e15d5ae69472d77603f90af7,40,0,18,publisher；定义受所属表粒度与SQL约束限定,DOCUMENTED_GENERIC_REVIEW,DGEF/contracts/data_dictionary.csv: registry_source.publisher,一个来源文档或可核验入口,待資料負責人確認,UNKNOWN,TEXT,1,0,UNKNOWN_NOT_APPLICABLE_OR_NOT_RECORDED; DO_NOT_IMPUTE_ZERO,UNASSIGNED,PROPOSED_NO_MEASURED_ROI
DGEF/artifacts/tables/02_sources_evidence/registry_source.csv,registry_source,3,source_type,DGEF_EXPORT,8c3f154efaf71b013e8f78220eb8a80838b8c249e15d5ae69472d77603f90af7,40,0,4,source type；定义受所属表粒度与SQL约束限定,DOCUMENTED_GENERIC_REVIEW,DGEF/contracts/data_dictionary.csv: registry_source.source_type,一个来源文档或可核验入口,待資料負責人確認,UNKNOWN,TEXT,1,0,UNKNOWN_NOT_APPLICABLE_OR_NOT_RECORDED; DO_NOT_IMPUTE_ZERO,UNASSIGNED,PROPOSED_NO_MEASURED_ROI
DGEF/artifacts/tables/02_sources_evidence/registry_source.csv,registry_source,4,canonical_uri,DGEF_EXPORT,8c3f154efaf71b013e8f78220eb8a80838b8c249e15d5ae69472d77603f90af7,40,0,40,來源位址、檔案或行號；連結存在不代表內容可讀或支持主張,PROPOSED_CONTEXT_REVIEW,build_semantic_catalog.py: explicit proposed glossary,一个来源文档或可核验入口,證據定位,NOT_APPLICABLE,TEXT,1,0,UNKNOWN_NOT_APPLICABLE_OR_NOT_RECORDED; DO_NOT_IMPUTE_ZERO,UNASSIGNED,PROPOSED_NO_MEASURED_ROI
DGEF/artifacts/tables/02_sources_evidence/registry_source.csv,registry_source,5,access_class,DGEF_EXPORT,8c3f154efaf71b013e8f78220eb8a80838b8c249e15d5ae69472d77603f90af7,40,0,1,access class；定义受所属表粒度与SQL约束限定,DOCUMENTED_GENERIC_REVIEW,DGEF/contracts/data_dictionary.csv: registry_source.access_class,一个来源文档或可核验入口,待資料負責人確認,UNKNOWN,TEXT,1,0,UNKNOWN_NOT_APPLICABLE_OR_NOT_RECORDED; DO_NOT_IMPUTE_ZERO,UNASSIGNED,PROPOSED_NO_MEASURED_ROI
DGEF/artifacts/tables/02_sources_evidence/registry_source.csv,registry_source,6,publication_date,DGEF_EXPORT,8c3f154efaf71b013e8f78220eb8a80838b8c249e15d5ae69472d77603f90af7,40,40,0,publication date；定义受所属表粒度与SQL约束限定,DOCUMENTED_GENERIC_REVIEW,DGEF/contracts/data_dictionary.csv: registry_source.publication_date,一个来源文档或可核验入口,待資料負責人確認,UNKNOWN,TEXT,0,0,UNKNOWN_NOT_APPLICABLE_OR_NOT_RECORDED; DO_NOT_IMPUTE_ZERO,UNASSIGNED,PROPOSED_NO_MEASURED_ROI
DGEF/artifacts/tables/02_sources_evidence/registry_source.csv,registry_source,7,retrieved_at,DGEF_EXPORT,8c3f154efaf71b013e8f78220eb8a80838b8c249e15d5ae69472d77603f90af7,40,0,31,資料截至／檢查／審核／搜索／取得時間；各欄依操作分別解讀，時區不可猜,PROPOSED_CONTEXT_REVIEW,build_semantic_catalog.py: explicit proposed glossary,一个来源文档或可核验入口,新鮮度與審核時點,SOURCE_DATE_OR_TIMESTAMP,TEXT,1,0,UNKNOWN_NOT_APPLICABLE_OR_NOT_RECORDED; DO_NOT_IMPUTE_ZERO,UNASSIGNED,PROPOSED_NO_MEASURED_ROI
DGEF/artifacts/tables/02_sources_evidence/registry_source.csv,registry_source,8,content_hash,DGEF_EXPORT,8c3f154efaf71b013e8f78220eb8a80838b8c249e15d5ae69472d77603f90af7,40,11,29,內容指紋；完整性核對不能證明內容真實,PROPOSED_CONTEXT_REVIEW,build_semantic_catalog.py: explicit proposed glossary,一个来源文档或可核验入口,版本與變更定位,HASH,TEXT,0,0,UNKNOWN_NOT_APPLICABLE_OR_NOT_RECORDED; DO_NOT_IMPUTE_ZERO,UNASSIGNED,PROPOSED_NO_MEASURED_ROI
DGEF/artifacts/tables/02_sources_evidence/registry_source.csv,registry_source,9,policy_id,DGEF_EXPORT,8c3f154efaf71b013e8f78220eb8a80838b8c249e15d5ae69472d77603f90af7,40,0,2,policy id；定义受所属表粒度与SQL约束限定,DOCUMENTED_GENERIC_REVIEW,DGEF/contracts/data_dictionary.csv: registry_source.policy_id,一个来源文档或可核验入口,待資料負責人確認,UNKNOWN,TEXT,1,0,UNKNOWN_NOT_APPLICABLE_OR_NOT_RECORDED; DO_NOT_IMPUTE_ZERO,UNASSIGNED,PROPOSED_NO_MEASURED_ROI
DGEF/artifacts/tables/02_sources_evidence/registry_source.csv,registry_source,10,verification_scope,DGEF_EXPORT,8c3f154efaf71b013e8f78220eb8a80838b8c249e15d5ae69472d77603f90af7,40,0,13,核實涵蓋的主張、條件與邊界；不把公開描述擴展成性能或部署證明,PROPOSED_CONTEXT_REVIEW,build_semantic_catalog.py: explicit proposed glossary,一个来源文档或可核验入口,限定決策可信範圍,NOT_APPLICABLE,TEXT,1,0,UNKNOWN_NOT_APPLICABLE_OR_NOT_RECORDED; DO_NOT_IMPUTE_ZERO,UNASSIGNED,PROPOSED_NO_MEASURED_ROI
DGEF/artifacts/tables/03_geography_infrastructure/registry_admin_unit.csv,registry_admin_unit,1,entity_id,DGEF_EXPORT,4f45230c0e1b3bcc6d086e58f2ad62181d009b1385ebc34b021c1861a3a63e84,5046,0,5046,穩定內部實體識別鍵；命名空間及對象依所屬表，不以相似名稱自動合併,PROPOSED_CONTEXT_REVIEW,build_semantic_catalog.py: explicit proposed glossary,原ISO3166-2快照的一行,跨表實體追溯,NOT_APPLICABLE,TEXT,1,1,UNKNOWN_NOT_APPLICABLE_OR_NOT_RECORDED; DO_NOT_IMPUTE_ZERO,UNASSIGNED,PROPOSED_NO_MEASURED_ROI
DGEF/artifacts/tables/03_geography_infrastructure/registry_admin_unit.csv,registry_admin_unit,2,subdivision_code,DGEF_EXPORT,4f45230c0e1b3bcc6d086e58f2ad62181d009b1385ebc34b021c1861a3a63e84,5046,0,5046,subdivision code；定义受所属表粒度与SQL约束限定,DOCUMENTED_GENERIC_REVIEW,DGEF/contracts/data_dictionary.csv: registry_admin_unit.subdivision_code,原ISO3166-2快照的一行,待資料負責人確認,UNKNOWN,TEXT,1,0,UNKNOWN_NOT_APPLICABLE_OR_NOT_RECORDED; DO_NOT_IMPUTE_ZERO,UNASSIGNED,PROPOSED_NO_MEASURED_ROI
DGEF/artifacts/tables/03_geography_infrastructure/registry_admin_unit.csv,registry_admin_unit,3,country_entity_id,DGEF_EXPORT,4f45230c0e1b3bcc6d086e58f2ad62181d009b1385ebc34b021c1861a3a63e84,5046,0,200,country entity id；定义受所属表粒度与SQL约束限定,DOCUMENTED_GENERIC_REVIEW,DGEF/contracts/data_dictionary.csv: registry_admin_unit.country_entity_id,原ISO3166-2快照的一行,待資料負責人確認,UNKNOWN,TEXT,1,0,UNKNOWN_NOT_APPLICABLE_OR_NOT_RECORDED; DO_NOT_IMPUTE_ZERO,UNASSIGNED,PROPOSED_NO_MEASURED_ROI
DGEF/artifacts/tables/03_geography_infrastructure/registry_admin_unit.csv,registry_admin_unit,4,name,DGEF_EXPORT,4f45230c0e1b3bcc6d086e58f2ad62181d009b1385ebc34b021c1861a3a63e84,5046,0,4892,name；定义受所属表粒度与SQL约束限定,DOCUMENTED_GENERIC_REVIEW,DGEF/contracts/data_dictionary.csv: registry_admin_unit.name,原ISO3166-2快照的一行,待資料負責人確認,UNKNOWN,TEXT,1,0,UNKNOWN_NOT_APPLICABLE_OR_NOT_RECORDED; DO_NOT_IMPUTE_ZERO,UNASSIGNED,PROPOSED_NO_MEASURED_ROI
DGEF/artifacts/tables/03_geography_infrastructure/registry_admin_unit.csv,registry_admin_unit,5,unit_type,DGEF_EXPORT,4f45230c0e1b3bcc6d086e58f2ad62181d009b1385ebc34b021c1861a3a63e84,5046,0,109,unit type；定义受所属表粒度与SQL约束限定,DOCUMENTED_GENERIC_REVIEW,DGEF/contracts/data_dictionary.csv: registry_admin_unit.unit_type,原ISO3166-2快照的一行,待資料負責人確認,UNKNOWN,TEXT,1,0,UNKNOWN_NOT_APPLICABLE_OR_NOT_RECORDED; DO_NOT_IMPUTE_ZERO,UNASSIGNED,PROPOSED_NO_MEASURED_ROI
DGEF/artifacts/tables/03_geography_infrastructure/registry_admin_unit.csv,registry_admin_unit,6,parent_entity_id,DGEF_EXPORT,4f45230c0e1b3bcc6d086e58f2ad62181d009b1385ebc34b021c1861a3a63e84,5046,3590,214,parent entity id；定义受所属表粒度与SQL约束限定,DOCUMENTED_GENERIC_REVIEW,DGEF/contracts/data_dictionary.csv: registry_admin_unit.parent_entity_id,原ISO3166-2快照的一行,待資料負責人確認,UNKNOWN,TEXT,0,0,UNKNOWN_NOT_APPLICABLE_OR_NOT_RECORDED; DO_NOT_IMPUTE_ZERO,UNASSIGNED,PROPOSED_NO_MEASURED_ROI
DGEF/artifacts/tables/03_geography_infrastructure/registry_admin_unit.csv,registry_admin_unit,7,baseline_json,DGEF_EXPORT,4f45230c0e1b3bcc6d086e58f2ad62181d009b1385ebc34b021c1861a3a63e84,5046,0,5046,原始資料或基線的序列化內容；保留來源粒度与授權，不能公開當作已審結果,PROPOSED_CONTEXT_REVIEW,build_semantic_catalog.py: explicit proposed glossary,原ISO3166-2快照的一行,原文無損與重現,JSON_OR_SOURCE_TEXT,TEXT,1,0,UNKNOWN_NOT_APPLICABLE_OR_NOT_RECORDED; DO_NOT_IMPUTE_ZERO,UNASSIGNED,PROPOSED_NO_MEASURED_ROI
DGEF/artifacts/tables/03_geography_infrastructure/registry_admin_unit.csv,registry_admin_unit,8,source_id,DGEF_EXPORT,4f45230c0e1b3bcc6d086e58f2ad62181d009b1385ebc34b021c1861a3a63e84,5046,0,1,來源登記鍵；僅指來源，不代表該來源全部說法已核實,PROPOSED_CONTEXT_REVIEW,build_semantic_catalog.py: explicit proposed glossary,原ISO3166-2快照的一行,主張證據追溯,NOT_APPLICABLE,TEXT,1,0,UNKNOWN_NOT_APPLICABLE_OR_NOT_RECORDED; DO_NOT_IMPUTE_ZERO,UNASSIGNED,PROPOSED_NO_MEASURED_ROI
DGEF/artifacts/tables/03_geography_infrastructure/registry_admin_unit.csv,registry_admin_unit,9,evidence_state,DGEF_EXPORT,4f45230c0e1b3bcc6d086e58f2ad62181d009b1385ebc34b021c1861a3a63e84,5046,0,1,特定記錄或主張的證據狀態；VERIFIED 僅限可定位範圍,PROPOSED_CONTEXT_REVIEW,build_semantic_catalog.py: explicit proposed glossary,原ISO3166-2快照的一行,隔離未知、宣稱與核實,NOT_APPLICABLE,TEXT,1,0,UNKNOWN_NOT_APPLICABLE_OR_NOT_RECORDED; DO_NOT_IMPUTE_ZERO,UNASSIGNED,PROPOSED_NO_MEASURED_ROI
DGEF/artifacts/tables/03_geography_infrastructure/registry_admin_unit.csv,registry_admin_unit,10,valid_from,DGEF_EXPORT,4f45230c0e1b3bcc6d086e58f2ad62181d009b1385ebc34b021c1861a3a63e84,5046,0,1,現實關係／記錄的有效起訖；未知終止時間留空，不當已終止,PROPOSED_CONTEXT_REVIEW,build_semantic_catalog.py: explicit proposed glossary,原ISO3166-2快照的一行,歷史狀態重建,SOURCE_DATE_OR_TIMESTAMP,TEXT,1,0,UNKNOWN_NOT_APPLICABLE_OR_NOT_RECORDED; DO_NOT_IMPUTE_ZERO,UNASSIGNED,PROPOSED_NO_MEASURED_ROI
DGEF/artifacts/tables/03_geography_infrastructure/registry_admin_unit.csv,registry_admin_unit,11,valid_to,DGEF_EXPORT,4f45230c0e1b3bcc6d086e58f2ad62181d009b1385ebc34b021c1861a3a63e84,5046,5046,0,現實關係／記錄的有效起訖；未知終止時間留空，不當已終止,PROPOSED_CONTEXT_REVIEW,build_semantic_catalog.py: explicit proposed glossary,原ISO3166-2快照的一行,歷史狀態重建,SOURCE_DATE_OR_TIMESTAMP,TEXT,0,0,UNKNOWN_NOT_APPLICABLE_OR_NOT_RECORDED; DO_NOT_IMPUTE_ZERO,UNASSIGNED,PROPOSED_NO_MEASURED_ROI
DGEF/artifacts/tables/03_geography_infrastructure/registry_admin_unit.csv,registry_admin_unit,12,transaction_time,DGEF_EXPORT,4f45230c0e1b3bcc6d086e58f2ad62181d009b1385ebc34b021c1861a3a63e84,5046,0,447,資料系統記錄時間；與現實事件發生時間不同,PROPOSED_CONTEXT_REVIEW,build_semantic_catalog.py: explicit proposed glossary,原ISO3166-2快照的一行,雙時間追溯,SOURCE_TIMESTAMP,TEXT,1,0,UNKNOWN_NOT_APPLICABLE_OR_NOT_RECORDED; DO_NOT_IMPUTE_ZERO,UNASSIGNED,PROPOSED_NO_MEASURED_ROI
DGEF/artifacts/tables/03_geography_infrastructure/registry_country_area.csv,registry_country_area,1,entity_id,DGEF_EXPORT,d7dd301a63cf3f62d80e37649ae8375e8b1a17f1e24a85dd31d0ecdf57bab351,249,0,249,穩定內部實體識別鍵；命名空間及對象依所屬表，不以相似名稱自動合併,PROPOSED_CONTEXT_REVIEW,build_semantic_catalog.py: explicit proposed glossary,原country/area快照的一行，不作政治裁定,跨表實體追溯,NOT_APPLICABLE,TEXT,1,1,UNKNOWN_NOT_APPLICABLE_OR_NOT_RECORDED; DO_NOT_IMPUTE_ZERO,UNASSIGNED,PROPOSED_NO_MEASURED_ROI
DGEF/artifacts/tables/03_geography_infrastructure/registry_country_area.csv,registry_country_area,2,iso_alpha2,DGEF_EXPORT,d7dd301a63cf3f62d80e37649ae8375e8b1a17f1e24a85dd31d0ecdf57bab351,249,0,249,ISO 3166-1 alpha-2 國家／地區代碼；代碼版次與關係另記,PROPOSED_CONTEXT_REVIEW,build_semantic_catalog.py: explicit proposed glossary,原country/area快照的一行，不作政治裁定,母表連結,ISO_ALPHA2,TEXT,1,0,UNKNOWN_NOT_APPLICABLE_OR_NOT_RECORDED; DO_NOT_IMPUTE_ZERO,UNASSIGNED,PROPOSED_NO_MEASURED_ROI
DGEF/artifacts/tables/03_geography_infrastructure/registry_country_area.csv,registry_country_area,3,iso_alpha3,DGEF_EXPORT,d7dd301a63cf3f62d80e37649ae8375e8b1a17f1e24a85dd31d0ecdf57bab351,249,0,249,ISO 3166-1 alpha-3 國家／地區代碼；不直接判主權,PROPOSED_CONTEXT_REVIEW,build_semantic_catalog.py: explicit proposed glossary,原country/area快照的一行，不作政治裁定,國別對照,ISO_ALPHA3,TEXT,1,0,UNKNOWN_NOT_APPLICABLE_OR_NOT_RECORDED; DO_NOT_IMPUTE_ZERO,UNASSIGNED,PROPOSED_NO_MEASURED_ROI
DGEF/artifacts/tables/03_geography_infrastructure/registry_country_area.csv,registry_country_area,4,iso_numeric,DGEF_EXPORT,d7dd301a63cf3f62d80e37649ae8375e8b1a17f1e24a85dd31d0ecdf57bab351,249,0,249,iso numeric；定义受所属表粒度与SQL约束限定,DOCUMENTED_GENERIC_REVIEW,DGEF/contracts/data_dictionary.csv: registry_country_area.iso_numeric,原country/area快照的一行，不作政治裁定,待資料負責人確認,UNKNOWN,TEXT,1,0,UNKNOWN_NOT_APPLICABLE_OR_NOT_RECORDED; DO_NOT_IMPUTE_ZERO,UNASSIGNED,PROPOSED_NO_MEASURED_ROI
DGEF/artifacts/tables/03_geography_infrastructure/registry_country_area.csv,registry_country_area,5,un_m49_code,DGEF_EXPORT,d7dd301a63cf3f62d80e37649ae8375e8b1a17f1e24a85dd31d0ecdf57bab351,249,0,249,un m49 code；定义受所属表粒度与SQL约束限定,DOCUMENTED_GENERIC_REVIEW,DGEF/contracts/data_dictionary.csv: registry_country_area.un_m49_code,原country/area快照的一行，不作政治裁定,待資料負責人確認,UNKNOWN,TEXT,0,0,UNKNOWN_NOT_APPLICABLE_OR_NOT_RECORDED; DO_NOT_IMPUTE_ZERO,UNASSIGNED,PROPOSED_NO_MEASURED_ROI
DGEF/artifacts/tables/03_geography_infrastructure/registry_country_area.csv,registry_country_area,6,calling_code,DGEF_EXPORT,d7dd301a63cf3f62d80e37649ae8375e8b1a17f1e24a85dd31d0ecdf57bab351,249,4,204,calling code；定义受所属表粒度与SQL约束限定,DOCUMENTED_GENERIC_REVIEW,DGEF/contracts/data_dictionary.csv: registry_country_area.calling_code,原country/area快照的一行，不作政治裁定,待資料負責人確認,UNKNOWN,TEXT,0,0,UNKNOWN_NOT_APPLICABLE_OR_NOT_RECORDED; DO_NOT_IMPUTE_ZERO,UNASSIGNED,PROPOSED_NO_MEASURED_ROI
DGEF/artifacts/tables/03_geography_infrastructure/registry_country_area.csv,registry_country_area,7,baseline_json,DGEF_EXPORT,d7dd301a63cf3f62d80e37649ae8375e8b1a17f1e24a85dd31d0ecdf57bab351,249,0,249,原始資料或基線的序列化內容；保留來源粒度与授權，不能公開當作已審結果,PROPOSED_CONTEXT_REVIEW,build_semantic_catalog.py: explicit proposed glossary,原country/area快照的一行，不作政治裁定,原文無損與重現,JSON_OR_SOURCE_TEXT,TEXT,1,0,UNKNOWN_NOT_APPLICABLE_OR_NOT_RECORDED; DO_NOT_IMPUTE_ZERO,UNASSIGNED,PROPOSED_NO_MEASURED_ROI
DGEF/artifacts/tables/03_geography_infrastructure/registry_country_area.csv,registry_country_area,8,source_id,DGEF_EXPORT,d7dd301a63cf3f62d80e37649ae8375e8b1a17f1e24a85dd31d0ecdf57bab351,249,0,1,來源登記鍵；僅指來源，不代表該來源全部說法已核實,PROPOSED_CONTEXT_REVIEW,build_semantic_catalog.py: explicit proposed glossary,原country/area快照的一行，不作政治裁定,主張證據追溯,NOT_APPLICABLE,TEXT,1,0,UNKNOWN_NOT_APPLICABLE_OR_NOT_RECORDED; DO_NOT_IMPUTE_ZERO,UNASSIGNED,PROPOSED_NO_MEASURED_ROI
DGEF/artifacts/tables/03_geography_infrastructure/registry_country_area.csv,registry_country_area,9,evidence_state,DGEF_EXPORT,d7dd301a63cf3f62d80e37649ae8375e8b1a17f1e24a85dd31d0ecdf57bab351,249,0,1,特定記錄或主張的證據狀態；VERIFIED 僅限可定位範圍,PROPOSED_CONTEXT_REVIEW,build_semantic_catalog.py: explicit proposed glossary,原country/area快照的一行，不作政治裁定,隔離未知、宣稱與核實,NOT_APPLICABLE,TEXT,1,0,UNKNOWN_NOT_APPLICABLE_OR_NOT_RECORDED; DO_NOT_IMPUTE_ZERO,UNASSIGNED,PROPOSED_NO_MEASURED_ROI
DGEF/artifacts/tables/03_geography_infrastructure/registry_country_area.csv,registry_country_area,10,valid_from,DGEF_EXPORT,d7dd301a63cf3f62d80e37649ae8375e8b1a17f1e24a85dd31d0ecdf57bab351,249,0,1,現實關係／記錄的有效起訖；未知終止時間留空，不當已終止,PROPOSED_CONTEXT_REVIEW,build_semantic_catalog.py: explicit proposed glossary,原country/area快照的一行，不作政治裁定,歷史狀態重建,SOURCE_DATE_OR_TIMESTAMP,TEXT,1,0,UNKNOWN_NOT_APPLICABLE_OR_NOT_RECORDED; DO_NOT_IMPUTE_ZERO,UNASSIGNED,PROPOSED_NO_MEASURED_ROI
DGEF/artifacts/tables/03_geography_infrastructure/registry_country_area.csv,registry_country_area,11,valid_to,DGEF_EXPORT,d7dd301a63cf3f62d80e37649ae8375e8b1a17f1e24a85dd31d0ecdf57bab351,249,249,0,現實關係／記錄的有效起訖；未知終止時間留空，不當已終止,PROPOSED_CONTEXT_REVIEW,build_semantic_catalog.py: explicit proposed glossary,原country/area快照的一行，不作政治裁定,歷史狀態重建,SOURCE_DATE_OR_TIMESTAMP,TEXT,0,0,UNKNOWN_NOT_APPLICABLE_OR_NOT_RECORDED; DO_NOT_IMPUTE_ZERO,UNASSIGNED,PROPOSED_NO_MEASURED_ROI
DGEF/artifacts/tables/03_geography_infrastructure/registry_country_area.csv,registry_country_area,12,transaction_time,DGEF_EXPORT,d7dd301a63cf3f62d80e37649ae8375e8b1a17f1e24a85dd31d0ecdf57bab351,249,0,91,資料系統記錄時間；與現實事件發生時間不同,PROPOSED_CONTEXT_REVIEW,build_semantic_catalog.py: explicit proposed glossary,原country/area快照的一行，不作政治裁定,雙時間追溯,SOURCE_TIMESTAMP,TEXT,1,0,UNKNOWN_NOT_APPLICABLE_OR_NOT_RECORDED; DO_NOT_IMPUTE_ZERO,UNASSIGNED,PROPOSED_NO_MEASURED_ROI
DGEF/artifacts/tables/03_geography_infrastructure/registry_infrastructure.csv,registry_infrastructure,1,record_id,DGEF_EXPORT,e7f4808d0ff07918b6df2fcb8e65bdd7ac27330d470600dea131bfbef0e889c1,0,0,0,record id；定义受所属表粒度与SQL约束限定,DOCUMENTED_GENERIC_REVIEW,DGEF/contracts/data_dictionary.csv: registry_infrastructure.record_id,一个有来源、双时间的领域记录,待資料負責人確認,UNKNOWN,TEXT,1,1,UNKNOWN_NOT_APPLICABLE_OR_NOT_RECORDED; DO_NOT_IMPUTE_ZERO,UNASSIGNED,PROPOSED_NO_MEASURED_ROI
DGEF/artifacts/tables/03_geography_infrastructure/registry_infrastructure.csv,registry_infrastructure,2,entity_id,DGEF_EXPORT,e7f4808d0ff07918b6df2fcb8e65bdd7ac27330d470600dea131bfbef0e889c1,0,0,0,穩定內部實體識別鍵；命名空間及對象依所屬表，不以相似名稱自動合併,PROPOSED_CONTEXT_REVIEW,build_semantic_catalog.py: explicit proposed glossary,一个有来源、双时间的领域记录,跨表實體追溯,NOT_APPLICABLE,TEXT,1,0,UNKNOWN_NOT_APPLICABLE_OR_NOT_RECORDED; DO_NOT_IMPUTE_ZERO,UNASSIGNED,PROPOSED_NO_MEASURED_ROI
DGEF/artifacts/tables/03_geography_infrastructure/registry_infrastructure.csv,registry_infrastructure,3,infrastructure_kind,DGEF_EXPORT,e7f4808d0ff07918b6df2fcb8e65bdd7ac27330d470600dea131bfbef0e889c1,0,0,0,infrastructure kind；定义受所属表粒度与SQL约束限定,DOCUMENTED_GENERIC_REVIEW,DGEF/contracts/data_dictionary.csv: registry_infrastructure.infrastructure_kind,一个有来源、双时间的领域记录,待資料負責人確認,UNKNOWN,TEXT,1,0,UNKNOWN_NOT_APPLICABLE_OR_NOT_RECORDED; DO_NOT_IMPUTE_ZERO,UNASSIGNED,PROPOSED_NO_MEASURED_ROI
DGEF/artifacts/tables/03_geography_infrastructure/registry_infrastructure.csv,registry_infrastructure,4,operator_entity_id,DGEF_EXPORT,e7f4808d0ff07918b6df2fcb8e65bdd7ac27330d470600dea131bfbef0e889c1,0,0,0,operator entity id；定义受所属表粒度与SQL约束限定,DOCUMENTED_GENERIC_REVIEW,DGEF/contracts/data_dictionary.csv: registry_infrastructure.operator_entity_id,一个有来源、双时间的领域记录,待資料負責人確認,UNKNOWN,TEXT,0,0,UNKNOWN_NOT_APPLICABLE_OR_NOT_RECORDED; DO_NOT_IMPUTE_ZERO,UNASSIGNED,PROPOSED_NO_MEASURED_ROI
DGEF/artifacts/tables/03_geography_infrastructure/registry_infrastructure.csv,registry_infrastructure,5,source_id,DGEF_EXPORT,e7f4808d0ff07918b6df2fcb8e65bdd7ac27330d470600dea131bfbef0e889c1,0,0,0,來源登記鍵；僅指來源，不代表該來源全部說法已核實,PROPOSED_CONTEXT_REVIEW,build_semantic_catalog.py: explicit proposed glossary,一个有来源、双时间的领域记录,主張證據追溯,NOT_APPLICABLE,TEXT,1,0,UNKNOWN_NOT_APPLICABLE_OR_NOT_RECORDED; DO_NOT_IMPUTE_ZERO,UNASSIGNED,PROPOSED_NO_MEASURED_ROI
DGEF/artifacts/tables/03_geography_infrastructure/registry_infrastructure.csv,registry_infrastructure,6,evidence_state,DGEF_EXPORT,e7f4808d0ff07918b6df2fcb8e65bdd7ac27330d470600dea131bfbef0e889c1,0,0,0,特定記錄或主張的證據狀態；VERIFIED 僅限可定位範圍,PROPOSED_CONTEXT_REVIEW,build_semantic_catalog.py: explicit proposed glossary,一个有来源、双时间的领域记录,隔離未知、宣稱與核實,NOT_APPLICABLE,TEXT,1,0,UNKNOWN_NOT_APPLICABLE_OR_NOT_RECORDED; DO_NOT_IMPUTE_ZERO,UNASSIGNED,PROPOSED_NO_MEASURED_ROI
DGEF/artifacts/tables/03_geography_infrastructure/registry_infrastructure.csv,registry_infrastructure,7,valid_from,DGEF_EXPORT,e7f4808d0ff07918b6df2fcb8e65bdd7ac27330d470600dea131bfbef0e889c1,0,0,0,現實關係／記錄的有效起訖；未知終止時間留空，不當已終止,PROPOSED_CONTEXT_REVIEW,build_semantic_catalog.py: explicit proposed glossary,一个有来源、双时间的领域记录,歷史狀態重建,SOURCE_DATE_OR_TIMESTAMP,TEXT,1,0,UNKNOWN_NOT_APPLICABLE_OR_NOT_RECORDED; DO_NOT_IMPUTE_ZERO,UNASSIGNED,PROPOSED_NO_MEASURED_ROI
DGEF/artifacts/tables/03_geography_infrastructure/registry_infrastructure.csv,registry_infrastructure,8,valid_to,DGEF_EXPORT,e7f4808d0ff07918b6df2fcb8e65bdd7ac27330d470600dea131bfbef0e889c1,0,0,0,現實關係／記錄的有效起訖；未知終止時間留空，不當已終止,PROPOSED_CONTEXT_REVIEW,build_semantic_catalog.py: explicit proposed glossary,一个有来源、双时间的领域记录,歷史狀態重建,SOURCE_DATE_OR_TIMESTAMP,TEXT,0,0,UNKNOWN_NOT_APPLICABLE_OR_NOT_RECORDED; DO_NOT_IMPUTE_ZERO,UNASSIGNED,PROPOSED_NO_MEASURED_ROI
DGEF/artifacts/tables/03_geography_infrastructure/registry_infrastructure.csv,registry_infrastructure,9,transaction_time,DGEF_EXPORT,e7f4808d0ff07918b6df2fcb8e65bdd7ac27330d470600dea131bfbef0e889c1,0,0,0,資料系統記錄時間；與現實事件發生時間不同,PROPOSED_CONTEXT_REVIEW,build_semantic_catalog.py: explicit proposed glossary,一个有来源、双时间的领域记录,雙時間追溯,SOURCE_TIMESTAMP,TEXT,1,0,UNKNOWN_NOT_APPLICABLE_OR_NOT_RECORDED; DO_NOT_IMPUTE_ZERO,UNASSIGNED,PROPOSED_NO_MEASURED_ROI
DGEF/artifacts/tables/03_geography_infrastructure/registry_settlement.csv,registry_settlement,1,record_id,DGEF_EXPORT,2a8a7b3b2c34f99961738606955466a1cffecb58a69638017722042097d1700e,0,0,0,record id；定义受所属表粒度与SQL约束限定,DOCUMENTED_GENERIC_REVIEW,DGEF/contracts/data_dictionary.csv: registry_settlement.record_id,一个有来源、双时间的领域记录,待資料負責人確認,UNKNOWN,TEXT,1,1,UNKNOWN_NOT_APPLICABLE_OR_NOT_RECORDED; DO_NOT_IMPUTE_ZERO,UNASSIGNED,PROPOSED_NO_MEASURED_ROI
DGEF/artifacts/tables/03_geography_infrastructure/registry_settlement.csv,registry_settlement,2,entity_id,DGEF_EXPORT,2a8a7b3b2c34f99961738606955466a1cffecb58a69638017722042097d1700e,0,0,0,穩定內部實體識別鍵；命名空間及對象依所屬表，不以相似名稱自動合併,PROPOSED_CONTEXT_REVIEW,build_semantic_catalog.py: explicit proposed glossary,一个有来源、双时间的领域记录,跨表實體追溯,NOT_APPLICABLE,TEXT,1,0,UNKNOWN_NOT_APPLICABLE_OR_NOT_RECORDED; DO_NOT_IMPUTE_ZERO,UNASSIGNED,PROPOSED_NO_MEASURED_ROI
DGEF/artifacts/tables/03_geography_infrastructure/registry_settlement.csv,registry_settlement,3,settlement_kind,DGEF_EXPORT,2a8a7b3b2c34f99961738606955466a1cffecb58a69638017722042097d1700e,0,0,0,settlement kind；定义受所属表粒度与SQL约束限定,DOCUMENTED_GENERIC_REVIEW,DGEF/contracts/data_dictionary.csv: registry_settlement.settlement_kind,一个有来源、双时间的领域记录,待資料負責人確認,UNKNOWN,TEXT,1,0,UNKNOWN_NOT_APPLICABLE_OR_NOT_RECORDED; DO_NOT_IMPUTE_ZERO,UNASSIGNED,PROPOSED_NO_MEASURED_ROI
DGEF/artifacts/tables/03_geography_infrastructure/registry_settlement.csv,registry_settlement,4,country_entity_id,DGEF_EXPORT,2a8a7b3b2c34f99961738606955466a1cffecb58a69638017722042097d1700e,0,0,0,country entity id；定义受所属表粒度与SQL约束限定,DOCUMENTED_GENERIC_REVIEW,DGEF/contracts/data_dictionary.csv: registry_settlement.country_entity_id,一个有来源、双时间的领域记录,待資料負責人確認,UNKNOWN,TEXT,0,0,UNKNOWN_NOT_APPLICABLE_OR_NOT_RECORDED; DO_NOT_IMPUTE_ZERO,UNASSIGNED,PROPOSED_NO_MEASURED_ROI
DGEF/artifacts/tables/03_geography_infrastructure/registry_settlement.csv,registry_settlement,5,source_id,DGEF_EXPORT,2a8a7b3b2c34f99961738606955466a1cffecb58a69638017722042097d1700e,0,0,0,來源登記鍵；僅指來源，不代表該來源全部說法已核實,PROPOSED_CONTEXT_REVIEW,build_semantic_catalog.py: explicit proposed glossary,一个有来源、双时间的领域记录,主張證據追溯,NOT_APPLICABLE,TEXT,1,0,UNKNOWN_NOT_APPLICABLE_OR_NOT_RECORDED; DO_NOT_IMPUTE_ZERO,UNASSIGNED,PROPOSED_NO_MEASURED_ROI
DGEF/artifacts/tables/03_geography_infrastructure/registry_settlement.csv,registry_settlement,6,evidence_state,DGEF_EXPORT,2a8a7b3b2c34f99961738606955466a1cffecb58a69638017722042097d1700e,0,0,0,特定記錄或主張的證據狀態；VERIFIED 僅限可定位範圍,PROPOSED_CONTEXT_REVIEW,build_semantic_catalog.py: explicit proposed glossary,一个有来源、双时间的领域记录,隔離未知、宣稱與核實,NOT_APPLICABLE,TEXT,1,0,UNKNOWN_NOT_APPLICABLE_OR_NOT_RECORDED; DO_NOT_IMPUTE_ZERO,UNASSIGNED,PROPOSED_NO_MEASURED_ROI
DGEF/artifacts/tables/03_geography_infrastructure/registry_settlement.csv,registry_settlement,7,valid_from,DGEF_EXPORT,2a8a7b3b2c34f99961738606955466a1cffecb58a69638017722042097d1700e,0,0,0,現實關係／記錄的有效起訖；未知終止時間留空，不當已終止,PROPOSED_CONTEXT_REVIEW,build_semantic_catalog.py: explicit proposed glossary,一个有来源、双时间的领域记录,歷史狀態重建,SOURCE_DATE_OR_TIMESTAMP,TEXT,1,0,UNKNOWN_NOT_APPLICABLE_OR_NOT_RECORDED; DO_NOT_IMPUTE_ZERO,UNASSIGNED,PROPOSED_NO_MEASURED_ROI
DGEF/artifacts/tables/03_geography_infrastructure/registry_settlement.csv,registry_settlement,8,valid_to,DGEF_EXPORT,2a8a7b3b2c34f99961738606955466a1cffecb58a69638017722042097d1700e,0,0,0,現實關係／記錄的有效起訖；未知終止時間留空，不當已終止,PROPOSED_CONTEXT_REVIEW,build_semantic_catalog.py: explicit proposed glossary,一个有来源、双时间的领域记录,歷史狀態重建,SOURCE_DATE_OR_TIMESTAMP,TEXT,0,0,UNKNOWN_NOT_APPLICABLE_OR_NOT_RECORDED; DO_NOT_IMPUTE_ZERO,UNASSIGNED,PROPOSED_NO_MEASURED_ROI
DGEF/artifacts/tables/03_geography_infrastructure/registry_settlement.csv,registry_settlement,9,transaction_time,DGEF_EXPORT,2a8a7b3b2c34f99961738606955466a1cffecb58a69638017722042097d1700e,0,0,0,資料系統記錄時間；與現實事件發生時間不同,PROPOSED_CONTEXT_REVIEW,build_semantic_catalog.py: explicit proposed glossary,一个有来源、双时间的领域记录,雙時間追溯,SOURCE_TIMESTAMP,TEXT,1,0,UNKNOWN_NOT_APPLICABLE_OR_NOT_RECORDED; DO_NOT_IMPUTE_ZERO,UNASSIGNED,PROPOSED_NO_MEASURED_ROI
DGEF/artifacts/tables/04_organizations_public_roles/registry_legal_entity.csv,registry_legal_entity,1,record_id,DGEF_EXPORT,80ac9017b87b67cf46fd74f8a95c26b862b1142a9f060a8f2743189a0be22c42,92,0,92,record id；定义受所属表粒度与SQL约束限定,DOCUMENTED_GENERIC_REVIEW,DGEF/contracts/data_dictionary.csv: registry_legal_entity.record_id,一个有来源、双时间的领域记录,待資料負責人確認,UNKNOWN,TEXT,1,1,UNKNOWN_NOT_APPLICABLE_OR_NOT_RECORDED; DO_NOT_IMPUTE_ZERO,UNASSIGNED,PROPOSED_NO_MEASURED_ROI
DGEF/artifacts/tables/04_organizations_public_roles/registry_legal_entity.csv,registry_legal_entity,2,entity_id,DGEF_EXPORT,80ac9017b87b67cf46fd74f8a95c26b862b1142a9f060a8f2743189a0be22c42,92,0,92,穩定內部實體識別鍵；命名空間及對象依所屬表，不以相似名稱自動合併,PROPOSED_CONTEXT_REVIEW,build_semantic_catalog.py: explicit proposed glossary,一个有来源、双时间的领域记录,跨表實體追溯,NOT_APPLICABLE,TEXT,1,0,UNKNOWN_NOT_APPLICABLE_OR_NOT_RECORDED; DO_NOT_IMPUTE_ZERO,UNASSIGNED,PROPOSED_NO_MEASURED_ROI
DGEF/artifacts/tables/04_organizations_public_roles/registry_legal_entity.csv,registry_legal_entity,3,jurisdiction_entity_id,DGEF_EXPORT,80ac9017b87b67cf46fd74f8a95c26b862b1142a9f060a8f2743189a0be22c42,92,20,4,jurisdiction entity id；定义受所属表粒度与SQL约束限定,DOCUMENTED_GENERIC_REVIEW,DGEF/contracts/data_dictionary.csv: registry_legal_entity.jurisdiction_entity_id,一个有来源、双时间的领域记录,待資料負責人確認,UNKNOWN,TEXT,0,0,UNKNOWN_NOT_APPLICABLE_OR_NOT_RECORDED; DO_NOT_IMPUTE_ZERO,UNASSIGNED,PROPOSED_NO_MEASURED_ROI
DGEF/artifacts/tables/04_organizations_public_roles/registry_legal_entity.csv,registry_legal_entity,4,legal_form,DGEF_EXPORT,80ac9017b87b67cf46fd74f8a95c26b862b1142a9f060a8f2743189a0be22c42,92,0,20,legal form；定义受所属表粒度与SQL约束限定,DOCUMENTED_GENERIC_REVIEW,DGEF/contracts/data_dictionary.csv: registry_legal_entity.legal_form,一个有来源、双时间的领域记录,待資料負責人確認,UNKNOWN,TEXT,0,0,UNKNOWN_NOT_APPLICABLE_OR_NOT_RECORDED; DO_NOT_IMPUTE_ZERO,UNASSIGNED,PROPOSED_NO_MEASURED_ROI
DGEF/artifacts/tables/04_organizations_public_roles/registry_legal_entity.csv,registry_legal_entity,5,registration_status,DGEF_EXPORT,80ac9017b87b67cf46fd74f8a95c26b862b1142a9f060a8f2743189a0be22c42,92,0,1,registration status；定义受所属表粒度与SQL约束限定,DOCUMENTED_GENERIC_REVIEW,DGEF/contracts/data_dictionary.csv: registry_legal_entity.registration_status,一个有来源、双时间的领域记录,待資料負責人確認,UNKNOWN,TEXT,1,0,UNKNOWN_NOT_APPLICABLE_OR_NOT_RECORDED; DO_NOT_IMPUTE_ZERO,UNASSIGNED,PROPOSED_NO_MEASURED_ROI
DGEF/artifacts/tables/04_organizations_public_roles/registry_legal_entity.csv,registry_legal_entity,6,source_id,DGEF_EXPORT,80ac9017b87b67cf46fd74f8a95c26b862b1142a9f060a8f2743189a0be22c42,92,0,5,來源登記鍵；僅指來源，不代表該來源全部說法已核實,PROPOSED_CONTEXT_REVIEW,build_semantic_catalog.py: explicit proposed glossary,一个有来源、双时间的领域记录,主張證據追溯,NOT_APPLICABLE,TEXT,1,0,UNKNOWN_NOT_APPLICABLE_OR_NOT_RECORDED; DO_NOT_IMPUTE_ZERO,UNASSIGNED,PROPOSED_NO_MEASURED_ROI
DGEF/artifacts/tables/04_organizations_public_roles/registry_legal_entity.csv,registry_legal_entity,7,evidence_state,DGEF_EXPORT,80ac9017b87b67cf46fd74f8a95c26b862b1142a9f060a8f2743189a0be22c42,92,0,1,特定記錄或主張的證據狀態；VERIFIED 僅限可定位範圍,PROPOSED_CONTEXT_REVIEW,build_semantic_catalog.py: explicit proposed glossary,一个有来源、双时间的领域记录,隔離未知、宣稱與核實,NOT_APPLICABLE,TEXT,1,0,UNKNOWN_NOT_APPLICABLE_OR_NOT_RECORDED; DO_NOT_IMPUTE_ZERO,UNASSIGNED,PROPOSED_NO_MEASURED_ROI
DGEF/artifacts/tables/04_organizations_public_roles/registry_legal_entity.csv,registry_legal_entity,8,valid_from,DGEF_EXPORT,80ac9017b87b67cf46fd74f8a95c26b862b1142a9f060a8f2743189a0be22c42,92,0,1,現實關係／記錄的有效起訖；未知終止時間留空，不當已終止,PROPOSED_CONTEXT_REVIEW,build_semantic_catalog.py: explicit proposed glossary,一个有来源、双时间的领域记录,歷史狀態重建,SOURCE_DATE_OR_TIMESTAMP,TEXT,1,0,UNKNOWN_NOT_APPLICABLE_OR_NOT_RECORDED; DO_NOT_IMPUTE_ZERO,UNASSIGNED,PROPOSED_NO_MEASURED_ROI
DGEF/artifacts/tables/04_organizations_public_roles/registry_legal_entity.csv,registry_legal_entity,9,valid_to,DGEF_EXPORT,80ac9017b87b67cf46fd74f8a95c26b862b1142a9f060a8f2743189a0be22c42,92,92,0,現實關係／記錄的有效起訖；未知終止時間留空，不當已終止,PROPOSED_CONTEXT_REVIEW,build_semantic_catalog.py: explicit proposed glossary,一个有来源、双时间的领域记录,歷史狀態重建,SOURCE_DATE_OR_TIMESTAMP,TEXT,0,0,UNKNOWN_NOT_APPLICABLE_OR_NOT_RECORDED; DO_NOT_IMPUTE_ZERO,UNASSIGNED,PROPOSED_NO_MEASURED_ROI
DGEF/artifacts/tables/04_organizations_public_roles/registry_legal_entity.csv,registry_legal_entity,10,transaction_time,DGEF_EXPORT,80ac9017b87b67cf46fd74f8a95c26b862b1142a9f060a8f2743189a0be22c42,92,0,42,資料系統記錄時間；與現實事件發生時間不同,PROPOSED_CONTEXT_REVIEW,build_semantic_catalog.py: explicit proposed glossary,一个有来源、双时间的领域记录,雙時間追溯,SOURCE_TIMESTAMP,TEXT,1,0,UNKNOWN_NOT_APPLICABLE_OR_NOT_RECORDED; DO_NOT_IMPUTE_ZERO,UNASSIGNED,PROPOSED_NO_MEASURED_ROI
DGEF/artifacts/tables/04_organizations_public_roles/registry_person_public_role.csv,registry_person_public_role,1,record_id,DGEF_EXPORT,fba31e945c1ecb99ebd1ae11e31570e57bdb5b207f79f2f63293c47bb2ef95bc,0,0,0,record id；定义受所属表粒度与SQL约束限定,DOCUMENTED_GENERIC_REVIEW,DGEF/contracts/data_dictionary.csv: registry_person_public_role.record_id,一个有来源、双时间的领域记录,待資料負責人確認,UNKNOWN,TEXT,1,1,UNKNOWN_NOT_APPLICABLE_OR_NOT_RECORDED; DO_NOT_IMPUTE_ZERO,UNASSIGNED,PROPOSED_NO_MEASURED_ROI
DGEF/artifacts/tables/04_organizations_public_roles/registry_person_public_role.csv,registry_person_public_role,2,entity_id,DGEF_EXPORT,fba31e945c1ecb99ebd1ae11e31570e57bdb5b207f79f2f63293c47bb2ef95bc,0,0,0,穩定內部實體識別鍵；命名空間及對象依所屬表，不以相似名稱自動合併,PROPOSED_CONTEXT_REVIEW,build_semantic_catalog.py: explicit proposed glossary,一个有来源、双时间的领域记录,跨表實體追溯,NOT_APPLICABLE,TEXT,1,0,UNKNOWN_NOT_APPLICABLE_OR_NOT_RECORDED; DO_NOT_IMPUTE_ZERO,UNASSIGNED,PROPOSED_NO_MEASURED_ROI
DGEF/artifacts/tables/04_organizations_public_roles/registry_person_public_role.csv,registry_person_public_role,3,person_entity_id,DGEF_EXPORT,fba31e945c1ecb99ebd1ae11e31570e57bdb5b207f79f2f63293c47bb2ef95bc,0,0,0,person entity id；定义受所属表粒度与SQL约束限定,DOCUMENTED_GENERIC_REVIEW,DGEF/contracts/data_dictionary.csv: registry_person_public_role.person_entity_id,一个有来源、双时间的领域记录,待資料負責人確認,UNKNOWN,TEXT,1,0,UNKNOWN_NOT_APPLICABLE_OR_NOT_RECORDED; DO_NOT_IMPUTE_ZERO,UNASSIGNED,PROPOSED_NO_MEASURED_ROI
DGEF/artifacts/tables/04_organizations_public_roles/registry_person_public_role.csv,registry_person_public_role,4,organization_entity_id,DGEF_EXPORT,fba31e945c1ecb99ebd1ae11e31570e57bdb5b207f79f2f63293c47bb2ef95bc,0,0,0,organization entity id；定义受所属表粒度与SQL约束限定,DOCUMENTED_GENERIC_REVIEW,DGEF/contracts/data_dictionary.csv: registry_person_public_role.organization_entity_id,一个有来源、双时间的领域记录,待資料負責人確認,UNKNOWN,TEXT,1,0,UNKNOWN_NOT_APPLICABLE_OR_NOT_RECORDED; DO_NOT_IMPUTE_ZERO,UNASSIGNED,PROPOSED_NO_MEASURED_ROI
DGEF/artifacts/tables/04_organizations_public_roles/registry_person_public_role.csv,registry_person_public_role,5,role_title,DGEF_EXPORT,fba31e945c1ecb99ebd1ae11e31570e57bdb5b207f79f2f63293c47bb2ef95bc,0,0,0,role title；定义受所属表粒度与SQL约束限定,DOCUMENTED_GENERIC_REVIEW,DGEF/contracts/data_dictionary.csv: registry_person_public_role.role_title,一个有来源、双时间的领域记录,待資料負責人確認,UNKNOWN,TEXT,1,0,UNKNOWN_NOT_APPLICABLE_OR_NOT_RECORDED; DO_NOT_IMPUTE_ZERO,UNASSIGNED,PROPOSED_NO_MEASURED_ROI
DGEF/artifacts/tables/04_organizations_public_roles/registry_person_public_role.csv,registry_person_public_role,6,source_id,DGEF_EXPORT,fba31e945c1ecb99ebd1ae11e31570e57bdb5b207f79f2f63293c47bb2ef95bc,0,0,0,來源登記鍵；僅指來源，不代表該來源全部說法已核實,PROPOSED_CONTEXT_REVIEW,build_semantic_catalog.py: explicit proposed glossary,一个有来源、双时间的领域记录,主張證據追溯,NOT_APPLICABLE,TEXT,1,0,UNKNOWN_NOT_APPLICABLE_OR_NOT_RECORDED; DO_NOT_IMPUTE_ZERO,UNASSIGNED,PROPOSED_NO_MEASURED_ROI
DGEF/artifacts/tables/04_organizations_public_roles/registry_person_public_role.csv,registry_person_public_role,7,evidence_state,DGEF_EXPORT,fba31e945c1ecb99ebd1ae11e31570e57bdb5b207f79f2f63293c47bb2ef95bc,0,0,0,特定記錄或主張的證據狀態；VERIFIED 僅限可定位範圍,PROPOSED_CONTEXT_REVIEW,build_semantic_catalog.py: explicit proposed glossary,一个有来源、双时间的领域记录,隔離未知、宣稱與核實,NOT_APPLICABLE,TEXT,1,0,UNKNOWN_NOT_APPLICABLE_OR_NOT_RECORDED; DO_NOT_IMPUTE_ZERO,UNASSIGNED,PROPOSED_NO_MEASURED_ROI
DGEF/artifacts/tables/04_organizations_public_roles/registry_person_public_role.csv,registry_person_public_role,8,valid_from,DGEF_EXPORT,fba31e945c1ecb99ebd1ae11e31570e57bdb5b207f79f2f63293c47bb2ef95bc,0,0,0,現實關係／記錄的有效起訖；未知終止時間留空，不當已終止,PROPOSED_CONTEXT_REVIEW,build_semantic_catalog.py: explicit proposed glossary,一个有来源、双时间的领域记录,歷史狀態重建,SOURCE_DATE_OR_TIMESTAMP,TEXT,1,0,UNKNOWN_NOT_APPLICABLE_OR_NOT_RECORDED; DO_NOT_IMPUTE_ZERO,UNASSIGNED,PROPOSED_NO_MEASURED_ROI
DGEF/artifacts/tables/04_organizations_public_roles/registry_person_public_role.csv,registry_person_public_role,9,valid_to,DGEF_EXPORT,fba31e945c1ecb99ebd1ae11e31570e57bdb5b207f79f2f63293c47bb2ef95bc,0,0,0,現實關係／記錄的有效起訖；未知終止時間留空，不當已終止,PROPOSED_CONTEXT_REVIEW,build_semantic_catalog.py: explicit proposed glossary,一个有来源、双时间的领域记录,歷史狀態重建,SOURCE_DATE_OR_TIMESTAMP,TEXT,0,0,UNKNOWN_NOT_APPLICABLE_OR_NOT_RECORDED; DO_NOT_IMPUTE_ZERO,UNASSIGNED,PROPOSED_NO_MEASURED_ROI
DGEF/artifacts/tables/04_organizations_public_roles/registry_person_public_role.csv,registry_person_public_role,10,transaction_time,DGEF_EXPORT,fba31e945c1ecb99ebd1ae11e31570e57bdb5b207f79f2f63293c47bb2ef95bc,0,0,0,資料系統記錄時間；與現實事件發生時間不同,PROPOSED_CONTEXT_REVIEW,build_semantic_catalog.py: explicit proposed glossary,一个有来源、双时间的领域记录,雙時間追溯,SOURCE_TIMESTAMP,TEXT,1,0,UNKNOWN_NOT_APPLICABLE_OR_NOT_RECORDED; DO_NOT_IMPUTE_ZERO,UNASSIGNED,PROPOSED_NO_MEASURED_ROI
DGEF/artifacts/tables/04_organizations_public_roles/registry_public_body.csv,registry_public_body,1,record_id,DGEF_EXPORT,6ae594cf5fc4cf3a2b617b42fa51de93e87623d2766279d48c2c8d67085b1198,49,0,49,record id；定义受所属表粒度与SQL约束限定,DOCUMENTED_GENERIC_REVIEW,DGEF/contracts/data_dictionary.csv: registry_public_body.record_id,一个有来源、双时间的领域记录,待資料負責人確認,UNKNOWN,TEXT,1,1,UNKNOWN_NOT_APPLICABLE_OR_NOT_RECORDED; DO_NOT_IMPUTE_ZERO,UNASSIGNED,PROPOSED_NO_MEASURED_ROI
DGEF/artifacts/tables/04_organizations_public_roles/registry_public_body.csv,registry_public_body,2,entity_id,DGEF_EXPORT,6ae594cf5fc4cf3a2b617b42fa51de93e87623d2766279d48c2c8d67085b1198,49,0,48,穩定內部實體識別鍵；命名空間及對象依所屬表，不以相似名稱自動合併,PROPOSED_CONTEXT_REVIEW,build_semantic_catalog.py: explicit proposed glossary,一个有来源、双时间的领域记录,跨表實體追溯,NOT_APPLICABLE,TEXT,1,0,UNKNOWN_NOT_APPLICABLE_OR_NOT_RECORDED; DO_NOT_IMPUTE_ZERO,UNASSIGNED,PROPOSED_NO_MEASURED_ROI
DGEF/artifacts/tables/04_organizations_public_roles/registry_public_body.csv,registry_public_body,3,jurisdiction_entity_id,DGEF_EXPORT,6ae594cf5fc4cf3a2b617b42fa51de93e87623d2766279d48c2c8d67085b1198,49,0,33,jurisdiction entity id；定义受所属表粒度与SQL约束限定,DOCUMENTED_GENERIC_REVIEW,DGEF/contracts/data_dictionary.csv: registry_public_body.jurisdiction_entity_id,一个有来源、双时间的领域记录,待資料負責人確認,UNKNOWN,TEXT,0,0,UNKNOWN_NOT_APPLICABLE_OR_NOT_RECORDED; DO_NOT_IMPUTE_ZERO,UNASSIGNED,PROPOSED_NO_MEASURED_ROI
DGEF/artifacts/tables/04_organizations_public_roles/registry_public_body.csv,registry_public_body,4,mandate,DGEF_EXPORT,6ae594cf5fc4cf3a2b617b42fa51de93e87623d2766279d48c2c8d67085b1198,49,0,1,mandate；定义受所属表粒度与SQL约束限定,DOCUMENTED_GENERIC_REVIEW,DGEF/contracts/data_dictionary.csv: registry_public_body.mandate,一个有来源、双时间的领域记录,待資料負責人確認,UNKNOWN,TEXT,1,0,UNKNOWN_NOT_APPLICABLE_OR_NOT_RECORDED; DO_NOT_IMPUTE_ZERO,UNASSIGNED,PROPOSED_NO_MEASURED_ROI
DGEF/artifacts/tables/04_organizations_public_roles/registry_public_body.csv,registry_public_body,5,source_id,DGEF_EXPORT,6ae594cf5fc4cf3a2b617b42fa51de93e87623d2766279d48c2c8d67085b1198,49,0,7,來源登記鍵；僅指來源，不代表該來源全部說法已核實,PROPOSED_CONTEXT_REVIEW,build_semantic_catalog.py: explicit proposed glossary,一个有来源、双时间的领域记录,主張證據追溯,NOT_APPLICABLE,TEXT,1,0,UNKNOWN_NOT_APPLICABLE_OR_NOT_RECORDED; DO_NOT_IMPUTE_ZERO,UNASSIGNED,PROPOSED_NO_MEASURED_ROI
DGEF/artifacts/tables/04_organizations_public_roles/registry_public_body.csv,registry_public_body,6,evidence_state,DGEF_EXPORT,6ae594cf5fc4cf3a2b617b42fa51de93e87623d2766279d48c2c8d67085b1198,49,0,1,特定記錄或主張的證據狀態；VERIFIED 僅限可定位範圍,PROPOSED_CONTEXT_REVIEW,build_semantic_catalog.py: explicit proposed glossary,一个有来源、双时间的领域记录,隔離未知、宣稱與核實,NOT_APPLICABLE,TEXT,1,0,UNKNOWN_NOT_APPLICABLE_OR_NOT_RECORDED; DO_NOT_IMPUTE_ZERO,UNASSIGNED,PROPOSED_NO_MEASURED_ROI
DGEF/artifacts/tables/04_organizations_public_roles/registry_public_body.csv,registry_public_body,7,valid_from,DGEF_EXPORT,6ae594cf5fc4cf3a2b617b42fa51de93e87623d2766279d48c2c8d67085b1198,49,0,1,現實關係／記錄的有效起訖；未知終止時間留空，不當已終止,PROPOSED_CONTEXT_REVIEW,build_semantic_catalog.py: explicit proposed glossary,一个有来源、双时间的领域记录,歷史狀態重建,SOURCE_DATE_OR_TIMESTAMP,TEXT,1,0,UNKNOWN_NOT_APPLICABLE_OR_NOT_RECORDED; DO_NOT_IMPUTE_ZERO,UNASSIGNED,PROPOSED_NO_MEASURED_ROI
DGEF/artifacts/tables/04_organizations_public_roles/registry_public_body.csv,registry_public_body,8,valid_to,DGEF_EXPORT,6ae594cf5fc4cf3a2b617b42fa51de93e87623d2766279d48c2c8d67085b1198,49,49,0,現實關係／記錄的有效起訖；未知終止時間留空，不當已終止,PROPOSED_CONTEXT_REVIEW,build_semantic_catalog.py: explicit proposed glossary,一个有来源、双时间的领域记录,歷史狀態重建,SOURCE_DATE_OR_TIMESTAMP,TEXT,0,0,UNKNOWN_NOT_APPLICABLE_OR_NOT_RECORDED; DO_NOT_IMPUTE_ZERO,UNASSIGNED,PROPOSED_NO_MEASURED_ROI
DGEF/artifacts/tables/04_organizations_public_roles/registry_public_body.csv,registry_public_body,9,transaction_time,DGEF_EXPORT,6ae594cf5fc4cf3a2b617b42fa51de93e87623d2766279d48c2c8d67085b1198,49,0,33,資料系統記錄時間；與現實事件發生時間不同,PROPOSED_CONTEXT_REVIEW,build_semantic_catalog.py: explicit proposed glossary,一个有来源、双时间的领域记录,雙時間追溯,SOURCE_TIMESTAMP,TEXT,1,0,UNKNOWN_NOT_APPLICABLE_OR_NOT_RECORDED; DO_NOT_IMPUTE_ZERO,UNASSIGNED,PROPOSED_NO_MEASURED_ROI
DGEF/artifacts/tables/04_organizations_public_roles/registry_public_facility.csv,registry_public_facility,1,record_id,DGEF_EXPORT,82ebd538f65d01dac8c6544a2194c3bf8a64d5f9d33a5e3bdaca97029abbc760,37,0,37,record id；定义受所属表粒度与SQL约束限定,DOCUMENTED_GENERIC_REVIEW,DGEF/contracts/data_dictionary.csv: registry_public_facility.record_id,一个有来源、双时间的领域记录,待資料負責人確認,UNKNOWN,TEXT,1,1,UNKNOWN_NOT_APPLICABLE_OR_NOT_RECORDED; DO_NOT_IMPUTE_ZERO,UNASSIGNED,PROPOSED_NO_MEASURED_ROI
DGEF/artifacts/tables/04_organizations_public_roles/registry_public_facility.csv,registry_public_facility,2,entity_id,DGEF_EXPORT,82ebd538f65d01dac8c6544a2194c3bf8a64d5f9d33a5e3bdaca97029abbc760,37,0,37,穩定內部實體識別鍵；命名空間及對象依所屬表，不以相似名稱自動合併,PROPOSED_CONTEXT_REVIEW,build_semantic_catalog.py: explicit proposed glossary,一个有来源、双时间的领域记录,跨表實體追溯,NOT_APPLICABLE,TEXT,1,0,UNKNOWN_NOT_APPLICABLE_OR_NOT_RECORDED; DO_NOT_IMPUTE_ZERO,UNASSIGNED,PROPOSED_NO_MEASURED_ROI
DGEF/artifacts/tables/04_organizations_public_roles/registry_public_facility.csv,registry_public_facility,3,facility_kind,DGEF_EXPORT,82ebd538f65d01dac8c6544a2194c3bf8a64d5f9d33a5e3bdaca97029abbc760,37,0,2,facility kind；定义受所属表粒度与SQL约束限定,DOCUMENTED_GENERIC_REVIEW,DGEF/contracts/data_dictionary.csv: registry_public_facility.facility_kind,一个有来源、双时间的领域记录,待資料負責人確認,UNKNOWN,TEXT,1,0,UNKNOWN_NOT_APPLICABLE_OR_NOT_RECORDED; DO_NOT_IMPUTE_ZERO,UNASSIGNED,PROPOSED_NO_MEASURED_ROI
DGEF/artifacts/tables/04_organizations_public_roles/registry_public_facility.csv,registry_public_facility,4,public_acknowledgment_uri,DGEF_EXPORT,82ebd538f65d01dac8c6544a2194c3bf8a64d5f9d33a5e3bdaca97029abbc760,37,0,37,public acknowledgment uri；定义受所属表粒度与SQL约束限定,DOCUMENTED_GENERIC_REVIEW,DGEF/contracts/data_dictionary.csv: registry_public_facility.public_acknowledgment_uri,一个有来源、双时间的领域记录,待資料負責人確認,UNKNOWN,TEXT,1,0,UNKNOWN_NOT_APPLICABLE_OR_NOT_RECORDED; DO_NOT_IMPUTE_ZERO,UNASSIGNED,PROPOSED_NO_MEASURED_ROI
DGEF/artifacts/tables/04_organizations_public_roles/registry_public_facility.csv,registry_public_facility,5,operator_entity_id,DGEF_EXPORT,82ebd538f65d01dac8c6544a2194c3bf8a64d5f9d33a5e3bdaca97029abbc760,37,37,0,operator entity id；定义受所属表粒度与SQL约束限定,DOCUMENTED_GENERIC_REVIEW,DGEF/contracts/data_dictionary.csv: registry_public_facility.operator_entity_id,一个有来源、双时间的领域记录,待資料負責人確認,UNKNOWN,TEXT,0,0,UNKNOWN_NOT_APPLICABLE_OR_NOT_RECORDED; DO_NOT_IMPUTE_ZERO,UNASSIGNED,PROPOSED_NO_MEASURED_ROI
DGEF/artifacts/tables/04_organizations_public_roles/registry_public_facility.csv,registry_public_facility,6,source_id,DGEF_EXPORT,82ebd538f65d01dac8c6544a2194c3bf8a64d5f9d33a5e3bdaca97029abbc760,37,0,10,來源登記鍵；僅指來源，不代表該來源全部說法已核實,PROPOSED_CONTEXT_REVIEW,build_semantic_catalog.py: explicit proposed glossary,一个有来源、双时间的领域记录,主張證據追溯,NOT_APPLICABLE,TEXT,1,0,UNKNOWN_NOT_APPLICABLE_OR_NOT_RECORDED; DO_NOT_IMPUTE_ZERO,UNASSIGNED,PROPOSED_NO_MEASURED_ROI
DGEF/artifacts/tables/04_organizations_public_roles/registry_public_facility.csv,registry_public_facility,7,evidence_state,DGEF_EXPORT,82ebd538f65d01dac8c6544a2194c3bf8a64d5f9d33a5e3bdaca97029abbc760,37,0,1,特定記錄或主張的證據狀態；VERIFIED 僅限可定位範圍,PROPOSED_CONTEXT_REVIEW,build_semantic_catalog.py: explicit proposed glossary,一个有来源、双时间的领域记录,隔離未知、宣稱與核實,NOT_APPLICABLE,TEXT,1,0,UNKNOWN_NOT_APPLICABLE_OR_NOT_RECORDED; DO_NOT_IMPUTE_ZERO,UNASSIGNED,PROPOSED_NO_MEASURED_ROI
DGEF/artifacts/tables/04_organizations_public_roles/registry_public_facility.csv,registry_public_facility,8,valid_from,DGEF_EXPORT,82ebd538f65d01dac8c6544a2194c3bf8a64d5f9d33a5e3bdaca97029abbc760,37,0,1,現實關係／記錄的有效起訖；未知終止時間留空，不當已終止,PROPOSED_CONTEXT_REVIEW,build_semantic_catalog.py: explicit proposed glossary,一个有来源、双时间的领域记录,歷史狀態重建,SOURCE_DATE_OR_TIMESTAMP,TEXT,1,0,UNKNOWN_NOT_APPLICABLE_OR_NOT_RECORDED; DO_NOT_IMPUTE_ZERO,UNASSIGNED,PROPOSED_NO_MEASURED_ROI
DGEF/artifacts/tables/04_organizations_public_roles/registry_public_facility.csv,registry_public_facility,9,valid_to,DGEF_EXPORT,82ebd538f65d01dac8c6544a2194c3bf8a64d5f9d33a5e3bdaca97029abbc760,37,37,0,現實關係／記錄的有效起訖；未知終止時間留空，不當已終止,PROPOSED_CONTEXT_REVIEW,build_semantic_catalog.py: explicit proposed glossary,一个有来源、双时间的领域记录,歷史狀態重建,SOURCE_DATE_OR_TIMESTAMP,TEXT,0,0,UNKNOWN_NOT_APPLICABLE_OR_NOT_RECORDED; DO_NOT_IMPUTE_ZERO,UNASSIGNED,PROPOSED_NO_MEASURED_ROI
DGEF/artifacts/tables/04_organizations_public_roles/registry_public_facility.csv,registry_public_facility,10,transaction_time,DGEF_EXPORT,82ebd538f65d01dac8c6544a2194c3bf8a64d5f9d33a5e3bdaca97029abbc760,37,0,28,資料系統記錄時間；與現實事件發生時間不同,PROPOSED_CONTEXT_REVIEW,build_semantic_catalog.py: explicit proposed glossary,一个有来源、双时间的领域记录,雙時間追溯,SOURCE_TIMESTAMP,TEXT,1,0,UNKNOWN_NOT_APPLICABLE_OR_NOT_RECORDED; DO_NOT_IMPUTE_ZERO,UNASSIGNED,PROPOSED_NO_MEASURED_ROI
DGEF/artifacts/tables/04_organizations_public_roles/registry_research_org.csv,registry_research_org,1,record_id,DGEF_EXPORT,f047acb19692ac8da8cb78a847ef75af2d09cbf11fb45a556810899306359ea1,160,0,160,record id；定义受所属表粒度与SQL约束限定,DOCUMENTED_GENERIC_REVIEW,DGEF/contracts/data_dictionary.csv: registry_research_org.record_id,一个有来源、双时间的领域记录,待資料負責人確認,UNKNOWN,TEXT,1,1,UNKNOWN_NOT_APPLICABLE_OR_NOT_RECORDED; DO_NOT_IMPUTE_ZERO,UNASSIGNED,PROPOSED_NO_MEASURED_ROI
DGEF/artifacts/tables/04_organizations_public_roles/registry_research_org.csv,registry_research_org,2,entity_id,DGEF_EXPORT,f047acb19692ac8da8cb78a847ef75af2d09cbf11fb45a556810899306359ea1,160,0,159,穩定內部實體識別鍵；命名空間及對象依所屬表，不以相似名稱自動合併,PROPOSED_CONTEXT_REVIEW,build_semantic_catalog.py: explicit proposed glossary,一个有来源、双时间的领域记录,跨表實體追溯,NOT_APPLICABLE,TEXT,1,0,UNKNOWN_NOT_APPLICABLE_OR_NOT_RECORDED; DO_NOT_IMPUTE_ZERO,UNASSIGNED,PROPOSED_NO_MEASURED_ROI
DGEF/artifacts/tables/04_organizations_public_roles/registry_research_org.csv,registry_research_org,3,org_kind,DGEF_EXPORT,f047acb19692ac8da8cb78a847ef75af2d09cbf11fb45a556810899306359ea1,160,0,14,org kind；定义受所属表粒度与SQL约束限定,DOCUMENTED_GENERIC_REVIEW,DGEF/contracts/data_dictionary.csv: registry_research_org.org_kind,一个有来源、双时间的领域记录,待資料負責人確認,UNKNOWN,TEXT,1,0,UNKNOWN_NOT_APPLICABLE_OR_NOT_RECORDED; DO_NOT_IMPUTE_ZERO,UNASSIGNED,PROPOSED_NO_MEASURED_ROI
DGEF/artifacts/tables/04_organizations_public_roles/registry_research_org.csv,registry_research_org,4,research_scope,DGEF_EXPORT,f047acb19692ac8da8cb78a847ef75af2d09cbf11fb45a556810899306359ea1,160,0,1,research scope；定义受所属表粒度与SQL约束限定,DOCUMENTED_GENERIC_REVIEW,DGEF/contracts/data_dictionary.csv: registry_research_org.research_scope,一个有来源、双时间的领域记录,待資料負責人確認,UNKNOWN,TEXT,1,0,UNKNOWN_NOT_APPLICABLE_OR_NOT_RECORDED; DO_NOT_IMPUTE_ZERO,UNASSIGNED,PROPOSED_NO_MEASURED_ROI
DGEF/artifacts/tables/04_organizations_public_roles/registry_research_org.csv,registry_research_org,5,source_id,DGEF_EXPORT,f047acb19692ac8da8cb78a847ef75af2d09cbf11fb45a556810899306359ea1,160,0,8,來源登記鍵；僅指來源，不代表該來源全部說法已核實,PROPOSED_CONTEXT_REVIEW,build_semantic_catalog.py: explicit proposed glossary,一个有来源、双时间的领域记录,主張證據追溯,NOT_APPLICABLE,TEXT,1,0,UNKNOWN_NOT_APPLICABLE_OR_NOT_RECORDED; DO_NOT_IMPUTE_ZERO,UNASSIGNED,PROPOSED_NO_MEASURED_ROI
DGEF/artifacts/tables/04_organizations_public_roles/registry_research_org.csv,registry_research_org,6,evidence_state,DGEF_EXPORT,f047acb19692ac8da8cb78a847ef75af2d09cbf11fb45a556810899306359ea1,160,0,1,特定記錄或主張的證據狀態；VERIFIED 僅限可定位範圍,PROPOSED_CONTEXT_REVIEW,build_semantic_catalog.py: explicit proposed glossary,一个有来源、双时间的领域记录,隔離未知、宣稱與核實,NOT_APPLICABLE,TEXT,1,0,UNKNOWN_NOT_APPLICABLE_OR_NOT_RECORDED; DO_NOT_IMPUTE_ZERO,UNASSIGNED,PROPOSED_NO_MEASURED_ROI
DGEF/artifacts/tables/04_organizations_public_roles/registry_research_org.csv,registry_research_org,7,valid_from,DGEF_EXPORT,f047acb19692ac8da8cb78a847ef75af2d09cbf11fb45a556810899306359ea1,160,0,1,現實關係／記錄的有效起訖；未知終止時間留空，不當已終止,PROPOSED_CONTEXT_REVIEW,build_semantic_catalog.py: explicit proposed glossary,一个有来源、双时间的领域记录,歷史狀態重建,SOURCE_DATE_OR_TIMESTAMP,TEXT,1,0,UNKNOWN_NOT_APPLICABLE_OR_NOT_RECORDED; DO_NOT_IMPUTE_ZERO,UNASSIGNED,PROPOSED_NO_MEASURED_ROI
DGEF/artifacts/tables/04_organizations_public_roles/registry_research_org.csv,registry_research_org,8,valid_to,DGEF_EXPORT,f047acb19692ac8da8cb78a847ef75af2d09cbf11fb45a556810899306359ea1,160,160,0,現實關係／記錄的有效起訖；未知終止時間留空，不當已終止,PROPOSED_CONTEXT_REVIEW,build_semantic_catalog.py: explicit proposed glossary,一个有来源、双时间的领域记录,歷史狀態重建,SOURCE_DATE_OR_TIMESTAMP,TEXT,0,0,UNKNOWN_NOT_APPLICABLE_OR_NOT_RECORDED; DO_NOT_IMPUTE_ZERO,UNASSIGNED,PROPOSED_NO_MEASURED_ROI
DGEF/artifacts/tables/04_organizations_public_roles/registry_research_org.csv,registry_research_org,9,transaction_time,DGEF_EXPORT,f047acb19692ac8da8cb78a847ef75af2d09cbf11fb45a556810899306359ea1,160,0,75,資料系統記錄時間；與現實事件發生時間不同,PROPOSED_CONTEXT_REVIEW,build_semantic_catalog.py: explicit proposed glossary,一个有来源、双时间的领域记录,雙時間追溯,SOURCE_TIMESTAMP,TEXT,1,0,UNKNOWN_NOT_APPLICABLE_OR_NOT_RECORDED; DO_NOT_IMPUTE_ZERO,UNASSIGNED,PROPOSED_NO_MEASURED_ROI
DGEF/artifacts/tables/05_space_science/registry_astrobiology_evidence.csv,registry_astrobiology_evidence,1,record_id,DGEF_EXPORT,775670541576b598f0d244413bf7ecbd5d0e62926f418d4a40597a6d4363bbfe,0,0,0,record id；定义受所属表粒度与SQL约束限定,DOCUMENTED_GENERIC_REVIEW,DGEF/contracts/data_dictionary.csv: registry_astrobiology_evidence.record_id,一个有来源、双时间的领域记录,待資料負責人確認,UNKNOWN,TEXT,1,1,UNKNOWN_NOT_APPLICABLE_OR_NOT_RECORDED; DO_NOT_IMPUTE_ZERO,UNASSIGNED,PROPOSED_NO_MEASURED_ROI
DGEF/artifacts/tables/05_space_science/registry_astrobiology_evidence.csv,registry_astrobiology_evidence,2,entity_id,DGEF_EXPORT,775670541576b598f0d244413bf7ecbd5d0e62926f418d4a40597a6d4363bbfe,0,0,0,穩定內部實體識別鍵；命名空間及對象依所屬表，不以相似名稱自動合併,PROPOSED_CONTEXT_REVIEW,build_semantic_catalog.py: explicit proposed glossary,一个有来源、双时间的领域记录,跨表實體追溯,NOT_APPLICABLE,TEXT,1,0,UNKNOWN_NOT_APPLICABLE_OR_NOT_RECORDED; DO_NOT_IMPUTE_ZERO,UNASSIGNED,PROPOSED_NO_MEASURED_ROI
DGEF/artifacts/tables/05_space_science/registry_astrobiology_evidence.csv,registry_astrobiology_evidence,3,evidence_kind,DGEF_EXPORT,775670541576b598f0d244413bf7ecbd5d0e62926f418d4a40597a6d4363bbfe,0,0,0,evidence kind；定义受所属表粒度与SQL约束限定,DOCUMENTED_GENERIC_REVIEW,DGEF/contracts/data_dictionary.csv: registry_astrobiology_evidence.evidence_kind,一个有来源、双时间的领域记录,待資料負責人確認,UNKNOWN,TEXT,1,0,UNKNOWN_NOT_APPLICABLE_OR_NOT_RECORDED; DO_NOT_IMPUTE_ZERO,UNASSIGNED,PROPOSED_NO_MEASURED_ROI
DGEF/artifacts/tables/05_space_science/registry_astrobiology_evidence.csv,registry_astrobiology_evidence,4,finding_status,DGEF_EXPORT,775670541576b598f0d244413bf7ecbd5d0e62926f418d4a40597a6d4363bbfe,0,0,0,finding status；定义受所属表粒度与SQL约束限定,DOCUMENTED_GENERIC_REVIEW,DGEF/contracts/data_dictionary.csv: registry_astrobiology_evidence.finding_status,一个有来源、双时间的领域记录,待資料負責人確認,UNKNOWN,TEXT,1,0,UNKNOWN_NOT_APPLICABLE_OR_NOT_RECORDED; DO_NOT_IMPUTE_ZERO,UNASSIGNED,PROPOSED_NO_MEASURED_ROI
DGEF/artifacts/tables/05_space_science/registry_astrobiology_evidence.csv,registry_astrobiology_evidence,5,claim_id,DGEF_EXPORT,775670541576b598f0d244413bf7ecbd5d0e62926f418d4a40597a6d4363bbfe,0,0,0,一項可定位主張的識別鍵；真偽與有效範圍另列,PROPOSED_CONTEXT_REVIEW,build_semantic_catalog.py: explicit proposed glossary,一个有来源、双时间的领域记录,主張審核與衝突管理,NOT_APPLICABLE,TEXT,1,0,UNKNOWN_NOT_APPLICABLE_OR_NOT_RECORDED; DO_NOT_IMPUTE_ZERO,UNASSIGNED,PROPOSED_NO_MEASURED_ROI
DGEF/artifacts/tables/05_space_science/registry_astrobiology_evidence.csv,registry_astrobiology_evidence,6,source_id,DGEF_EXPORT,775670541576b598f0d244413bf7ecbd5d0e62926f418d4a40597a6d4363bbfe,0,0,0,來源登記鍵；僅指來源，不代表該來源全部說法已核實,PROPOSED_CONTEXT_REVIEW,build_semantic_catalog.py: explicit proposed glossary,一个有来源、双时间的领域记录,主張證據追溯,NOT_APPLICABLE,TEXT,1,0,UNKNOWN_NOT_APPLICABLE_OR_NOT_RECORDED; DO_NOT_IMPUTE_ZERO,UNASSIGNED,PROPOSED_NO_MEASURED_ROI
DGEF/artifacts/tables/05_space_science/registry_astrobiology_evidence.csv,registry_astrobiology_evidence,7,evidence_state,DGEF_EXPORT,775670541576b598f0d244413bf7ecbd5d0e62926f418d4a40597a6d4363bbfe,0,0,0,特定記錄或主張的證據狀態；VERIFIED 僅限可定位範圍,PROPOSED_CONTEXT_REVIEW,build_semantic_catalog.py: explicit proposed glossary,一个有来源、双时间的领域记录,隔離未知、宣稱與核實,NOT_APPLICABLE,TEXT,1,0,UNKNOWN_NOT_APPLICABLE_OR_NOT_RECORDED; DO_NOT_IMPUTE_ZERO,UNASSIGNED,PROPOSED_NO_MEASURED_ROI
DGEF/artifacts/tables/05_space_science/registry_astrobiology_evidence.csv,registry_astrobiology_evidence,8,valid_from,DGEF_EXPORT,775670541576b598f0d244413bf7ecbd5d0e62926f418d4a40597a6d4363bbfe,0,0,0,現實關係／記錄的有效起訖；未知終止時間留空，不當已終止,PROPOSED_CONTEXT_REVIEW,build_semantic_catalog.py: explicit proposed glossary,一个有来源、双时间的领域记录,歷史狀態重建,SOURCE_DATE_OR_TIMESTAMP,TEXT,1,0,UNKNOWN_NOT_APPLICABLE_OR_NOT_RECORDED; DO_NOT_IMPUTE_ZERO,UNASSIGNED,PROPOSED_NO_MEASURED_ROI
DGEF/artifacts/tables/05_space_science/registry_astrobiology_evidence.csv,registry_astrobiology_evidence,9,valid_to,DGEF_EXPORT,775670541576b598f0d244413bf7ecbd5d0e62926f418d4a40597a6d4363bbfe,0,0,0,現實關係／記錄的有效起訖；未知終止時間留空，不當已終止,PROPOSED_CONTEXT_REVIEW,build_semantic_catalog.py: explicit proposed glossary,一个有来源、双时间的领域记录,歷史狀態重建,SOURCE_DATE_OR_TIMESTAMP,TEXT,0,0,UNKNOWN_NOT_APPLICABLE_OR_NOT_RECORDED; DO_NOT_IMPUTE_ZERO,UNASSIGNED,PROPOSED_NO_MEASURED_ROI
DGEF/artifacts/tables/05_space_science/registry_astrobiology_evidence.csv,registry_astrobiology_evidence,10,transaction_time,DGEF_EXPORT,775670541576b598f0d244413bf7ecbd5d0e62926f418d4a40597a6d4363bbfe,0,0,0,資料系統記錄時間；與現實事件發生時間不同,PROPOSED_CONTEXT_REVIEW,build_semantic_catalog.py: explicit proposed glossary,一个有来源、双时间的领域记录,雙時間追溯,SOURCE_TIMESTAMP,TEXT,1,0,UNKNOWN_NOT_APPLICABLE_OR_NOT_RECORDED; DO_NOT_IMPUTE_ZERO,UNASSIGNED,PROPOSED_NO_MEASURED_ROI
DGEF/artifacts/tables/05_space_science/registry_celestial_object.csv,registry_celestial_object,1,record_id,DGEF_EXPORT,c33f70d5c12fbbf357b7334da509ec3f3835db766dc32f7e813f66878dfa5e61,28,0,28,record id；定义受所属表粒度与SQL约束限定,DOCUMENTED_GENERIC_REVIEW,DGEF/contracts/data_dictionary.csv: registry_celestial_object.record_id,一个有来源、双时间的领域记录,待資料負責人確認,UNKNOWN,TEXT,1,1,UNKNOWN_NOT_APPLICABLE_OR_NOT_RECORDED; DO_NOT_IMPUTE_ZERO,UNASSIGNED,PROPOSED_NO_MEASURED_ROI
DGEF/artifacts/tables/05_space_science/registry_celestial_object.csv,registry_celestial_object,2,entity_id,DGEF_EXPORT,c33f70d5c12fbbf357b7334da509ec3f3835db766dc32f7e813f66878dfa5e61,28,0,28,穩定內部實體識別鍵；命名空間及對象依所屬表，不以相似名稱自動合併,PROPOSED_CONTEXT_REVIEW,build_semantic_catalog.py: explicit proposed glossary,一个有来源、双时间的领域记录,跨表實體追溯,NOT_APPLICABLE,TEXT,1,0,UNKNOWN_NOT_APPLICABLE_OR_NOT_RECORDED; DO_NOT_IMPUTE_ZERO,UNASSIGNED,PROPOSED_NO_MEASURED_ROI
DGEF/artifacts/tables/05_space_science/registry_celestial_object.csv,registry_celestial_object,3,object_kind,DGEF_EXPORT,c33f70d5c12fbbf357b7334da509ec3f3835db766dc32f7e813f66878dfa5e61,28,0,4,object kind；定义受所属表粒度与SQL约束限定,DOCUMENTED_GENERIC_REVIEW,DGEF/contracts/data_dictionary.csv: registry_celestial_object.object_kind,一个有来源、双时间的领域记录,待資料負責人確認,UNKNOWN,TEXT,1,0,UNKNOWN_NOT_APPLICABLE_OR_NOT_RECORDED; DO_NOT_IMPUTE_ZERO,UNASSIGNED,PROPOSED_NO_MEASURED_ROI
DGEF/artifacts/tables/05_space_science/registry_celestial_object.csv,registry_celestial_object,4,catalog_solution,DGEF_EXPORT,c33f70d5c12fbbf357b7334da509ec3f3835db766dc32f7e813f66878dfa5e61,28,0,9,catalog solution；定义受所属表粒度与SQL约束限定,DOCUMENTED_GENERIC_REVIEW,DGEF/contracts/data_dictionary.csv: registry_celestial_object.catalog_solution,一个有来源、双时间的领域记录,待資料負責人確認,UNKNOWN,TEXT,1,0,UNKNOWN_NOT_APPLICABLE_OR_NOT_RECORDED; DO_NOT_IMPUTE_ZERO,UNASSIGNED,PROPOSED_NO_MEASURED_ROI
DGEF/artifacts/tables/05_space_science/registry_celestial_object.csv,registry_celestial_object,5,source_id,DGEF_EXPORT,c33f70d5c12fbbf357b7334da509ec3f3835db766dc32f7e813f66878dfa5e61,28,0,9,來源登記鍵；僅指來源，不代表該來源全部說法已核實,PROPOSED_CONTEXT_REVIEW,build_semantic_catalog.py: explicit proposed glossary,一个有来源、双时间的领域记录,主張證據追溯,NOT_APPLICABLE,TEXT,1,0,UNKNOWN_NOT_APPLICABLE_OR_NOT_RECORDED; DO_NOT_IMPUTE_ZERO,UNASSIGNED,PROPOSED_NO_MEASURED_ROI
DGEF/artifacts/tables/05_space_science/registry_celestial_object.csv,registry_celestial_object,6,evidence_state,DGEF_EXPORT,c33f70d5c12fbbf357b7334da509ec3f3835db766dc32f7e813f66878dfa5e61,28,0,1,特定記錄或主張的證據狀態；VERIFIED 僅限可定位範圍,PROPOSED_CONTEXT_REVIEW,build_semantic_catalog.py: explicit proposed glossary,一个有来源、双时间的领域记录,隔離未知、宣稱與核實,NOT_APPLICABLE,TEXT,1,0,UNKNOWN_NOT_APPLICABLE_OR_NOT_RECORDED; DO_NOT_IMPUTE_ZERO,UNASSIGNED,PROPOSED_NO_MEASURED_ROI
DGEF/artifacts/tables/05_space_science/registry_celestial_object.csv,registry_celestial_object,7,valid_from,DGEF_EXPORT,c33f70d5c12fbbf357b7334da509ec3f3835db766dc32f7e813f66878dfa5e61,28,0,1,現實關係／記錄的有效起訖；未知終止時間留空，不當已終止,PROPOSED_CONTEXT_REVIEW,build_semantic_catalog.py: explicit proposed glossary,一个有来源、双时间的领域记录,歷史狀態重建,SOURCE_DATE_OR_TIMESTAMP,TEXT,1,0,UNKNOWN_NOT_APPLICABLE_OR_NOT_RECORDED; DO_NOT_IMPUTE_ZERO,UNASSIGNED,PROPOSED_NO_MEASURED_ROI
DGEF/artifacts/tables/05_space_science/registry_celestial_object.csv,registry_celestial_object,8,valid_to,DGEF_EXPORT,c33f70d5c12fbbf357b7334da509ec3f3835db766dc32f7e813f66878dfa5e61,28,28,0,現實關係／記錄的有效起訖；未知終止時間留空，不當已終止,PROPOSED_CONTEXT_REVIEW,build_semantic_catalog.py: explicit proposed glossary,一个有来源、双时间的领域记录,歷史狀態重建,SOURCE_DATE_OR_TIMESTAMP,TEXT,0,0,UNKNOWN_NOT_APPLICABLE_OR_NOT_RECORDED; DO_NOT_IMPUTE_ZERO,UNASSIGNED,PROPOSED_NO_MEASURED_ROI
DGEF/artifacts/tables/05_space_science/registry_celestial_object.csv,registry_celestial_object,9,transaction_time,DGEF_EXPORT,c33f70d5c12fbbf357b7334da509ec3f3835db766dc32f7e813f66878dfa5e61,28,0,13,資料系統記錄時間；與現實事件發生時間不同,PROPOSED_CONTEXT_REVIEW,build_semantic_catalog.py: explicit proposed glossary,一个有来源、双时间的领域记录,雙時間追溯,SOURCE_TIMESTAMP,TEXT,1,0,UNKNOWN_NOT_APPLICABLE_OR_NOT_RECORDED; DO_NOT_IMPUTE_ZERO,UNASSIGNED,PROPOSED_NO_MEASURED_ROI
DGEF/artifacts/tables/05_space_science/registry_ground_facility_public.csv,registry_ground_facility_public,1,record_id,DGEF_EXPORT,ffec5a52ef2ce239ae9e2dc5bc765a688d3e1fc689e428b9268ada996afaa637,2,0,2,record id；定义受所属表粒度与SQL约束限定,DOCUMENTED_GENERIC_REVIEW,DGEF/contracts/data_dictionary.csv: registry_ground_facility_public.record_id,一个有来源、双时间的领域记录,待資料負責人確認,UNKNOWN,TEXT,1,1,UNKNOWN_NOT_APPLICABLE_OR_NOT_RECORDED; DO_NOT_IMPUTE_ZERO,UNASSIGNED,PROPOSED_NO_MEASURED_ROI
DGEF/artifacts/tables/05_space_science/registry_ground_facility_public.csv,registry_ground_facility_public,2,entity_id,DGEF_EXPORT,ffec5a52ef2ce239ae9e2dc5bc765a688d3e1fc689e428b9268ada996afaa637,2,0,2,穩定內部實體識別鍵；命名空間及對象依所屬表，不以相似名稱自動合併,PROPOSED_CONTEXT_REVIEW,build_semantic_catalog.py: explicit proposed glossary,一个有来源、双时间的领域记录,跨表實體追溯,NOT_APPLICABLE,TEXT,1,0,UNKNOWN_NOT_APPLICABLE_OR_NOT_RECORDED; DO_NOT_IMPUTE_ZERO,UNASSIGNED,PROPOSED_NO_MEASURED_ROI
DGEF/artifacts/tables/05_space_science/registry_ground_facility_public.csv,registry_ground_facility_public,3,facility_entity_id,DGEF_EXPORT,ffec5a52ef2ce239ae9e2dc5bc765a688d3e1fc689e428b9268ada996afaa637,2,0,2,facility entity id；定义受所属表粒度与SQL约束限定,DOCUMENTED_GENERIC_REVIEW,DGEF/contracts/data_dictionary.csv: registry_ground_facility_public.facility_entity_id,一个有来源、双时间的领域记录,待資料負責人確認,UNKNOWN,TEXT,1,0,UNKNOWN_NOT_APPLICABLE_OR_NOT_RECORDED; DO_NOT_IMPUTE_ZERO,UNASSIGNED,PROPOSED_NO_MEASURED_ROI
DGEF/artifacts/tables/05_space_science/registry_ground_facility_public.csv,registry_ground_facility_public,4,service_kind,DGEF_EXPORT,ffec5a52ef2ce239ae9e2dc5bc765a688d3e1fc689e428b9268ada996afaa637,2,0,1,service kind；定义受所属表粒度与SQL约束限定,DOCUMENTED_GENERIC_REVIEW,DGEF/contracts/data_dictionary.csv: registry_ground_facility_public.service_kind,一个有来源、双时间的领域记录,待資料負責人確認,UNKNOWN,TEXT,1,0,UNKNOWN_NOT_APPLICABLE_OR_NOT_RECORDED; DO_NOT_IMPUTE_ZERO,UNASSIGNED,PROPOSED_NO_MEASURED_ROI
DGEF/artifacts/tables/05_space_science/registry_ground_facility_public.csv,registry_ground_facility_public,5,source_id,DGEF_EXPORT,ffec5a52ef2ce239ae9e2dc5bc765a688d3e1fc689e428b9268ada996afaa637,2,0,2,來源登記鍵；僅指來源，不代表該來源全部說法已核實,PROPOSED_CONTEXT_REVIEW,build_semantic_catalog.py: explicit proposed glossary,一个有来源、双时间的领域记录,主張證據追溯,NOT_APPLICABLE,TEXT,1,0,UNKNOWN_NOT_APPLICABLE_OR_NOT_RECORDED; DO_NOT_IMPUTE_ZERO,UNASSIGNED,PROPOSED_NO_MEASURED_ROI
DGEF/artifacts/tables/05_space_science/registry_ground_facility_public.csv,registry_ground_facility_public,6,evidence_state,DGEF_EXPORT,ffec5a52ef2ce239ae9e2dc5bc765a688d3e1fc689e428b9268ada996afaa637,2,0,1,特定記錄或主張的證據狀態；VERIFIED 僅限可定位範圍,PROPOSED_CONTEXT_REVIEW,build_semantic_catalog.py: explicit proposed glossary,一个有来源、双时间的领域记录,隔離未知、宣稱與核實,NOT_APPLICABLE,TEXT,1,0,UNKNOWN_NOT_APPLICABLE_OR_NOT_RECORDED; DO_NOT_IMPUTE_ZERO,UNASSIGNED,PROPOSED_NO_MEASURED_ROI
DGEF/artifacts/tables/05_space_science/registry_ground_facility_public.csv,registry_ground_facility_public,7,valid_from,DGEF_EXPORT,ffec5a52ef2ce239ae9e2dc5bc765a688d3e1fc689e428b9268ada996afaa637,2,0,1,現實關係／記錄的有效起訖；未知終止時間留空，不當已終止,PROPOSED_CONTEXT_REVIEW,build_semantic_catalog.py: explicit proposed glossary,一个有来源、双时间的领域记录,歷史狀態重建,SOURCE_DATE_OR_TIMESTAMP,TEXT,1,0,UNKNOWN_NOT_APPLICABLE_OR_NOT_RECORDED; DO_NOT_IMPUTE_ZERO,UNASSIGNED,PROPOSED_NO_MEASURED_ROI
DGEF/artifacts/tables/05_space_science/registry_ground_facility_public.csv,registry_ground_facility_public,8,valid_to,DGEF_EXPORT,ffec5a52ef2ce239ae9e2dc5bc765a688d3e1fc689e428b9268ada996afaa637,2,2,0,現實關係／記錄的有效起訖；未知終止時間留空，不當已終止,PROPOSED_CONTEXT_REVIEW,build_semantic_catalog.py: explicit proposed glossary,一个有来源、双时间的领域记录,歷史狀態重建,SOURCE_DATE_OR_TIMESTAMP,TEXT,0,0,UNKNOWN_NOT_APPLICABLE_OR_NOT_RECORDED; DO_NOT_IMPUTE_ZERO,UNASSIGNED,PROPOSED_NO_MEASURED_ROI
DGEF/artifacts/tables/05_space_science/registry_ground_facility_public.csv,registry_ground_facility_public,9,transaction_time,DGEF_EXPORT,ffec5a52ef2ce239ae9e2dc5bc765a688d3e1fc689e428b9268ada996afaa637,2,0,1,資料系統記錄時間；與現實事件發生時間不同,PROPOSED_CONTEXT_REVIEW,build_semantic_catalog.py: explicit proposed glossary,一个有来源、双时间的领域记录,雙時間追溯,SOURCE_TIMESTAMP,TEXT,1,0,UNKNOWN_NOT_APPLICABLE_OR_NOT_RECORDED; DO_NOT_IMPUTE_ZERO,UNASSIGNED,PROPOSED_NO_MEASURED_ROI
DGEF/artifacts/tables/05_space_science/registry_space_asset.csv,registry_space_asset,1,record_id,DGEF_EXPORT,a5b6145175d4df74587961671f3c75ecb92d52e7e64e384022b911c700d1f6c0,2,0,2,record id；定义受所属表粒度与SQL约束限定,DOCUMENTED_GENERIC_REVIEW,DGEF/contracts/data_dictionary.csv: registry_space_asset.record_id,一个有来源、双时间的领域记录,待資料負責人確認,UNKNOWN,TEXT,1,1,UNKNOWN_NOT_APPLICABLE_OR_NOT_RECORDED; DO_NOT_IMPUTE_ZERO,UNASSIGNED,PROPOSED_NO_MEASURED_ROI
DGEF/artifacts/tables/05_space_science/registry_space_asset.csv,registry_space_asset,2,entity_id,DGEF_EXPORT,a5b6145175d4df74587961671f3c75ecb92d52e7e64e384022b911c700d1f6c0,2,0,2,穩定內部實體識別鍵；命名空間及對象依所屬表，不以相似名稱自動合併,PROPOSED_CONTEXT_REVIEW,build_semantic_catalog.py: explicit proposed glossary,一个有来源、双时间的领域记录,跨表實體追溯,NOT_APPLICABLE,TEXT,1,0,UNKNOWN_NOT_APPLICABLE_OR_NOT_RECORDED; DO_NOT_IMPUTE_ZERO,UNASSIGNED,PROPOSED_NO_MEASURED_ROI
DGEF/artifacts/tables/05_space_science/registry_space_asset.csv,registry_space_asset,3,asset_kind,DGEF_EXPORT,a5b6145175d4df74587961671f3c75ecb92d52e7e64e384022b911c700d1f6c0,2,0,2,asset kind；定义受所属表粒度与SQL约束限定,DOCUMENTED_GENERIC_REVIEW,DGEF/contracts/data_dictionary.csv: registry_space_asset.asset_kind,一个有来源、双时间的领域记录,待資料負責人確認,UNKNOWN,TEXT,1,0,UNKNOWN_NOT_APPLICABLE_OR_NOT_RECORDED; DO_NOT_IMPUTE_ZERO,UNASSIGNED,PROPOSED_NO_MEASURED_ROI
DGEF/artifacts/tables/05_space_science/registry_space_asset.csv,registry_space_asset,4,mission_entity_id,DGEF_EXPORT,a5b6145175d4df74587961671f3c75ecb92d52e7e64e384022b911c700d1f6c0,2,1,1,mission entity id；定义受所属表粒度与SQL约束限定,DOCUMENTED_GENERIC_REVIEW,DGEF/contracts/data_dictionary.csv: registry_space_asset.mission_entity_id,一个有来源、双时间的领域记录,待資料負責人確認,UNKNOWN,TEXT,0,0,UNKNOWN_NOT_APPLICABLE_OR_NOT_RECORDED; DO_NOT_IMPUTE_ZERO,UNASSIGNED,PROPOSED_NO_MEASURED_ROI
DGEF/artifacts/tables/05_space_science/registry_space_asset.csv,registry_space_asset,5,operational_status,DGEF_EXPORT,a5b6145175d4df74587961671f3c75ecb92d52e7e64e384022b911c700d1f6c0,2,0,2,operational status；定义受所属表粒度与SQL约束限定,DOCUMENTED_GENERIC_REVIEW,DGEF/contracts/data_dictionary.csv: registry_space_asset.operational_status,一个有来源、双时间的领域记录,待資料負責人確認,UNKNOWN,TEXT,1,0,UNKNOWN_NOT_APPLICABLE_OR_NOT_RECORDED; DO_NOT_IMPUTE_ZERO,UNASSIGNED,PROPOSED_NO_MEASURED_ROI
DGEF/artifacts/tables/05_space_science/registry_space_asset.csv,registry_space_asset,6,source_id,DGEF_EXPORT,a5b6145175d4df74587961671f3c75ecb92d52e7e64e384022b911c700d1f6c0,2,0,2,來源登記鍵；僅指來源，不代表該來源全部說法已核實,PROPOSED_CONTEXT_REVIEW,build_semantic_catalog.py: explicit proposed glossary,一个有来源、双时间的领域记录,主張證據追溯,NOT_APPLICABLE,TEXT,1,0,UNKNOWN_NOT_APPLICABLE_OR_NOT_RECORDED; DO_NOT_IMPUTE_ZERO,UNASSIGNED,PROPOSED_NO_MEASURED_ROI
DGEF/artifacts/tables/05_space_science/registry_space_asset.csv,registry_space_asset,7,evidence_state,DGEF_EXPORT,a5b6145175d4df74587961671f3c75ecb92d52e7e64e384022b911c700d1f6c0,2,0,1,特定記錄或主張的證據狀態；VERIFIED 僅限可定位範圍,PROPOSED_CONTEXT_REVIEW,build_semantic_catalog.py: explicit proposed glossary,一个有来源、双时间的领域记录,隔離未知、宣稱與核實,NOT_APPLICABLE,TEXT,1,0,UNKNOWN_NOT_APPLICABLE_OR_NOT_RECORDED; DO_NOT_IMPUTE_ZERO,UNASSIGNED,PROPOSED_NO_MEASURED_ROI
DGEF/artifacts/tables/05_space_science/registry_space_asset.csv,registry_space_asset,8,valid_from,DGEF_EXPORT,a5b6145175d4df74587961671f3c75ecb92d52e7e64e384022b911c700d1f6c0,2,0,1,現實關係／記錄的有效起訖；未知終止時間留空，不當已終止,PROPOSED_CONTEXT_REVIEW,build_semantic_catalog.py: explicit proposed glossary,一个有来源、双时间的领域记录,歷史狀態重建,SOURCE_DATE_OR_TIMESTAMP,TEXT,1,0,UNKNOWN_NOT_APPLICABLE_OR_NOT_RECORDED; DO_NOT_IMPUTE_ZERO,UNASSIGNED,PROPOSED_NO_MEASURED_ROI
DGEF/artifacts/tables/05_space_science/registry_space_asset.csv,registry_space_asset,9,valid_to,DGEF_EXPORT,a5b6145175d4df74587961671f3c75ecb92d52e7e64e384022b911c700d1f6c0,2,2,0,現實關係／記錄的有效起訖；未知終止時間留空，不當已終止,PROPOSED_CONTEXT_REVIEW,build_semantic_catalog.py: explicit proposed glossary,一个有来源、双时间的领域记录,歷史狀態重建,SOURCE_DATE_OR_TIMESTAMP,TEXT,0,0,UNKNOWN_NOT_APPLICABLE_OR_NOT_RECORDED; DO_NOT_IMPUTE_ZERO,UNASSIGNED,PROPOSED_NO_MEASURED_ROI
DGEF/artifacts/tables/05_space_science/registry_space_asset.csv,registry_space_asset,10,transaction_time,DGEF_EXPORT,a5b6145175d4df74587961671f3c75ecb92d52e7e64e384022b911c700d1f6c0,2,0,2,資料系統記錄時間；與現實事件發生時間不同,PROPOSED_CONTEXT_REVIEW,build_semantic_catalog.py: explicit proposed glossary,一个有来源、双时间的领域记录,雙時間追溯,SOURCE_TIMESTAMP,TEXT,1,0,UNKNOWN_NOT_APPLICABLE_OR_NOT_RECORDED; DO_NOT_IMPUTE_ZERO,UNASSIGNED,PROPOSED_NO_MEASURED_ROI
DGEF/artifacts/tables/05_space_science/registry_space_mission.csv,registry_space_mission,1,record_id,DGEF_EXPORT,4dc44865a9f6a7d182f675a8ad135227d7b0316d9cff4670e0e5522b845873de,2,0,2,record id；定义受所属表粒度与SQL约束限定,DOCUMENTED_GENERIC_REVIEW,DGEF/contracts/data_dictionary.csv: registry_space_mission.record_id,一个有来源、双时间的领域记录,待資料負責人確認,UNKNOWN,TEXT,1,1,UNKNOWN_NOT_APPLICABLE_OR_NOT_RECORDED; DO_NOT_IMPUTE_ZERO,UNASSIGNED,PROPOSED_NO_MEASURED_ROI
DGEF/artifacts/tables/05_space_science/registry_space_mission.csv,registry_space_mission,2,entity_id,DGEF_EXPORT,4dc44865a9f6a7d182f675a8ad135227d7b0316d9cff4670e0e5522b845873de,2,0,2,穩定內部實體識別鍵；命名空間及對象依所屬表，不以相似名稱自動合併,PROPOSED_CONTEXT_REVIEW,build_semantic_catalog.py: explicit proposed glossary,一个有来源、双时间的领域记录,跨表實體追溯,NOT_APPLICABLE,TEXT,1,0,UNKNOWN_NOT_APPLICABLE_OR_NOT_RECORDED; DO_NOT_IMPUTE_ZERO,UNASSIGNED,PROPOSED_NO_MEASURED_ROI
DGEF/artifacts/tables/05_space_science/registry_space_mission.csv,registry_space_mission,3,program_entity_id,DGEF_EXPORT,4dc44865a9f6a7d182f675a8ad135227d7b0316d9cff4670e0e5522b845873de,2,0,2,program entity id；定义受所属表粒度与SQL约束限定,DOCUMENTED_GENERIC_REVIEW,DGEF/contracts/data_dictionary.csv: registry_space_mission.program_entity_id,一个有来源、双时间的领域记录,待資料負責人確認,UNKNOWN,TEXT,0,0,UNKNOWN_NOT_APPLICABLE_OR_NOT_RECORDED; DO_NOT_IMPUTE_ZERO,UNASSIGNED,PROPOSED_NO_MEASURED_ROI
DGEF/artifacts/tables/05_space_science/registry_space_mission.csv,registry_space_mission,4,mission_status,DGEF_EXPORT,4dc44865a9f6a7d182f675a8ad135227d7b0316d9cff4670e0e5522b845873de,2,0,2,mission status；定义受所属表粒度与SQL约束限定,DOCUMENTED_GENERIC_REVIEW,DGEF/contracts/data_dictionary.csv: registry_space_mission.mission_status,一个有来源、双时间的领域记录,待資料負責人確認,UNKNOWN,TEXT,1,0,UNKNOWN_NOT_APPLICABLE_OR_NOT_RECORDED; DO_NOT_IMPUTE_ZERO,UNASSIGNED,PROPOSED_NO_MEASURED_ROI
DGEF/artifacts/tables/05_space_science/registry_space_mission.csv,registry_space_mission,5,source_id,DGEF_EXPORT,4dc44865a9f6a7d182f675a8ad135227d7b0316d9cff4670e0e5522b845873de,2,0,2,來源登記鍵；僅指來源，不代表該來源全部說法已核實,PROPOSED_CONTEXT_REVIEW,build_semantic_catalog.py: explicit proposed glossary,一个有来源、双时间的领域记录,主張證據追溯,NOT_APPLICABLE,TEXT,1,0,UNKNOWN_NOT_APPLICABLE_OR_NOT_RECORDED; DO_NOT_IMPUTE_ZERO,UNASSIGNED,PROPOSED_NO_MEASURED_ROI
DGEF/artifacts/tables/05_space_science/registry_space_mission.csv,registry_space_mission,6,evidence_state,DGEF_EXPORT,4dc44865a9f6a7d182f675a8ad135227d7b0316d9cff4670e0e5522b845873de,2,0,1,特定記錄或主張的證據狀態；VERIFIED 僅限可定位範圍,PROPOSED_CONTEXT_REVIEW,build_semantic_catalog.py: explicit proposed glossary,一个有来源、双时间的领域记录,隔離未知、宣稱與核實,NOT_APPLICABLE,TEXT,1,0,UNKNOWN_NOT_APPLICABLE_OR_NOT_RECORDED; DO_NOT_IMPUTE_ZERO,UNASSIGNED,PROPOSED_NO_MEASURED_ROI
DGEF/artifacts/tables/05_space_science/registry_space_mission.csv,registry_space_mission,7,valid_from,DGEF_EXPORT,4dc44865a9f6a7d182f675a8ad135227d7b0316d9cff4670e0e5522b845873de,2,0,1,現實關係／記錄的有效起訖；未知終止時間留空，不當已終止,PROPOSED_CONTEXT_REVIEW,build_semantic_catalog.py: explicit proposed glossary,一个有来源、双时间的领域记录,歷史狀態重建,SOURCE_DATE_OR_TIMESTAMP,TEXT,1,0,UNKNOWN_NOT_APPLICABLE_OR_NOT_RECORDED; DO_NOT_IMPUTE_ZERO,UNASSIGNED,PROPOSED_NO_MEASURED_ROI
DGEF/artifacts/tables/05_space_science/registry_space_mission.csv,registry_space_mission,8,valid_to,DGEF_EXPORT,4dc44865a9f6a7d182f675a8ad135227d7b0316d9cff4670e0e5522b845873de,2,2,0,現實關係／記錄的有效起訖；未知終止時間留空，不當已終止,PROPOSED_CONTEXT_REVIEW,build_semantic_catalog.py: explicit proposed glossary,一个有来源、双时间的领域记录,歷史狀態重建,SOURCE_DATE_OR_TIMESTAMP,TEXT,0,0,UNKNOWN_NOT_APPLICABLE_OR_NOT_RECORDED; DO_NOT_IMPUTE_ZERO,UNASSIGNED,PROPOSED_NO_MEASURED_ROI
DGEF/artifacts/tables/05_space_science/registry_space_mission.csv,registry_space_mission,9,transaction_time,DGEF_EXPORT,4dc44865a9f6a7d182f675a8ad135227d7b0316d9cff4670e0e5522b845873de,2,0,2,資料系統記錄時間；與現實事件發生時間不同,PROPOSED_CONTEXT_REVIEW,build_semantic_catalog.py: explicit proposed glossary,一个有来源、双时间的领域记录,雙時間追溯,SOURCE_TIMESTAMP,TEXT,1,0,UNKNOWN_NOT_APPLICABLE_OR_NOT_RECORDED; DO_NOT_IMPUTE_ZERO,UNASSIGNED,PROPOSED_NO_MEASURED_ROI
DGEF/artifacts/tables/05_space_science/registry_space_org.csv,registry_space_org,1,record_id,DGEF_EXPORT,585be364f7569a4f728c15e802a03ba71b24c38c3e5d58002d6f05592069c979,2,0,2,record id；定义受所属表粒度与SQL约束限定,DOCUMENTED_GENERIC_REVIEW,DGEF/contracts/data_dictionary.csv: registry_space_org.record_id,一个有来源、双时间的领域记录,待資料負責人確認,UNKNOWN,TEXT,1,1,UNKNOWN_NOT_APPLICABLE_OR_NOT_RECORDED; DO_NOT_IMPUTE_ZERO,UNASSIGNED,PROPOSED_NO_MEASURED_ROI
DGEF/artifacts/tables/05_space_science/registry_space_org.csv,registry_space_org,2,entity_id,DGEF_EXPORT,585be364f7569a4f728c15e802a03ba71b24c38c3e5d58002d6f05592069c979,2,0,2,穩定內部實體識別鍵；命名空間及對象依所屬表，不以相似名稱自動合併,PROPOSED_CONTEXT_REVIEW,build_semantic_catalog.py: explicit proposed glossary,一个有来源、双时间的领域记录,跨表實體追溯,NOT_APPLICABLE,TEXT,1,0,UNKNOWN_NOT_APPLICABLE_OR_NOT_RECORDED; DO_NOT_IMPUTE_ZERO,UNASSIGNED,PROPOSED_NO_MEASURED_ROI
DGEF/artifacts/tables/05_space_science/registry_space_org.csv,registry_space_org,3,org_role,DGEF_EXPORT,585be364f7569a4f728c15e802a03ba71b24c38c3e5d58002d6f05592069c979,2,0,1,org role；定义受所属表粒度与SQL约束限定,DOCUMENTED_GENERIC_REVIEW,DGEF/contracts/data_dictionary.csv: registry_space_org.org_role,一个有来源、双时间的领域记录,待資料負責人確認,UNKNOWN,TEXT,1,0,UNKNOWN_NOT_APPLICABLE_OR_NOT_RECORDED; DO_NOT_IMPUTE_ZERO,UNASSIGNED,PROPOSED_NO_MEASURED_ROI
DGEF/artifacts/tables/05_space_science/registry_space_org.csv,registry_space_org,4,source_id,DGEF_EXPORT,585be364f7569a4f728c15e802a03ba71b24c38c3e5d58002d6f05592069c979,2,0,2,來源登記鍵；僅指來源，不代表該來源全部說法已核實,PROPOSED_CONTEXT_REVIEW,build_semantic_catalog.py: explicit proposed glossary,一个有来源、双时间的领域记录,主張證據追溯,NOT_APPLICABLE,TEXT,1,0,UNKNOWN_NOT_APPLICABLE_OR_NOT_RECORDED; DO_NOT_IMPUTE_ZERO,UNASSIGNED,PROPOSED_NO_MEASURED_ROI
DGEF/artifacts/tables/05_space_science/registry_space_org.csv,registry_space_org,5,evidence_state,DGEF_EXPORT,585be364f7569a4f728c15e802a03ba71b24c38c3e5d58002d6f05592069c979,2,0,1,特定記錄或主張的證據狀態；VERIFIED 僅限可定位範圍,PROPOSED_CONTEXT_REVIEW,build_semantic_catalog.py: explicit proposed glossary,一个有来源、双时间的领域记录,隔離未知、宣稱與核實,NOT_APPLICABLE,TEXT,1,0,UNKNOWN_NOT_APPLICABLE_OR_NOT_RECORDED; DO_NOT_IMPUTE_ZERO,UNASSIGNED,PROPOSED_NO_MEASURED_ROI
DGEF/artifacts/tables/05_space_science/registry_space_org.csv,registry_space_org,6,valid_from,DGEF_EXPORT,585be364f7569a4f728c15e802a03ba71b24c38c3e5d58002d6f05592069c979,2,0,1,現實關係／記錄的有效起訖；未知終止時間留空，不當已終止,PROPOSED_CONTEXT_REVIEW,build_semantic_catalog.py: explicit proposed glossary,一个有来源、双时间的领域记录,歷史狀態重建,SOURCE_DATE_OR_TIMESTAMP,TEXT,1,0,UNKNOWN_NOT_APPLICABLE_OR_NOT_RECORDED; DO_NOT_IMPUTE_ZERO,UNASSIGNED,PROPOSED_NO_MEASURED_ROI
DGEF/artifacts/tables/05_space_science/registry_space_org.csv,registry_space_org,7,valid_to,DGEF_EXPORT,585be364f7569a4f728c15e802a03ba71b24c38c3e5d58002d6f05592069c979,2,2,0,現實關係／記錄的有效起訖；未知終止時間留空，不當已終止,PROPOSED_CONTEXT_REVIEW,build_semantic_catalog.py: explicit proposed glossary,一个有来源、双时间的领域记录,歷史狀態重建,SOURCE_DATE_OR_TIMESTAMP,TEXT,0,0,UNKNOWN_NOT_APPLICABLE_OR_NOT_RECORDED; DO_NOT_IMPUTE_ZERO,UNASSIGNED,PROPOSED_NO_MEASURED_ROI
DGEF/artifacts/tables/05_space_science/registry_space_org.csv,registry_space_org,8,transaction_time,DGEF_EXPORT,585be364f7569a4f728c15e802a03ba71b24c38c3e5d58002d6f05592069c979,2,0,1,資料系統記錄時間；與現實事件發生時間不同,PROPOSED_CONTEXT_REVIEW,build_semantic_catalog.py: explicit proposed glossary,一个有来源、双时间的领域记录,雙時間追溯,SOURCE_TIMESTAMP,TEXT,1,0,UNKNOWN_NOT_APPLICABLE_OR_NOT_RECORDED; DO_NOT_IMPUTE_ZERO,UNASSIGNED,PROPOSED_NO_MEASURED_ROI
DGEF/artifacts/tables/05_space_science/registry_space_program.csv,registry_space_program,1,record_id,DGEF_EXPORT,598e813c9bd7ee90418da45fd43e0eb2cf5c5e63d599c7d4d43a5a73b36fef4a,2,0,2,record id；定义受所属表粒度与SQL约束限定,DOCUMENTED_GENERIC_REVIEW,DGEF/contracts/data_dictionary.csv: registry_space_program.record_id,一个有来源、双时间的领域记录,待資料負責人確認,UNKNOWN,TEXT,1,1,UNKNOWN_NOT_APPLICABLE_OR_NOT_RECORDED; DO_NOT_IMPUTE_ZERO,UNASSIGNED,PROPOSED_NO_MEASURED_ROI
DGEF/artifacts/tables/05_space_science/registry_space_program.csv,registry_space_program,2,entity_id,DGEF_EXPORT,598e813c9bd7ee90418da45fd43e0eb2cf5c5e63d599c7d4d43a5a73b36fef4a,2,0,2,穩定內部實體識別鍵；命名空間及對象依所屬表，不以相似名稱自動合併,PROPOSED_CONTEXT_REVIEW,build_semantic_catalog.py: explicit proposed glossary,一个有来源、双时间的领域记录,跨表實體追溯,NOT_APPLICABLE,TEXT,1,0,UNKNOWN_NOT_APPLICABLE_OR_NOT_RECORDED; DO_NOT_IMPUTE_ZERO,UNASSIGNED,PROPOSED_NO_MEASURED_ROI
DGEF/artifacts/tables/05_space_science/registry_space_program.csv,registry_space_program,3,lead_entity_id,DGEF_EXPORT,598e813c9bd7ee90418da45fd43e0eb2cf5c5e63d599c7d4d43a5a73b36fef4a,2,0,2,lead entity id；定义受所属表粒度与SQL约束限定,DOCUMENTED_GENERIC_REVIEW,DGEF/contracts/data_dictionary.csv: registry_space_program.lead_entity_id,一个有来源、双时间的领域记录,待資料負責人確認,UNKNOWN,TEXT,0,0,UNKNOWN_NOT_APPLICABLE_OR_NOT_RECORDED; DO_NOT_IMPUTE_ZERO,UNASSIGNED,PROPOSED_NO_MEASURED_ROI
DGEF/artifacts/tables/05_space_science/registry_space_program.csv,registry_space_program,4,program_status,DGEF_EXPORT,598e813c9bd7ee90418da45fd43e0eb2cf5c5e63d599c7d4d43a5a73b36fef4a,2,0,2,program status；定义受所属表粒度与SQL约束限定,DOCUMENTED_GENERIC_REVIEW,DGEF/contracts/data_dictionary.csv: registry_space_program.program_status,一个有来源、双时间的领域记录,待資料負責人確認,UNKNOWN,TEXT,1,0,UNKNOWN_NOT_APPLICABLE_OR_NOT_RECORDED; DO_NOT_IMPUTE_ZERO,UNASSIGNED,PROPOSED_NO_MEASURED_ROI
DGEF/artifacts/tables/05_space_science/registry_space_program.csv,registry_space_program,5,source_id,DGEF_EXPORT,598e813c9bd7ee90418da45fd43e0eb2cf5c5e63d599c7d4d43a5a73b36fef4a,2,0,2,來源登記鍵；僅指來源，不代表該來源全部說法已核實,PROPOSED_CONTEXT_REVIEW,build_semantic_catalog.py: explicit proposed glossary,一个有来源、双时间的领域记录,主張證據追溯,NOT_APPLICABLE,TEXT,1,0,UNKNOWN_NOT_APPLICABLE_OR_NOT_RECORDED; DO_NOT_IMPUTE_ZERO,UNASSIGNED,PROPOSED_NO_MEASURED_ROI
DGEF/artifacts/tables/05_space_science/registry_space_program.csv,registry_space_program,6,evidence_state,DGEF_EXPORT,598e813c9bd7ee90418da45fd43e0eb2cf5c5e63d599c7d4d43a5a73b36fef4a,2,0,1,特定記錄或主張的證據狀態；VERIFIED 僅限可定位範圍,PROPOSED_CONTEXT_REVIEW,build_semantic_catalog.py: explicit proposed glossary,一个有来源、双时间的领域记录,隔離未知、宣稱與核實,NOT_APPLICABLE,TEXT,1,0,UNKNOWN_NOT_APPLICABLE_OR_NOT_RECORDED; DO_NOT_IMPUTE_ZERO,UNASSIGNED,PROPOSED_NO_MEASURED_ROI
DGEF/artifacts/tables/05_space_science/registry_space_program.csv,registry_space_program,7,valid_from,DGEF_EXPORT,598e813c9bd7ee90418da45fd43e0eb2cf5c5e63d599c7d4d43a5a73b36fef4a,2,0,1,現實關係／記錄的有效起訖；未知終止時間留空，不當已終止,PROPOSED_CONTEXT_REVIEW,build_semantic_catalog.py: explicit proposed glossary,一个有来源、双时间的领域记录,歷史狀態重建,SOURCE_DATE_OR_TIMESTAMP,TEXT,1,0,UNKNOWN_NOT_APPLICABLE_OR_NOT_RECORDED; DO_NOT_IMPUTE_ZERO,UNASSIGNED,PROPOSED_NO_MEASURED_ROI
DGEF/artifacts/tables/05_space_science/registry_space_program.csv,registry_space_program,8,valid_to,DGEF_EXPORT,598e813c9bd7ee90418da45fd43e0eb2cf5c5e63d599c7d4d43a5a73b36fef4a,2,2,0,現實關係／記錄的有效起訖；未知終止時間留空，不當已終止,PROPOSED_CONTEXT_REVIEW,build_semantic_catalog.py: explicit proposed glossary,一个有来源、双时间的领域记录,歷史狀態重建,SOURCE_DATE_OR_TIMESTAMP,TEXT,0,0,UNKNOWN_NOT_APPLICABLE_OR_NOT_RECORDED; DO_NOT_IMPUTE_ZERO,UNASSIGNED,PROPOSED_NO_MEASURED_ROI
DGEF/artifacts/tables/05_space_science/registry_space_program.csv,registry_space_program,9,transaction_time,DGEF_EXPORT,598e813c9bd7ee90418da45fd43e0eb2cf5c5e63d599c7d4d43a5a73b36fef4a,2,0,2,資料系統記錄時間；與現實事件發生時間不同,PROPOSED_CONTEXT_REVIEW,build_semantic_catalog.py: explicit proposed glossary,一个有来源、双时间的领域记录,雙時間追溯,SOURCE_TIMESTAMP,TEXT,1,0,UNKNOWN_NOT_APPLICABLE_OR_NOT_RECORDED; DO_NOT_IMPUTE_ZERO,UNASSIGNED,PROPOSED_NO_MEASURED_ROI
DGEF/artifacts/tables/05_space_science/registry_space_research_output.csv,registry_space_research_output,1,record_id,DGEF_EXPORT,f059e9a339e9c08f18f0eec1b774cfe119e295e2d2930806ad15829146992667,9,0,9,record id；定义受所属表粒度与SQL约束限定,DOCUMENTED_GENERIC_REVIEW,DGEF/contracts/data_dictionary.csv: registry_space_research_output.record_id,一个有来源、双时间的领域记录,待資料負責人確認,UNKNOWN,TEXT,1,1,UNKNOWN_NOT_APPLICABLE_OR_NOT_RECORDED; DO_NOT_IMPUTE_ZERO,UNASSIGNED,PROPOSED_NO_MEASURED_ROI
DGEF/artifacts/tables/05_space_science/registry_space_research_output.csv,registry_space_research_output,2,entity_id,DGEF_EXPORT,f059e9a339e9c08f18f0eec1b774cfe119e295e2d2930806ad15829146992667,9,0,9,穩定內部實體識別鍵；命名空間及對象依所屬表，不以相似名稱自動合併,PROPOSED_CONTEXT_REVIEW,build_semantic_catalog.py: explicit proposed glossary,一个有来源、双时间的领域记录,跨表實體追溯,NOT_APPLICABLE,TEXT,1,0,UNKNOWN_NOT_APPLICABLE_OR_NOT_RECORDED; DO_NOT_IMPUTE_ZERO,UNASSIGNED,PROPOSED_NO_MEASURED_ROI
DGEF/artifacts/tables/05_space_science/registry_space_research_output.csv,registry_space_research_output,3,title,DGEF_EXPORT,f059e9a339e9c08f18f0eec1b774cfe119e295e2d2930806ad15829146992667,9,0,9,title；定义受所属表粒度与SQL约束限定,DOCUMENTED_GENERIC_REVIEW,DGEF/contracts/data_dictionary.csv: registry_space_research_output.title,一个有来源、双时间的领域记录,待資料負責人確認,UNKNOWN,TEXT,1,0,UNKNOWN_NOT_APPLICABLE_OR_NOT_RECORDED; DO_NOT_IMPUTE_ZERO,UNASSIGNED,PROPOSED_NO_MEASURED_ROI
DGEF/artifacts/tables/05_space_science/registry_space_research_output.csv,registry_space_research_output,4,doi,DGEF_EXPORT,f059e9a339e9c08f18f0eec1b774cfe119e295e2d2930806ad15829146992667,9,9,0,doi；定义受所属表粒度与SQL约束限定,DOCUMENTED_GENERIC_REVIEW,DGEF/contracts/data_dictionary.csv: registry_space_research_output.doi,一个有来源、双时间的领域记录,待資料負責人確認,UNKNOWN,TEXT,0,0,UNKNOWN_NOT_APPLICABLE_OR_NOT_RECORDED; DO_NOT_IMPUTE_ZERO,UNASSIGNED,PROPOSED_NO_MEASURED_ROI
DGEF/artifacts/tables/05_space_science/registry_space_research_output.csv,registry_space_research_output,5,organization_entity_id,DGEF_EXPORT,f059e9a339e9c08f18f0eec1b774cfe119e295e2d2930806ad15829146992667,9,9,0,organization entity id；定义受所属表粒度与SQL约束限定,DOCUMENTED_GENERIC_REVIEW,DGEF/contracts/data_dictionary.csv: registry_space_research_output.organization_entity_id,一个有来源、双时间的领域记录,待資料負責人確認,UNKNOWN,TEXT,0,0,UNKNOWN_NOT_APPLICABLE_OR_NOT_RECORDED; DO_NOT_IMPUTE_ZERO,UNASSIGNED,PROPOSED_NO_MEASURED_ROI
DGEF/artifacts/tables/05_space_science/registry_space_research_output.csv,registry_space_research_output,6,source_id,DGEF_EXPORT,f059e9a339e9c08f18f0eec1b774cfe119e295e2d2930806ad15829146992667,9,0,5,來源登記鍵；僅指來源，不代表該來源全部說法已核實,PROPOSED_CONTEXT_REVIEW,build_semantic_catalog.py: explicit proposed glossary,一个有来源、双时间的领域记录,主張證據追溯,NOT_APPLICABLE,TEXT,1,0,UNKNOWN_NOT_APPLICABLE_OR_NOT_RECORDED; DO_NOT_IMPUTE_ZERO,UNASSIGNED,PROPOSED_NO_MEASURED_ROI
DGEF/artifacts/tables/05_space_science/registry_space_research_output.csv,registry_space_research_output,7,evidence_state,DGEF_EXPORT,f059e9a339e9c08f18f0eec1b774cfe119e295e2d2930806ad15829146992667,9,0,1,特定記錄或主張的證據狀態；VERIFIED 僅限可定位範圍,PROPOSED_CONTEXT_REVIEW,build_semantic_catalog.py: explicit proposed glossary,一个有来源、双时间的领域记录,隔離未知、宣稱與核實,NOT_APPLICABLE,TEXT,1,0,UNKNOWN_NOT_APPLICABLE_OR_NOT_RECORDED; DO_NOT_IMPUTE_ZERO,UNASSIGNED,PROPOSED_NO_MEASURED_ROI
DGEF/artifacts/tables/05_space_science/registry_space_research_output.csv,registry_space_research_output,8,valid_from,DGEF_EXPORT,f059e9a339e9c08f18f0eec1b774cfe119e295e2d2930806ad15829146992667,9,0,1,現實關係／記錄的有效起訖；未知終止時間留空，不當已終止,PROPOSED_CONTEXT_REVIEW,build_semantic_catalog.py: explicit proposed glossary,一个有来源、双时间的领域记录,歷史狀態重建,SOURCE_DATE_OR_TIMESTAMP,TEXT,1,0,UNKNOWN_NOT_APPLICABLE_OR_NOT_RECORDED; DO_NOT_IMPUTE_ZERO,UNASSIGNED,PROPOSED_NO_MEASURED_ROI
DGEF/artifacts/tables/05_space_science/registry_space_research_output.csv,registry_space_research_output,9,valid_to,DGEF_EXPORT,f059e9a339e9c08f18f0eec1b774cfe119e295e2d2930806ad15829146992667,9,9,0,現實關係／記錄的有效起訖；未知終止時間留空，不當已終止,PROPOSED_CONTEXT_REVIEW,build_semantic_catalog.py: explicit proposed glossary,一个有来源、双时间的领域记录,歷史狀態重建,SOURCE_DATE_OR_TIMESTAMP,TEXT,0,0,UNKNOWN_NOT_APPLICABLE_OR_NOT_RECORDED; DO_NOT_IMPUTE_ZERO,UNASSIGNED,PROPOSED_NO_MEASURED_ROI
DGEF/artifacts/tables/05_space_science/registry_space_research_output.csv,registry_space_research_output,10,transaction_time,DGEF_EXPORT,f059e9a339e9c08f18f0eec1b774cfe119e295e2d2930806ad15829146992667,9,0,8,資料系統記錄時間；與現實事件發生時間不同,PROPOSED_CONTEXT_REVIEW,build_semantic_catalog.py: explicit proposed glossary,一个有来源、双时间的领域记录,雙時間追溯,SOURCE_TIMESTAMP,TEXT,1,0,UNKNOWN_NOT_APPLICABLE_OR_NOT_RECORDED; DO_NOT_IMPUTE_ZERO,UNASSIGNED,PROPOSED_NO_MEASURED_ROI
DGEF/artifacts/tables/05_space_science/registry_space_vehicle.csv,registry_space_vehicle,1,record_id,DGEF_EXPORT,6f0fcfcacb0ddfe4931310e37deaf4dff5e041551780a211401098a70d0df6d7,2,0,2,record id；定义受所属表粒度与SQL约束限定,DOCUMENTED_GENERIC_REVIEW,DGEF/contracts/data_dictionary.csv: registry_space_vehicle.record_id,一个有来源、双时间的领域记录,待資料負責人確認,UNKNOWN,TEXT,1,1,UNKNOWN_NOT_APPLICABLE_OR_NOT_RECORDED; DO_NOT_IMPUTE_ZERO,UNASSIGNED,PROPOSED_NO_MEASURED_ROI
DGEF/artifacts/tables/05_space_science/registry_space_vehicle.csv,registry_space_vehicle,2,entity_id,DGEF_EXPORT,6f0fcfcacb0ddfe4931310e37deaf4dff5e041551780a211401098a70d0df6d7,2,0,2,穩定內部實體識別鍵；命名空間及對象依所屬表，不以相似名稱自動合併,PROPOSED_CONTEXT_REVIEW,build_semantic_catalog.py: explicit proposed glossary,一个有来源、双时间的领域记录,跨表實體追溯,NOT_APPLICABLE,TEXT,1,0,UNKNOWN_NOT_APPLICABLE_OR_NOT_RECORDED; DO_NOT_IMPUTE_ZERO,UNASSIGNED,PROPOSED_NO_MEASURED_ROI
DGEF/artifacts/tables/05_space_science/registry_space_vehicle.csv,registry_space_vehicle,3,vehicle_kind,DGEF_EXPORT,6f0fcfcacb0ddfe4931310e37deaf4dff5e041551780a211401098a70d0df6d7,2,0,2,vehicle kind；定义受所属表粒度与SQL约束限定,DOCUMENTED_GENERIC_REVIEW,DGEF/contracts/data_dictionary.csv: registry_space_vehicle.vehicle_kind,一个有来源、双时间的领域记录,待資料負責人確認,UNKNOWN,TEXT,1,0,UNKNOWN_NOT_APPLICABLE_OR_NOT_RECORDED; DO_NOT_IMPUTE_ZERO,UNASSIGNED,PROPOSED_NO_MEASURED_ROI
DGEF/artifacts/tables/05_space_science/registry_space_vehicle.csv,registry_space_vehicle,4,operational_status,DGEF_EXPORT,6f0fcfcacb0ddfe4931310e37deaf4dff5e041551780a211401098a70d0df6d7,2,0,2,operational status；定义受所属表粒度与SQL约束限定,DOCUMENTED_GENERIC_REVIEW,DGEF/contracts/data_dictionary.csv: registry_space_vehicle.operational_status,一个有来源、双时间的领域记录,待資料負責人確認,UNKNOWN,TEXT,1,0,UNKNOWN_NOT_APPLICABLE_OR_NOT_RECORDED; DO_NOT_IMPUTE_ZERO,UNASSIGNED,PROPOSED_NO_MEASURED_ROI
DGEF/artifacts/tables/05_space_science/registry_space_vehicle.csv,registry_space_vehicle,5,source_id,DGEF_EXPORT,6f0fcfcacb0ddfe4931310e37deaf4dff5e041551780a211401098a70d0df6d7,2,0,2,來源登記鍵；僅指來源，不代表該來源全部說法已核實,PROPOSED_CONTEXT_REVIEW,build_semantic_catalog.py: explicit proposed glossary,一个有来源、双时间的领域记录,主張證據追溯,NOT_APPLICABLE,TEXT,1,0,UNKNOWN_NOT_APPLICABLE_OR_NOT_RECORDED; DO_NOT_IMPUTE_ZERO,UNASSIGNED,PROPOSED_NO_MEASURED_ROI
DGEF/artifacts/tables/05_space_science/registry_space_vehicle.csv,registry_space_vehicle,6,evidence_state,DGEF_EXPORT,6f0fcfcacb0ddfe4931310e37deaf4dff5e041551780a211401098a70d0df6d7,2,0,1,特定記錄或主張的證據狀態；VERIFIED 僅限可定位範圍,PROPOSED_CONTEXT_REVIEW,build_semantic_catalog.py: explicit proposed glossary,一个有来源、双时间的领域记录,隔離未知、宣稱與核實,NOT_APPLICABLE,TEXT,1,0,UNKNOWN_NOT_APPLICABLE_OR_NOT_RECORDED; DO_NOT_IMPUTE_ZERO,UNASSIGNED,PROPOSED_NO_MEASURED_ROI
DGEF/artifacts/tables/05_space_science/registry_space_vehicle.csv,registry_space_vehicle,7,valid_from,DGEF_EXPORT,6f0fcfcacb0ddfe4931310e37deaf4dff5e041551780a211401098a70d0df6d7,2,0,1,現實關係／記錄的有效起訖；未知終止時間留空，不當已終止,PROPOSED_CONTEXT_REVIEW,build_semantic_catalog.py: explicit proposed glossary,一个有来源、双时间的领域记录,歷史狀態重建,SOURCE_DATE_OR_TIMESTAMP,TEXT,1,0,UNKNOWN_NOT_APPLICABLE_OR_NOT_RECORDED; DO_NOT_IMPUTE_ZERO,UNASSIGNED,PROPOSED_NO_MEASURED_ROI
DGEF/artifacts/tables/05_space_science/registry_space_vehicle.csv,registry_space_vehicle,8,valid_to,DGEF_EXPORT,6f0fcfcacb0ddfe4931310e37deaf4dff5e041551780a211401098a70d0df6d7,2,2,0,現實關係／記錄的有效起訖；未知終止時間留空，不當已終止,PROPOSED_CONTEXT_REVIEW,build_semantic_catalog.py: explicit proposed glossary,一个有来源、双时间的领域记录,歷史狀態重建,SOURCE_DATE_OR_TIMESTAMP,TEXT,0,0,UNKNOWN_NOT_APPLICABLE_OR_NOT_RECORDED; DO_NOT_IMPUTE_ZERO,UNASSIGNED,PROPOSED_NO_MEASURED_ROI
DGEF/artifacts/tables/05_space_science/registry_space_vehicle.csv,registry_space_vehicle,9,transaction_time,DGEF_EXPORT,6f0fcfcacb0ddfe4931310e37deaf4dff5e041551780a211401098a70d0df6d7,2,0,2,資料系統記錄時間；與現實事件發生時間不同,PROPOSED_CONTEXT_REVIEW,build_semantic_catalog.py: explicit proposed glossary,一个有来源、双时间的领域记录,雙時間追溯,SOURCE_TIMESTAMP,TEXT,1,0,UNKNOWN_NOT_APPLICABLE_OR_NOT_RECORDED; DO_NOT_IMPUTE_ZERO,UNASSIGNED,PROPOSED_NO_MEASURED_ROI
DGEF/artifacts/tables/06_spacetime/registry_entity_location.csv,registry_entity_location,1,location_observation_id,DGEF_EXPORT,778db9389dc81a6eaa0097cae549f79e77c2887a8a5d873fd858b8a106b09741,6,0,6,location observation id；定义受所属表粒度与SQL约束限定,DOCUMENTED_GENERIC_REVIEW,DGEF/contracts/data_dictionary.csv: registry_entity_location.location_observation_id,一次参考系+历元+时标+来源解的位置,待資料負責人確認,UNKNOWN,TEXT,1,1,UNKNOWN_NOT_APPLICABLE_OR_NOT_RECORDED; DO_NOT_IMPUTE_ZERO,UNASSIGNED,PROPOSED_NO_MEASURED_ROI
DGEF/artifacts/tables/06_spacetime/registry_entity_location.csv,registry_entity_location,2,entity_id,DGEF_EXPORT,778db9389dc81a6eaa0097cae549f79e77c2887a8a5d873fd858b8a106b09741,6,0,3,穩定內部實體識別鍵；命名空間及對象依所屬表，不以相似名稱自動合併,PROPOSED_CONTEXT_REVIEW,build_semantic_catalog.py: explicit proposed glossary,一次参考系+历元+时标+来源解的位置,跨表實體追溯,NOT_APPLICABLE,TEXT,1,0,UNKNOWN_NOT_APPLICABLE_OR_NOT_RECORDED; DO_NOT_IMPUTE_ZERO,UNASSIGNED,PROPOSED_NO_MEASURED_ROI
DGEF/artifacts/tables/06_spacetime/registry_entity_location.csv,registry_entity_location,3,cosmic_domain,DGEF_EXPORT,778db9389dc81a6eaa0097cae549f79e77c2887a8a5d873fd858b8a106b09741,6,0,1,空间物理域，与世界域正交,DOCUMENTED_CONTEXT_REVIEW,DGEF/contracts/data_dictionary.csv: registry_entity_location.cosmic_domain,一次参考系+历元+时标+来源解的位置,待資料負責人確認,UNKNOWN,TEXT,1,0,UNKNOWN_NOT_APPLICABLE_OR_NOT_RECORDED; DO_NOT_IMPUTE_ZERO,UNASSIGNED,PROPOSED_NO_MEASURED_ROI
DGEF/artifacts/tables/06_spacetime/registry_entity_location.csv,registry_entity_location,4,spatial_frame,DGEF_EXPORT,778db9389dc81a6eaa0097cae549f79e77c2887a8a5d873fd858b8a106b09741,6,0,1,座標參考系識別或描述；必須與中心、軸向、單位與時間一致,PROPOSED_CONTEXT_REVIEW,build_semantic_catalog.py: explicit proposed glossary,一次参考系+历元+时标+来源解的位置,空間數據可比較,NOT_APPLICABLE,TEXT,1,0,UNKNOWN_NOT_APPLICABLE_OR_NOT_RECORDED; DO_NOT_IMPUTE_ZERO,UNASSIGNED,PROPOSED_NO_MEASURED_ROI
DGEF/artifacts/tables/06_spacetime/registry_entity_location.csv,registry_entity_location,5,central_body,DGEF_EXPORT,778db9389dc81a6eaa0097cae549f79e77c2887a8a5d873fd858b8a106b09741,6,0,1,central body；定义受所属表粒度与SQL约束限定,DOCUMENTED_GENERIC_REVIEW,DGEF/contracts/data_dictionary.csv: registry_entity_location.central_body,一次参考系+历元+时标+来源解的位置,待資料負責人確認,UNKNOWN,TEXT,1,0,UNKNOWN_NOT_APPLICABLE_OR_NOT_RECORDED; DO_NOT_IMPUTE_ZERO,UNASSIGNED,PROPOSED_NO_MEASURED_ROI
DGEF/artifacts/tables/06_spacetime/registry_entity_location.csv,registry_entity_location,6,epoch,DGEF_EXPORT,778db9389dc81a6eaa0097cae549f79e77c2887a8a5d873fd858b8a106b09741,6,0,2,觀測曆元或時間尺度；UTC／TDB 等不機械混換,PROPOSED_CONTEXT_REVIEW,build_semantic_catalog.py: explicit proposed glossary,一次参考系+历元+时标+来源解的位置,時空一致性,SOURCE_DEFINED,TEXT,1,0,UNKNOWN_NOT_APPLICABLE_OR_NOT_RECORDED; DO_NOT_IMPUTE_ZERO,UNASSIGNED,PROPOSED_NO_MEASURED_ROI
DGEF/artifacts/tables/06_spacetime/registry_entity_location.csv,registry_entity_location,7,time_scale,DGEF_EXPORT,778db9389dc81a6eaa0097cae549f79e77c2887a8a5d873fd858b8a106b09741,6,0,1,觀測曆元或時間尺度；UTC／TDB 等不機械混換,PROPOSED_CONTEXT_REVIEW,build_semantic_catalog.py: explicit proposed glossary,一次参考系+历元+时标+来源解的位置,時空一致性,SOURCE_DEFINED,TEXT,1,0,UNKNOWN_NOT_APPLICABLE_OR_NOT_RECORDED; DO_NOT_IMPUTE_ZERO,UNASSIGNED,PROPOSED_NO_MEASURED_ROI
DGEF/artifacts/tables/06_spacetime/registry_entity_location.csv,registry_entity_location,8,geometry_ref,DGEF_EXPORT,778db9389dc81a6eaa0097cae549f79e77c2887a8a5d873fd858b8a106b09741,6,6,0,geometry ref；定义受所属表粒度与SQL约束限定,DOCUMENTED_GENERIC_REVIEW,DGEF/contracts/data_dictionary.csv: registry_entity_location.geometry_ref,一次参考系+历元+时标+来源解的位置,待資料負責人確認,UNKNOWN,TEXT,0,0,UNKNOWN_NOT_APPLICABLE_OR_NOT_RECORDED; DO_NOT_IMPUTE_ZERO,UNASSIGNED,PROPOSED_NO_MEASURED_ROI
DGEF/artifacts/tables/06_spacetime/registry_entity_location.csv,registry_entity_location,9,x,DGEF_EXPORT,778db9389dc81a6eaa0097cae549f79e77c2887a8a5d873fd858b8a106b09741,6,0,6,指定參考系與曆元下的向量分量；單位從 position_unit／velocity_unit 取得,PROPOSED_CONTEXT_REVIEW,build_semantic_catalog.py: explicit proposed glossary,一次参考系+历元+时标+来源解的位置,軌道與位置計算,REFER_TO_UNIT_COLUMN,REAL,0,0,UNKNOWN_NOT_APPLICABLE_OR_NOT_RECORDED; DO_NOT_IMPUTE_ZERO,UNASSIGNED,PROPOSED_NO_MEASURED_ROI
DGEF/artifacts/tables/06_spacetime/registry_entity_location.csv,registry_entity_location,10,y,DGEF_EXPORT,778db9389dc81a6eaa0097cae549f79e77c2887a8a5d873fd858b8a106b09741,6,0,6,指定參考系與曆元下的向量分量；單位從 position_unit／velocity_unit 取得,PROPOSED_CONTEXT_REVIEW,build_semantic_catalog.py: explicit proposed glossary,一次参考系+历元+时标+来源解的位置,軌道與位置計算,REFER_TO_UNIT_COLUMN,REAL,0,0,UNKNOWN_NOT_APPLICABLE_OR_NOT_RECORDED; DO_NOT_IMPUTE_ZERO,UNASSIGNED,PROPOSED_NO_MEASURED_ROI
DGEF/artifacts/tables/06_spacetime/registry_entity_location.csv,registry_entity_location,11,z,DGEF_EXPORT,778db9389dc81a6eaa0097cae549f79e77c2887a8a5d873fd858b8a106b09741,6,0,6,指定參考系與曆元下的向量分量；單位從 position_unit／velocity_unit 取得,PROPOSED_CONTEXT_REVIEW,build_semantic_catalog.py: explicit proposed glossary,一次参考系+历元+时标+来源解的位置,軌道與位置計算,REFER_TO_UNIT_COLUMN,REAL,0,0,UNKNOWN_NOT_APPLICABLE_OR_NOT_RECORDED; DO_NOT_IMPUTE_ZERO,UNASSIGNED,PROPOSED_NO_MEASURED_ROI
DGEF/artifacts/tables/06_spacetime/registry_entity_location.csv,registry_entity_location,12,vx,DGEF_EXPORT,778db9389dc81a6eaa0097cae549f79e77c2887a8a5d873fd858b8a106b09741,6,0,6,指定參考系與曆元下的向量分量；單位從 position_unit／velocity_unit 取得,PROPOSED_CONTEXT_REVIEW,build_semantic_catalog.py: explicit proposed glossary,一次参考系+历元+时标+来源解的位置,軌道與位置計算,REFER_TO_UNIT_COLUMN,REAL,0,0,UNKNOWN_NOT_APPLICABLE_OR_NOT_RECORDED; DO_NOT_IMPUTE_ZERO,UNASSIGNED,PROPOSED_NO_MEASURED_ROI
DGEF/artifacts/tables/06_spacetime/registry_entity_location.csv,registry_entity_location,13,vy,DGEF_EXPORT,778db9389dc81a6eaa0097cae549f79e77c2887a8a5d873fd858b8a106b09741,6,0,6,指定參考系與曆元下的向量分量；單位從 position_unit／velocity_unit 取得,PROPOSED_CONTEXT_REVIEW,build_semantic_catalog.py: explicit proposed glossary,一次参考系+历元+时标+来源解的位置,軌道與位置計算,REFER_TO_UNIT_COLUMN,REAL,0,0,UNKNOWN_NOT_APPLICABLE_OR_NOT_RECORDED; DO_NOT_IMPUTE_ZERO,UNASSIGNED,PROPOSED_NO_MEASURED_ROI
DGEF/artifacts/tables/06_spacetime/registry_entity_location.csv,registry_entity_location,14,vz,DGEF_EXPORT,778db9389dc81a6eaa0097cae549f79e77c2887a8a5d873fd858b8a106b09741,6,0,6,指定參考系與曆元下的向量分量；單位從 position_unit／velocity_unit 取得,PROPOSED_CONTEXT_REVIEW,build_semantic_catalog.py: explicit proposed glossary,一次参考系+历元+时标+来源解的位置,軌道與位置計算,REFER_TO_UNIT_COLUMN,REAL,0,0,UNKNOWN_NOT_APPLICABLE_OR_NOT_RECORDED; DO_NOT_IMPUTE_ZERO,UNASSIGNED,PROPOSED_NO_MEASURED_ROI
DGEF/artifacts/tables/06_spacetime/registry_entity_location.csv,registry_entity_location,15,position_unit,DGEF_EXPORT,778db9389dc81a6eaa0097cae549f79e77c2887a8a5d873fd858b8a106b09741,6,0,1,值的單位；不能從欄名或數值大小猜測單位,PROPOSED_CONTEXT_REVIEW,build_semantic_catalog.py: explicit proposed glossary,一次参考系+历元+时标+来源解的位置,避免量綱錯誤,UNIT_LABEL,TEXT,1,0,UNKNOWN_NOT_APPLICABLE_OR_NOT_RECORDED; DO_NOT_IMPUTE_ZERO,UNASSIGNED,PROPOSED_NO_MEASURED_ROI
DGEF/artifacts/tables/06_spacetime/registry_entity_location.csv,registry_entity_location,16,velocity_unit,DGEF_EXPORT,778db9389dc81a6eaa0097cae549f79e77c2887a8a5d873fd858b8a106b09741,6,0,1,值的單位；不能從欄名或數值大小猜測單位,PROPOSED_CONTEXT_REVIEW,build_semantic_catalog.py: explicit proposed glossary,一次参考系+历元+时标+来源解的位置,避免量綱錯誤,UNIT_LABEL,TEXT,0,0,UNKNOWN_NOT_APPLICABLE_OR_NOT_RECORDED; DO_NOT_IMPUTE_ZERO,UNASSIGNED,PROPOSED_NO_MEASURED_ROI
DGEF/artifacts/tables/06_spacetime/registry_entity_location.csv,registry_entity_location,17,uncertainty_ref,DGEF_EXPORT,778db9389dc81a6eaa0097cae549f79e77c2887a8a5d873fd858b8a106b09741,6,6,0,uncertainty ref；定义受所属表粒度与SQL约束限定,DOCUMENTED_GENERIC_REVIEW,DGEF/contracts/data_dictionary.csv: registry_entity_location.uncertainty_ref,一次参考系+历元+时标+来源解的位置,待資料負責人確認,UNKNOWN,TEXT,0,0,UNKNOWN_NOT_APPLICABLE_OR_NOT_RECORDED; DO_NOT_IMPUTE_ZERO,UNASSIGNED,PROPOSED_NO_MEASURED_ROI
DGEF/artifacts/tables/06_spacetime/registry_entity_location.csv,registry_entity_location,18,source_solution,DGEF_EXPORT,778db9389dc81a6eaa0097cae549f79e77c2887a8a5d873fd858b8a106b09741,6,0,3,source solution；定义受所属表粒度与SQL约束限定,DOCUMENTED_GENERIC_REVIEW,DGEF/contracts/data_dictionary.csv: registry_entity_location.source_solution,一次参考系+历元+时标+来源解的位置,待資料負責人確認,UNKNOWN,TEXT,1,0,UNKNOWN_NOT_APPLICABLE_OR_NOT_RECORDED; DO_NOT_IMPUTE_ZERO,UNASSIGNED,PROPOSED_NO_MEASURED_ROI
DGEF/artifacts/tables/06_spacetime/registry_entity_location.csv,registry_entity_location,19,disclosure_precision,DGEF_EXPORT,778db9389dc81a6eaa0097cae549f79e77c2887a8a5d873fd858b8a106b09741,6,0,1,disclosure precision；定义受所属表粒度与SQL约束限定,DOCUMENTED_GENERIC_REVIEW,DGEF/contracts/data_dictionary.csv: registry_entity_location.disclosure_precision,一次参考系+历元+时标+来源解的位置,待資料負責人確認,UNKNOWN,TEXT,1,0,UNKNOWN_NOT_APPLICABLE_OR_NOT_RECORDED; DO_NOT_IMPUTE_ZERO,UNASSIGNED,PROPOSED_NO_MEASURED_ROI
DGEF/artifacts/tables/06_spacetime/registry_entity_location.csv,registry_entity_location,20,source_id,DGEF_EXPORT,778db9389dc81a6eaa0097cae549f79e77c2887a8a5d873fd858b8a106b09741,6,0,3,來源登記鍵；僅指來源，不代表該來源全部說法已核實,PROPOSED_CONTEXT_REVIEW,build_semantic_catalog.py: explicit proposed glossary,一次参考系+历元+时标+来源解的位置,主張證據追溯,NOT_APPLICABLE,TEXT,1,0,UNKNOWN_NOT_APPLICABLE_OR_NOT_RECORDED; DO_NOT_IMPUTE_ZERO,UNASSIGNED,PROPOSED_NO_MEASURED_ROI
DGEF/artifacts/tables/06_spacetime/registry_entity_location.csv,registry_entity_location,21,evidence_state,DGEF_EXPORT,778db9389dc81a6eaa0097cae549f79e77c2887a8a5d873fd858b8a106b09741,6,0,1,特定記錄或主張的證據狀態；VERIFIED 僅限可定位範圍,PROPOSED_CONTEXT_REVIEW,build_semantic_catalog.py: explicit proposed glossary,一次参考系+历元+时标+来源解的位置,隔離未知、宣稱與核實,NOT_APPLICABLE,TEXT,1,0,UNKNOWN_NOT_APPLICABLE_OR_NOT_RECORDED; DO_NOT_IMPUTE_ZERO,UNASSIGNED,PROPOSED_NO_MEASURED_ROI
DGEF/artifacts/tables/06_spacetime/registry_entity_location.csv,registry_entity_location,22,valid_from,DGEF_EXPORT,778db9389dc81a6eaa0097cae549f79e77c2887a8a5d873fd858b8a106b09741,6,0,1,現實關係／記錄的有效起訖；未知終止時間留空，不當已終止,PROPOSED_CONTEXT_REVIEW,build_semantic_catalog.py: explicit proposed glossary,一次参考系+历元+时标+来源解的位置,歷史狀態重建,SOURCE_DATE_OR_TIMESTAMP,TEXT,1,0,UNKNOWN_NOT_APPLICABLE_OR_NOT_RECORDED; DO_NOT_IMPUTE_ZERO,UNASSIGNED,PROPOSED_NO_MEASURED_ROI
DGEF/artifacts/tables/06_spacetime/registry_entity_location.csv,registry_entity_location,23,valid_to,DGEF_EXPORT,778db9389dc81a6eaa0097cae549f79e77c2887a8a5d873fd858b8a106b09741,6,6,0,現實關係／記錄的有效起訖；未知終止時間留空，不當已終止,PROPOSED_CONTEXT_REVIEW,build_semantic_catalog.py: explicit proposed glossary,一次参考系+历元+时标+来源解的位置,歷史狀態重建,SOURCE_DATE_OR_TIMESTAMP,TEXT,0,0,UNKNOWN_NOT_APPLICABLE_OR_NOT_RECORDED; DO_NOT_IMPUTE_ZERO,UNASSIGNED,PROPOSED_NO_MEASURED_ROI
DGEF/artifacts/tables/06_spacetime/registry_entity_location.csv,registry_entity_location,24,transaction_time,DGEF_EXPORT,778db9389dc81a6eaa0097cae549f79e77c2887a8a5d873fd858b8a106b09741,6,0,4,資料系統記錄時間；與現實事件發生時間不同,PROPOSED_CONTEXT_REVIEW,build_semantic_catalog.py: explicit proposed glossary,一次参考系+历元+时标+来源解的位置,雙時間追溯,SOURCE_TIMESTAMP,TEXT,1,0,UNKNOWN_NOT_APPLICABLE_OR_NOT_RECORDED; DO_NOT_IMPUTE_ZERO,UNASSIGNED,PROPOSED_NO_MEASURED_ROI
DGEF/artifacts/tables/06_spacetime/registry_ephemeris_solution.csv,registry_ephemeris_solution,1,record_id,DGEF_EXPORT,4f8183e4c6351feb4245242fbdd7d3fe6fa6205d1288691d2d3a916f9f573e0c,6,0,6,record id；定义受所属表粒度与SQL约束限定,DOCUMENTED_GENERIC_REVIEW,DGEF/contracts/data_dictionary.csv: registry_ephemeris_solution.record_id,一个有来源、双时间的领域记录,待資料負責人確認,UNKNOWN,TEXT,1,1,UNKNOWN_NOT_APPLICABLE_OR_NOT_RECORDED; DO_NOT_IMPUTE_ZERO,UNASSIGNED,PROPOSED_NO_MEASURED_ROI
DGEF/artifacts/tables/06_spacetime/registry_ephemeris_solution.csv,registry_ephemeris_solution,2,entity_id,DGEF_EXPORT,4f8183e4c6351feb4245242fbdd7d3fe6fa6205d1288691d2d3a916f9f573e0c,6,0,3,穩定內部實體識別鍵；命名空間及對象依所屬表，不以相似名稱自動合併,PROPOSED_CONTEXT_REVIEW,build_semantic_catalog.py: explicit proposed glossary,一个有来源、双时间的领域记录,跨表實體追溯,NOT_APPLICABLE,TEXT,1,0,UNKNOWN_NOT_APPLICABLE_OR_NOT_RECORDED; DO_NOT_IMPUTE_ZERO,UNASSIGNED,PROPOSED_NO_MEASURED_ROI
DGEF/artifacts/tables/06_spacetime/registry_ephemeris_solution.csv,registry_ephemeris_solution,3,frame_id,DGEF_EXPORT,4f8183e4c6351feb4245242fbdd7d3fe6fa6205d1288691d2d3a916f9f573e0c,6,0,1,座標參考系識別或描述；必須與中心、軸向、單位與時間一致,PROPOSED_CONTEXT_REVIEW,build_semantic_catalog.py: explicit proposed glossary,一个有来源、双时间的领域记录,空間數據可比較,NOT_APPLICABLE,TEXT,1,0,UNKNOWN_NOT_APPLICABLE_OR_NOT_RECORDED; DO_NOT_IMPUTE_ZERO,UNASSIGNED,PROPOSED_NO_MEASURED_ROI
DGEF/artifacts/tables/06_spacetime/registry_ephemeris_solution.csv,registry_ephemeris_solution,4,epoch,DGEF_EXPORT,4f8183e4c6351feb4245242fbdd7d3fe6fa6205d1288691d2d3a916f9f573e0c,6,0,2,觀測曆元或時間尺度；UTC／TDB 等不機械混換,PROPOSED_CONTEXT_REVIEW,build_semantic_catalog.py: explicit proposed glossary,一个有来源、双时间的领域记录,時空一致性,SOURCE_DEFINED,TEXT,1,0,UNKNOWN_NOT_APPLICABLE_OR_NOT_RECORDED; DO_NOT_IMPUTE_ZERO,UNASSIGNED,PROPOSED_NO_MEASURED_ROI
DGEF/artifacts/tables/06_spacetime/registry_ephemeris_solution.csv,registry_ephemeris_solution,5,time_scale,DGEF_EXPORT,4f8183e4c6351feb4245242fbdd7d3fe6fa6205d1288691d2d3a916f9f573e0c,6,0,1,觀測曆元或時間尺度；UTC／TDB 等不機械混換,PROPOSED_CONTEXT_REVIEW,build_semantic_catalog.py: explicit proposed glossary,一个有来源、双时间的领域记录,時空一致性,SOURCE_DEFINED,TEXT,1,0,UNKNOWN_NOT_APPLICABLE_OR_NOT_RECORDED; DO_NOT_IMPUTE_ZERO,UNASSIGNED,PROPOSED_NO_MEASURED_ROI
DGEF/artifacts/tables/06_spacetime/registry_ephemeris_solution.csv,registry_ephemeris_solution,6,position_unit,DGEF_EXPORT,4f8183e4c6351feb4245242fbdd7d3fe6fa6205d1288691d2d3a916f9f573e0c,6,0,1,值的單位；不能從欄名或數值大小猜測單位,PROPOSED_CONTEXT_REVIEW,build_semantic_catalog.py: explicit proposed glossary,一个有来源、双时间的领域记录,避免量綱錯誤,UNIT_LABEL,TEXT,1,0,UNKNOWN_NOT_APPLICABLE_OR_NOT_RECORDED; DO_NOT_IMPUTE_ZERO,UNASSIGNED,PROPOSED_NO_MEASURED_ROI
DGEF/artifacts/tables/06_spacetime/registry_ephemeris_solution.csv,registry_ephemeris_solution,7,velocity_unit,DGEF_EXPORT,4f8183e4c6351feb4245242fbdd7d3fe6fa6205d1288691d2d3a916f9f573e0c,6,0,1,值的單位；不能從欄名或數值大小猜測單位,PROPOSED_CONTEXT_REVIEW,build_semantic_catalog.py: explicit proposed glossary,一个有来源、双时间的领域记录,避免量綱錯誤,UNIT_LABEL,TEXT,1,0,UNKNOWN_NOT_APPLICABLE_OR_NOT_RECORDED; DO_NOT_IMPUTE_ZERO,UNASSIGNED,PROPOSED_NO_MEASURED_ROI
DGEF/artifacts/tables/06_spacetime/registry_ephemeris_solution.csv,registry_ephemeris_solution,8,solution_version,DGEF_EXPORT,4f8183e4c6351feb4245242fbdd7d3fe6fa6205d1288691d2d3a916f9f573e0c,6,0,3,solution version；定义受所属表粒度与SQL约束限定,DOCUMENTED_GENERIC_REVIEW,DGEF/contracts/data_dictionary.csv: registry_ephemeris_solution.solution_version,一个有来源、双时间的领域记录,待資料負責人確認,UNKNOWN,TEXT,1,0,UNKNOWN_NOT_APPLICABLE_OR_NOT_RECORDED; DO_NOT_IMPUTE_ZERO,UNASSIGNED,PROPOSED_NO_MEASURED_ROI
DGEF/artifacts/tables/06_spacetime/registry_ephemeris_solution.csv,registry_ephemeris_solution,9,source_id,DGEF_EXPORT,4f8183e4c6351feb4245242fbdd7d3fe6fa6205d1288691d2d3a916f9f573e0c,6,0,3,來源登記鍵；僅指來源，不代表該來源全部說法已核實,PROPOSED_CONTEXT_REVIEW,build_semantic_catalog.py: explicit proposed glossary,一个有来源、双时间的领域记录,主張證據追溯,NOT_APPLICABLE,TEXT,1,0,UNKNOWN_NOT_APPLICABLE_OR_NOT_RECORDED; DO_NOT_IMPUTE_ZERO,UNASSIGNED,PROPOSED_NO_MEASURED_ROI
DGEF/artifacts/tables/06_spacetime/registry_ephemeris_solution.csv,registry_ephemeris_solution,10,evidence_state,DGEF_EXPORT,4f8183e4c6351feb4245242fbdd7d3fe6fa6205d1288691d2d3a916f9f573e0c,6,0,1,特定記錄或主張的證據狀態；VERIFIED 僅限可定位範圍,PROPOSED_CONTEXT_REVIEW,build_semantic_catalog.py: explicit proposed glossary,一个有来源、双时间的领域记录,隔離未知、宣稱與核實,NOT_APPLICABLE,TEXT,1,0,UNKNOWN_NOT_APPLICABLE_OR_NOT_RECORDED; DO_NOT_IMPUTE_ZERO,UNASSIGNED,PROPOSED_NO_MEASURED_ROI
DGEF/artifacts/tables/06_spacetime/registry_ephemeris_solution.csv,registry_ephemeris_solution,11,valid_from,DGEF_EXPORT,4f8183e4c6351feb4245242fbdd7d3fe6fa6205d1288691d2d3a916f9f573e0c,6,0,1,現實關係／記錄的有效起訖；未知終止時間留空，不當已終止,PROPOSED_CONTEXT_REVIEW,build_semantic_catalog.py: explicit proposed glossary,一个有来源、双时间的领域记录,歷史狀態重建,SOURCE_DATE_OR_TIMESTAMP,TEXT,1,0,UNKNOWN_NOT_APPLICABLE_OR_NOT_RECORDED; DO_NOT_IMPUTE_ZERO,UNASSIGNED,PROPOSED_NO_MEASURED_ROI
DGEF/artifacts/tables/06_spacetime/registry_ephemeris_solution.csv,registry_ephemeris_solution,12,valid_to,DGEF_EXPORT,4f8183e4c6351feb4245242fbdd7d3fe6fa6205d1288691d2d3a916f9f573e0c,6,6,0,現實關係／記錄的有效起訖；未知終止時間留空，不當已終止,PROPOSED_CONTEXT_REVIEW,build_semantic_catalog.py: explicit proposed glossary,一个有来源、双时间的领域记录,歷史狀態重建,SOURCE_DATE_OR_TIMESTAMP,TEXT,0,0,UNKNOWN_NOT_APPLICABLE_OR_NOT_RECORDED; DO_NOT_IMPUTE_ZERO,UNASSIGNED,PROPOSED_NO_MEASURED_ROI
DGEF/artifacts/tables/06_spacetime/registry_ephemeris_solution.csv,registry_ephemeris_solution,13,transaction_time,DGEF_EXPORT,4f8183e4c6351feb4245242fbdd7d3fe6fa6205d1288691d2d3a916f9f573e0c,6,0,3,資料系統記錄時間；與現實事件發生時間不同,PROPOSED_CONTEXT_REVIEW,build_semantic_catalog.py: explicit proposed glossary,一个有来源、双时间的领域记录,雙時間追溯,SOURCE_TIMESTAMP,TEXT,1,0,UNKNOWN_NOT_APPLICABLE_OR_NOT_RECORDED; DO_NOT_IMPUTE_ZERO,UNASSIGNED,PROPOSED_NO_MEASURED_ROI
DGEF/artifacts/tables/06_spacetime/registry_spatial_frame.csv,registry_spatial_frame,1,frame_id,DGEF_EXPORT,ba59f4a9ccaed0749493c1de9fbf019f660fb32496bc08479ba03ef70b4239a7,1,0,1,座標參考系識別或描述；必須與中心、軸向、單位與時間一致,PROPOSED_CONTEXT_REVIEW,build_semantic_catalog.py: explicit proposed glossary,一个明确中心轴和单位的参考系,空間數據可比較,NOT_APPLICABLE,TEXT,1,1,UNKNOWN_NOT_APPLICABLE_OR_NOT_RECORDED; DO_NOT_IMPUTE_ZERO,UNASSIGNED,PROPOSED_NO_MEASURED_ROI
DGEF/artifacts/tables/06_spacetime/registry_spatial_frame.csv,registry_spatial_frame,2,cosmic_domain,DGEF_EXPORT,ba59f4a9ccaed0749493c1de9fbf019f660fb32496bc08479ba03ef70b4239a7,1,0,1,空间物理域，与世界域正交,DOCUMENTED_CONTEXT_REVIEW,DGEF/contracts/data_dictionary.csv: registry_spatial_frame.cosmic_domain,一个明确中心轴和单位的参考系,待資料負責人確認,UNKNOWN,TEXT,1,0,UNKNOWN_NOT_APPLICABLE_OR_NOT_RECORDED; DO_NOT_IMPUTE_ZERO,UNASSIGNED,PROPOSED_NO_MEASURED_ROI
DGEF/artifacts/tables/06_spacetime/registry_spatial_frame.csv,registry_spatial_frame,3,center_name,DGEF_EXPORT,ba59f4a9ccaed0749493c1de9fbf019f660fb32496bc08479ba03ef70b4239a7,1,0,1,center name；定义受所属表粒度与SQL约束限定,DOCUMENTED_GENERIC_REVIEW,DGEF/contracts/data_dictionary.csv: registry_spatial_frame.center_name,一个明确中心轴和单位的参考系,待資料負責人確認,UNKNOWN,TEXT,1,0,UNKNOWN_NOT_APPLICABLE_OR_NOT_RECORDED; DO_NOT_IMPUTE_ZERO,UNASSIGNED,PROPOSED_NO_MEASURED_ROI
DGEF/artifacts/tables/06_spacetime/registry_spatial_frame.csv,registry_spatial_frame,4,axis_definition,DGEF_EXPORT,ba59f4a9ccaed0749493c1de9fbf019f660fb32496bc08479ba03ef70b4239a7,1,0,1,axis definition；定义受所属表粒度与SQL约束限定,DOCUMENTED_GENERIC_REVIEW,DGEF/contracts/data_dictionary.csv: registry_spatial_frame.axis_definition,一个明确中心轴和单位的参考系,待資料負責人確認,UNKNOWN,TEXT,1,0,UNKNOWN_NOT_APPLICABLE_OR_NOT_RECORDED; DO_NOT_IMPUTE_ZERO,UNASSIGNED,PROPOSED_NO_MEASURED_ROI
DGEF/artifacts/tables/06_spacetime/registry_spatial_frame.csv,registry_spatial_frame,5,position_unit,DGEF_EXPORT,ba59f4a9ccaed0749493c1de9fbf019f660fb32496bc08479ba03ef70b4239a7,1,0,1,值的單位；不能從欄名或數值大小猜測單位,PROPOSED_CONTEXT_REVIEW,build_semantic_catalog.py: explicit proposed glossary,一个明确中心轴和单位的参考系,避免量綱錯誤,UNIT_LABEL,TEXT,1,0,UNKNOWN_NOT_APPLICABLE_OR_NOT_RECORDED; DO_NOT_IMPUTE_ZERO,UNASSIGNED,PROPOSED_NO_MEASURED_ROI
DGEF/artifacts/tables/06_spacetime/registry_spatial_frame.csv,registry_spatial_frame,6,velocity_unit,DGEF_EXPORT,ba59f4a9ccaed0749493c1de9fbf019f660fb32496bc08479ba03ef70b4239a7,1,0,1,值的單位；不能從欄名或數值大小猜測單位,PROPOSED_CONTEXT_REVIEW,build_semantic_catalog.py: explicit proposed glossary,一个明确中心轴和单位的参考系,避免量綱錯誤,UNIT_LABEL,TEXT,0,0,UNKNOWN_NOT_APPLICABLE_OR_NOT_RECORDED; DO_NOT_IMPUTE_ZERO,UNASSIGNED,PROPOSED_NO_MEASURED_ROI
DGEF/artifacts/tables/06_spacetime/registry_spatial_frame.csv,registry_spatial_frame,7,reference_uri,DGEF_EXPORT,ba59f4a9ccaed0749493c1de9fbf019f660fb32496bc08479ba03ef70b4239a7,1,0,1,reference uri；定义受所属表粒度与SQL约束限定,DOCUMENTED_GENERIC_REVIEW,DGEF/contracts/data_dictionary.csv: registry_spatial_frame.reference_uri,一个明确中心轴和单位的参考系,待資料負責人確認,UNKNOWN,TEXT,1,0,UNKNOWN_NOT_APPLICABLE_OR_NOT_RECORDED; DO_NOT_IMPUTE_ZERO,UNASSIGNED,PROPOSED_NO_MEASURED_ROI
DGEF/artifacts/tables/07_simulation_virtual/registry_simulation_run.csv,registry_simulation_run,1,record_id,DGEF_EXPORT,cc21ac307c705589a0ddd63c200d2b27992bbfa285b718bf1c9f86bd742fad97,0,0,0,record id；定义受所属表粒度与SQL约束限定,DOCUMENTED_GENERIC_REVIEW,DGEF/contracts/data_dictionary.csv: registry_simulation_run.record_id,一个有来源、双时间的领域记录,待資料負責人確認,UNKNOWN,TEXT,1,1,UNKNOWN_NOT_APPLICABLE_OR_NOT_RECORDED; DO_NOT_IMPUTE_ZERO,UNASSIGNED,PROPOSED_NO_MEASURED_ROI
DGEF/artifacts/tables/07_simulation_virtual/registry_simulation_run.csv,registry_simulation_run,2,entity_id,DGEF_EXPORT,cc21ac307c705589a0ddd63c200d2b27992bbfa285b718bf1c9f86bd742fad97,0,0,0,穩定內部實體識別鍵；命名空間及對象依所屬表，不以相似名稱自動合併,PROPOSED_CONTEXT_REVIEW,build_semantic_catalog.py: explicit proposed glossary,一个有来源、双时间的领域记录,跨表實體追溯,NOT_APPLICABLE,TEXT,1,0,UNKNOWN_NOT_APPLICABLE_OR_NOT_RECORDED; DO_NOT_IMPUTE_ZERO,UNASSIGNED,PROPOSED_NO_MEASURED_ROI
DGEF/artifacts/tables/07_simulation_virtual/registry_simulation_run.csv,registry_simulation_run,3,virtual_world_entity_id,DGEF_EXPORT,cc21ac307c705589a0ddd63c200d2b27992bbfa285b718bf1c9f86bd742fad97,0,0,0,virtual world entity id；定义受所属表粒度与SQL约束限定,DOCUMENTED_GENERIC_REVIEW,DGEF/contracts/data_dictionary.csv: registry_simulation_run.virtual_world_entity_id,一个有来源、双时间的领域记录,待資料負責人確認,UNKNOWN,TEXT,0,0,UNKNOWN_NOT_APPLICABLE_OR_NOT_RECORDED; DO_NOT_IMPUTE_ZERO,UNASSIGNED,PROPOSED_NO_MEASURED_ROI
DGEF/artifacts/tables/07_simulation_virtual/registry_simulation_run.csv,registry_simulation_run,4,model_version,DGEF_EXPORT,cc21ac307c705589a0ddd63c200d2b27992bbfa285b718bf1c9f86bd742fad97,0,0,0,model version；定义受所属表粒度与SQL约束限定,DOCUMENTED_GENERIC_REVIEW,DGEF/contracts/data_dictionary.csv: registry_simulation_run.model_version,一个有来源、双时间的领域记录,待資料負責人確認,UNKNOWN,TEXT,1,0,UNKNOWN_NOT_APPLICABLE_OR_NOT_RECORDED; DO_NOT_IMPUTE_ZERO,UNASSIGNED,PROPOSED_NO_MEASURED_ROI
DGEF/artifacts/tables/07_simulation_virtual/registry_simulation_run.csv,registry_simulation_run,5,random_seed,DGEF_EXPORT,cc21ac307c705589a0ddd63c200d2b27992bbfa285b718bf1c9f86bd742fad97,0,0,0,random seed；定义受所属表粒度与SQL约束限定,DOCUMENTED_GENERIC_REVIEW,DGEF/contracts/data_dictionary.csv: registry_simulation_run.random_seed,一个有来源、双时间的领域记录,待資料負責人確認,UNKNOWN,TEXT,1,0,UNKNOWN_NOT_APPLICABLE_OR_NOT_RECORDED; DO_NOT_IMPUTE_ZERO,UNASSIGNED,PROPOSED_NO_MEASURED_ROI
DGEF/artifacts/tables/07_simulation_virtual/registry_simulation_run.csv,registry_simulation_run,6,started_at,DGEF_EXPORT,cc21ac307c705589a0ddd63c200d2b27992bbfa285b718bf1c9f86bd742fad97,0,0,0,started at；定义受所属表粒度与SQL约束限定,DOCUMENTED_GENERIC_REVIEW,DGEF/contracts/data_dictionary.csv: registry_simulation_run.started_at,一个有来源、双时间的领域记录,待資料負責人確認,UNKNOWN,TEXT,1,0,UNKNOWN_NOT_APPLICABLE_OR_NOT_RECORDED; DO_NOT_IMPUTE_ZERO,UNASSIGNED,PROPOSED_NO_MEASURED_ROI
DGEF/artifacts/tables/07_simulation_virtual/registry_simulation_run.csv,registry_simulation_run,7,finished_at,DGEF_EXPORT,cc21ac307c705589a0ddd63c200d2b27992bbfa285b718bf1c9f86bd742fad97,0,0,0,finished at；定义受所属表粒度与SQL约束限定,DOCUMENTED_GENERIC_REVIEW,DGEF/contracts/data_dictionary.csv: registry_simulation_run.finished_at,一个有来源、双时间的领域记录,待資料負責人確認,UNKNOWN,TEXT,0,0,UNKNOWN_NOT_APPLICABLE_OR_NOT_RECORDED; DO_NOT_IMPUTE_ZERO,UNASSIGNED,PROPOSED_NO_MEASURED_ROI
DGEF/artifacts/tables/07_simulation_virtual/registry_simulation_run.csv,registry_simulation_run,8,source_id,DGEF_EXPORT,cc21ac307c705589a0ddd63c200d2b27992bbfa285b718bf1c9f86bd742fad97,0,0,0,來源登記鍵；僅指來源，不代表該來源全部說法已核實,PROPOSED_CONTEXT_REVIEW,build_semantic_catalog.py: explicit proposed glossary,一个有来源、双时间的领域记录,主張證據追溯,NOT_APPLICABLE,TEXT,1,0,UNKNOWN_NOT_APPLICABLE_OR_NOT_RECORDED; DO_NOT_IMPUTE_ZERO,UNASSIGNED,PROPOSED_NO_MEASURED_ROI
DGEF/artifacts/tables/07_simulation_virtual/registry_simulation_run.csv,registry_simulation_run,9,evidence_state,DGEF_EXPORT,cc21ac307c705589a0ddd63c200d2b27992bbfa285b718bf1c9f86bd742fad97,0,0,0,特定記錄或主張的證據狀態；VERIFIED 僅限可定位範圍,PROPOSED_CONTEXT_REVIEW,build_semantic_catalog.py: explicit proposed glossary,一个有来源、双时间的领域记录,隔離未知、宣稱與核實,NOT_APPLICABLE,TEXT,1,0,UNKNOWN_NOT_APPLICABLE_OR_NOT_RECORDED; DO_NOT_IMPUTE_ZERO,UNASSIGNED,PROPOSED_NO_MEASURED_ROI
DGEF/artifacts/tables/07_simulation_virtual/registry_simulation_run.csv,registry_simulation_run,10,valid_from,DGEF_EXPORT,cc21ac307c705589a0ddd63c200d2b27992bbfa285b718bf1c9f86bd742fad97,0,0,0,現實關係／記錄的有效起訖；未知終止時間留空，不當已終止,PROPOSED_CONTEXT_REVIEW,build_semantic_catalog.py: explicit proposed glossary,一个有来源、双时间的领域记录,歷史狀態重建,SOURCE_DATE_OR_TIMESTAMP,TEXT,1,0,UNKNOWN_NOT_APPLICABLE_OR_NOT_RECORDED; DO_NOT_IMPUTE_ZERO,UNASSIGNED,PROPOSED_NO_MEASURED_ROI
DGEF/artifacts/tables/07_simulation_virtual/registry_simulation_run.csv,registry_simulation_run,11,valid_to,DGEF_EXPORT,cc21ac307c705589a0ddd63c200d2b27992bbfa285b718bf1c9f86bd742fad97,0,0,0,現實關係／記錄的有效起訖；未知終止時間留空，不當已終止,PROPOSED_CONTEXT_REVIEW,build_semantic_catalog.py: explicit proposed glossary,一个有来源、双时间的领域记录,歷史狀態重建,SOURCE_DATE_OR_TIMESTAMP,TEXT,0,0,UNKNOWN_NOT_APPLICABLE_OR_NOT_RECORDED; DO_NOT_IMPUTE_ZERO,UNASSIGNED,PROPOSED_NO_MEASURED_ROI
DGEF/artifacts/tables/07_simulation_virtual/registry_simulation_run.csv,registry_simulation_run,12,transaction_time,DGEF_EXPORT,cc21ac307c705589a0ddd63c200d2b27992bbfa285b718bf1c9f86bd742fad97,0,0,0,資料系統記錄時間；與現實事件發生時間不同,PROPOSED_CONTEXT_REVIEW,build_semantic_catalog.py: explicit proposed glossary,一个有来源、双时间的领域记录,雙時間追溯,SOURCE_TIMESTAMP,TEXT,1,0,UNKNOWN_NOT_APPLICABLE_OR_NOT_RECORDED; DO_NOT_IMPUTE_ZERO,UNASSIGNED,PROPOSED_NO_MEASURED_ROI
DGEF/artifacts/tables/07_simulation_virtual/registry_synthetic_population.csv,registry_synthetic_population,1,record_id,DGEF_EXPORT,812a8ec1ce1970943c35bb0817053ccbd512a84c0ee1b38de007cda17ff13776,0,0,0,record id；定义受所属表粒度与SQL约束限定,DOCUMENTED_GENERIC_REVIEW,DGEF/contracts/data_dictionary.csv: registry_synthetic_population.record_id,一个有来源、双时间的领域记录,待資料負責人確認,UNKNOWN,TEXT,1,1,UNKNOWN_NOT_APPLICABLE_OR_NOT_RECORDED; DO_NOT_IMPUTE_ZERO,UNASSIGNED,PROPOSED_NO_MEASURED_ROI
DGEF/artifacts/tables/07_simulation_virtual/registry_synthetic_population.csv,registry_synthetic_population,2,entity_id,DGEF_EXPORT,812a8ec1ce1970943c35bb0817053ccbd512a84c0ee1b38de007cda17ff13776,0,0,0,穩定內部實體識別鍵；命名空間及對象依所屬表，不以相似名稱自動合併,PROPOSED_CONTEXT_REVIEW,build_semantic_catalog.py: explicit proposed glossary,一个有来源、双时间的领域记录,跨表實體追溯,NOT_APPLICABLE,TEXT,1,0,UNKNOWN_NOT_APPLICABLE_OR_NOT_RECORDED; DO_NOT_IMPUTE_ZERO,UNASSIGNED,PROPOSED_NO_MEASURED_ROI
DGEF/artifacts/tables/07_simulation_virtual/registry_synthetic_population.csv,registry_synthetic_population,3,simulation_run_id,DGEF_EXPORT,812a8ec1ce1970943c35bb0817053ccbd512a84c0ee1b38de007cda17ff13776,0,0,0,simulation run id；定义受所属表粒度与SQL约束限定,DOCUMENTED_GENERIC_REVIEW,DGEF/contracts/data_dictionary.csv: registry_synthetic_population.simulation_run_id,一个有来源、双时间的领域记录,待資料負責人確認,UNKNOWN,TEXT,1,0,UNKNOWN_NOT_APPLICABLE_OR_NOT_RECORDED; DO_NOT_IMPUTE_ZERO,UNASSIGNED,PROPOSED_NO_MEASURED_ROI
DGEF/artifacts/tables/07_simulation_virtual/registry_synthetic_population.csv,registry_synthetic_population,4,population_count,DGEF_EXPORT,812a8ec1ce1970943c35bb0817053ccbd512a84c0ee1b38de007cda17ff13776,0,0,0,population count；定义受所属表粒度与SQL约束限定,DOCUMENTED_GENERIC_REVIEW,DGEF/contracts/data_dictionary.csv: registry_synthetic_population.population_count,一个有来源、双时间的领域记录,待資料負責人確認,UNKNOWN,INTEGER,1,0,UNKNOWN_NOT_APPLICABLE_OR_NOT_RECORDED; DO_NOT_IMPUTE_ZERO,UNASSIGNED,PROPOSED_NO_MEASURED_ROI
DGEF/artifacts/tables/07_simulation_virtual/registry_synthetic_population.csv,registry_synthetic_population,5,generation_method,DGEF_EXPORT,812a8ec1ce1970943c35bb0817053ccbd512a84c0ee1b38de007cda17ff13776,0,0,0,generation method；定义受所属表粒度与SQL约束限定,DOCUMENTED_GENERIC_REVIEW,DGEF/contracts/data_dictionary.csv: registry_synthetic_population.generation_method,一个有来源、双时间的领域记录,待資料負責人確認,UNKNOWN,TEXT,1,0,UNKNOWN_NOT_APPLICABLE_OR_NOT_RECORDED; DO_NOT_IMPUTE_ZERO,UNASSIGNED,PROPOSED_NO_MEASURED_ROI
DGEF/artifacts/tables/07_simulation_virtual/registry_synthetic_population.csv,registry_synthetic_population,6,source_id,DGEF_EXPORT,812a8ec1ce1970943c35bb0817053ccbd512a84c0ee1b38de007cda17ff13776,0,0,0,來源登記鍵；僅指來源，不代表該來源全部說法已核實,PROPOSED_CONTEXT_REVIEW,build_semantic_catalog.py: explicit proposed glossary,一个有来源、双时间的领域记录,主張證據追溯,NOT_APPLICABLE,TEXT,1,0,UNKNOWN_NOT_APPLICABLE_OR_NOT_RECORDED; DO_NOT_IMPUTE_ZERO,UNASSIGNED,PROPOSED_NO_MEASURED_ROI
DGEF/artifacts/tables/07_simulation_virtual/registry_synthetic_population.csv,registry_synthetic_population,7,evidence_state,DGEF_EXPORT,812a8ec1ce1970943c35bb0817053ccbd512a84c0ee1b38de007cda17ff13776,0,0,0,特定記錄或主張的證據狀態；VERIFIED 僅限可定位範圍,PROPOSED_CONTEXT_REVIEW,build_semantic_catalog.py: explicit proposed glossary,一个有来源、双时间的领域记录,隔離未知、宣稱與核實,NOT_APPLICABLE,TEXT,1,0,UNKNOWN_NOT_APPLICABLE_OR_NOT_RECORDED; DO_NOT_IMPUTE_ZERO,UNASSIGNED,PROPOSED_NO_MEASURED_ROI
DGEF/artifacts/tables/07_simulation_virtual/registry_synthetic_population.csv,registry_synthetic_population,8,valid_from,DGEF_EXPORT,812a8ec1ce1970943c35bb0817053ccbd512a84c0ee1b38de007cda17ff13776,0,0,0,現實關係／記錄的有效起訖；未知終止時間留空，不當已終止,PROPOSED_CONTEXT_REVIEW,build_semantic_catalog.py: explicit proposed glossary,一个有来源、双时间的领域记录,歷史狀態重建,SOURCE_DATE_OR_TIMESTAMP,TEXT,1,0,UNKNOWN_NOT_APPLICABLE_OR_NOT_RECORDED; DO_NOT_IMPUTE_ZERO,UNASSIGNED,PROPOSED_NO_MEASURED_ROI
DGEF/artifacts/tables/07_simulation_virtual/registry_synthetic_population.csv,registry_synthetic_population,9,valid_to,DGEF_EXPORT,812a8ec1ce1970943c35bb0817053ccbd512a84c0ee1b38de007cda17ff13776,0,0,0,現實關係／記錄的有效起訖；未知終止時間留空，不當已終止,PROPOSED_CONTEXT_REVIEW,build_semantic_catalog.py: explicit proposed glossary,一个有来源、双时间的领域记录,歷史狀態重建,SOURCE_DATE_OR_TIMESTAMP,TEXT,0,0,UNKNOWN_NOT_APPLICABLE_OR_NOT_RECORDED; DO_NOT_IMPUTE_ZERO,UNASSIGNED,PROPOSED_NO_MEASURED_ROI
DGEF/artifacts/tables/07_simulation_virtual/registry_synthetic_population.csv,registry_synthetic_population,10,transaction_time,DGEF_EXPORT,812a8ec1ce1970943c35bb0817053ccbd512a84c0ee1b38de007cda17ff13776,0,0,0,資料系統記錄時間；與現實事件發生時間不同,PROPOSED_CONTEXT_REVIEW,build_semantic_catalog.py: explicit proposed glossary,一个有来源、双时间的领域记录,雙時間追溯,SOURCE_TIMESTAMP,TEXT,1,0,UNKNOWN_NOT_APPLICABLE_OR_NOT_RECORDED; DO_NOT_IMPUTE_ZERO,UNASSIGNED,PROPOSED_NO_MEASURED_ROI
DGEF/artifacts/tables/07_simulation_virtual/registry_virtual_entity.csv,registry_virtual_entity,1,record_id,DGEF_EXPORT,3f84d29cc93ea84a520d920dd778bec361c893f4171ec496e738bddf78992fa0,0,0,0,record id；定义受所属表粒度与SQL约束限定,DOCUMENTED_GENERIC_REVIEW,DGEF/contracts/data_dictionary.csv: registry_virtual_entity.record_id,一个有来源、双时间的领域记录,待資料負責人確認,UNKNOWN,TEXT,1,1,UNKNOWN_NOT_APPLICABLE_OR_NOT_RECORDED; DO_NOT_IMPUTE_ZERO,UNASSIGNED,PROPOSED_NO_MEASURED_ROI
DGEF/artifacts/tables/07_simulation_virtual/registry_virtual_entity.csv,registry_virtual_entity,2,entity_id,DGEF_EXPORT,3f84d29cc93ea84a520d920dd778bec361c893f4171ec496e738bddf78992fa0,0,0,0,穩定內部實體識別鍵；命名空間及對象依所屬表，不以相似名稱自動合併,PROPOSED_CONTEXT_REVIEW,build_semantic_catalog.py: explicit proposed glossary,一个有来源、双时间的领域记录,跨表實體追溯,NOT_APPLICABLE,TEXT,1,0,UNKNOWN_NOT_APPLICABLE_OR_NOT_RECORDED; DO_NOT_IMPUTE_ZERO,UNASSIGNED,PROPOSED_NO_MEASURED_ROI
DGEF/artifacts/tables/07_simulation_virtual/registry_virtual_entity.csv,registry_virtual_entity,3,virtual_world_entity_id,DGEF_EXPORT,3f84d29cc93ea84a520d920dd778bec361c893f4171ec496e738bddf78992fa0,0,0,0,virtual world entity id；定义受所属表粒度与SQL约束限定,DOCUMENTED_GENERIC_REVIEW,DGEF/contracts/data_dictionary.csv: registry_virtual_entity.virtual_world_entity_id,一个有来源、双时间的领域记录,待資料負責人確認,UNKNOWN,TEXT,1,0,UNKNOWN_NOT_APPLICABLE_OR_NOT_RECORDED; DO_NOT_IMPUTE_ZERO,UNASSIGNED,PROPOSED_NO_MEASURED_ROI
DGEF/artifacts/tables/07_simulation_virtual/registry_virtual_entity.csv,registry_virtual_entity,4,source_id,DGEF_EXPORT,3f84d29cc93ea84a520d920dd778bec361c893f4171ec496e738bddf78992fa0,0,0,0,來源登記鍵；僅指來源，不代表該來源全部說法已核實,PROPOSED_CONTEXT_REVIEW,build_semantic_catalog.py: explicit proposed glossary,一个有来源、双时间的领域记录,主張證據追溯,NOT_APPLICABLE,TEXT,1,0,UNKNOWN_NOT_APPLICABLE_OR_NOT_RECORDED; DO_NOT_IMPUTE_ZERO,UNASSIGNED,PROPOSED_NO_MEASURED_ROI
DGEF/artifacts/tables/07_simulation_virtual/registry_virtual_entity.csv,registry_virtual_entity,5,evidence_state,DGEF_EXPORT,3f84d29cc93ea84a520d920dd778bec361c893f4171ec496e738bddf78992fa0,0,0,0,特定記錄或主張的證據狀態；VERIFIED 僅限可定位範圍,PROPOSED_CONTEXT_REVIEW,build_semantic_catalog.py: explicit proposed glossary,一个有来源、双时间的领域记录,隔離未知、宣稱與核實,NOT_APPLICABLE,TEXT,1,0,UNKNOWN_NOT_APPLICABLE_OR_NOT_RECORDED; DO_NOT_IMPUTE_ZERO,UNASSIGNED,PROPOSED_NO_MEASURED_ROI
DGEF/artifacts/tables/07_simulation_virtual/registry_virtual_entity.csv,registry_virtual_entity,6,valid_from,DGEF_EXPORT,3f84d29cc93ea84a520d920dd778bec361c893f4171ec496e738bddf78992fa0,0,0,0,現實關係／記錄的有效起訖；未知終止時間留空，不當已終止,PROPOSED_CONTEXT_REVIEW,build_semantic_catalog.py: explicit proposed glossary,一个有来源、双时间的领域记录,歷史狀態重建,SOURCE_DATE_OR_TIMESTAMP,TEXT,1,0,UNKNOWN_NOT_APPLICABLE_OR_NOT_RECORDED; DO_NOT_IMPUTE_ZERO,UNASSIGNED,PROPOSED_NO_MEASURED_ROI
DGEF/artifacts/tables/07_simulation_virtual/registry_virtual_entity.csv,registry_virtual_entity,7,valid_to,DGEF_EXPORT,3f84d29cc93ea84a520d920dd778bec361c893f4171ec496e738bddf78992fa0,0,0,0,現實關係／記錄的有效起訖；未知終止時間留空，不當已終止,PROPOSED_CONTEXT_REVIEW,build_semantic_catalog.py: explicit proposed glossary,一个有来源、双时间的领域记录,歷史狀態重建,SOURCE_DATE_OR_TIMESTAMP,TEXT,0,0,UNKNOWN_NOT_APPLICABLE_OR_NOT_RECORDED; DO_NOT_IMPUTE_ZERO,UNASSIGNED,PROPOSED_NO_MEASURED_ROI
DGEF/artifacts/tables/07_simulation_virtual/registry_virtual_entity.csv,registry_virtual_entity,8,transaction_time,DGEF_EXPORT,3f84d29cc93ea84a520d920dd778bec361c893f4171ec496e738bddf78992fa0,0,0,0,資料系統記錄時間；與現實事件發生時間不同,PROPOSED_CONTEXT_REVIEW,build_semantic_catalog.py: explicit proposed glossary,一个有来源、双时间的领域记录,雙時間追溯,SOURCE_TIMESTAMP,TEXT,1,0,UNKNOWN_NOT_APPLICABLE_OR_NOT_RECORDED; DO_NOT_IMPUTE_ZERO,UNASSIGNED,PROPOSED_NO_MEASURED_ROI
DGEF/artifacts/tables/07_simulation_virtual/registry_virtual_world.csv,registry_virtual_world,1,record_id,DGEF_EXPORT,71b924d240acee57d094ef96a94d74b8233f06166cf8eabec6a6099d1bcd0fd7,0,0,0,record id；定义受所属表粒度与SQL约束限定,DOCUMENTED_GENERIC_REVIEW,DGEF/contracts/data_dictionary.csv: registry_virtual_world.record_id,一个有来源、双时间的领域记录,待資料負責人確認,UNKNOWN,TEXT,1,1,UNKNOWN_NOT_APPLICABLE_OR_NOT_RECORDED; DO_NOT_IMPUTE_ZERO,UNASSIGNED,PROPOSED_NO_MEASURED_ROI
DGEF/artifacts/tables/07_simulation_virtual/registry_virtual_world.csv,registry_virtual_world,2,entity_id,DGEF_EXPORT,71b924d240acee57d094ef96a94d74b8233f06166cf8eabec6a6099d1bcd0fd7,0,0,0,穩定內部實體識別鍵；命名空間及對象依所屬表，不以相似名稱自動合併,PROPOSED_CONTEXT_REVIEW,build_semantic_catalog.py: explicit proposed glossary,一个有来源、双时间的领域记录,跨表實體追溯,NOT_APPLICABLE,TEXT,1,0,UNKNOWN_NOT_APPLICABLE_OR_NOT_RECORDED; DO_NOT_IMPUTE_ZERO,UNASSIGNED,PROPOSED_NO_MEASURED_ROI
DGEF/artifacts/tables/07_simulation_virtual/registry_virtual_world.csv,registry_virtual_world,3,engine_name,DGEF_EXPORT,71b924d240acee57d094ef96a94d74b8233f06166cf8eabec6a6099d1bcd0fd7,0,0,0,engine name；定义受所属表粒度与SQL约束限定,DOCUMENTED_GENERIC_REVIEW,DGEF/contracts/data_dictionary.csv: registry_virtual_world.engine_name,一个有来源、双时间的领域记录,待資料負責人確認,UNKNOWN,TEXT,1,0,UNKNOWN_NOT_APPLICABLE_OR_NOT_RECORDED; DO_NOT_IMPUTE_ZERO,UNASSIGNED,PROPOSED_NO_MEASURED_ROI
DGEF/artifacts/tables/07_simulation_virtual/registry_virtual_world.csv,registry_virtual_world,4,engine_version,DGEF_EXPORT,71b924d240acee57d094ef96a94d74b8233f06166cf8eabec6a6099d1bcd0fd7,0,0,0,engine version；定义受所属表粒度与SQL约束限定,DOCUMENTED_GENERIC_REVIEW,DGEF/contracts/data_dictionary.csv: registry_virtual_world.engine_version,一个有来源、双时间的领域记录,待資料負責人確認,UNKNOWN,TEXT,1,0,UNKNOWN_NOT_APPLICABLE_OR_NOT_RECORDED; DO_NOT_IMPUTE_ZERO,UNASSIGNED,PROPOSED_NO_MEASURED_ROI
DGEF/artifacts/tables/07_simulation_virtual/registry_virtual_world.csv,registry_virtual_world,5,local_frame,DGEF_EXPORT,71b924d240acee57d094ef96a94d74b8233f06166cf8eabec6a6099d1bcd0fd7,0,0,0,local frame；定义受所属表粒度与SQL约束限定,DOCUMENTED_GENERIC_REVIEW,DGEF/contracts/data_dictionary.csv: registry_virtual_world.local_frame,一个有来源、双时间的领域记录,待資料負責人確認,UNKNOWN,TEXT,1,0,UNKNOWN_NOT_APPLICABLE_OR_NOT_RECORDED; DO_NOT_IMPUTE_ZERO,UNASSIGNED,PROPOSED_NO_MEASURED_ROI
DGEF/artifacts/tables/07_simulation_virtual/registry_virtual_world.csv,registry_virtual_world,6,source_id,DGEF_EXPORT,71b924d240acee57d094ef96a94d74b8233f06166cf8eabec6a6099d1bcd0fd7,0,0,0,來源登記鍵；僅指來源，不代表該來源全部說法已核實,PROPOSED_CONTEXT_REVIEW,build_semantic_catalog.py: explicit proposed glossary,一个有来源、双时间的领域记录,主張證據追溯,NOT_APPLICABLE,TEXT,1,0,UNKNOWN_NOT_APPLICABLE_OR_NOT_RECORDED; DO_NOT_IMPUTE_ZERO,UNASSIGNED,PROPOSED_NO_MEASURED_ROI
DGEF/artifacts/tables/07_simulation_virtual/registry_virtual_world.csv,registry_virtual_world,7,evidence_state,DGEF_EXPORT,71b924d240acee57d094ef96a94d74b8233f06166cf8eabec6a6099d1bcd0fd7,0,0,0,特定記錄或主張的證據狀態；VERIFIED 僅限可定位範圍,PROPOSED_CONTEXT_REVIEW,build_semantic_catalog.py: explicit proposed glossary,一个有来源、双时间的领域记录,隔離未知、宣稱與核實,NOT_APPLICABLE,TEXT,1,0,UNKNOWN_NOT_APPLICABLE_OR_NOT_RECORDED; DO_NOT_IMPUTE_ZERO,UNASSIGNED,PROPOSED_NO_MEASURED_ROI
DGEF/artifacts/tables/07_simulation_virtual/registry_virtual_world.csv,registry_virtual_world,8,valid_from,DGEF_EXPORT,71b924d240acee57d094ef96a94d74b8233f06166cf8eabec6a6099d1bcd0fd7,0,0,0,現實關係／記錄的有效起訖；未知終止時間留空，不當已終止,PROPOSED_CONTEXT_REVIEW,build_semantic_catalog.py: explicit proposed glossary,一个有来源、双时间的领域记录,歷史狀態重建,SOURCE_DATE_OR_TIMESTAMP,TEXT,1,0,UNKNOWN_NOT_APPLICABLE_OR_NOT_RECORDED; DO_NOT_IMPUTE_ZERO,UNASSIGNED,PROPOSED_NO_MEASURED_ROI
DGEF/artifacts/tables/07_simulation_virtual/registry_virtual_world.csv,registry_virtual_world,9,valid_to,DGEF_EXPORT,71b924d240acee57d094ef96a94d74b8233f06166cf8eabec6a6099d1bcd0fd7,0,0,0,現實關係／記錄的有效起訖；未知終止時間留空，不當已終止,PROPOSED_CONTEXT_REVIEW,build_semantic_catalog.py: explicit proposed glossary,一个有来源、双时间的领域记录,歷史狀態重建,SOURCE_DATE_OR_TIMESTAMP,TEXT,0,0,UNKNOWN_NOT_APPLICABLE_OR_NOT_RECORDED; DO_NOT_IMPUTE_ZERO,UNASSIGNED,PROPOSED_NO_MEASURED_ROI
DGEF/artifacts/tables/07_simulation_virtual/registry_virtual_world.csv,registry_virtual_world,10,transaction_time,DGEF_EXPORT,71b924d240acee57d094ef96a94d74b8233f06166cf8eabec6a6099d1bcd0fd7,0,0,0,資料系統記錄時間；與現實事件發生時間不同,PROPOSED_CONTEXT_REVIEW,build_semantic_catalog.py: explicit proposed glossary,一个有来源、双时间的领域记录,雙時間追溯,SOURCE_TIMESTAMP,TEXT,1,0,UNKNOWN_NOT_APPLICABLE_OR_NOT_RECORDED; DO_NOT_IMPUTE_ZERO,UNASSIGNED,PROPOSED_NO_MEASURED_ROI
DGEF/artifacts/tables/08_service_staging/staging_service_catalogue.csv,staging_service_catalogue,1,catalogue_id,DGEF_EXPORT,9fb936e6f48921dbdf6d32143d418ac5792c43f7bf136f09e08f565c0104a094,405,0,405,catalogue id；定义受所属表粒度与SQL约束限定,DOCUMENTED_GENERIC_REVIEW,DGEF/contracts/data_dictionary.csv: staging_service_catalogue.catalogue_id,目录一行；合并品牌不得自动入法人籍,待資料負責人確認,UNKNOWN,TEXT,1,1,UNKNOWN_NOT_APPLICABLE_OR_NOT_RECORDED; DO_NOT_IMPUTE_ZERO,UNASSIGNED,PROPOSED_NO_MEASURED_ROI
DGEF/artifacts/tables/08_service_staging/staging_service_catalogue.csv,staging_service_catalogue,2,name,DGEF_EXPORT,9fb936e6f48921dbdf6d32143d418ac5792c43f7bf136f09e08f565c0104a094,405,0,405,name；定义受所属表粒度与SQL约束限定,DOCUMENTED_GENERIC_REVIEW,DGEF/contracts/data_dictionary.csv: staging_service_catalogue.name,目录一行；合并品牌不得自动入法人籍,待資料負責人確認,UNKNOWN,TEXT,1,0,UNKNOWN_NOT_APPLICABLE_OR_NOT_RECORDED; DO_NOT_IMPUTE_ZERO,UNASSIGNED,PROPOSED_NO_MEASURED_ROI
DGEF/artifacts/tables/08_service_staging/staging_service_catalogue.csv,staging_service_catalogue,3,category,DGEF_EXPORT,9fb936e6f48921dbdf6d32143d418ac5792c43f7bf136f09e08f565c0104a094,405,0,25,category；定义受所属表粒度与SQL约束限定,DOCUMENTED_GENERIC_REVIEW,DGEF/contracts/data_dictionary.csv: staging_service_catalogue.category,目录一行；合并品牌不得自动入法人籍,待資料負責人確認,UNKNOWN,TEXT,1,0,UNKNOWN_NOT_APPLICABLE_OR_NOT_RECORDED; DO_NOT_IMPUTE_ZERO,UNASSIGNED,PROPOSED_NO_MEASURED_ROI
DGEF/artifacts/tables/08_service_staging/staging_service_catalogue.csv,staging_service_catalogue,4,verification_status,DGEF_EXPORT,9fb936e6f48921dbdf6d32143d418ac5792c43f7bf136f09e08f565c0104a094,405,0,3,特定記錄或主張的證據狀態；VERIFIED 僅限可定位範圍,PROPOSED_CONTEXT_REVIEW,build_semantic_catalog.py: explicit proposed glossary,目录一行；合并品牌不得自动入法人籍,隔離未知、宣稱與核實,NOT_APPLICABLE,TEXT,1,0,UNKNOWN_NOT_APPLICABLE_OR_NOT_RECORDED; DO_NOT_IMPUTE_ZERO,UNASSIGNED,PROPOSED_NO_MEASURED_ROI
DGEF/artifacts/tables/08_service_staging/staging_service_catalogue.csv,staging_service_catalogue,5,verification_url,DGEF_EXPORT,9fb936e6f48921dbdf6d32143d418ac5792c43f7bf136f09e08f565c0104a094,405,330,74,verification url；定义受所属表粒度与SQL约束限定,DOCUMENTED_GENERIC_REVIEW,DGEF/contracts/data_dictionary.csv: staging_service_catalogue.verification_url,目录一行；合并品牌不得自动入法人籍,待資料負責人確認,UNKNOWN,TEXT,0,0,UNKNOWN_NOT_APPLICABLE_OR_NOT_RECORDED; DO_NOT_IMPUTE_ZERO,UNASSIGNED,PROPOSED_NO_MEASURED_ROI
DGEF/artifacts/tables/08_service_staging/staging_service_catalogue.csv,staging_service_catalogue,6,verified_scope,DGEF_EXPORT,9fb936e6f48921dbdf6d32143d418ac5792c43f7bf136f09e08f565c0104a094,405,0,75,核實涵蓋的主張、條件與邊界；不把公開描述擴展成性能或部署證明,PROPOSED_CONTEXT_REVIEW,build_semantic_catalog.py: explicit proposed glossary,目录一行；合并品牌不得自动入法人籍,限定決策可信範圍,NOT_APPLICABLE,TEXT,1,0,UNKNOWN_NOT_APPLICABLE_OR_NOT_RECORDED; DO_NOT_IMPUTE_ZERO,UNASSIGNED,PROPOSED_NO_MEASURED_ROI
DGEF/artifacts/tables/08_service_staging/staging_service_catalogue.csv,staging_service_catalogue,7,raw_json,DGEF_EXPORT,9fb936e6f48921dbdf6d32143d418ac5792c43f7bf136f09e08f565c0104a094,405,0,405,原始資料或基線的序列化內容；保留來源粒度与授權，不能公開當作已審結果,PROPOSED_CONTEXT_REVIEW,build_semantic_catalog.py: explicit proposed glossary,目录一行；合并品牌不得自动入法人籍,原文無損與重現,JSON_OR_SOURCE_TEXT,TEXT,1,0,UNKNOWN_NOT_APPLICABLE_OR_NOT_RECORDED; DO_NOT_IMPUTE_ZERO,UNASSIGNED,PROPOSED_NO_MEASURED_ROI
DGEF/artifacts/tables/08_service_staging/staging_service_catalogue.csv,staging_service_catalogue,8,dataset_id,DGEF_EXPORT,9fb936e6f48921dbdf6d32143d418ac5792c43f7bf136f09e08f565c0104a094,405,0,1,資料集登記鍵；版本與來源由資料集表限定,PROPOSED_CONTEXT_REVIEW,build_semantic_catalog.py: explicit proposed glossary,目录一行；合并品牌不得自动入法人籍,重現加工輸入,NOT_APPLICABLE,TEXT,1,0,UNKNOWN_NOT_APPLICABLE_OR_NOT_RECORDED; DO_NOT_IMPUTE_ZERO,UNASSIGNED,PROPOSED_NO_MEASURED_ROI
DGEF/artifacts/tables/08_service_staging/staging_service_catalogue.csv,staging_service_catalogue,9,candidate_entity_id,DGEF_EXPORT,9fb936e6f48921dbdf6d32143d418ac5792c43f7bf136f09e08f565c0104a094,405,405,0,未经审核的目录行不自动进入实体正籍,DOCUMENTED_CONTEXT_REVIEW,DGEF/contracts/data_dictionary.csv: staging_service_catalogue.candidate_entity_id,目录一行；合并品牌不得自动入法人籍,待資料負責人確認,UNKNOWN,TEXT,0,0,UNKNOWN_NOT_APPLICABLE_OR_NOT_RECORDED; DO_NOT_IMPUTE_ZERO,UNASSIGNED,PROPOSED_NO_MEASURED_ROI
DGEF/artifacts/tables/08_service_staging/staging_service_catalogue.csv,staging_service_catalogue,10,resolution_status,DGEF_EXPORT,9fb936e6f48921dbdf6d32143d418ac5792c43f7bf136f09e08f565c0104a094,405,0,1,resolution status；定义受所属表粒度与SQL约束限定,DOCUMENTED_GENERIC_REVIEW,DGEF/contracts/data_dictionary.csv: staging_service_catalogue.resolution_status,目录一行；合并品牌不得自动入法人籍,待資料負責人確認,UNKNOWN,TEXT,1,0,UNKNOWN_NOT_APPLICABLE_OR_NOT_RECORDED; DO_NOT_IMPUTE_ZERO,UNASSIGNED,PROPOSED_NO_MEASURED_ROI
DGEF/artifacts/tables/08_service_staging/staging_service_catalogue.csv,staging_service_catalogue,11,transaction_time,DGEF_EXPORT,9fb936e6f48921dbdf6d32143d418ac5792c43f7bf136f09e08f565c0104a094,405,0,21,資料系統記錄時間；與現實事件發生時間不同,PROPOSED_CONTEXT_REVIEW,build_semantic_catalog.py: explicit proposed glossary,目录一行；合并品牌不得自动入法人籍,雙時間追溯,SOURCE_TIMESTAMP,TEXT,1,0,UNKNOWN_NOT_APPLICABLE_OR_NOT_RECORDED; DO_NOT_IMPUTE_ZERO,UNASSIGNED,PROPOSED_NO_MEASURED_ROI
DGEF/artifacts/tables/09_governance_coverage/registry_adapter_contract.csv,registry_adapter_contract,1,adapter_id,DGEF_EXPORT,f3fb705a28ae9820f671039009f19c97b090688d2679f3890a54ac200127be2e,21,0,21,adapter id；定义受所属表粒度与SQL约束限定,DOCUMENTED_GENERIC_REVIEW,DGEF/contracts/data_dictionary.csv: registry_adapter_contract.adapter_id,一个外部库接入合同；不冒充已下载,待資料負責人確認,UNKNOWN,TEXT,1,1,UNKNOWN_NOT_APPLICABLE_OR_NOT_RECORDED; DO_NOT_IMPUTE_ZERO,UNASSIGNED,PROPOSED_NO_MEASURED_ROI
DGEF/artifacts/tables/09_governance_coverage/registry_adapter_contract.csv,registry_adapter_contract,2,id_system,DGEF_EXPORT,f3fb705a28ae9820f671039009f19c97b090688d2679f3890a54ac200127be2e,21,0,18,外部識別碼、命名空間或其版本；外部ID必須帶來源與版本,PROPOSED_CONTEXT_REVIEW,build_semantic_catalog.py: explicit proposed glossary,一个外部库接入合同；不冒充已下载,避免跨庫串號,NOT_APPLICABLE,TEXT,1,0,UNKNOWN_NOT_APPLICABLE_OR_NOT_RECORDED; DO_NOT_IMPUTE_ZERO,UNASSIGNED,PROPOSED_NO_MEASURED_ROI
DGEF/artifacts/tables/09_governance_coverage/registry_adapter_contract.csv,registry_adapter_contract,3,canonical_uri,DGEF_EXPORT,f3fb705a28ae9820f671039009f19c97b090688d2679f3890a54ac200127be2e,21,0,21,來源位址、檔案或行號；連結存在不代表內容可讀或支持主張,PROPOSED_CONTEXT_REVIEW,build_semantic_catalog.py: explicit proposed glossary,一个外部库接入合同；不冒充已下载,證據定位,NOT_APPLICABLE,TEXT,1,0,UNKNOWN_NOT_APPLICABLE_OR_NOT_RECORDED; DO_NOT_IMPUTE_ZERO,UNASSIGNED,PROPOSED_NO_MEASURED_ROI
DGEF/artifacts/tables/09_governance_coverage/registry_adapter_contract.csv,registry_adapter_contract,4,target_table,DGEF_EXPORT,f3fb705a28ae9820f671039009f19c97b090688d2679f3890a54ac200127be2e,21,0,10,target table；定义受所属表粒度与SQL约束限定,DOCUMENTED_GENERIC_REVIEW,DGEF/contracts/data_dictionary.csv: registry_adapter_contract.target_table,一个外部库接入合同；不冒充已下载,待資料負責人確認,UNKNOWN,TEXT,1,0,UNKNOWN_NOT_APPLICABLE_OR_NOT_RECORDED; DO_NOT_IMPUTE_ZERO,UNASSIGNED,PROPOSED_NO_MEASURED_ROI
DGEF/artifacts/tables/09_governance_coverage/registry_adapter_contract.csv,registry_adapter_contract,5,version_required,DGEF_EXPORT,f3fb705a28ae9820f671039009f19c97b090688d2679f3890a54ac200127be2e,21,0,1,version required；定义受所属表粒度与SQL约束限定,DOCUMENTED_GENERIC_REVIEW,DGEF/contracts/data_dictionary.csv: registry_adapter_contract.version_required,一个外部库接入合同；不冒充已下载,待資料負責人確認,UNKNOWN,INTEGER,1,0,UNKNOWN_NOT_APPLICABLE_OR_NOT_RECORDED; DO_NOT_IMPUTE_ZERO,UNASSIGNED,PROPOSED_NO_MEASURED_ROI
DGEF/artifacts/tables/09_governance_coverage/registry_adapter_contract.csv,registry_adapter_contract,6,status,DGEF_EXPORT,f3fb705a28ae9820f671039009f19c97b090688d2679f3890a54ac200127be2e,21,0,2,status；定义受所属表粒度与SQL约束限定,DOCUMENTED_GENERIC_REVIEW,DGEF/contracts/data_dictionary.csv: registry_adapter_contract.status,一个外部库接入合同；不冒充已下载,待資料負責人確認,UNKNOWN,TEXT,1,0,UNKNOWN_NOT_APPLICABLE_OR_NOT_RECORDED; DO_NOT_IMPUTE_ZERO,UNASSIGNED,PROPOSED_NO_MEASURED_ROI
DGEF/artifacts/tables/09_governance_coverage/registry_adapter_contract.csv,registry_adapter_contract,7,license_review,DGEF_EXPORT,f3fb705a28ae9820f671039009f19c97b090688d2679f3890a54ac200127be2e,21,0,3,授權審核狀態；需定位產品／資料／权重與版本,PROPOSED_CONTEXT_REVIEW,build_semantic_catalog.py: explicit proposed glossary,一个外部库接入合同；不冒充已下载,用途准入,NOT_APPLICABLE,TEXT,1,0,UNKNOWN_NOT_APPLICABLE_OR_NOT_RECORDED; DO_NOT_IMPUTE_ZERO,UNASSIGNED,PROPOSED_NO_MEASURED_ROI
DGEF/artifacts/tables/09_governance_coverage/registry_adapter_contract.csv,registry_adapter_contract,8,notes,DGEF_EXPORT,f3fb705a28ae9820f671039009f19c97b090688d2679f3890a54ac200127be2e,21,0,2,notes；定义受所属表粒度与SQL约束限定,DOCUMENTED_GENERIC_REVIEW,DGEF/contracts/data_dictionary.csv: registry_adapter_contract.notes,一个外部库接入合同；不冒充已下载,待資料負責人確認,UNKNOWN,TEXT,1,0,UNKNOWN_NOT_APPLICABLE_OR_NOT_RECORDED; DO_NOT_IMPUTE_ZERO,UNASSIGNED,PROPOSED_NO_MEASURED_ROI
DGEF/artifacts/tables/09_governance_coverage/registry_coverage.csv,registry_coverage,1,coverage_id,DGEF_EXPORT,fb4f98329e294e06854bebf81aafae80d9e167c617f944f29e5a6f5268fd9c48,1743,0,1743,coverage id；定义受所属表粒度与SQL约束限定,DOCUMENTED_GENERIC_REVIEW,DGEF/contracts/data_dictionary.csv: registry_coverage.coverage_id,国家地区×对象层；未知分母NULL,待資料負責人確認,UNKNOWN,TEXT,1,1,UNKNOWN_NOT_APPLICABLE_OR_NOT_RECORDED; DO_NOT_IMPUTE_ZERO,UNASSIGNED,PROPOSED_NO_MEASURED_ROI
DGEF/artifacts/tables/09_governance_coverage/registry_coverage.csv,registry_coverage,2,country_entity_id,DGEF_EXPORT,fb4f98329e294e06854bebf81aafae80d9e167c617f944f29e5a6f5268fd9c48,1743,0,249,country entity id；定义受所属表粒度与SQL约束限定,DOCUMENTED_GENERIC_REVIEW,DGEF/contracts/data_dictionary.csv: registry_coverage.country_entity_id,国家地区×对象层；未知分母NULL,待資料負責人確認,UNKNOWN,TEXT,1,0,UNKNOWN_NOT_APPLICABLE_OR_NOT_RECORDED; DO_NOT_IMPUTE_ZERO,UNASSIGNED,PROPOSED_NO_MEASURED_ROI
DGEF/artifacts/tables/09_governance_coverage/registry_coverage.csv,registry_coverage,3,layer,DGEF_EXPORT,fb4f98329e294e06854bebf81aafae80d9e167c617f944f29e5a6f5268fd9c48,1743,0,7,layer；定义受所属表粒度与SQL约束限定,DOCUMENTED_GENERIC_REVIEW,DGEF/contracts/data_dictionary.csv: registry_coverage.layer,国家地区×对象层；未知分母NULL,待資料負責人確認,UNKNOWN,TEXT,1,0,UNKNOWN_NOT_APPLICABLE_OR_NOT_RECORDED; DO_NOT_IMPUTE_ZERO,UNASSIGNED,PROPOSED_NO_MEASURED_ROI
DGEF/artifacts/tables/09_governance_coverage/registry_coverage.csv,registry_coverage,4,status,DGEF_EXPORT,fb4f98329e294e06854bebf81aafae80d9e167c617f944f29e5a6f5268fd9c48,1743,0,2,status；定义受所属表粒度与SQL约束限定,DOCUMENTED_GENERIC_REVIEW,DGEF/contracts/data_dictionary.csv: registry_coverage.status,国家地区×对象层；未知分母NULL,待資料負責人確認,UNKNOWN,TEXT,1,0,UNKNOWN_NOT_APPLICABLE_OR_NOT_RECORDED; DO_NOT_IMPUTE_ZERO,UNASSIGNED,PROPOSED_NO_MEASURED_ROI
DGEF/artifacts/tables/09_governance_coverage/registry_coverage.csv,registry_coverage,5,numerator,DGEF_EXPORT,fb4f98329e294e06854bebf81aafae80d9e167c617f944f29e5a6f5268fd9c48,1743,1494,59,指標分子／分母；母體、時間與排除規則須明確，未知分母留空,PROPOSED_CONTEXT_REVIEW,build_semantic_catalog.py: explicit proposed glossary,国家地区×对象层；未知分母NULL,覆盖與比例評估,NOT_APPLICABLE,INTEGER,0,0,UNKNOWN_NOT_APPLICABLE_OR_NOT_RECORDED; DO_NOT_IMPUTE_ZERO,UNASSIGNED,PROPOSED_NO_MEASURED_ROI
DGEF/artifacts/tables/09_governance_coverage/registry_coverage.csv,registry_coverage,6,denominator,DGEF_EXPORT,fb4f98329e294e06854bebf81aafae80d9e167c617f944f29e5a6f5268fd9c48,1743,1743,0,指標分子／分母；母體、時間與排除規則須明確，未知分母留空,PROPOSED_CONTEXT_REVIEW,build_semantic_catalog.py: explicit proposed glossary,国家地区×对象层；未知分母NULL,覆盖與比例評估,NOT_APPLICABLE,INTEGER,0,0,UNKNOWN_NOT_APPLICABLE_OR_NOT_RECORDED; DO_NOT_IMPUTE_ZERO,UNASSIGNED,PROPOSED_NO_MEASURED_ROI
DGEF/artifacts/tables/09_governance_coverage/registry_coverage.csv,registry_coverage,7,source_id,DGEF_EXPORT,fb4f98329e294e06854bebf81aafae80d9e167c617f944f29e5a6f5268fd9c48,1743,0,1,來源登記鍵；僅指來源，不代表該來源全部說法已核實,PROPOSED_CONTEXT_REVIEW,build_semantic_catalog.py: explicit proposed glossary,国家地区×对象层；未知分母NULL,主張證據追溯,NOT_APPLICABLE,TEXT,1,0,UNKNOWN_NOT_APPLICABLE_OR_NOT_RECORDED; DO_NOT_IMPUTE_ZERO,UNASSIGNED,PROPOSED_NO_MEASURED_ROI
DGEF/artifacts/tables/09_governance_coverage/registry_coverage.csv,registry_coverage,8,gap_reason,DGEF_EXPORT,fb4f98329e294e06854bebf81aafae80d9e167c617f944f29e5a6f5268fd9c48,1743,0,2,gap reason；定义受所属表粒度与SQL约束限定,DOCUMENTED_GENERIC_REVIEW,DGEF/contracts/data_dictionary.csv: registry_coverage.gap_reason,国家地区×对象层；未知分母NULL,待資料負責人確認,UNKNOWN,TEXT,1,0,UNKNOWN_NOT_APPLICABLE_OR_NOT_RECORDED; DO_NOT_IMPUTE_ZERO,UNASSIGNED,PROPOSED_NO_MEASURED_ROI
DGEF/artifacts/tables/09_governance_coverage/registry_coverage.csv,registry_coverage,9,transaction_time,DGEF_EXPORT,fb4f98329e294e06854bebf81aafae80d9e167c617f944f29e5a6f5268fd9c48,1743,0,90,資料系統記錄時間；與現實事件發生時間不同,PROPOSED_CONTEXT_REVIEW,build_semantic_catalog.py: explicit proposed glossary,国家地区×对象层；未知分母NULL,雙時間追溯,SOURCE_TIMESTAMP,TEXT,1,0,UNKNOWN_NOT_APPLICABLE_OR_NOT_RECORDED; DO_NOT_IMPUTE_ZERO,UNASSIGNED,PROPOSED_NO_MEASURED_ROI
DGEF/artifacts/tables/09_governance_coverage/registry_license_policy.csv,registry_license_policy,1,policy_id,DGEF_EXPORT,dbb8d4f9c718112bfc1c36997ae29a83de265ec3ec277ad26db95e5aa040ed45,2,0,2,policy id；定义受所属表粒度与SQL约束限定,DOCUMENTED_GENERIC_REVIEW,DGEF/contracts/data_dictionary.csv: registry_license_policy.policy_id,一个有时间的许可评估；NULL=未知,待資料負責人確認,UNKNOWN,TEXT,1,1,UNKNOWN_NOT_APPLICABLE_OR_NOT_RECORDED; DO_NOT_IMPUTE_ZERO,UNASSIGNED,PROPOSED_NO_MEASURED_ROI
DGEF/artifacts/tables/09_governance_coverage/registry_license_policy.csv,registry_license_policy,2,license,DGEF_EXPORT,dbb8d4f9c718112bfc1c36997ae29a83de265ec3ec277ad26db95e5aa040ed45,2,0,2,license；定义受所属表粒度与SQL约束限定,DOCUMENTED_GENERIC_REVIEW,DGEF/contracts/data_dictionary.csv: registry_license_policy.license,一个有时间的许可评估；NULL=未知,待資料負責人確認,UNKNOWN,TEXT,1,0,UNKNOWN_NOT_APPLICABLE_OR_NOT_RECORDED; DO_NOT_IMPUTE_ZERO,UNASSIGNED,PROPOSED_NO_MEASURED_ROI
DGEF/artifacts/tables/09_governance_coverage/registry_license_policy.csv,registry_license_policy,3,redistribution_allowed,DGEF_EXPORT,dbb8d4f9c718112bfc1c36997ae29a83de265ec3ec277ad26db95e5aa040ed45,2,1,1,特定授權政策下的商用／訓練／再散布許可；NULL 不當 FALSE 或 TRUE,PROPOSED_CONTEXT_REVIEW,build_semantic_catalog.py: explicit proposed glossary,一个有时间的许可评估；NULL=未知,使用權限決策,BOOLEAN_OR_NULL,INTEGER,0,0,UNKNOWN_NOT_APPLICABLE_OR_NOT_RECORDED; DO_NOT_IMPUTE_ZERO,UNASSIGNED,PROPOSED_NO_MEASURED_ROI
DGEF/artifacts/tables/09_governance_coverage/registry_license_policy.csv,registry_license_policy,4,ml_training_allowed,DGEF_EXPORT,dbb8d4f9c718112bfc1c36997ae29a83de265ec3ec277ad26db95e5aa040ed45,2,2,0,特定授權政策下的商用／訓練／再散布許可；NULL 不當 FALSE 或 TRUE,PROPOSED_CONTEXT_REVIEW,build_semantic_catalog.py: explicit proposed glossary,一个有时间的许可评估；NULL=未知,使用權限決策,BOOLEAN_OR_NULL,INTEGER,0,0,UNKNOWN_NOT_APPLICABLE_OR_NOT_RECORDED; DO_NOT_IMPUTE_ZERO,UNASSIGNED,PROPOSED_NO_MEASURED_ROI
DGEF/artifacts/tables/09_governance_coverage/registry_license_policy.csv,registry_license_policy,5,commercial_use_allowed,DGEF_EXPORT,dbb8d4f9c718112bfc1c36997ae29a83de265ec3ec277ad26db95e5aa040ed45,2,1,1,特定授權政策下的商用／訓練／再散布許可；NULL 不當 FALSE 或 TRUE,PROPOSED_CONTEXT_REVIEW,build_semantic_catalog.py: explicit proposed glossary,一个有时间的许可评估；NULL=未知,使用權限決策,BOOLEAN_OR_NULL,INTEGER,0,0,UNKNOWN_NOT_APPLICABLE_OR_NOT_RECORDED; DO_NOT_IMPUTE_ZERO,UNASSIGNED,PROPOSED_NO_MEASURED_ROI
DGEF/artifacts/tables/09_governance_coverage/registry_license_policy.csv,registry_license_policy,6,retention_rule,DGEF_EXPORT,dbb8d4f9c718112bfc1c36997ae29a83de265ec3ec277ad26db95e5aa040ed45,2,0,2,retention rule；定义受所属表粒度与SQL约束限定,DOCUMENTED_GENERIC_REVIEW,DGEF/contracts/data_dictionary.csv: registry_license_policy.retention_rule,一个有时间的许可评估；NULL=未知,待資料負責人確認,UNKNOWN,TEXT,1,0,UNKNOWN_NOT_APPLICABLE_OR_NOT_RECORDED; DO_NOT_IMPUTE_ZERO,UNASSIGNED,PROPOSED_NO_MEASURED_ROI
DGEF/artifacts/tables/09_governance_coverage/registry_license_policy.csv,registry_license_policy,7,assessed_at,DGEF_EXPORT,dbb8d4f9c718112bfc1c36997ae29a83de265ec3ec277ad26db95e5aa040ed45,2,0,2,assessed at；定义受所属表粒度与SQL约束限定,DOCUMENTED_GENERIC_REVIEW,DGEF/contracts/data_dictionary.csv: registry_license_policy.assessed_at,一个有时间的许可评估；NULL=未知,待資料負責人確認,UNKNOWN,TEXT,1,0,UNKNOWN_NOT_APPLICABLE_OR_NOT_RECORDED; DO_NOT_IMPUTE_ZERO,UNASSIGNED,PROPOSED_NO_MEASURED_ROI
DGEF/artifacts/tables/09_governance_coverage/registry_schema_version.csv,registry_schema_version,1,version,DGEF_EXPORT,0c35af5d22a69109e1be7a89c1200416da9f22c784b7d563ccc76ef9affe95b2,2,0,2,version；定义受所属表粒度与SQL约束限定,DOCUMENTED_GENERIC_REVIEW,DGEF/contracts/data_dictionary.csv: registry_schema_version.version,一次schema发布,待資料負責人確認,UNKNOWN,TEXT,1,1,UNKNOWN_NOT_APPLICABLE_OR_NOT_RECORDED; DO_NOT_IMPUTE_ZERO,UNASSIGNED,PROPOSED_NO_MEASURED_ROI
DGEF/artifacts/tables/09_governance_coverage/registry_schema_version.csv,registry_schema_version,2,installed_at,DGEF_EXPORT,0c35af5d22a69109e1be7a89c1200416da9f22c784b7d563ccc76ef9affe95b2,2,0,2,installed at；定义受所属表粒度与SQL约束限定,DOCUMENTED_GENERIC_REVIEW,DGEF/contracts/data_dictionary.csv: registry_schema_version.installed_at,一次schema发布,待資料負責人確認,UNKNOWN,TEXT,1,0,UNKNOWN_NOT_APPLICABLE_OR_NOT_RECORDED; DO_NOT_IMPUTE_ZERO,UNASSIGNED,PROPOSED_NO_MEASURED_ROI
DGEF/artifacts/tables/09_governance_coverage/registry_schema_version.csv,registry_schema_version,3,description,DGEF_EXPORT,0c35af5d22a69109e1be7a89c1200416da9f22c784b7d563ccc76ef9affe95b2,2,0,2,description；定义受所属表粒度与SQL约束限定,DOCUMENTED_GENERIC_REVIEW,DGEF/contracts/data_dictionary.csv: registry_schema_version.description,一次schema发布,待資料負責人確認,UNKNOWN,TEXT,1,0,UNKNOWN_NOT_APPLICABLE_OR_NOT_RECORDED; DO_NOT_IMPUTE_ZERO,UNASSIGNED,PROPOSED_NO_MEASURED_ROI
DGEF/contracts/data_dictionary.csv,data_dictionary,1,table,OTHER,3e07ef2b9cfad665c029c74f0f29fd27289d0f459d9705f6c23dce20c5b4f81a,411,0,44,尚未完成欄位語義核實；需來源業務定義、單位、粒度與用途,UNRESOLVED,,REVIEW_REQUIRED,待資料負責人確認,UNKNOWN,NOT_ESTABLISHED,,,UNKNOWN_NOT_APPLICABLE_OR_NOT_RECORDED; DO_NOT_IMPUTE_ZERO,UNASSIGNED,PROPOSED_NO_MEASURED_ROI
DGEF/contracts/data_dictionary.csv,data_dictionary,2,table_name_zh,OTHER,3e07ef2b9cfad665c029c74f0f29fd27289d0f459d9705f6c23dce20c5b4f81a,411,0,44,尚未完成欄位語義核實；需來源業務定義、單位、粒度與用途,UNRESOLVED,,REVIEW_REQUIRED,待資料負責人確認,UNKNOWN,NOT_ESTABLISHED,,,UNKNOWN_NOT_APPLICABLE_OR_NOT_RECORDED; DO_NOT_IMPUTE_ZERO,UNASSIGNED,PROPOSED_NO_MEASURED_ROI
DGEF/contracts/data_dictionary.csv,data_dictionary,3,grain,OTHER,3e07ef2b9cfad665c029c74f0f29fd27289d0f459d9705f6c23dce20c5b4f81a,411,0,24,尚未完成欄位語義核實；需來源業務定義、單位、粒度與用途,UNRESOLVED,,REVIEW_REQUIRED,待資料負責人確認,UNKNOWN,NOT_ESTABLISHED,,,UNKNOWN_NOT_APPLICABLE_OR_NOT_RECORDED; DO_NOT_IMPUTE_ZERO,UNASSIGNED,PROPOSED_NO_MEASURED_ROI
DGEF/contracts/data_dictionary.csv,data_dictionary,4,column,OTHER,3e07ef2b9cfad665c029c74f0f29fd27289d0f459d9705f6c23dce20c5b4f81a,411,0,165,尚未完成欄位語義核實；需來源業務定義、單位、粒度與用途,UNRESOLVED,,REVIEW_REQUIRED,待資料負責人確認,UNKNOWN,NOT_ESTABLISHED,,,UNKNOWN_NOT_APPLICABLE_OR_NOT_RECORDED; DO_NOT_IMPUTE_ZERO,UNASSIGNED,PROPOSED_NO_MEASURED_ROI
DGEF/contracts/data_dictionary.csv,data_dictionary,5,sql_type,OTHER,3e07ef2b9cfad665c029c74f0f29fd27289d0f459d9705f6c23dce20c5b4f81a,411,0,3,尚未完成欄位語義核實；需來源業務定義、單位、粒度與用途,UNRESOLVED,,REVIEW_REQUIRED,待資料負責人確認,UNKNOWN,NOT_ESTABLISHED,,,UNKNOWN_NOT_APPLICABLE_OR_NOT_RECORDED; DO_NOT_IMPUTE_ZERO,UNASSIGNED,PROPOSED_NO_MEASURED_ROI
DGEF/contracts/data_dictionary.csv,data_dictionary,6,not_null,OTHER,3e07ef2b9cfad665c029c74f0f29fd27289d0f459d9705f6c23dce20c5b4f81a,411,0,2,尚未完成欄位語義核實；需來源業務定義、單位、粒度與用途,UNRESOLVED,,REVIEW_REQUIRED,待資料負責人確認,UNKNOWN,NOT_ESTABLISHED,,,UNKNOWN_NOT_APPLICABLE_OR_NOT_RECORDED; DO_NOT_IMPUTE_ZERO,UNASSIGNED,PROPOSED_NO_MEASURED_ROI
DGEF/contracts/data_dictionary.csv,data_dictionary,7,primary_key,OTHER,3e07ef2b9cfad665c029c74f0f29fd27289d0f459d9705f6c23dce20c5b4f81a,411,0,2,尚未完成欄位語義核實；需來源業務定義、單位、粒度與用途,UNRESOLVED,,REVIEW_REQUIRED,待資料負責人確認,UNKNOWN,NOT_ESTABLISHED,,,UNKNOWN_NOT_APPLICABLE_OR_NOT_RECORDED; DO_NOT_IMPUTE_ZERO,UNASSIGNED,PROPOSED_NO_MEASURED_ROI
DGEF/contracts/data_dictionary.csv,data_dictionary,8,null_semantics,OTHER,3e07ef2b9cfad665c029c74f0f29fd27289d0f459d9705f6c23dce20c5b4f81a,411,0,1,尚未完成欄位語義核實；需來源業務定義、單位、粒度與用途,UNRESOLVED,,REVIEW_REQUIRED,待資料負責人確認,UNKNOWN,NOT_ESTABLISHED,,,UNKNOWN_NOT_APPLICABLE_OR_NOT_RECORDED; DO_NOT_IMPUTE_ZERO,UNASSIGNED,PROPOSED_NO_MEASURED_ROI
DGEF/contracts/data_dictionary.csv,data_dictionary,9,business_definition,OTHER,3e07ef2b9cfad665c029c74f0f29fd27289d0f459d9705f6c23dce20c5b4f81a,411,0,165,尚未完成欄位語義核實；需來源業務定義、單位、粒度與用途,UNRESOLVED,,REVIEW_REQUIRED,待資料負責人確認,UNKNOWN,NOT_ESTABLISHED,,,UNKNOWN_NOT_APPLICABLE_OR_NOT_RECORDED; DO_NOT_IMPUTE_ZERO,UNASSIGNED,PROPOSED_NO_MEASURED_ROI
DGEF/contracts/data_dictionary.csv,data_dictionary,10,example_use,OTHER,3e07ef2b9cfad665c029c74f0f29fd27289d0f459d9705f6c23dce20c5b4f81a,411,0,24,尚未完成欄位語義核實；需來源業務定義、單位、粒度與用途,UNRESOLVED,,REVIEW_REQUIRED,待資料負責人確認,UNKNOWN,NOT_ESTABLISHED,,,UNKNOWN_NOT_APPLICABLE_OR_NOT_RECORDED; DO_NOT_IMPUTE_ZERO,UNASSIGNED,PROPOSED_NO_MEASURED_ROI
Reference/tables/01_country_area/registry_country_area_iso3166_20261003.csv,registry_country_area_iso3166_20261003,1,iso_alpha2,REFERENCE_DATA,b13b835d114bdb149393e5c970634158e312e75804518dfa592fd088615eb46d,249,0,249,ISO 3166-1 alpha-2 國家／地區代碼；代碼版次與關係另記,PROPOSED_CONTEXT_REVIEW,build_semantic_catalog.py: explicit proposed glossary,REVIEW_REQUIRED,母表連結,ISO_ALPHA2,NOT_ESTABLISHED,,,UNKNOWN_NOT_APPLICABLE_OR_NOT_RECORDED; DO_NOT_IMPUTE_ZERO,UNASSIGNED,PROPOSED_NO_MEASURED_ROI
Reference/tables/01_country_area/registry_country_area_iso3166_20261003.csv,registry_country_area_iso3166_20261003,2,iso_alpha3,REFERENCE_DATA,b13b835d114bdb149393e5c970634158e312e75804518dfa592fd088615eb46d,249,0,249,ISO 3166-1 alpha-3 國家／地區代碼；不直接判主權,PROPOSED_CONTEXT_REVIEW,build_semantic_catalog.py: explicit proposed glossary,REVIEW_REQUIRED,國別對照,ISO_ALPHA3,NOT_ESTABLISHED,,,UNKNOWN_NOT_APPLICABLE_OR_NOT_RECORDED; DO_NOT_IMPUTE_ZERO,UNASSIGNED,PROPOSED_NO_MEASURED_ROI
Reference/tables/01_country_area/registry_country_area_iso3166_20261003.csv,registry_country_area_iso3166_20261003,3,iso_numeric,REFERENCE_DATA,b13b835d114bdb149393e5c970634158e312e75804518dfa592fd088615eb46d,249,0,249,尚未完成欄位語義核實；需來源業務定義、單位、粒度與用途,UNRESOLVED,,REVIEW_REQUIRED,待資料負責人確認,UNKNOWN,NOT_ESTABLISHED,,,UNKNOWN_NOT_APPLICABLE_OR_NOT_RECORDED; DO_NOT_IMPUTE_ZERO,UNASSIGNED,PROPOSED_NO_MEASURED_ROI
Reference/tables/01_country_area/registry_country_area_iso3166_20261003.csv,registry_country_area_iso3166_20261003,4,name_en,REFERENCE_DATA,b13b835d114bdb149393e5c970634158e312e75804518dfa592fd088615eb46d,249,0,249,尚未完成欄位語義核實；需來源業務定義、單位、粒度與用途,UNRESOLVED,,REVIEW_REQUIRED,待資料負責人確認,UNKNOWN,NOT_ESTABLISHED,,,UNKNOWN_NOT_APPLICABLE_OR_NOT_RECORDED; DO_NOT_IMPUTE_ZERO,UNASSIGNED,PROPOSED_NO_MEASURED_ROI
Reference/tables/01_country_area/registry_country_area_iso3166_20261003.csv,registry_country_area_iso3166_20261003,5,official_name_en,REFERENCE_DATA,b13b835d114bdb149393e5c970634158e312e75804518dfa592fd088615eb46d,249,76,173,尚未完成欄位語義核實；需來源業務定義、單位、粒度與用途,UNRESOLVED,,REVIEW_REQUIRED,待資料負責人確認,UNKNOWN,NOT_ESTABLISHED,,,UNKNOWN_NOT_APPLICABLE_OR_NOT_RECORDED; DO_NOT_IMPUTE_ZERO,UNASSIGNED,PROPOSED_NO_MEASURED_ROI
Reference/tables/01_country_area/registry_country_area_iso3166_20261003.csv,registry_country_area_iso3166_20261003,6,coverage_required,REFERENCE_DATA,b13b835d114bdb149393e5c970634158e312e75804518dfa592fd088615eb46d,249,0,1,尚未完成欄位語義核實；需來源業務定義、單位、粒度與用途,UNRESOLVED,,REVIEW_REQUIRED,待資料負責人確認,UNKNOWN,NOT_ESTABLISHED,,,UNKNOWN_NOT_APPLICABLE_OR_NOT_RECORDED; DO_NOT_IMPUTE_ZERO,UNASSIGNED,PROPOSED_NO_MEASURED_ROI
Reference/tables/01_country_area/registry_country_area_iso3166_20261003.csv,registry_country_area_iso3166_20261003,7,inhabited_status,REFERENCE_DATA,b13b835d114bdb149393e5c970634158e312e75804518dfa592fd088615eb46d,249,0,1,尚未完成欄位語義核實；需來源業務定義、單位、粒度與用途,UNRESOLVED,,REVIEW_REQUIRED,待資料負責人確認,UNKNOWN,NOT_ESTABLISHED,,,UNKNOWN_NOT_APPLICABLE_OR_NOT_RECORDED; DO_NOT_IMPUTE_ZERO,UNASSIGNED,PROPOSED_NO_MEASURED_ROI
Reference/tables/01_country_area/registry_country_area_iso3166_20261003.csv,registry_country_area_iso3166_20261003,8,population_layer,REFERENCE_DATA,b13b835d114bdb149393e5c970634158e312e75804518dfa592fd088615eb46d,249,0,1,尚未完成欄位語義核實；需來源業務定義、單位、粒度與用途,UNRESOLVED,,REVIEW_REQUIRED,待資料負責人確認,UNKNOWN,NOT_ESTABLISHED,,,UNKNOWN_NOT_APPLICABLE_OR_NOT_RECORDED; DO_NOT_IMPUTE_ZERO,UNASSIGNED,PROPOSED_NO_MEASURED_ROI
Reference/tables/01_country_area/registry_country_area_iso3166_20261003.csv,registry_country_area_iso3166_20261003,9,settlement_layer,REFERENCE_DATA,b13b835d114bdb149393e5c970634158e312e75804518dfa592fd088615eb46d,249,0,1,尚未完成欄位語義核實；需來源業務定義、單位、粒度與用途,UNRESOLVED,,REVIEW_REQUIRED,待資料負責人確認,UNKNOWN,NOT_ESTABLISHED,,,UNKNOWN_NOT_APPLICABLE_OR_NOT_RECORDED; DO_NOT_IMPUTE_ZERO,UNASSIGNED,PROPOSED_NO_MEASURED_ROI
Reference/tables/01_country_area/registry_country_area_iso3166_20261003.csv,registry_country_area_iso3166_20261003,10,organization_layer,REFERENCE_DATA,b13b835d114bdb149393e5c970634158e312e75804518dfa592fd088615eb46d,249,0,1,尚未完成欄位語義核實；需來源業務定義、單位、粒度與用途,UNRESOLVED,,REVIEW_REQUIRED,待資料負責人確認,UNKNOWN,NOT_ESTABLISHED,,,UNKNOWN_NOT_APPLICABLE_OR_NOT_RECORDED; DO_NOT_IMPUTE_ZERO,UNASSIGNED,PROPOSED_NO_MEASURED_ROI
Reference/tables/01_country_area/registry_country_area_iso3166_20261003.csv,registry_country_area_iso3166_20261003,11,govtech_layer,REFERENCE_DATA,b13b835d114bdb149393e5c970634158e312e75804518dfa592fd088615eb46d,249,0,1,尚未完成欄位語義核實；需來源業務定義、單位、粒度與用途,UNRESOLVED,,REVIEW_REQUIRED,待資料負責人確認,UNKNOWN,NOT_ESTABLISHED,,,UNKNOWN_NOT_APPLICABLE_OR_NOT_RECORDED; DO_NOT_IMPUTE_ZERO,UNASSIGNED,PROPOSED_NO_MEASURED_ROI
Reference/tables/01_country_area/registry_country_area_iso3166_20261003.csv,registry_country_area_iso3166_20261003,12,as_of,REFERENCE_DATA,b13b835d114bdb149393e5c970634158e312e75804518dfa592fd088615eb46d,249,0,1,資料截至／檢查／審核／搜索／取得時間；各欄依操作分別解讀，時區不可猜,PROPOSED_CONTEXT_REVIEW,build_semantic_catalog.py: explicit proposed glossary,REVIEW_REQUIRED,新鮮度與審核時點,SOURCE_DATE_OR_TIMESTAMP,NOT_ESTABLISHED,,,UNKNOWN_NOT_APPLICABLE_OR_NOT_RECORDED; DO_NOT_IMPUTE_ZERO,UNASSIGNED,PROPOSED_NO_MEASURED_ROI
Reference/tables/01_country_area/registry_country_area_iso3166_20261003.csv,registry_country_area_iso3166_20261003,13,scope_note,REFERENCE_DATA,b13b835d114bdb149393e5c970634158e312e75804518dfa592fd088615eb46d,249,0,1,尚未完成欄位語義核實；需來源業務定義、單位、粒度與用途,UNRESOLVED,,REVIEW_REQUIRED,待資料負責人確認,UNKNOWN,NOT_ESTABLISHED,,,UNKNOWN_NOT_APPLICABLE_OR_NOT_RECORDED; DO_NOT_IMPUTE_ZERO,UNASSIGNED,PROPOSED_NO_MEASURED_ROI
Reference/tables/01_country_area/registry_country_area_iso3166_20261004_enhanced.csv,registry_country_area_iso3166_20261004_enhanced,1,iso_alpha2,REFERENCE_DATA,938932e40337b843ce540e9da612cd579f18998d5b22c975b0b02c6632d142b8,249,0,249,ISO 3166-1 alpha-2 國家／地區代碼；代碼版次與關係另記,PROPOSED_CONTEXT_REVIEW,build_semantic_catalog.py: explicit proposed glossary,REVIEW_REQUIRED,母表連結,ISO_ALPHA2,NOT_ESTABLISHED,,,UNKNOWN_NOT_APPLICABLE_OR_NOT_RECORDED; DO_NOT_IMPUTE_ZERO,UNASSIGNED,PROPOSED_NO_MEASURED_ROI
Reference/tables/01_country_area/registry_country_area_iso3166_20261004_enhanced.csv,registry_country_area_iso3166_20261004_enhanced,2,iso_alpha3,REFERENCE_DATA,938932e40337b843ce540e9da612cd579f18998d5b22c975b0b02c6632d142b8,249,0,249,ISO 3166-1 alpha-3 國家／地區代碼；不直接判主權,PROPOSED_CONTEXT_REVIEW,build_semantic_catalog.py: explicit proposed glossary,REVIEW_REQUIRED,國別對照,ISO_ALPHA3,NOT_ESTABLISHED,,,UNKNOWN_NOT_APPLICABLE_OR_NOT_RECORDED; DO_NOT_IMPUTE_ZERO,UNASSIGNED,PROPOSED_NO_MEASURED_ROI
Reference/tables/01_country_area/registry_country_area_iso3166_20261004_enhanced.csv,registry_country_area_iso3166_20261004_enhanced,3,iso_numeric,REFERENCE_DATA,938932e40337b843ce540e9da612cd579f18998d5b22c975b0b02c6632d142b8,249,0,249,尚未完成欄位語義核實；需來源業務定義、單位、粒度與用途,UNRESOLVED,,REVIEW_REQUIRED,待資料負責人確認,UNKNOWN,NOT_ESTABLISHED,,,UNKNOWN_NOT_APPLICABLE_OR_NOT_RECORDED; DO_NOT_IMPUTE_ZERO,UNASSIGNED,PROPOSED_NO_MEASURED_ROI
Reference/tables/01_country_area/registry_country_area_iso3166_20261004_enhanced.csv,registry_country_area_iso3166_20261004_enhanced,4,name_en,REFERENCE_DATA,938932e40337b843ce540e9da612cd579f18998d5b22c975b0b02c6632d142b8,249,0,249,尚未完成欄位語義核實；需來源業務定義、單位、粒度與用途,UNRESOLVED,,REVIEW_REQUIRED,待資料負責人確認,UNKNOWN,NOT_ESTABLISHED,,,UNKNOWN_NOT_APPLICABLE_OR_NOT_RECORDED; DO_NOT_IMPUTE_ZERO,UNASSIGNED,PROPOSED_NO_MEASURED_ROI
Reference/tables/01_country_area/registry_country_area_iso3166_20261004_enhanced.csv,registry_country_area_iso3166_20261004_enhanced,5,official_name_en,REFERENCE_DATA,938932e40337b843ce540e9da612cd579f18998d5b22c975b0b02c6632d142b8,249,76,173,尚未完成欄位語義核實；需來源業務定義、單位、粒度與用途,UNRESOLVED,,REVIEW_REQUIRED,待資料負責人確認,UNKNOWN,NOT_ESTABLISHED,,,UNKNOWN_NOT_APPLICABLE_OR_NOT_RECORDED; DO_NOT_IMPUTE_ZERO,UNASSIGNED,PROPOSED_NO_MEASURED_ROI
Reference/tables/01_country_area/registry_country_area_iso3166_20261004_enhanced.csv,registry_country_area_iso3166_20261004_enhanced,6,coverage_required,REFERENCE_DATA,938932e40337b843ce540e9da612cd579f18998d5b22c975b0b02c6632d142b8,249,0,1,尚未完成欄位語義核實；需來源業務定義、單位、粒度與用途,UNRESOLVED,,REVIEW_REQUIRED,待資料負責人確認,UNKNOWN,NOT_ESTABLISHED,,,UNKNOWN_NOT_APPLICABLE_OR_NOT_RECORDED; DO_NOT_IMPUTE_ZERO,UNASSIGNED,PROPOSED_NO_MEASURED_ROI
Reference/tables/01_country_area/registry_country_area_iso3166_20261004_enhanced.csv,registry_country_area_iso3166_20261004_enhanced,7,inhabited_status,REFERENCE_DATA,938932e40337b843ce540e9da612cd579f18998d5b22c975b0b02c6632d142b8,249,0,1,尚未完成欄位語義核實；需來源業務定義、單位、粒度與用途,UNRESOLVED,,REVIEW_REQUIRED,待資料負責人確認,UNKNOWN,NOT_ESTABLISHED,,,UNKNOWN_NOT_APPLICABLE_OR_NOT_RECORDED; DO_NOT_IMPUTE_ZERO,UNASSIGNED,PROPOSED_NO_MEASURED_ROI
Reference/tables/01_country_area/registry_country_area_iso3166_20261004_enhanced.csv,registry_country_area_iso3166_20261004_enhanced,8,population_layer,REFERENCE_DATA,938932e40337b843ce540e9da612cd579f18998d5b22c975b0b02c6632d142b8,249,0,1,尚未完成欄位語義核實；需來源業務定義、單位、粒度與用途,UNRESOLVED,,REVIEW_REQUIRED,待資料負責人確認,UNKNOWN,NOT_ESTABLISHED,,,UNKNOWN_NOT_APPLICABLE_OR_NOT_RECORDED; DO_NOT_IMPUTE_ZERO,UNASSIGNED,PROPOSED_NO_MEASURED_ROI
Reference/tables/01_country_area/registry_country_area_iso3166_20261004_enhanced.csv,registry_country_area_iso3166_20261004_enhanced,9,settlement_layer,REFERENCE_DATA,938932e40337b843ce540e9da612cd579f18998d5b22c975b0b02c6632d142b8,249,0,1,尚未完成欄位語義核實；需來源業務定義、單位、粒度與用途,UNRESOLVED,,REVIEW_REQUIRED,待資料負責人確認,UNKNOWN,NOT_ESTABLISHED,,,UNKNOWN_NOT_APPLICABLE_OR_NOT_RECORDED; DO_NOT_IMPUTE_ZERO,UNASSIGNED,PROPOSED_NO_MEASURED_ROI
Reference/tables/01_country_area/registry_country_area_iso3166_20261004_enhanced.csv,registry_country_area_iso3166_20261004_enhanced,10,organization_layer,REFERENCE_DATA,938932e40337b843ce540e9da612cd579f18998d5b22c975b0b02c6632d142b8,249,0,1,尚未完成欄位語義核實；需來源業務定義、單位、粒度與用途,UNRESOLVED,,REVIEW_REQUIRED,待資料負責人確認,UNKNOWN,NOT_ESTABLISHED,,,UNKNOWN_NOT_APPLICABLE_OR_NOT_RECORDED; DO_NOT_IMPUTE_ZERO,UNASSIGNED,PROPOSED_NO_MEASURED_ROI
Reference/tables/01_country_area/registry_country_area_iso3166_20261004_enhanced.csv,registry_country_area_iso3166_20261004_enhanced,11,govtech_layer,REFERENCE_DATA,938932e40337b843ce540e9da612cd579f18998d5b22c975b0b02c6632d142b8,249,0,1,尚未完成欄位語義核實；需來源業務定義、單位、粒度與用途,UNRESOLVED,,REVIEW_REQUIRED,待資料負責人確認,UNKNOWN,NOT_ESTABLISHED,,,UNKNOWN_NOT_APPLICABLE_OR_NOT_RECORDED; DO_NOT_IMPUTE_ZERO,UNASSIGNED,PROPOSED_NO_MEASURED_ROI
Reference/tables/01_country_area/registry_country_area_iso3166_20261004_enhanced.csv,registry_country_area_iso3166_20261004_enhanced,12,as_of,REFERENCE_DATA,938932e40337b843ce540e9da612cd579f18998d5b22c975b0b02c6632d142b8,249,0,1,資料截至／檢查／審核／搜索／取得時間；各欄依操作分別解讀，時區不可猜,PROPOSED_CONTEXT_REVIEW,build_semantic_catalog.py: explicit proposed glossary,REVIEW_REQUIRED,新鮮度與審核時點,SOURCE_DATE_OR_TIMESTAMP,NOT_ESTABLISHED,,,UNKNOWN_NOT_APPLICABLE_OR_NOT_RECORDED; DO_NOT_IMPUTE_ZERO,UNASSIGNED,PROPOSED_NO_MEASURED_ROI
Reference/tables/01_country_area/registry_country_area_iso3166_20261004_enhanced.csv,registry_country_area_iso3166_20261004_enhanced,13,scope_note,REFERENCE_DATA,938932e40337b843ce540e9da612cd579f18998d5b22c975b0b02c6632d142b8,249,0,1,尚未完成欄位語義核實；需來源業務定義、單位、粒度與用途,UNRESOLVED,,REVIEW_REQUIRED,待資料負責人確認,UNKNOWN,NOT_ESTABLISHED,,,UNKNOWN_NOT_APPLICABLE_OR_NOT_RECORDED; DO_NOT_IMPUTE_ZERO,UNASSIGNED,PROPOSED_NO_MEASURED_ROI
Reference/tables/01_country_area/registry_country_area_iso3166_20261004_enhanced.csv,registry_country_area_iso3166_20261004_enhanced,14,registry_entity_id,REFERENCE_DATA,938932e40337b843ce540e9da612cd579f18998d5b22c975b0b02c6632d142b8,249,0,249,穩定內部實體識別鍵；命名空間及對象依所屬表，不以相似名稱自動合併,PROPOSED_CONTEXT_REVIEW,build_semantic_catalog.py: explicit proposed glossary,REVIEW_REQUIRED,跨表實體追溯,NOT_APPLICABLE,NOT_ESTABLISHED,,,UNKNOWN_NOT_APPLICABLE_OR_NOT_RECORDED; DO_NOT_IMPUTE_ZERO,UNASSIGNED,PROPOSED_NO_MEASURED_ROI
Reference/tables/01_country_area/registry_country_area_iso3166_20261004_enhanced.csv,registry_country_area_iso3166_20261004_enhanced,15,iso_entry_class,REFERENCE_DATA,938932e40337b843ce540e9da612cd579f18998d5b22c975b0b02c6632d142b8,249,0,1,尚未完成欄位語義核實；需來源業務定義、單位、粒度與用途,UNRESOLVED,,REVIEW_REQUIRED,待資料負責人確認,UNKNOWN,NOT_ESTABLISHED,,,UNKNOWN_NOT_APPLICABLE_OR_NOT_RECORDED; DO_NOT_IMPUTE_ZERO,UNASSIGNED,PROPOSED_NO_MEASURED_ROI
Reference/tables/01_country_area/registry_country_area_iso3166_20261004_enhanced.csv,registry_country_area_iso3166_20261004_enhanced,16,un_state_class,REFERENCE_DATA,938932e40337b843ce540e9da612cd579f18998d5b22c975b0b02c6632d142b8,249,0,6,尚未完成欄位語義核實；需來源業務定義、單位、粒度與用途,UNRESOLVED,,REVIEW_REQUIRED,待資料負責人確認,UNKNOWN,NOT_ESTABLISHED,,,UNKNOWN_NOT_APPLICABLE_OR_NOT_RECORDED; DO_NOT_IMPUTE_ZERO,UNASSIGNED,PROPOSED_NO_MEASURED_ROI
Reference/tables/01_country_area/registry_country_area_iso3166_20261004_enhanced.csv,registry_country_area_iso3166_20261004_enhanced,17,sovereign_parent_or_association,REFERENCE_DATA,938932e40337b843ce540e9da612cd579f18998d5b22c975b0b02c6632d142b8,249,193,19,尚未完成欄位語義核實；需來源業務定義、單位、粒度與用途,UNRESOLVED,,REVIEW_REQUIRED,待資料負責人確認,UNKNOWN,NOT_ESTABLISHED,,,UNKNOWN_NOT_APPLICABLE_OR_NOT_RECORDED; DO_NOT_IMPUTE_ZERO,UNASSIGNED,PROPOSED_NO_MEASURED_ROI
Reference/tables/01_country_area/registry_country_area_iso3166_20261004_enhanced.csv,registry_country_area_iso3166_20261004_enhanced,18,is_sovereign_monarchy,REFERENCE_DATA,938932e40337b843ce540e9da612cd579f18998d5b22c975b0b02c6632d142b8,249,0,2,尚未完成欄位語義核實；需來源業務定義、單位、粒度與用途,UNRESOLVED,,REVIEW_REQUIRED,待資料負責人確認,UNKNOWN,NOT_ESTABLISHED,,,UNKNOWN_NOT_APPLICABLE_OR_NOT_RECORDED; DO_NOT_IMPUTE_ZERO,UNASSIGNED,PROPOSED_NO_MEASURED_ROI
Reference/tables/01_country_area/registry_country_area_iso3166_20261004_enhanced.csv,registry_country_area_iso3166_20261004_enhanced,19,head_of_state_holder,REFERENCE_DATA,938932e40337b843ce540e9da612cd579f18998d5b22c975b0b02c6632d142b8,249,206,29,尚未完成欄位語義核實；需來源業務定義、單位、粒度與用途,UNRESOLVED,,REVIEW_REQUIRED,待資料負責人確認,UNKNOWN,NOT_ESTABLISHED,,,UNKNOWN_NOT_APPLICABLE_OR_NOT_RECORDED; DO_NOT_IMPUTE_ZERO,UNASSIGNED,PROPOSED_NO_MEASURED_ROI
Reference/tables/01_country_area/registry_country_area_iso3166_20261004_enhanced.csv,registry_country_area_iso3166_20261004_enhanced,20,head_of_state_title_en,REFERENCE_DATA,938932e40337b843ce540e9da612cd579f18998d5b22c975b0b02c6632d142b8,249,206,18,尚未完成欄位語義核實；需來源業務定義、單位、粒度與用途,UNRESOLVED,,REVIEW_REQUIRED,待資料負責人確認,UNKNOWN,NOT_ESTABLISHED,,,UNKNOWN_NOT_APPLICABLE_OR_NOT_RECORDED; DO_NOT_IMPUTE_ZERO,UNASSIGNED,PROPOSED_NO_MEASURED_ROI
Reference/tables/01_country_area/registry_country_area_iso3166_20261004_enhanced.csv,registry_country_area_iso3166_20261004_enhanced,21,head_of_state_title_local,REFERENCE_DATA,938932e40337b843ce540e9da612cd579f18998d5b22c975b0b02c6632d142b8,249,206,24,尚未完成欄位語義核實；需來源業務定義、單位、粒度與用途,UNRESOLVED,,REVIEW_REQUIRED,待資料負責人確認,UNKNOWN,NOT_ESTABLISHED,,,UNKNOWN_NOT_APPLICABLE_OR_NOT_RECORDED; DO_NOT_IMPUTE_ZERO,UNASSIGNED,PROPOSED_NO_MEASURED_ROI
Reference/tables/01_country_area/registry_country_area_iso3166_20261004_enhanced.csv,registry_country_area_iso3166_20261004_enhanced,22,head_of_state_title_zh,REFERENCE_DATA,938932e40337b843ce540e9da612cd579f18998d5b22c975b0b02c6632d142b8,249,206,12,尚未完成欄位語義核實；需來源業務定義、單位、粒度與用途,UNRESOLVED,,REVIEW_REQUIRED,待資料負責人確認,UNKNOWN,NOT_ESTABLISHED,,,UNKNOWN_NOT_APPLICABLE_OR_NOT_RECORDED; DO_NOT_IMPUTE_ZERO,UNASSIGNED,PROPOSED_NO_MEASURED_ROI
Reference/tables/01_country_area/registry_country_area_iso3166_20261004_enhanced.csv,registry_country_area_iso3166_20261004_enhanced,23,head_of_state_title_class,REFERENCE_DATA,938932e40337b843ce540e9da612cd579f18998d5b22c975b0b02c6632d142b8,249,0,11,尚未完成欄位語義核實；需來源業務定義、單位、粒度與用途,UNRESOLVED,,REVIEW_REQUIRED,待資料負責人確認,UNKNOWN,NOT_ESTABLISHED,,,UNKNOWN_NOT_APPLICABLE_OR_NOT_RECORDED; DO_NOT_IMPUTE_ZERO,UNASSIGNED,PROPOSED_NO_MEASURED_ROI
Reference/tables/01_country_area/registry_country_area_iso3166_20261004_enhanced.csv,registry_country_area_iso3166_20261004_enhanced,24,monarchy_system,REFERENCE_DATA,938932e40337b843ce540e9da612cd579f18998d5b22c975b0b02c6632d142b8,249,206,18,尚未完成欄位語義核實；需來源業務定義、單位、粒度與用途,UNRESOLVED,,REVIEW_REQUIRED,待資料負責人確認,UNKNOWN,NOT_ESTABLISHED,,,UNKNOWN_NOT_APPLICABLE_OR_NOT_RECORDED; DO_NOT_IMPUTE_ZERO,UNASSIGNED,PROPOSED_NO_MEASURED_ROI
Reference/tables/01_country_area/registry_country_area_iso3166_20261004_enhanced.csv,registry_country_area_iso3166_20261004_enhanced,25,formal_power_class,REFERENCE_DATA,938932e40337b843ce540e9da612cd579f18998d5b22c975b0b02c6632d142b8,249,0,12,尚未完成欄位語義核實；需來源業務定義、單位、粒度與用途,UNRESOLVED,,REVIEW_REQUIRED,待資料負責人確認,UNKNOWN,NOT_ESTABLISHED,,,UNKNOWN_NOT_APPLICABLE_OR_NOT_RECORDED; DO_NOT_IMPUTE_ZERO,UNASSIGNED,PROPOSED_NO_MEASURED_ROI
Reference/tables/01_country_area/registry_country_area_iso3166_20261004_enhanced.csv,registry_country_area_iso3166_20261004_enhanced,26,succession_type,REFERENCE_DATA,938932e40337b843ce540e9da612cd579f18998d5b22c975b0b02c6632d142b8,249,206,8,尚未完成欄位語義核實；需來源業務定義、單位、粒度與用途,UNRESOLVED,,REVIEW_REQUIRED,待資料負責人確認,UNKNOWN,NOT_ESTABLISHED,,,UNKNOWN_NOT_APPLICABLE_OR_NOT_RECORDED; DO_NOT_IMPUTE_ZERO,UNASSIGNED,PROPOSED_NO_MEASURED_ROI
Reference/tables/01_country_area/registry_country_area_iso3166_20261004_enhanced.csv,registry_country_area_iso3166_20261004_enhanced,27,commander_in_chief_status,REFERENCE_DATA,938932e40337b843ce540e9da612cd579f18998d5b22c975b0b02c6632d142b8,249,0,1,尚未完成欄位語義核實；需來源業務定義、單位、粒度與用途,UNRESOLVED,,REVIEW_REQUIRED,待資料負責人確認,UNKNOWN,NOT_ESTABLISHED,,,UNKNOWN_NOT_APPLICABLE_OR_NOT_RECORDED; DO_NOT_IMPUTE_ZERO,UNASSIGNED,PROPOSED_NO_MEASURED_ROI
Reference/tables/01_country_area/registry_country_area_iso3166_20261004_enhanced.csv,registry_country_area_iso3166_20261004_enhanced,28,head_of_state_data_status,REFERENCE_DATA,938932e40337b843ce540e9da612cd579f18998d5b22c975b0b02c6632d142b8,249,0,3,尚未完成欄位語義核實；需來源業務定義、單位、粒度與用途,UNRESOLVED,,REVIEW_REQUIRED,待資料負責人確認,UNKNOWN,NOT_ESTABLISHED,,,UNKNOWN_NOT_APPLICABLE_OR_NOT_RECORDED; DO_NOT_IMPUTE_ZERO,UNASSIGNED,PROPOSED_NO_MEASURED_ROI
Reference/tables/01_country_area/registry_country_area_iso3166_20261004_enhanced.csv,registry_country_area_iso3166_20261004_enhanced,29,head_of_state_source,REFERENCE_DATA,938932e40337b843ce540e9da612cd579f18998d5b22c975b0b02c6632d142b8,249,0,31,尚未完成欄位語義核實；需來源業務定義、單位、粒度與用途,UNRESOLVED,,REVIEW_REQUIRED,待資料負責人確認,UNKNOWN,NOT_ESTABLISHED,,,UNKNOWN_NOT_APPLICABLE_OR_NOT_RECORDED; DO_NOT_IMPUTE_ZERO,UNASSIGNED,PROPOSED_NO_MEASURED_ROI
Reference/tables/01_country_area/registry_country_area_iso3166_20261004_enhanced.csv,registry_country_area_iso3166_20261004_enhanced,30,power_model_eligible,REFERENCE_DATA,938932e40337b843ce540e9da612cd579f18998d5b22c975b0b02c6632d142b8,249,0,2,尚未完成欄位語義核實；需來源業務定義、單位、粒度與用途,UNRESOLVED,,REVIEW_REQUIRED,待資料負責人確認,UNKNOWN,NOT_ESTABLISHED,,,UNKNOWN_NOT_APPLICABLE_OR_NOT_RECORDED; DO_NOT_IMPUTE_ZERO,UNASSIGNED,PROPOSED_NO_MEASURED_ROI
Reference/tables/01_country_area/registry_country_area_iso3166_20261004_enhanced.csv,registry_country_area_iso3166_20261004_enhanced,31,national_power_data_status,REFERENCE_DATA,938932e40337b843ce540e9da612cd579f18998d5b22c975b0b02c6632d142b8,249,0,2,尚未完成欄位語義核實；需來源業務定義、單位、粒度與用途,UNRESOLVED,,REVIEW_REQUIRED,待資料負責人確認,UNKNOWN,NOT_ESTABLISHED,,,UNKNOWN_NOT_APPLICABLE_OR_NOT_RECORDED; DO_NOT_IMPUTE_ZERO,UNASSIGNED,PROPOSED_NO_MEASURED_ROI
Reference/tables/01_country_area/registry_country_area_iso3166_20261004_enhanced.csv,registry_country_area_iso3166_20261004_enhanced,32,verification_as_of,REFERENCE_DATA,938932e40337b843ce540e9da612cd579f18998d5b22c975b0b02c6632d142b8,249,0,1,尚未完成欄位語義核實；需來源業務定義、單位、粒度與用途,UNRESOLVED,,REVIEW_REQUIRED,待資料負責人確認,UNKNOWN,NOT_ESTABLISHED,,,UNKNOWN_NOT_APPLICABLE_OR_NOT_RECORDED; DO_NOT_IMPUTE_ZERO,UNASSIGNED,PROPOSED_NO_MEASURED_ROI
Reference/tables/01_country_area/registry_country_area_iso3166_m49_e164_20261004.csv,registry_country_area_iso3166_m49_e164_20261004,1,registry_row_class,REFERENCE_DATA,ee4d97ccd3cde6a7be02d29446f8946c2c1da586cb1879c8e62fd3066a354edd,249,0,1,尚未完成欄位語義核實；需來源業務定義、單位、粒度與用途,UNRESOLVED,,REVIEW_REQUIRED,待資料負責人確認,UNKNOWN,NOT_ESTABLISHED,,,UNKNOWN_NOT_APPLICABLE_OR_NOT_RECORDED; DO_NOT_IMPUTE_ZERO,UNASSIGNED,PROPOSED_NO_MEASURED_ROI
Reference/tables/01_country_area/registry_country_area_iso3166_m49_e164_20261004.csv,registry_country_area_iso3166_m49_e164_20261004,2,iso_alpha2,REFERENCE_DATA,ee4d97ccd3cde6a7be02d29446f8946c2c1da586cb1879c8e62fd3066a354edd,249,0,249,ISO 3166-1 alpha-2 國家／地區代碼；代碼版次與關係另記,PROPOSED_CONTEXT_REVIEW,build_semantic_catalog.py: explicit proposed glossary,REVIEW_REQUIRED,母表連結,ISO_ALPHA2,NOT_ESTABLISHED,,,UNKNOWN_NOT_APPLICABLE_OR_NOT_RECORDED; DO_NOT_IMPUTE_ZERO,UNASSIGNED,PROPOSED_NO_MEASURED_ROI
Reference/tables/01_country_area/registry_country_area_iso3166_m49_e164_20261004.csv,registry_country_area_iso3166_m49_e164_20261004,3,iso_alpha3,REFERENCE_DATA,ee4d97ccd3cde6a7be02d29446f8946c2c1da586cb1879c8e62fd3066a354edd,249,0,249,ISO 3166-1 alpha-3 國家／地區代碼；不直接判主權,PROPOSED_CONTEXT_REVIEW,build_semantic_catalog.py: explicit proposed glossary,REVIEW_REQUIRED,國別對照,ISO_ALPHA3,NOT_ESTABLISHED,,,UNKNOWN_NOT_APPLICABLE_OR_NOT_RECORDED; DO_NOT_IMPUTE_ZERO,UNASSIGNED,PROPOSED_NO_MEASURED_ROI
Reference/tables/01_country_area/registry_country_area_iso3166_m49_e164_20261004.csv,registry_country_area_iso3166_m49_e164_20261004,4,iso_numeric,REFERENCE_DATA,ee4d97ccd3cde6a7be02d29446f8946c2c1da586cb1879c8e62fd3066a354edd,249,0,249,尚未完成欄位語義核實；需來源業務定義、單位、粒度與用途,UNRESOLVED,,REVIEW_REQUIRED,待資料負責人確認,UNKNOWN,NOT_ESTABLISHED,,,UNKNOWN_NOT_APPLICABLE_OR_NOT_RECORDED; DO_NOT_IMPUTE_ZERO,UNASSIGNED,PROPOSED_NO_MEASURED_ROI
Reference/tables/01_country_area/registry_country_area_iso3166_m49_e164_20261004.csv,registry_country_area_iso3166_m49_e164_20261004,5,name_en,REFERENCE_DATA,ee4d97ccd3cde6a7be02d29446f8946c2c1da586cb1879c8e62fd3066a354edd,249,0,249,尚未完成欄位語義核實；需來源業務定義、單位、粒度與用途,UNRESOLVED,,REVIEW_REQUIRED,待資料負責人確認,UNKNOWN,NOT_ESTABLISHED,,,UNKNOWN_NOT_APPLICABLE_OR_NOT_RECORDED; DO_NOT_IMPUTE_ZERO,UNASSIGNED,PROPOSED_NO_MEASURED_ROI
Reference/tables/01_country_area/registry_country_area_iso3166_m49_e164_20261004.csv,registry_country_area_iso3166_m49_e164_20261004,6,official_name_en,REFERENCE_DATA,ee4d97ccd3cde6a7be02d29446f8946c2c1da586cb1879c8e62fd3066a354edd,249,76,173,尚未完成欄位語義核實；需來源業務定義、單位、粒度與用途,UNRESOLVED,,REVIEW_REQUIRED,待資料負責人確認,UNKNOWN,NOT_ESTABLISHED,,,UNKNOWN_NOT_APPLICABLE_OR_NOT_RECORDED; DO_NOT_IMPUTE_ZERO,UNASSIGNED,PROPOSED_NO_MEASURED_ROI
Reference/tables/01_country_area/registry_country_area_iso3166_m49_e164_20261004.csv,registry_country_area_iso3166_m49_e164_20261004,7,un_m49_code,REFERENCE_DATA,ee4d97ccd3cde6a7be02d29446f8946c2c1da586cb1879c8e62fd3066a354edd,249,0,249,尚未完成欄位語義核實；需來源業務定義、單位、粒度與用途,UNRESOLVED,,REVIEW_REQUIRED,待資料負責人確認,UNKNOWN,NOT_ESTABLISHED,,,UNKNOWN_NOT_APPLICABLE_OR_NOT_RECORDED; DO_NOT_IMPUTE_ZERO,UNASSIGNED,PROPOSED_NO_MEASURED_ROI
Reference/tables/01_country_area/registry_country_area_iso3166_m49_e164_20261004.csv,registry_country_area_iso3166_m49_e164_20261004,8,un_m49_listing_status,REFERENCE_DATA,ee4d97ccd3cde6a7be02d29446f8946c2c1da586cb1879c8e62fd3066a354edd,249,0,2,尚未完成欄位語義核實；需來源業務定義、單位、粒度與用途,UNRESOLVED,,REVIEW_REQUIRED,待資料負責人確認,UNKNOWN,NOT_ESTABLISHED,,,UNKNOWN_NOT_APPLICABLE_OR_NOT_RECORDED; DO_NOT_IMPUTE_ZERO,UNASSIGNED,PROPOSED_NO_MEASURED_ROI
Reference/tables/01_country_area/registry_country_area_iso3166_m49_e164_20261004.csv,registry_country_area_iso3166_m49_e164_20261004,9,un_m49_note,REFERENCE_DATA,ee4d97ccd3cde6a7be02d29446f8946c2c1da586cb1879c8e62fd3066a354edd,249,0,2,尚未完成欄位語義核實；需來源業務定義、單位、粒度與用途,UNRESOLVED,,REVIEW_REQUIRED,待資料負責人確認,UNKNOWN,NOT_ESTABLISHED,,,UNKNOWN_NOT_APPLICABLE_OR_NOT_RECORDED; DO_NOT_IMPUTE_ZERO,UNASSIGNED,PROPOSED_NO_MEASURED_ROI
Reference/tables/01_country_area/registry_country_area_iso3166_m49_e164_20261004.csv,registry_country_area_iso3166_m49_e164_20261004,10,constitutional_relationship_type,REFERENCE_DATA,ee4d97ccd3cde6a7be02d29446f8946c2c1da586cb1879c8e62fd3066a354edd,249,0,28,尚未完成欄位語義核實；需來源業務定義、單位、粒度與用途,UNRESOLVED,,REVIEW_REQUIRED,待資料負責人確認,UNKNOWN,NOT_ESTABLISHED,,,UNKNOWN_NOT_APPLICABLE_OR_NOT_RECORDED; DO_NOT_IMPUTE_ZERO,UNASSIGNED,PROPOSED_NO_MEASURED_ROI
Reference/tables/01_country_area/registry_country_area_iso3166_m49_e164_20261004.csv,registry_country_area_iso3166_m49_e164_20261004,11,associated_or_administering_state_iso3,REFERENCE_DATA,ee4d97ccd3cde6a7be02d29446f8946c2c1da586cb1879c8e62fd3066a354edd,249,198,10,尚未完成欄位語義核實；需來源業務定義、單位、粒度與用途,UNRESOLVED,,REVIEW_REQUIRED,待資料負責人確認,UNKNOWN,NOT_ESTABLISHED,,,UNKNOWN_NOT_APPLICABLE_OR_NOT_RECORDED; DO_NOT_IMPUTE_ZERO,UNASSIGNED,PROPOSED_NO_MEASURED_ROI
Reference/tables/01_country_area/registry_country_area_iso3166_m49_e164_20261004.csv,registry_country_area_iso3166_m49_e164_20261004,12,relationship_note,REFERENCE_DATA,ee4d97ccd3cde6a7be02d29446f8946c2c1da586cb1879c8e62fd3066a354edd,249,32,15,尚未完成欄位語義核實；需來源業務定義、單位、粒度與用途,UNRESOLVED,,REVIEW_REQUIRED,待資料負責人確認,UNKNOWN,NOT_ESTABLISHED,,,UNKNOWN_NOT_APPLICABLE_OR_NOT_RECORDED; DO_NOT_IMPUTE_ZERO,UNASSIGNED,PROPOSED_NO_MEASURED_ROI
Reference/tables/01_country_area/registry_country_area_iso3166_m49_e164_20261004.csv,registry_country_area_iso3166_m49_e164_20261004,13,un_nsgt_status,REFERENCE_DATA,ee4d97ccd3cde6a7be02d29446f8946c2c1da586cb1879c8e62fd3066a354edd,249,0,2,尚未完成欄位語義核實；需來源業務定義、單位、粒度與用途,UNRESOLVED,,REVIEW_REQUIRED,待資料負責人確認,UNKNOWN,NOT_ESTABLISHED,,,UNKNOWN_NOT_APPLICABLE_OR_NOT_RECORDED; DO_NOT_IMPUTE_ZERO,UNASSIGNED,PROPOSED_NO_MEASURED_ROI
Reference/tables/01_country_area/registry_country_area_iso3166_m49_e164_20261004.csv,registry_country_area_iso3166_m49_e164_20261004,14,un_nsgt_administering_power_iso3,REFERENCE_DATA,ee4d97ccd3cde6a7be02d29446f8946c2c1da586cb1879c8e62fd3066a354edd,249,233,4,尚未完成欄位語義核實；需來源業務定義、單位、粒度與用途,UNRESOLVED,,REVIEW_REQUIRED,待資料負責人確認,UNKNOWN,NOT_ESTABLISHED,,,UNKNOWN_NOT_APPLICABLE_OR_NOT_RECORDED; DO_NOT_IMPUTE_ZERO,UNASSIGNED,PROPOSED_NO_MEASURED_ROI
Reference/tables/01_country_area/registry_country_area_iso3166_m49_e164_20261004.csv,registry_country_area_iso3166_m49_e164_20261004,15,un_nsgt_scope_note,REFERENCE_DATA,ee4d97ccd3cde6a7be02d29446f8946c2c1da586cb1879c8e62fd3066a354edd,249,232,17,尚未完成欄位語義核實；需來源業務定義、單位、粒度與用途,UNRESOLVED,,REVIEW_REQUIRED,待資料負責人確認,UNKNOWN,NOT_ESTABLISHED,,,UNKNOWN_NOT_APPLICABLE_OR_NOT_RECORDED; DO_NOT_IMPUTE_ZERO,UNASSIGNED,PROPOSED_NO_MEASURED_ROI
Reference/tables/01_country_area/registry_country_area_iso3166_m49_e164_20261004.csv,registry_country_area_iso3166_m49_e164_20261004,16,inhabited_status,REFERENCE_DATA,ee4d97ccd3cde6a7be02d29446f8946c2c1da586cb1879c8e62fd3066a354edd,249,0,7,尚未完成欄位語義核實；需來源業務定義、單位、粒度與用途,UNRESOLVED,,REVIEW_REQUIRED,待資料負責人確認,UNKNOWN,NOT_ESTABLISHED,,,UNKNOWN_NOT_APPLICABLE_OR_NOT_RECORDED; DO_NOT_IMPUTE_ZERO,UNASSIGNED,PROPOSED_NO_MEASURED_ROI
Reference/tables/01_country_area/registry_country_area_iso3166_m49_e164_20261004.csv,registry_country_area_iso3166_m49_e164_20261004,17,inhabited_status_note,REFERENCE_DATA,ee4d97ccd3cde6a7be02d29446f8946c2c1da586cb1879c8e62fd3066a354edd,249,0,8,尚未完成欄位語義核實；需來源業務定義、單位、粒度與用途,UNRESOLVED,,REVIEW_REQUIRED,待資料負責人確認,UNKNOWN,NOT_ESTABLISHED,,,UNKNOWN_NOT_APPLICABLE_OR_NOT_RECORDED; DO_NOT_IMPUTE_ZERO,UNASSIGNED,PROPOSED_NO_MEASURED_ROI
Reference/tables/01_country_area/registry_country_area_iso3166_m49_e164_20261004.csv,registry_country_area_iso3166_m49_e164_20261004,18,inhabited_status_method,REFERENCE_DATA,ee4d97ccd3cde6a7be02d29446f8946c2c1da586cb1879c8e62fd3066a354edd,249,0,1,尚未完成欄位語義核實；需來源業務定義、單位、粒度與用途,UNRESOLVED,,REVIEW_REQUIRED,待資料負責人確認,UNKNOWN,NOT_ESTABLISHED,,,UNKNOWN_NOT_APPLICABLE_OR_NOT_RECORDED; DO_NOT_IMPUTE_ZERO,UNASSIGNED,PROPOSED_NO_MEASURED_ROI
Reference/tables/01_country_area/registry_country_area_iso3166_m49_e164_20261004.csv,registry_country_area_iso3166_m49_e164_20261004,19,iso3166_2_subdivision_count,REFERENCE_DATA,ee4d97ccd3cde6a7be02d29446f8946c2c1da586cb1879c8e62fd3066a354edd,249,0,59,尚未完成欄位語義核實；需來源業務定義、單位、粒度與用途,UNRESOLVED,,REVIEW_REQUIRED,待資料負責人確認,UNKNOWN,NOT_ESTABLISHED,,,UNKNOWN_NOT_APPLICABLE_OR_NOT_RECORDED; DO_NOT_IMPUTE_ZERO,UNASSIGNED,PROPOSED_NO_MEASURED_ROI
Reference/tables/01_country_area/registry_country_area_iso3166_m49_e164_20261004.csv,registry_country_area_iso3166_m49_e164_20261004,20,admin_detail_registry_file,REFERENCE_DATA,ee4d97ccd3cde6a7be02d29446f8946c2c1da586cb1879c8e62fd3066a354edd,249,0,1,尚未完成欄位語義核實；需來源業務定義、單位、粒度與用途,UNRESOLVED,,REVIEW_REQUIRED,待資料負責人確認,UNKNOWN,NOT_ESTABLISHED,,,UNKNOWN_NOT_APPLICABLE_OR_NOT_RECORDED; DO_NOT_IMPUTE_ZERO,UNASSIGNED,PROPOSED_NO_MEASURED_ROI
Reference/tables/01_country_area/registry_country_area_iso3166_m49_e164_20261004.csv,registry_country_area_iso3166_m49_e164_20261004,21,admin_source_stack,REFERENCE_DATA,ee4d97ccd3cde6a7be02d29446f8946c2c1da586cb1879c8e62fd3066a354edd,249,0,1,尚未完成欄位語義核實；需來源業務定義、單位、粒度與用途,UNRESOLVED,,REVIEW_REQUIRED,待資料負責人確認,UNKNOWN,NOT_ESTABLISHED,,,UNKNOWN_NOT_APPLICABLE_OR_NOT_RECORDED; DO_NOT_IMPUTE_ZERO,UNASSIGNED,PROPOSED_NO_MEASURED_ROI
Reference/tables/01_country_area/registry_country_area_iso3166_m49_e164_20261004.csv,registry_country_area_iso3166_m49_e164_20261004,22,un_salb_source_url,REFERENCE_DATA,ee4d97ccd3cde6a7be02d29446f8946c2c1da586cb1879c8e62fd3066a354edd,249,0,1,尚未完成欄位語義核實；需來源業務定義、單位、粒度與用途,UNRESOLVED,,REVIEW_REQUIRED,待資料負責人確認,UNKNOWN,NOT_ESTABLISHED,,,UNKNOWN_NOT_APPLICABLE_OR_NOT_RECORDED; DO_NOT_IMPUTE_ZERO,UNASSIGNED,PROPOSED_NO_MEASURED_ROI
Reference/tables/01_country_area/registry_country_area_iso3166_m49_e164_20261004.csv,registry_country_area_iso3166_m49_e164_20261004,23,iso3166_2_source_url,REFERENCE_DATA,ee4d97ccd3cde6a7be02d29446f8946c2c1da586cb1879c8e62fd3066a354edd,249,0,1,尚未完成欄位語義核實；需來源業務定義、單位、粒度與用途,UNRESOLVED,,REVIEW_REQUIRED,待資料負責人確認,UNKNOWN,NOT_ESTABLISHED,,,UNKNOWN_NOT_APPLICABLE_OR_NOT_RECORDED; DO_NOT_IMPUTE_ZERO,UNASSIGNED,PROPOSED_NO_MEASURED_ROI
Reference/tables/01_country_area/registry_country_area_iso3166_m49_e164_20261004.csv,registry_country_area_iso3166_m49_e164_20261004,24,e164_country_calling_code,REFERENCE_DATA,ee4d97ccd3cde6a7be02d29446f8946c2c1da586cb1879c8e62fd3066a354edd,249,4,204,尚未完成欄位語義核實；需來源業務定義、單位、粒度與用途,UNRESOLVED,,REVIEW_REQUIRED,待資料負責人確認,UNKNOWN,NOT_ESTABLISHED,,,UNKNOWN_NOT_APPLICABLE_OR_NOT_RECORDED; DO_NOT_IMPUTE_ZERO,UNASSIGNED,PROPOSED_NO_MEASURED_ROI
Reference/tables/01_country_area/registry_country_area_iso3166_m49_e164_20261004.csv,registry_country_area_iso3166_m49_e164_20261004,25,e164_code_status,REFERENCE_DATA,ee4d97ccd3cde6a7be02d29446f8946c2c1da586cb1879c8e62fd3066a354edd,249,0,13,尚未完成欄位語義核實；需來源業務定義、單位、粒度與用途,UNRESOLVED,,REVIEW_REQUIRED,待資料負責人確認,UNKNOWN,NOT_ESTABLISHED,,,UNKNOWN_NOT_APPLICABLE_OR_NOT_RECORDED; DO_NOT_IMPUTE_ZERO,UNASSIGNED,PROPOSED_NO_MEASURED_ROI
Reference/tables/01_country_area/registry_country_area_iso3166_m49_e164_20261004.csv,registry_country_area_iso3166_m49_e164_20261004,26,e164_numbering_note,REFERENCE_DATA,ee4d97ccd3cde6a7be02d29446f8946c2c1da586cb1879c8e62fd3066a354edd,249,211,37,尚未完成欄位語義核實；需來源業務定義、單位、粒度與用途,UNRESOLVED,,REVIEW_REQUIRED,待資料負責人確認,UNKNOWN,NOT_ESTABLISHED,,,UNKNOWN_NOT_APPLICABLE_OR_NOT_RECORDED; DO_NOT_IMPUTE_ZERO,UNASSIGNED,PROPOSED_NO_MEASURED_ROI
Reference/tables/01_country_area/registry_country_area_iso3166_m49_e164_20261004.csv,registry_country_area_iso3166_m49_e164_20261004,27,itu_e164_source_url,REFERENCE_DATA,ee4d97ccd3cde6a7be02d29446f8946c2c1da586cb1879c8e62fd3066a354edd,249,0,1,尚未完成欄位語義核實；需來源業務定義、單位、粒度與用途,UNRESOLVED,,REVIEW_REQUIRED,待資料負責人確認,UNKNOWN,NOT_ESTABLISHED,,,UNKNOWN_NOT_APPLICABLE_OR_NOT_RECORDED; DO_NOT_IMPUTE_ZERO,UNASSIGNED,PROPOSED_NO_MEASURED_ROI
Reference/tables/01_country_area/registry_country_area_iso3166_m49_e164_20261004.csv,registry_country_area_iso3166_m49_e164_20261004,28,itu_national_numbering_plan_url,REFERENCE_DATA,ee4d97ccd3cde6a7be02d29446f8946c2c1da586cb1879c8e62fd3066a354edd,249,0,1,尚未完成欄位語義核實；需來源業務定義、單位、粒度與用途,UNRESOLVED,,REVIEW_REQUIRED,待資料負責人確認,UNKNOWN,NOT_ESTABLISHED,,,UNKNOWN_NOT_APPLICABLE_OR_NOT_RECORDED; DO_NOT_IMPUTE_ZERO,UNASSIGNED,PROPOSED_NO_MEASURED_ROI
Reference/tables/01_country_area/registry_country_area_iso3166_m49_e164_20261004.csv,registry_country_area_iso3166_m49_e164_20261004,29,population_layer,REFERENCE_DATA,ee4d97ccd3cde6a7be02d29446f8946c2c1da586cb1879c8e62fd3066a354edd,249,0,1,尚未完成欄位語義核實；需來源業務定義、單位、粒度與用途,UNRESOLVED,,REVIEW_REQUIRED,待資料負責人確認,UNKNOWN,NOT_ESTABLISHED,,,UNKNOWN_NOT_APPLICABLE_OR_NOT_RECORDED; DO_NOT_IMPUTE_ZERO,UNASSIGNED,PROPOSED_NO_MEASURED_ROI
Reference/tables/01_country_area/registry_country_area_iso3166_m49_e164_20261004.csv,registry_country_area_iso3166_m49_e164_20261004,30,settlement_layer,REFERENCE_DATA,ee4d97ccd3cde6a7be02d29446f8946c2c1da586cb1879c8e62fd3066a354edd,249,0,1,尚未完成欄位語義核實；需來源業務定義、單位、粒度與用途,UNRESOLVED,,REVIEW_REQUIRED,待資料負責人確認,UNKNOWN,NOT_ESTABLISHED,,,UNKNOWN_NOT_APPLICABLE_OR_NOT_RECORDED; DO_NOT_IMPUTE_ZERO,UNASSIGNED,PROPOSED_NO_MEASURED_ROI
Reference/tables/01_country_area/registry_country_area_iso3166_m49_e164_20261004.csv,registry_country_area_iso3166_m49_e164_20261004,31,organization_layer,REFERENCE_DATA,ee4d97ccd3cde6a7be02d29446f8946c2c1da586cb1879c8e62fd3066a354edd,249,0,1,尚未完成欄位語義核實；需來源業務定義、單位、粒度與用途,UNRESOLVED,,REVIEW_REQUIRED,待資料負責人確認,UNKNOWN,NOT_ESTABLISHED,,,UNKNOWN_NOT_APPLICABLE_OR_NOT_RECORDED; DO_NOT_IMPUTE_ZERO,UNASSIGNED,PROPOSED_NO_MEASURED_ROI
Reference/tables/01_country_area/registry_country_area_iso3166_m49_e164_20261004.csv,registry_country_area_iso3166_m49_e164_20261004,32,govtech_layer,REFERENCE_DATA,ee4d97ccd3cde6a7be02d29446f8946c2c1da586cb1879c8e62fd3066a354edd,249,0,1,尚未完成欄位語義核實；需來源業務定義、單位、粒度與用途,UNRESOLVED,,REVIEW_REQUIRED,待資料負責人確認,UNKNOWN,NOT_ESTABLISHED,,,UNKNOWN_NOT_APPLICABLE_OR_NOT_RECORDED; DO_NOT_IMPUTE_ZERO,UNASSIGNED,PROPOSED_NO_MEASURED_ROI
Reference/tables/01_country_area/registry_country_area_iso3166_m49_e164_20261004.csv,registry_country_area_iso3166_m49_e164_20261004,33,space_ecosystem_status,REFERENCE_DATA,ee4d97ccd3cde6a7be02d29446f8946c2c1da586cb1879c8e62fd3066a354edd,249,0,1,尚未完成欄位語義核實；需來源業務定義、單位、粒度與用途,UNRESOLVED,,REVIEW_REQUIRED,待資料負責人確認,UNKNOWN,NOT_ESTABLISHED,,,UNKNOWN_NOT_APPLICABLE_OR_NOT_RECORDED; DO_NOT_IMPUTE_ZERO,UNASSIGNED,PROPOSED_NO_MEASURED_ROI
Reference/tables/01_country_area/registry_country_area_iso3166_m49_e164_20261004.csv,registry_country_area_iso3166_m49_e164_20261004,34,space_ecosystem_source_stack,REFERENCE_DATA,ee4d97ccd3cde6a7be02d29446f8946c2c1da586cb1879c8e62fd3066a354edd,249,0,1,尚未完成欄位語義核實；需來源業務定義、單位、粒度與用途,UNRESOLVED,,REVIEW_REQUIRED,待資料負責人確認,UNKNOWN,NOT_ESTABLISHED,,,UNKNOWN_NOT_APPLICABLE_OR_NOT_RECORDED; DO_NOT_IMPUTE_ZERO,UNASSIGNED,PROPOSED_NO_MEASURED_ROI
Reference/tables/01_country_area/registry_country_area_iso3166_m49_e164_20261004.csv,registry_country_area_iso3166_m49_e164_20261004,35,iaf_global_directory_note,REFERENCE_DATA,ee4d97ccd3cde6a7be02d29446f8946c2c1da586cb1879c8e62fd3066a354edd,249,0,1,尚未完成欄位語義核實；需來源業務定義、單位、粒度與用途,UNRESOLVED,,REVIEW_REQUIRED,待資料負責人確認,UNKNOWN,NOT_ESTABLISHED,,,UNKNOWN_NOT_APPLICABLE_OR_NOT_RECORDED; DO_NOT_IMPUTE_ZERO,UNASSIGNED,PROPOSED_NO_MEASURED_ROI
Reference/tables/01_country_area/registry_country_area_iso3166_m49_e164_20261004.csv,registry_country_area_iso3166_m49_e164_20261004,36,extraterrestrial_life_confirmed,REFERENCE_DATA,ee4d97ccd3cde6a7be02d29446f8946c2c1da586cb1879c8e62fd3066a354edd,249,0,1,尚未完成欄位語義核實；需來源業務定義、單位、粒度與用途,UNRESOLVED,,REVIEW_REQUIRED,待資料負責人確認,UNKNOWN,NOT_ESTABLISHED,,,UNKNOWN_NOT_APPLICABLE_OR_NOT_RECORDED; DO_NOT_IMPUTE_ZERO,UNASSIGNED,PROPOSED_NO_MEASURED_ROI
Reference/tables/01_country_area/registry_country_area_iso3166_m49_e164_20261004.csv,registry_country_area_iso3166_m49_e164_20261004,37,astrobiology_global_status_code,REFERENCE_DATA,ee4d97ccd3cde6a7be02d29446f8946c2c1da586cb1879c8e62fd3066a354edd,249,0,1,尚未完成欄位語義核實；需來源業務定義、單位、粒度與用途,UNRESOLVED,,REVIEW_REQUIRED,待資料負責人確認,UNKNOWN,NOT_ESTABLISHED,,,UNKNOWN_NOT_APPLICABLE_OR_NOT_RECORDED; DO_NOT_IMPUTE_ZERO,UNASSIGNED,PROPOSED_NO_MEASURED_ROI
Reference/tables/01_country_area/registry_country_area_iso3166_m49_e164_20261004.csv,registry_country_area_iso3166_m49_e164_20261004,38,astrobiology_status_note,REFERENCE_DATA,ee4d97ccd3cde6a7be02d29446f8946c2c1da586cb1879c8e62fd3066a354edd,249,0,1,尚未完成欄位語義核實；需來源業務定義、單位、粒度與用途,UNRESOLVED,,REVIEW_REQUIRED,待資料負責人確認,UNKNOWN,NOT_ESTABLISHED,,,UNKNOWN_NOT_APPLICABLE_OR_NOT_RECORDED; DO_NOT_IMPUTE_ZERO,UNASSIGNED,PROPOSED_NO_MEASURED_ROI
Reference/tables/01_country_area/registry_country_area_iso3166_m49_e164_20261004.csv,registry_country_area_iso3166_m49_e164_20261004,39,astrobiology_source_url,REFERENCE_DATA,ee4d97ccd3cde6a7be02d29446f8946c2c1da586cb1879c8e62fd3066a354edd,249,0,1,尚未完成欄位語義核實；需來源業務定義、單位、粒度與用途,UNRESOLVED,,REVIEW_REQUIRED,待資料負責人確認,UNKNOWN,NOT_ESTABLISHED,,,UNKNOWN_NOT_APPLICABLE_OR_NOT_RECORDED; DO_NOT_IMPUTE_ZERO,UNASSIGNED,PROPOSED_NO_MEASURED_ROI
Reference/tables/01_country_area/registry_country_area_iso3166_m49_e164_20261004.csv,registry_country_area_iso3166_m49_e164_20261004,40,technosignature_status_note,REFERENCE_DATA,ee4d97ccd3cde6a7be02d29446f8946c2c1da586cb1879c8e62fd3066a354edd,249,0,1,尚未完成欄位語義核實；需來源業務定義、單位、粒度與用途,UNRESOLVED,,REVIEW_REQUIRED,待資料負責人確認,UNKNOWN,NOT_ESTABLISHED,,,UNKNOWN_NOT_APPLICABLE_OR_NOT_RECORDED; DO_NOT_IMPUTE_ZERO,UNASSIGNED,PROPOSED_NO_MEASURED_ROI
Reference/tables/01_country_area/registry_country_area_iso3166_m49_e164_20261004.csv,registry_country_area_iso3166_m49_e164_20261004,41,coverage_required,REFERENCE_DATA,ee4d97ccd3cde6a7be02d29446f8946c2c1da586cb1879c8e62fd3066a354edd,249,0,1,尚未完成欄位語義核實；需來源業務定義、單位、粒度與用途,UNRESOLVED,,REVIEW_REQUIRED,待資料負責人確認,UNKNOWN,NOT_ESTABLISHED,,,UNKNOWN_NOT_APPLICABLE_OR_NOT_RECORDED; DO_NOT_IMPUTE_ZERO,UNASSIGNED,PROPOSED_NO_MEASURED_ROI
Reference/tables/01_country_area/registry_country_area_iso3166_m49_e164_20261004.csv,registry_country_area_iso3166_m49_e164_20261004,42,coverage_status,REFERENCE_DATA,ee4d97ccd3cde6a7be02d29446f8946c2c1da586cb1879c8e62fd3066a354edd,249,0,1,尚未完成欄位語義核實；需來源業務定義、單位、粒度與用途,UNRESOLVED,,REVIEW_REQUIRED,待資料負責人確認,UNKNOWN,NOT_ESTABLISHED,,,UNKNOWN_NOT_APPLICABLE_OR_NOT_RECORDED; DO_NOT_IMPUTE_ZERO,UNASSIGNED,PROPOSED_NO_MEASURED_ROI
Reference/tables/01_country_area/registry_country_area_iso3166_m49_e164_20261004.csv,registry_country_area_iso3166_m49_e164_20261004,43,coverage_gap_reason,REFERENCE_DATA,ee4d97ccd3cde6a7be02d29446f8946c2c1da586cb1879c8e62fd3066a354edd,249,247,2,尚未完成欄位語義核實；需來源業務定義、單位、粒度與用途,UNRESOLVED,,REVIEW_REQUIRED,待資料負責人確認,UNKNOWN,NOT_ESTABLISHED,,,UNKNOWN_NOT_APPLICABLE_OR_NOT_RECORDED; DO_NOT_IMPUTE_ZERO,UNASSIGNED,PROPOSED_NO_MEASURED_ROI
Reference/tables/01_country_area/registry_country_area_iso3166_m49_e164_20261004.csv,registry_country_area_iso3166_m49_e164_20261004,44,as_of,REFERENCE_DATA,ee4d97ccd3cde6a7be02d29446f8946c2c1da586cb1879c8e62fd3066a354edd,249,0,1,資料截至／檢查／審核／搜索／取得時間；各欄依操作分別解讀，時區不可猜,PROPOSED_CONTEXT_REVIEW,build_semantic_catalog.py: explicit proposed glossary,REVIEW_REQUIRED,新鮮度與審核時點,SOURCE_DATE_OR_TIMESTAMP,NOT_ESTABLISHED,,,UNKNOWN_NOT_APPLICABLE_OR_NOT_RECORDED; DO_NOT_IMPUTE_ZERO,UNASSIGNED,PROPOSED_NO_MEASURED_ROI
Reference/tables/01_country_area/registry_country_area_iso3166_m49_e164_20261004.csv,registry_country_area_iso3166_m49_e164_20261004,45,scope_note,REFERENCE_DATA,ee4d97ccd3cde6a7be02d29446f8946c2c1da586cb1879c8e62fd3066a354edd,249,0,1,尚未完成欄位語義核實；需來源業務定義、單位、粒度與用途,UNRESOLVED,,REVIEW_REQUIRED,待資料負責人確認,UNKNOWN,NOT_ESTABLISHED,,,UNKNOWN_NOT_APPLICABLE_OR_NOT_RECORDED; DO_NOT_IMPUTE_ZERO,UNASSIGNED,PROPOSED_NO_MEASURED_ROI
Reference/tables/02_admin_units/registry_admin_units_iso3166_2_20261004.csv,registry_admin_units_iso3166_2_20261004,1,subdivision_code,REFERENCE_DATA,e8f549e8f0f4ef809770258993123ee5a747ea905764db4127618cb7264795bd,5046,0,5046,尚未完成欄位語義核實；需來源業務定義、單位、粒度與用途,UNRESOLVED,,REVIEW_REQUIRED,待資料負責人確認,UNKNOWN,NOT_ESTABLISHED,,,UNKNOWN_NOT_APPLICABLE_OR_NOT_RECORDED; DO_NOT_IMPUTE_ZERO,UNASSIGNED,PROPOSED_NO_MEASURED_ROI
Reference/tables/02_admin_units/registry_admin_units_iso3166_2_20261004.csv,registry_admin_units_iso3166_2_20261004,2,country_iso_alpha2,REFERENCE_DATA,e8f549e8f0f4ef809770258993123ee5a747ea905764db4127618cb7264795bd,5046,0,200,ISO 3166-1 alpha-2 國家／地區代碼；代碼版次與關係另記,PROPOSED_CONTEXT_REVIEW,build_semantic_catalog.py: explicit proposed glossary,REVIEW_REQUIRED,母表連結,ISO_ALPHA2,NOT_ESTABLISHED,,,UNKNOWN_NOT_APPLICABLE_OR_NOT_RECORDED; DO_NOT_IMPUTE_ZERO,UNASSIGNED,PROPOSED_NO_MEASURED_ROI
Reference/tables/02_admin_units/registry_admin_units_iso3166_2_20261004.csv,registry_admin_units_iso3166_2_20261004,3,country_iso_alpha3,REFERENCE_DATA,e8f549e8f0f4ef809770258993123ee5a747ea905764db4127618cb7264795bd,5046,0,200,ISO 3166-1 alpha-3 國家／地區代碼；不直接判主權,PROPOSED_CONTEXT_REVIEW,build_semantic_catalog.py: explicit proposed glossary,REVIEW_REQUIRED,國別對照,ISO_ALPHA3,NOT_ESTABLISHED,,,UNKNOWN_NOT_APPLICABLE_OR_NOT_RECORDED; DO_NOT_IMPUTE_ZERO,UNASSIGNED,PROPOSED_NO_MEASURED_ROI
Reference/tables/02_admin_units/registry_admin_units_iso3166_2_20261004.csv,registry_admin_units_iso3166_2_20261004,4,name,REFERENCE_DATA,e8f549e8f0f4ef809770258993123ee5a747ea905764db4127618cb7264795bd,5046,0,4892,尚未完成欄位語義核實；需來源業務定義、單位、粒度與用途,UNRESOLVED,,REVIEW_REQUIRED,待資料負責人確認,UNKNOWN,NOT_ESTABLISHED,,,UNKNOWN_NOT_APPLICABLE_OR_NOT_RECORDED; DO_NOT_IMPUTE_ZERO,UNASSIGNED,PROPOSED_NO_MEASURED_ROI
Reference/tables/02_admin_units/registry_admin_units_iso3166_2_20261004.csv,registry_admin_units_iso3166_2_20261004,5,type,REFERENCE_DATA,e8f549e8f0f4ef809770258993123ee5a747ea905764db4127618cb7264795bd,5046,0,109,尚未完成欄位語義核實；需來源業務定義、單位、粒度與用途,UNRESOLVED,,REVIEW_REQUIRED,待資料負責人確認,UNKNOWN,NOT_ESTABLISHED,,,UNKNOWN_NOT_APPLICABLE_OR_NOT_RECORDED; DO_NOT_IMPUTE_ZERO,UNASSIGNED,PROPOSED_NO_MEASURED_ROI
Reference/tables/02_admin_units/registry_admin_units_iso3166_2_20261004.csv,registry_admin_units_iso3166_2_20261004,6,parent_code,REFERENCE_DATA,e8f549e8f0f4ef809770258993123ee5a747ea905764db4127618cb7264795bd,5046,3590,214,尚未完成欄位語義核實；需來源業務定義、單位、粒度與用途,UNRESOLVED,,REVIEW_REQUIRED,待資料負責人確認,UNKNOWN,NOT_ESTABLISHED,,,UNKNOWN_NOT_APPLICABLE_OR_NOT_RECORDED; DO_NOT_IMPUTE_ZERO,UNASSIGNED,PROPOSED_NO_MEASURED_ROI
Reference/tables/02_admin_units/registry_admin_units_iso3166_2_20261004.csv,registry_admin_units_iso3166_2_20261004,7,source_standard,REFERENCE_DATA,e8f549e8f0f4ef809770258993123ee5a747ea905764db4127618cb7264795bd,5046,0,1,尚未完成欄位語義核實；需來源業務定義、單位、粒度與用途,UNRESOLVED,,REVIEW_REQUIRED,待資料負責人確認,UNKNOWN,NOT_ESTABLISHED,,,UNKNOWN_NOT_APPLICABLE_OR_NOT_RECORDED; DO_NOT_IMPUTE_ZERO,UNASSIGNED,PROPOSED_NO_MEASURED_ROI
Reference/tables/02_admin_units/registry_admin_units_iso3166_2_20261004.csv,registry_admin_units_iso3166_2_20261004,8,standard_status,REFERENCE_DATA,e8f549e8f0f4ef809770258993123ee5a747ea905764db4127618cb7264795bd,5046,0,1,尚未完成欄位語義核實；需來源業務定義、單位、粒度與用途,UNRESOLVED,,REVIEW_REQUIRED,待資料負責人確認,UNKNOWN,NOT_ESTABLISHED,,,UNKNOWN_NOT_APPLICABLE_OR_NOT_RECORDED; DO_NOT_IMPUTE_ZERO,UNASSIGNED,PROPOSED_NO_MEASURED_ROI
Reference/tables/02_admin_units/registry_admin_units_iso3166_2_20261004.csv,registry_admin_units_iso3166_2_20261004,9,snapshot_library,REFERENCE_DATA,e8f549e8f0f4ef809770258993123ee5a747ea905764db4127618cb7264795bd,5046,0,1,尚未完成欄位語義核實；需來源業務定義、單位、粒度與用途,UNRESOLVED,,REVIEW_REQUIRED,待資料負責人確認,UNKNOWN,NOT_ESTABLISHED,,,UNKNOWN_NOT_APPLICABLE_OR_NOT_RECORDED; DO_NOT_IMPUTE_ZERO,UNASSIGNED,PROPOSED_NO_MEASURED_ROI
Reference/tables/02_admin_units/registry_admin_units_iso3166_2_20261004.csv,registry_admin_units_iso3166_2_20261004,10,un_salb_validation_source,REFERENCE_DATA,e8f549e8f0f4ef809770258993123ee5a747ea905764db4127618cb7264795bd,5046,0,1,尚未完成欄位語義核實；需來源業務定義、單位、粒度與用途,UNRESOLVED,,REVIEW_REQUIRED,待資料負責人確認,UNKNOWN,NOT_ESTABLISHED,,,UNKNOWN_NOT_APPLICABLE_OR_NOT_RECORDED; DO_NOT_IMPUTE_ZERO,UNASSIGNED,PROPOSED_NO_MEASURED_ROI
Reference/tables/02_admin_units/registry_admin_units_iso3166_2_20261004.csv,registry_admin_units_iso3166_2_20261004,11,national_geospatial_authority_validation_required,REFERENCE_DATA,e8f549e8f0f4ef809770258993123ee5a747ea905764db4127618cb7264795bd,5046,0,1,尚未完成欄位語義核實；需來源業務定義、單位、粒度與用途,UNRESOLVED,,REVIEW_REQUIRED,待資料負責人確認,UNKNOWN,NOT_ESTABLISHED,,,UNKNOWN_NOT_APPLICABLE_OR_NOT_RECORDED; DO_NOT_IMPUTE_ZERO,UNASSIGNED,PROPOSED_NO_MEASURED_ROI
Reference/tables/02_admin_units/registry_admin_units_iso3166_2_20261004.csv,registry_admin_units_iso3166_2_20261004,12,live_validation_required,REFERENCE_DATA,e8f549e8f0f4ef809770258993123ee5a747ea905764db4127618cb7264795bd,5046,0,1,尚未完成欄位語義核實；需來源業務定義、單位、粒度與用途,UNRESOLVED,,REVIEW_REQUIRED,待資料負責人確認,UNKNOWN,NOT_ESTABLISHED,,,UNKNOWN_NOT_APPLICABLE_OR_NOT_RECORDED; DO_NOT_IMPUTE_ZERO,UNASSIGNED,PROPOSED_NO_MEASURED_ROI
Reference/tables/02_admin_units/registry_admin_units_iso3166_2_20261004.csv,registry_admin_units_iso3166_2_20261004,13,as_of,REFERENCE_DATA,e8f549e8f0f4ef809770258993123ee5a747ea905764db4127618cb7264795bd,5046,0,1,資料截至／檢查／審核／搜索／取得時間；各欄依操作分別解讀，時區不可猜,PROPOSED_CONTEXT_REVIEW,build_semantic_catalog.py: explicit proposed glossary,REVIEW_REQUIRED,新鮮度與審核時點,SOURCE_DATE_OR_TIMESTAMP,NOT_ESTABLISHED,,,UNKNOWN_NOT_APPLICABLE_OR_NOT_RECORDED; DO_NOT_IMPUTE_ZERO,UNASSIGNED,PROPOSED_NO_MEASURED_ROI
Reference/tables/02_admin_units/registry_admin_units_iso3166_2_20261004.csv,registry_admin_units_iso3166_2_20261004,14,scope_note,REFERENCE_DATA,e8f549e8f0f4ef809770258993123ee5a747ea905764db4127618cb7264795bd,5046,0,1,尚未完成欄位語義核實；需來源業務定義、單位、粒度與用途,UNRESOLVED,,REVIEW_REQUIRED,待資料負責人確認,UNKNOWN,NOT_ESTABLISHED,,,UNKNOWN_NOT_APPLICABLE_OR_NOT_RECORDED; DO_NOT_IMPUTE_ZERO,UNASSIGNED,PROPOSED_NO_MEASURED_ROI
Reference/tables/03_governance_monarchies/registry_sovereign_monarchies_20261004.csv,registry_sovereign_monarchies_20261004,1,iso_alpha2,REFERENCE_DATA,3fd0c5492e9ac11a4a40c45b942b36d8f9e5a9c0ba6bbbc05807e1a2624e1b26,43,0,43,ISO 3166-1 alpha-2 國家／地區代碼；代碼版次與關係另記,PROPOSED_CONTEXT_REVIEW,build_semantic_catalog.py: explicit proposed glossary,REVIEW_REQUIRED,母表連結,ISO_ALPHA2,NOT_ESTABLISHED,,,UNKNOWN_NOT_APPLICABLE_OR_NOT_RECORDED; DO_NOT_IMPUTE_ZERO,UNASSIGNED,PROPOSED_NO_MEASURED_ROI
Reference/tables/03_governance_monarchies/registry_sovereign_monarchies_20261004.csv,registry_sovereign_monarchies_20261004,2,country,REFERENCE_DATA,3fd0c5492e9ac11a4a40c45b942b36d8f9e5a9c0ba6bbbc05807e1a2624e1b26,43,0,43,尚未完成欄位語義核實；需來源業務定義、單位、粒度與用途,UNRESOLVED,,REVIEW_REQUIRED,待資料負責人確認,UNKNOWN,NOT_ESTABLISHED,,,UNKNOWN_NOT_APPLICABLE_OR_NOT_RECORDED; DO_NOT_IMPUTE_ZERO,UNASSIGNED,PROPOSED_NO_MEASURED_ROI
Reference/tables/03_governance_monarchies/registry_sovereign_monarchies_20261004.csv,registry_sovereign_monarchies_20261004,3,holder,REFERENCE_DATA,3fd0c5492e9ac11a4a40c45b942b36d8f9e5a9c0ba6bbbc05807e1a2624e1b26,43,0,29,尚未完成欄位語義核實；需來源業務定義、單位、粒度與用途,UNRESOLVED,,REVIEW_REQUIRED,待資料負責人確認,UNKNOWN,NOT_ESTABLISHED,,,UNKNOWN_NOT_APPLICABLE_OR_NOT_RECORDED; DO_NOT_IMPUTE_ZERO,UNASSIGNED,PROPOSED_NO_MEASURED_ROI
Reference/tables/03_governance_monarchies/registry_sovereign_monarchies_20261004.csv,registry_sovereign_monarchies_20261004,4,title_en,REFERENCE_DATA,3fd0c5492e9ac11a4a40c45b942b36d8f9e5a9c0ba6bbbc05807e1a2624e1b26,43,0,18,尚未完成欄位語義核實；需來源業務定義、單位、粒度與用途,UNRESOLVED,,REVIEW_REQUIRED,待資料負責人確認,UNKNOWN,NOT_ESTABLISHED,,,UNKNOWN_NOT_APPLICABLE_OR_NOT_RECORDED; DO_NOT_IMPUTE_ZERO,UNASSIGNED,PROPOSED_NO_MEASURED_ROI
Reference/tables/03_governance_monarchies/registry_sovereign_monarchies_20261004.csv,registry_sovereign_monarchies_20261004,5,title_local,REFERENCE_DATA,3fd0c5492e9ac11a4a40c45b942b36d8f9e5a9c0ba6bbbc05807e1a2624e1b26,43,0,24,尚未完成欄位語義核實；需來源業務定義、單位、粒度與用途,UNRESOLVED,,REVIEW_REQUIRED,待資料負責人確認,UNKNOWN,NOT_ESTABLISHED,,,UNKNOWN_NOT_APPLICABLE_OR_NOT_RECORDED; DO_NOT_IMPUTE_ZERO,UNASSIGNED,PROPOSED_NO_MEASURED_ROI
Reference/tables/03_governance_monarchies/registry_sovereign_monarchies_20261004.csv,registry_sovereign_monarchies_20261004,6,title_zh,REFERENCE_DATA,3fd0c5492e9ac11a4a40c45b942b36d8f9e5a9c0ba6bbbc05807e1a2624e1b26,43,0,12,尚未完成欄位語義核實；需來源業務定義、單位、粒度與用途,UNRESOLVED,,REVIEW_REQUIRED,待資料負責人確認,UNKNOWN,NOT_ESTABLISHED,,,UNKNOWN_NOT_APPLICABLE_OR_NOT_RECORDED; DO_NOT_IMPUTE_ZERO,UNASSIGNED,PROPOSED_NO_MEASURED_ROI
Reference/tables/03_governance_monarchies/registry_sovereign_monarchies_20261004.csv,registry_sovereign_monarchies_20261004,7,title_class,REFERENCE_DATA,3fd0c5492e9ac11a4a40c45b942b36d8f9e5a9c0ba6bbbc05807e1a2624e1b26,43,0,10,尚未完成欄位語義核實；需來源業務定義、單位、粒度與用途,UNRESOLVED,,REVIEW_REQUIRED,待資料負責人確認,UNKNOWN,NOT_ESTABLISHED,,,UNKNOWN_NOT_APPLICABLE_OR_NOT_RECORDED; DO_NOT_IMPUTE_ZERO,UNASSIGNED,PROPOSED_NO_MEASURED_ROI
Reference/tables/03_governance_monarchies/registry_sovereign_monarchies_20261004.csv,registry_sovereign_monarchies_20261004,8,system,REFERENCE_DATA,3fd0c5492e9ac11a4a40c45b942b36d8f9e5a9c0ba6bbbc05807e1a2624e1b26,43,0,18,尚未完成欄位語義核實；需來源業務定義、單位、粒度與用途,UNRESOLVED,,REVIEW_REQUIRED,待資料負責人確認,UNKNOWN,NOT_ESTABLISHED,,,UNKNOWN_NOT_APPLICABLE_OR_NOT_RECORDED; DO_NOT_IMPUTE_ZERO,UNASSIGNED,PROPOSED_NO_MEASURED_ROI
Reference/tables/03_governance_monarchies/registry_sovereign_monarchies_20261004.csv,registry_sovereign_monarchies_20261004,9,formal_power_class,REFERENCE_DATA,3fd0c5492e9ac11a4a40c45b942b36d8f9e5a9c0ba6bbbc05807e1a2624e1b26,43,0,11,尚未完成欄位語義核實；需來源業務定義、單位、粒度與用途,UNRESOLVED,,REVIEW_REQUIRED,待資料負責人確認,UNKNOWN,NOT_ESTABLISHED,,,UNKNOWN_NOT_APPLICABLE_OR_NOT_RECORDED; DO_NOT_IMPUTE_ZERO,UNASSIGNED,PROPOSED_NO_MEASURED_ROI
Reference/tables/03_governance_monarchies/registry_sovereign_monarchies_20261004.csv,registry_sovereign_monarchies_20261004,10,succession_type,REFERENCE_DATA,3fd0c5492e9ac11a4a40c45b942b36d8f9e5a9c0ba6bbbc05807e1a2624e1b26,43,0,8,尚未完成欄位語義核實；需來源業務定義、單位、粒度與用途,UNRESOLVED,,REVIEW_REQUIRED,待資料負責人確認,UNKNOWN,NOT_ESTABLISHED,,,UNKNOWN_NOT_APPLICABLE_OR_NOT_RECORDED; DO_NOT_IMPUTE_ZERO,UNASSIGNED,PROPOSED_NO_MEASURED_ROI
Reference/tables/03_governance_monarchies/registry_sovereign_monarchies_20261004.csv,registry_sovereign_monarchies_20261004,11,as_of,REFERENCE_DATA,3fd0c5492e9ac11a4a40c45b942b36d8f9e5a9c0ba6bbbc05807e1a2624e1b26,43,0,1,資料截至／檢查／審核／搜索／取得時間；各欄依操作分別解讀，時區不可猜,PROPOSED_CONTEXT_REVIEW,build_semantic_catalog.py: explicit proposed glossary,REVIEW_REQUIRED,新鮮度與審核時點,SOURCE_DATE_OR_TIMESTAMP,NOT_ESTABLISHED,,,UNKNOWN_NOT_APPLICABLE_OR_NOT_RECORDED; DO_NOT_IMPUTE_ZERO,UNASSIGNED,PROPOSED_NO_MEASURED_ROI
Reference/tables/03_governance_monarchies/registry_sovereign_monarchies_20261004.csv,registry_sovereign_monarchies_20261004,12,source,REFERENCE_DATA,3fd0c5492e9ac11a4a40c45b942b36d8f9e5a9c0ba6bbbc05807e1a2624e1b26,43,0,30,尚未完成欄位語義核實；需來源業務定義、單位、粒度與用途,UNRESOLVED,,REVIEW_REQUIRED,待資料負責人確認,UNKNOWN,NOT_ESTABLISHED,,,UNKNOWN_NOT_APPLICABLE_OR_NOT_RECORDED; DO_NOT_IMPUTE_ZERO,UNASSIGNED,PROPOSED_NO_MEASURED_ROI
Reference/tables/04_gaming_catalogue/大秦赋算筹_游戏下载清单_20261002.csv,大秦赋算筹_游戏下载清单_20261002,1,序号,REFERENCE_DATA,a75645a124a52f2a8f46c8d056eeb25250751124d5ae90ae4f7842b81ad530b2,37,0,37,尚未完成欄位語義核實；需來源業務定義、單位、粒度與用途,UNRESOLVED,,REVIEW_REQUIRED,待資料負責人確認,UNKNOWN,NOT_ESTABLISHED,,,UNKNOWN_NOT_APPLICABLE_OR_NOT_RECORDED; DO_NOT_IMPUTE_ZERO,UNASSIGNED,PROPOSED_NO_MEASURED_ROI
Reference/tables/04_gaming_catalogue/大秦赋算筹_游戏下载清单_20261002.csv,大秦赋算筹_游戏下载清单_20261002,2,游戏,REFERENCE_DATA,a75645a124a52f2a8f46c8d056eeb25250751124d5ae90ae4f7842b81ad530b2,37,0,37,尚未完成欄位語義核實；需來源業務定義、單位、粒度與用途,UNRESOLVED,,REVIEW_REQUIRED,待資料負責人確認,UNKNOWN,NOT_ESTABLISHED,,,UNKNOWN_NOT_APPLICABLE_OR_NOT_RECORDED; DO_NOT_IMPUTE_ZERO,UNASSIGNED,PROPOSED_NO_MEASURED_ROI
Reference/tables/04_gaming_catalogue/大秦赋算筹_游戏下载清单_20261002.csv,大秦赋算筹_游戏下载清单_20261002,3,官方出处,REFERENCE_DATA,a75645a124a52f2a8f46c8d056eeb25250751124d5ae90ae4f7842b81ad530b2,37,1,36,尚未完成欄位語義核實；需來源業務定義、單位、粒度與用途,UNRESOLVED,,REVIEW_REQUIRED,待資料負責人確認,UNKNOWN,NOT_ESTABLISHED,,,UNKNOWN_NOT_APPLICABLE_OR_NOT_RECORDED; DO_NOT_IMPUTE_ZERO,UNASSIGNED,PROPOSED_NO_MEASURED_ROI
Reference/tables/04_gaming_catalogue/大秦赋算筹_游戏下载清单_20261002.csv,大秦赋算筹_游戏下载清单_20261002,4,处理结果,REFERENCE_DATA,a75645a124a52f2a8f46c8d056eeb25250751124d5ae90ae4f7842b81ad530b2,37,0,11,尚未完成欄位語義核實；需來源業務定義、單位、粒度與用途,UNRESOLVED,,REVIEW_REQUIRED,待資料負責人確認,UNKNOWN,NOT_ESTABLISHED,,,UNKNOWN_NOT_APPLICABLE_OR_NOT_RECORDED; DO_NOT_IMPUTE_ZERO,UNASSIGNED,PROPOSED_NO_MEASURED_ROI
Reference/tables/04_gaming_catalogue/大秦赋算筹_游戏下载清单_20261002.csv,大秦赋算筹_游戏下载清单_20261002,5,安装包已下载,REFERENCE_DATA,a75645a124a52f2a8f46c8d056eeb25250751124d5ae90ae4f7842b81ad530b2,37,0,2,尚未完成欄位語義核實；需來源業務定義、單位、粒度與用途,UNRESOLVED,,REVIEW_REQUIRED,待資料負責人確認,UNKNOWN,NOT_ESTABLISHED,,,UNKNOWN_NOT_APPLICABLE_OR_NOT_RECORDED; DO_NOT_IMPUTE_ZERO,UNASSIGNED,PROPOSED_NO_MEASURED_ROI
Reference/tables/05_realworld_ecosystems_20261004/industry_chain_contracts.csv,industry_chain_contracts,1,stage_id,REFERENCE_DATA,0f65be6393be197e7af0734c1bbc04d75bff10b430d8ae410b69fbf561563b90,9,0,9,尚未完成欄位語義核實；需來源業務定義、單位、粒度與用途,UNRESOLVED,,REVIEW_REQUIRED,待資料負責人確認,UNKNOWN,NOT_ESTABLISHED,,,UNKNOWN_NOT_APPLICABLE_OR_NOT_RECORDED; DO_NOT_IMPUTE_ZERO,UNASSIGNED,PROPOSED_NO_MEASURED_ROI
Reference/tables/05_realworld_ecosystems_20261004/industry_chain_contracts.csv,industry_chain_contracts,2,stage,REFERENCE_DATA,0f65be6393be197e7af0734c1bbc04d75bff10b430d8ae410b69fbf561563b90,9,0,9,尚未完成欄位語義核實；需來源業務定義、單位、粒度與用途,UNRESOLVED,,REVIEW_REQUIRED,待資料負責人確認,UNKNOWN,NOT_ESTABLISHED,,,UNKNOWN_NOT_APPLICABLE_OR_NOT_RECORDED; DO_NOT_IMPUTE_ZERO,UNASSIGNED,PROPOSED_NO_MEASURED_ROI
Reference/tables/05_realworld_ecosystems_20261004/industry_chain_contracts.csv,industry_chain_contracts,3,required_evidence,REFERENCE_DATA,0f65be6393be197e7af0734c1bbc04d75bff10b430d8ae410b69fbf561563b90,9,0,9,尚未完成欄位語義核實；需來源業務定義、單位、粒度與用途,UNRESOLVED,,REVIEW_REQUIRED,待資料負責人確認,UNKNOWN,NOT_ESTABLISHED,,,UNKNOWN_NOT_APPLICABLE_OR_NOT_RECORDED; DO_NOT_IMPUTE_ZERO,UNASSIGNED,PROPOSED_NO_MEASURED_ROI
Reference/tables/05_realworld_ecosystems_20261004/industry_chain_contracts.csv,industry_chain_contracts,4,join_keys,REFERENCE_DATA,0f65be6393be197e7af0734c1bbc04d75bff10b430d8ae410b69fbf561563b90,9,0,9,尚未完成欄位語義核實；需來源業務定義、單位、粒度與用途,UNRESOLVED,,REVIEW_REQUIRED,待資料負責人確認,UNKNOWN,NOT_ESTABLISHED,,,UNKNOWN_NOT_APPLICABLE_OR_NOT_RECORDED; DO_NOT_IMPUTE_ZERO,UNASSIGNED,PROPOSED_NO_MEASURED_ROI
Reference/tables/05_realworld_ecosystems_20261004/industry_chain_contracts.csv,industry_chain_contracts,5,status,REFERENCE_DATA,0f65be6393be197e7af0734c1bbc04d75bff10b430d8ae410b69fbf561563b90,9,0,1,尚未完成欄位語義核實；需來源業務定義、單位、粒度與用途,UNRESOLVED,,REVIEW_REQUIRED,待資料負責人確認,UNKNOWN,NOT_ESTABLISHED,,,UNKNOWN_NOT_APPLICABLE_OR_NOT_RECORDED; DO_NOT_IMPUTE_ZERO,UNASSIGNED,PROPOSED_NO_MEASURED_ROI
Reference/tables/05_realworld_ecosystems_20261004/industry_chain_contracts.csv,industry_chain_contracts,6,operational_scope,REFERENCE_DATA,0f65be6393be197e7af0734c1bbc04d75bff10b430d8ae410b69fbf561563b90,9,0,1,尚未完成欄位語義核實；需來源業務定義、單位、粒度與用途,UNRESOLVED,,REVIEW_REQUIRED,待資料負責人確認,UNKNOWN,NOT_ESTABLISHED,,,UNKNOWN_NOT_APPLICABLE_OR_NOT_RECORDED; DO_NOT_IMPUTE_ZERO,UNASSIGNED,PROPOSED_NO_MEASURED_ROI
Reference/tables/05_realworld_ecosystems_20261004/provider_capabilities.csv,provider_capabilities,1,record_id,REFERENCE_DATA,e639794024591ca4179eb71c63d7c1f184df3c8904f7f268119e08cb9f5a2fde,18,0,18,尚未完成欄位語義核實；需來源業務定義、單位、粒度與用途,UNRESOLVED,,REVIEW_REQUIRED,待資料負責人確認,UNKNOWN,NOT_ESTABLISHED,,,UNKNOWN_NOT_APPLICABLE_OR_NOT_RECORDED; DO_NOT_IMPUTE_ZERO,UNASSIGNED,PROPOSED_NO_MEASURED_ROI
Reference/tables/05_realworld_ecosystems_20261004/provider_capabilities.csv,provider_capabilities,2,provider_label,REFERENCE_DATA,e639794024591ca4179eb71c63d7c1f184df3c8904f7f268119e08cb9f5a2fde,18,0,18,尚未完成欄位語義核實；需來源業務定義、單位、粒度與用途,UNRESOLVED,,REVIEW_REQUIRED,待資料負責人確認,UNKNOWN,NOT_ESTABLISHED,,,UNKNOWN_NOT_APPLICABLE_OR_NOT_RECORDED; DO_NOT_IMPUTE_ZERO,UNASSIGNED,PROPOSED_NO_MEASURED_ROI
Reference/tables/05_realworld_ecosystems_20261004/provider_capabilities.csv,provider_capabilities,3,legal_entity_resolution,REFERENCE_DATA,e639794024591ca4179eb71c63d7c1f184df3c8904f7f268119e08cb9f5a2fde,18,0,1,尚未完成欄位語義核實；需來源業務定義、單位、粒度與用途,UNRESOLVED,,REVIEW_REQUIRED,待資料負責人確認,UNKNOWN,NOT_ESTABLISHED,,,UNKNOWN_NOT_APPLICABLE_OR_NOT_RECORDED; DO_NOT_IMPUTE_ZERO,UNASSIGNED,PROPOSED_NO_MEASURED_ROI
Reference/tables/05_realworld_ecosystems_20261004/provider_capabilities.csv,provider_capabilities,4,domain,REFERENCE_DATA,e639794024591ca4179eb71c63d7c1f184df3c8904f7f268119e08cb9f5a2fde,18,0,13,尚未完成欄位語義核實；需來源業務定義、單位、粒度與用途,UNRESOLVED,,REVIEW_REQUIRED,待資料負責人確認,UNKNOWN,NOT_ESTABLISHED,,,UNKNOWN_NOT_APPLICABLE_OR_NOT_RECORDED; DO_NOT_IMPUTE_ZERO,UNASSIGNED,PROPOSED_NO_MEASURED_ROI
Reference/tables/05_realworld_ecosystems_20261004/provider_capabilities.csv,provider_capabilities,5,product_or_service,REFERENCE_DATA,e639794024591ca4179eb71c63d7c1f184df3c8904f7f268119e08cb9f5a2fde,18,0,18,尚未完成欄位語義核實；需來源業務定義、單位、粒度與用途,UNRESOLVED,,REVIEW_REQUIRED,待資料負責人確認,UNKNOWN,NOT_ESTABLISHED,,,UNKNOWN_NOT_APPLICABLE_OR_NOT_RECORDED; DO_NOT_IMPUTE_ZERO,UNASSIGNED,PROPOSED_NO_MEASURED_ROI
Reference/tables/05_realworld_ecosystems_20261004/provider_capabilities.csv,provider_capabilities,6,capability,REFERENCE_DATA,e639794024591ca4179eb71c63d7c1f184df3c8904f7f268119e08cb9f5a2fde,18,0,18,尚未完成欄位語義核實；需來源業務定義、單位、粒度與用途,UNRESOLVED,,REVIEW_REQUIRED,待資料負責人確認,UNKNOWN,NOT_ESTABLISHED,,,UNKNOWN_NOT_APPLICABLE_OR_NOT_RECORDED; DO_NOT_IMPUTE_ZERO,UNASSIGNED,PROPOSED_NO_MEASURED_ROI
Reference/tables/05_realworld_ecosystems_20261004/provider_capabilities.csv,provider_capabilities,7,chain_role,REFERENCE_DATA,e639794024591ca4179eb71c63d7c1f184df3c8904f7f268119e08cb9f5a2fde,18,0,18,尚未完成欄位語義核實；需來源業務定義、單位、粒度與用途,UNRESOLVED,,REVIEW_REQUIRED,待資料負責人確認,UNKNOWN,NOT_ESTABLISHED,,,UNKNOWN_NOT_APPLICABLE_OR_NOT_RECORDED; DO_NOT_IMPUTE_ZERO,UNASSIGNED,PROPOSED_NO_MEASURED_ROI
Reference/tables/05_realworld_ecosystems_20261004/provider_capabilities.csv,provider_capabilities,8,source_id,REFERENCE_DATA,e639794024591ca4179eb71c63d7c1f184df3c8904f7f268119e08cb9f5a2fde,18,0,18,來源登記鍵；僅指來源，不代表該來源全部說法已核實,PROPOSED_CONTEXT_REVIEW,build_semantic_catalog.py: explicit proposed glossary,REVIEW_REQUIRED,主張證據追溯,NOT_APPLICABLE,NOT_ESTABLISHED,,,UNKNOWN_NOT_APPLICABLE_OR_NOT_RECORDED; DO_NOT_IMPUTE_ZERO,UNASSIGNED,PROPOSED_NO_MEASURED_ROI
Reference/tables/05_realworld_ecosystems_20261004/provider_capabilities.csv,provider_capabilities,9,evidence_state,REFERENCE_DATA,e639794024591ca4179eb71c63d7c1f184df3c8904f7f268119e08cb9f5a2fde,18,0,1,特定記錄或主張的證據狀態；VERIFIED 僅限可定位範圍,PROPOSED_CONTEXT_REVIEW,build_semantic_catalog.py: explicit proposed glossary,REVIEW_REQUIRED,隔離未知、宣稱與核實,NOT_APPLICABLE,NOT_ESTABLISHED,,,UNKNOWN_NOT_APPLICABLE_OR_NOT_RECORDED; DO_NOT_IMPUTE_ZERO,UNASSIGNED,PROPOSED_NO_MEASURED_ROI
Reference/tables/05_realworld_ecosystems_20261004/provider_capabilities.csv,provider_capabilities,10,performance_state,REFERENCE_DATA,e639794024591ca4179eb71c63d7c1f184df3c8904f7f268119e08cb9f5a2fde,18,0,1,性能主張或獨立性能驗證狀態；不是性能數值,PROPOSED_CONTEXT_REVIEW,build_semantic_catalog.py: explicit proposed glossary,REVIEW_REQUIRED,避免宣傳數字冒充測試,NOT_APPLICABLE,NOT_ESTABLISHED,,,UNKNOWN_NOT_APPLICABLE_OR_NOT_RECORDED; DO_NOT_IMPUTE_ZERO,UNASSIGNED,PROPOSED_NO_MEASURED_ROI
Reference/tables/05_realworld_ecosystems_20261004/provider_capabilities.csv,provider_capabilities,11,world_scope,REFERENCE_DATA,e639794024591ca4179eb71c63d7c1f184df3c8904f7f268119e08cb9f5a2fde,18,0,1,尚未完成欄位語義核實；需來源業務定義、單位、粒度與用途,UNRESOLVED,,REVIEW_REQUIRED,待資料負責人確認,UNKNOWN,NOT_ESTABLISHED,,,UNKNOWN_NOT_APPLICABLE_OR_NOT_RECORDED; DO_NOT_IMPUTE_ZERO,UNASSIGNED,PROPOSED_NO_MEASURED_ROI
Reference/tables/05_realworld_ecosystems_20261004/provider_capabilities.csv,provider_capabilities,12,as_of,REFERENCE_DATA,e639794024591ca4179eb71c63d7c1f184df3c8904f7f268119e08cb9f5a2fde,18,0,1,資料截至／檢查／審核／搜索／取得時間；各欄依操作分別解讀，時區不可猜,PROPOSED_CONTEXT_REVIEW,build_semantic_catalog.py: explicit proposed glossary,REVIEW_REQUIRED,新鮮度與審核時點,SOURCE_DATE_OR_TIMESTAMP,NOT_ESTABLISHED,,,UNKNOWN_NOT_APPLICABLE_OR_NOT_RECORDED; DO_NOT_IMPUTE_ZERO,UNASSIGNED,PROPOSED_NO_MEASURED_ROI
Reference/tables/05_realworld_ecosystems_20261004/public_relationships.csv,public_relationships,1,relation_id,REFERENCE_DATA,8af2fca884d195f3fdee346ab7359181641a926eedbe2d1709f02791e8f22d31,2,0,2,尚未完成欄位語義核實；需來源業務定義、單位、粒度與用途,UNRESOLVED,,REVIEW_REQUIRED,待資料負責人確認,UNKNOWN,NOT_ESTABLISHED,,,UNKNOWN_NOT_APPLICABLE_OR_NOT_RECORDED; DO_NOT_IMPUTE_ZERO,UNASSIGNED,PROPOSED_NO_MEASURED_ROI
Reference/tables/05_realworld_ecosystems_20261004/public_relationships.csv,public_relationships,2,subject,REFERENCE_DATA,8af2fca884d195f3fdee346ab7359181641a926eedbe2d1709f02791e8f22d31,2,0,2,尚未完成欄位語義核實；需來源業務定義、單位、粒度與用途,UNRESOLVED,,REVIEW_REQUIRED,待資料負責人確認,UNKNOWN,NOT_ESTABLISHED,,,UNKNOWN_NOT_APPLICABLE_OR_NOT_RECORDED; DO_NOT_IMPUTE_ZERO,UNASSIGNED,PROPOSED_NO_MEASURED_ROI
Reference/tables/05_realworld_ecosystems_20261004/public_relationships.csv,public_relationships,3,object,REFERENCE_DATA,8af2fca884d195f3fdee346ab7359181641a926eedbe2d1709f02791e8f22d31,2,0,2,尚未完成欄位語義核實；需來源業務定義、單位、粒度與用途,UNRESOLVED,,REVIEW_REQUIRED,待資料負責人確認,UNKNOWN,NOT_ESTABLISHED,,,UNKNOWN_NOT_APPLICABLE_OR_NOT_RECORDED; DO_NOT_IMPUTE_ZERO,UNASSIGNED,PROPOSED_NO_MEASURED_ROI
Reference/tables/05_realworld_ecosystems_20261004/public_relationships.csv,public_relationships,4,relation_type,REFERENCE_DATA,8af2fca884d195f3fdee346ab7359181641a926eedbe2d1709f02791e8f22d31,2,0,2,尚未完成欄位語義核實；需來源業務定義、單位、粒度與用途,UNRESOLVED,,REVIEW_REQUIRED,待資料負責人確認,UNKNOWN,NOT_ESTABLISHED,,,UNKNOWN_NOT_APPLICABLE_OR_NOT_RECORDED; DO_NOT_IMPUTE_ZERO,UNASSIGNED,PROPOSED_NO_MEASURED_ROI
Reference/tables/05_realworld_ecosystems_20261004/public_relationships.csv,public_relationships,5,source_id,REFERENCE_DATA,8af2fca884d195f3fdee346ab7359181641a926eedbe2d1709f02791e8f22d31,2,0,2,來源登記鍵；僅指來源，不代表該來源全部說法已核實,PROPOSED_CONTEXT_REVIEW,build_semantic_catalog.py: explicit proposed glossary,REVIEW_REQUIRED,主張證據追溯,NOT_APPLICABLE,NOT_ESTABLISHED,,,UNKNOWN_NOT_APPLICABLE_OR_NOT_RECORDED; DO_NOT_IMPUTE_ZERO,UNASSIGNED,PROPOSED_NO_MEASURED_ROI
Reference/tables/05_realworld_ecosystems_20261004/public_relationships.csv,public_relationships,6,source_date,REFERENCE_DATA,8af2fca884d195f3fdee346ab7359181641a926eedbe2d1709f02791e8f22d31,2,1,1,尚未完成欄位語義核實；需來源業務定義、單位、粒度與用途,UNRESOLVED,,REVIEW_REQUIRED,待資料負責人確認,UNKNOWN,NOT_ESTABLISHED,,,UNKNOWN_NOT_APPLICABLE_OR_NOT_RECORDED; DO_NOT_IMPUTE_ZERO,UNASSIGNED,PROPOSED_NO_MEASURED_ROI
Reference/tables/05_realworld_ecosystems_20261004/public_relationships.csv,public_relationships,7,checked_on,REFERENCE_DATA,8af2fca884d195f3fdee346ab7359181641a926eedbe2d1709f02791e8f22d31,2,0,1,資料截至／檢查／審核／搜索／取得時間；各欄依操作分別解讀，時區不可猜,PROPOSED_CONTEXT_REVIEW,build_semantic_catalog.py: explicit proposed glossary,REVIEW_REQUIRED,新鮮度與審核時點,SOURCE_DATE_OR_TIMESTAMP,NOT_ESTABLISHED,,,UNKNOWN_NOT_APPLICABLE_OR_NOT_RECORDED; DO_NOT_IMPUTE_ZERO,UNASSIGNED,PROPOSED_NO_MEASURED_ROI
Reference/tables/05_realworld_ecosystems_20261004/public_relationships.csv,public_relationships,8,contract_value,REFERENCE_DATA,8af2fca884d195f3fdee346ab7359181641a926eedbe2d1709f02791e8f22d31,2,2,0,尚未完成欄位語義核實；需來源業務定義、單位、粒度與用途,UNRESOLVED,,REVIEW_REQUIRED,待資料負責人確認,UNKNOWN,NOT_ESTABLISHED,,,UNKNOWN_NOT_APPLICABLE_OR_NOT_RECORDED; DO_NOT_IMPUTE_ZERO,UNASSIGNED,PROPOSED_NO_MEASURED_ROI
Reference/tables/05_realworld_ecosystems_20261004/public_relationships.csv,public_relationships,9,supplier_tier,REFERENCE_DATA,8af2fca884d195f3fdee346ab7359181641a926eedbe2d1709f02791e8f22d31,2,2,0,尚未完成欄位語義核實；需來源業務定義、單位、粒度與用途,UNRESOLVED,,REVIEW_REQUIRED,待資料負責人確認,UNKNOWN,NOT_ESTABLISHED,,,UNKNOWN_NOT_APPLICABLE_OR_NOT_RECORDED; DO_NOT_IMPUTE_ZERO,UNASSIGNED,PROPOSED_NO_MEASURED_ROI
Reference/tables/05_realworld_ecosystems_20261004/public_relationships.csv,public_relationships,10,scope,REFERENCE_DATA,8af2fca884d195f3fdee346ab7359181641a926eedbe2d1709f02791e8f22d31,2,0,2,尚未完成欄位語義核實；需來源業務定義、單位、粒度與用途,UNRESOLVED,,REVIEW_REQUIRED,待資料負責人確認,UNKNOWN,NOT_ESTABLISHED,,,UNKNOWN_NOT_APPLICABLE_OR_NOT_RECORDED; DO_NOT_IMPUTE_ZERO,UNASSIGNED,PROPOSED_NO_MEASURED_ROI
Reference/tables/05_realworld_ecosystems_20261004/realworld_observations.csv,realworld_observations,1,observation_id,REFERENCE_DATA,cd19296d09be0bc422e2a5cfafeb88194fb28d3f77d70eabcc9f8a9b8ae8f449,8,0,8,尚未完成欄位語義核實；需來源業務定義、單位、粒度與用途,UNRESOLVED,,REVIEW_REQUIRED,待資料負責人確認,UNKNOWN,NOT_ESTABLISHED,,,UNKNOWN_NOT_APPLICABLE_OR_NOT_RECORDED; DO_NOT_IMPUTE_ZERO,UNASSIGNED,PROPOSED_NO_MEASURED_ROI
Reference/tables/05_realworld_ecosystems_20261004/realworld_observations.csv,realworld_observations,2,region_or_country,REFERENCE_DATA,cd19296d09be0bc422e2a5cfafeb88194fb28d3f77d70eabcc9f8a9b8ae8f449,8,0,5,尚未完成欄位語義核實；需來源業務定義、單位、粒度與用途,UNRESOLVED,,REVIEW_REQUIRED,待資料負責人確認,UNKNOWN,NOT_ESTABLISHED,,,UNKNOWN_NOT_APPLICABLE_OR_NOT_RECORDED; DO_NOT_IMPUTE_ZERO,UNASSIGNED,PROPOSED_NO_MEASURED_ROI
Reference/tables/05_realworld_ecosystems_20261004/realworld_observations.csv,realworld_observations,3,metric,REFERENCE_DATA,cd19296d09be0bc422e2a5cfafeb88194fb28d3f77d70eabcc9f8a9b8ae8f449,8,0,3,尚未完成欄位語義核實；需來源業務定義、單位、粒度與用途,UNRESOLVED,,REVIEW_REQUIRED,待資料負責人確認,UNKNOWN,NOT_ESTABLISHED,,,UNKNOWN_NOT_APPLICABLE_OR_NOT_RECORDED; DO_NOT_IMPUTE_ZERO,UNASSIGNED,PROPOSED_NO_MEASURED_ROI
Reference/tables/05_realworld_ecosystems_20261004/realworld_observations.csv,realworld_observations,4,value,REFERENCE_DATA,cd19296d09be0bc422e2a5cfafeb88194fb28d3f77d70eabcc9f8a9b8ae8f449,8,0,8,尚未完成欄位語義核實；需來源業務定義、單位、粒度與用途,UNRESOLVED,,REVIEW_REQUIRED,待資料負責人確認,UNKNOWN,NOT_ESTABLISHED,,,UNKNOWN_NOT_APPLICABLE_OR_NOT_RECORDED; DO_NOT_IMPUTE_ZERO,UNASSIGNED,PROPOSED_NO_MEASURED_ROI
Reference/tables/05_realworld_ecosystems_20261004/realworld_observations.csv,realworld_observations,5,unit,REFERENCE_DATA,cd19296d09be0bc422e2a5cfafeb88194fb28d3f77d70eabcc9f8a9b8ae8f449,8,0,2,值的單位；不能從欄名或數值大小猜測單位,PROPOSED_CONTEXT_REVIEW,build_semantic_catalog.py: explicit proposed glossary,REVIEW_REQUIRED,避免量綱錯誤,UNIT_LABEL,NOT_ESTABLISHED,,,UNKNOWN_NOT_APPLICABLE_OR_NOT_RECORDED; DO_NOT_IMPUTE_ZERO,UNASSIGNED,PROPOSED_NO_MEASURED_ROI
Reference/tables/05_realworld_ecosystems_20261004/realworld_observations.csv,realworld_observations,6,comparison_base,REFERENCE_DATA,cd19296d09be0bc422e2a5cfafeb88194fb28d3f77d70eabcc9f8a9b8ae8f449,8,5,2,尚未完成欄位語義核實；需來源業務定義、單位、粒度與用途,UNRESOLVED,,REVIEW_REQUIRED,待資料負責人確認,UNKNOWN,NOT_ESTABLISHED,,,UNKNOWN_NOT_APPLICABLE_OR_NOT_RECORDED; DO_NOT_IMPUTE_ZERO,UNASSIGNED,PROPOSED_NO_MEASURED_ROI
Reference/tables/05_realworld_ecosystems_20261004/realworld_observations.csv,realworld_observations,7,observation_period,REFERENCE_DATA,cd19296d09be0bc422e2a5cfafeb88194fb28d3f77d70eabcc9f8a9b8ae8f449,8,0,1,尚未完成欄位語義核實；需來源業務定義、單位、粒度與用途,UNRESOLVED,,REVIEW_REQUIRED,待資料負責人確認,UNKNOWN,NOT_ESTABLISHED,,,UNKNOWN_NOT_APPLICABLE_OR_NOT_RECORDED; DO_NOT_IMPUTE_ZERO,UNASSIGNED,PROPOSED_NO_MEASURED_ROI
Reference/tables/05_realworld_ecosystems_20261004/realworld_observations.csv,realworld_observations,8,published_on,REFERENCE_DATA,cd19296d09be0bc422e2a5cfafeb88194fb28d3f77d70eabcc9f8a9b8ae8f449,8,0,1,尚未完成欄位語義核實；需來源業務定義、單位、粒度與用途,UNRESOLVED,,REVIEW_REQUIRED,待資料負責人確認,UNKNOWN,NOT_ESTABLISHED,,,UNKNOWN_NOT_APPLICABLE_OR_NOT_RECORDED; DO_NOT_IMPUTE_ZERO,UNASSIGNED,PROPOSED_NO_MEASURED_ROI
Reference/tables/05_realworld_ecosystems_20261004/realworld_observations.csv,realworld_observations,9,checked_on,REFERENCE_DATA,cd19296d09be0bc422e2a5cfafeb88194fb28d3f77d70eabcc9f8a9b8ae8f449,8,0,1,資料截至／檢查／審核／搜索／取得時間；各欄依操作分別解讀，時區不可猜,PROPOSED_CONTEXT_REVIEW,build_semantic_catalog.py: explicit proposed glossary,REVIEW_REQUIRED,新鮮度與審核時點,SOURCE_DATE_OR_TIMESTAMP,NOT_ESTABLISHED,,,UNKNOWN_NOT_APPLICABLE_OR_NOT_RECORDED; DO_NOT_IMPUTE_ZERO,UNASSIGNED,PROPOSED_NO_MEASURED_ROI
Reference/tables/05_realworld_ecosystems_20261004/realworld_observations.csv,realworld_observations,10,price_basis,REFERENCE_DATA,cd19296d09be0bc422e2a5cfafeb88194fb28d3f77d70eabcc9f8a9b8ae8f449,8,0,3,尚未完成欄位語義核實；需來源業務定義、單位、粒度與用途,UNRESOLVED,,REVIEW_REQUIRED,待資料負責人確認,UNKNOWN,NOT_ESTABLISHED,,,UNKNOWN_NOT_APPLICABLE_OR_NOT_RECORDED; DO_NOT_IMPUTE_ZERO,UNASSIGNED,PROPOSED_NO_MEASURED_ROI
Reference/tables/05_realworld_ecosystems_20261004/realworld_observations.csv,realworld_observations,11,source_id,REFERENCE_DATA,cd19296d09be0bc422e2a5cfafeb88194fb28d3f77d70eabcc9f8a9b8ae8f449,8,0,1,來源登記鍵；僅指來源，不代表該來源全部說法已核實,PROPOSED_CONTEXT_REVIEW,build_semantic_catalog.py: explicit proposed glossary,REVIEW_REQUIRED,主張證據追溯,NOT_APPLICABLE,NOT_ESTABLISHED,,,UNKNOWN_NOT_APPLICABLE_OR_NOT_RECORDED; DO_NOT_IMPUTE_ZERO,UNASSIGNED,PROPOSED_NO_MEASURED_ROI
Reference/tables/05_realworld_ecosystems_20261004/realworld_observations.csv,realworld_observations,12,evidence_state,REFERENCE_DATA,cd19296d09be0bc422e2a5cfafeb88194fb28d3f77d70eabcc9f8a9b8ae8f449,8,0,1,特定記錄或主張的證據狀態；VERIFIED 僅限可定位範圍,PROPOSED_CONTEXT_REVIEW,build_semantic_catalog.py: explicit proposed glossary,REVIEW_REQUIRED,隔離未知、宣稱與核實,NOT_APPLICABLE,NOT_ESTABLISHED,,,UNKNOWN_NOT_APPLICABLE_OR_NOT_RECORDED; DO_NOT_IMPUTE_ZERO,UNASSIGNED,PROPOSED_NO_MEASURED_ROI
Reference/tables/05_realworld_ecosystems_20261004/realworld_observations.csv,realworld_observations,13,limitation,REFERENCE_DATA,cd19296d09be0bc422e2a5cfafeb88194fb28d3f77d70eabcc9f8a9b8ae8f449,8,0,1,尚未完成欄位語義核實；需來源業務定義、單位、粒度與用途,UNRESOLVED,,REVIEW_REQUIRED,待資料負責人確認,UNKNOWN,NOT_ESTABLISHED,,,UNKNOWN_NOT_APPLICABLE_OR_NOT_RECORDED; DO_NOT_IMPUTE_ZERO,UNASSIGNED,PROPOSED_NO_MEASURED_ROI
Reference/tables/05_realworld_ecosystems_20261004/sources.csv,sources,1,source_id,REFERENCE_DATA,a155dfdfadc27225276578b4f3fd9b02ea9b93bd0377eabd2f239cd4e8200290,21,0,21,來源登記鍵；僅指來源，不代表該來源全部說法已核實,PROPOSED_CONTEXT_REVIEW,build_semantic_catalog.py: explicit proposed glossary,REVIEW_REQUIRED,主張證據追溯,NOT_APPLICABLE,NOT_ESTABLISHED,,,UNKNOWN_NOT_APPLICABLE_OR_NOT_RECORDED; DO_NOT_IMPUTE_ZERO,UNASSIGNED,PROPOSED_NO_MEASURED_ROI
Reference/tables/05_realworld_ecosystems_20261004/sources.csv,sources,2,publisher,REFERENCE_DATA,a155dfdfadc27225276578b4f3fd9b02ea9b93bd0377eabd2f239cd4e8200290,21,0,21,尚未完成欄位語義核實；需來源業務定義、單位、粒度與用途,UNRESOLVED,,REVIEW_REQUIRED,待資料負責人確認,UNKNOWN,NOT_ESTABLISHED,,,UNKNOWN_NOT_APPLICABLE_OR_NOT_RECORDED; DO_NOT_IMPUTE_ZERO,UNASSIGNED,PROPOSED_NO_MEASURED_ROI
Reference/tables/05_realworld_ecosystems_20261004/sources.csv,sources,3,url,REFERENCE_DATA,a155dfdfadc27225276578b4f3fd9b02ea9b93bd0377eabd2f239cd4e8200290,21,0,21,來源位址、檔案或行號；連結存在不代表內容可讀或支持主張,PROPOSED_CONTEXT_REVIEW,build_semantic_catalog.py: explicit proposed glossary,REVIEW_REQUIRED,證據定位,NOT_APPLICABLE,NOT_ESTABLISHED,,,UNKNOWN_NOT_APPLICABLE_OR_NOT_RECORDED; DO_NOT_IMPUTE_ZERO,UNASSIGNED,PROPOSED_NO_MEASURED_ROI
Reference/tables/05_realworld_ecosystems_20261004/sources.csv,sources,4,checked_on,REFERENCE_DATA,a155dfdfadc27225276578b4f3fd9b02ea9b93bd0377eabd2f239cd4e8200290,21,0,1,資料截至／檢查／審核／搜索／取得時間；各欄依操作分別解讀，時區不可猜,PROPOSED_CONTEXT_REVIEW,build_semantic_catalog.py: explicit proposed glossary,REVIEW_REQUIRED,新鮮度與審核時點,SOURCE_DATE_OR_TIMESTAMP,NOT_ESTABLISHED,,,UNKNOWN_NOT_APPLICABLE_OR_NOT_RECORDED; DO_NOT_IMPUTE_ZERO,UNASSIGNED,PROPOSED_NO_MEASURED_ROI
Reference/tables/05_realworld_ecosystems_20261004/sources.csv,sources,5,published_on,REFERENCE_DATA,a155dfdfadc27225276578b4f3fd9b02ea9b93bd0377eabd2f239cd4e8200290,21,20,1,尚未完成欄位語義核實；需來源業務定義、單位、粒度與用途,UNRESOLVED,,REVIEW_REQUIRED,待資料負責人確認,UNKNOWN,NOT_ESTABLISHED,,,UNKNOWN_NOT_APPLICABLE_OR_NOT_RECORDED; DO_NOT_IMPUTE_ZERO,UNASSIGNED,PROPOSED_NO_MEASURED_ROI
Reference/tables/05_realworld_ecosystems_20261004/sources.csv,sources,6,source_tier,REFERENCE_DATA,a155dfdfadc27225276578b4f3fd9b02ea9b93bd0377eabd2f239cd4e8200290,21,0,2,尚未完成欄位語義核實；需來源業務定義、單位、粒度與用途,UNRESOLVED,,REVIEW_REQUIRED,待資料負責人確認,UNKNOWN,NOT_ESTABLISHED,,,UNKNOWN_NOT_APPLICABLE_OR_NOT_RECORDED; DO_NOT_IMPUTE_ZERO,UNASSIGNED,PROPOSED_NO_MEASURED_ROI
Reference/tables/05_realworld_ecosystems_20261004/sources.csv,sources,7,access_mode,REFERENCE_DATA,a155dfdfadc27225276578b4f3fd9b02ea9b93bd0377eabd2f239cd4e8200290,21,0,1,尚未完成欄位語義核實；需來源業務定義、單位、粒度與用途,UNRESOLVED,,REVIEW_REQUIRED,待資料負責人確認,UNKNOWN,NOT_ESTABLISHED,,,UNKNOWN_NOT_APPLICABLE_OR_NOT_RECORDED; DO_NOT_IMPUTE_ZERO,UNASSIGNED,PROPOSED_NO_MEASURED_ROI
Reference/tables/05_realworld_ecosystems_20261004/sources.csv,sources,8,raw_http_snapshot,REFERENCE_DATA,a155dfdfadc27225276578b4f3fd9b02ea9b93bd0377eabd2f239cd4e8200290,21,0,1,尚未完成欄位語義核實；需來源業務定義、單位、粒度與用途,UNRESOLVED,,REVIEW_REQUIRED,待資料負責人確認,UNKNOWN,NOT_ESTABLISHED,,,UNKNOWN_NOT_APPLICABLE_OR_NOT_RECORDED; DO_NOT_IMPUTE_ZERO,UNASSIGNED,PROPOSED_NO_MEASURED_ROI
Reference/tables/05_realworld_ecosystems_20261004/sources.csv,sources,9,scope,REFERENCE_DATA,a155dfdfadc27225276578b4f3fd9b02ea9b93bd0377eabd2f239cd4e8200290,21,0,21,尚未完成欄位語義核實；需來源業務定義、單位、粒度與用途,UNRESOLVED,,REVIEW_REQUIRED,待資料負責人確認,UNKNOWN,NOT_ESTABLISHED,,,UNKNOWN_NOT_APPLICABLE_OR_NOT_RECORDED; DO_NOT_IMPUTE_ZERO,UNASSIGNED,PROPOSED_NO_MEASURED_ROI
Reference/tables/05_realworld_ecosystems_20261004/sources.csv,sources,10,redistribution_license,REFERENCE_DATA,a155dfdfadc27225276578b4f3fd9b02ea9b93bd0377eabd2f239cd4e8200290,21,0,1,尚未完成欄位語義核實；需來源業務定義、單位、粒度與用途,UNRESOLVED,,REVIEW_REQUIRED,待資料負責人確認,UNKNOWN,NOT_ESTABLISHED,,,UNKNOWN_NOT_APPLICABLE_OR_NOT_RECORDED; DO_NOT_IMPUTE_ZERO,UNASSIGNED,PROPOSED_NO_MEASURED_ROI
Reference/tables/05_realworld_ecosystems_20261004/sources.csv,sources,11,training_permission,REFERENCE_DATA,a155dfdfadc27225276578b4f3fd9b02ea9b93bd0377eabd2f239cd4e8200290,21,0,1,授權審核狀態；需定位產品／資料／权重與版本,PROPOSED_CONTEXT_REVIEW,build_semantic_catalog.py: explicit proposed glossary,REVIEW_REQUIRED,用途准入,NOT_APPLICABLE,NOT_ESTABLISHED,,,UNKNOWN_NOT_APPLICABLE_OR_NOT_RECORDED; DO_NOT_IMPUTE_ZERO,UNASSIGNED,PROPOSED_NO_MEASURED_ROI
Reference/tables/05_realworld_ecosystems_20261004/sources.csv,sources,12,supremacy_verified,REFERENCE_DATA,a155dfdfadc27225276578b4f3fd9b02ea9b93bd0377eabd2f239cd4e8200290,21,0,1,尚未完成欄位語義核實；需來源業務定義、單位、粒度與用途,UNRESOLVED,,REVIEW_REQUIRED,待資料負責人確認,UNKNOWN,NOT_ESTABLISHED,,,UNKNOWN_NOT_APPLICABLE_OR_NOT_RECORDED; DO_NOT_IMPUTE_ZERO,UNASSIGNED,PROPOSED_NO_MEASURED_ROI
Reference/tables/06_frontier_ecosystem_20261006/registry_frontier_claims.csv,registry_frontier_claims,1,claim_id,REFERENCE_DATA,349271d46d80b12283f3c61ca30ae40f2538feb27cd60899b3ecb2f6481474e6,196,0,196,一項可定位主張的識別鍵；真偽與有效範圍另列,PROPOSED_CONTEXT_REVIEW,build_semantic_catalog.py: explicit proposed glossary,REVIEW_REQUIRED,主張審核與衝突管理,NOT_APPLICABLE,NOT_ESTABLISHED,,,UNKNOWN_NOT_APPLICABLE_OR_NOT_RECORDED; DO_NOT_IMPUTE_ZERO,UNASSIGNED,PROPOSED_NO_MEASURED_ROI
Reference/tables/06_frontier_ecosystem_20261006/registry_frontier_claims.csv,registry_frontier_claims,2,entity_id,REFERENCE_DATA,349271d46d80b12283f3c61ca30ae40f2538feb27cd60899b3ecb2f6481474e6,196,0,196,穩定內部實體識別鍵；命名空間及對象依所屬表，不以相似名稱自動合併,PROPOSED_CONTEXT_REVIEW,build_semantic_catalog.py: explicit proposed glossary,REVIEW_REQUIRED,跨表實體追溯,NOT_APPLICABLE,NOT_ESTABLISHED,,,UNKNOWN_NOT_APPLICABLE_OR_NOT_RECORDED; DO_NOT_IMPUTE_ZERO,UNASSIGNED,PROPOSED_NO_MEASURED_ROI
Reference/tables/06_frontier_ecosystem_20261006/registry_frontier_claims.csv,registry_frontier_claims,3,claim,REFERENCE_DATA,349271d46d80b12283f3c61ca30ae40f2538feb27cd60899b3ecb2f6481474e6,196,0,148,一項待審或歷史主張的文字；與其證據狀態一起使用,PROPOSED_CONTEXT_REVIEW,build_semantic_catalog.py: explicit proposed glossary,REVIEW_REQUIRED,保存研究命題,NOT_APPLICABLE,NOT_ESTABLISHED,,,UNKNOWN_NOT_APPLICABLE_OR_NOT_RECORDED; DO_NOT_IMPUTE_ZERO,UNASSIGNED,PROPOSED_NO_MEASURED_ROI
Reference/tables/06_frontier_ecosystem_20261006/registry_frontier_claims.csv,registry_frontier_claims,4,evidence_state,REFERENCE_DATA,349271d46d80b12283f3c61ca30ae40f2538feb27cd60899b3ecb2f6481474e6,196,0,2,特定記錄或主張的證據狀態；VERIFIED 僅限可定位範圍,PROPOSED_CONTEXT_REVIEW,build_semantic_catalog.py: explicit proposed glossary,REVIEW_REQUIRED,隔離未知、宣稱與核實,NOT_APPLICABLE,NOT_ESTABLISHED,,,UNKNOWN_NOT_APPLICABLE_OR_NOT_RECORDED; DO_NOT_IMPUTE_ZERO,UNASSIGNED,PROPOSED_NO_MEASURED_ROI
Reference/tables/06_frontier_ecosystem_20261006/registry_frontier_claims.csv,registry_frontier_claims,5,verification_scope,REFERENCE_DATA,349271d46d80b12283f3c61ca30ae40f2538feb27cd60899b3ecb2f6481474e6,196,0,2,核實涵蓋的主張、條件與邊界；不把公開描述擴展成性能或部署證明,PROPOSED_CONTEXT_REVIEW,build_semantic_catalog.py: explicit proposed glossary,REVIEW_REQUIRED,限定決策可信範圍,NOT_APPLICABLE,NOT_ESTABLISHED,,,UNKNOWN_NOT_APPLICABLE_OR_NOT_RECORDED; DO_NOT_IMPUTE_ZERO,UNASSIGNED,PROPOSED_NO_MEASURED_ROI
Reference/tables/06_frontier_ecosystem_20261006/registry_frontier_claims.csv,registry_frontier_claims,6,product_project_leads,REFERENCE_DATA,349271d46d80b12283f3c61ca30ae40f2538feb27cd60899b3ecb2f6481474e6,196,0,195,技術記錄鍵或產品／項目候選線索；候選不等於正式實體,PROPOSED_CONTEXT_REVIEW,build_semantic_catalog.py: explicit proposed glossary,REVIEW_REQUIRED,技術選型與後續查證,NOT_APPLICABLE,NOT_ESTABLISHED,,,UNKNOWN_NOT_APPLICABLE_OR_NOT_RECORDED; DO_NOT_IMPUTE_ZERO,UNASSIGNED,PROPOSED_NO_MEASURED_ROI
Reference/tables/06_frontier_ecosystem_20261006/registry_frontier_claims.csv,registry_frontier_claims,7,product_leads_state,REFERENCE_DATA,349271d46d80b12283f3c61ca30ae40f2538feb27cd60899b3ecb2f6481474e6,196,0,1,尚未完成欄位語義核實；需來源業務定義、單位、粒度與用途,UNRESOLVED,,REVIEW_REQUIRED,待資料負責人確認,UNKNOWN,NOT_ESTABLISHED,,,UNKNOWN_NOT_APPLICABLE_OR_NOT_RECORDED; DO_NOT_IMPUTE_ZERO,UNASSIGNED,PROPOSED_NO_MEASURED_ROI
Reference/tables/06_frontier_ecosystem_20261006/registry_frontier_claims.csv,registry_frontier_claims,8,performance_state,REFERENCE_DATA,349271d46d80b12283f3c61ca30ae40f2538feb27cd60899b3ecb2f6481474e6,196,0,1,性能主張或獨立性能驗證狀態；不是性能數值,PROPOSED_CONTEXT_REVIEW,build_semantic_catalog.py: explicit proposed glossary,REVIEW_REQUIRED,避免宣傳數字冒充測試,NOT_APPLICABLE,NOT_ESTABLISHED,,,UNKNOWN_NOT_APPLICABLE_OR_NOT_RECORDED; DO_NOT_IMPUTE_ZERO,UNASSIGNED,PROPOSED_NO_MEASURED_ROI
Reference/tables/06_frontier_ecosystem_20261006/registry_frontier_claims.csv,registry_frontier_claims,9,deployment_state,REFERENCE_DATA,349271d46d80b12283f3c61ca30ae40f2538feb27cd60899b3ecb2f6481474e6,196,0,1,部署證據狀態；產品存在不等於實際部署,PROPOSED_CONTEXT_REVIEW,build_semantic_catalog.py: explicit proposed glossary,REVIEW_REQUIRED,採用成熟度評估,NOT_APPLICABLE,NOT_ESTABLISHED,,,UNKNOWN_NOT_APPLICABLE_OR_NOT_RECORDED; DO_NOT_IMPUTE_ZERO,UNASSIGNED,PROPOSED_NO_MEASURED_ROI
Reference/tables/06_frontier_ecosystem_20261006/registry_frontier_claims.csv,registry_frontier_claims,10,regulatory_state,REFERENCE_DATA,349271d46d80b12283f3c61ca30ae40f2538feb27cd60899b3ecb2f6481474e6,196,0,1,監管狀態或其司法區；版次與日期需另定位,PROPOSED_CONTEXT_REVIEW,build_semantic_catalog.py: explicit proposed glossary,REVIEW_REQUIRED,臨床／採購條件評估,NOT_APPLICABLE,NOT_ESTABLISHED,,,UNKNOWN_NOT_APPLICABLE_OR_NOT_RECORDED; DO_NOT_IMPUTE_ZERO,UNASSIGNED,PROPOSED_NO_MEASURED_ROI
Reference/tables/06_frontier_ecosystem_20261006/registry_frontier_claims.csv,registry_frontier_claims,11,source_id,REFERENCE_DATA,349271d46d80b12283f3c61ca30ae40f2538feb27cd60899b3ecb2f6481474e6,196,7,189,來源登記鍵；僅指來源，不代表該來源全部說法已核實,PROPOSED_CONTEXT_REVIEW,build_semantic_catalog.py: explicit proposed glossary,REVIEW_REQUIRED,主張證據追溯,NOT_APPLICABLE,NOT_ESTABLISHED,,,UNKNOWN_NOT_APPLICABLE_OR_NOT_RECORDED; DO_NOT_IMPUTE_ZERO,UNASSIGNED,PROPOSED_NO_MEASURED_ROI
Reference/tables/06_frontier_ecosystem_20261006/registry_frontier_claims.csv,registry_frontier_claims,12,reviewed_on,REFERENCE_DATA,349271d46d80b12283f3c61ca30ae40f2538feb27cd60899b3ecb2f6481474e6,196,0,1,資料截至／檢查／審核／搜索／取得時間；各欄依操作分別解讀，時區不可猜,PROPOSED_CONTEXT_REVIEW,build_semantic_catalog.py: explicit proposed glossary,REVIEW_REQUIRED,新鮮度與審核時點,SOURCE_DATE_OR_TIMESTAMP,NOT_ESTABLISHED,,,UNKNOWN_NOT_APPLICABLE_OR_NOT_RECORDED; DO_NOT_IMPUTE_ZERO,UNASSIGNED,PROPOSED_NO_MEASURED_ROI
Reference/tables/06_frontier_ecosystem_20261006/registry_frontier_organizations.csv,registry_frontier_organizations,1,entity_id,REFERENCE_DATA,bfdcb90c9d7bb1f50d24076ccf286fbbaa0aa5da06403f3e2d66984da82a08f9,196,0,196,穩定內部實體識別鍵；命名空間及對象依所屬表，不以相似名稱自動合併,PROPOSED_CONTEXT_REVIEW,build_semantic_catalog.py: explicit proposed glossary,REVIEW_REQUIRED,跨表實體追溯,NOT_APPLICABLE,NOT_ESTABLISHED,,,UNKNOWN_NOT_APPLICABLE_OR_NOT_RECORDED; DO_NOT_IMPUTE_ZERO,UNASSIGNED,PROPOSED_NO_MEASURED_ROI
Reference/tables/06_frontier_ecosystem_20261006/registry_frontier_organizations.csv,registry_frontier_organizations,2,display_name,REFERENCE_DATA,bfdcb90c9d7bb1f50d24076ccf286fbbaa0aa5da06403f3e2d66984da82a08f9,196,0,196,尚未完成欄位語義核實；需來源業務定義、單位、粒度與用途,UNRESOLVED,,REVIEW_REQUIRED,待資料負責人確認,UNKNOWN,NOT_ESTABLISHED,,,UNKNOWN_NOT_APPLICABLE_OR_NOT_RECORDED; DO_NOT_IMPUTE_ZERO,UNASSIGNED,PROPOSED_NO_MEASURED_ROI
Reference/tables/06_frontier_ecosystem_20261006/registry_frontier_organizations.csv,registry_frontier_organizations,3,entity_type,REFERENCE_DATA,bfdcb90c9d7bb1f50d24076ccf286fbbaa0aa5da06403f3e2d66984da82a08f9,196,0,16,尚未完成欄位語義核實；需來源業務定義、單位、粒度與用途,UNRESOLVED,,REVIEW_REQUIRED,待資料負責人確認,UNKNOWN,NOT_ESTABLISHED,,,UNKNOWN_NOT_APPLICABLE_OR_NOT_RECORDED; DO_NOT_IMPUTE_ZERO,UNASSIGNED,PROPOSED_NO_MEASURED_ROI
Reference/tables/06_frontier_ecosystem_20261006/registry_frontier_organizations.csv,registry_frontier_organizations,4,primary_domain,REFERENCE_DATA,bfdcb90c9d7bb1f50d24076ccf286fbbaa0aa5da06403f3e2d66984da82a08f9,196,0,9,尚未完成欄位語義核實；需來源業務定義、單位、粒度與用途,UNRESOLVED,,REVIEW_REQUIRED,待資料負責人確認,UNKNOWN,NOT_ESTABLISHED,,,UNKNOWN_NOT_APPLICABLE_OR_NOT_RECORDED; DO_NOT_IMPUTE_ZERO,UNASSIGNED,PROPOSED_NO_MEASURED_ROI
Reference/tables/06_frontier_ecosystem_20261006/registry_frontier_organizations.csv,registry_frontier_organizations,5,country_candidate_iso_alpha2,REFERENCE_DATA,bfdcb90c9d7bb1f50d24076ccf286fbbaa0aa5da06403f3e2d66984da82a08f9,196,26,22,編輯候選國別關聯；不直接證明法律住所、部署國或國家能力,PROPOSED_CONTEXT_REVIEW,build_semantic_catalog.py: explicit proposed glossary,REVIEW_REQUIRED,國別查證候選,ISO_ALPHA2_CANDIDATE,NOT_ESTABLISHED,,,UNKNOWN_NOT_APPLICABLE_OR_NOT_RECORDED; DO_NOT_IMPUTE_ZERO,UNASSIGNED,PROPOSED_NO_MEASURED_ROI
Reference/tables/06_frontier_ecosystem_20261006/registry_frontier_organizations.csv,registry_frontier_organizations,6,country_assignment_status,REFERENCE_DATA,bfdcb90c9d7bb1f50d24076ccf286fbbaa0aa5da06403f3e2d66984da82a08f9,196,0,1,法人、住所或國別關係的獨立核實狀態；與機構存在不同,PROPOSED_CONTEXT_REVIEW,build_semantic_catalog.py: explicit proposed glossary,REVIEW_REQUIRED,法人與地理歸屬核實,NOT_APPLICABLE,NOT_ESTABLISHED,,,UNKNOWN_NOT_APPLICABLE_OR_NOT_RECORDED; DO_NOT_IMPUTE_ZERO,UNASSIGNED,PROPOSED_NO_MEASURED_ROI
Reference/tables/06_frontier_ecosystem_20261006/registry_frontier_organizations.csv,registry_frontier_organizations,7,legal_entity_status,REFERENCE_DATA,bfdcb90c9d7bb1f50d24076ccf286fbbaa0aa5da06403f3e2d66984da82a08f9,196,0,2,法人、住所或國別關係的獨立核實狀態；與機構存在不同,PROPOSED_CONTEXT_REVIEW,build_semantic_catalog.py: explicit proposed glossary,REVIEW_REQUIRED,法人與地理歸屬核實,NOT_APPLICABLE,NOT_ESTABLISHED,,,UNKNOWN_NOT_APPLICABLE_OR_NOT_RECORDED; DO_NOT_IMPUTE_ZERO,UNASSIGNED,PROPOSED_NO_MEASURED_ROI
Reference/tables/06_frontier_ecosystem_20261006/registry_frontier_organizations.csv,registry_frontier_organizations,8,selection_status,REFERENCE_DATA,bfdcb90c9d7bb1f50d24076ccf286fbbaa0aa5da06403f3e2d66984da82a08f9,196,0,1,尚未完成欄位語義核實；需來源業務定義、單位、粒度與用途,UNRESOLVED,,REVIEW_REQUIRED,待資料負責人確認,UNKNOWN,NOT_ESTABLISHED,,,UNKNOWN_NOT_APPLICABLE_OR_NOT_RECORDED; DO_NOT_IMPUTE_ZERO,UNASSIGNED,PROPOSED_NO_MEASURED_ROI
Reference/tables/06_frontier_ecosystem_20261006/registry_frontier_organizations.csv,registry_frontier_organizations,9,source_id,REFERENCE_DATA,bfdcb90c9d7bb1f50d24076ccf286fbbaa0aa5da06403f3e2d66984da82a08f9,196,7,189,來源登記鍵；僅指來源，不代表該來源全部說法已核實,PROPOSED_CONTEXT_REVIEW,build_semantic_catalog.py: explicit proposed glossary,REVIEW_REQUIRED,主張證據追溯,NOT_APPLICABLE,NOT_ESTABLISHED,,,UNKNOWN_NOT_APPLICABLE_OR_NOT_RECORDED; DO_NOT_IMPUTE_ZERO,UNASSIGNED,PROPOSED_NO_MEASURED_ROI
Reference/tables/06_frontier_ecosystem_20261006/registry_frontier_organizations.csv,registry_frontier_organizations,10,as_of,REFERENCE_DATA,bfdcb90c9d7bb1f50d24076ccf286fbbaa0aa5da06403f3e2d66984da82a08f9,196,0,1,資料截至／檢查／審核／搜索／取得時間；各欄依操作分別解讀，時區不可猜,PROPOSED_CONTEXT_REVIEW,build_semantic_catalog.py: explicit proposed glossary,REVIEW_REQUIRED,新鮮度與審核時點,SOURCE_DATE_OR_TIMESTAMP,NOT_ESTABLISHED,,,UNKNOWN_NOT_APPLICABLE_OR_NOT_RECORDED; DO_NOT_IMPUTE_ZERO,UNASSIGNED,PROPOSED_NO_MEASURED_ROI
Reference/tables/06_frontier_ecosystem_20261006/registry_frontier_sources.csv,registry_frontier_sources,1,source_id,REFERENCE_DATA,f2b6ca77b4e4c32775746ce4d1ca3437eb88d61ae1e2f90ddb5ab0b3a90b0fe1,189,0,189,來源登記鍵；僅指來源，不代表該來源全部說法已核實,PROPOSED_CONTEXT_REVIEW,build_semantic_catalog.py: explicit proposed glossary,REVIEW_REQUIRED,主張證據追溯,NOT_APPLICABLE,NOT_ESTABLISHED,,,UNKNOWN_NOT_APPLICABLE_OR_NOT_RECORDED; DO_NOT_IMPUTE_ZERO,UNASSIGNED,PROPOSED_NO_MEASURED_ROI
Reference/tables/06_frontier_ecosystem_20261006/registry_frontier_sources.csv,registry_frontier_sources,2,url,REFERENCE_DATA,f2b6ca77b4e4c32775746ce4d1ca3437eb88d61ae1e2f90ddb5ab0b3a90b0fe1,189,0,188,來源位址、檔案或行號；連結存在不代表內容可讀或支持主張,PROPOSED_CONTEXT_REVIEW,build_semantic_catalog.py: explicit proposed glossary,REVIEW_REQUIRED,證據定位,NOT_APPLICABLE,NOT_ESTABLISHED,,,UNKNOWN_NOT_APPLICABLE_OR_NOT_RECORDED; DO_NOT_IMPUTE_ZERO,UNASSIGNED,PROPOSED_NO_MEASURED_ROI
Reference/tables/06_frontier_ecosystem_20261006/registry_frontier_sources.csv,registry_frontier_sources,3,supports,REFERENCE_DATA,f2b6ca77b4e4c32775746ce4d1ca3437eb88d61ae1e2f90ddb5ab0b3a90b0fe1,189,0,143,尚未完成欄位語義核實；需來源業務定義、單位、粒度與用途,UNRESOLVED,,REVIEW_REQUIRED,待資料負責人確認,UNKNOWN,NOT_ESTABLISHED,,,UNKNOWN_NOT_APPLICABLE_OR_NOT_RECORDED; DO_NOT_IMPUTE_ZERO,UNASSIGNED,PROPOSED_NO_MEASURED_ROI
Reference/tables/06_frontier_ecosystem_20261006/registry_frontier_sources.csv,registry_frontier_sources,4,source_class,REFERENCE_DATA,f2b6ca77b4e4c32775746ce4d1ca3437eb88d61ae1e2f90ddb5ab0b3a90b0fe1,189,0,2,尚未完成欄位語義核實；需來源業務定義、單位、粒度與用途,UNRESOLVED,,REVIEW_REQUIRED,待資料負責人確認,UNKNOWN,NOT_ESTABLISHED,,,UNKNOWN_NOT_APPLICABLE_OR_NOT_RECORDED; DO_NOT_IMPUTE_ZERO,UNASSIGNED,PROPOSED_NO_MEASURED_ROI
Reference/tables/06_frontier_ecosystem_20261006/registry_frontier_sources.csv,registry_frontier_sources,5,access_state,REFERENCE_DATA,f2b6ca77b4e4c32775746ce4d1ca3437eb88d61ae1e2f90ddb5ab0b3a90b0fe1,189,0,2,尚未完成欄位語義核實；需來源業務定義、單位、粒度與用途,UNRESOLVED,,REVIEW_REQUIRED,待資料負責人確認,UNKNOWN,NOT_ESTABLISHED,,,UNKNOWN_NOT_APPLICABLE_OR_NOT_RECORDED; DO_NOT_IMPUTE_ZERO,UNASSIGNED,PROPOSED_NO_MEASURED_ROI
Reference/tables/06_frontier_ecosystem_20261006/registry_frontier_sources.csv,registry_frontier_sources,6,checked_on,REFERENCE_DATA,f2b6ca77b4e4c32775746ce4d1ca3437eb88d61ae1e2f90ddb5ab0b3a90b0fe1,189,79,1,資料截至／檢查／審核／搜索／取得時間；各欄依操作分別解讀，時區不可猜,PROPOSED_CONTEXT_REVIEW,build_semantic_catalog.py: explicit proposed glossary,REVIEW_REQUIRED,新鮮度與審核時點,SOURCE_DATE_OR_TIMESTAMP,NOT_ESTABLISHED,,,UNKNOWN_NOT_APPLICABLE_OR_NOT_RECORDED; DO_NOT_IMPUTE_ZERO,UNASSIGNED,PROPOSED_NO_MEASURED_ROI
Reference/tables/06_frontier_ecosystem_20261006/registry_frontier_sources.csv,registry_frontier_sources,7,published_on,REFERENCE_DATA,f2b6ca77b4e4c32775746ce4d1ca3437eb88d61ae1e2f90ddb5ab0b3a90b0fe1,189,189,0,尚未完成欄位語義核實；需來源業務定義、單位、粒度與用途,UNRESOLVED,,REVIEW_REQUIRED,待資料負責人確認,UNKNOWN,NOT_ESTABLISHED,,,UNKNOWN_NOT_APPLICABLE_OR_NOT_RECORDED; DO_NOT_IMPUTE_ZERO,UNASSIGNED,PROPOSED_NO_MEASURED_ROI
Reference/tables/06_frontier_ecosystem_20261006/registry_frontier_sources.csv,registry_frontier_sources,8,archive_state,REFERENCE_DATA,f2b6ca77b4e4c32775746ce4d1ca3437eb88d61ae1e2f90ddb5ab0b3a90b0fe1,189,0,1,尚未完成欄位語義核實；需來源業務定義、單位、粒度與用途,UNRESOLVED,,REVIEW_REQUIRED,待資料負責人確認,UNKNOWN,NOT_ESTABLISHED,,,UNKNOWN_NOT_APPLICABLE_OR_NOT_RECORDED; DO_NOT_IMPUTE_ZERO,UNASSIGNED,PROPOSED_NO_MEASURED_ROI
Reference/tables/06_frontier_ecosystem_20261006/registry_frontier_sources.csv,registry_frontier_sources,9,license_state,REFERENCE_DATA,f2b6ca77b4e4c32775746ce4d1ca3437eb88d61ae1e2f90ddb5ab0b3a90b0fe1,189,0,1,授權審核狀態；需定位產品／資料／权重與版本,PROPOSED_CONTEXT_REVIEW,build_semantic_catalog.py: explicit proposed glossary,REVIEW_REQUIRED,用途准入,NOT_APPLICABLE,NOT_ESTABLISHED,,,UNKNOWN_NOT_APPLICABLE_OR_NOT_RECORDED; DO_NOT_IMPUTE_ZERO,UNASSIGNED,PROPOSED_NO_MEASURED_ROI
Reference/tables/07_global_technology_iso249_20261006/registry_country_entity_relations.csv,registry_country_entity_relations,1,relation_id,REFERENCE_DATA,1473c747ae89a9c8fb726bd656e646c25eccd4a38258e72acb1db8d2efb782e3,2,0,2,尚未完成欄位語義核實；需來源業務定義、單位、粒度與用途,UNRESOLVED,,REVIEW_REQUIRED,待資料負責人確認,UNKNOWN,NOT_ESTABLISHED,,,UNKNOWN_NOT_APPLICABLE_OR_NOT_RECORDED; DO_NOT_IMPUTE_ZERO,UNASSIGNED,PROPOSED_NO_MEASURED_ROI
Reference/tables/07_global_technology_iso249_20261006/registry_country_entity_relations.csv,registry_country_entity_relations,2,entity_id,REFERENCE_DATA,1473c747ae89a9c8fb726bd656e646c25eccd4a38258e72acb1db8d2efb782e3,2,0,1,穩定內部實體識別鍵；命名空間及對象依所屬表，不以相似名稱自動合併,PROPOSED_CONTEXT_REVIEW,build_semantic_catalog.py: explicit proposed glossary,REVIEW_REQUIRED,跨表實體追溯,NOT_APPLICABLE,NOT_ESTABLISHED,,,UNKNOWN_NOT_APPLICABLE_OR_NOT_RECORDED; DO_NOT_IMPUTE_ZERO,UNASSIGNED,PROPOSED_NO_MEASURED_ROI
Reference/tables/07_global_technology_iso249_20261006/registry_country_entity_relations.csv,registry_country_entity_relations,3,iso_alpha2,REFERENCE_DATA,1473c747ae89a9c8fb726bd656e646c25eccd4a38258e72acb1db8d2efb782e3,2,0,2,ISO 3166-1 alpha-2 國家／地區代碼；代碼版次與關係另記,PROPOSED_CONTEXT_REVIEW,build_semantic_catalog.py: explicit proposed glossary,REVIEW_REQUIRED,母表連結,ISO_ALPHA2,NOT_ESTABLISHED,,,UNKNOWN_NOT_APPLICABLE_OR_NOT_RECORDED; DO_NOT_IMPUTE_ZERO,UNASSIGNED,PROPOSED_NO_MEASURED_ROI
Reference/tables/07_global_technology_iso249_20261006/registry_country_entity_relations.csv,registry_country_entity_relations,4,relation_type,REFERENCE_DATA,1473c747ae89a9c8fb726bd656e646c25eccd4a38258e72acb1db8d2efb782e3,2,0,1,尚未完成欄位語義核實；需來源業務定義、單位、粒度與用途,UNRESOLVED,,REVIEW_REQUIRED,待資料負責人確認,UNKNOWN,NOT_ESTABLISHED,,,UNKNOWN_NOT_APPLICABLE_OR_NOT_RECORDED; DO_NOT_IMPUTE_ZERO,UNASSIGNED,PROPOSED_NO_MEASURED_ROI
Reference/tables/07_global_technology_iso249_20261006/registry_country_entity_relations.csv,registry_country_entity_relations,5,claim,REFERENCE_DATA,1473c747ae89a9c8fb726bd656e646c25eccd4a38258e72acb1db8d2efb782e3,2,0,1,一項待審或歷史主張的文字；與其證據狀態一起使用,PROPOSED_CONTEXT_REVIEW,build_semantic_catalog.py: explicit proposed glossary,REVIEW_REQUIRED,保存研究命題,NOT_APPLICABLE,NOT_ESTABLISHED,,,UNKNOWN_NOT_APPLICABLE_OR_NOT_RECORDED; DO_NOT_IMPUTE_ZERO,UNASSIGNED,PROPOSED_NO_MEASURED_ROI
Reference/tables/07_global_technology_iso249_20261006/registry_country_entity_relations.csv,registry_country_entity_relations,6,evidence_state,REFERENCE_DATA,1473c747ae89a9c8fb726bd656e646c25eccd4a38258e72acb1db8d2efb782e3,2,0,1,特定記錄或主張的證據狀態；VERIFIED 僅限可定位範圍,PROPOSED_CONTEXT_REVIEW,build_semantic_catalog.py: explicit proposed glossary,REVIEW_REQUIRED,隔離未知、宣稱與核實,NOT_APPLICABLE,NOT_ESTABLISHED,,,UNKNOWN_NOT_APPLICABLE_OR_NOT_RECORDED; DO_NOT_IMPUTE_ZERO,UNASSIGNED,PROPOSED_NO_MEASURED_ROI
Reference/tables/07_global_technology_iso249_20261006/registry_country_entity_relations.csv,registry_country_entity_relations,7,verification_scope,REFERENCE_DATA,1473c747ae89a9c8fb726bd656e646c25eccd4a38258e72acb1db8d2efb782e3,2,0,1,核實涵蓋的主張、條件與邊界；不把公開描述擴展成性能或部署證明,PROPOSED_CONTEXT_REVIEW,build_semantic_catalog.py: explicit proposed glossary,REVIEW_REQUIRED,限定決策可信範圍,NOT_APPLICABLE,NOT_ESTABLISHED,,,UNKNOWN_NOT_APPLICABLE_OR_NOT_RECORDED; DO_NOT_IMPUTE_ZERO,UNASSIGNED,PROPOSED_NO_MEASURED_ROI
Reference/tables/07_global_technology_iso249_20261006/registry_country_entity_relations.csv,registry_country_entity_relations,8,source_id,REFERENCE_DATA,1473c747ae89a9c8fb726bd656e646c25eccd4a38258e72acb1db8d2efb782e3,2,0,1,來源登記鍵；僅指來源，不代表該來源全部說法已核實,PROPOSED_CONTEXT_REVIEW,build_semantic_catalog.py: explicit proposed glossary,REVIEW_REQUIRED,主張證據追溯,NOT_APPLICABLE,NOT_ESTABLISHED,,,UNKNOWN_NOT_APPLICABLE_OR_NOT_RECORDED; DO_NOT_IMPUTE_ZERO,UNASSIGNED,PROPOSED_NO_MEASURED_ROI
Reference/tables/07_global_technology_iso249_20261006/registry_country_entity_relations.csv,registry_country_entity_relations,9,as_of,REFERENCE_DATA,1473c747ae89a9c8fb726bd656e646c25eccd4a38258e72acb1db8d2efb782e3,2,0,1,資料截至／檢查／審核／搜索／取得時間；各欄依操作分別解讀，時區不可猜,PROPOSED_CONTEXT_REVIEW,build_semantic_catalog.py: explicit proposed glossary,REVIEW_REQUIRED,新鮮度與審核時點,SOURCE_DATE_OR_TIMESTAMP,NOT_ESTABLISHED,,,UNKNOWN_NOT_APPLICABLE_OR_NOT_RECORDED; DO_NOT_IMPUTE_ZERO,UNASSIGNED,PROPOSED_NO_MEASURED_ROI
Reference/tables/07_global_technology_iso249_20261006/registry_country_search_leads.csv,registry_country_search_leads,1,lead_id,REFERENCE_DATA,08baaf73b7540d0db967fbdfb71792b08e7094ce0e4cdc5d81b0d30046143cec,952,0,952,尚未完成欄位語義核實；需來源業務定義、單位、粒度與用途,UNRESOLVED,,REVIEW_REQUIRED,待資料負責人確認,UNKNOWN,NOT_ESTABLISHED,,,UNKNOWN_NOT_APPLICABLE_OR_NOT_RECORDED; DO_NOT_IMPUTE_ZERO,UNASSIGNED,PROPOSED_NO_MEASURED_ROI
Reference/tables/07_global_technology_iso249_20261006/registry_country_search_leads.csv,registry_country_search_leads,2,iso_alpha2,REFERENCE_DATA,08baaf73b7540d0db967fbdfb71792b08e7094ce0e4cdc5d81b0d30046143cec,952,0,238,ISO 3166-1 alpha-2 國家／地區代碼；代碼版次與關係另記,PROPOSED_CONTEXT_REVIEW,build_semantic_catalog.py: explicit proposed glossary,REVIEW_REQUIRED,母表連結,ISO_ALPHA2,NOT_ESTABLISHED,,,UNKNOWN_NOT_APPLICABLE_OR_NOT_RECORDED; DO_NOT_IMPUTE_ZERO,UNASSIGNED,PROPOSED_NO_MEASURED_ROI
Reference/tables/07_global_technology_iso249_20261006/registry_country_search_leads.csv,registry_country_search_leads,3,query,REFERENCE_DATA,08baaf73b7540d0db967fbdfb71792b08e7094ce0e4cdc5d81b0d30046143cec,952,0,238,搜索查詢或其提供方；搜索完成不等於世界普查完成,PROPOSED_CONTEXT_REVIEW,build_semantic_catalog.py: explicit proposed glossary,REVIEW_REQUIRED,搜索覆蓋可重現,NOT_APPLICABLE,NOT_ESTABLISHED,,,UNKNOWN_NOT_APPLICABLE_OR_NOT_RECORDED; DO_NOT_IMPUTE_ZERO,UNASSIGNED,PROPOSED_NO_MEASURED_ROI
Reference/tables/07_global_technology_iso249_20261006/registry_country_search_leads.csv,registry_country_search_leads,4,title,REFERENCE_DATA,08baaf73b7540d0db967fbdfb71792b08e7094ce0e4cdc5d81b0d30046143cec,952,0,781,尚未完成欄位語義核實；需來源業務定義、單位、粒度與用途,UNRESOLVED,,REVIEW_REQUIRED,待資料負責人確認,UNKNOWN,NOT_ESTABLISHED,,,UNKNOWN_NOT_APPLICABLE_OR_NOT_RECORDED; DO_NOT_IMPUTE_ZERO,UNASSIGNED,PROPOSED_NO_MEASURED_ROI
Reference/tables/07_global_technology_iso249_20261006/registry_country_search_leads.csv,registry_country_search_leads,5,url,REFERENCE_DATA,08baaf73b7540d0db967fbdfb71792b08e7094ce0e4cdc5d81b0d30046143cec,952,0,838,來源位址、檔案或行號；連結存在不代表內容可讀或支持主張,PROPOSED_CONTEXT_REVIEW,build_semantic_catalog.py: explicit proposed glossary,REVIEW_REQUIRED,證據定位,NOT_APPLICABLE,NOT_ESTABLISHED,,,UNKNOWN_NOT_APPLICABLE_OR_NOT_RECORDED; DO_NOT_IMPUTE_ZERO,UNASSIGNED,PROPOSED_NO_MEASURED_ROI
Reference/tables/07_global_technology_iso249_20261006/registry_country_search_leads.csv,registry_country_search_leads,6,provider,REFERENCE_DATA,08baaf73b7540d0db967fbdfb71792b08e7094ce0e4cdc5d81b0d30046143cec,952,0,2,搜索查詢或其提供方；搜索完成不等於世界普查完成,PROPOSED_CONTEXT_REVIEW,build_semantic_catalog.py: explicit proposed glossary,REVIEW_REQUIRED,搜索覆蓋可重現,NOT_APPLICABLE,NOT_ESTABLISHED,,,UNKNOWN_NOT_APPLICABLE_OR_NOT_RECORDED; DO_NOT_IMPUTE_ZERO,UNASSIGNED,PROPOSED_NO_MEASURED_ROI
Reference/tables/07_global_technology_iso249_20261006/registry_country_search_leads.csv,registry_country_search_leads,7,evidence_state,REFERENCE_DATA,08baaf73b7540d0db967fbdfb71792b08e7094ce0e4cdc5d81b0d30046143cec,952,0,1,特定記錄或主張的證據狀態；VERIFIED 僅限可定位範圍,PROPOSED_CONTEXT_REVIEW,build_semantic_catalog.py: explicit proposed glossary,REVIEW_REQUIRED,隔離未知、宣稱與核實,NOT_APPLICABLE,NOT_ESTABLISHED,,,UNKNOWN_NOT_APPLICABLE_OR_NOT_RECORDED; DO_NOT_IMPUTE_ZERO,UNASSIGNED,PROPOSED_NO_MEASURED_ROI
Reference/tables/07_global_technology_iso249_20261006/registry_country_search_leads.csv,registry_country_search_leads,8,country_relationship_state,REFERENCE_DATA,08baaf73b7540d0db967fbdfb71792b08e7094ce0e4cdc5d81b0d30046143cec,952,0,1,尚未完成欄位語義核實；需來源業務定義、單位、粒度與用途,UNRESOLVED,,REVIEW_REQUIRED,待資料負責人確認,UNKNOWN,NOT_ESTABLISHED,,,UNKNOWN_NOT_APPLICABLE_OR_NOT_RECORDED; DO_NOT_IMPUTE_ZERO,UNASSIGNED,PROPOSED_NO_MEASURED_ROI
Reference/tables/07_global_technology_iso249_20261006/registry_country_search_leads.csv,registry_country_search_leads,9,relevance_state,REFERENCE_DATA,08baaf73b7540d0db967fbdfb71792b08e7094ce0e4cdc5d81b0d30046143cec,952,0,1,尚未完成欄位語義核實；需來源業務定義、單位、粒度與用途,UNRESOLVED,,REVIEW_REQUIRED,待資料負責人確認,UNKNOWN,NOT_ESTABLISHED,,,UNKNOWN_NOT_APPLICABLE_OR_NOT_RECORDED; DO_NOT_IMPUTE_ZERO,UNASSIGNED,PROPOSED_NO_MEASURED_ROI
Reference/tables/07_global_technology_iso249_20261006/registry_country_search_leads.csv,registry_country_search_leads,10,as_of,REFERENCE_DATA,08baaf73b7540d0db967fbdfb71792b08e7094ce0e4cdc5d81b0d30046143cec,952,0,1,資料截至／檢查／審核／搜索／取得時間；各欄依操作分別解讀，時區不可猜,PROPOSED_CONTEXT_REVIEW,build_semantic_catalog.py: explicit proposed glossary,REVIEW_REQUIRED,新鮮度與審核時點,SOURCE_DATE_OR_TIMESTAMP,NOT_ESTABLISHED,,,UNKNOWN_NOT_APPLICABLE_OR_NOT_RECORDED; DO_NOT_IMPUTE_ZERO,UNASSIGNED,PROPOSED_NO_MEASURED_ROI
Reference/tables/07_global_technology_iso249_20261006/registry_country_technology_coverage.csv,registry_country_technology_coverage,1,iso_alpha2,REFERENCE_DATA,868ba0f0af5a689a9d0c0f7659333d7e8956566e21e688062bf58a34143f139a,249,0,249,ISO 3166-1 alpha-2 國家／地區代碼；代碼版次與關係另記,PROPOSED_CONTEXT_REVIEW,build_semantic_catalog.py: explicit proposed glossary,REVIEW_REQUIRED,母表連結,ISO_ALPHA2,NOT_ESTABLISHED,,,UNKNOWN_NOT_APPLICABLE_OR_NOT_RECORDED; DO_NOT_IMPUTE_ZERO,UNASSIGNED,PROPOSED_NO_MEASURED_ROI
Reference/tables/07_global_technology_iso249_20261006/registry_country_technology_coverage.csv,registry_country_technology_coverage,2,name_en,REFERENCE_DATA,868ba0f0af5a689a9d0c0f7659333d7e8956566e21e688062bf58a34143f139a,249,0,249,尚未完成欄位語義核實；需來源業務定義、單位、粒度與用途,UNRESOLVED,,REVIEW_REQUIRED,待資料負責人確認,UNKNOWN,NOT_ESTABLISHED,,,UNKNOWN_NOT_APPLICABLE_OR_NOT_RECORDED; DO_NOT_IMPUTE_ZERO,UNASSIGNED,PROPOSED_NO_MEASURED_ROI
Reference/tables/07_global_technology_iso249_20261006/registry_country_technology_coverage.csv,registry_country_technology_coverage,3,search_state,REFERENCE_DATA,868ba0f0af5a689a9d0c0f7659333d7e8956566e21e688062bf58a34143f139a,249,0,1,搜索操作或研究完成狀態；不等於國家能力或完整母體覆蓋,PROPOSED_CONTEXT_REVIEW,build_semantic_catalog.py: explicit proposed glossary,REVIEW_REQUIRED,工作進度治理,NOT_APPLICABLE,NOT_ESTABLISHED,,,UNKNOWN_NOT_APPLICABLE_OR_NOT_RECORDED; DO_NOT_IMPUTE_ZERO,UNASSIGNED,PROPOSED_NO_MEASURED_ROI
Reference/tables/07_global_technology_iso249_20261006/registry_country_technology_coverage.csv,registry_country_technology_coverage,4,broad_queries_completed,REFERENCE_DATA,868ba0f0af5a689a9d0c0f7659333d7e8956566e21e688062bf58a34143f139a,249,0,1,尚未完成欄位語義核實；需來源業務定義、單位、粒度與用途,UNRESOLVED,,REVIEW_REQUIRED,待資料負責人確認,UNKNOWN,NOT_ESTABLISHED,,,UNKNOWN_NOT_APPLICABLE_OR_NOT_RECORDED; DO_NOT_IMPUTE_ZERO,UNASSIGNED,PROPOSED_NO_MEASURED_ROI
Reference/tables/07_global_technology_iso249_20261006/registry_country_technology_coverage.csv,registry_country_technology_coverage,5,retry_count,REFERENCE_DATA,868ba0f0af5a689a9d0c0f7659333d7e8956566e21e688062bf58a34143f139a,249,0,2,尚未完成欄位語義核實；需來源業務定義、單位、粒度與用途,UNRESOLVED,,REVIEW_REQUIRED,待資料負責人確認,UNKNOWN,NOT_ESTABLISHED,,,UNKNOWN_NOT_APPLICABLE_OR_NOT_RECORDED; DO_NOT_IMPUTE_ZERO,UNASSIGNED,PROPOSED_NO_MEASURED_ROI
Reference/tables/07_global_technology_iso249_20261006/registry_country_technology_coverage.csv,registry_country_technology_coverage,6,search_lead_count,REFERENCE_DATA,868ba0f0af5a689a9d0c0f7659333d7e8956566e21e688062bf58a34143f139a,249,0,2,尚未完成欄位語義核實；需來源業務定義、單位、粒度與用途,UNRESOLVED,,REVIEW_REQUIRED,待資料負責人確認,UNKNOWN,NOT_ESTABLISHED,,,UNKNOWN_NOT_APPLICABLE_OR_NOT_RECORDED; DO_NOT_IMPUTE_ZERO,UNASSIGNED,PROPOSED_NO_MEASURED_ROI
Reference/tables/07_global_technology_iso249_20261006/registry_country_technology_coverage.csv,registry_country_technology_coverage,7,editorial_entity_candidate_count,REFERENCE_DATA,868ba0f0af5a689a9d0c0f7659333d7e8956566e21e688062bf58a34143f139a,249,0,12,尚未完成欄位語義核實；需來源業務定義、單位、粒度與用途,UNRESOLVED,,REVIEW_REQUIRED,待資料負責人確認,UNKNOWN,NOT_ESTABLISHED,,,UNKNOWN_NOT_APPLICABLE_OR_NOT_RECORDED; DO_NOT_IMPUTE_ZERO,UNASSIGNED,PROPOSED_NO_MEASURED_ROI
Reference/tables/07_global_technology_iso249_20261006/registry_country_technology_coverage.csv,registry_country_technology_coverage,8,candidate_public_descriptions_verified,REFERENCE_DATA,868ba0f0af5a689a9d0c0f7659333d7e8956566e21e688062bf58a34143f139a,249,0,10,尚未完成欄位語義核實；需來源業務定義、單位、粒度與用途,UNRESOLVED,,REVIEW_REQUIRED,待資料負責人確認,UNKNOWN,NOT_ESTABLISHED,,,UNKNOWN_NOT_APPLICABLE_OR_NOT_RECORDED; DO_NOT_IMPUTE_ZERO,UNASSIGNED,PROPOSED_NO_MEASURED_ROI
Reference/tables/07_global_technology_iso249_20261006/registry_country_technology_coverage.csv,registry_country_technology_coverage,9,country_relation_verified_count,REFERENCE_DATA,868ba0f0af5a689a9d0c0f7659333d7e8956566e21e688062bf58a34143f139a,249,0,2,尚未完成欄位語義核實；需來源業務定義、單位、粒度與用途,UNRESOLVED,,REVIEW_REQUIRED,待資料負責人確認,UNKNOWN,NOT_ESTABLISHED,,,UNKNOWN_NOT_APPLICABLE_OR_NOT_RECORDED; DO_NOT_IMPUTE_ZERO,UNASSIGNED,PROPOSED_NO_MEASURED_ROI
Reference/tables/07_global_technology_iso249_20261006/registry_country_technology_coverage.csv,registry_country_technology_coverage,10,country_frontier_capability_state,REFERENCE_DATA,868ba0f0af5a689a9d0c0f7659333d7e8956566e21e688062bf58a34143f139a,249,0,1,國家能力或神經技術分級狀態；缺測試定義或證據維持 UNKNOWN,PROPOSED_CONTEXT_REVIEW,build_semantic_catalog.py: explicit proposed glossary,REVIEW_REQUIRED,防止無證據國別排名,NOT_APPLICABLE,NOT_ESTABLISHED,,,UNKNOWN_NOT_APPLICABLE_OR_NOT_RECORDED; DO_NOT_IMPUTE_ZERO,UNASSIGNED,PROPOSED_NO_MEASURED_ROI
Reference/tables/07_global_technology_iso249_20261006/registry_country_technology_coverage.csv,registry_country_technology_coverage,11,N0_N7_level,REFERENCE_DATA,868ba0f0af5a689a9d0c0f7659333d7e8956566e21e688062bf58a34143f139a,249,0,1,國家能力或神經技術分級狀態；缺測試定義或證據維持 UNKNOWN,PROPOSED_CONTEXT_REVIEW,build_semantic_catalog.py: explicit proposed glossary,REVIEW_REQUIRED,防止無證據國別排名,NOT_APPLICABLE,NOT_ESTABLISHED,,,UNKNOWN_NOT_APPLICABLE_OR_NOT_RECORDED; DO_NOT_IMPUTE_ZERO,UNASSIGNED,PROPOSED_NO_MEASURED_ROI
Reference/tables/07_global_technology_iso249_20261006/registry_country_technology_coverage.csv,registry_country_technology_coverage,12,research_completion_state,REFERENCE_DATA,868ba0f0af5a689a9d0c0f7659333d7e8956566e21e688062bf58a34143f139a,249,0,1,搜索操作或研究完成狀態；不等於國家能力或完整母體覆蓋,PROPOSED_CONTEXT_REVIEW,build_semantic_catalog.py: explicit proposed glossary,REVIEW_REQUIRED,工作進度治理,NOT_APPLICABLE,NOT_ESTABLISHED,,,UNKNOWN_NOT_APPLICABLE_OR_NOT_RECORDED; DO_NOT_IMPUTE_ZERO,UNASSIGNED,PROPOSED_NO_MEASURED_ROI
Reference/tables/07_global_technology_iso249_20261006/registry_country_technology_coverage.csv,registry_country_technology_coverage,13,query,REFERENCE_DATA,868ba0f0af5a689a9d0c0f7659333d7e8956566e21e688062bf58a34143f139a,249,0,249,搜索查詢或其提供方；搜索完成不等於世界普查完成,PROPOSED_CONTEXT_REVIEW,build_semantic_catalog.py: explicit proposed glossary,REVIEW_REQUIRED,搜索覆蓋可重現,NOT_APPLICABLE,NOT_ESTABLISHED,,,UNKNOWN_NOT_APPLICABLE_OR_NOT_RECORDED; DO_NOT_IMPUTE_ZERO,UNASSIGNED,PROPOSED_NO_MEASURED_ROI
Reference/tables/07_global_technology_iso249_20261006/registry_country_technology_coverage.csv,registry_country_technology_coverage,14,provider,REFERENCE_DATA,868ba0f0af5a689a9d0c0f7659333d7e8956566e21e688062bf58a34143f139a,249,0,2,搜索查詢或其提供方；搜索完成不等於世界普查完成,PROPOSED_CONTEXT_REVIEW,build_semantic_catalog.py: explicit proposed glossary,REVIEW_REQUIRED,搜索覆蓋可重現,NOT_APPLICABLE,NOT_ESTABLISHED,,,UNKNOWN_NOT_APPLICABLE_OR_NOT_RECORDED; DO_NOT_IMPUTE_ZERO,UNASSIGNED,PROPOSED_NO_MEASURED_ROI
Reference/tables/07_global_technology_iso249_20261006/registry_country_technology_coverage.csv,registry_country_technology_coverage,15,searched_on,REFERENCE_DATA,868ba0f0af5a689a9d0c0f7659333d7e8956566e21e688062bf58a34143f139a,249,0,1,資料截至／檢查／審核／搜索／取得時間；各欄依操作分別解讀，時區不可猜,PROPOSED_CONTEXT_REVIEW,build_semantic_catalog.py: explicit proposed glossary,REVIEW_REQUIRED,新鮮度與審核時點,SOURCE_DATE_OR_TIMESTAMP,NOT_ESTABLISHED,,,UNKNOWN_NOT_APPLICABLE_OR_NOT_RECORDED; DO_NOT_IMPUTE_ZERO,UNASSIGNED,PROPOSED_NO_MEASURED_ROI
Reference/tables/07_global_technology_iso249_20261006/registry_global_claims.csv,registry_global_claims,1,claim_id,REFERENCE_DATA,fc439238e50cfb969866fe6105da4d086cf31374c58af51977586789431d2f10,299,0,299,一項可定位主張的識別鍵；真偽與有效範圍另列,PROPOSED_CONTEXT_REVIEW,build_semantic_catalog.py: explicit proposed glossary,REVIEW_REQUIRED,主張審核與衝突管理,NOT_APPLICABLE,NOT_ESTABLISHED,,,UNKNOWN_NOT_APPLICABLE_OR_NOT_RECORDED; DO_NOT_IMPUTE_ZERO,UNASSIGNED,PROPOSED_NO_MEASURED_ROI
Reference/tables/07_global_technology_iso249_20261006/registry_global_claims.csv,registry_global_claims,2,entity_id,REFERENCE_DATA,fc439238e50cfb969866fe6105da4d086cf31374c58af51977586789431d2f10,299,0,299,穩定內部實體識別鍵；命名空間及對象依所屬表，不以相似名稱自動合併,PROPOSED_CONTEXT_REVIEW,build_semantic_catalog.py: explicit proposed glossary,REVIEW_REQUIRED,跨表實體追溯,NOT_APPLICABLE,NOT_ESTABLISHED,,,UNKNOWN_NOT_APPLICABLE_OR_NOT_RECORDED; DO_NOT_IMPUTE_ZERO,UNASSIGNED,PROPOSED_NO_MEASURED_ROI
Reference/tables/07_global_technology_iso249_20261006/registry_global_claims.csv,registry_global_claims,3,claim,REFERENCE_DATA,fc439238e50cfb969866fe6105da4d086cf31374c58af51977586789431d2f10,299,0,243,一項待審或歷史主張的文字；與其證據狀態一起使用,PROPOSED_CONTEXT_REVIEW,build_semantic_catalog.py: explicit proposed glossary,REVIEW_REQUIRED,保存研究命題,NOT_APPLICABLE,NOT_ESTABLISHED,,,UNKNOWN_NOT_APPLICABLE_OR_NOT_RECORDED; DO_NOT_IMPUTE_ZERO,UNASSIGNED,PROPOSED_NO_MEASURED_ROI
Reference/tables/07_global_technology_iso249_20261006/registry_global_claims.csv,registry_global_claims,4,evidence_state,REFERENCE_DATA,fc439238e50cfb969866fe6105da4d086cf31374c58af51977586789431d2f10,299,0,2,特定記錄或主張的證據狀態；VERIFIED 僅限可定位範圍,PROPOSED_CONTEXT_REVIEW,build_semantic_catalog.py: explicit proposed glossary,REVIEW_REQUIRED,隔離未知、宣稱與核實,NOT_APPLICABLE,NOT_ESTABLISHED,,,UNKNOWN_NOT_APPLICABLE_OR_NOT_RECORDED; DO_NOT_IMPUTE_ZERO,UNASSIGNED,PROPOSED_NO_MEASURED_ROI
Reference/tables/07_global_technology_iso249_20261006/registry_global_claims.csv,registry_global_claims,5,verification_scope,REFERENCE_DATA,fc439238e50cfb969866fe6105da4d086cf31374c58af51977586789431d2f10,299,0,2,核實涵蓋的主張、條件與邊界；不把公開描述擴展成性能或部署證明,PROPOSED_CONTEXT_REVIEW,build_semantic_catalog.py: explicit proposed glossary,REVIEW_REQUIRED,限定決策可信範圍,NOT_APPLICABLE,NOT_ESTABLISHED,,,UNKNOWN_NOT_APPLICABLE_OR_NOT_RECORDED; DO_NOT_IMPUTE_ZERO,UNASSIGNED,PROPOSED_NO_MEASURED_ROI
Reference/tables/07_global_technology_iso249_20261006/registry_global_claims.csv,registry_global_claims,6,product_project_leads,REFERENCE_DATA,fc439238e50cfb969866fe6105da4d086cf31374c58af51977586789431d2f10,299,103,195,技術記錄鍵或產品／項目候選線索；候選不等於正式實體,PROPOSED_CONTEXT_REVIEW,build_semantic_catalog.py: explicit proposed glossary,REVIEW_REQUIRED,技術選型與後續查證,NOT_APPLICABLE,NOT_ESTABLISHED,,,UNKNOWN_NOT_APPLICABLE_OR_NOT_RECORDED; DO_NOT_IMPUTE_ZERO,UNASSIGNED,PROPOSED_NO_MEASURED_ROI
Reference/tables/07_global_technology_iso249_20261006/registry_global_claims.csv,registry_global_claims,7,product_leads_state,REFERENCE_DATA,fc439238e50cfb969866fe6105da4d086cf31374c58af51977586789431d2f10,299,0,2,尚未完成欄位語義核實；需來源業務定義、單位、粒度與用途,UNRESOLVED,,REVIEW_REQUIRED,待資料負責人確認,UNKNOWN,NOT_ESTABLISHED,,,UNKNOWN_NOT_APPLICABLE_OR_NOT_RECORDED; DO_NOT_IMPUTE_ZERO,UNASSIGNED,PROPOSED_NO_MEASURED_ROI
Reference/tables/07_global_technology_iso249_20261006/registry_global_claims.csv,registry_global_claims,8,performance_state,REFERENCE_DATA,fc439238e50cfb969866fe6105da4d086cf31374c58af51977586789431d2f10,299,0,1,性能主張或獨立性能驗證狀態；不是性能數值,PROPOSED_CONTEXT_REVIEW,build_semantic_catalog.py: explicit proposed glossary,REVIEW_REQUIRED,避免宣傳數字冒充測試,NOT_APPLICABLE,NOT_ESTABLISHED,,,UNKNOWN_NOT_APPLICABLE_OR_NOT_RECORDED; DO_NOT_IMPUTE_ZERO,UNASSIGNED,PROPOSED_NO_MEASURED_ROI
Reference/tables/07_global_technology_iso249_20261006/registry_global_claims.csv,registry_global_claims,9,deployment_state,REFERENCE_DATA,fc439238e50cfb969866fe6105da4d086cf31374c58af51977586789431d2f10,299,0,1,部署證據狀態；產品存在不等於實際部署,PROPOSED_CONTEXT_REVIEW,build_semantic_catalog.py: explicit proposed glossary,REVIEW_REQUIRED,採用成熟度評估,NOT_APPLICABLE,NOT_ESTABLISHED,,,UNKNOWN_NOT_APPLICABLE_OR_NOT_RECORDED; DO_NOT_IMPUTE_ZERO,UNASSIGNED,PROPOSED_NO_MEASURED_ROI
Reference/tables/07_global_technology_iso249_20261006/registry_global_claims.csv,registry_global_claims,10,regulatory_state,REFERENCE_DATA,fc439238e50cfb969866fe6105da4d086cf31374c58af51977586789431d2f10,299,0,1,監管狀態或其司法區；版次與日期需另定位,PROPOSED_CONTEXT_REVIEW,build_semantic_catalog.py: explicit proposed glossary,REVIEW_REQUIRED,臨床／採購條件評估,NOT_APPLICABLE,NOT_ESTABLISHED,,,UNKNOWN_NOT_APPLICABLE_OR_NOT_RECORDED; DO_NOT_IMPUTE_ZERO,UNASSIGNED,PROPOSED_NO_MEASURED_ROI
Reference/tables/07_global_technology_iso249_20261006/registry_global_claims.csv,registry_global_claims,11,source_id,REFERENCE_DATA,fc439238e50cfb969866fe6105da4d086cf31374c58af51977586789431d2f10,299,7,292,來源登記鍵；僅指來源，不代表該來源全部說法已核實,PROPOSED_CONTEXT_REVIEW,build_semantic_catalog.py: explicit proposed glossary,REVIEW_REQUIRED,主張證據追溯,NOT_APPLICABLE,NOT_ESTABLISHED,,,UNKNOWN_NOT_APPLICABLE_OR_NOT_RECORDED; DO_NOT_IMPUTE_ZERO,UNASSIGNED,PROPOSED_NO_MEASURED_ROI
Reference/tables/07_global_technology_iso249_20261006/registry_global_claims.csv,registry_global_claims,12,reviewed_on,REFERENCE_DATA,fc439238e50cfb969866fe6105da4d086cf31374c58af51977586789431d2f10,299,0,1,資料截至／檢查／審核／搜索／取得時間；各欄依操作分別解讀，時區不可猜,PROPOSED_CONTEXT_REVIEW,build_semantic_catalog.py: explicit proposed glossary,REVIEW_REQUIRED,新鮮度與審核時點,SOURCE_DATE_OR_TIMESTAMP,NOT_ESTABLISHED,,,UNKNOWN_NOT_APPLICABLE_OR_NOT_RECORDED; DO_NOT_IMPUTE_ZERO,UNASSIGNED,PROPOSED_NO_MEASURED_ROI
Reference/tables/07_global_technology_iso249_20261006/registry_global_claims.csv,registry_global_claims,13,origin_batch,REFERENCE_DATA,fc439238e50cfb969866fe6105da4d086cf31374c58af51977586789431d2f10,299,0,2,資料首次引入或本次審核的批次標識；不同快照不能直接累加,PROPOSED_CONTEXT_REVIEW,build_semantic_catalog.py: explicit proposed glossary,REVIEW_REQUIRED,版本與批次去重,NOT_APPLICABLE,NOT_ESTABLISHED,,,UNKNOWN_NOT_APPLICABLE_OR_NOT_RECORDED; DO_NOT_IMPUTE_ZERO,UNASSIGNED,PROPOSED_NO_MEASURED_ROI
Reference/tables/07_global_technology_iso249_20261006/registry_global_organizations.csv,registry_global_organizations,1,entity_id,REFERENCE_DATA,8ba1b22604a4ea5e9b2a465958444177c417c4fc3263ea36989609063fba8600,299,0,299,穩定內部實體識別鍵；命名空間及對象依所屬表，不以相似名稱自動合併,PROPOSED_CONTEXT_REVIEW,build_semantic_catalog.py: explicit proposed glossary,REVIEW_REQUIRED,跨表實體追溯,NOT_APPLICABLE,NOT_ESTABLISHED,,,UNKNOWN_NOT_APPLICABLE_OR_NOT_RECORDED; DO_NOT_IMPUTE_ZERO,UNASSIGNED,PROPOSED_NO_MEASURED_ROI
Reference/tables/07_global_technology_iso249_20261006/registry_global_organizations.csv,registry_global_organizations,2,display_name,REFERENCE_DATA,8ba1b22604a4ea5e9b2a465958444177c417c4fc3263ea36989609063fba8600,299,0,299,尚未完成欄位語義核實；需來源業務定義、單位、粒度與用途,UNRESOLVED,,REVIEW_REQUIRED,待資料負責人確認,UNKNOWN,NOT_ESTABLISHED,,,UNKNOWN_NOT_APPLICABLE_OR_NOT_RECORDED; DO_NOT_IMPUTE_ZERO,UNASSIGNED,PROPOSED_NO_MEASURED_ROI
Reference/tables/07_global_technology_iso249_20261006/registry_global_organizations.csv,registry_global_organizations,3,entity_type,REFERENCE_DATA,8ba1b22604a4ea5e9b2a465958444177c417c4fc3263ea36989609063fba8600,299,0,38,尚未完成欄位語義核實；需來源業務定義、單位、粒度與用途,UNRESOLVED,,REVIEW_REQUIRED,待資料負責人確認,UNKNOWN,NOT_ESTABLISHED,,,UNKNOWN_NOT_APPLICABLE_OR_NOT_RECORDED; DO_NOT_IMPUTE_ZERO,UNASSIGNED,PROPOSED_NO_MEASURED_ROI
Reference/tables/07_global_technology_iso249_20261006/registry_global_organizations.csv,registry_global_organizations,4,primary_domain,REFERENCE_DATA,8ba1b22604a4ea5e9b2a465958444177c417c4fc3263ea36989609063fba8600,299,0,23,尚未完成欄位語義核實；需來源業務定義、單位、粒度與用途,UNRESOLVED,,REVIEW_REQUIRED,待資料負責人確認,UNKNOWN,NOT_ESTABLISHED,,,UNKNOWN_NOT_APPLICABLE_OR_NOT_RECORDED; DO_NOT_IMPUTE_ZERO,UNASSIGNED,PROPOSED_NO_MEASURED_ROI
Reference/tables/07_global_technology_iso249_20261006/registry_global_organizations.csv,registry_global_organizations,5,country_candidate_iso_alpha2,REFERENCE_DATA,8ba1b22604a4ea5e9b2a465958444177c417c4fc3263ea36989609063fba8600,299,30,64,編輯候選國別關聯；不直接證明法律住所、部署國或國家能力,PROPOSED_CONTEXT_REVIEW,build_semantic_catalog.py: explicit proposed glossary,REVIEW_REQUIRED,國別查證候選,ISO_ALPHA2_CANDIDATE,NOT_ESTABLISHED,,,UNKNOWN_NOT_APPLICABLE_OR_NOT_RECORDED; DO_NOT_IMPUTE_ZERO,UNASSIGNED,PROPOSED_NO_MEASURED_ROI
Reference/tables/07_global_technology_iso249_20261006/registry_global_organizations.csv,registry_global_organizations,6,country_assignment_status,REFERENCE_DATA,8ba1b22604a4ea5e9b2a465958444177c417c4fc3263ea36989609063fba8600,299,0,2,法人、住所或國別關係的獨立核實狀態；與機構存在不同,PROPOSED_CONTEXT_REVIEW,build_semantic_catalog.py: explicit proposed glossary,REVIEW_REQUIRED,法人與地理歸屬核實,NOT_APPLICABLE,NOT_ESTABLISHED,,,UNKNOWN_NOT_APPLICABLE_OR_NOT_RECORDED; DO_NOT_IMPUTE_ZERO,UNASSIGNED,PROPOSED_NO_MEASURED_ROI
Reference/tables/07_global_technology_iso249_20261006/registry_global_organizations.csv,registry_global_organizations,7,legal_entity_status,REFERENCE_DATA,8ba1b22604a4ea5e9b2a465958444177c417c4fc3263ea36989609063fba8600,299,0,2,法人、住所或國別關係的獨立核實狀態；與機構存在不同,PROPOSED_CONTEXT_REVIEW,build_semantic_catalog.py: explicit proposed glossary,REVIEW_REQUIRED,法人與地理歸屬核實,NOT_APPLICABLE,NOT_ESTABLISHED,,,UNKNOWN_NOT_APPLICABLE_OR_NOT_RECORDED; DO_NOT_IMPUTE_ZERO,UNASSIGNED,PROPOSED_NO_MEASURED_ROI
Reference/tables/07_global_technology_iso249_20261006/registry_global_organizations.csv,registry_global_organizations,8,selection_status,REFERENCE_DATA,8ba1b22604a4ea5e9b2a465958444177c417c4fc3263ea36989609063fba8600,299,0,2,尚未完成欄位語義核實；需來源業務定義、單位、粒度與用途,UNRESOLVED,,REVIEW_REQUIRED,待資料負責人確認,UNKNOWN,NOT_ESTABLISHED,,,UNKNOWN_NOT_APPLICABLE_OR_NOT_RECORDED; DO_NOT_IMPUTE_ZERO,UNASSIGNED,PROPOSED_NO_MEASURED_ROI
Reference/tables/07_global_technology_iso249_20261006/registry_global_organizations.csv,registry_global_organizations,9,source_id,REFERENCE_DATA,8ba1b22604a4ea5e9b2a465958444177c417c4fc3263ea36989609063fba8600,299,7,292,來源登記鍵；僅指來源，不代表該來源全部說法已核實,PROPOSED_CONTEXT_REVIEW,build_semantic_catalog.py: explicit proposed glossary,REVIEW_REQUIRED,主張證據追溯,NOT_APPLICABLE,NOT_ESTABLISHED,,,UNKNOWN_NOT_APPLICABLE_OR_NOT_RECORDED; DO_NOT_IMPUTE_ZERO,UNASSIGNED,PROPOSED_NO_MEASURED_ROI
Reference/tables/07_global_technology_iso249_20261006/registry_global_organizations.csv,registry_global_organizations,10,as_of,REFERENCE_DATA,8ba1b22604a4ea5e9b2a465958444177c417c4fc3263ea36989609063fba8600,299,0,1,資料截至／檢查／審核／搜索／取得時間；各欄依操作分別解讀，時區不可猜,PROPOSED_CONTEXT_REVIEW,build_semantic_catalog.py: explicit proposed glossary,REVIEW_REQUIRED,新鮮度與審核時點,SOURCE_DATE_OR_TIMESTAMP,NOT_ESTABLISHED,,,UNKNOWN_NOT_APPLICABLE_OR_NOT_RECORDED; DO_NOT_IMPUTE_ZERO,UNASSIGNED,PROPOSED_NO_MEASURED_ROI
Reference/tables/07_global_technology_iso249_20261006/registry_global_organizations.csv,registry_global_organizations,11,origin_batch,REFERENCE_DATA,8ba1b22604a4ea5e9b2a465958444177c417c4fc3263ea36989609063fba8600,299,0,2,資料首次引入或本次審核的批次標識；不同快照不能直接累加,PROPOSED_CONTEXT_REVIEW,build_semantic_catalog.py: explicit proposed glossary,REVIEW_REQUIRED,版本與批次去重,NOT_APPLICABLE,NOT_ESTABLISHED,,,UNKNOWN_NOT_APPLICABLE_OR_NOT_RECORDED; DO_NOT_IMPUTE_ZERO,UNASSIGNED,PROPOSED_NO_MEASURED_ROI
Reference/tables/07_global_technology_iso249_20261006/registry_global_organizations.csv,registry_global_organizations,12,legal_domicile_state,REFERENCE_DATA,8ba1b22604a4ea5e9b2a465958444177c417c4fc3263ea36989609063fba8600,299,0,1,法人、住所或國別關係的獨立核實狀態；與機構存在不同,PROPOSED_CONTEXT_REVIEW,build_semantic_catalog.py: explicit proposed glossary,REVIEW_REQUIRED,法人與地理歸屬核實,NOT_APPLICABLE,NOT_ESTABLISHED,,,UNKNOWN_NOT_APPLICABLE_OR_NOT_RECORDED; DO_NOT_IMPUTE_ZERO,UNASSIGNED,PROPOSED_NO_MEASURED_ROI
Reference/tables/07_global_technology_iso249_20261006/registry_global_organizations.csv,registry_global_organizations,13,world_frontier_rank_state,REFERENCE_DATA,8ba1b22604a4ea5e9b2a465958444177c417c4fc3263ea36989609063fba8600,299,0,1,排名主張的核實狀態；先定義樣本、指標與比較協議,PROPOSED_CONTEXT_REVIEW,build_semantic_catalog.py: explicit proposed glossary,REVIEW_REQUIRED,比較口徑治理,NOT_APPLICABLE,NOT_ESTABLISHED,,,UNKNOWN_NOT_APPLICABLE_OR_NOT_RECORDED; DO_NOT_IMPUTE_ZERO,UNASSIGNED,PROPOSED_NO_MEASURED_ROI
Reference/tables/07_global_technology_iso249_20261006/registry_global_sources.csv,registry_global_sources,1,source_id,REFERENCE_DATA,07c4157b7b4a6b2ccc9ba47713b33f70db974184fbef1d3b690c8a8b8a68c76f,318,0,318,來源登記鍵；僅指來源，不代表該來源全部說法已核實,PROPOSED_CONTEXT_REVIEW,build_semantic_catalog.py: explicit proposed glossary,REVIEW_REQUIRED,主張證據追溯,NOT_APPLICABLE,NOT_ESTABLISHED,,,UNKNOWN_NOT_APPLICABLE_OR_NOT_RECORDED; DO_NOT_IMPUTE_ZERO,UNASSIGNED,PROPOSED_NO_MEASURED_ROI
Reference/tables/07_global_technology_iso249_20261006/registry_global_sources.csv,registry_global_sources,2,url,REFERENCE_DATA,07c4157b7b4a6b2ccc9ba47713b33f70db974184fbef1d3b690c8a8b8a68c76f,318,0,317,來源位址、檔案或行號；連結存在不代表內容可讀或支持主張,PROPOSED_CONTEXT_REVIEW,build_semantic_catalog.py: explicit proposed glossary,REVIEW_REQUIRED,證據定位,NOT_APPLICABLE,NOT_ESTABLISHED,,,UNKNOWN_NOT_APPLICABLE_OR_NOT_RECORDED; DO_NOT_IMPUTE_ZERO,UNASSIGNED,PROPOSED_NO_MEASURED_ROI
Reference/tables/07_global_technology_iso249_20261006/registry_global_sources.csv,registry_global_sources,3,supports,REFERENCE_DATA,07c4157b7b4a6b2ccc9ba47713b33f70db974184fbef1d3b690c8a8b8a68c76f,318,0,263,尚未完成欄位語義核實；需來源業務定義、單位、粒度與用途,UNRESOLVED,,REVIEW_REQUIRED,待資料負責人確認,UNKNOWN,NOT_ESTABLISHED,,,UNKNOWN_NOT_APPLICABLE_OR_NOT_RECORDED; DO_NOT_IMPUTE_ZERO,UNASSIGNED,PROPOSED_NO_MEASURED_ROI
Reference/tables/07_global_technology_iso249_20261006/registry_global_sources.csv,registry_global_sources,4,source_class,REFERENCE_DATA,07c4157b7b4a6b2ccc9ba47713b33f70db974184fbef1d3b690c8a8b8a68c76f,318,0,3,尚未完成欄位語義核實；需來源業務定義、單位、粒度與用途,UNRESOLVED,,REVIEW_REQUIRED,待資料負責人確認,UNKNOWN,NOT_ESTABLISHED,,,UNKNOWN_NOT_APPLICABLE_OR_NOT_RECORDED; DO_NOT_IMPUTE_ZERO,UNASSIGNED,PROPOSED_NO_MEASURED_ROI
Reference/tables/07_global_technology_iso249_20261006/registry_global_sources.csv,registry_global_sources,5,access_state,REFERENCE_DATA,07c4157b7b4a6b2ccc9ba47713b33f70db974184fbef1d3b690c8a8b8a68c76f,318,0,3,尚未完成欄位語義核實；需來源業務定義、單位、粒度與用途,UNRESOLVED,,REVIEW_REQUIRED,待資料負責人確認,UNKNOWN,NOT_ESTABLISHED,,,UNKNOWN_NOT_APPLICABLE_OR_NOT_RECORDED; DO_NOT_IMPUTE_ZERO,UNASSIGNED,PROPOSED_NO_MEASURED_ROI
Reference/tables/07_global_technology_iso249_20261006/registry_global_sources.csv,registry_global_sources,6,checked_on,REFERENCE_DATA,07c4157b7b4a6b2ccc9ba47713b33f70db974184fbef1d3b690c8a8b8a68c76f,318,79,1,資料截至／檢查／審核／搜索／取得時間；各欄依操作分別解讀，時區不可猜,PROPOSED_CONTEXT_REVIEW,build_semantic_catalog.py: explicit proposed glossary,REVIEW_REQUIRED,新鮮度與審核時點,SOURCE_DATE_OR_TIMESTAMP,NOT_ESTABLISHED,,,UNKNOWN_NOT_APPLICABLE_OR_NOT_RECORDED; DO_NOT_IMPUTE_ZERO,UNASSIGNED,PROPOSED_NO_MEASURED_ROI
Reference/tables/07_global_technology_iso249_20261006/registry_global_sources.csv,registry_global_sources,7,published_on,REFERENCE_DATA,07c4157b7b4a6b2ccc9ba47713b33f70db974184fbef1d3b690c8a8b8a68c76f,318,318,0,尚未完成欄位語義核實；需來源業務定義、單位、粒度與用途,UNRESOLVED,,REVIEW_REQUIRED,待資料負責人確認,UNKNOWN,NOT_ESTABLISHED,,,UNKNOWN_NOT_APPLICABLE_OR_NOT_RECORDED; DO_NOT_IMPUTE_ZERO,UNASSIGNED,PROPOSED_NO_MEASURED_ROI
Reference/tables/07_global_technology_iso249_20261006/registry_global_sources.csv,registry_global_sources,8,archive_state,REFERENCE_DATA,07c4157b7b4a6b2ccc9ba47713b33f70db974184fbef1d3b690c8a8b8a68c76f,318,0,1,尚未完成欄位語義核實；需來源業務定義、單位、粒度與用途,UNRESOLVED,,REVIEW_REQUIRED,待資料負責人確認,UNKNOWN,NOT_ESTABLISHED,,,UNKNOWN_NOT_APPLICABLE_OR_NOT_RECORDED; DO_NOT_IMPUTE_ZERO,UNASSIGNED,PROPOSED_NO_MEASURED_ROI
Reference/tables/07_global_technology_iso249_20261006/registry_global_sources.csv,registry_global_sources,9,license_state,REFERENCE_DATA,07c4157b7b4a6b2ccc9ba47713b33f70db974184fbef1d3b690c8a8b8a68c76f,318,0,1,授權審核狀態；需定位產品／資料／权重與版本,PROPOSED_CONTEXT_REVIEW,build_semantic_catalog.py: explicit proposed glossary,REVIEW_REQUIRED,用途准入,NOT_APPLICABLE,NOT_ESTABLISHED,,,UNKNOWN_NOT_APPLICABLE_OR_NOT_RECORDED; DO_NOT_IMPUTE_ZERO,UNASSIGNED,PROPOSED_NO_MEASURED_ROI
Reference/tables/07_global_technology_iso249_20261006/registry_global_sources.csv,registry_global_sources,10,origin_batch,REFERENCE_DATA,07c4157b7b4a6b2ccc9ba47713b33f70db974184fbef1d3b690c8a8b8a68c76f,318,0,2,資料首次引入或本次審核的批次標識；不同快照不能直接累加,PROPOSED_CONTEXT_REVIEW,build_semantic_catalog.py: explicit proposed glossary,REVIEW_REQUIRED,版本與批次去重,NOT_APPLICABLE,NOT_ESTABLISHED,,,UNKNOWN_NOT_APPLICABLE_OR_NOT_RECORDED; DO_NOT_IMPUTE_ZERO,UNASSIGNED,PROPOSED_NO_MEASURED_ROI
Reference/tables/07_global_technology_iso249_20261006/registry_legacy_product_project_leads.csv,registry_legacy_product_project_leads,1,entity_id,REFERENCE_DATA,a3ebe602c1eeab1f818997e4740fb05b71a074a53b522ff445471c1b1ec81eba,196,0,196,穩定內部實體識別鍵；命名空間及對象依所屬表，不以相似名稱自動合併,PROPOSED_CONTEXT_REVIEW,build_semantic_catalog.py: explicit proposed glossary,REVIEW_REQUIRED,跨表實體追溯,NOT_APPLICABLE,NOT_ESTABLISHED,,,UNKNOWN_NOT_APPLICABLE_OR_NOT_RECORDED; DO_NOT_IMPUTE_ZERO,UNASSIGNED,PROPOSED_NO_MEASURED_ROI
Reference/tables/07_global_technology_iso249_20261006/registry_legacy_product_project_leads.csv,registry_legacy_product_project_leads,2,product_project_leads,REFERENCE_DATA,a3ebe602c1eeab1f818997e4740fb05b71a074a53b522ff445471c1b1ec81eba,196,0,195,技術記錄鍵或產品／項目候選線索；候選不等於正式實體,PROPOSED_CONTEXT_REVIEW,build_semantic_catalog.py: explicit proposed glossary,REVIEW_REQUIRED,技術選型與後續查證,NOT_APPLICABLE,NOT_ESTABLISHED,,,UNKNOWN_NOT_APPLICABLE_OR_NOT_RECORDED; DO_NOT_IMPUTE_ZERO,UNASSIGNED,PROPOSED_NO_MEASURED_ROI
Reference/tables/07_global_technology_iso249_20261006/registry_legacy_product_project_leads.csv,registry_legacy_product_project_leads,3,evidence_state,REFERENCE_DATA,a3ebe602c1eeab1f818997e4740fb05b71a074a53b522ff445471c1b1ec81eba,196,0,1,特定記錄或主張的證據狀態；VERIFIED 僅限可定位範圍,PROPOSED_CONTEXT_REVIEW,build_semantic_catalog.py: explicit proposed glossary,REVIEW_REQUIRED,隔離未知、宣稱與核實,NOT_APPLICABLE,NOT_ESTABLISHED,,,UNKNOWN_NOT_APPLICABLE_OR_NOT_RECORDED; DO_NOT_IMPUTE_ZERO,UNASSIGNED,PROPOSED_NO_MEASURED_ROI
Reference/tables/07_global_technology_iso249_20261006/registry_legacy_product_project_leads.csv,registry_legacy_product_project_leads,4,source_id,REFERENCE_DATA,a3ebe602c1eeab1f818997e4740fb05b71a074a53b522ff445471c1b1ec81eba,196,7,189,來源登記鍵；僅指來源，不代表該來源全部說法已核實,PROPOSED_CONTEXT_REVIEW,build_semantic_catalog.py: explicit proposed glossary,REVIEW_REQUIRED,主張證據追溯,NOT_APPLICABLE,NOT_ESTABLISHED,,,UNKNOWN_NOT_APPLICABLE_OR_NOT_RECORDED; DO_NOT_IMPUTE_ZERO,UNASSIGNED,PROPOSED_NO_MEASURED_ROI
Reference/tables/07_global_technology_iso249_20261006/registry_legacy_product_project_leads.csv,registry_legacy_product_project_leads,5,notes,REFERENCE_DATA,a3ebe602c1eeab1f818997e4740fb05b71a074a53b522ff445471c1b1ec81eba,196,0,1,尚未完成欄位語義核實；需來源業務定義、單位、粒度與用途,UNRESOLVED,,REVIEW_REQUIRED,待資料負責人確認,UNKNOWN,NOT_ESTABLISHED,,,UNKNOWN_NOT_APPLICABLE_OR_NOT_RECORDED; DO_NOT_IMPUTE_ZERO,UNASSIGNED,PROPOSED_NO_MEASURED_ROI
Reference/tables/07_global_technology_iso249_20261006/registry_neurotechnology_global.csv,registry_neurotechnology_global,1,neuro_id,REFERENCE_DATA,7eb48939e84dec9f37e1822487b6bde430223ba89b0976318db18a07ec82ed56,13,0,13,尚未完成欄位語義核實；需來源業務定義、單位、粒度與用途,UNRESOLVED,,REVIEW_REQUIRED,待資料負責人確認,UNKNOWN,NOT_ESTABLISHED,,,UNKNOWN_NOT_APPLICABLE_OR_NOT_RECORDED; DO_NOT_IMPUTE_ZERO,UNASSIGNED,PROPOSED_NO_MEASURED_ROI
Reference/tables/07_global_technology_iso249_20261006/registry_neurotechnology_global.csv,registry_neurotechnology_global,2,entity_id,REFERENCE_DATA,7eb48939e84dec9f37e1822487b6bde430223ba89b0976318db18a07ec82ed56,13,0,13,穩定內部實體識別鍵；命名空間及對象依所屬表，不以相似名稱自動合併,PROPOSED_CONTEXT_REVIEW,build_semantic_catalog.py: explicit proposed glossary,REVIEW_REQUIRED,跨表實體追溯,NOT_APPLICABLE,NOT_ESTABLISHED,,,UNKNOWN_NOT_APPLICABLE_OR_NOT_RECORDED; DO_NOT_IMPUTE_ZERO,UNASSIGNED,PROPOSED_NO_MEASURED_ROI
Reference/tables/07_global_technology_iso249_20261006/registry_neurotechnology_global.csv,registry_neurotechnology_global,3,project_name,REFERENCE_DATA,7eb48939e84dec9f37e1822487b6bde430223ba89b0976318db18a07ec82ed56,13,0,13,尚未完成欄位語義核實；需來源業務定義、單位、粒度與用途,UNRESOLVED,,REVIEW_REQUIRED,待資料負責人確認,UNKNOWN,NOT_ESTABLISHED,,,UNKNOWN_NOT_APPLICABLE_OR_NOT_RECORDED; DO_NOT_IMPUTE_ZERO,UNASSIGNED,PROPOSED_NO_MEASURED_ROI
Reference/tables/07_global_technology_iso249_20261006/registry_neurotechnology_global.csv,registry_neurotechnology_global,4,country_candidate_iso_alpha2,REFERENCE_DATA,7eb48939e84dec9f37e1822487b6bde430223ba89b0976318db18a07ec82ed56,13,0,8,編輯候選國別關聯；不直接證明法律住所、部署國或國家能力,PROPOSED_CONTEXT_REVIEW,build_semantic_catalog.py: explicit proposed glossary,REVIEW_REQUIRED,國別查證候選,ISO_ALPHA2_CANDIDATE,NOT_ESTABLISHED,,,UNKNOWN_NOT_APPLICABLE_OR_NOT_RECORDED; DO_NOT_IMPUTE_ZERO,UNASSIGNED,PROPOSED_NO_MEASURED_ROI
Reference/tables/07_global_technology_iso249_20261006/registry_neurotechnology_global.csv,registry_neurotechnology_global,5,country_relation_state,REFERENCE_DATA,7eb48939e84dec9f37e1822487b6bde430223ba89b0976318db18a07ec82ed56,13,0,1,法人、住所或國別關係的獨立核實狀態；與機構存在不同,PROPOSED_CONTEXT_REVIEW,build_semantic_catalog.py: explicit proposed glossary,REVIEW_REQUIRED,法人與地理歸屬核實,NOT_APPLICABLE,NOT_ESTABLISHED,,,UNKNOWN_NOT_APPLICABLE_OR_NOT_RECORDED; DO_NOT_IMPUTE_ZERO,UNASSIGNED,PROPOSED_NO_MEASURED_ROI
Reference/tables/07_global_technology_iso249_20261006/registry_neurotechnology_global.csv,registry_neurotechnology_global,6,invasiveness,REFERENCE_DATA,7eb48939e84dec9f37e1822487b6bde430223ba89b0976318db18a07ec82ed56,13,0,8,介面侵入性分類；需具體植入／介入部位與程序證據,PROPOSED_CONTEXT_REVIEW,build_semantic_catalog.py: explicit proposed glossary,REVIEW_REQUIRED,技術風險與成熟度,NOT_APPLICABLE,NOT_ESTABLISHED,,,UNKNOWN_NOT_APPLICABLE_OR_NOT_RECORDED; DO_NOT_IMPUTE_ZERO,UNASSIGNED,PROPOSED_NO_MEASURED_ROI
Reference/tables/07_global_technology_iso249_20261006/registry_neurotechnology_global.csv,registry_neurotechnology_global,7,modality,REFERENCE_DATA,7eb48939e84dec9f37e1822487b6bde430223ba89b0976318db18a07ec82ed56,13,0,6,量測／刺激模態，例如 EEG、ECoG、微電極、fNIRS、TMS；不能等同功能證明,PROPOSED_CONTEXT_REVIEW,build_semantic_catalog.py: explicit proposed glossary,REVIEW_REQUIRED,技術分類,NOT_APPLICABLE,NOT_ESTABLISHED,,,UNKNOWN_NOT_APPLICABLE_OR_NOT_RECORDED; DO_NOT_IMPUTE_ZERO,UNASSIGNED,PROPOSED_NO_MEASURED_ROI
Reference/tables/07_global_technology_iso249_20261006/registry_neurotechnology_global.csv,registry_neurotechnology_global,8,signal_direction,REFERENCE_DATA,7eb48939e84dec9f37e1822487b6bde430223ba89b0976318db18a07ec82ed56,13,0,7,讀取、寫入或雙向功能；需任務與人體／動物等條件,PROPOSED_CONTEXT_REVIEW,build_semantic_catalog.py: explicit proposed glossary,REVIEW_REQUIRED,能力方向比較,NOT_APPLICABLE,NOT_ESTABLISHED,,,UNKNOWN_NOT_APPLICABLE_OR_NOT_RECORDED; DO_NOT_IMPUTE_ZERO,UNASSIGNED,PROPOSED_NO_MEASURED_ROI
Reference/tables/07_global_technology_iso249_20261006/registry_neurotechnology_global.csv,registry_neurotechnology_global,9,direction_state,REFERENCE_DATA,7eb48939e84dec9f37e1822487b6bde430223ba89b0976318db18a07ec82ed56,13,0,3,尚未完成欄位語義核實；需來源業務定義、單位、粒度與用途,UNRESOLVED,,REVIEW_REQUIRED,待資料負責人確認,UNKNOWN,NOT_ESTABLISHED,,,UNKNOWN_NOT_APPLICABLE_OR_NOT_RECORDED; DO_NOT_IMPUTE_ZERO,UNASSIGNED,PROPOSED_NO_MEASURED_ROI
Reference/tables/07_global_technology_iso249_20261006/registry_neurotechnology_global.csv,registry_neurotechnology_global,10,remote_state,REFERENCE_DATA,7eb48939e84dec9f37e1822487b6bde430223ba89b0976318db18a07ec82ed56,13,0,3,遠端相關主張狀態；網路存取與距離腦訊號量測分別核實,PROPOSED_CONTEXT_REVIEW,build_semantic_catalog.py: explicit proposed glossary,REVIEW_REQUIRED,防止遠端概念混用,NOT_APPLICABLE,NOT_ESTABLISHED,,,UNKNOWN_NOT_APPLICABLE_OR_NOT_RECORDED; DO_NOT_IMPUTE_ZERO,UNASSIGNED,PROPOSED_NO_MEASURED_ROI
Reference/tables/07_global_technology_iso249_20261006/registry_neurotechnology_global.csv,registry_neurotechnology_global,11,information_bandwidth_bits_per_second,REFERENCE_DATA,7eb48939e84dec9f37e1822487b6bde430223ba89b0976318db18a07ec82ed56,13,13,0,資訊帶寬測量值；需協議、任務、噪音、樣本與誤差，未公開留空,PROPOSED_CONTEXT_REVIEW,build_semantic_catalog.py: explicit proposed glossary,REVIEW_REQUIRED,可比較訊號傳輸能力,bits/s,NOT_ESTABLISHED,,,UNKNOWN_NOT_APPLICABLE_OR_NOT_RECORDED; DO_NOT_IMPUTE_ZERO,UNASSIGNED,PROPOSED_NO_MEASURED_ROI
Reference/tables/07_global_technology_iso249_20261006/registry_neurotechnology_global.csv,registry_neurotechnology_global,12,bandwidth_state,REFERENCE_DATA,7eb48939e84dec9f37e1822487b6bde430223ba89b0976318db18a07ec82ed56,13,0,1,尚未完成欄位語義核實；需來源業務定義、單位、粒度與用途,UNRESOLVED,,REVIEW_REQUIRED,待資料負責人確認,UNKNOWN,NOT_ESTABLISHED,,,UNKNOWN_NOT_APPLICABLE_OR_NOT_RECORDED; DO_NOT_IMPUTE_ZERO,UNASSIGNED,PROPOSED_NO_MEASURED_ROI
Reference/tables/07_global_technology_iso249_20261006/registry_neurotechnology_global.csv,registry_neurotechnology_global,13,bandwidth_protocol,REFERENCE_DATA,7eb48939e84dec9f37e1822487b6bde430223ba89b0976318db18a07ec82ed56,13,0,1,資訊帶寬測試協議或方法；沒有方法不能直接比較數值,PROPOSED_CONTEXT_REVIEW,build_semantic_catalog.py: explicit proposed glossary,REVIEW_REQUIRED,測量可重現,NOT_APPLICABLE,NOT_ESTABLISHED,,,UNKNOWN_NOT_APPLICABLE_OR_NOT_RECORDED; DO_NOT_IMPUTE_ZERO,UNASSIGNED,PROPOSED_NO_MEASURED_ROI
Reference/tables/07_global_technology_iso249_20261006/registry_neurotechnology_global.csv,registry_neurotechnology_global,14,human_trial_state,REFERENCE_DATA,7eb48939e84dec9f37e1822487b6bde430223ba89b0976318db18a07ec82ed56,13,0,3,人體試驗證據、臨床階段或登記狀態；試驗登記不等於結果或許可,PROPOSED_CONTEXT_REVIEW,build_semantic_catalog.py: explicit proposed glossary,REVIEW_REQUIRED,臨床成熟度,NOT_APPLICABLE,NOT_ESTABLISHED,,,UNKNOWN_NOT_APPLICABLE_OR_NOT_RECORDED; DO_NOT_IMPUTE_ZERO,UNASSIGNED,PROPOSED_NO_MEASURED_ROI
Reference/tables/07_global_technology_iso249_20261006/registry_neurotechnology_global.csv,registry_neurotechnology_global,15,trial_ids,REFERENCE_DATA,7eb48939e84dec9f37e1822487b6bde430223ba89b0976318db18a07ec82ed56,13,12,1,文獻、專利或試驗識別碼集合；取得識別碼不代表正文已審,PROPOSED_CONTEXT_REVIEW,build_semantic_catalog.py: explicit proposed glossary,REVIEW_REQUIRED,證據回溯,NOT_APPLICABLE,NOT_ESTABLISHED,,,UNKNOWN_NOT_APPLICABLE_OR_NOT_RECORDED; DO_NOT_IMPUTE_ZERO,UNASSIGNED,PROPOSED_NO_MEASURED_ROI
Reference/tables/07_global_technology_iso249_20261006/registry_neurotechnology_global.csv,registry_neurotechnology_global,16,trial_registry_status,REFERENCE_DATA,7eb48939e84dec9f37e1822487b6bde430223ba89b0976318db18a07ec82ed56,13,0,1,人體試驗證據、臨床階段或登記狀態；試驗登記不等於結果或許可,PROPOSED_CONTEXT_REVIEW,build_semantic_catalog.py: explicit proposed glossary,REVIEW_REQUIRED,臨床成熟度,NOT_APPLICABLE,NOT_ESTABLISHED,,,UNKNOWN_NOT_APPLICABLE_OR_NOT_RECORDED; DO_NOT_IMPUTE_ZERO,UNASSIGNED,PROPOSED_NO_MEASURED_ROI
Reference/tables/07_global_technology_iso249_20261006/registry_neurotechnology_global.csv,registry_neurotechnology_global,17,clinical_phase,REFERENCE_DATA,7eb48939e84dec9f37e1822487b6bde430223ba89b0976318db18a07ec82ed56,13,0,1,人體試驗證據、臨床階段或登記狀態；試驗登記不等於結果或許可,PROPOSED_CONTEXT_REVIEW,build_semantic_catalog.py: explicit proposed glossary,REVIEW_REQUIRED,臨床成熟度,NOT_APPLICABLE,NOT_ESTABLISHED,,,UNKNOWN_NOT_APPLICABLE_OR_NOT_RECORDED; DO_NOT_IMPUTE_ZERO,UNASSIGNED,PROPOSED_NO_MEASURED_ROI
Reference/tables/07_global_technology_iso249_20261006/registry_neurotechnology_global.csv,registry_neurotechnology_global,18,publication_ids,REFERENCE_DATA,7eb48939e84dec9f37e1822487b6bde430223ba89b0976318db18a07ec82ed56,13,13,0,文獻、專利或試驗識別碼集合；取得識別碼不代表正文已審,PROPOSED_CONTEXT_REVIEW,build_semantic_catalog.py: explicit proposed glossary,REVIEW_REQUIRED,證據回溯,NOT_APPLICABLE,NOT_ESTABLISHED,,,UNKNOWN_NOT_APPLICABLE_OR_NOT_RECORDED; DO_NOT_IMPUTE_ZERO,UNASSIGNED,PROPOSED_NO_MEASURED_ROI
Reference/tables/07_global_technology_iso249_20261006/registry_neurotechnology_global.csv,registry_neurotechnology_global,19,publication_state,REFERENCE_DATA,7eb48939e84dec9f37e1822487b6bde430223ba89b0976318db18a07ec82ed56,13,0,1,尚未完成欄位語義核實；需來源業務定義、單位、粒度與用途,UNRESOLVED,,REVIEW_REQUIRED,待資料負責人確認,UNKNOWN,NOT_ESTABLISHED,,,UNKNOWN_NOT_APPLICABLE_OR_NOT_RECORDED; DO_NOT_IMPUTE_ZERO,UNASSIGNED,PROPOSED_NO_MEASURED_ROI
Reference/tables/07_global_technology_iso249_20261006/registry_neurotechnology_global.csv,registry_neurotechnology_global,20,patent_ids,REFERENCE_DATA,7eb48939e84dec9f37e1822487b6bde430223ba89b0976318db18a07ec82ed56,13,13,0,文獻、專利或試驗識別碼集合；取得識別碼不代表正文已審,PROPOSED_CONTEXT_REVIEW,build_semantic_catalog.py: explicit proposed glossary,REVIEW_REQUIRED,證據回溯,NOT_APPLICABLE,NOT_ESTABLISHED,,,UNKNOWN_NOT_APPLICABLE_OR_NOT_RECORDED; DO_NOT_IMPUTE_ZERO,UNASSIGNED,PROPOSED_NO_MEASURED_ROI
Reference/tables/07_global_technology_iso249_20261006/registry_neurotechnology_global.csv,registry_neurotechnology_global,21,patent_state,REFERENCE_DATA,7eb48939e84dec9f37e1822487b6bde430223ba89b0976318db18a07ec82ed56,13,0,1,尚未完成欄位語義核實；需來源業務定義、單位、粒度與用途,UNRESOLVED,,REVIEW_REQUIRED,待資料負責人確認,UNKNOWN,NOT_ESTABLISHED,,,UNKNOWN_NOT_APPLICABLE_OR_NOT_RECORDED; DO_NOT_IMPUTE_ZERO,UNASSIGNED,PROPOSED_NO_MEASURED_ROI
Reference/tables/07_global_technology_iso249_20261006/registry_neurotechnology_global.csv,registry_neurotechnology_global,22,regulatory_state,REFERENCE_DATA,7eb48939e84dec9f37e1822487b6bde430223ba89b0976318db18a07ec82ed56,13,0,3,監管狀態或其司法區；版次與日期需另定位,PROPOSED_CONTEXT_REVIEW,build_semantic_catalog.py: explicit proposed glossary,REVIEW_REQUIRED,臨床／採購條件評估,NOT_APPLICABLE,NOT_ESTABLISHED,,,UNKNOWN_NOT_APPLICABLE_OR_NOT_RECORDED; DO_NOT_IMPUTE_ZERO,UNASSIGNED,PROPOSED_NO_MEASURED_ROI
Reference/tables/07_global_technology_iso249_20261006/registry_neurotechnology_global.csv,registry_neurotechnology_global,23,regulatory_jurisdiction,REFERENCE_DATA,7eb48939e84dec9f37e1822487b6bde430223ba89b0976318db18a07ec82ed56,13,0,2,監管狀態或其司法區；版次與日期需另定位,PROPOSED_CONTEXT_REVIEW,build_semantic_catalog.py: explicit proposed glossary,REVIEW_REQUIRED,臨床／採購條件評估,NOT_APPLICABLE,NOT_ESTABLISHED,,,UNKNOWN_NOT_APPLICABLE_OR_NOT_RECORDED; DO_NOT_IMPUTE_ZERO,UNASSIGNED,PROPOSED_NO_MEASURED_ROI
Reference/tables/07_global_technology_iso249_20261006/registry_neurotechnology_global.csv,registry_neurotechnology_global,24,N0_N7_level,REFERENCE_DATA,7eb48939e84dec9f37e1822487b6bde430223ba89b0976318db18a07ec82ed56,13,0,1,國家能力或神經技術分級狀態；缺測試定義或證據維持 UNKNOWN,PROPOSED_CONTEXT_REVIEW,build_semantic_catalog.py: explicit proposed glossary,REVIEW_REQUIRED,防止無證據國別排名,NOT_APPLICABLE,NOT_ESTABLISHED,,,UNKNOWN_NOT_APPLICABLE_OR_NOT_RECORDED; DO_NOT_IMPUTE_ZERO,UNASSIGNED,PROPOSED_NO_MEASURED_ROI
Reference/tables/07_global_technology_iso249_20261006/registry_neurotechnology_global.csv,registry_neurotechnology_global,25,evidence_state,REFERENCE_DATA,7eb48939e84dec9f37e1822487b6bde430223ba89b0976318db18a07ec82ed56,13,0,2,特定記錄或主張的證據狀態；VERIFIED 僅限可定位範圍,PROPOSED_CONTEXT_REVIEW,build_semantic_catalog.py: explicit proposed glossary,REVIEW_REQUIRED,隔離未知、宣稱與核實,NOT_APPLICABLE,NOT_ESTABLISHED,,,UNKNOWN_NOT_APPLICABLE_OR_NOT_RECORDED; DO_NOT_IMPUTE_ZERO,UNASSIGNED,PROPOSED_NO_MEASURED_ROI
Reference/tables/07_global_technology_iso249_20261006/registry_neurotechnology_global.csv,registry_neurotechnology_global,26,verification_scope,REFERENCE_DATA,7eb48939e84dec9f37e1822487b6bde430223ba89b0976318db18a07ec82ed56,13,0,2,核實涵蓋的主張、條件與邊界；不把公開描述擴展成性能或部署證明,PROPOSED_CONTEXT_REVIEW,build_semantic_catalog.py: explicit proposed glossary,REVIEW_REQUIRED,限定決策可信範圍,NOT_APPLICABLE,NOT_ESTABLISHED,,,UNKNOWN_NOT_APPLICABLE_OR_NOT_RECORDED; DO_NOT_IMPUTE_ZERO,UNASSIGNED,PROPOSED_NO_MEASURED_ROI
Reference/tables/07_global_technology_iso249_20261006/registry_neurotechnology_global.csv,registry_neurotechnology_global,27,source_id,REFERENCE_DATA,7eb48939e84dec9f37e1822487b6bde430223ba89b0976318db18a07ec82ed56,13,0,13,來源登記鍵；僅指來源，不代表該來源全部說法已核實,PROPOSED_CONTEXT_REVIEW,build_semantic_catalog.py: explicit proposed glossary,REVIEW_REQUIRED,主張證據追溯,NOT_APPLICABLE,NOT_ESTABLISHED,,,UNKNOWN_NOT_APPLICABLE_OR_NOT_RECORDED; DO_NOT_IMPUTE_ZERO,UNASSIGNED,PROPOSED_NO_MEASURED_ROI
Reference/tables/07_global_technology_iso249_20261006/registry_neurotechnology_global.csv,registry_neurotechnology_global,28,notes,REFERENCE_DATA,7eb48939e84dec9f37e1822487b6bde430223ba89b0976318db18a07ec82ed56,13,0,5,尚未完成欄位語義核實；需來源業務定義、單位、粒度與用途,UNRESOLVED,,REVIEW_REQUIRED,待資料負責人確認,UNKNOWN,NOT_ESTABLISHED,,,UNKNOWN_NOT_APPLICABLE_OR_NOT_RECORDED; DO_NOT_IMPUTE_ZERO,UNASSIGNED,PROPOSED_NO_MEASURED_ROI
Reference/tables/07_global_technology_iso249_20261006/registry_neurotechnology_global.csv,registry_neurotechnology_global,29,as_of,REFERENCE_DATA,7eb48939e84dec9f37e1822487b6bde430223ba89b0976318db18a07ec82ed56,13,0,1,資料截至／檢查／審核／搜索／取得時間；各欄依操作分別解讀，時區不可猜,PROPOSED_CONTEXT_REVIEW,build_semantic_catalog.py: explicit proposed glossary,REVIEW_REQUIRED,新鮮度與審核時點,SOURCE_DATE_OR_TIMESTAMP,NOT_ESTABLISHED,,,UNKNOWN_NOT_APPLICABLE_OR_NOT_RECORDED; DO_NOT_IMPUTE_ZERO,UNASSIGNED,PROPOSED_NO_MEASURED_ROI
Reference/tables/07_global_technology_iso249_20261006/registry_technology_products_tools.csv,registry_technology_products_tools,1,technology_id,REFERENCE_DATA,965373c19b9799c06da6c55e99cde32922b9a56daae8393e3d6fe5de23d919b6,44,0,44,技術記錄鍵或產品／項目候選線索；候選不等於正式實體,PROPOSED_CONTEXT_REVIEW,build_semantic_catalog.py: explicit proposed glossary,REVIEW_REQUIRED,技術選型與後續查證,NOT_APPLICABLE,NOT_ESTABLISHED,,,UNKNOWN_NOT_APPLICABLE_OR_NOT_RECORDED; DO_NOT_IMPUTE_ZERO,UNASSIGNED,PROPOSED_NO_MEASURED_ROI
Reference/tables/07_global_technology_iso249_20261006/registry_technology_products_tools.csv,registry_technology_products_tools,2,display_name,REFERENCE_DATA,965373c19b9799c06da6c55e99cde32922b9a56daae8393e3d6fe5de23d919b6,44,0,44,尚未完成欄位語義核實；需來源業務定義、單位、粒度與用途,UNRESOLVED,,REVIEW_REQUIRED,待資料負責人確認,UNKNOWN,NOT_ESTABLISHED,,,UNKNOWN_NOT_APPLICABLE_OR_NOT_RECORDED; DO_NOT_IMPUTE_ZERO,UNASSIGNED,PROPOSED_NO_MEASURED_ROI
Reference/tables/07_global_technology_iso249_20261006/registry_technology_products_tools.csv,registry_technology_products_tools,3,record_type,REFERENCE_DATA,965373c19b9799c06da6c55e99cde32922b9a56daae8393e3d6fe5de23d919b6,44,0,18,尚未完成欄位語義核實；需來源業務定義、單位、粒度與用途,UNRESOLVED,,REVIEW_REQUIRED,待資料負責人確認,UNKNOWN,NOT_ESTABLISHED,,,UNKNOWN_NOT_APPLICABLE_OR_NOT_RECORDED; DO_NOT_IMPUTE_ZERO,UNASSIGNED,PROPOSED_NO_MEASURED_ROI
Reference/tables/07_global_technology_iso249_20261006/registry_technology_products_tools.csv,registry_technology_products_tools,4,domain,REFERENCE_DATA,965373c19b9799c06da6c55e99cde32922b9a56daae8393e3d6fe5de23d919b6,44,0,12,尚未完成欄位語義核實；需來源業務定義、單位、粒度與用途,UNRESOLVED,,REVIEW_REQUIRED,待資料負責人確認,UNKNOWN,NOT_ESTABLISHED,,,UNKNOWN_NOT_APPLICABLE_OR_NOT_RECORDED; DO_NOT_IMPUTE_ZERO,UNASSIGNED,PROPOSED_NO_MEASURED_ROI
Reference/tables/07_global_technology_iso249_20261006/registry_technology_products_tools.csv,registry_technology_products_tools,5,issuer_entity_id,REFERENCE_DATA,965373c19b9799c06da6c55e99cde32922b9a56daae8393e3d6fe5de23d919b6,44,25,10,尚未完成欄位語義核實；需來源業務定義、單位、粒度與用途,UNRESOLVED,,REVIEW_REQUIRED,待資料負責人確認,UNKNOWN,NOT_ESTABLISHED,,,UNKNOWN_NOT_APPLICABLE_OR_NOT_RECORDED; DO_NOT_IMPUTE_ZERO,UNASSIGNED,PROPOSED_NO_MEASURED_ROI
Reference/tables/07_global_technology_iso249_20261006/registry_technology_products_tools.csv,registry_technology_products_tools,6,issuer_relation_state,REFERENCE_DATA,965373c19b9799c06da6c55e99cde32922b9a56daae8393e3d6fe5de23d919b6,44,0,2,尚未完成欄位語義核實；需來源業務定義、單位、粒度與用途,UNRESOLVED,,REVIEW_REQUIRED,待資料負責人確認,UNKNOWN,NOT_ESTABLISHED,,,UNKNOWN_NOT_APPLICABLE_OR_NOT_RECORDED; DO_NOT_IMPUTE_ZERO,UNASSIGNED,PROPOSED_NO_MEASURED_ROI
Reference/tables/07_global_technology_iso249_20261006/registry_technology_products_tools.csv,registry_technology_products_tools,7,public_description,REFERENCE_DATA,965373c19b9799c06da6c55e99cde32922b9a56daae8393e3d6fe5de23d919b6,44,0,42,尚未完成欄位語義核實；需來源業務定義、單位、粒度與用途,UNRESOLVED,,REVIEW_REQUIRED,待資料負責人確認,UNKNOWN,NOT_ESTABLISHED,,,UNKNOWN_NOT_APPLICABLE_OR_NOT_RECORDED; DO_NOT_IMPUTE_ZERO,UNASSIGNED,PROPOSED_NO_MEASURED_ROI
Reference/tables/07_global_technology_iso249_20261006/registry_technology_products_tools.csv,registry_technology_products_tools,8,evidence_state,REFERENCE_DATA,965373c19b9799c06da6c55e99cde32922b9a56daae8393e3d6fe5de23d919b6,44,0,2,特定記錄或主張的證據狀態；VERIFIED 僅限可定位範圍,PROPOSED_CONTEXT_REVIEW,build_semantic_catalog.py: explicit proposed glossary,REVIEW_REQUIRED,隔離未知、宣稱與核實,NOT_APPLICABLE,NOT_ESTABLISHED,,,UNKNOWN_NOT_APPLICABLE_OR_NOT_RECORDED; DO_NOT_IMPUTE_ZERO,UNASSIGNED,PROPOSED_NO_MEASURED_ROI
Reference/tables/07_global_technology_iso249_20261006/registry_technology_products_tools.csv,registry_technology_products_tools,9,verification_scope,REFERENCE_DATA,965373c19b9799c06da6c55e99cde32922b9a56daae8393e3d6fe5de23d919b6,44,0,2,核實涵蓋的主張、條件與邊界；不把公開描述擴展成性能或部署證明,PROPOSED_CONTEXT_REVIEW,build_semantic_catalog.py: explicit proposed glossary,REVIEW_REQUIRED,限定決策可信範圍,NOT_APPLICABLE,NOT_ESTABLISHED,,,UNKNOWN_NOT_APPLICABLE_OR_NOT_RECORDED; DO_NOT_IMPUTE_ZERO,UNASSIGNED,PROPOSED_NO_MEASURED_ROI
Reference/tables/07_global_technology_iso249_20261006/registry_technology_products_tools.csv,registry_technology_products_tools,10,source_id,REFERENCE_DATA,965373c19b9799c06da6c55e99cde32922b9a56daae8393e3d6fe5de23d919b6,44,0,35,來源登記鍵；僅指來源，不代表該來源全部說法已核實,PROPOSED_CONTEXT_REVIEW,build_semantic_catalog.py: explicit proposed glossary,REVIEW_REQUIRED,主張證據追溯,NOT_APPLICABLE,NOT_ESTABLISHED,,,UNKNOWN_NOT_APPLICABLE_OR_NOT_RECORDED; DO_NOT_IMPUTE_ZERO,UNASSIGNED,PROPOSED_NO_MEASURED_ROI
Reference/tables/07_global_technology_iso249_20261006/registry_technology_products_tools.csv,registry_technology_products_tools,11,version_state,REFERENCE_DATA,965373c19b9799c06da6c55e99cde32922b9a56daae8393e3d6fe5de23d919b6,44,0,1,尚未完成欄位語義核實；需來源業務定義、單位、粒度與用途,UNRESOLVED,,REVIEW_REQUIRED,待資料負責人確認,UNKNOWN,NOT_ESTABLISHED,,,UNKNOWN_NOT_APPLICABLE_OR_NOT_RECORDED; DO_NOT_IMPUTE_ZERO,UNASSIGNED,PROPOSED_NO_MEASURED_ROI
Reference/tables/07_global_technology_iso249_20261006/registry_technology_products_tools.csv,registry_technology_products_tools,12,license_state,REFERENCE_DATA,965373c19b9799c06da6c55e99cde32922b9a56daae8393e3d6fe5de23d919b6,44,0,1,授權審核狀態；需定位產品／資料／权重與版本,PROPOSED_CONTEXT_REVIEW,build_semantic_catalog.py: explicit proposed glossary,REVIEW_REQUIRED,用途准入,NOT_APPLICABLE,NOT_ESTABLISHED,,,UNKNOWN_NOT_APPLICABLE_OR_NOT_RECORDED; DO_NOT_IMPUTE_ZERO,UNASSIGNED,PROPOSED_NO_MEASURED_ROI
Reference/tables/07_global_technology_iso249_20261006/registry_technology_products_tools.csv,registry_technology_products_tools,13,availability_state,REFERENCE_DATA,965373c19b9799c06da6c55e99cde32922b9a56daae8393e3d6fe5de23d919b6,44,0,1,尚未完成欄位語義核實；需來源業務定義、單位、粒度與用途,UNRESOLVED,,REVIEW_REQUIRED,待資料負責人確認,UNKNOWN,NOT_ESTABLISHED,,,UNKNOWN_NOT_APPLICABLE_OR_NOT_RECORDED; DO_NOT_IMPUTE_ZERO,UNASSIGNED,PROPOSED_NO_MEASURED_ROI
Reference/tables/07_global_technology_iso249_20261006/registry_technology_products_tools.csv,registry_technology_products_tools,14,independent_performance_state,REFERENCE_DATA,965373c19b9799c06da6c55e99cde32922b9a56daae8393e3d6fe5de23d919b6,44,0,1,性能主張或獨立性能驗證狀態；不是性能數值,PROPOSED_CONTEXT_REVIEW,build_semantic_catalog.py: explicit proposed glossary,REVIEW_REQUIRED,避免宣傳數字冒充測試,NOT_APPLICABLE,NOT_ESTABLISHED,,,UNKNOWN_NOT_APPLICABLE_OR_NOT_RECORDED; DO_NOT_IMPUTE_ZERO,UNASSIGNED,PROPOSED_NO_MEASURED_ROI
Reference/tables/07_global_technology_iso249_20261006/registry_technology_products_tools.csv,registry_technology_products_tools,15,global_rank_state,REFERENCE_DATA,965373c19b9799c06da6c55e99cde32922b9a56daae8393e3d6fe5de23d919b6,44,0,1,排名主張的核實狀態；先定義樣本、指標與比較協議,PROPOSED_CONTEXT_REVIEW,build_semantic_catalog.py: explicit proposed glossary,REVIEW_REQUIRED,比較口徑治理,NOT_APPLICABLE,NOT_ESTABLISHED,,,UNKNOWN_NOT_APPLICABLE_OR_NOT_RECORDED; DO_NOT_IMPUTE_ZERO,UNASSIGNED,PROPOSED_NO_MEASURED_ROI
Reference/tables/07_global_technology_iso249_20261006/registry_technology_products_tools.csv,registry_technology_products_tools,16,regulatory_state,REFERENCE_DATA,965373c19b9799c06da6c55e99cde32922b9a56daae8393e3d6fe5de23d919b6,44,0,2,監管狀態或其司法區；版次與日期需另定位,PROPOSED_CONTEXT_REVIEW,build_semantic_catalog.py: explicit proposed glossary,REVIEW_REQUIRED,臨床／採購條件評估,NOT_APPLICABLE,NOT_ESTABLISHED,,,UNKNOWN_NOT_APPLICABLE_OR_NOT_RECORDED; DO_NOT_IMPUTE_ZERO,UNASSIGNED,PROPOSED_NO_MEASURED_ROI
Reference/tables/07_global_technology_iso249_20261006/registry_technology_products_tools.csv,registry_technology_products_tools,17,as_of,REFERENCE_DATA,965373c19b9799c06da6c55e99cde32922b9a56daae8393e3d6fe5de23d919b6,44,0,1,資料截至／檢查／審核／搜索／取得時間；各欄依操作分別解讀，時區不可猜,PROPOSED_CONTEXT_REVIEW,build_semantic_catalog.py: explicit proposed glossary,REVIEW_REQUIRED,新鮮度與審核時點,SOURCE_DATE_OR_TIMESTAMP,NOT_ESTABLISHED,,,UNKNOWN_NOT_APPLICABLE_OR_NOT_RECORDED; DO_NOT_IMPUTE_ZERO,UNASSIGNED,PROPOSED_NO_MEASURED_ROI
Reference/tables/08_global_technology_iso249_20261006_b02/registry_country_entity_relations.csv,registry_country_entity_relations,1,relation_id,REFERENCE_DATA,a5fcc0d1d39bfa7f4e26491f9ef60134fbdc36f96f69290831eaffdf5064912c,8,0,8,尚未完成欄位語義核實；需來源業務定義、單位、粒度與用途,UNRESOLVED,,REVIEW_REQUIRED,待資料負責人確認,UNKNOWN,NOT_ESTABLISHED,,,UNKNOWN_NOT_APPLICABLE_OR_NOT_RECORDED; DO_NOT_IMPUTE_ZERO,UNASSIGNED,PROPOSED_NO_MEASURED_ROI
Reference/tables/08_global_technology_iso249_20261006_b02/registry_country_entity_relations.csv,registry_country_entity_relations,2,entity_id,REFERENCE_DATA,a5fcc0d1d39bfa7f4e26491f9ef60134fbdc36f96f69290831eaffdf5064912c,8,0,7,穩定內部實體識別鍵；命名空間及對象依所屬表，不以相似名稱自動合併,PROPOSED_CONTEXT_REVIEW,build_semantic_catalog.py: explicit proposed glossary,REVIEW_REQUIRED,跨表實體追溯,NOT_APPLICABLE,NOT_ESTABLISHED,,,UNKNOWN_NOT_APPLICABLE_OR_NOT_RECORDED; DO_NOT_IMPUTE_ZERO,UNASSIGNED,PROPOSED_NO_MEASURED_ROI
Reference/tables/08_global_technology_iso249_20261006_b02/registry_country_entity_relations.csv,registry_country_entity_relations,3,iso_alpha2,REFERENCE_DATA,a5fcc0d1d39bfa7f4e26491f9ef60134fbdc36f96f69290831eaffdf5064912c,8,0,8,ISO 3166-1 alpha-2 國家／地區代碼；代碼版次與關係另記,PROPOSED_CONTEXT_REVIEW,build_semantic_catalog.py: explicit proposed glossary,REVIEW_REQUIRED,母表連結,ISO_ALPHA2,NOT_ESTABLISHED,,,UNKNOWN_NOT_APPLICABLE_OR_NOT_RECORDED; DO_NOT_IMPUTE_ZERO,UNASSIGNED,PROPOSED_NO_MEASURED_ROI
Reference/tables/08_global_technology_iso249_20261006_b02/registry_country_entity_relations.csv,registry_country_entity_relations,4,relation_type,REFERENCE_DATA,a5fcc0d1d39bfa7f4e26491f9ef60134fbdc36f96f69290831eaffdf5064912c,8,0,5,尚未完成欄位語義核實；需來源業務定義、單位、粒度與用途,UNRESOLVED,,REVIEW_REQUIRED,待資料負責人確認,UNKNOWN,NOT_ESTABLISHED,,,UNKNOWN_NOT_APPLICABLE_OR_NOT_RECORDED; DO_NOT_IMPUTE_ZERO,UNASSIGNED,PROPOSED_NO_MEASURED_ROI
Reference/tables/08_global_technology_iso249_20261006_b02/registry_country_entity_relations.csv,registry_country_entity_relations,5,claim,REFERENCE_DATA,a5fcc0d1d39bfa7f4e26491f9ef60134fbdc36f96f69290831eaffdf5064912c,8,0,7,一項待審或歷史主張的文字；與其證據狀態一起使用,PROPOSED_CONTEXT_REVIEW,build_semantic_catalog.py: explicit proposed glossary,REVIEW_REQUIRED,保存研究命題,NOT_APPLICABLE,NOT_ESTABLISHED,,,UNKNOWN_NOT_APPLICABLE_OR_NOT_RECORDED; DO_NOT_IMPUTE_ZERO,UNASSIGNED,PROPOSED_NO_MEASURED_ROI
Reference/tables/08_global_technology_iso249_20261006_b02/registry_country_entity_relations.csv,registry_country_entity_relations,6,evidence_state,REFERENCE_DATA,a5fcc0d1d39bfa7f4e26491f9ef60134fbdc36f96f69290831eaffdf5064912c,8,0,1,特定記錄或主張的證據狀態；VERIFIED 僅限可定位範圍,PROPOSED_CONTEXT_REVIEW,build_semantic_catalog.py: explicit proposed glossary,REVIEW_REQUIRED,隔離未知、宣稱與核實,NOT_APPLICABLE,NOT_ESTABLISHED,,,UNKNOWN_NOT_APPLICABLE_OR_NOT_RECORDED; DO_NOT_IMPUTE_ZERO,UNASSIGNED,PROPOSED_NO_MEASURED_ROI
Reference/tables/08_global_technology_iso249_20261006_b02/registry_country_entity_relations.csv,registry_country_entity_relations,7,verification_scope,REFERENCE_DATA,a5fcc0d1d39bfa7f4e26491f9ef60134fbdc36f96f69290831eaffdf5064912c,8,0,2,核實涵蓋的主張、條件與邊界；不把公開描述擴展成性能或部署證明,PROPOSED_CONTEXT_REVIEW,build_semantic_catalog.py: explicit proposed glossary,REVIEW_REQUIRED,限定決策可信範圍,NOT_APPLICABLE,NOT_ESTABLISHED,,,UNKNOWN_NOT_APPLICABLE_OR_NOT_RECORDED; DO_NOT_IMPUTE_ZERO,UNASSIGNED,PROPOSED_NO_MEASURED_ROI
Reference/tables/08_global_technology_iso249_20261006_b02/registry_country_entity_relations.csv,registry_country_entity_relations,8,source_id,REFERENCE_DATA,a5fcc0d1d39bfa7f4e26491f9ef60134fbdc36f96f69290831eaffdf5064912c,8,0,7,來源登記鍵；僅指來源，不代表該來源全部說法已核實,PROPOSED_CONTEXT_REVIEW,build_semantic_catalog.py: explicit proposed glossary,REVIEW_REQUIRED,主張證據追溯,NOT_APPLICABLE,NOT_ESTABLISHED,,,UNKNOWN_NOT_APPLICABLE_OR_NOT_RECORDED; DO_NOT_IMPUTE_ZERO,UNASSIGNED,PROPOSED_NO_MEASURED_ROI
Reference/tables/08_global_technology_iso249_20261006_b02/registry_country_entity_relations.csv,registry_country_entity_relations,9,as_of,REFERENCE_DATA,a5fcc0d1d39bfa7f4e26491f9ef60134fbdc36f96f69290831eaffdf5064912c,8,0,1,資料截至／檢查／審核／搜索／取得時間；各欄依操作分別解讀，時區不可猜,PROPOSED_CONTEXT_REVIEW,build_semantic_catalog.py: explicit proposed glossary,REVIEW_REQUIRED,新鮮度與審核時點,SOURCE_DATE_OR_TIMESTAMP,NOT_ESTABLISHED,,,UNKNOWN_NOT_APPLICABLE_OR_NOT_RECORDED; DO_NOT_IMPUTE_ZERO,UNASSIGNED,PROPOSED_NO_MEASURED_ROI
Reference/tables/08_global_technology_iso249_20261006_b02/registry_country_technology_coverage.csv,registry_country_technology_coverage,1,iso_alpha2,REFERENCE_DATA,15ef353966624f8c03898d5f0eb151681cfd2d08497f52b4b11d5908d85160df,249,0,249,ISO 3166-1 alpha-2 國家／地區代碼；代碼版次與關係另記,PROPOSED_CONTEXT_REVIEW,build_semantic_catalog.py: explicit proposed glossary,REVIEW_REQUIRED,母表連結,ISO_ALPHA2,NOT_ESTABLISHED,,,UNKNOWN_NOT_APPLICABLE_OR_NOT_RECORDED; DO_NOT_IMPUTE_ZERO,UNASSIGNED,PROPOSED_NO_MEASURED_ROI
Reference/tables/08_global_technology_iso249_20261006_b02/registry_country_technology_coverage.csv,registry_country_technology_coverage,2,name_en,REFERENCE_DATA,15ef353966624f8c03898d5f0eb151681cfd2d08497f52b4b11d5908d85160df,249,0,249,尚未完成欄位語義核實；需來源業務定義、單位、粒度與用途,UNRESOLVED,,REVIEW_REQUIRED,待資料負責人確認,UNKNOWN,NOT_ESTABLISHED,,,UNKNOWN_NOT_APPLICABLE_OR_NOT_RECORDED; DO_NOT_IMPUTE_ZERO,UNASSIGNED,PROPOSED_NO_MEASURED_ROI
Reference/tables/08_global_technology_iso249_20261006_b02/registry_country_technology_coverage.csv,registry_country_technology_coverage,3,search_state,REFERENCE_DATA,15ef353966624f8c03898d5f0eb151681cfd2d08497f52b4b11d5908d85160df,249,0,1,搜索操作或研究完成狀態；不等於國家能力或完整母體覆蓋,PROPOSED_CONTEXT_REVIEW,build_semantic_catalog.py: explicit proposed glossary,REVIEW_REQUIRED,工作進度治理,NOT_APPLICABLE,NOT_ESTABLISHED,,,UNKNOWN_NOT_APPLICABLE_OR_NOT_RECORDED; DO_NOT_IMPUTE_ZERO,UNASSIGNED,PROPOSED_NO_MEASURED_ROI
Reference/tables/08_global_technology_iso249_20261006_b02/registry_country_technology_coverage.csv,registry_country_technology_coverage,4,broad_queries_completed,REFERENCE_DATA,15ef353966624f8c03898d5f0eb151681cfd2d08497f52b4b11d5908d85160df,249,0,1,尚未完成欄位語義核實；需來源業務定義、單位、粒度與用途,UNRESOLVED,,REVIEW_REQUIRED,待資料負責人確認,UNKNOWN,NOT_ESTABLISHED,,,UNKNOWN_NOT_APPLICABLE_OR_NOT_RECORDED; DO_NOT_IMPUTE_ZERO,UNASSIGNED,PROPOSED_NO_MEASURED_ROI
Reference/tables/08_global_technology_iso249_20261006_b02/registry_country_technology_coverage.csv,registry_country_technology_coverage,5,retry_count,REFERENCE_DATA,15ef353966624f8c03898d5f0eb151681cfd2d08497f52b4b11d5908d85160df,249,0,2,尚未完成欄位語義核實；需來源業務定義、單位、粒度與用途,UNRESOLVED,,REVIEW_REQUIRED,待資料負責人確認,UNKNOWN,NOT_ESTABLISHED,,,UNKNOWN_NOT_APPLICABLE_OR_NOT_RECORDED; DO_NOT_IMPUTE_ZERO,UNASSIGNED,PROPOSED_NO_MEASURED_ROI
Reference/tables/08_global_technology_iso249_20261006_b02/registry_country_technology_coverage.csv,registry_country_technology_coverage,6,search_lead_count,REFERENCE_DATA,15ef353966624f8c03898d5f0eb151681cfd2d08497f52b4b11d5908d85160df,249,0,2,尚未完成欄位語義核實；需來源業務定義、單位、粒度與用途,UNRESOLVED,,REVIEW_REQUIRED,待資料負責人確認,UNKNOWN,NOT_ESTABLISHED,,,UNKNOWN_NOT_APPLICABLE_OR_NOT_RECORDED; DO_NOT_IMPUTE_ZERO,UNASSIGNED,PROPOSED_NO_MEASURED_ROI
Reference/tables/08_global_technology_iso249_20261006_b02/registry_country_technology_coverage.csv,registry_country_technology_coverage,7,editorial_entity_candidate_count,REFERENCE_DATA,15ef353966624f8c03898d5f0eb151681cfd2d08497f52b4b11d5908d85160df,249,0,11,尚未完成欄位語義核實；需來源業務定義、單位、粒度與用途,UNRESOLVED,,REVIEW_REQUIRED,待資料負責人確認,UNKNOWN,NOT_ESTABLISHED,,,UNKNOWN_NOT_APPLICABLE_OR_NOT_RECORDED; DO_NOT_IMPUTE_ZERO,UNASSIGNED,PROPOSED_NO_MEASURED_ROI
Reference/tables/08_global_technology_iso249_20261006_b02/registry_country_technology_coverage.csv,registry_country_technology_coverage,8,candidate_public_descriptions_verified,REFERENCE_DATA,15ef353966624f8c03898d5f0eb151681cfd2d08497f52b4b11d5908d85160df,249,0,11,尚未完成欄位語義核實；需來源業務定義、單位、粒度與用途,UNRESOLVED,,REVIEW_REQUIRED,待資料負責人確認,UNKNOWN,NOT_ESTABLISHED,,,UNKNOWN_NOT_APPLICABLE_OR_NOT_RECORDED; DO_NOT_IMPUTE_ZERO,UNASSIGNED,PROPOSED_NO_MEASURED_ROI
Reference/tables/08_global_technology_iso249_20261006_b02/registry_country_technology_coverage.csv,registry_country_technology_coverage,9,country_relation_verified_count,REFERENCE_DATA,15ef353966624f8c03898d5f0eb151681cfd2d08497f52b4b11d5908d85160df,249,0,2,尚未完成欄位語義核實；需來源業務定義、單位、粒度與用途,UNRESOLVED,,REVIEW_REQUIRED,待資料負責人確認,UNKNOWN,NOT_ESTABLISHED,,,UNKNOWN_NOT_APPLICABLE_OR_NOT_RECORDED; DO_NOT_IMPUTE_ZERO,UNASSIGNED,PROPOSED_NO_MEASURED_ROI
Reference/tables/08_global_technology_iso249_20261006_b02/registry_country_technology_coverage.csv,registry_country_technology_coverage,10,country_frontier_capability_state,REFERENCE_DATA,15ef353966624f8c03898d5f0eb151681cfd2d08497f52b4b11d5908d85160df,249,0,1,國家能力或神經技術分級狀態；缺測試定義或證據維持 UNKNOWN,PROPOSED_CONTEXT_REVIEW,build_semantic_catalog.py: explicit proposed glossary,REVIEW_REQUIRED,防止無證據國別排名,NOT_APPLICABLE,NOT_ESTABLISHED,,,UNKNOWN_NOT_APPLICABLE_OR_NOT_RECORDED; DO_NOT_IMPUTE_ZERO,UNASSIGNED,PROPOSED_NO_MEASURED_ROI
Reference/tables/08_global_technology_iso249_20261006_b02/registry_country_technology_coverage.csv,registry_country_technology_coverage,11,N0_N7_level,REFERENCE_DATA,15ef353966624f8c03898d5f0eb151681cfd2d08497f52b4b11d5908d85160df,249,0,1,國家能力或神經技術分級狀態；缺測試定義或證據維持 UNKNOWN,PROPOSED_CONTEXT_REVIEW,build_semantic_catalog.py: explicit proposed glossary,REVIEW_REQUIRED,防止無證據國別排名,NOT_APPLICABLE,NOT_ESTABLISHED,,,UNKNOWN_NOT_APPLICABLE_OR_NOT_RECORDED; DO_NOT_IMPUTE_ZERO,UNASSIGNED,PROPOSED_NO_MEASURED_ROI
Reference/tables/08_global_technology_iso249_20261006_b02/registry_country_technology_coverage.csv,registry_country_technology_coverage,12,research_completion_state,REFERENCE_DATA,15ef353966624f8c03898d5f0eb151681cfd2d08497f52b4b11d5908d85160df,249,0,1,搜索操作或研究完成狀態；不等於國家能力或完整母體覆蓋,PROPOSED_CONTEXT_REVIEW,build_semantic_catalog.py: explicit proposed glossary,REVIEW_REQUIRED,工作進度治理,NOT_APPLICABLE,NOT_ESTABLISHED,,,UNKNOWN_NOT_APPLICABLE_OR_NOT_RECORDED; DO_NOT_IMPUTE_ZERO,UNASSIGNED,PROPOSED_NO_MEASURED_ROI
Reference/tables/08_global_technology_iso249_20261006_b02/registry_country_technology_coverage.csv,registry_country_technology_coverage,13,query,REFERENCE_DATA,15ef353966624f8c03898d5f0eb151681cfd2d08497f52b4b11d5908d85160df,249,0,249,搜索查詢或其提供方；搜索完成不等於世界普查完成,PROPOSED_CONTEXT_REVIEW,build_semantic_catalog.py: explicit proposed glossary,REVIEW_REQUIRED,搜索覆蓋可重現,NOT_APPLICABLE,NOT_ESTABLISHED,,,UNKNOWN_NOT_APPLICABLE_OR_NOT_RECORDED; DO_NOT_IMPUTE_ZERO,UNASSIGNED,PROPOSED_NO_MEASURED_ROI
Reference/tables/08_global_technology_iso249_20261006_b02/registry_country_technology_coverage.csv,registry_country_technology_coverage,14,provider,REFERENCE_DATA,15ef353966624f8c03898d5f0eb151681cfd2d08497f52b4b11d5908d85160df,249,0,2,搜索查詢或其提供方；搜索完成不等於世界普查完成,PROPOSED_CONTEXT_REVIEW,build_semantic_catalog.py: explicit proposed glossary,REVIEW_REQUIRED,搜索覆蓋可重現,NOT_APPLICABLE,NOT_ESTABLISHED,,,UNKNOWN_NOT_APPLICABLE_OR_NOT_RECORDED; DO_NOT_IMPUTE_ZERO,UNASSIGNED,PROPOSED_NO_MEASURED_ROI
Reference/tables/08_global_technology_iso249_20261006_b02/registry_country_technology_coverage.csv,registry_country_technology_coverage,15,searched_on,REFERENCE_DATA,15ef353966624f8c03898d5f0eb151681cfd2d08497f52b4b11d5908d85160df,249,0,1,資料截至／檢查／審核／搜索／取得時間；各欄依操作分別解讀，時區不可猜,PROPOSED_CONTEXT_REVIEW,build_semantic_catalog.py: explicit proposed glossary,REVIEW_REQUIRED,新鮮度與審核時點,SOURCE_DATE_OR_TIMESTAMP,NOT_ESTABLISHED,,,UNKNOWN_NOT_APPLICABLE_OR_NOT_RECORDED; DO_NOT_IMPUTE_ZERO,UNASSIGNED,PROPOSED_NO_MEASURED_ROI
Reference/tables/08_global_technology_iso249_20261006_b02/registry_global_claims.csv,registry_global_claims,1,claim_id,REFERENCE_DATA,e0098aa25f0062f31f5c8f61c4cdc504ce7949b2338fa6c1ca89df571ac291c6,335,0,335,一項可定位主張的識別鍵；真偽與有效範圍另列,PROPOSED_CONTEXT_REVIEW,build_semantic_catalog.py: explicit proposed glossary,REVIEW_REQUIRED,主張審核與衝突管理,NOT_APPLICABLE,NOT_ESTABLISHED,,,UNKNOWN_NOT_APPLICABLE_OR_NOT_RECORDED; DO_NOT_IMPUTE_ZERO,UNASSIGNED,PROPOSED_NO_MEASURED_ROI
Reference/tables/08_global_technology_iso249_20261006_b02/registry_global_claims.csv,registry_global_claims,2,entity_id,REFERENCE_DATA,e0098aa25f0062f31f5c8f61c4cdc504ce7949b2338fa6c1ca89df571ac291c6,335,0,335,穩定內部實體識別鍵；命名空間及對象依所屬表，不以相似名稱自動合併,PROPOSED_CONTEXT_REVIEW,build_semantic_catalog.py: explicit proposed glossary,REVIEW_REQUIRED,跨表實體追溯,NOT_APPLICABLE,NOT_ESTABLISHED,,,UNKNOWN_NOT_APPLICABLE_OR_NOT_RECORDED; DO_NOT_IMPUTE_ZERO,UNASSIGNED,PROPOSED_NO_MEASURED_ROI
Reference/tables/08_global_technology_iso249_20261006_b02/registry_global_claims.csv,registry_global_claims,3,claim,REFERENCE_DATA,e0098aa25f0062f31f5c8f61c4cdc504ce7949b2338fa6c1ca89df571ac291c6,335,0,278,一項待審或歷史主張的文字；與其證據狀態一起使用,PROPOSED_CONTEXT_REVIEW,build_semantic_catalog.py: explicit proposed glossary,REVIEW_REQUIRED,保存研究命題,NOT_APPLICABLE,NOT_ESTABLISHED,,,UNKNOWN_NOT_APPLICABLE_OR_NOT_RECORDED; DO_NOT_IMPUTE_ZERO,UNASSIGNED,PROPOSED_NO_MEASURED_ROI
Reference/tables/08_global_technology_iso249_20261006_b02/registry_global_claims.csv,registry_global_claims,4,evidence_state,REFERENCE_DATA,e0098aa25f0062f31f5c8f61c4cdc504ce7949b2338fa6c1ca89df571ac291c6,335,0,2,特定記錄或主張的證據狀態；VERIFIED 僅限可定位範圍,PROPOSED_CONTEXT_REVIEW,build_semantic_catalog.py: explicit proposed glossary,REVIEW_REQUIRED,隔離未知、宣稱與核實,NOT_APPLICABLE,NOT_ESTABLISHED,,,UNKNOWN_NOT_APPLICABLE_OR_NOT_RECORDED; DO_NOT_IMPUTE_ZERO,UNASSIGNED,PROPOSED_NO_MEASURED_ROI
Reference/tables/08_global_technology_iso249_20261006_b02/registry_global_claims.csv,registry_global_claims,5,verification_scope,REFERENCE_DATA,e0098aa25f0062f31f5c8f61c4cdc504ce7949b2338fa6c1ca89df571ac291c6,335,0,4,核實涵蓋的主張、條件與邊界；不把公開描述擴展成性能或部署證明,PROPOSED_CONTEXT_REVIEW,build_semantic_catalog.py: explicit proposed glossary,REVIEW_REQUIRED,限定決策可信範圍,NOT_APPLICABLE,NOT_ESTABLISHED,,,UNKNOWN_NOT_APPLICABLE_OR_NOT_RECORDED; DO_NOT_IMPUTE_ZERO,UNASSIGNED,PROPOSED_NO_MEASURED_ROI
Reference/tables/08_global_technology_iso249_20261006_b02/registry_global_claims.csv,registry_global_claims,6,product_project_leads,REFERENCE_DATA,e0098aa25f0062f31f5c8f61c4cdc504ce7949b2338fa6c1ca89df571ac291c6,335,139,195,技術記錄鍵或產品／項目候選線索；候選不等於正式實體,PROPOSED_CONTEXT_REVIEW,build_semantic_catalog.py: explicit proposed glossary,REVIEW_REQUIRED,技術選型與後續查證,NOT_APPLICABLE,NOT_ESTABLISHED,,,UNKNOWN_NOT_APPLICABLE_OR_NOT_RECORDED; DO_NOT_IMPUTE_ZERO,UNASSIGNED,PROPOSED_NO_MEASURED_ROI
Reference/tables/08_global_technology_iso249_20261006_b02/registry_global_claims.csv,registry_global_claims,7,product_leads_state,REFERENCE_DATA,e0098aa25f0062f31f5c8f61c4cdc504ce7949b2338fa6c1ca89df571ac291c6,335,0,2,尚未完成欄位語義核實；需來源業務定義、單位、粒度與用途,UNRESOLVED,,REVIEW_REQUIRED,待資料負責人確認,UNKNOWN,NOT_ESTABLISHED,,,UNKNOWN_NOT_APPLICABLE_OR_NOT_RECORDED; DO_NOT_IMPUTE_ZERO,UNASSIGNED,PROPOSED_NO_MEASURED_ROI
Reference/tables/08_global_technology_iso249_20261006_b02/registry_global_claims.csv,registry_global_claims,8,performance_state,REFERENCE_DATA,e0098aa25f0062f31f5c8f61c4cdc504ce7949b2338fa6c1ca89df571ac291c6,335,0,1,性能主張或獨立性能驗證狀態；不是性能數值,PROPOSED_CONTEXT_REVIEW,build_semantic_catalog.py: explicit proposed glossary,REVIEW_REQUIRED,避免宣傳數字冒充測試,NOT_APPLICABLE,NOT_ESTABLISHED,,,UNKNOWN_NOT_APPLICABLE_OR_NOT_RECORDED; DO_NOT_IMPUTE_ZERO,UNASSIGNED,PROPOSED_NO_MEASURED_ROI
Reference/tables/08_global_technology_iso249_20261006_b02/registry_global_claims.csv,registry_global_claims,9,deployment_state,REFERENCE_DATA,e0098aa25f0062f31f5c8f61c4cdc504ce7949b2338fa6c1ca89df571ac291c6,335,0,1,部署證據狀態；產品存在不等於實際部署,PROPOSED_CONTEXT_REVIEW,build_semantic_catalog.py: explicit proposed glossary,REVIEW_REQUIRED,採用成熟度評估,NOT_APPLICABLE,NOT_ESTABLISHED,,,UNKNOWN_NOT_APPLICABLE_OR_NOT_RECORDED; DO_NOT_IMPUTE_ZERO,UNASSIGNED,PROPOSED_NO_MEASURED_ROI
Reference/tables/08_global_technology_iso249_20261006_b02/registry_global_claims.csv,registry_global_claims,10,regulatory_state,REFERENCE_DATA,e0098aa25f0062f31f5c8f61c4cdc504ce7949b2338fa6c1ca89df571ac291c6,335,0,1,監管狀態或其司法區；版次與日期需另定位,PROPOSED_CONTEXT_REVIEW,build_semantic_catalog.py: explicit proposed glossary,REVIEW_REQUIRED,臨床／採購條件評估,NOT_APPLICABLE,NOT_ESTABLISHED,,,UNKNOWN_NOT_APPLICABLE_OR_NOT_RECORDED; DO_NOT_IMPUTE_ZERO,UNASSIGNED,PROPOSED_NO_MEASURED_ROI
Reference/tables/08_global_technology_iso249_20261006_b02/registry_global_claims.csv,registry_global_claims,11,source_id,REFERENCE_DATA,e0098aa25f0062f31f5c8f61c4cdc504ce7949b2338fa6c1ca89df571ac291c6,335,7,328,來源登記鍵；僅指來源，不代表該來源全部說法已核實,PROPOSED_CONTEXT_REVIEW,build_semantic_catalog.py: explicit proposed glossary,REVIEW_REQUIRED,主張證據追溯,NOT_APPLICABLE,NOT_ESTABLISHED,,,UNKNOWN_NOT_APPLICABLE_OR_NOT_RECORDED; DO_NOT_IMPUTE_ZERO,UNASSIGNED,PROPOSED_NO_MEASURED_ROI
Reference/tables/08_global_technology_iso249_20261006_b02/registry_global_claims.csv,registry_global_claims,12,reviewed_on,REFERENCE_DATA,e0098aa25f0062f31f5c8f61c4cdc504ce7949b2338fa6c1ca89df571ac291c6,335,0,1,資料截至／檢查／審核／搜索／取得時間；各欄依操作分別解讀，時區不可猜,PROPOSED_CONTEXT_REVIEW,build_semantic_catalog.py: explicit proposed glossary,REVIEW_REQUIRED,新鮮度與審核時點,SOURCE_DATE_OR_TIMESTAMP,NOT_ESTABLISHED,,,UNKNOWN_NOT_APPLICABLE_OR_NOT_RECORDED; DO_NOT_IMPUTE_ZERO,UNASSIGNED,PROPOSED_NO_MEASURED_ROI
Reference/tables/08_global_technology_iso249_20261006_b02/registry_global_claims.csv,registry_global_claims,13,origin_batch,REFERENCE_DATA,e0098aa25f0062f31f5c8f61c4cdc504ce7949b2338fa6c1ca89df571ac291c6,335,0,3,資料首次引入或本次審核的批次標識；不同快照不能直接累加,PROPOSED_CONTEXT_REVIEW,build_semantic_catalog.py: explicit proposed glossary,REVIEW_REQUIRED,版本與批次去重,NOT_APPLICABLE,NOT_ESTABLISHED,,,UNKNOWN_NOT_APPLICABLE_OR_NOT_RECORDED; DO_NOT_IMPUTE_ZERO,UNASSIGNED,PROPOSED_NO_MEASURED_ROI
Reference/tables/08_global_technology_iso249_20261006_b02/registry_global_organizations.csv,registry_global_organizations,1,entity_id,REFERENCE_DATA,75eece57553558422c18fa29e0c0f612af97fd4f47f21debf29e2aea92228039,335,0,335,穩定內部實體識別鍵；命名空間及對象依所屬表，不以相似名稱自動合併,PROPOSED_CONTEXT_REVIEW,build_semantic_catalog.py: explicit proposed glossary,REVIEW_REQUIRED,跨表實體追溯,NOT_APPLICABLE,NOT_ESTABLISHED,,,UNKNOWN_NOT_APPLICABLE_OR_NOT_RECORDED; DO_NOT_IMPUTE_ZERO,UNASSIGNED,PROPOSED_NO_MEASURED_ROI
Reference/tables/08_global_technology_iso249_20261006_b02/registry_global_organizations.csv,registry_global_organizations,2,display_name,REFERENCE_DATA,75eece57553558422c18fa29e0c0f612af97fd4f47f21debf29e2aea92228039,335,0,335,尚未完成欄位語義核實；需來源業務定義、單位、粒度與用途,UNRESOLVED,,REVIEW_REQUIRED,待資料負責人確認,UNKNOWN,NOT_ESTABLISHED,,,UNKNOWN_NOT_APPLICABLE_OR_NOT_RECORDED; DO_NOT_IMPUTE_ZERO,UNASSIGNED,PROPOSED_NO_MEASURED_ROI
Reference/tables/08_global_technology_iso249_20261006_b02/registry_global_organizations.csv,registry_global_organizations,3,entity_type,REFERENCE_DATA,75eece57553558422c18fa29e0c0f612af97fd4f47f21debf29e2aea92228039,335,0,41,尚未完成欄位語義核實；需來源業務定義、單位、粒度與用途,UNRESOLVED,,REVIEW_REQUIRED,待資料負責人確認,UNKNOWN,NOT_ESTABLISHED,,,UNKNOWN_NOT_APPLICABLE_OR_NOT_RECORDED; DO_NOT_IMPUTE_ZERO,UNASSIGNED,PROPOSED_NO_MEASURED_ROI
Reference/tables/08_global_technology_iso249_20261006_b02/registry_global_organizations.csv,registry_global_organizations,4,primary_domain,REFERENCE_DATA,75eece57553558422c18fa29e0c0f612af97fd4f47f21debf29e2aea92228039,335,0,30,尚未完成欄位語義核實；需來源業務定義、單位、粒度與用途,UNRESOLVED,,REVIEW_REQUIRED,待資料負責人確認,UNKNOWN,NOT_ESTABLISHED,,,UNKNOWN_NOT_APPLICABLE_OR_NOT_RECORDED; DO_NOT_IMPUTE_ZERO,UNASSIGNED,PROPOSED_NO_MEASURED_ROI
Reference/tables/08_global_technology_iso249_20261006_b02/registry_global_organizations.csv,registry_global_organizations,5,country_candidate_iso_alpha2,REFERENCE_DATA,75eece57553558422c18fa29e0c0f612af97fd4f47f21debf29e2aea92228039,335,35,79,編輯候選國別關聯；不直接證明法律住所、部署國或國家能力,PROPOSED_CONTEXT_REVIEW,build_semantic_catalog.py: explicit proposed glossary,REVIEW_REQUIRED,國別查證候選,ISO_ALPHA2_CANDIDATE,NOT_ESTABLISHED,,,UNKNOWN_NOT_APPLICABLE_OR_NOT_RECORDED; DO_NOT_IMPUTE_ZERO,UNASSIGNED,PROPOSED_NO_MEASURED_ROI
Reference/tables/08_global_technology_iso249_20261006_b02/registry_global_organizations.csv,registry_global_organizations,6,country_assignment_status,REFERENCE_DATA,75eece57553558422c18fa29e0c0f612af97fd4f47f21debf29e2aea92228039,335,0,2,法人、住所或國別關係的獨立核實狀態；與機構存在不同,PROPOSED_CONTEXT_REVIEW,build_semantic_catalog.py: explicit proposed glossary,REVIEW_REQUIRED,法人與地理歸屬核實,NOT_APPLICABLE,NOT_ESTABLISHED,,,UNKNOWN_NOT_APPLICABLE_OR_NOT_RECORDED; DO_NOT_IMPUTE_ZERO,UNASSIGNED,PROPOSED_NO_MEASURED_ROI
Reference/tables/08_global_technology_iso249_20261006_b02/registry_global_organizations.csv,registry_global_organizations,7,legal_entity_status,REFERENCE_DATA,75eece57553558422c18fa29e0c0f612af97fd4f47f21debf29e2aea92228039,335,0,2,法人、住所或國別關係的獨立核實狀態；與機構存在不同,PROPOSED_CONTEXT_REVIEW,build_semantic_catalog.py: explicit proposed glossary,REVIEW_REQUIRED,法人與地理歸屬核實,NOT_APPLICABLE,NOT_ESTABLISHED,,,UNKNOWN_NOT_APPLICABLE_OR_NOT_RECORDED; DO_NOT_IMPUTE_ZERO,UNASSIGNED,PROPOSED_NO_MEASURED_ROI
Reference/tables/08_global_technology_iso249_20261006_b02/registry_global_organizations.csv,registry_global_organizations,8,selection_status,REFERENCE_DATA,75eece57553558422c18fa29e0c0f612af97fd4f47f21debf29e2aea92228039,335,0,3,尚未完成欄位語義核實；需來源業務定義、單位、粒度與用途,UNRESOLVED,,REVIEW_REQUIRED,待資料負責人確認,UNKNOWN,NOT_ESTABLISHED,,,UNKNOWN_NOT_APPLICABLE_OR_NOT_RECORDED; DO_NOT_IMPUTE_ZERO,UNASSIGNED,PROPOSED_NO_MEASURED_ROI
Reference/tables/08_global_technology_iso249_20261006_b02/registry_global_organizations.csv,registry_global_organizations,9,source_id,REFERENCE_DATA,75eece57553558422c18fa29e0c0f612af97fd4f47f21debf29e2aea92228039,335,7,328,來源登記鍵；僅指來源，不代表該來源全部說法已核實,PROPOSED_CONTEXT_REVIEW,build_semantic_catalog.py: explicit proposed glossary,REVIEW_REQUIRED,主張證據追溯,NOT_APPLICABLE,NOT_ESTABLISHED,,,UNKNOWN_NOT_APPLICABLE_OR_NOT_RECORDED; DO_NOT_IMPUTE_ZERO,UNASSIGNED,PROPOSED_NO_MEASURED_ROI
Reference/tables/08_global_technology_iso249_20261006_b02/registry_global_organizations.csv,registry_global_organizations,10,as_of,REFERENCE_DATA,75eece57553558422c18fa29e0c0f612af97fd4f47f21debf29e2aea92228039,335,0,1,資料截至／檢查／審核／搜索／取得時間；各欄依操作分別解讀，時區不可猜,PROPOSED_CONTEXT_REVIEW,build_semantic_catalog.py: explicit proposed glossary,REVIEW_REQUIRED,新鮮度與審核時點,SOURCE_DATE_OR_TIMESTAMP,NOT_ESTABLISHED,,,UNKNOWN_NOT_APPLICABLE_OR_NOT_RECORDED; DO_NOT_IMPUTE_ZERO,UNASSIGNED,PROPOSED_NO_MEASURED_ROI
Reference/tables/08_global_technology_iso249_20261006_b02/registry_global_organizations.csv,registry_global_organizations,11,origin_batch,REFERENCE_DATA,75eece57553558422c18fa29e0c0f612af97fd4f47f21debf29e2aea92228039,335,0,3,資料首次引入或本次審核的批次標識；不同快照不能直接累加,PROPOSED_CONTEXT_REVIEW,build_semantic_catalog.py: explicit proposed glossary,REVIEW_REQUIRED,版本與批次去重,NOT_APPLICABLE,NOT_ESTABLISHED,,,UNKNOWN_NOT_APPLICABLE_OR_NOT_RECORDED; DO_NOT_IMPUTE_ZERO,UNASSIGNED,PROPOSED_NO_MEASURED_ROI
Reference/tables/08_global_technology_iso249_20261006_b02/registry_global_organizations.csv,registry_global_organizations,12,legal_domicile_state,REFERENCE_DATA,75eece57553558422c18fa29e0c0f612af97fd4f47f21debf29e2aea92228039,335,0,1,法人、住所或國別關係的獨立核實狀態；與機構存在不同,PROPOSED_CONTEXT_REVIEW,build_semantic_catalog.py: explicit proposed glossary,REVIEW_REQUIRED,法人與地理歸屬核實,NOT_APPLICABLE,NOT_ESTABLISHED,,,UNKNOWN_NOT_APPLICABLE_OR_NOT_RECORDED; DO_NOT_IMPUTE_ZERO,UNASSIGNED,PROPOSED_NO_MEASURED_ROI
Reference/tables/08_global_technology_iso249_20261006_b02/registry_global_organizations.csv,registry_global_organizations,13,world_frontier_rank_state,REFERENCE_DATA,75eece57553558422c18fa29e0c0f612af97fd4f47f21debf29e2aea92228039,335,0,1,排名主張的核實狀態；先定義樣本、指標與比較協議,PROPOSED_CONTEXT_REVIEW,build_semantic_catalog.py: explicit proposed glossary,REVIEW_REQUIRED,比較口徑治理,NOT_APPLICABLE,NOT_ESTABLISHED,,,UNKNOWN_NOT_APPLICABLE_OR_NOT_RECORDED; DO_NOT_IMPUTE_ZERO,UNASSIGNED,PROPOSED_NO_MEASURED_ROI
Reference/tables/08_global_technology_iso249_20261006_b02/registry_global_sources.csv,registry_global_sources,1,source_id,REFERENCE_DATA,bb82b36eea370924e1d2e370a82c1ce5ef2bf9296b71fea54ad524a1a230a070,357,0,357,來源登記鍵；僅指來源，不代表該來源全部說法已核實,PROPOSED_CONTEXT_REVIEW,build_semantic_catalog.py: explicit proposed glossary,REVIEW_REQUIRED,主張證據追溯,NOT_APPLICABLE,NOT_ESTABLISHED,,,UNKNOWN_NOT_APPLICABLE_OR_NOT_RECORDED; DO_NOT_IMPUTE_ZERO,UNASSIGNED,PROPOSED_NO_MEASURED_ROI
Reference/tables/08_global_technology_iso249_20261006_b02/registry_global_sources.csv,registry_global_sources,2,url,REFERENCE_DATA,bb82b36eea370924e1d2e370a82c1ce5ef2bf9296b71fea54ad524a1a230a070,357,0,356,來源位址、檔案或行號；連結存在不代表內容可讀或支持主張,PROPOSED_CONTEXT_REVIEW,build_semantic_catalog.py: explicit proposed glossary,REVIEW_REQUIRED,證據定位,NOT_APPLICABLE,NOT_ESTABLISHED,,,UNKNOWN_NOT_APPLICABLE_OR_NOT_RECORDED; DO_NOT_IMPUTE_ZERO,UNASSIGNED,PROPOSED_NO_MEASURED_ROI
Reference/tables/08_global_technology_iso249_20261006_b02/registry_global_sources.csv,registry_global_sources,3,supports,REFERENCE_DATA,bb82b36eea370924e1d2e370a82c1ce5ef2bf9296b71fea54ad524a1a230a070,357,0,301,尚未完成欄位語義核實；需來源業務定義、單位、粒度與用途,UNRESOLVED,,REVIEW_REQUIRED,待資料負責人確認,UNKNOWN,NOT_ESTABLISHED,,,UNKNOWN_NOT_APPLICABLE_OR_NOT_RECORDED; DO_NOT_IMPUTE_ZERO,UNASSIGNED,PROPOSED_NO_MEASURED_ROI
Reference/tables/08_global_technology_iso249_20261006_b02/registry_global_sources.csv,registry_global_sources,4,source_class,REFERENCE_DATA,bb82b36eea370924e1d2e370a82c1ce5ef2bf9296b71fea54ad524a1a230a070,357,0,5,尚未完成欄位語義核實；需來源業務定義、單位、粒度與用途,UNRESOLVED,,REVIEW_REQUIRED,待資料負責人確認,UNKNOWN,NOT_ESTABLISHED,,,UNKNOWN_NOT_APPLICABLE_OR_NOT_RECORDED; DO_NOT_IMPUTE_ZERO,UNASSIGNED,PROPOSED_NO_MEASURED_ROI
Reference/tables/08_global_technology_iso249_20261006_b02/registry_global_sources.csv,registry_global_sources,5,access_state,REFERENCE_DATA,bb82b36eea370924e1d2e370a82c1ce5ef2bf9296b71fea54ad524a1a230a070,357,0,3,尚未完成欄位語義核實；需來源業務定義、單位、粒度與用途,UNRESOLVED,,REVIEW_REQUIRED,待資料負責人確認,UNKNOWN,NOT_ESTABLISHED,,,UNKNOWN_NOT_APPLICABLE_OR_NOT_RECORDED; DO_NOT_IMPUTE_ZERO,UNASSIGNED,PROPOSED_NO_MEASURED_ROI
Reference/tables/08_global_technology_iso249_20261006_b02/registry_global_sources.csv,registry_global_sources,6,checked_on,REFERENCE_DATA,bb82b36eea370924e1d2e370a82c1ce5ef2bf9296b71fea54ad524a1a230a070,357,79,1,資料截至／檢查／審核／搜索／取得時間；各欄依操作分別解讀，時區不可猜,PROPOSED_CONTEXT_REVIEW,build_semantic_catalog.py: explicit proposed glossary,REVIEW_REQUIRED,新鮮度與審核時點,SOURCE_DATE_OR_TIMESTAMP,NOT_ESTABLISHED,,,UNKNOWN_NOT_APPLICABLE_OR_NOT_RECORDED; DO_NOT_IMPUTE_ZERO,UNASSIGNED,PROPOSED_NO_MEASURED_ROI
Reference/tables/08_global_technology_iso249_20261006_b02/registry_global_sources.csv,registry_global_sources,7,published_on,REFERENCE_DATA,bb82b36eea370924e1d2e370a82c1ce5ef2bf9296b71fea54ad524a1a230a070,357,357,0,尚未完成欄位語義核實；需來源業務定義、單位、粒度與用途,UNRESOLVED,,REVIEW_REQUIRED,待資料負責人確認,UNKNOWN,NOT_ESTABLISHED,,,UNKNOWN_NOT_APPLICABLE_OR_NOT_RECORDED; DO_NOT_IMPUTE_ZERO,UNASSIGNED,PROPOSED_NO_MEASURED_ROI
Reference/tables/08_global_technology_iso249_20261006_b02/registry_global_sources.csv,registry_global_sources,8,archive_state,REFERENCE_DATA,bb82b36eea370924e1d2e370a82c1ce5ef2bf9296b71fea54ad524a1a230a070,357,0,1,尚未完成欄位語義核實；需來源業務定義、單位、粒度與用途,UNRESOLVED,,REVIEW_REQUIRED,待資料負責人確認,UNKNOWN,NOT_ESTABLISHED,,,UNKNOWN_NOT_APPLICABLE_OR_NOT_RECORDED; DO_NOT_IMPUTE_ZERO,UNASSIGNED,PROPOSED_NO_MEASURED_ROI
Reference/tables/08_global_technology_iso249_20261006_b02/registry_global_sources.csv,registry_global_sources,9,license_state,REFERENCE_DATA,bb82b36eea370924e1d2e370a82c1ce5ef2bf9296b71fea54ad524a1a230a070,357,0,1,授權審核狀態；需定位產品／資料／权重與版本,PROPOSED_CONTEXT_REVIEW,build_semantic_catalog.py: explicit proposed glossary,REVIEW_REQUIRED,用途准入,NOT_APPLICABLE,NOT_ESTABLISHED,,,UNKNOWN_NOT_APPLICABLE_OR_NOT_RECORDED; DO_NOT_IMPUTE_ZERO,UNASSIGNED,PROPOSED_NO_MEASURED_ROI
Reference/tables/08_global_technology_iso249_20261006_b02/registry_global_sources.csv,registry_global_sources,10,origin_batch,REFERENCE_DATA,bb82b36eea370924e1d2e370a82c1ce5ef2bf9296b71fea54ad524a1a230a070,357,0,3,資料首次引入或本次審核的批次標識；不同快照不能直接累加,PROPOSED_CONTEXT_REVIEW,build_semantic_catalog.py: explicit proposed glossary,REVIEW_REQUIRED,版本與批次去重,NOT_APPLICABLE,NOT_ESTABLISHED,,,UNKNOWN_NOT_APPLICABLE_OR_NOT_RECORDED; DO_NOT_IMPUTE_ZERO,UNASSIGNED,PROPOSED_NO_MEASURED_ROI
Reference/tables/08_global_technology_iso249_20261006_b02/registry_neurotechnology_global.csv,registry_neurotechnology_global,1,neuro_id,REFERENCE_DATA,68759bafbd7b59bda5c6c19110b9cabace445f51377cd1ea8785bd669e2753a9,16,0,16,尚未完成欄位語義核實；需來源業務定義、單位、粒度與用途,UNRESOLVED,,REVIEW_REQUIRED,待資料負責人確認,UNKNOWN,NOT_ESTABLISHED,,,UNKNOWN_NOT_APPLICABLE_OR_NOT_RECORDED; DO_NOT_IMPUTE_ZERO,UNASSIGNED,PROPOSED_NO_MEASURED_ROI
Reference/tables/08_global_technology_iso249_20261006_b02/registry_neurotechnology_global.csv,registry_neurotechnology_global,2,entity_id,REFERENCE_DATA,68759bafbd7b59bda5c6c19110b9cabace445f51377cd1ea8785bd669e2753a9,16,0,15,穩定內部實體識別鍵；命名空間及對象依所屬表，不以相似名稱自動合併,PROPOSED_CONTEXT_REVIEW,build_semantic_catalog.py: explicit proposed glossary,REVIEW_REQUIRED,跨表實體追溯,NOT_APPLICABLE,NOT_ESTABLISHED,,,UNKNOWN_NOT_APPLICABLE_OR_NOT_RECORDED; DO_NOT_IMPUTE_ZERO,UNASSIGNED,PROPOSED_NO_MEASURED_ROI
Reference/tables/08_global_technology_iso249_20261006_b02/registry_neurotechnology_global.csv,registry_neurotechnology_global,3,project_name,REFERENCE_DATA,68759bafbd7b59bda5c6c19110b9cabace445f51377cd1ea8785bd669e2753a9,16,0,16,尚未完成欄位語義核實；需來源業務定義、單位、粒度與用途,UNRESOLVED,,REVIEW_REQUIRED,待資料負責人確認,UNKNOWN,NOT_ESTABLISHED,,,UNKNOWN_NOT_APPLICABLE_OR_NOT_RECORDED; DO_NOT_IMPUTE_ZERO,UNASSIGNED,PROPOSED_NO_MEASURED_ROI
Reference/tables/08_global_technology_iso249_20261006_b02/registry_neurotechnology_global.csv,registry_neurotechnology_global,4,country_candidate_iso_alpha2,REFERENCE_DATA,68759bafbd7b59bda5c6c19110b9cabace445f51377cd1ea8785bd669e2753a9,16,0,8,編輯候選國別關聯；不直接證明法律住所、部署國或國家能力,PROPOSED_CONTEXT_REVIEW,build_semantic_catalog.py: explicit proposed glossary,REVIEW_REQUIRED,國別查證候選,ISO_ALPHA2_CANDIDATE,NOT_ESTABLISHED,,,UNKNOWN_NOT_APPLICABLE_OR_NOT_RECORDED; DO_NOT_IMPUTE_ZERO,UNASSIGNED,PROPOSED_NO_MEASURED_ROI
Reference/tables/08_global_technology_iso249_20261006_b02/registry_neurotechnology_global.csv,registry_neurotechnology_global,5,country_relation_state,REFERENCE_DATA,68759bafbd7b59bda5c6c19110b9cabace445f51377cd1ea8785bd669e2753a9,16,0,2,法人、住所或國別關係的獨立核實狀態；與機構存在不同,PROPOSED_CONTEXT_REVIEW,build_semantic_catalog.py: explicit proposed glossary,REVIEW_REQUIRED,法人與地理歸屬核實,NOT_APPLICABLE,NOT_ESTABLISHED,,,UNKNOWN_NOT_APPLICABLE_OR_NOT_RECORDED; DO_NOT_IMPUTE_ZERO,UNASSIGNED,PROPOSED_NO_MEASURED_ROI
Reference/tables/08_global_technology_iso249_20261006_b02/registry_neurotechnology_global.csv,registry_neurotechnology_global,6,invasiveness,REFERENCE_DATA,68759bafbd7b59bda5c6c19110b9cabace445f51377cd1ea8785bd669e2753a9,16,0,9,介面侵入性分類；需具體植入／介入部位與程序證據,PROPOSED_CONTEXT_REVIEW,build_semantic_catalog.py: explicit proposed glossary,REVIEW_REQUIRED,技術風險與成熟度,NOT_APPLICABLE,NOT_ESTABLISHED,,,UNKNOWN_NOT_APPLICABLE_OR_NOT_RECORDED; DO_NOT_IMPUTE_ZERO,UNASSIGNED,PROPOSED_NO_MEASURED_ROI
Reference/tables/08_global_technology_iso249_20261006_b02/registry_neurotechnology_global.csv,registry_neurotechnology_global,7,modality,REFERENCE_DATA,68759bafbd7b59bda5c6c19110b9cabace445f51377cd1ea8785bd669e2753a9,16,0,7,量測／刺激模態，例如 EEG、ECoG、微電極、fNIRS、TMS；不能等同功能證明,PROPOSED_CONTEXT_REVIEW,build_semantic_catalog.py: explicit proposed glossary,REVIEW_REQUIRED,技術分類,NOT_APPLICABLE,NOT_ESTABLISHED,,,UNKNOWN_NOT_APPLICABLE_OR_NOT_RECORDED; DO_NOT_IMPUTE_ZERO,UNASSIGNED,PROPOSED_NO_MEASURED_ROI
Reference/tables/08_global_technology_iso249_20261006_b02/registry_neurotechnology_global.csv,registry_neurotechnology_global,8,signal_direction,REFERENCE_DATA,68759bafbd7b59bda5c6c19110b9cabace445f51377cd1ea8785bd669e2753a9,16,0,8,讀取、寫入或雙向功能；需任務與人體／動物等條件,PROPOSED_CONTEXT_REVIEW,build_semantic_catalog.py: explicit proposed glossary,REVIEW_REQUIRED,能力方向比較,NOT_APPLICABLE,NOT_ESTABLISHED,,,UNKNOWN_NOT_APPLICABLE_OR_NOT_RECORDED; DO_NOT_IMPUTE_ZERO,UNASSIGNED,PROPOSED_NO_MEASURED_ROI
Reference/tables/08_global_technology_iso249_20261006_b02/registry_neurotechnology_global.csv,registry_neurotechnology_global,9,direction_state,REFERENCE_DATA,68759bafbd7b59bda5c6c19110b9cabace445f51377cd1ea8785bd669e2753a9,16,0,4,尚未完成欄位語義核實；需來源業務定義、單位、粒度與用途,UNRESOLVED,,REVIEW_REQUIRED,待資料負責人確認,UNKNOWN,NOT_ESTABLISHED,,,UNKNOWN_NOT_APPLICABLE_OR_NOT_RECORDED; DO_NOT_IMPUTE_ZERO,UNASSIGNED,PROPOSED_NO_MEASURED_ROI
Reference/tables/08_global_technology_iso249_20261006_b02/registry_neurotechnology_global.csv,registry_neurotechnology_global,10,remote_state,REFERENCE_DATA,68759bafbd7b59bda5c6c19110b9cabace445f51377cd1ea8785bd669e2753a9,16,0,3,遠端相關主張狀態；網路存取與距離腦訊號量測分別核實,PROPOSED_CONTEXT_REVIEW,build_semantic_catalog.py: explicit proposed glossary,REVIEW_REQUIRED,防止遠端概念混用,NOT_APPLICABLE,NOT_ESTABLISHED,,,UNKNOWN_NOT_APPLICABLE_OR_NOT_RECORDED; DO_NOT_IMPUTE_ZERO,UNASSIGNED,PROPOSED_NO_MEASURED_ROI
Reference/tables/08_global_technology_iso249_20261006_b02/registry_neurotechnology_global.csv,registry_neurotechnology_global,11,information_bandwidth_bits_per_second,REFERENCE_DATA,68759bafbd7b59bda5c6c19110b9cabace445f51377cd1ea8785bd669e2753a9,16,16,0,資訊帶寬測量值；需協議、任務、噪音、樣本與誤差，未公開留空,PROPOSED_CONTEXT_REVIEW,build_semantic_catalog.py: explicit proposed glossary,REVIEW_REQUIRED,可比較訊號傳輸能力,bits/s,NOT_ESTABLISHED,,,UNKNOWN_NOT_APPLICABLE_OR_NOT_RECORDED; DO_NOT_IMPUTE_ZERO,UNASSIGNED,PROPOSED_NO_MEASURED_ROI
Reference/tables/08_global_technology_iso249_20261006_b02/registry_neurotechnology_global.csv,registry_neurotechnology_global,12,bandwidth_state,REFERENCE_DATA,68759bafbd7b59bda5c6c19110b9cabace445f51377cd1ea8785bd669e2753a9,16,0,1,尚未完成欄位語義核實；需來源業務定義、單位、粒度與用途,UNRESOLVED,,REVIEW_REQUIRED,待資料負責人確認,UNKNOWN,NOT_ESTABLISHED,,,UNKNOWN_NOT_APPLICABLE_OR_NOT_RECORDED; DO_NOT_IMPUTE_ZERO,UNASSIGNED,PROPOSED_NO_MEASURED_ROI
Reference/tables/08_global_technology_iso249_20261006_b02/registry_neurotechnology_global.csv,registry_neurotechnology_global,13,bandwidth_protocol,REFERENCE_DATA,68759bafbd7b59bda5c6c19110b9cabace445f51377cd1ea8785bd669e2753a9,16,0,1,資訊帶寬測試協議或方法；沒有方法不能直接比較數值,PROPOSED_CONTEXT_REVIEW,build_semantic_catalog.py: explicit proposed glossary,REVIEW_REQUIRED,測量可重現,NOT_APPLICABLE,NOT_ESTABLISHED,,,UNKNOWN_NOT_APPLICABLE_OR_NOT_RECORDED; DO_NOT_IMPUTE_ZERO,UNASSIGNED,PROPOSED_NO_MEASURED_ROI
Reference/tables/08_global_technology_iso249_20261006_b02/registry_neurotechnology_global.csv,registry_neurotechnology_global,14,human_trial_state,REFERENCE_DATA,68759bafbd7b59bda5c6c19110b9cabace445f51377cd1ea8785bd669e2753a9,16,0,4,人體試驗證據、臨床階段或登記狀態；試驗登記不等於結果或許可,PROPOSED_CONTEXT_REVIEW,build_semantic_catalog.py: explicit proposed glossary,REVIEW_REQUIRED,臨床成熟度,NOT_APPLICABLE,NOT_ESTABLISHED,,,UNKNOWN_NOT_APPLICABLE_OR_NOT_RECORDED; DO_NOT_IMPUTE_ZERO,UNASSIGNED,PROPOSED_NO_MEASURED_ROI
Reference/tables/08_global_technology_iso249_20261006_b02/registry_neurotechnology_global.csv,registry_neurotechnology_global,15,trial_ids,REFERENCE_DATA,68759bafbd7b59bda5c6c19110b9cabace445f51377cd1ea8785bd669e2753a9,16,15,1,文獻、專利或試驗識別碼集合；取得識別碼不代表正文已審,PROPOSED_CONTEXT_REVIEW,build_semantic_catalog.py: explicit proposed glossary,REVIEW_REQUIRED,證據回溯,NOT_APPLICABLE,NOT_ESTABLISHED,,,UNKNOWN_NOT_APPLICABLE_OR_NOT_RECORDED; DO_NOT_IMPUTE_ZERO,UNASSIGNED,PROPOSED_NO_MEASURED_ROI
Reference/tables/08_global_technology_iso249_20261006_b02/registry_neurotechnology_global.csv,registry_neurotechnology_global,16,trial_registry_status,REFERENCE_DATA,68759bafbd7b59bda5c6c19110b9cabace445f51377cd1ea8785bd669e2753a9,16,0,1,人體試驗證據、臨床階段或登記狀態；試驗登記不等於結果或許可,PROPOSED_CONTEXT_REVIEW,build_semantic_catalog.py: explicit proposed glossary,REVIEW_REQUIRED,臨床成熟度,NOT_APPLICABLE,NOT_ESTABLISHED,,,UNKNOWN_NOT_APPLICABLE_OR_NOT_RECORDED; DO_NOT_IMPUTE_ZERO,UNASSIGNED,PROPOSED_NO_MEASURED_ROI
Reference/tables/08_global_technology_iso249_20261006_b02/registry_neurotechnology_global.csv,registry_neurotechnology_global,17,clinical_phase,REFERENCE_DATA,68759bafbd7b59bda5c6c19110b9cabace445f51377cd1ea8785bd669e2753a9,16,0,1,人體試驗證據、臨床階段或登記狀態；試驗登記不等於結果或許可,PROPOSED_CONTEXT_REVIEW,build_semantic_catalog.py: explicit proposed glossary,REVIEW_REQUIRED,臨床成熟度,NOT_APPLICABLE,NOT_ESTABLISHED,,,UNKNOWN_NOT_APPLICABLE_OR_NOT_RECORDED; DO_NOT_IMPUTE_ZERO,UNASSIGNED,PROPOSED_NO_MEASURED_ROI
Reference/tables/08_global_technology_iso249_20261006_b02/registry_neurotechnology_global.csv,registry_neurotechnology_global,18,publication_ids,REFERENCE_DATA,68759bafbd7b59bda5c6c19110b9cabace445f51377cd1ea8785bd669e2753a9,16,13,3,文獻、專利或試驗識別碼集合；取得識別碼不代表正文已審,PROPOSED_CONTEXT_REVIEW,build_semantic_catalog.py: explicit proposed glossary,REVIEW_REQUIRED,證據回溯,NOT_APPLICABLE,NOT_ESTABLISHED,,,UNKNOWN_NOT_APPLICABLE_OR_NOT_RECORDED; DO_NOT_IMPUTE_ZERO,UNASSIGNED,PROPOSED_NO_MEASURED_ROI
Reference/tables/08_global_technology_iso249_20261006_b02/registry_neurotechnology_global.csv,registry_neurotechnology_global,19,publication_state,REFERENCE_DATA,68759bafbd7b59bda5c6c19110b9cabace445f51377cd1ea8785bd669e2753a9,16,0,2,尚未完成欄位語義核實；需來源業務定義、單位、粒度與用途,UNRESOLVED,,REVIEW_REQUIRED,待資料負責人確認,UNKNOWN,NOT_ESTABLISHED,,,UNKNOWN_NOT_APPLICABLE_OR_NOT_RECORDED; DO_NOT_IMPUTE_ZERO,UNASSIGNED,PROPOSED_NO_MEASURED_ROI
Reference/tables/08_global_technology_iso249_20261006_b02/registry_neurotechnology_global.csv,registry_neurotechnology_global,20,patent_ids,REFERENCE_DATA,68759bafbd7b59bda5c6c19110b9cabace445f51377cd1ea8785bd669e2753a9,16,16,0,文獻、專利或試驗識別碼集合；取得識別碼不代表正文已審,PROPOSED_CONTEXT_REVIEW,build_semantic_catalog.py: explicit proposed glossary,REVIEW_REQUIRED,證據回溯,NOT_APPLICABLE,NOT_ESTABLISHED,,,UNKNOWN_NOT_APPLICABLE_OR_NOT_RECORDED; DO_NOT_IMPUTE_ZERO,UNASSIGNED,PROPOSED_NO_MEASURED_ROI
Reference/tables/08_global_technology_iso249_20261006_b02/registry_neurotechnology_global.csv,registry_neurotechnology_global,21,patent_state,REFERENCE_DATA,68759bafbd7b59bda5c6c19110b9cabace445f51377cd1ea8785bd669e2753a9,16,0,1,尚未完成欄位語義核實；需來源業務定義、單位、粒度與用途,UNRESOLVED,,REVIEW_REQUIRED,待資料負責人確認,UNKNOWN,NOT_ESTABLISHED,,,UNKNOWN_NOT_APPLICABLE_OR_NOT_RECORDED; DO_NOT_IMPUTE_ZERO,UNASSIGNED,PROPOSED_NO_MEASURED_ROI
Reference/tables/08_global_technology_iso249_20261006_b02/registry_neurotechnology_global.csv,registry_neurotechnology_global,22,regulatory_state,REFERENCE_DATA,68759bafbd7b59bda5c6c19110b9cabace445f51377cd1ea8785bd669e2753a9,16,0,3,監管狀態或其司法區；版次與日期需另定位,PROPOSED_CONTEXT_REVIEW,build_semantic_catalog.py: explicit proposed glossary,REVIEW_REQUIRED,臨床／採購條件評估,NOT_APPLICABLE,NOT_ESTABLISHED,,,UNKNOWN_NOT_APPLICABLE_OR_NOT_RECORDED; DO_NOT_IMPUTE_ZERO,UNASSIGNED,PROPOSED_NO_MEASURED_ROI
Reference/tables/08_global_technology_iso249_20261006_b02/registry_neurotechnology_global.csv,registry_neurotechnology_global,23,regulatory_jurisdiction,REFERENCE_DATA,68759bafbd7b59bda5c6c19110b9cabace445f51377cd1ea8785bd669e2753a9,16,0,2,監管狀態或其司法區；版次與日期需另定位,PROPOSED_CONTEXT_REVIEW,build_semantic_catalog.py: explicit proposed glossary,REVIEW_REQUIRED,臨床／採購條件評估,NOT_APPLICABLE,NOT_ESTABLISHED,,,UNKNOWN_NOT_APPLICABLE_OR_NOT_RECORDED; DO_NOT_IMPUTE_ZERO,UNASSIGNED,PROPOSED_NO_MEASURED_ROI
Reference/tables/08_global_technology_iso249_20261006_b02/registry_neurotechnology_global.csv,registry_neurotechnology_global,24,N0_N7_level,REFERENCE_DATA,68759bafbd7b59bda5c6c19110b9cabace445f51377cd1ea8785bd669e2753a9,16,0,1,國家能力或神經技術分級狀態；缺測試定義或證據維持 UNKNOWN,PROPOSED_CONTEXT_REVIEW,build_semantic_catalog.py: explicit proposed glossary,REVIEW_REQUIRED,防止無證據國別排名,NOT_APPLICABLE,NOT_ESTABLISHED,,,UNKNOWN_NOT_APPLICABLE_OR_NOT_RECORDED; DO_NOT_IMPUTE_ZERO,UNASSIGNED,PROPOSED_NO_MEASURED_ROI
Reference/tables/08_global_technology_iso249_20261006_b02/registry_neurotechnology_global.csv,registry_neurotechnology_global,25,evidence_state,REFERENCE_DATA,68759bafbd7b59bda5c6c19110b9cabace445f51377cd1ea8785bd669e2753a9,16,0,2,特定記錄或主張的證據狀態；VERIFIED 僅限可定位範圍,PROPOSED_CONTEXT_REVIEW,build_semantic_catalog.py: explicit proposed glossary,REVIEW_REQUIRED,隔離未知、宣稱與核實,NOT_APPLICABLE,NOT_ESTABLISHED,,,UNKNOWN_NOT_APPLICABLE_OR_NOT_RECORDED; DO_NOT_IMPUTE_ZERO,UNASSIGNED,PROPOSED_NO_MEASURED_ROI
Reference/tables/08_global_technology_iso249_20261006_b02/registry_neurotechnology_global.csv,registry_neurotechnology_global,26,verification_scope,REFERENCE_DATA,68759bafbd7b59bda5c6c19110b9cabace445f51377cd1ea8785bd669e2753a9,16,0,3,核實涵蓋的主張、條件與邊界；不把公開描述擴展成性能或部署證明,PROPOSED_CONTEXT_REVIEW,build_semantic_catalog.py: explicit proposed glossary,REVIEW_REQUIRED,限定決策可信範圍,NOT_APPLICABLE,NOT_ESTABLISHED,,,UNKNOWN_NOT_APPLICABLE_OR_NOT_RECORDED; DO_NOT_IMPUTE_ZERO,UNASSIGNED,PROPOSED_NO_MEASURED_ROI
Reference/tables/08_global_technology_iso249_20261006_b02/registry_neurotechnology_global.csv,registry_neurotechnology_global,27,source_id,REFERENCE_DATA,68759bafbd7b59bda5c6c19110b9cabace445f51377cd1ea8785bd669e2753a9,16,0,16,來源登記鍵；僅指來源，不代表該來源全部說法已核實,PROPOSED_CONTEXT_REVIEW,build_semantic_catalog.py: explicit proposed glossary,REVIEW_REQUIRED,主張證據追溯,NOT_APPLICABLE,NOT_ESTABLISHED,,,UNKNOWN_NOT_APPLICABLE_OR_NOT_RECORDED; DO_NOT_IMPUTE_ZERO,UNASSIGNED,PROPOSED_NO_MEASURED_ROI
Reference/tables/08_global_technology_iso249_20261006_b02/registry_neurotechnology_global.csv,registry_neurotechnology_global,28,notes,REFERENCE_DATA,68759bafbd7b59bda5c6c19110b9cabace445f51377cd1ea8785bd669e2753a9,16,0,6,尚未完成欄位語義核實；需來源業務定義、單位、粒度與用途,UNRESOLVED,,REVIEW_REQUIRED,待資料負責人確認,UNKNOWN,NOT_ESTABLISHED,,,UNKNOWN_NOT_APPLICABLE_OR_NOT_RECORDED; DO_NOT_IMPUTE_ZERO,UNASSIGNED,PROPOSED_NO_MEASURED_ROI
Reference/tables/08_global_technology_iso249_20261006_b02/registry_neurotechnology_global.csv,registry_neurotechnology_global,29,as_of,REFERENCE_DATA,68759bafbd7b59bda5c6c19110b9cabace445f51377cd1ea8785bd669e2753a9,16,0,1,資料截至／檢查／審核／搜索／取得時間；各欄依操作分別解讀，時區不可猜,PROPOSED_CONTEXT_REVIEW,build_semantic_catalog.py: explicit proposed glossary,REVIEW_REQUIRED,新鮮度與審核時點,SOURCE_DATE_OR_TIMESTAMP,NOT_ESTABLISHED,,,UNKNOWN_NOT_APPLICABLE_OR_NOT_RECORDED; DO_NOT_IMPUTE_ZERO,UNASSIGNED,PROPOSED_NO_MEASURED_ROI
Reference/tables/08_global_technology_iso249_20261006_b02/registry_technology_metrics.csv,registry_technology_metrics,1,metric_id,REFERENCE_DATA,25f0ee1fad2e78d8c77c76723db2ef7d8c3c558058c2570d9bbd764ca1f4d56c,6,0,6,尚未完成欄位語義核實；需來源業務定義、單位、粒度與用途,UNRESOLVED,,REVIEW_REQUIRED,待資料負責人確認,UNKNOWN,NOT_ESTABLISHED,,,UNKNOWN_NOT_APPLICABLE_OR_NOT_RECORDED; DO_NOT_IMPUTE_ZERO,UNASSIGNED,PROPOSED_NO_MEASURED_ROI
Reference/tables/08_global_technology_iso249_20261006_b02/registry_technology_metrics.csv,registry_technology_metrics,2,technology_id,REFERENCE_DATA,25f0ee1fad2e78d8c77c76723db2ef7d8c3c558058c2570d9bbd764ca1f4d56c,6,0,3,技術記錄鍵或產品／項目候選線索；候選不等於正式實體,PROPOSED_CONTEXT_REVIEW,build_semantic_catalog.py: explicit proposed glossary,REVIEW_REQUIRED,技術選型與後續查證,NOT_APPLICABLE,NOT_ESTABLISHED,,,UNKNOWN_NOT_APPLICABLE_OR_NOT_RECORDED; DO_NOT_IMPUTE_ZERO,UNASSIGNED,PROPOSED_NO_MEASURED_ROI
Reference/tables/08_global_technology_iso249_20261006_b02/registry_technology_metrics.csv,registry_technology_metrics,3,entity_id,REFERENCE_DATA,25f0ee1fad2e78d8c77c76723db2ef7d8c3c558058c2570d9bbd764ca1f4d56c,6,0,2,穩定內部實體識別鍵；命名空間及對象依所屬表，不以相似名稱自動合併,PROPOSED_CONTEXT_REVIEW,build_semantic_catalog.py: explicit proposed glossary,REVIEW_REQUIRED,跨表實體追溯,NOT_APPLICABLE,NOT_ESTABLISHED,,,UNKNOWN_NOT_APPLICABLE_OR_NOT_RECORDED; DO_NOT_IMPUTE_ZERO,UNASSIGNED,PROPOSED_NO_MEASURED_ROI
Reference/tables/08_global_technology_iso249_20261006_b02/registry_technology_metrics.csv,registry_technology_metrics,4,metric_name,REFERENCE_DATA,25f0ee1fad2e78d8c77c76723db2ef7d8c3c558058c2570d9bbd764ca1f4d56c,6,0,4,尚未完成欄位語義核實；需來源業務定義、單位、粒度與用途,UNRESOLVED,,REVIEW_REQUIRED,待資料負責人確認,UNKNOWN,NOT_ESTABLISHED,,,UNKNOWN_NOT_APPLICABLE_OR_NOT_RECORDED; DO_NOT_IMPUTE_ZERO,UNASSIGNED,PROPOSED_NO_MEASURED_ROI
Reference/tables/08_global_technology_iso249_20261006_b02/registry_technology_metrics.csv,registry_technology_metrics,5,value,REFERENCE_DATA,25f0ee1fad2e78d8c77c76723db2ef7d8c3c558058c2570d9bbd764ca1f4d56c,6,0,6,尚未完成欄位語義核實；需來源業務定義、單位、粒度與用途,UNRESOLVED,,REVIEW_REQUIRED,待資料負責人確認,UNKNOWN,NOT_ESTABLISHED,,,UNKNOWN_NOT_APPLICABLE_OR_NOT_RECORDED; DO_NOT_IMPUTE_ZERO,UNASSIGNED,PROPOSED_NO_MEASURED_ROI
Reference/tables/08_global_technology_iso249_20261006_b02/registry_technology_metrics.csv,registry_technology_metrics,6,unit,REFERENCE_DATA,25f0ee1fad2e78d8c77c76723db2ef7d8c3c558058c2570d9bbd764ca1f4d56c,6,0,3,值的單位；不能從欄名或數值大小猜測單位,PROPOSED_CONTEXT_REVIEW,build_semantic_catalog.py: explicit proposed glossary,REVIEW_REQUIRED,避免量綱錯誤,UNIT_LABEL,NOT_ESTABLISHED,,,UNKNOWN_NOT_APPLICABLE_OR_NOT_RECORDED; DO_NOT_IMPUTE_ZERO,UNASSIGNED,PROPOSED_NO_MEASURED_ROI
Reference/tables/08_global_technology_iso249_20261006_b02/registry_technology_metrics.csv,registry_technology_metrics,7,statistic,REFERENCE_DATA,25f0ee1fad2e78d8c77c76723db2ef7d8c3c558058c2570d9bbd764ca1f4d56c,6,0,4,尚未完成欄位語義核實；需來源業務定義、單位、粒度與用途,UNRESOLVED,,REVIEW_REQUIRED,待資料負責人確認,UNKNOWN,NOT_ESTABLISHED,,,UNKNOWN_NOT_APPLICABLE_OR_NOT_RECORDED; DO_NOT_IMPUTE_ZERO,UNASSIGNED,PROPOSED_NO_MEASURED_ROI
Reference/tables/08_global_technology_iso249_20261006_b02/registry_technology_metrics.csv,registry_technology_metrics,8,participant_count,REFERENCE_DATA,25f0ee1fad2e78d8c77c76723db2ef7d8c3c558058c2570d9bbd764ca1f4d56c,6,0,1,尚未完成欄位語義核實；需來源業務定義、單位、粒度與用途,UNRESOLVED,,REVIEW_REQUIRED,待資料負責人確認,UNKNOWN,NOT_ESTABLISHED,,,UNKNOWN_NOT_APPLICABLE_OR_NOT_RECORDED; DO_NOT_IMPUTE_ZERO,UNASSIGNED,PROPOSED_NO_MEASURED_ROI
Reference/tables/08_global_technology_iso249_20261006_b02/registry_technology_metrics.csv,registry_technology_metrics,9,conditions,REFERENCE_DATA,25f0ee1fad2e78d8c77c76723db2ef7d8c3c558058c2570d9bbd764ca1f4d56c,6,0,6,尚未完成欄位語義核實；需來源業務定義、單位、粒度與用途,UNRESOLVED,,REVIEW_REQUIRED,待資料負責人確認,UNKNOWN,NOT_ESTABLISHED,,,UNKNOWN_NOT_APPLICABLE_OR_NOT_RECORDED; DO_NOT_IMPUTE_ZERO,UNASSIGNED,PROPOSED_NO_MEASURED_ROI
Reference/tables/08_global_technology_iso249_20261006_b02/registry_technology_metrics.csv,registry_technology_metrics,10,study_date,REFERENCE_DATA,25f0ee1fad2e78d8c77c76723db2ef7d8c3c558058c2570d9bbd764ca1f4d56c,6,0,2,尚未完成欄位語義核實；需來源業務定義、單位、粒度與用途,UNRESOLVED,,REVIEW_REQUIRED,待資料負責人確認,UNKNOWN,NOT_ESTABLISHED,,,UNKNOWN_NOT_APPLICABLE_OR_NOT_RECORDED; DO_NOT_IMPUTE_ZERO,UNASSIGNED,PROPOSED_NO_MEASURED_ROI
Reference/tables/08_global_technology_iso249_20261006_b02/registry_technology_metrics.csv,registry_technology_metrics,11,doi,REFERENCE_DATA,25f0ee1fad2e78d8c77c76723db2ef7d8c3c558058c2570d9bbd764ca1f4d56c,6,0,3,尚未完成欄位語義核實；需來源業務定義、單位、粒度與用途,UNRESOLVED,,REVIEW_REQUIRED,待資料負責人確認,UNKNOWN,NOT_ESTABLISHED,,,UNKNOWN_NOT_APPLICABLE_OR_NOT_RECORDED; DO_NOT_IMPUTE_ZERO,UNASSIGNED,PROPOSED_NO_MEASURED_ROI
Reference/tables/08_global_technology_iso249_20261006_b02/registry_technology_metrics.csv,registry_technology_metrics,12,evidence_state,REFERENCE_DATA,25f0ee1fad2e78d8c77c76723db2ef7d8c3c558058c2570d9bbd764ca1f4d56c,6,0,1,特定記錄或主張的證據狀態；VERIFIED 僅限可定位範圍,PROPOSED_CONTEXT_REVIEW,build_semantic_catalog.py: explicit proposed glossary,REVIEW_REQUIRED,隔離未知、宣稱與核實,NOT_APPLICABLE,NOT_ESTABLISHED,,,UNKNOWN_NOT_APPLICABLE_OR_NOT_RECORDED; DO_NOT_IMPUTE_ZERO,UNASSIGNED,PROPOSED_NO_MEASURED_ROI
Reference/tables/08_global_technology_iso249_20261006_b02/registry_technology_metrics.csv,registry_technology_metrics,13,verification_scope,REFERENCE_DATA,25f0ee1fad2e78d8c77c76723db2ef7d8c3c558058c2570d9bbd764ca1f4d56c,6,0,1,核實涵蓋的主張、條件與邊界；不把公開描述擴展成性能或部署證明,PROPOSED_CONTEXT_REVIEW,build_semantic_catalog.py: explicit proposed glossary,REVIEW_REQUIRED,限定決策可信範圍,NOT_APPLICABLE,NOT_ESTABLISHED,,,UNKNOWN_NOT_APPLICABLE_OR_NOT_RECORDED; DO_NOT_IMPUTE_ZERO,UNASSIGNED,PROPOSED_NO_MEASURED_ROI
Reference/tables/08_global_technology_iso249_20261006_b02/registry_technology_metrics.csv,registry_technology_metrics,14,source_id,REFERENCE_DATA,25f0ee1fad2e78d8c77c76723db2ef7d8c3c558058c2570d9bbd764ca1f4d56c,6,0,3,來源登記鍵；僅指來源，不代表該來源全部說法已核實,PROPOSED_CONTEXT_REVIEW,build_semantic_catalog.py: explicit proposed glossary,REVIEW_REQUIRED,主張證據追溯,NOT_APPLICABLE,NOT_ESTABLISHED,,,UNKNOWN_NOT_APPLICABLE_OR_NOT_RECORDED; DO_NOT_IMPUTE_ZERO,UNASSIGNED,PROPOSED_NO_MEASURED_ROI
Reference/tables/08_global_technology_iso249_20261006_b02/registry_technology_metrics.csv,registry_technology_metrics,15,information_bandwidth_state,REFERENCE_DATA,25f0ee1fad2e78d8c77c76723db2ef7d8c3c558058c2570d9bbd764ca1f4d56c,6,0,1,尚未完成欄位語義核實；需來源業務定義、單位、粒度與用途,UNRESOLVED,,REVIEW_REQUIRED,待資料負責人確認,UNKNOWN,NOT_ESTABLISHED,,,UNKNOWN_NOT_APPLICABLE_OR_NOT_RECORDED; DO_NOT_IMPUTE_ZERO,UNASSIGNED,PROPOSED_NO_MEASURED_ROI
Reference/tables/08_global_technology_iso249_20261006_b02/registry_technology_metrics.csv,registry_technology_metrics,16,general_population_state,REFERENCE_DATA,25f0ee1fad2e78d8c77c76723db2ef7d8c3c558058c2570d9bbd764ca1f4d56c,6,0,1,尚未完成欄位語義核實；需來源業務定義、單位、粒度與用途,UNRESOLVED,,REVIEW_REQUIRED,待資料負責人確認,UNKNOWN,NOT_ESTABLISHED,,,UNKNOWN_NOT_APPLICABLE_OR_NOT_RECORDED; DO_NOT_IMPUTE_ZERO,UNASSIGNED,PROPOSED_NO_MEASURED_ROI
Reference/tables/08_global_technology_iso249_20261006_b02/registry_technology_metrics.csv,registry_technology_metrics,17,world_record_state,REFERENCE_DATA,25f0ee1fad2e78d8c77c76723db2ef7d8c3c558058c2570d9bbd764ca1f4d56c,6,0,1,尚未完成欄位語義核實；需來源業務定義、單位、粒度與用途,UNRESOLVED,,REVIEW_REQUIRED,待資料負責人確認,UNKNOWN,NOT_ESTABLISHED,,,UNKNOWN_NOT_APPLICABLE_OR_NOT_RECORDED; DO_NOT_IMPUTE_ZERO,UNASSIGNED,PROPOSED_NO_MEASURED_ROI
Reference/tables/08_global_technology_iso249_20261006_b02/registry_technology_metrics.csv,registry_technology_metrics,18,reviewed_on,REFERENCE_DATA,25f0ee1fad2e78d8c77c76723db2ef7d8c3c558058c2570d9bbd764ca1f4d56c,6,0,1,資料截至／檢查／審核／搜索／取得時間；各欄依操作分別解讀，時區不可猜,PROPOSED_CONTEXT_REVIEW,build_semantic_catalog.py: explicit proposed glossary,REVIEW_REQUIRED,新鮮度與審核時點,SOURCE_DATE_OR_TIMESTAMP,NOT_ESTABLISHED,,,UNKNOWN_NOT_APPLICABLE_OR_NOT_RECORDED; DO_NOT_IMPUTE_ZERO,UNASSIGNED,PROPOSED_NO_MEASURED_ROI
Reference/tables/08_global_technology_iso249_20261006_b02/registry_technology_products_tools.csv,registry_technology_products_tools,1,technology_id,REFERENCE_DATA,39a1e912d3552a17ab29ba23117533ae170237b51c3da0a73dac02c5cc1e8d36,54,0,54,技術記錄鍵或產品／項目候選線索；候選不等於正式實體,PROPOSED_CONTEXT_REVIEW,build_semantic_catalog.py: explicit proposed glossary,REVIEW_REQUIRED,技術選型與後續查證,NOT_APPLICABLE,NOT_ESTABLISHED,,,UNKNOWN_NOT_APPLICABLE_OR_NOT_RECORDED; DO_NOT_IMPUTE_ZERO,UNASSIGNED,PROPOSED_NO_MEASURED_ROI
Reference/tables/08_global_technology_iso249_20261006_b02/registry_technology_products_tools.csv,registry_technology_products_tools,2,display_name,REFERENCE_DATA,39a1e912d3552a17ab29ba23117533ae170237b51c3da0a73dac02c5cc1e8d36,54,0,54,尚未完成欄位語義核實；需來源業務定義、單位、粒度與用途,UNRESOLVED,,REVIEW_REQUIRED,待資料負責人確認,UNKNOWN,NOT_ESTABLISHED,,,UNKNOWN_NOT_APPLICABLE_OR_NOT_RECORDED; DO_NOT_IMPUTE_ZERO,UNASSIGNED,PROPOSED_NO_MEASURED_ROI
Reference/tables/08_global_technology_iso249_20261006_b02/registry_technology_products_tools.csv,registry_technology_products_tools,3,record_type,REFERENCE_DATA,39a1e912d3552a17ab29ba23117533ae170237b51c3da0a73dac02c5cc1e8d36,54,0,23,尚未完成欄位語義核實；需來源業務定義、單位、粒度與用途,UNRESOLVED,,REVIEW_REQUIRED,待資料負責人確認,UNKNOWN,NOT_ESTABLISHED,,,UNKNOWN_NOT_APPLICABLE_OR_NOT_RECORDED; DO_NOT_IMPUTE_ZERO,UNASSIGNED,PROPOSED_NO_MEASURED_ROI
Reference/tables/08_global_technology_iso249_20261006_b02/registry_technology_products_tools.csv,registry_technology_products_tools,4,domain,REFERENCE_DATA,39a1e912d3552a17ab29ba23117533ae170237b51c3da0a73dac02c5cc1e8d36,54,0,14,尚未完成欄位語義核實；需來源業務定義、單位、粒度與用途,UNRESOLVED,,REVIEW_REQUIRED,待資料負責人確認,UNKNOWN,NOT_ESTABLISHED,,,UNKNOWN_NOT_APPLICABLE_OR_NOT_RECORDED; DO_NOT_IMPUTE_ZERO,UNASSIGNED,PROPOSED_NO_MEASURED_ROI
Reference/tables/08_global_technology_iso249_20261006_b02/registry_technology_products_tools.csv,registry_technology_products_tools,5,issuer_entity_id,REFERENCE_DATA,39a1e912d3552a17ab29ba23117533ae170237b51c3da0a73dac02c5cc1e8d36,54,25,16,尚未完成欄位語義核實；需來源業務定義、單位、粒度與用途,UNRESOLVED,,REVIEW_REQUIRED,待資料負責人確認,UNKNOWN,NOT_ESTABLISHED,,,UNKNOWN_NOT_APPLICABLE_OR_NOT_RECORDED; DO_NOT_IMPUTE_ZERO,UNASSIGNED,PROPOSED_NO_MEASURED_ROI
Reference/tables/08_global_technology_iso249_20261006_b02/registry_technology_products_tools.csv,registry_technology_products_tools,6,issuer_relation_state,REFERENCE_DATA,39a1e912d3552a17ab29ba23117533ae170237b51c3da0a73dac02c5cc1e8d36,54,0,3,尚未完成欄位語義核實；需來源業務定義、單位、粒度與用途,UNRESOLVED,,REVIEW_REQUIRED,待資料負責人確認,UNKNOWN,NOT_ESTABLISHED,,,UNKNOWN_NOT_APPLICABLE_OR_NOT_RECORDED; DO_NOT_IMPUTE_ZERO,UNASSIGNED,PROPOSED_NO_MEASURED_ROI
Reference/tables/08_global_technology_iso249_20261006_b02/registry_technology_products_tools.csv,registry_technology_products_tools,7,public_description,REFERENCE_DATA,39a1e912d3552a17ab29ba23117533ae170237b51c3da0a73dac02c5cc1e8d36,54,0,52,尚未完成欄位語義核實；需來源業務定義、單位、粒度與用途,UNRESOLVED,,REVIEW_REQUIRED,待資料負責人確認,UNKNOWN,NOT_ESTABLISHED,,,UNKNOWN_NOT_APPLICABLE_OR_NOT_RECORDED; DO_NOT_IMPUTE_ZERO,UNASSIGNED,PROPOSED_NO_MEASURED_ROI
Reference/tables/08_global_technology_iso249_20261006_b02/registry_technology_products_tools.csv,registry_technology_products_tools,8,evidence_state,REFERENCE_DATA,39a1e912d3552a17ab29ba23117533ae170237b51c3da0a73dac02c5cc1e8d36,54,0,2,特定記錄或主張的證據狀態；VERIFIED 僅限可定位範圍,PROPOSED_CONTEXT_REVIEW,build_semantic_catalog.py: explicit proposed glossary,REVIEW_REQUIRED,隔離未知、宣稱與核實,NOT_APPLICABLE,NOT_ESTABLISHED,,,UNKNOWN_NOT_APPLICABLE_OR_NOT_RECORDED; DO_NOT_IMPUTE_ZERO,UNASSIGNED,PROPOSED_NO_MEASURED_ROI
Reference/tables/08_global_technology_iso249_20261006_b02/registry_technology_products_tools.csv,registry_technology_products_tools,9,verification_scope,REFERENCE_DATA,39a1e912d3552a17ab29ba23117533ae170237b51c3da0a73dac02c5cc1e8d36,54,0,3,核實涵蓋的主張、條件與邊界；不把公開描述擴展成性能或部署證明,PROPOSED_CONTEXT_REVIEW,build_semantic_catalog.py: explicit proposed glossary,REVIEW_REQUIRED,限定決策可信範圍,NOT_APPLICABLE,NOT_ESTABLISHED,,,UNKNOWN_NOT_APPLICABLE_OR_NOT_RECORDED; DO_NOT_IMPUTE_ZERO,UNASSIGNED,PROPOSED_NO_MEASURED_ROI
Reference/tables/08_global_technology_iso249_20261006_b02/registry_technology_products_tools.csv,registry_technology_products_tools,10,source_id,REFERENCE_DATA,39a1e912d3552a17ab29ba23117533ae170237b51c3da0a73dac02c5cc1e8d36,54,0,43,來源登記鍵；僅指來源，不代表該來源全部說法已核實,PROPOSED_CONTEXT_REVIEW,build_semantic_catalog.py: explicit proposed glossary,REVIEW_REQUIRED,主張證據追溯,NOT_APPLICABLE,NOT_ESTABLISHED,,,UNKNOWN_NOT_APPLICABLE_OR_NOT_RECORDED; DO_NOT_IMPUTE_ZERO,UNASSIGNED,PROPOSED_NO_MEASURED_ROI
Reference/tables/08_global_technology_iso249_20261006_b02/registry_technology_products_tools.csv,registry_technology_products_tools,11,version_state,REFERENCE_DATA,39a1e912d3552a17ab29ba23117533ae170237b51c3da0a73dac02c5cc1e8d36,54,0,1,尚未完成欄位語義核實；需來源業務定義、單位、粒度與用途,UNRESOLVED,,REVIEW_REQUIRED,待資料負責人確認,UNKNOWN,NOT_ESTABLISHED,,,UNKNOWN_NOT_APPLICABLE_OR_NOT_RECORDED; DO_NOT_IMPUTE_ZERO,UNASSIGNED,PROPOSED_NO_MEASURED_ROI
Reference/tables/08_global_technology_iso249_20261006_b02/registry_technology_products_tools.csv,registry_technology_products_tools,12,license_state,REFERENCE_DATA,39a1e912d3552a17ab29ba23117533ae170237b51c3da0a73dac02c5cc1e8d36,54,0,1,授權審核狀態；需定位產品／資料／权重與版本,PROPOSED_CONTEXT_REVIEW,build_semantic_catalog.py: explicit proposed glossary,REVIEW_REQUIRED,用途准入,NOT_APPLICABLE,NOT_ESTABLISHED,,,UNKNOWN_NOT_APPLICABLE_OR_NOT_RECORDED; DO_NOT_IMPUTE_ZERO,UNASSIGNED,PROPOSED_NO_MEASURED_ROI
Reference/tables/08_global_technology_iso249_20261006_b02/registry_technology_products_tools.csv,registry_technology_products_tools,13,availability_state,REFERENCE_DATA,39a1e912d3552a17ab29ba23117533ae170237b51c3da0a73dac02c5cc1e8d36,54,0,1,尚未完成欄位語義核實；需來源業務定義、單位、粒度與用途,UNRESOLVED,,REVIEW_REQUIRED,待資料負責人確認,UNKNOWN,NOT_ESTABLISHED,,,UNKNOWN_NOT_APPLICABLE_OR_NOT_RECORDED; DO_NOT_IMPUTE_ZERO,UNASSIGNED,PROPOSED_NO_MEASURED_ROI
Reference/tables/08_global_technology_iso249_20261006_b02/registry_technology_products_tools.csv,registry_technology_products_tools,14,independent_performance_state,REFERENCE_DATA,39a1e912d3552a17ab29ba23117533ae170237b51c3da0a73dac02c5cc1e8d36,54,0,2,性能主張或獨立性能驗證狀態；不是性能數值,PROPOSED_CONTEXT_REVIEW,build_semantic_catalog.py: explicit proposed glossary,REVIEW_REQUIRED,避免宣傳數字冒充測試,NOT_APPLICABLE,NOT_ESTABLISHED,,,UNKNOWN_NOT_APPLICABLE_OR_NOT_RECORDED; DO_NOT_IMPUTE_ZERO,UNASSIGNED,PROPOSED_NO_MEASURED_ROI
Reference/tables/08_global_technology_iso249_20261006_b02/registry_technology_products_tools.csv,registry_technology_products_tools,15,global_rank_state,REFERENCE_DATA,39a1e912d3552a17ab29ba23117533ae170237b51c3da0a73dac02c5cc1e8d36,54,0,1,排名主張的核實狀態；先定義樣本、指標與比較協議,PROPOSED_CONTEXT_REVIEW,build_semantic_catalog.py: explicit proposed glossary,REVIEW_REQUIRED,比較口徑治理,NOT_APPLICABLE,NOT_ESTABLISHED,,,UNKNOWN_NOT_APPLICABLE_OR_NOT_RECORDED; DO_NOT_IMPUTE_ZERO,UNASSIGNED,PROPOSED_NO_MEASURED_ROI
Reference/tables/08_global_technology_iso249_20261006_b02/registry_technology_products_tools.csv,registry_technology_products_tools,16,regulatory_state,REFERENCE_DATA,39a1e912d3552a17ab29ba23117533ae170237b51c3da0a73dac02c5cc1e8d36,54,0,2,監管狀態或其司法區；版次與日期需另定位,PROPOSED_CONTEXT_REVIEW,build_semantic_catalog.py: explicit proposed glossary,REVIEW_REQUIRED,臨床／採購條件評估,NOT_APPLICABLE,NOT_ESTABLISHED,,,UNKNOWN_NOT_APPLICABLE_OR_NOT_RECORDED; DO_NOT_IMPUTE_ZERO,UNASSIGNED,PROPOSED_NO_MEASURED_ROI
Reference/tables/08_global_technology_iso249_20261006_b02/registry_technology_products_tools.csv,registry_technology_products_tools,17,as_of,REFERENCE_DATA,39a1e912d3552a17ab29ba23117533ae170237b51c3da0a73dac02c5cc1e8d36,54,0,1,資料截至／檢查／審核／搜索／取得時間；各欄依操作分別解讀，時區不可猜,PROPOSED_CONTEXT_REVIEW,build_semantic_catalog.py: explicit proposed glossary,REVIEW_REQUIRED,新鮮度與審核時點,SOURCE_DATE_OR_TIMESTAMP,NOT_ESTABLISHED,,,UNKNOWN_NOT_APPLICABLE_OR_NOT_RECORDED; DO_NOT_IMPUTE_ZERO,UNASSIGNED,PROPOSED_NO_MEASURED_ROI
Reference/tables/09_global_technology_iso249_20261006_b03/registry_country_entity_relations.csv,registry_country_entity_relations,1,relation_id,REFERENCE_DATA,8238ac709f23dd4c7bc8e529038c10bec0b60dde277fffe450f805ba72a9749f,10,0,10,尚未完成欄位語義核實；需來源業務定義、單位、粒度與用途,UNRESOLVED,,REVIEW_REQUIRED,待資料負責人確認,UNKNOWN,NOT_ESTABLISHED,,,UNKNOWN_NOT_APPLICABLE_OR_NOT_RECORDED; DO_NOT_IMPUTE_ZERO,UNASSIGNED,PROPOSED_NO_MEASURED_ROI
Reference/tables/09_global_technology_iso249_20261006_b03/registry_country_entity_relations.csv,registry_country_entity_relations,2,entity_id,REFERENCE_DATA,8238ac709f23dd4c7bc8e529038c10bec0b60dde277fffe450f805ba72a9749f,10,0,9,穩定內部實體識別鍵；命名空間及對象依所屬表，不以相似名稱自動合併,PROPOSED_CONTEXT_REVIEW,build_semantic_catalog.py: explicit proposed glossary,REVIEW_REQUIRED,跨表實體追溯,NOT_APPLICABLE,NOT_ESTABLISHED,,,UNKNOWN_NOT_APPLICABLE_OR_NOT_RECORDED; DO_NOT_IMPUTE_ZERO,UNASSIGNED,PROPOSED_NO_MEASURED_ROI
Reference/tables/09_global_technology_iso249_20261006_b03/registry_country_entity_relations.csv,registry_country_entity_relations,3,iso_alpha2,REFERENCE_DATA,8238ac709f23dd4c7bc8e529038c10bec0b60dde277fffe450f805ba72a9749f,10,0,10,ISO 3166-1 alpha-2 國家／地區代碼；代碼版次與關係另記,PROPOSED_CONTEXT_REVIEW,build_semantic_catalog.py: explicit proposed glossary,REVIEW_REQUIRED,母表連結,ISO_ALPHA2,NOT_ESTABLISHED,,,UNKNOWN_NOT_APPLICABLE_OR_NOT_RECORDED; DO_NOT_IMPUTE_ZERO,UNASSIGNED,PROPOSED_NO_MEASURED_ROI
Reference/tables/09_global_technology_iso249_20261006_b03/registry_country_entity_relations.csv,registry_country_entity_relations,4,relation_type,REFERENCE_DATA,8238ac709f23dd4c7bc8e529038c10bec0b60dde277fffe450f805ba72a9749f,10,0,5,尚未完成欄位語義核實；需來源業務定義、單位、粒度與用途,UNRESOLVED,,REVIEW_REQUIRED,待資料負責人確認,UNKNOWN,NOT_ESTABLISHED,,,UNKNOWN_NOT_APPLICABLE_OR_NOT_RECORDED; DO_NOT_IMPUTE_ZERO,UNASSIGNED,PROPOSED_NO_MEASURED_ROI
Reference/tables/09_global_technology_iso249_20261006_b03/registry_country_entity_relations.csv,registry_country_entity_relations,5,claim,REFERENCE_DATA,8238ac709f23dd4c7bc8e529038c10bec0b60dde277fffe450f805ba72a9749f,10,0,9,一項待審或歷史主張的文字；與其證據狀態一起使用,PROPOSED_CONTEXT_REVIEW,build_semantic_catalog.py: explicit proposed glossary,REVIEW_REQUIRED,保存研究命題,NOT_APPLICABLE,NOT_ESTABLISHED,,,UNKNOWN_NOT_APPLICABLE_OR_NOT_RECORDED; DO_NOT_IMPUTE_ZERO,UNASSIGNED,PROPOSED_NO_MEASURED_ROI
Reference/tables/09_global_technology_iso249_20261006_b03/registry_country_entity_relations.csv,registry_country_entity_relations,6,evidence_state,REFERENCE_DATA,8238ac709f23dd4c7bc8e529038c10bec0b60dde277fffe450f805ba72a9749f,10,0,1,特定記錄或主張的證據狀態；VERIFIED 僅限可定位範圍,PROPOSED_CONTEXT_REVIEW,build_semantic_catalog.py: explicit proposed glossary,REVIEW_REQUIRED,隔離未知、宣稱與核實,NOT_APPLICABLE,NOT_ESTABLISHED,,,UNKNOWN_NOT_APPLICABLE_OR_NOT_RECORDED; DO_NOT_IMPUTE_ZERO,UNASSIGNED,PROPOSED_NO_MEASURED_ROI
Reference/tables/09_global_technology_iso249_20261006_b03/registry_country_entity_relations.csv,registry_country_entity_relations,7,verification_scope,REFERENCE_DATA,8238ac709f23dd4c7bc8e529038c10bec0b60dde277fffe450f805ba72a9749f,10,0,3,核實涵蓋的主張、條件與邊界；不把公開描述擴展成性能或部署證明,PROPOSED_CONTEXT_REVIEW,build_semantic_catalog.py: explicit proposed glossary,REVIEW_REQUIRED,限定決策可信範圍,NOT_APPLICABLE,NOT_ESTABLISHED,,,UNKNOWN_NOT_APPLICABLE_OR_NOT_RECORDED; DO_NOT_IMPUTE_ZERO,UNASSIGNED,PROPOSED_NO_MEASURED_ROI
Reference/tables/09_global_technology_iso249_20261006_b03/registry_country_entity_relations.csv,registry_country_entity_relations,8,source_id,REFERENCE_DATA,8238ac709f23dd4c7bc8e529038c10bec0b60dde277fffe450f805ba72a9749f,10,0,9,來源登記鍵；僅指來源，不代表該來源全部說法已核實,PROPOSED_CONTEXT_REVIEW,build_semantic_catalog.py: explicit proposed glossary,REVIEW_REQUIRED,主張證據追溯,NOT_APPLICABLE,NOT_ESTABLISHED,,,UNKNOWN_NOT_APPLICABLE_OR_NOT_RECORDED; DO_NOT_IMPUTE_ZERO,UNASSIGNED,PROPOSED_NO_MEASURED_ROI
Reference/tables/09_global_technology_iso249_20261006_b03/registry_country_entity_relations.csv,registry_country_entity_relations,9,as_of,REFERENCE_DATA,8238ac709f23dd4c7bc8e529038c10bec0b60dde277fffe450f805ba72a9749f,10,0,1,資料截至／檢查／審核／搜索／取得時間；各欄依操作分別解讀，時區不可猜,PROPOSED_CONTEXT_REVIEW,build_semantic_catalog.py: explicit proposed glossary,REVIEW_REQUIRED,新鮮度與審核時點,SOURCE_DATE_OR_TIMESTAMP,NOT_ESTABLISHED,,,UNKNOWN_NOT_APPLICABLE_OR_NOT_RECORDED; DO_NOT_IMPUTE_ZERO,UNASSIGNED,PROPOSED_NO_MEASURED_ROI
Reference/tables/09_global_technology_iso249_20261006_b03/registry_country_technology_coverage.csv,registry_country_technology_coverage,1,iso_alpha2,REFERENCE_DATA,76f6563ac1c1892ad72597dc56bcc5e1f4b392b8f40a4c99205d5854b7d97474,249,0,249,ISO 3166-1 alpha-2 國家／地區代碼；代碼版次與關係另記,PROPOSED_CONTEXT_REVIEW,build_semantic_catalog.py: explicit proposed glossary,REVIEW_REQUIRED,母表連結,ISO_ALPHA2,NOT_ESTABLISHED,,,UNKNOWN_NOT_APPLICABLE_OR_NOT_RECORDED; DO_NOT_IMPUTE_ZERO,UNASSIGNED,PROPOSED_NO_MEASURED_ROI
Reference/tables/09_global_technology_iso249_20261006_b03/registry_country_technology_coverage.csv,registry_country_technology_coverage,2,name_en,REFERENCE_DATA,76f6563ac1c1892ad72597dc56bcc5e1f4b392b8f40a4c99205d5854b7d97474,249,0,249,尚未完成欄位語義核實；需來源業務定義、單位、粒度與用途,UNRESOLVED,,REVIEW_REQUIRED,待資料負責人確認,UNKNOWN,NOT_ESTABLISHED,,,UNKNOWN_NOT_APPLICABLE_OR_NOT_RECORDED; DO_NOT_IMPUTE_ZERO,UNASSIGNED,PROPOSED_NO_MEASURED_ROI
Reference/tables/09_global_technology_iso249_20261006_b03/registry_country_technology_coverage.csv,registry_country_technology_coverage,3,search_state,REFERENCE_DATA,76f6563ac1c1892ad72597dc56bcc5e1f4b392b8f40a4c99205d5854b7d97474,249,0,1,搜索操作或研究完成狀態；不等於國家能力或完整母體覆蓋,PROPOSED_CONTEXT_REVIEW,build_semantic_catalog.py: explicit proposed glossary,REVIEW_REQUIRED,工作進度治理,NOT_APPLICABLE,NOT_ESTABLISHED,,,UNKNOWN_NOT_APPLICABLE_OR_NOT_RECORDED; DO_NOT_IMPUTE_ZERO,UNASSIGNED,PROPOSED_NO_MEASURED_ROI
Reference/tables/09_global_technology_iso249_20261006_b03/registry_country_technology_coverage.csv,registry_country_technology_coverage,4,broad_queries_completed,REFERENCE_DATA,76f6563ac1c1892ad72597dc56bcc5e1f4b392b8f40a4c99205d5854b7d97474,249,0,1,尚未完成欄位語義核實；需來源業務定義、單位、粒度與用途,UNRESOLVED,,REVIEW_REQUIRED,待資料負責人確認,UNKNOWN,NOT_ESTABLISHED,,,UNKNOWN_NOT_APPLICABLE_OR_NOT_RECORDED; DO_NOT_IMPUTE_ZERO,UNASSIGNED,PROPOSED_NO_MEASURED_ROI
Reference/tables/09_global_technology_iso249_20261006_b03/registry_country_technology_coverage.csv,registry_country_technology_coverage,5,retry_count,REFERENCE_DATA,76f6563ac1c1892ad72597dc56bcc5e1f4b392b8f40a4c99205d5854b7d97474,249,0,2,尚未完成欄位語義核實；需來源業務定義、單位、粒度與用途,UNRESOLVED,,REVIEW_REQUIRED,待資料負責人確認,UNKNOWN,NOT_ESTABLISHED,,,UNKNOWN_NOT_APPLICABLE_OR_NOT_RECORDED; DO_NOT_IMPUTE_ZERO,UNASSIGNED,PROPOSED_NO_MEASURED_ROI
Reference/tables/09_global_technology_iso249_20261006_b03/registry_country_technology_coverage.csv,registry_country_technology_coverage,6,search_lead_count,REFERENCE_DATA,76f6563ac1c1892ad72597dc56bcc5e1f4b392b8f40a4c99205d5854b7d97474,249,0,2,尚未完成欄位語義核實；需來源業務定義、單位、粒度與用途,UNRESOLVED,,REVIEW_REQUIRED,待資料負責人確認,UNKNOWN,NOT_ESTABLISHED,,,UNKNOWN_NOT_APPLICABLE_OR_NOT_RECORDED; DO_NOT_IMPUTE_ZERO,UNASSIGNED,PROPOSED_NO_MEASURED_ROI
Reference/tables/09_global_technology_iso249_20261006_b03/registry_country_technology_coverage.csv,registry_country_technology_coverage,7,editorial_entity_candidate_count,REFERENCE_DATA,76f6563ac1c1892ad72597dc56bcc5e1f4b392b8f40a4c99205d5854b7d97474,249,0,11,尚未完成欄位語義核實；需來源業務定義、單位、粒度與用途,UNRESOLVED,,REVIEW_REQUIRED,待資料負責人確認,UNKNOWN,NOT_ESTABLISHED,,,UNKNOWN_NOT_APPLICABLE_OR_NOT_RECORDED; DO_NOT_IMPUTE_ZERO,UNASSIGNED,PROPOSED_NO_MEASURED_ROI
Reference/tables/09_global_technology_iso249_20261006_b03/registry_country_technology_coverage.csv,registry_country_technology_coverage,8,candidate_public_descriptions_verified,REFERENCE_DATA,76f6563ac1c1892ad72597dc56bcc5e1f4b392b8f40a4c99205d5854b7d97474,249,0,11,尚未完成欄位語義核實；需來源業務定義、單位、粒度與用途,UNRESOLVED,,REVIEW_REQUIRED,待資料負責人確認,UNKNOWN,NOT_ESTABLISHED,,,UNKNOWN_NOT_APPLICABLE_OR_NOT_RECORDED; DO_NOT_IMPUTE_ZERO,UNASSIGNED,PROPOSED_NO_MEASURED_ROI
Reference/tables/09_global_technology_iso249_20261006_b03/registry_country_technology_coverage.csv,registry_country_technology_coverage,9,country_relation_verified_count,REFERENCE_DATA,76f6563ac1c1892ad72597dc56bcc5e1f4b392b8f40a4c99205d5854b7d97474,249,0,2,尚未完成欄位語義核實；需來源業務定義、單位、粒度與用途,UNRESOLVED,,REVIEW_REQUIRED,待資料負責人確認,UNKNOWN,NOT_ESTABLISHED,,,UNKNOWN_NOT_APPLICABLE_OR_NOT_RECORDED; DO_NOT_IMPUTE_ZERO,UNASSIGNED,PROPOSED_NO_MEASURED_ROI
Reference/tables/09_global_technology_iso249_20261006_b03/registry_country_technology_coverage.csv,registry_country_technology_coverage,10,country_frontier_capability_state,REFERENCE_DATA,76f6563ac1c1892ad72597dc56bcc5e1f4b392b8f40a4c99205d5854b7d97474,249,0,1,國家能力或神經技術分級狀態；缺測試定義或證據維持 UNKNOWN,PROPOSED_CONTEXT_REVIEW,build_semantic_catalog.py: explicit proposed glossary,REVIEW_REQUIRED,防止無證據國別排名,NOT_APPLICABLE,NOT_ESTABLISHED,,,UNKNOWN_NOT_APPLICABLE_OR_NOT_RECORDED; DO_NOT_IMPUTE_ZERO,UNASSIGNED,PROPOSED_NO_MEASURED_ROI
Reference/tables/09_global_technology_iso249_20261006_b03/registry_country_technology_coverage.csv,registry_country_technology_coverage,11,N0_N7_level,REFERENCE_DATA,76f6563ac1c1892ad72597dc56bcc5e1f4b392b8f40a4c99205d5854b7d97474,249,0,1,國家能力或神經技術分級狀態；缺測試定義或證據維持 UNKNOWN,PROPOSED_CONTEXT_REVIEW,build_semantic_catalog.py: explicit proposed glossary,REVIEW_REQUIRED,防止無證據國別排名,NOT_APPLICABLE,NOT_ESTABLISHED,,,UNKNOWN_NOT_APPLICABLE_OR_NOT_RECORDED; DO_NOT_IMPUTE_ZERO,UNASSIGNED,PROPOSED_NO_MEASURED_ROI
Reference/tables/09_global_technology_iso249_20261006_b03/registry_country_technology_coverage.csv,registry_country_technology_coverage,12,research_completion_state,REFERENCE_DATA,76f6563ac1c1892ad72597dc56bcc5e1f4b392b8f40a4c99205d5854b7d97474,249,0,1,搜索操作或研究完成狀態；不等於國家能力或完整母體覆蓋,PROPOSED_CONTEXT_REVIEW,build_semantic_catalog.py: explicit proposed glossary,REVIEW_REQUIRED,工作進度治理,NOT_APPLICABLE,NOT_ESTABLISHED,,,UNKNOWN_NOT_APPLICABLE_OR_NOT_RECORDED; DO_NOT_IMPUTE_ZERO,UNASSIGNED,PROPOSED_NO_MEASURED_ROI
Reference/tables/09_global_technology_iso249_20261006_b03/registry_country_technology_coverage.csv,registry_country_technology_coverage,13,query,REFERENCE_DATA,76f6563ac1c1892ad72597dc56bcc5e1f4b392b8f40a4c99205d5854b7d97474,249,0,249,搜索查詢或其提供方；搜索完成不等於世界普查完成,PROPOSED_CONTEXT_REVIEW,build_semantic_catalog.py: explicit proposed glossary,REVIEW_REQUIRED,搜索覆蓋可重現,NOT_APPLICABLE,NOT_ESTABLISHED,,,UNKNOWN_NOT_APPLICABLE_OR_NOT_RECORDED; DO_NOT_IMPUTE_ZERO,UNASSIGNED,PROPOSED_NO_MEASURED_ROI
Reference/tables/09_global_technology_iso249_20261006_b03/registry_country_technology_coverage.csv,registry_country_technology_coverage,14,provider,REFERENCE_DATA,76f6563ac1c1892ad72597dc56bcc5e1f4b392b8f40a4c99205d5854b7d97474,249,0,2,搜索查詢或其提供方；搜索完成不等於世界普查完成,PROPOSED_CONTEXT_REVIEW,build_semantic_catalog.py: explicit proposed glossary,REVIEW_REQUIRED,搜索覆蓋可重現,NOT_APPLICABLE,NOT_ESTABLISHED,,,UNKNOWN_NOT_APPLICABLE_OR_NOT_RECORDED; DO_NOT_IMPUTE_ZERO,UNASSIGNED,PROPOSED_NO_MEASURED_ROI
Reference/tables/09_global_technology_iso249_20261006_b03/registry_country_technology_coverage.csv,registry_country_technology_coverage,15,searched_on,REFERENCE_DATA,76f6563ac1c1892ad72597dc56bcc5e1f4b392b8f40a4c99205d5854b7d97474,249,0,1,資料截至／檢查／審核／搜索／取得時間；各欄依操作分別解讀，時區不可猜,PROPOSED_CONTEXT_REVIEW,build_semantic_catalog.py: explicit proposed glossary,REVIEW_REQUIRED,新鮮度與審核時點,SOURCE_DATE_OR_TIMESTAMP,NOT_ESTABLISHED,,,UNKNOWN_NOT_APPLICABLE_OR_NOT_RECORDED; DO_NOT_IMPUTE_ZERO,UNASSIGNED,PROPOSED_NO_MEASURED_ROI
Reference/tables/09_global_technology_iso249_20261006_b03/registry_global_claims.csv,registry_global_claims,1,claim_id,REFERENCE_DATA,7494e6e2064d7ee25d9a4514b7c62b980b6ab069ab21f18ffea2d593d91c821c,371,0,371,一項可定位主張的識別鍵；真偽與有效範圍另列,PROPOSED_CONTEXT_REVIEW,build_semantic_catalog.py: explicit proposed glossary,REVIEW_REQUIRED,主張審核與衝突管理,NOT_APPLICABLE,NOT_ESTABLISHED,,,UNKNOWN_NOT_APPLICABLE_OR_NOT_RECORDED; DO_NOT_IMPUTE_ZERO,UNASSIGNED,PROPOSED_NO_MEASURED_ROI
Reference/tables/09_global_technology_iso249_20261006_b03/registry_global_claims.csv,registry_global_claims,2,entity_id,REFERENCE_DATA,7494e6e2064d7ee25d9a4514b7c62b980b6ab069ab21f18ffea2d593d91c821c,371,0,371,穩定內部實體識別鍵；命名空間及對象依所屬表，不以相似名稱自動合併,PROPOSED_CONTEXT_REVIEW,build_semantic_catalog.py: explicit proposed glossary,REVIEW_REQUIRED,跨表實體追溯,NOT_APPLICABLE,NOT_ESTABLISHED,,,UNKNOWN_NOT_APPLICABLE_OR_NOT_RECORDED; DO_NOT_IMPUTE_ZERO,UNASSIGNED,PROPOSED_NO_MEASURED_ROI
Reference/tables/09_global_technology_iso249_20261006_b03/registry_global_claims.csv,registry_global_claims,3,claim,REFERENCE_DATA,7494e6e2064d7ee25d9a4514b7c62b980b6ab069ab21f18ffea2d593d91c821c,371,0,304,一項待審或歷史主張的文字；與其證據狀態一起使用,PROPOSED_CONTEXT_REVIEW,build_semantic_catalog.py: explicit proposed glossary,REVIEW_REQUIRED,保存研究命題,NOT_APPLICABLE,NOT_ESTABLISHED,,,UNKNOWN_NOT_APPLICABLE_OR_NOT_RECORDED; DO_NOT_IMPUTE_ZERO,UNASSIGNED,PROPOSED_NO_MEASURED_ROI
Reference/tables/09_global_technology_iso249_20261006_b03/registry_global_claims.csv,registry_global_claims,4,evidence_state,REFERENCE_DATA,7494e6e2064d7ee25d9a4514b7c62b980b6ab069ab21f18ffea2d593d91c821c,371,0,2,特定記錄或主張的證據狀態；VERIFIED 僅限可定位範圍,PROPOSED_CONTEXT_REVIEW,build_semantic_catalog.py: explicit proposed glossary,REVIEW_REQUIRED,隔離未知、宣稱與核實,NOT_APPLICABLE,NOT_ESTABLISHED,,,UNKNOWN_NOT_APPLICABLE_OR_NOT_RECORDED; DO_NOT_IMPUTE_ZERO,UNASSIGNED,PROPOSED_NO_MEASURED_ROI
Reference/tables/09_global_technology_iso249_20261006_b03/registry_global_claims.csv,registry_global_claims,5,verification_scope,REFERENCE_DATA,7494e6e2064d7ee25d9a4514b7c62b980b6ab069ab21f18ffea2d593d91c821c,371,0,4,核實涵蓋的主張、條件與邊界；不把公開描述擴展成性能或部署證明,PROPOSED_CONTEXT_REVIEW,build_semantic_catalog.py: explicit proposed glossary,REVIEW_REQUIRED,限定決策可信範圍,NOT_APPLICABLE,NOT_ESTABLISHED,,,UNKNOWN_NOT_APPLICABLE_OR_NOT_RECORDED; DO_NOT_IMPUTE_ZERO,UNASSIGNED,PROPOSED_NO_MEASURED_ROI
Reference/tables/09_global_technology_iso249_20261006_b03/registry_global_claims.csv,registry_global_claims,6,product_project_leads,REFERENCE_DATA,7494e6e2064d7ee25d9a4514b7c62b980b6ab069ab21f18ffea2d593d91c821c,371,175,195,技術記錄鍵或產品／項目候選線索；候選不等於正式實體,PROPOSED_CONTEXT_REVIEW,build_semantic_catalog.py: explicit proposed glossary,REVIEW_REQUIRED,技術選型與後續查證,NOT_APPLICABLE,NOT_ESTABLISHED,,,UNKNOWN_NOT_APPLICABLE_OR_NOT_RECORDED; DO_NOT_IMPUTE_ZERO,UNASSIGNED,PROPOSED_NO_MEASURED_ROI
Reference/tables/09_global_technology_iso249_20261006_b03/registry_global_claims.csv,registry_global_claims,7,product_leads_state,REFERENCE_DATA,7494e6e2064d7ee25d9a4514b7c62b980b6ab069ab21f18ffea2d593d91c821c,371,0,2,尚未完成欄位語義核實；需來源業務定義、單位、粒度與用途,UNRESOLVED,,REVIEW_REQUIRED,待資料負責人確認,UNKNOWN,NOT_ESTABLISHED,,,UNKNOWN_NOT_APPLICABLE_OR_NOT_RECORDED; DO_NOT_IMPUTE_ZERO,UNASSIGNED,PROPOSED_NO_MEASURED_ROI
Reference/tables/09_global_technology_iso249_20261006_b03/registry_global_claims.csv,registry_global_claims,8,performance_state,REFERENCE_DATA,7494e6e2064d7ee25d9a4514b7c62b980b6ab069ab21f18ffea2d593d91c821c,371,0,1,性能主張或獨立性能驗證狀態；不是性能數值,PROPOSED_CONTEXT_REVIEW,build_semantic_catalog.py: explicit proposed glossary,REVIEW_REQUIRED,避免宣傳數字冒充測試,NOT_APPLICABLE,NOT_ESTABLISHED,,,UNKNOWN_NOT_APPLICABLE_OR_NOT_RECORDED; DO_NOT_IMPUTE_ZERO,UNASSIGNED,PROPOSED_NO_MEASURED_ROI
Reference/tables/09_global_technology_iso249_20261006_b03/registry_global_claims.csv,registry_global_claims,9,deployment_state,REFERENCE_DATA,7494e6e2064d7ee25d9a4514b7c62b980b6ab069ab21f18ffea2d593d91c821c,371,0,1,部署證據狀態；產品存在不等於實際部署,PROPOSED_CONTEXT_REVIEW,build_semantic_catalog.py: explicit proposed glossary,REVIEW_REQUIRED,採用成熟度評估,NOT_APPLICABLE,NOT_ESTABLISHED,,,UNKNOWN_NOT_APPLICABLE_OR_NOT_RECORDED; DO_NOT_IMPUTE_ZERO,UNASSIGNED,PROPOSED_NO_MEASURED_ROI
Reference/tables/09_global_technology_iso249_20261006_b03/registry_global_claims.csv,registry_global_claims,10,regulatory_state,REFERENCE_DATA,7494e6e2064d7ee25d9a4514b7c62b980b6ab069ab21f18ffea2d593d91c821c,371,0,1,監管狀態或其司法區；版次與日期需另定位,PROPOSED_CONTEXT_REVIEW,build_semantic_catalog.py: explicit proposed glossary,REVIEW_REQUIRED,臨床／採購條件評估,NOT_APPLICABLE,NOT_ESTABLISHED,,,UNKNOWN_NOT_APPLICABLE_OR_NOT_RECORDED; DO_NOT_IMPUTE_ZERO,UNASSIGNED,PROPOSED_NO_MEASURED_ROI
Reference/tables/09_global_technology_iso249_20261006_b03/registry_global_claims.csv,registry_global_claims,11,source_id,REFERENCE_DATA,7494e6e2064d7ee25d9a4514b7c62b980b6ab069ab21f18ffea2d593d91c821c,371,7,364,來源登記鍵；僅指來源，不代表該來源全部說法已核實,PROPOSED_CONTEXT_REVIEW,build_semantic_catalog.py: explicit proposed glossary,REVIEW_REQUIRED,主張證據追溯,NOT_APPLICABLE,NOT_ESTABLISHED,,,UNKNOWN_NOT_APPLICABLE_OR_NOT_RECORDED; DO_NOT_IMPUTE_ZERO,UNASSIGNED,PROPOSED_NO_MEASURED_ROI
Reference/tables/09_global_technology_iso249_20261006_b03/registry_global_claims.csv,registry_global_claims,12,reviewed_on,REFERENCE_DATA,7494e6e2064d7ee25d9a4514b7c62b980b6ab069ab21f18ffea2d593d91c821c,371,0,1,資料截至／檢查／審核／搜索／取得時間；各欄依操作分別解讀，時區不可猜,PROPOSED_CONTEXT_REVIEW,build_semantic_catalog.py: explicit proposed glossary,REVIEW_REQUIRED,新鮮度與審核時點,SOURCE_DATE_OR_TIMESTAMP,NOT_ESTABLISHED,,,UNKNOWN_NOT_APPLICABLE_OR_NOT_RECORDED; DO_NOT_IMPUTE_ZERO,UNASSIGNED,PROPOSED_NO_MEASURED_ROI
Reference/tables/09_global_technology_iso249_20261006_b03/registry_global_claims.csv,registry_global_claims,13,origin_batch,REFERENCE_DATA,7494e6e2064d7ee25d9a4514b7c62b980b6ab069ab21f18ffea2d593d91c821c,371,0,4,資料首次引入或本次審核的批次標識；不同快照不能直接累加,PROPOSED_CONTEXT_REVIEW,build_semantic_catalog.py: explicit proposed glossary,REVIEW_REQUIRED,版本與批次去重,NOT_APPLICABLE,NOT_ESTABLISHED,,,UNKNOWN_NOT_APPLICABLE_OR_NOT_RECORDED; DO_NOT_IMPUTE_ZERO,UNASSIGNED,PROPOSED_NO_MEASURED_ROI
Reference/tables/09_global_technology_iso249_20261006_b03/registry_global_organizations.csv,registry_global_organizations,1,entity_id,REFERENCE_DATA,4f8ed43da97e6aabac4c3c550625ffcd1fd87688b61131290c56785e00df8b4e,371,0,371,穩定內部實體識別鍵；命名空間及對象依所屬表，不以相似名稱自動合併,PROPOSED_CONTEXT_REVIEW,build_semantic_catalog.py: explicit proposed glossary,REVIEW_REQUIRED,跨表實體追溯,NOT_APPLICABLE,NOT_ESTABLISHED,,,UNKNOWN_NOT_APPLICABLE_OR_NOT_RECORDED; DO_NOT_IMPUTE_ZERO,UNASSIGNED,PROPOSED_NO_MEASURED_ROI
Reference/tables/09_global_technology_iso249_20261006_b03/registry_global_organizations.csv,registry_global_organizations,2,display_name,REFERENCE_DATA,4f8ed43da97e6aabac4c3c550625ffcd1fd87688b61131290c56785e00df8b4e,371,0,371,尚未完成欄位語義核實；需來源業務定義、單位、粒度與用途,UNRESOLVED,,REVIEW_REQUIRED,待資料負責人確認,UNKNOWN,NOT_ESTABLISHED,,,UNKNOWN_NOT_APPLICABLE_OR_NOT_RECORDED; DO_NOT_IMPUTE_ZERO,UNASSIGNED,PROPOSED_NO_MEASURED_ROI
Reference/tables/09_global_technology_iso249_20261006_b03/registry_global_organizations.csv,registry_global_organizations,3,entity_type,REFERENCE_DATA,4f8ed43da97e6aabac4c3c550625ffcd1fd87688b61131290c56785e00df8b4e,371,0,45,尚未完成欄位語義核實；需來源業務定義、單位、粒度與用途,UNRESOLVED,,REVIEW_REQUIRED,待資料負責人確認,UNKNOWN,NOT_ESTABLISHED,,,UNKNOWN_NOT_APPLICABLE_OR_NOT_RECORDED; DO_NOT_IMPUTE_ZERO,UNASSIGNED,PROPOSED_NO_MEASURED_ROI
Reference/tables/09_global_technology_iso249_20261006_b03/registry_global_organizations.csv,registry_global_organizations,4,primary_domain,REFERENCE_DATA,4f8ed43da97e6aabac4c3c550625ffcd1fd87688b61131290c56785e00df8b4e,371,0,36,尚未完成欄位語義核實；需來源業務定義、單位、粒度與用途,UNRESOLVED,,REVIEW_REQUIRED,待資料負責人確認,UNKNOWN,NOT_ESTABLISHED,,,UNKNOWN_NOT_APPLICABLE_OR_NOT_RECORDED; DO_NOT_IMPUTE_ZERO,UNASSIGNED,PROPOSED_NO_MEASURED_ROI
Reference/tables/09_global_technology_iso249_20261006_b03/registry_global_organizations.csv,registry_global_organizations,5,country_candidate_iso_alpha2,REFERENCE_DATA,4f8ed43da97e6aabac4c3c550625ffcd1fd87688b61131290c56785e00df8b4e,371,36,108,編輯候選國別關聯；不直接證明法律住所、部署國或國家能力,PROPOSED_CONTEXT_REVIEW,build_semantic_catalog.py: explicit proposed glossary,REVIEW_REQUIRED,國別查證候選,ISO_ALPHA2_CANDIDATE,NOT_ESTABLISHED,,,UNKNOWN_NOT_APPLICABLE_OR_NOT_RECORDED; DO_NOT_IMPUTE_ZERO,UNASSIGNED,PROPOSED_NO_MEASURED_ROI
Reference/tables/09_global_technology_iso249_20261006_b03/registry_global_organizations.csv,registry_global_organizations,6,country_assignment_status,REFERENCE_DATA,4f8ed43da97e6aabac4c3c550625ffcd1fd87688b61131290c56785e00df8b4e,371,0,2,法人、住所或國別關係的獨立核實狀態；與機構存在不同,PROPOSED_CONTEXT_REVIEW,build_semantic_catalog.py: explicit proposed glossary,REVIEW_REQUIRED,法人與地理歸屬核實,NOT_APPLICABLE,NOT_ESTABLISHED,,,UNKNOWN_NOT_APPLICABLE_OR_NOT_RECORDED; DO_NOT_IMPUTE_ZERO,UNASSIGNED,PROPOSED_NO_MEASURED_ROI
Reference/tables/09_global_technology_iso249_20261006_b03/registry_global_organizations.csv,registry_global_organizations,7,legal_entity_status,REFERENCE_DATA,4f8ed43da97e6aabac4c3c550625ffcd1fd87688b61131290c56785e00df8b4e,371,0,2,法人、住所或國別關係的獨立核實狀態；與機構存在不同,PROPOSED_CONTEXT_REVIEW,build_semantic_catalog.py: explicit proposed glossary,REVIEW_REQUIRED,法人與地理歸屬核實,NOT_APPLICABLE,NOT_ESTABLISHED,,,UNKNOWN_NOT_APPLICABLE_OR_NOT_RECORDED; DO_NOT_IMPUTE_ZERO,UNASSIGNED,PROPOSED_NO_MEASURED_ROI
Reference/tables/09_global_technology_iso249_20261006_b03/registry_global_organizations.csv,registry_global_organizations,8,selection_status,REFERENCE_DATA,4f8ed43da97e6aabac4c3c550625ffcd1fd87688b61131290c56785e00df8b4e,371,0,5,尚未完成欄位語義核實；需來源業務定義、單位、粒度與用途,UNRESOLVED,,REVIEW_REQUIRED,待資料負責人確認,UNKNOWN,NOT_ESTABLISHED,,,UNKNOWN_NOT_APPLICABLE_OR_NOT_RECORDED; DO_NOT_IMPUTE_ZERO,UNASSIGNED,PROPOSED_NO_MEASURED_ROI
Reference/tables/09_global_technology_iso249_20261006_b03/registry_global_organizations.csv,registry_global_organizations,9,source_id,REFERENCE_DATA,4f8ed43da97e6aabac4c3c550625ffcd1fd87688b61131290c56785e00df8b4e,371,7,364,來源登記鍵；僅指來源，不代表該來源全部說法已核實,PROPOSED_CONTEXT_REVIEW,build_semantic_catalog.py: explicit proposed glossary,REVIEW_REQUIRED,主張證據追溯,NOT_APPLICABLE,NOT_ESTABLISHED,,,UNKNOWN_NOT_APPLICABLE_OR_NOT_RECORDED; DO_NOT_IMPUTE_ZERO,UNASSIGNED,PROPOSED_NO_MEASURED_ROI
Reference/tables/09_global_technology_iso249_20261006_b03/registry_global_organizations.csv,registry_global_organizations,10,as_of,REFERENCE_DATA,4f8ed43da97e6aabac4c3c550625ffcd1fd87688b61131290c56785e00df8b4e,371,0,1,資料截至／檢查／審核／搜索／取得時間；各欄依操作分別解讀，時區不可猜,PROPOSED_CONTEXT_REVIEW,build_semantic_catalog.py: explicit proposed glossary,REVIEW_REQUIRED,新鮮度與審核時點,SOURCE_DATE_OR_TIMESTAMP,NOT_ESTABLISHED,,,UNKNOWN_NOT_APPLICABLE_OR_NOT_RECORDED; DO_NOT_IMPUTE_ZERO,UNASSIGNED,PROPOSED_NO_MEASURED_ROI
Reference/tables/09_global_technology_iso249_20261006_b03/registry_global_organizations.csv,registry_global_organizations,11,origin_batch,REFERENCE_DATA,4f8ed43da97e6aabac4c3c550625ffcd1fd87688b61131290c56785e00df8b4e,371,0,4,資料首次引入或本次審核的批次標識；不同快照不能直接累加,PROPOSED_CONTEXT_REVIEW,build_semantic_catalog.py: explicit proposed glossary,REVIEW_REQUIRED,版本與批次去重,NOT_APPLICABLE,NOT_ESTABLISHED,,,UNKNOWN_NOT_APPLICABLE_OR_NOT_RECORDED; DO_NOT_IMPUTE_ZERO,UNASSIGNED,PROPOSED_NO_MEASURED_ROI
Reference/tables/09_global_technology_iso249_20261006_b03/registry_global_organizations.csv,registry_global_organizations,12,legal_domicile_state,REFERENCE_DATA,4f8ed43da97e6aabac4c3c550625ffcd1fd87688b61131290c56785e00df8b4e,371,0,1,法人、住所或國別關係的獨立核實狀態；與機構存在不同,PROPOSED_CONTEXT_REVIEW,build_semantic_catalog.py: explicit proposed glossary,REVIEW_REQUIRED,法人與地理歸屬核實,NOT_APPLICABLE,NOT_ESTABLISHED,,,UNKNOWN_NOT_APPLICABLE_OR_NOT_RECORDED; DO_NOT_IMPUTE_ZERO,UNASSIGNED,PROPOSED_NO_MEASURED_ROI
Reference/tables/09_global_technology_iso249_20261006_b03/registry_global_organizations.csv,registry_global_organizations,13,world_frontier_rank_state,REFERENCE_DATA,4f8ed43da97e6aabac4c3c550625ffcd1fd87688b61131290c56785e00df8b4e,371,0,1,排名主張的核實狀態；先定義樣本、指標與比較協議,PROPOSED_CONTEXT_REVIEW,build_semantic_catalog.py: explicit proposed glossary,REVIEW_REQUIRED,比較口徑治理,NOT_APPLICABLE,NOT_ESTABLISHED,,,UNKNOWN_NOT_APPLICABLE_OR_NOT_RECORDED; DO_NOT_IMPUTE_ZERO,UNASSIGNED,PROPOSED_NO_MEASURED_ROI
Reference/tables/09_global_technology_iso249_20261006_b03/registry_global_sources.csv,registry_global_sources,1,source_id,REFERENCE_DATA,469ea2bd66852fc84c2893a62de4da8c3e76f9024756b7f584e24072154be093,397,0,397,來源登記鍵；僅指來源，不代表該來源全部說法已核實,PROPOSED_CONTEXT_REVIEW,build_semantic_catalog.py: explicit proposed glossary,REVIEW_REQUIRED,主張證據追溯,NOT_APPLICABLE,NOT_ESTABLISHED,,,UNKNOWN_NOT_APPLICABLE_OR_NOT_RECORDED; DO_NOT_IMPUTE_ZERO,UNASSIGNED,PROPOSED_NO_MEASURED_ROI
Reference/tables/09_global_technology_iso249_20261006_b03/registry_global_sources.csv,registry_global_sources,2,url,REFERENCE_DATA,469ea2bd66852fc84c2893a62de4da8c3e76f9024756b7f584e24072154be093,397,0,396,來源位址、檔案或行號；連結存在不代表內容可讀或支持主張,PROPOSED_CONTEXT_REVIEW,build_semantic_catalog.py: explicit proposed glossary,REVIEW_REQUIRED,證據定位,NOT_APPLICABLE,NOT_ESTABLISHED,,,UNKNOWN_NOT_APPLICABLE_OR_NOT_RECORDED; DO_NOT_IMPUTE_ZERO,UNASSIGNED,PROPOSED_NO_MEASURED_ROI
Reference/tables/09_global_technology_iso249_20261006_b03/registry_global_sources.csv,registry_global_sources,3,supports,REFERENCE_DATA,469ea2bd66852fc84c2893a62de4da8c3e76f9024756b7f584e24072154be093,397,0,331,尚未完成欄位語義核實；需來源業務定義、單位、粒度與用途,UNRESOLVED,,REVIEW_REQUIRED,待資料負責人確認,UNKNOWN,NOT_ESTABLISHED,,,UNKNOWN_NOT_APPLICABLE_OR_NOT_RECORDED; DO_NOT_IMPUTE_ZERO,UNASSIGNED,PROPOSED_NO_MEASURED_ROI
Reference/tables/09_global_technology_iso249_20261006_b03/registry_global_sources.csv,registry_global_sources,4,source_class,REFERENCE_DATA,469ea2bd66852fc84c2893a62de4da8c3e76f9024756b7f584e24072154be093,397,0,5,尚未完成欄位語義核實；需來源業務定義、單位、粒度與用途,UNRESOLVED,,REVIEW_REQUIRED,待資料負責人確認,UNKNOWN,NOT_ESTABLISHED,,,UNKNOWN_NOT_APPLICABLE_OR_NOT_RECORDED; DO_NOT_IMPUTE_ZERO,UNASSIGNED,PROPOSED_NO_MEASURED_ROI
Reference/tables/09_global_technology_iso249_20261006_b03/registry_global_sources.csv,registry_global_sources,5,access_state,REFERENCE_DATA,469ea2bd66852fc84c2893a62de4da8c3e76f9024756b7f584e24072154be093,397,0,3,尚未完成欄位語義核實；需來源業務定義、單位、粒度與用途,UNRESOLVED,,REVIEW_REQUIRED,待資料負責人確認,UNKNOWN,NOT_ESTABLISHED,,,UNKNOWN_NOT_APPLICABLE_OR_NOT_RECORDED; DO_NOT_IMPUTE_ZERO,UNASSIGNED,PROPOSED_NO_MEASURED_ROI
Reference/tables/09_global_technology_iso249_20261006_b03/registry_global_sources.csv,registry_global_sources,6,checked_on,REFERENCE_DATA,469ea2bd66852fc84c2893a62de4da8c3e76f9024756b7f584e24072154be093,397,79,1,資料截至／檢查／審核／搜索／取得時間；各欄依操作分別解讀，時區不可猜,PROPOSED_CONTEXT_REVIEW,build_semantic_catalog.py: explicit proposed glossary,REVIEW_REQUIRED,新鮮度與審核時點,SOURCE_DATE_OR_TIMESTAMP,NOT_ESTABLISHED,,,UNKNOWN_NOT_APPLICABLE_OR_NOT_RECORDED; DO_NOT_IMPUTE_ZERO,UNASSIGNED,PROPOSED_NO_MEASURED_ROI
Reference/tables/09_global_technology_iso249_20261006_b03/registry_global_sources.csv,registry_global_sources,7,published_on,REFERENCE_DATA,469ea2bd66852fc84c2893a62de4da8c3e76f9024756b7f584e24072154be093,397,397,0,尚未完成欄位語義核實；需來源業務定義、單位、粒度與用途,UNRESOLVED,,REVIEW_REQUIRED,待資料負責人確認,UNKNOWN,NOT_ESTABLISHED,,,UNKNOWN_NOT_APPLICABLE_OR_NOT_RECORDED; DO_NOT_IMPUTE_ZERO,UNASSIGNED,PROPOSED_NO_MEASURED_ROI
Reference/tables/09_global_technology_iso249_20261006_b03/registry_global_sources.csv,registry_global_sources,8,archive_state,REFERENCE_DATA,469ea2bd66852fc84c2893a62de4da8c3e76f9024756b7f584e24072154be093,397,0,1,尚未完成欄位語義核實；需來源業務定義、單位、粒度與用途,UNRESOLVED,,REVIEW_REQUIRED,待資料負責人確認,UNKNOWN,NOT_ESTABLISHED,,,UNKNOWN_NOT_APPLICABLE_OR_NOT_RECORDED; DO_NOT_IMPUTE_ZERO,UNASSIGNED,PROPOSED_NO_MEASURED_ROI
Reference/tables/09_global_technology_iso249_20261006_b03/registry_global_sources.csv,registry_global_sources,9,license_state,REFERENCE_DATA,469ea2bd66852fc84c2893a62de4da8c3e76f9024756b7f584e24072154be093,397,0,1,授權審核狀態；需定位產品／資料／权重與版本,PROPOSED_CONTEXT_REVIEW,build_semantic_catalog.py: explicit proposed glossary,REVIEW_REQUIRED,用途准入,NOT_APPLICABLE,NOT_ESTABLISHED,,,UNKNOWN_NOT_APPLICABLE_OR_NOT_RECORDED; DO_NOT_IMPUTE_ZERO,UNASSIGNED,PROPOSED_NO_MEASURED_ROI
Reference/tables/09_global_technology_iso249_20261006_b03/registry_global_sources.csv,registry_global_sources,10,origin_batch,REFERENCE_DATA,469ea2bd66852fc84c2893a62de4da8c3e76f9024756b7f584e24072154be093,397,0,4,資料首次引入或本次審核的批次標識；不同快照不能直接累加,PROPOSED_CONTEXT_REVIEW,build_semantic_catalog.py: explicit proposed glossary,REVIEW_REQUIRED,版本與批次去重,NOT_APPLICABLE,NOT_ESTABLISHED,,,UNKNOWN_NOT_APPLICABLE_OR_NOT_RECORDED; DO_NOT_IMPUTE_ZERO,UNASSIGNED,PROPOSED_NO_MEASURED_ROI
Reference/tables/09_global_technology_iso249_20261006_b03/registry_neurotechnology_global.csv,registry_neurotechnology_global,1,neuro_id,REFERENCE_DATA,68759bafbd7b59bda5c6c19110b9cabace445f51377cd1ea8785bd669e2753a9,16,0,16,尚未完成欄位語義核實；需來源業務定義、單位、粒度與用途,UNRESOLVED,,REVIEW_REQUIRED,待資料負責人確認,UNKNOWN,NOT_ESTABLISHED,,,UNKNOWN_NOT_APPLICABLE_OR_NOT_RECORDED; DO_NOT_IMPUTE_ZERO,UNASSIGNED,PROPOSED_NO_MEASURED_ROI
Reference/tables/09_global_technology_iso249_20261006_b03/registry_neurotechnology_global.csv,registry_neurotechnology_global,2,entity_id,REFERENCE_DATA,68759bafbd7b59bda5c6c19110b9cabace445f51377cd1ea8785bd669e2753a9,16,0,15,穩定內部實體識別鍵；命名空間及對象依所屬表，不以相似名稱自動合併,PROPOSED_CONTEXT_REVIEW,build_semantic_catalog.py: explicit proposed glossary,REVIEW_REQUIRED,跨表實體追溯,NOT_APPLICABLE,NOT_ESTABLISHED,,,UNKNOWN_NOT_APPLICABLE_OR_NOT_RECORDED; DO_NOT_IMPUTE_ZERO,UNASSIGNED,PROPOSED_NO_MEASURED_ROI
Reference/tables/09_global_technology_iso249_20261006_b03/registry_neurotechnology_global.csv,registry_neurotechnology_global,3,project_name,REFERENCE_DATA,68759bafbd7b59bda5c6c19110b9cabace445f51377cd1ea8785bd669e2753a9,16,0,16,尚未完成欄位語義核實；需來源業務定義、單位、粒度與用途,UNRESOLVED,,REVIEW_REQUIRED,待資料負責人確認,UNKNOWN,NOT_ESTABLISHED,,,UNKNOWN_NOT_APPLICABLE_OR_NOT_RECORDED; DO_NOT_IMPUTE_ZERO,UNASSIGNED,PROPOSED_NO_MEASURED_ROI
Reference/tables/09_global_technology_iso249_20261006_b03/registry_neurotechnology_global.csv,registry_neurotechnology_global,4,country_candidate_iso_alpha2,REFERENCE_DATA,68759bafbd7b59bda5c6c19110b9cabace445f51377cd1ea8785bd669e2753a9,16,0,8,編輯候選國別關聯；不直接證明法律住所、部署國或國家能力,PROPOSED_CONTEXT_REVIEW,build_semantic_catalog.py: explicit proposed glossary,REVIEW_REQUIRED,國別查證候選,ISO_ALPHA2_CANDIDATE,NOT_ESTABLISHED,,,UNKNOWN_NOT_APPLICABLE_OR_NOT_RECORDED; DO_NOT_IMPUTE_ZERO,UNASSIGNED,PROPOSED_NO_MEASURED_ROI
Reference/tables/09_global_technology_iso249_20261006_b03/registry_neurotechnology_global.csv,registry_neurotechnology_global,5,country_relation_state,REFERENCE_DATA,68759bafbd7b59bda5c6c19110b9cabace445f51377cd1ea8785bd669e2753a9,16,0,2,法人、住所或國別關係的獨立核實狀態；與機構存在不同,PROPOSED_CONTEXT_REVIEW,build_semantic_catalog.py: explicit proposed glossary,REVIEW_REQUIRED,法人與地理歸屬核實,NOT_APPLICABLE,NOT_ESTABLISHED,,,UNKNOWN_NOT_APPLICABLE_OR_NOT_RECORDED; DO_NOT_IMPUTE_ZERO,UNASSIGNED,PROPOSED_NO_MEASURED_ROI
Reference/tables/09_global_technology_iso249_20261006_b03/registry_neurotechnology_global.csv,registry_neurotechnology_global,6,invasiveness,REFERENCE_DATA,68759bafbd7b59bda5c6c19110b9cabace445f51377cd1ea8785bd669e2753a9,16,0,9,介面侵入性分類；需具體植入／介入部位與程序證據,PROPOSED_CONTEXT_REVIEW,build_semantic_catalog.py: explicit proposed glossary,REVIEW_REQUIRED,技術風險與成熟度,NOT_APPLICABLE,NOT_ESTABLISHED,,,UNKNOWN_NOT_APPLICABLE_OR_NOT_RECORDED; DO_NOT_IMPUTE_ZERO,UNASSIGNED,PROPOSED_NO_MEASURED_ROI
Reference/tables/09_global_technology_iso249_20261006_b03/registry_neurotechnology_global.csv,registry_neurotechnology_global,7,modality,REFERENCE_DATA,68759bafbd7b59bda5c6c19110b9cabace445f51377cd1ea8785bd669e2753a9,16,0,7,量測／刺激模態，例如 EEG、ECoG、微電極、fNIRS、TMS；不能等同功能證明,PROPOSED_CONTEXT_REVIEW,build_semantic_catalog.py: explicit proposed glossary,REVIEW_REQUIRED,技術分類,NOT_APPLICABLE,NOT_ESTABLISHED,,,UNKNOWN_NOT_APPLICABLE_OR_NOT_RECORDED; DO_NOT_IMPUTE_ZERO,UNASSIGNED,PROPOSED_NO_MEASURED_ROI
Reference/tables/09_global_technology_iso249_20261006_b03/registry_neurotechnology_global.csv,registry_neurotechnology_global,8,signal_direction,REFERENCE_DATA,68759bafbd7b59bda5c6c19110b9cabace445f51377cd1ea8785bd669e2753a9,16,0,8,讀取、寫入或雙向功能；需任務與人體／動物等條件,PROPOSED_CONTEXT_REVIEW,build_semantic_catalog.py: explicit proposed glossary,REVIEW_REQUIRED,能力方向比較,NOT_APPLICABLE,NOT_ESTABLISHED,,,UNKNOWN_NOT_APPLICABLE_OR_NOT_RECORDED; DO_NOT_IMPUTE_ZERO,UNASSIGNED,PROPOSED_NO_MEASURED_ROI
Reference/tables/09_global_technology_iso249_20261006_b03/registry_neurotechnology_global.csv,registry_neurotechnology_global,9,direction_state,REFERENCE_DATA,68759bafbd7b59bda5c6c19110b9cabace445f51377cd1ea8785bd669e2753a9,16,0,4,尚未完成欄位語義核實；需來源業務定義、單位、粒度與用途,UNRESOLVED,,REVIEW_REQUIRED,待資料負責人確認,UNKNOWN,NOT_ESTABLISHED,,,UNKNOWN_NOT_APPLICABLE_OR_NOT_RECORDED; DO_NOT_IMPUTE_ZERO,UNASSIGNED,PROPOSED_NO_MEASURED_ROI
Reference/tables/09_global_technology_iso249_20261006_b03/registry_neurotechnology_global.csv,registry_neurotechnology_global,10,remote_state,REFERENCE_DATA,68759bafbd7b59bda5c6c19110b9cabace445f51377cd1ea8785bd669e2753a9,16,0,3,遠端相關主張狀態；網路存取與距離腦訊號量測分別核實,PROPOSED_CONTEXT_REVIEW,build_semantic_catalog.py: explicit proposed glossary,REVIEW_REQUIRED,防止遠端概念混用,NOT_APPLICABLE,NOT_ESTABLISHED,,,UNKNOWN_NOT_APPLICABLE_OR_NOT_RECORDED; DO_NOT_IMPUTE_ZERO,UNASSIGNED,PROPOSED_NO_MEASURED_ROI
Reference/tables/09_global_technology_iso249_20261006_b03/registry_neurotechnology_global.csv,registry_neurotechnology_global,11,information_bandwidth_bits_per_second,REFERENCE_DATA,68759bafbd7b59bda5c6c19110b9cabace445f51377cd1ea8785bd669e2753a9,16,16,0,資訊帶寬測量值；需協議、任務、噪音、樣本與誤差，未公開留空,PROPOSED_CONTEXT_REVIEW,build_semantic_catalog.py: explicit proposed glossary,REVIEW_REQUIRED,可比較訊號傳輸能力,bits/s,NOT_ESTABLISHED,,,UNKNOWN_NOT_APPLICABLE_OR_NOT_RECORDED; DO_NOT_IMPUTE_ZERO,UNASSIGNED,PROPOSED_NO_MEASURED_ROI
Reference/tables/09_global_technology_iso249_20261006_b03/registry_neurotechnology_global.csv,registry_neurotechnology_global,12,bandwidth_state,REFERENCE_DATA,68759bafbd7b59bda5c6c19110b9cabace445f51377cd1ea8785bd669e2753a9,16,0,1,尚未完成欄位語義核實；需來源業務定義、單位、粒度與用途,UNRESOLVED,,REVIEW_REQUIRED,待資料負責人確認,UNKNOWN,NOT_ESTABLISHED,,,UNKNOWN_NOT_APPLICABLE_OR_NOT_RECORDED; DO_NOT_IMPUTE_ZERO,UNASSIGNED,PROPOSED_NO_MEASURED_ROI
Reference/tables/09_global_technology_iso249_20261006_b03/registry_neurotechnology_global.csv,registry_neurotechnology_global,13,bandwidth_protocol,REFERENCE_DATA,68759bafbd7b59bda5c6c19110b9cabace445f51377cd1ea8785bd669e2753a9,16,0,1,資訊帶寬測試協議或方法；沒有方法不能直接比較數值,PROPOSED_CONTEXT_REVIEW,build_semantic_catalog.py: explicit proposed glossary,REVIEW_REQUIRED,測量可重現,NOT_APPLICABLE,NOT_ESTABLISHED,,,UNKNOWN_NOT_APPLICABLE_OR_NOT_RECORDED; DO_NOT_IMPUTE_ZERO,UNASSIGNED,PROPOSED_NO_MEASURED_ROI
Reference/tables/09_global_technology_iso249_20261006_b03/registry_neurotechnology_global.csv,registry_neurotechnology_global,14,human_trial_state,REFERENCE_DATA,68759bafbd7b59bda5c6c19110b9cabace445f51377cd1ea8785bd669e2753a9,16,0,4,人體試驗證據、臨床階段或登記狀態；試驗登記不等於結果或許可,PROPOSED_CONTEXT_REVIEW,build_semantic_catalog.py: explicit proposed glossary,REVIEW_REQUIRED,臨床成熟度,NOT_APPLICABLE,NOT_ESTABLISHED,,,UNKNOWN_NOT_APPLICABLE_OR_NOT_RECORDED; DO_NOT_IMPUTE_ZERO,UNASSIGNED,PROPOSED_NO_MEASURED_ROI
Reference/tables/09_global_technology_iso249_20261006_b03/registry_neurotechnology_global.csv,registry_neurotechnology_global,15,trial_ids,REFERENCE_DATA,68759bafbd7b59bda5c6c19110b9cabace445f51377cd1ea8785bd669e2753a9,16,15,1,文獻、專利或試驗識別碼集合；取得識別碼不代表正文已審,PROPOSED_CONTEXT_REVIEW,build_semantic_catalog.py: explicit proposed glossary,REVIEW_REQUIRED,證據回溯,NOT_APPLICABLE,NOT_ESTABLISHED,,,UNKNOWN_NOT_APPLICABLE_OR_NOT_RECORDED; DO_NOT_IMPUTE_ZERO,UNASSIGNED,PROPOSED_NO_MEASURED_ROI
Reference/tables/09_global_technology_iso249_20261006_b03/registry_neurotechnology_global.csv,registry_neurotechnology_global,16,trial_registry_status,REFERENCE_DATA,68759bafbd7b59bda5c6c19110b9cabace445f51377cd1ea8785bd669e2753a9,16,0,1,人體試驗證據、臨床階段或登記狀態；試驗登記不等於結果或許可,PROPOSED_CONTEXT_REVIEW,build_semantic_catalog.py: explicit proposed glossary,REVIEW_REQUIRED,臨床成熟度,NOT_APPLICABLE,NOT_ESTABLISHED,,,UNKNOWN_NOT_APPLICABLE_OR_NOT_RECORDED; DO_NOT_IMPUTE_ZERO,UNASSIGNED,PROPOSED_NO_MEASURED_ROI
Reference/tables/09_global_technology_iso249_20261006_b03/registry_neurotechnology_global.csv,registry_neurotechnology_global,17,clinical_phase,REFERENCE_DATA,68759bafbd7b59bda5c6c19110b9cabace445f51377cd1ea8785bd669e2753a9,16,0,1,人體試驗證據、臨床階段或登記狀態；試驗登記不等於結果或許可,PROPOSED_CONTEXT_REVIEW,build_semantic_catalog.py: explicit proposed glossary,REVIEW_REQUIRED,臨床成熟度,NOT_APPLICABLE,NOT_ESTABLISHED,,,UNKNOWN_NOT_APPLICABLE_OR_NOT_RECORDED; DO_NOT_IMPUTE_ZERO,UNASSIGNED,PROPOSED_NO_MEASURED_ROI
Reference/tables/09_global_technology_iso249_20261006_b03/registry_neurotechnology_global.csv,registry_neurotechnology_global,18,publication_ids,REFERENCE_DATA,68759bafbd7b59bda5c6c19110b9cabace445f51377cd1ea8785bd669e2753a9,16,13,3,文獻、專利或試驗識別碼集合；取得識別碼不代表正文已審,PROPOSED_CONTEXT_REVIEW,build_semantic_catalog.py: explicit proposed glossary,REVIEW_REQUIRED,證據回溯,NOT_APPLICABLE,NOT_ESTABLISHED,,,UNKNOWN_NOT_APPLICABLE_OR_NOT_RECORDED; DO_NOT_IMPUTE_ZERO,UNASSIGNED,PROPOSED_NO_MEASURED_ROI
Reference/tables/09_global_technology_iso249_20261006_b03/registry_neurotechnology_global.csv,registry_neurotechnology_global,19,publication_state,REFERENCE_DATA,68759bafbd7b59bda5c6c19110b9cabace445f51377cd1ea8785bd669e2753a9,16,0,2,尚未完成欄位語義核實；需來源業務定義、單位、粒度與用途,UNRESOLVED,,REVIEW_REQUIRED,待資料負責人確認,UNKNOWN,NOT_ESTABLISHED,,,UNKNOWN_NOT_APPLICABLE_OR_NOT_RECORDED; DO_NOT_IMPUTE_ZERO,UNASSIGNED,PROPOSED_NO_MEASURED_ROI
Reference/tables/09_global_technology_iso249_20261006_b03/registry_neurotechnology_global.csv,registry_neurotechnology_global,20,patent_ids,REFERENCE_DATA,68759bafbd7b59bda5c6c19110b9cabace445f51377cd1ea8785bd669e2753a9,16,16,0,文獻、專利或試驗識別碼集合；取得識別碼不代表正文已審,PROPOSED_CONTEXT_REVIEW,build_semantic_catalog.py: explicit proposed glossary,REVIEW_REQUIRED,證據回溯,NOT_APPLICABLE,NOT_ESTABLISHED,,,UNKNOWN_NOT_APPLICABLE_OR_NOT_RECORDED; DO_NOT_IMPUTE_ZERO,UNASSIGNED,PROPOSED_NO_MEASURED_ROI
Reference/tables/09_global_technology_iso249_20261006_b03/registry_neurotechnology_global.csv,registry_neurotechnology_global,21,patent_state,REFERENCE_DATA,68759bafbd7b59bda5c6c19110b9cabace445f51377cd1ea8785bd669e2753a9,16,0,1,尚未完成欄位語義核實；需來源業務定義、單位、粒度與用途,UNRESOLVED,,REVIEW_REQUIRED,待資料負責人確認,UNKNOWN,NOT_ESTABLISHED,,,UNKNOWN_NOT_APPLICABLE_OR_NOT_RECORDED; DO_NOT_IMPUTE_ZERO,UNASSIGNED,PROPOSED_NO_MEASURED_ROI
Reference/tables/09_global_technology_iso249_20261006_b03/registry_neurotechnology_global.csv,registry_neurotechnology_global,22,regulatory_state,REFERENCE_DATA,68759bafbd7b59bda5c6c19110b9cabace445f51377cd1ea8785bd669e2753a9,16,0,3,監管狀態或其司法區；版次與日期需另定位,PROPOSED_CONTEXT_REVIEW,build_semantic_catalog.py: explicit proposed glossary,REVIEW_REQUIRED,臨床／採購條件評估,NOT_APPLICABLE,NOT_ESTABLISHED,,,UNKNOWN_NOT_APPLICABLE_OR_NOT_RECORDED; DO_NOT_IMPUTE_ZERO,UNASSIGNED,PROPOSED_NO_MEASURED_ROI
Reference/tables/09_global_technology_iso249_20261006_b03/registry_neurotechnology_global.csv,registry_neurotechnology_global,23,regulatory_jurisdiction,REFERENCE_DATA,68759bafbd7b59bda5c6c19110b9cabace445f51377cd1ea8785bd669e2753a9,16,0,2,監管狀態或其司法區；版次與日期需另定位,PROPOSED_CONTEXT_REVIEW,build_semantic_catalog.py: explicit proposed glossary,REVIEW_REQUIRED,臨床／採購條件評估,NOT_APPLICABLE,NOT_ESTABLISHED,,,UNKNOWN_NOT_APPLICABLE_OR_NOT_RECORDED; DO_NOT_IMPUTE_ZERO,UNASSIGNED,PROPOSED_NO_MEASURED_ROI
Reference/tables/09_global_technology_iso249_20261006_b03/registry_neurotechnology_global.csv,registry_neurotechnology_global,24,N0_N7_level,REFERENCE_DATA,68759bafbd7b59bda5c6c19110b9cabace445f51377cd1ea8785bd669e2753a9,16,0,1,國家能力或神經技術分級狀態；缺測試定義或證據維持 UNKNOWN,PROPOSED_CONTEXT_REVIEW,build_semantic_catalog.py: explicit proposed glossary,REVIEW_REQUIRED,防止無證據國別排名,NOT_APPLICABLE,NOT_ESTABLISHED,,,UNKNOWN_NOT_APPLICABLE_OR_NOT_RECORDED; DO_NOT_IMPUTE_ZERO,UNASSIGNED,PROPOSED_NO_MEASURED_ROI
Reference/tables/09_global_technology_iso249_20261006_b03/registry_neurotechnology_global.csv,registry_neurotechnology_global,25,evidence_state,REFERENCE_DATA,68759bafbd7b59bda5c6c19110b9cabace445f51377cd1ea8785bd669e2753a9,16,0,2,特定記錄或主張的證據狀態；VERIFIED 僅限可定位範圍,PROPOSED_CONTEXT_REVIEW,build_semantic_catalog.py: explicit proposed glossary,REVIEW_REQUIRED,隔離未知、宣稱與核實,NOT_APPLICABLE,NOT_ESTABLISHED,,,UNKNOWN_NOT_APPLICABLE_OR_NOT_RECORDED; DO_NOT_IMPUTE_ZERO,UNASSIGNED,PROPOSED_NO_MEASURED_ROI
Reference/tables/09_global_technology_iso249_20261006_b03/registry_neurotechnology_global.csv,registry_neurotechnology_global,26,verification_scope,REFERENCE_DATA,68759bafbd7b59bda5c6c19110b9cabace445f51377cd1ea8785bd669e2753a9,16,0,3,核實涵蓋的主張、條件與邊界；不把公開描述擴展成性能或部署證明,PROPOSED_CONTEXT_REVIEW,build_semantic_catalog.py: explicit proposed glossary,REVIEW_REQUIRED,限定決策可信範圍,NOT_APPLICABLE,NOT_ESTABLISHED,,,UNKNOWN_NOT_APPLICABLE_OR_NOT_RECORDED; DO_NOT_IMPUTE_ZERO,UNASSIGNED,PROPOSED_NO_MEASURED_ROI
Reference/tables/09_global_technology_iso249_20261006_b03/registry_neurotechnology_global.csv,registry_neurotechnology_global,27,source_id,REFERENCE_DATA,68759bafbd7b59bda5c6c19110b9cabace445f51377cd1ea8785bd669e2753a9,16,0,16,來源登記鍵；僅指來源，不代表該來源全部說法已核實,PROPOSED_CONTEXT_REVIEW,build_semantic_catalog.py: explicit proposed glossary,REVIEW_REQUIRED,主張證據追溯,NOT_APPLICABLE,NOT_ESTABLISHED,,,UNKNOWN_NOT_APPLICABLE_OR_NOT_RECORDED; DO_NOT_IMPUTE_ZERO,UNASSIGNED,PROPOSED_NO_MEASURED_ROI
Reference/tables/09_global_technology_iso249_20261006_b03/registry_neurotechnology_global.csv,registry_neurotechnology_global,28,notes,REFERENCE_DATA,68759bafbd7b59bda5c6c19110b9cabace445f51377cd1ea8785bd669e2753a9,16,0,6,尚未完成欄位語義核實；需來源業務定義、單位、粒度與用途,UNRESOLVED,,REVIEW_REQUIRED,待資料負責人確認,UNKNOWN,NOT_ESTABLISHED,,,UNKNOWN_NOT_APPLICABLE_OR_NOT_RECORDED; DO_NOT_IMPUTE_ZERO,UNASSIGNED,PROPOSED_NO_MEASURED_ROI
Reference/tables/09_global_technology_iso249_20261006_b03/registry_neurotechnology_global.csv,registry_neurotechnology_global,29,as_of,REFERENCE_DATA,68759bafbd7b59bda5c6c19110b9cabace445f51377cd1ea8785bd669e2753a9,16,0,1,資料截至／檢查／審核／搜索／取得時間；各欄依操作分別解讀，時區不可猜,PROPOSED_CONTEXT_REVIEW,build_semantic_catalog.py: explicit proposed glossary,REVIEW_REQUIRED,新鮮度與審核時點,SOURCE_DATE_OR_TIMESTAMP,NOT_ESTABLISHED,,,UNKNOWN_NOT_APPLICABLE_OR_NOT_RECORDED; DO_NOT_IMPUTE_ZERO,UNASSIGNED,PROPOSED_NO_MEASURED_ROI
Reference/tables/09_global_technology_iso249_20261006_b03/registry_technology_metrics.csv,registry_technology_metrics,1,metric_id,REFERENCE_DATA,30bc50f30384b995c44f72bfc31d4e88c0fc11d700e8bffc28f257fc248a8f59,11,0,11,尚未完成欄位語義核實；需來源業務定義、單位、粒度與用途,UNRESOLVED,,REVIEW_REQUIRED,待資料負責人確認,UNKNOWN,NOT_ESTABLISHED,,,UNKNOWN_NOT_APPLICABLE_OR_NOT_RECORDED; DO_NOT_IMPUTE_ZERO,UNASSIGNED,PROPOSED_NO_MEASURED_ROI
Reference/tables/09_global_technology_iso249_20261006_b03/registry_technology_metrics.csv,registry_technology_metrics,2,technology_id,REFERENCE_DATA,30bc50f30384b995c44f72bfc31d4e88c0fc11d700e8bffc28f257fc248a8f59,11,0,6,技術記錄鍵或產品／項目候選線索；候選不等於正式實體,PROPOSED_CONTEXT_REVIEW,build_semantic_catalog.py: explicit proposed glossary,REVIEW_REQUIRED,技術選型與後續查證,NOT_APPLICABLE,NOT_ESTABLISHED,,,UNKNOWN_NOT_APPLICABLE_OR_NOT_RECORDED; DO_NOT_IMPUTE_ZERO,UNASSIGNED,PROPOSED_NO_MEASURED_ROI
Reference/tables/09_global_technology_iso249_20261006_b03/registry_technology_metrics.csv,registry_technology_metrics,3,entity_id,REFERENCE_DATA,30bc50f30384b995c44f72bfc31d4e88c0fc11d700e8bffc28f257fc248a8f59,11,0,4,穩定內部實體識別鍵；命名空間及對象依所屬表，不以相似名稱自動合併,PROPOSED_CONTEXT_REVIEW,build_semantic_catalog.py: explicit proposed glossary,REVIEW_REQUIRED,跨表實體追溯,NOT_APPLICABLE,NOT_ESTABLISHED,,,UNKNOWN_NOT_APPLICABLE_OR_NOT_RECORDED; DO_NOT_IMPUTE_ZERO,UNASSIGNED,PROPOSED_NO_MEASURED_ROI
Reference/tables/09_global_technology_iso249_20261006_b03/registry_technology_metrics.csv,registry_technology_metrics,4,metric_name,REFERENCE_DATA,30bc50f30384b995c44f72bfc31d4e88c0fc11d700e8bffc28f257fc248a8f59,11,0,9,尚未完成欄位語義核實；需來源業務定義、單位、粒度與用途,UNRESOLVED,,REVIEW_REQUIRED,待資料負責人確認,UNKNOWN,NOT_ESTABLISHED,,,UNKNOWN_NOT_APPLICABLE_OR_NOT_RECORDED; DO_NOT_IMPUTE_ZERO,UNASSIGNED,PROPOSED_NO_MEASURED_ROI
Reference/tables/09_global_technology_iso249_20261006_b03/registry_technology_metrics.csv,registry_technology_metrics,5,value,REFERENCE_DATA,30bc50f30384b995c44f72bfc31d4e88c0fc11d700e8bffc28f257fc248a8f59,11,0,11,尚未完成欄位語義核實；需來源業務定義、單位、粒度與用途,UNRESOLVED,,REVIEW_REQUIRED,待資料負責人確認,UNKNOWN,NOT_ESTABLISHED,,,UNKNOWN_NOT_APPLICABLE_OR_NOT_RECORDED; DO_NOT_IMPUTE_ZERO,UNASSIGNED,PROPOSED_NO_MEASURED_ROI
Reference/tables/09_global_technology_iso249_20261006_b03/registry_technology_metrics.csv,registry_technology_metrics,6,unit,REFERENCE_DATA,30bc50f30384b995c44f72bfc31d4e88c0fc11d700e8bffc28f257fc248a8f59,11,0,7,值的單位；不能從欄名或數值大小猜測單位,PROPOSED_CONTEXT_REVIEW,build_semantic_catalog.py: explicit proposed glossary,REVIEW_REQUIRED,避免量綱錯誤,UNIT_LABEL,NOT_ESTABLISHED,,,UNKNOWN_NOT_APPLICABLE_OR_NOT_RECORDED; DO_NOT_IMPUTE_ZERO,UNASSIGNED,PROPOSED_NO_MEASURED_ROI
Reference/tables/09_global_technology_iso249_20261006_b03/registry_technology_metrics.csv,registry_technology_metrics,7,statistic,REFERENCE_DATA,30bc50f30384b995c44f72bfc31d4e88c0fc11d700e8bffc28f257fc248a8f59,11,0,6,尚未完成欄位語義核實；需來源業務定義、單位、粒度與用途,UNRESOLVED,,REVIEW_REQUIRED,待資料負責人確認,UNKNOWN,NOT_ESTABLISHED,,,UNKNOWN_NOT_APPLICABLE_OR_NOT_RECORDED; DO_NOT_IMPUTE_ZERO,UNASSIGNED,PROPOSED_NO_MEASURED_ROI
Reference/tables/09_global_technology_iso249_20261006_b03/registry_technology_metrics.csv,registry_technology_metrics,8,participant_count,REFERENCE_DATA,30bc50f30384b995c44f72bfc31d4e88c0fc11d700e8bffc28f257fc248a8f59,11,5,1,尚未完成欄位語義核實；需來源業務定義、單位、粒度與用途,UNRESOLVED,,REVIEW_REQUIRED,待資料負責人確認,UNKNOWN,NOT_ESTABLISHED,,,UNKNOWN_NOT_APPLICABLE_OR_NOT_RECORDED; DO_NOT_IMPUTE_ZERO,UNASSIGNED,PROPOSED_NO_MEASURED_ROI
Reference/tables/09_global_technology_iso249_20261006_b03/registry_technology_metrics.csv,registry_technology_metrics,9,conditions,REFERENCE_DATA,30bc50f30384b995c44f72bfc31d4e88c0fc11d700e8bffc28f257fc248a8f59,11,0,11,尚未完成欄位語義核實；需來源業務定義、單位、粒度與用途,UNRESOLVED,,REVIEW_REQUIRED,待資料負責人確認,UNKNOWN,NOT_ESTABLISHED,,,UNKNOWN_NOT_APPLICABLE_OR_NOT_RECORDED; DO_NOT_IMPUTE_ZERO,UNASSIGNED,PROPOSED_NO_MEASURED_ROI
Reference/tables/09_global_technology_iso249_20261006_b03/registry_technology_metrics.csv,registry_technology_metrics,10,study_date,REFERENCE_DATA,30bc50f30384b995c44f72bfc31d4e88c0fc11d700e8bffc28f257fc248a8f59,11,0,5,尚未完成欄位語義核實；需來源業務定義、單位、粒度與用途,UNRESOLVED,,REVIEW_REQUIRED,待資料負責人確認,UNKNOWN,NOT_ESTABLISHED,,,UNKNOWN_NOT_APPLICABLE_OR_NOT_RECORDED; DO_NOT_IMPUTE_ZERO,UNASSIGNED,PROPOSED_NO_MEASURED_ROI
Reference/tables/09_global_technology_iso249_20261006_b03/registry_technology_metrics.csv,registry_technology_metrics,11,doi,REFERENCE_DATA,30bc50f30384b995c44f72bfc31d4e88c0fc11d700e8bffc28f257fc248a8f59,11,2,4,尚未完成欄位語義核實；需來源業務定義、單位、粒度與用途,UNRESOLVED,,REVIEW_REQUIRED,待資料負責人確認,UNKNOWN,NOT_ESTABLISHED,,,UNKNOWN_NOT_APPLICABLE_OR_NOT_RECORDED; DO_NOT_IMPUTE_ZERO,UNASSIGNED,PROPOSED_NO_MEASURED_ROI
Reference/tables/09_global_technology_iso249_20261006_b03/registry_technology_metrics.csv,registry_technology_metrics,12,evidence_state,REFERENCE_DATA,30bc50f30384b995c44f72bfc31d4e88c0fc11d700e8bffc28f257fc248a8f59,11,0,1,特定記錄或主張的證據狀態；VERIFIED 僅限可定位範圍,PROPOSED_CONTEXT_REVIEW,build_semantic_catalog.py: explicit proposed glossary,REVIEW_REQUIRED,隔離未知、宣稱與核實,NOT_APPLICABLE,NOT_ESTABLISHED,,,UNKNOWN_NOT_APPLICABLE_OR_NOT_RECORDED; DO_NOT_IMPUTE_ZERO,UNASSIGNED,PROPOSED_NO_MEASURED_ROI
Reference/tables/09_global_technology_iso249_20261006_b03/registry_technology_metrics.csv,registry_technology_metrics,13,verification_scope,REFERENCE_DATA,30bc50f30384b995c44f72bfc31d4e88c0fc11d700e8bffc28f257fc248a8f59,11,0,2,核實涵蓋的主張、條件與邊界；不把公開描述擴展成性能或部署證明,PROPOSED_CONTEXT_REVIEW,build_semantic_catalog.py: explicit proposed glossary,REVIEW_REQUIRED,限定決策可信範圍,NOT_APPLICABLE,NOT_ESTABLISHED,,,UNKNOWN_NOT_APPLICABLE_OR_NOT_RECORDED; DO_NOT_IMPUTE_ZERO,UNASSIGNED,PROPOSED_NO_MEASURED_ROI
Reference/tables/09_global_technology_iso249_20261006_b03/registry_technology_metrics.csv,registry_technology_metrics,14,source_id,REFERENCE_DATA,30bc50f30384b995c44f72bfc31d4e88c0fc11d700e8bffc28f257fc248a8f59,11,0,6,來源登記鍵；僅指來源，不代表該來源全部說法已核實,PROPOSED_CONTEXT_REVIEW,build_semantic_catalog.py: explicit proposed glossary,REVIEW_REQUIRED,主張證據追溯,NOT_APPLICABLE,NOT_ESTABLISHED,,,UNKNOWN_NOT_APPLICABLE_OR_NOT_RECORDED; DO_NOT_IMPUTE_ZERO,UNASSIGNED,PROPOSED_NO_MEASURED_ROI
Reference/tables/09_global_technology_iso249_20261006_b03/registry_technology_metrics.csv,registry_technology_metrics,15,information_bandwidth_state,REFERENCE_DATA,30bc50f30384b995c44f72bfc31d4e88c0fc11d700e8bffc28f257fc248a8f59,11,0,1,尚未完成欄位語義核實；需來源業務定義、單位、粒度與用途,UNRESOLVED,,REVIEW_REQUIRED,待資料負責人確認,UNKNOWN,NOT_ESTABLISHED,,,UNKNOWN_NOT_APPLICABLE_OR_NOT_RECORDED; DO_NOT_IMPUTE_ZERO,UNASSIGNED,PROPOSED_NO_MEASURED_ROI
Reference/tables/09_global_technology_iso249_20261006_b03/registry_technology_metrics.csv,registry_technology_metrics,16,general_population_state,REFERENCE_DATA,30bc50f30384b995c44f72bfc31d4e88c0fc11d700e8bffc28f257fc248a8f59,11,0,2,尚未完成欄位語義核實；需來源業務定義、單位、粒度與用途,UNRESOLVED,,REVIEW_REQUIRED,待資料負責人確認,UNKNOWN,NOT_ESTABLISHED,,,UNKNOWN_NOT_APPLICABLE_OR_NOT_RECORDED; DO_NOT_IMPUTE_ZERO,UNASSIGNED,PROPOSED_NO_MEASURED_ROI
Reference/tables/09_global_technology_iso249_20261006_b03/registry_technology_metrics.csv,registry_technology_metrics,17,world_record_state,REFERENCE_DATA,30bc50f30384b995c44f72bfc31d4e88c0fc11d700e8bffc28f257fc248a8f59,11,0,1,尚未完成欄位語義核實；需來源業務定義、單位、粒度與用途,UNRESOLVED,,REVIEW_REQUIRED,待資料負責人確認,UNKNOWN,NOT_ESTABLISHED,,,UNKNOWN_NOT_APPLICABLE_OR_NOT_RECORDED; DO_NOT_IMPUTE_ZERO,UNASSIGNED,PROPOSED_NO_MEASURED_ROI
Reference/tables/09_global_technology_iso249_20261006_b03/registry_technology_metrics.csv,registry_technology_metrics,18,reviewed_on,REFERENCE_DATA,30bc50f30384b995c44f72bfc31d4e88c0fc11d700e8bffc28f257fc248a8f59,11,0,1,資料截至／檢查／審核／搜索／取得時間；各欄依操作分別解讀，時區不可猜,PROPOSED_CONTEXT_REVIEW,build_semantic_catalog.py: explicit proposed glossary,REVIEW_REQUIRED,新鮮度與審核時點,SOURCE_DATE_OR_TIMESTAMP,NOT_ESTABLISHED,,,UNKNOWN_NOT_APPLICABLE_OR_NOT_RECORDED; DO_NOT_IMPUTE_ZERO,UNASSIGNED,PROPOSED_NO_MEASURED_ROI
Reference/tables/09_global_technology_iso249_20261006_b03/registry_technology_products_tools.csv,registry_technology_products_tools,1,technology_id,REFERENCE_DATA,723101629223baabdbe5156406a22a0b0a637194ed332d50999859f005e234db,59,0,59,技術記錄鍵或產品／項目候選線索；候選不等於正式實體,PROPOSED_CONTEXT_REVIEW,build_semantic_catalog.py: explicit proposed glossary,REVIEW_REQUIRED,技術選型與後續查證,NOT_APPLICABLE,NOT_ESTABLISHED,,,UNKNOWN_NOT_APPLICABLE_OR_NOT_RECORDED; DO_NOT_IMPUTE_ZERO,UNASSIGNED,PROPOSED_NO_MEASURED_ROI
Reference/tables/09_global_technology_iso249_20261006_b03/registry_technology_products_tools.csv,registry_technology_products_tools,2,display_name,REFERENCE_DATA,723101629223baabdbe5156406a22a0b0a637194ed332d50999859f005e234db,59,0,59,尚未完成欄位語義核實；需來源業務定義、單位、粒度與用途,UNRESOLVED,,REVIEW_REQUIRED,待資料負責人確認,UNKNOWN,NOT_ESTABLISHED,,,UNKNOWN_NOT_APPLICABLE_OR_NOT_RECORDED; DO_NOT_IMPUTE_ZERO,UNASSIGNED,PROPOSED_NO_MEASURED_ROI
Reference/tables/09_global_technology_iso249_20261006_b03/registry_technology_products_tools.csv,registry_technology_products_tools,3,record_type,REFERENCE_DATA,723101629223baabdbe5156406a22a0b0a637194ed332d50999859f005e234db,59,0,27,尚未完成欄位語義核實；需來源業務定義、單位、粒度與用途,UNRESOLVED,,REVIEW_REQUIRED,待資料負責人確認,UNKNOWN,NOT_ESTABLISHED,,,UNKNOWN_NOT_APPLICABLE_OR_NOT_RECORDED; DO_NOT_IMPUTE_ZERO,UNASSIGNED,PROPOSED_NO_MEASURED_ROI
Reference/tables/09_global_technology_iso249_20261006_b03/registry_technology_products_tools.csv,registry_technology_products_tools,4,domain,REFERENCE_DATA,723101629223baabdbe5156406a22a0b0a637194ed332d50999859f005e234db,59,0,15,尚未完成欄位語義核實；需來源業務定義、單位、粒度與用途,UNRESOLVED,,REVIEW_REQUIRED,待資料負責人確認,UNKNOWN,NOT_ESTABLISHED,,,UNKNOWN_NOT_APPLICABLE_OR_NOT_RECORDED; DO_NOT_IMPUTE_ZERO,UNASSIGNED,PROPOSED_NO_MEASURED_ROI
Reference/tables/09_global_technology_iso249_20261006_b03/registry_technology_products_tools.csv,registry_technology_products_tools,5,issuer_entity_id,REFERENCE_DATA,723101629223baabdbe5156406a22a0b0a637194ed332d50999859f005e234db,59,25,19,尚未完成欄位語義核實；需來源業務定義、單位、粒度與用途,UNRESOLVED,,REVIEW_REQUIRED,待資料負責人確認,UNKNOWN,NOT_ESTABLISHED,,,UNKNOWN_NOT_APPLICABLE_OR_NOT_RECORDED; DO_NOT_IMPUTE_ZERO,UNASSIGNED,PROPOSED_NO_MEASURED_ROI
Reference/tables/09_global_technology_iso249_20261006_b03/registry_technology_products_tools.csv,registry_technology_products_tools,6,issuer_relation_state,REFERENCE_DATA,723101629223baabdbe5156406a22a0b0a637194ed332d50999859f005e234db,59,0,3,尚未完成欄位語義核實；需來源業務定義、單位、粒度與用途,UNRESOLVED,,REVIEW_REQUIRED,待資料負責人確認,UNKNOWN,NOT_ESTABLISHED,,,UNKNOWN_NOT_APPLICABLE_OR_NOT_RECORDED; DO_NOT_IMPUTE_ZERO,UNASSIGNED,PROPOSED_NO_MEASURED_ROI
Reference/tables/09_global_technology_iso249_20261006_b03/registry_technology_products_tools.csv,registry_technology_products_tools,7,public_description,REFERENCE_DATA,723101629223baabdbe5156406a22a0b0a637194ed332d50999859f005e234db,59,0,57,尚未完成欄位語義核實；需來源業務定義、單位、粒度與用途,UNRESOLVED,,REVIEW_REQUIRED,待資料負責人確認,UNKNOWN,NOT_ESTABLISHED,,,UNKNOWN_NOT_APPLICABLE_OR_NOT_RECORDED; DO_NOT_IMPUTE_ZERO,UNASSIGNED,PROPOSED_NO_MEASURED_ROI
Reference/tables/09_global_technology_iso249_20261006_b03/registry_technology_products_tools.csv,registry_technology_products_tools,8,evidence_state,REFERENCE_DATA,723101629223baabdbe5156406a22a0b0a637194ed332d50999859f005e234db,59,0,2,特定記錄或主張的證據狀態；VERIFIED 僅限可定位範圍,PROPOSED_CONTEXT_REVIEW,build_semantic_catalog.py: explicit proposed glossary,REVIEW_REQUIRED,隔離未知、宣稱與核實,NOT_APPLICABLE,NOT_ESTABLISHED,,,UNKNOWN_NOT_APPLICABLE_OR_NOT_RECORDED; DO_NOT_IMPUTE_ZERO,UNASSIGNED,PROPOSED_NO_MEASURED_ROI
Reference/tables/09_global_technology_iso249_20261006_b03/registry_technology_products_tools.csv,registry_technology_products_tools,9,verification_scope,REFERENCE_DATA,723101629223baabdbe5156406a22a0b0a637194ed332d50999859f005e234db,59,0,3,核實涵蓋的主張、條件與邊界；不把公開描述擴展成性能或部署證明,PROPOSED_CONTEXT_REVIEW,build_semantic_catalog.py: explicit proposed glossary,REVIEW_REQUIRED,限定決策可信範圍,NOT_APPLICABLE,NOT_ESTABLISHED,,,UNKNOWN_NOT_APPLICABLE_OR_NOT_RECORDED; DO_NOT_IMPUTE_ZERO,UNASSIGNED,PROPOSED_NO_MEASURED_ROI
Reference/tables/09_global_technology_iso249_20261006_b03/registry_technology_products_tools.csv,registry_technology_products_tools,10,source_id,REFERENCE_DATA,723101629223baabdbe5156406a22a0b0a637194ed332d50999859f005e234db,59,0,48,來源登記鍵；僅指來源，不代表該來源全部說法已核實,PROPOSED_CONTEXT_REVIEW,build_semantic_catalog.py: explicit proposed glossary,REVIEW_REQUIRED,主張證據追溯,NOT_APPLICABLE,NOT_ESTABLISHED,,,UNKNOWN_NOT_APPLICABLE_OR_NOT_RECORDED; DO_NOT_IMPUTE_ZERO,UNASSIGNED,PROPOSED_NO_MEASURED_ROI
Reference/tables/09_global_technology_iso249_20261006_b03/registry_technology_products_tools.csv,registry_technology_products_tools,11,version_state,REFERENCE_DATA,723101629223baabdbe5156406a22a0b0a637194ed332d50999859f005e234db,59,0,1,尚未完成欄位語義核實；需來源業務定義、單位、粒度與用途,UNRESOLVED,,REVIEW_REQUIRED,待資料負責人確認,UNKNOWN,NOT_ESTABLISHED,,,UNKNOWN_NOT_APPLICABLE_OR_NOT_RECORDED; DO_NOT_IMPUTE_ZERO,UNASSIGNED,PROPOSED_NO_MEASURED_ROI
Reference/tables/09_global_technology_iso249_20261006_b03/registry_technology_products_tools.csv,registry_technology_products_tools,12,license_state,REFERENCE_DATA,723101629223baabdbe5156406a22a0b0a637194ed332d50999859f005e234db,59,0,1,授權審核狀態；需定位產品／資料／权重與版本,PROPOSED_CONTEXT_REVIEW,build_semantic_catalog.py: explicit proposed glossary,REVIEW_REQUIRED,用途准入,NOT_APPLICABLE,NOT_ESTABLISHED,,,UNKNOWN_NOT_APPLICABLE_OR_NOT_RECORDED; DO_NOT_IMPUTE_ZERO,UNASSIGNED,PROPOSED_NO_MEASURED_ROI
Reference/tables/09_global_technology_iso249_20261006_b03/registry_technology_products_tools.csv,registry_technology_products_tools,13,availability_state,REFERENCE_DATA,723101629223baabdbe5156406a22a0b0a637194ed332d50999859f005e234db,59,0,1,尚未完成欄位語義核實；需來源業務定義、單位、粒度與用途,UNRESOLVED,,REVIEW_REQUIRED,待資料負責人確認,UNKNOWN,NOT_ESTABLISHED,,,UNKNOWN_NOT_APPLICABLE_OR_NOT_RECORDED; DO_NOT_IMPUTE_ZERO,UNASSIGNED,PROPOSED_NO_MEASURED_ROI
Reference/tables/09_global_technology_iso249_20261006_b03/registry_technology_products_tools.csv,registry_technology_products_tools,14,independent_performance_state,REFERENCE_DATA,723101629223baabdbe5156406a22a0b0a637194ed332d50999859f005e234db,59,0,2,性能主張或獨立性能驗證狀態；不是性能數值,PROPOSED_CONTEXT_REVIEW,build_semantic_catalog.py: explicit proposed glossary,REVIEW_REQUIRED,避免宣傳數字冒充測試,NOT_APPLICABLE,NOT_ESTABLISHED,,,UNKNOWN_NOT_APPLICABLE_OR_NOT_RECORDED; DO_NOT_IMPUTE_ZERO,UNASSIGNED,PROPOSED_NO_MEASURED_ROI
Reference/tables/09_global_technology_iso249_20261006_b03/registry_technology_products_tools.csv,registry_technology_products_tools,15,global_rank_state,REFERENCE_DATA,723101629223baabdbe5156406a22a0b0a637194ed332d50999859f005e234db,59,0,1,排名主張的核實狀態；先定義樣本、指標與比較協議,PROPOSED_CONTEXT_REVIEW,build_semantic_catalog.py: explicit proposed glossary,REVIEW_REQUIRED,比較口徑治理,NOT_APPLICABLE,NOT_ESTABLISHED,,,UNKNOWN_NOT_APPLICABLE_OR_NOT_RECORDED; DO_NOT_IMPUTE_ZERO,UNASSIGNED,PROPOSED_NO_MEASURED_ROI
Reference/tables/09_global_technology_iso249_20261006_b03/registry_technology_products_tools.csv,registry_technology_products_tools,16,regulatory_state,REFERENCE_DATA,723101629223baabdbe5156406a22a0b0a637194ed332d50999859f005e234db,59,0,2,監管狀態或其司法區；版次與日期需另定位,PROPOSED_CONTEXT_REVIEW,build_semantic_catalog.py: explicit proposed glossary,REVIEW_REQUIRED,臨床／採購條件評估,NOT_APPLICABLE,NOT_ESTABLISHED,,,UNKNOWN_NOT_APPLICABLE_OR_NOT_RECORDED; DO_NOT_IMPUTE_ZERO,UNASSIGNED,PROPOSED_NO_MEASURED_ROI
Reference/tables/09_global_technology_iso249_20261006_b03/registry_technology_products_tools.csv,registry_technology_products_tools,17,as_of,REFERENCE_DATA,723101629223baabdbe5156406a22a0b0a637194ed332d50999859f005e234db,59,0,1,資料截至／檢查／審核／搜索／取得時間；各欄依操作分別解讀，時區不可猜,PROPOSED_CONTEXT_REVIEW,build_semantic_catalog.py: explicit proposed glossary,REVIEW_REQUIRED,新鮮度與審核時點,SOURCE_DATE_OR_TIMESTAMP,NOT_ESTABLISHED,,,UNKNOWN_NOT_APPLICABLE_OR_NOT_RECORDED; DO_NOT_IMPUTE_ZERO,UNASSIGNED,PROPOSED_NO_MEASURED_ROI
Reference/tables/10_global_technology_iso249_20261006_b04/registry_country_entity_relations.csv,registry_country_entity_relations,1,relation_id,REFERENCE_DATA,8238ac709f23dd4c7bc8e529038c10bec0b60dde277fffe450f805ba72a9749f,10,0,10,尚未完成欄位語義核實；需來源業務定義、單位、粒度與用途,UNRESOLVED,,REVIEW_REQUIRED,待資料負責人確認,UNKNOWN,NOT_ESTABLISHED,,,UNKNOWN_NOT_APPLICABLE_OR_NOT_RECORDED; DO_NOT_IMPUTE_ZERO,UNASSIGNED,PROPOSED_NO_MEASURED_ROI
Reference/tables/10_global_technology_iso249_20261006_b04/registry_country_entity_relations.csv,registry_country_entity_relations,2,entity_id,REFERENCE_DATA,8238ac709f23dd4c7bc8e529038c10bec0b60dde277fffe450f805ba72a9749f,10,0,9,穩定內部實體識別鍵；命名空間及對象依所屬表，不以相似名稱自動合併,PROPOSED_CONTEXT_REVIEW,build_semantic_catalog.py: explicit proposed glossary,REVIEW_REQUIRED,跨表實體追溯,NOT_APPLICABLE,NOT_ESTABLISHED,,,UNKNOWN_NOT_APPLICABLE_OR_NOT_RECORDED; DO_NOT_IMPUTE_ZERO,UNASSIGNED,PROPOSED_NO_MEASURED_ROI
Reference/tables/10_global_technology_iso249_20261006_b04/registry_country_entity_relations.csv,registry_country_entity_relations,3,iso_alpha2,REFERENCE_DATA,8238ac709f23dd4c7bc8e529038c10bec0b60dde277fffe450f805ba72a9749f,10,0,10,ISO 3166-1 alpha-2 國家／地區代碼；代碼版次與關係另記,PROPOSED_CONTEXT_REVIEW,build_semantic_catalog.py: explicit proposed glossary,REVIEW_REQUIRED,母表連結,ISO_ALPHA2,NOT_ESTABLISHED,,,UNKNOWN_NOT_APPLICABLE_OR_NOT_RECORDED; DO_NOT_IMPUTE_ZERO,UNASSIGNED,PROPOSED_NO_MEASURED_ROI
Reference/tables/10_global_technology_iso249_20261006_b04/registry_country_entity_relations.csv,registry_country_entity_relations,4,relation_type,REFERENCE_DATA,8238ac709f23dd4c7bc8e529038c10bec0b60dde277fffe450f805ba72a9749f,10,0,5,尚未完成欄位語義核實；需來源業務定義、單位、粒度與用途,UNRESOLVED,,REVIEW_REQUIRED,待資料負責人確認,UNKNOWN,NOT_ESTABLISHED,,,UNKNOWN_NOT_APPLICABLE_OR_NOT_RECORDED; DO_NOT_IMPUTE_ZERO,UNASSIGNED,PROPOSED_NO_MEASURED_ROI
Reference/tables/10_global_technology_iso249_20261006_b04/registry_country_entity_relations.csv,registry_country_entity_relations,5,claim,REFERENCE_DATA,8238ac709f23dd4c7bc8e529038c10bec0b60dde277fffe450f805ba72a9749f,10,0,9,一項待審或歷史主張的文字；與其證據狀態一起使用,PROPOSED_CONTEXT_REVIEW,build_semantic_catalog.py: explicit proposed glossary,REVIEW_REQUIRED,保存研究命題,NOT_APPLICABLE,NOT_ESTABLISHED,,,UNKNOWN_NOT_APPLICABLE_OR_NOT_RECORDED; DO_NOT_IMPUTE_ZERO,UNASSIGNED,PROPOSED_NO_MEASURED_ROI
Reference/tables/10_global_technology_iso249_20261006_b04/registry_country_entity_relations.csv,registry_country_entity_relations,6,evidence_state,REFERENCE_DATA,8238ac709f23dd4c7bc8e529038c10bec0b60dde277fffe450f805ba72a9749f,10,0,1,特定記錄或主張的證據狀態；VERIFIED 僅限可定位範圍,PROPOSED_CONTEXT_REVIEW,build_semantic_catalog.py: explicit proposed glossary,REVIEW_REQUIRED,隔離未知、宣稱與核實,NOT_APPLICABLE,NOT_ESTABLISHED,,,UNKNOWN_NOT_APPLICABLE_OR_NOT_RECORDED; DO_NOT_IMPUTE_ZERO,UNASSIGNED,PROPOSED_NO_MEASURED_ROI
Reference/tables/10_global_technology_iso249_20261006_b04/registry_country_entity_relations.csv,registry_country_entity_relations,7,verification_scope,REFERENCE_DATA,8238ac709f23dd4c7bc8e529038c10bec0b60dde277fffe450f805ba72a9749f,10,0,3,核實涵蓋的主張、條件與邊界；不把公開描述擴展成性能或部署證明,PROPOSED_CONTEXT_REVIEW,build_semantic_catalog.py: explicit proposed glossary,REVIEW_REQUIRED,限定決策可信範圍,NOT_APPLICABLE,NOT_ESTABLISHED,,,UNKNOWN_NOT_APPLICABLE_OR_NOT_RECORDED; DO_NOT_IMPUTE_ZERO,UNASSIGNED,PROPOSED_NO_MEASURED_ROI
Reference/tables/10_global_technology_iso249_20261006_b04/registry_country_entity_relations.csv,registry_country_entity_relations,8,source_id,REFERENCE_DATA,8238ac709f23dd4c7bc8e529038c10bec0b60dde277fffe450f805ba72a9749f,10,0,9,來源登記鍵；僅指來源，不代表該來源全部說法已核實,PROPOSED_CONTEXT_REVIEW,build_semantic_catalog.py: explicit proposed glossary,REVIEW_REQUIRED,主張證據追溯,NOT_APPLICABLE,NOT_ESTABLISHED,,,UNKNOWN_NOT_APPLICABLE_OR_NOT_RECORDED; DO_NOT_IMPUTE_ZERO,UNASSIGNED,PROPOSED_NO_MEASURED_ROI
Reference/tables/10_global_technology_iso249_20261006_b04/registry_country_entity_relations.csv,registry_country_entity_relations,9,as_of,REFERENCE_DATA,8238ac709f23dd4c7bc8e529038c10bec0b60dde277fffe450f805ba72a9749f,10,0,1,資料截至／檢查／審核／搜索／取得時間；各欄依操作分別解讀，時區不可猜,PROPOSED_CONTEXT_REVIEW,build_semantic_catalog.py: explicit proposed glossary,REVIEW_REQUIRED,新鮮度與審核時點,SOURCE_DATE_OR_TIMESTAMP,NOT_ESTABLISHED,,,UNKNOWN_NOT_APPLICABLE_OR_NOT_RECORDED; DO_NOT_IMPUTE_ZERO,UNASSIGNED,PROPOSED_NO_MEASURED_ROI
Reference/tables/10_global_technology_iso249_20261006_b04/registry_country_technology_coverage.csv,registry_country_technology_coverage,1,iso_alpha2,REFERENCE_DATA,76f6563ac1c1892ad72597dc56bcc5e1f4b392b8f40a4c99205d5854b7d97474,249,0,249,ISO 3166-1 alpha-2 國家／地區代碼；代碼版次與關係另記,PROPOSED_CONTEXT_REVIEW,build_semantic_catalog.py: explicit proposed glossary,REVIEW_REQUIRED,母表連結,ISO_ALPHA2,NOT_ESTABLISHED,,,UNKNOWN_NOT_APPLICABLE_OR_NOT_RECORDED; DO_NOT_IMPUTE_ZERO,UNASSIGNED,PROPOSED_NO_MEASURED_ROI
Reference/tables/10_global_technology_iso249_20261006_b04/registry_country_technology_coverage.csv,registry_country_technology_coverage,2,name_en,REFERENCE_DATA,76f6563ac1c1892ad72597dc56bcc5e1f4b392b8f40a4c99205d5854b7d97474,249,0,249,尚未完成欄位語義核實；需來源業務定義、單位、粒度與用途,UNRESOLVED,,REVIEW_REQUIRED,待資料負責人確認,UNKNOWN,NOT_ESTABLISHED,,,UNKNOWN_NOT_APPLICABLE_OR_NOT_RECORDED; DO_NOT_IMPUTE_ZERO,UNASSIGNED,PROPOSED_NO_MEASURED_ROI
Reference/tables/10_global_technology_iso249_20261006_b04/registry_country_technology_coverage.csv,registry_country_technology_coverage,3,search_state,REFERENCE_DATA,76f6563ac1c1892ad72597dc56bcc5e1f4b392b8f40a4c99205d5854b7d97474,249,0,1,搜索操作或研究完成狀態；不等於國家能力或完整母體覆蓋,PROPOSED_CONTEXT_REVIEW,build_semantic_catalog.py: explicit proposed glossary,REVIEW_REQUIRED,工作進度治理,NOT_APPLICABLE,NOT_ESTABLISHED,,,UNKNOWN_NOT_APPLICABLE_OR_NOT_RECORDED; DO_NOT_IMPUTE_ZERO,UNASSIGNED,PROPOSED_NO_MEASURED_ROI
Reference/tables/10_global_technology_iso249_20261006_b04/registry_country_technology_coverage.csv,registry_country_technology_coverage,4,broad_queries_completed,REFERENCE_DATA,76f6563ac1c1892ad72597dc56bcc5e1f4b392b8f40a4c99205d5854b7d97474,249,0,1,尚未完成欄位語義核實；需來源業務定義、單位、粒度與用途,UNRESOLVED,,REVIEW_REQUIRED,待資料負責人確認,UNKNOWN,NOT_ESTABLISHED,,,UNKNOWN_NOT_APPLICABLE_OR_NOT_RECORDED; DO_NOT_IMPUTE_ZERO,UNASSIGNED,PROPOSED_NO_MEASURED_ROI
Reference/tables/10_global_technology_iso249_20261006_b04/registry_country_technology_coverage.csv,registry_country_technology_coverage,5,retry_count,REFERENCE_DATA,76f6563ac1c1892ad72597dc56bcc5e1f4b392b8f40a4c99205d5854b7d97474,249,0,2,尚未完成欄位語義核實；需來源業務定義、單位、粒度與用途,UNRESOLVED,,REVIEW_REQUIRED,待資料負責人確認,UNKNOWN,NOT_ESTABLISHED,,,UNKNOWN_NOT_APPLICABLE_OR_NOT_RECORDED; DO_NOT_IMPUTE_ZERO,UNASSIGNED,PROPOSED_NO_MEASURED_ROI
Reference/tables/10_global_technology_iso249_20261006_b04/registry_country_technology_coverage.csv,registry_country_technology_coverage,6,search_lead_count,REFERENCE_DATA,76f6563ac1c1892ad72597dc56bcc5e1f4b392b8f40a4c99205d5854b7d97474,249,0,2,尚未完成欄位語義核實；需來源業務定義、單位、粒度與用途,UNRESOLVED,,REVIEW_REQUIRED,待資料負責人確認,UNKNOWN,NOT_ESTABLISHED,,,UNKNOWN_NOT_APPLICABLE_OR_NOT_RECORDED; DO_NOT_IMPUTE_ZERO,UNASSIGNED,PROPOSED_NO_MEASURED_ROI
Reference/tables/10_global_technology_iso249_20261006_b04/registry_country_technology_coverage.csv,registry_country_technology_coverage,7,editorial_entity_candidate_count,REFERENCE_DATA,76f6563ac1c1892ad72597dc56bcc5e1f4b392b8f40a4c99205d5854b7d97474,249,0,11,尚未完成欄位語義核實；需來源業務定義、單位、粒度與用途,UNRESOLVED,,REVIEW_REQUIRED,待資料負責人確認,UNKNOWN,NOT_ESTABLISHED,,,UNKNOWN_NOT_APPLICABLE_OR_NOT_RECORDED; DO_NOT_IMPUTE_ZERO,UNASSIGNED,PROPOSED_NO_MEASURED_ROI
Reference/tables/10_global_technology_iso249_20261006_b04/registry_country_technology_coverage.csv,registry_country_technology_coverage,8,candidate_public_descriptions_verified,REFERENCE_DATA,76f6563ac1c1892ad72597dc56bcc5e1f4b392b8f40a4c99205d5854b7d97474,249,0,11,尚未完成欄位語義核實；需來源業務定義、單位、粒度與用途,UNRESOLVED,,REVIEW_REQUIRED,待資料負責人確認,UNKNOWN,NOT_ESTABLISHED,,,UNKNOWN_NOT_APPLICABLE_OR_NOT_RECORDED; DO_NOT_IMPUTE_ZERO,UNASSIGNED,PROPOSED_NO_MEASURED_ROI
Reference/tables/10_global_technology_iso249_20261006_b04/registry_country_technology_coverage.csv,registry_country_technology_coverage,9,country_relation_verified_count,REFERENCE_DATA,76f6563ac1c1892ad72597dc56bcc5e1f4b392b8f40a4c99205d5854b7d97474,249,0,2,尚未完成欄位語義核實；需來源業務定義、單位、粒度與用途,UNRESOLVED,,REVIEW_REQUIRED,待資料負責人確認,UNKNOWN,NOT_ESTABLISHED,,,UNKNOWN_NOT_APPLICABLE_OR_NOT_RECORDED; DO_NOT_IMPUTE_ZERO,UNASSIGNED,PROPOSED_NO_MEASURED_ROI
Reference/tables/10_global_technology_iso249_20261006_b04/registry_country_technology_coverage.csv,registry_country_technology_coverage,10,country_frontier_capability_state,REFERENCE_DATA,76f6563ac1c1892ad72597dc56bcc5e1f4b392b8f40a4c99205d5854b7d97474,249,0,1,國家能力或神經技術分級狀態；缺測試定義或證據維持 UNKNOWN,PROPOSED_CONTEXT_REVIEW,build_semantic_catalog.py: explicit proposed glossary,REVIEW_REQUIRED,防止無證據國別排名,NOT_APPLICABLE,NOT_ESTABLISHED,,,UNKNOWN_NOT_APPLICABLE_OR_NOT_RECORDED; DO_NOT_IMPUTE_ZERO,UNASSIGNED,PROPOSED_NO_MEASURED_ROI
Reference/tables/10_global_technology_iso249_20261006_b04/registry_country_technology_coverage.csv,registry_country_technology_coverage,11,N0_N7_level,REFERENCE_DATA,76f6563ac1c1892ad72597dc56bcc5e1f4b392b8f40a4c99205d5854b7d97474,249,0,1,國家能力或神經技術分級狀態；缺測試定義或證據維持 UNKNOWN,PROPOSED_CONTEXT_REVIEW,build_semantic_catalog.py: explicit proposed glossary,REVIEW_REQUIRED,防止無證據國別排名,NOT_APPLICABLE,NOT_ESTABLISHED,,,UNKNOWN_NOT_APPLICABLE_OR_NOT_RECORDED; DO_NOT_IMPUTE_ZERO,UNASSIGNED,PROPOSED_NO_MEASURED_ROI
Reference/tables/10_global_technology_iso249_20261006_b04/registry_country_technology_coverage.csv,registry_country_technology_coverage,12,research_completion_state,REFERENCE_DATA,76f6563ac1c1892ad72597dc56bcc5e1f4b392b8f40a4c99205d5854b7d97474,249,0,1,搜索操作或研究完成狀態；不等於國家能力或完整母體覆蓋,PROPOSED_CONTEXT_REVIEW,build_semantic_catalog.py: explicit proposed glossary,REVIEW_REQUIRED,工作進度治理,NOT_APPLICABLE,NOT_ESTABLISHED,,,UNKNOWN_NOT_APPLICABLE_OR_NOT_RECORDED; DO_NOT_IMPUTE_ZERO,UNASSIGNED,PROPOSED_NO_MEASURED_ROI
Reference/tables/10_global_technology_iso249_20261006_b04/registry_country_technology_coverage.csv,registry_country_technology_coverage,13,query,REFERENCE_DATA,76f6563ac1c1892ad72597dc56bcc5e1f4b392b8f40a4c99205d5854b7d97474,249,0,249,搜索查詢或其提供方；搜索完成不等於世界普查完成,PROPOSED_CONTEXT_REVIEW,build_semantic_catalog.py: explicit proposed glossary,REVIEW_REQUIRED,搜索覆蓋可重現,NOT_APPLICABLE,NOT_ESTABLISHED,,,UNKNOWN_NOT_APPLICABLE_OR_NOT_RECORDED; DO_NOT_IMPUTE_ZERO,UNASSIGNED,PROPOSED_NO_MEASURED_ROI
Reference/tables/10_global_technology_iso249_20261006_b04/registry_country_technology_coverage.csv,registry_country_technology_coverage,14,provider,REFERENCE_DATA,76f6563ac1c1892ad72597dc56bcc5e1f4b392b8f40a4c99205d5854b7d97474,249,0,2,搜索查詢或其提供方；搜索完成不等於世界普查完成,PROPOSED_CONTEXT_REVIEW,build_semantic_catalog.py: explicit proposed glossary,REVIEW_REQUIRED,搜索覆蓋可重現,NOT_APPLICABLE,NOT_ESTABLISHED,,,UNKNOWN_NOT_APPLICABLE_OR_NOT_RECORDED; DO_NOT_IMPUTE_ZERO,UNASSIGNED,PROPOSED_NO_MEASURED_ROI
Reference/tables/10_global_technology_iso249_20261006_b04/registry_country_technology_coverage.csv,registry_country_technology_coverage,15,searched_on,REFERENCE_DATA,76f6563ac1c1892ad72597dc56bcc5e1f4b392b8f40a4c99205d5854b7d97474,249,0,1,資料截至／檢查／審核／搜索／取得時間；各欄依操作分別解讀，時區不可猜,PROPOSED_CONTEXT_REVIEW,build_semantic_catalog.py: explicit proposed glossary,REVIEW_REQUIRED,新鮮度與審核時點,SOURCE_DATE_OR_TIMESTAMP,NOT_ESTABLISHED,,,UNKNOWN_NOT_APPLICABLE_OR_NOT_RECORDED; DO_NOT_IMPUTE_ZERO,UNASSIGNED,PROPOSED_NO_MEASURED_ROI
Reference/tables/10_global_technology_iso249_20261006_b04/registry_global_claims.csv,registry_global_claims,1,claim_id,REFERENCE_DATA,7494e6e2064d7ee25d9a4514b7c62b980b6ab069ab21f18ffea2d593d91c821c,371,0,371,一項可定位主張的識別鍵；真偽與有效範圍另列,PROPOSED_CONTEXT_REVIEW,build_semantic_catalog.py: explicit proposed glossary,REVIEW_REQUIRED,主張審核與衝突管理,NOT_APPLICABLE,NOT_ESTABLISHED,,,UNKNOWN_NOT_APPLICABLE_OR_NOT_RECORDED; DO_NOT_IMPUTE_ZERO,UNASSIGNED,PROPOSED_NO_MEASURED_ROI
Reference/tables/10_global_technology_iso249_20261006_b04/registry_global_claims.csv,registry_global_claims,2,entity_id,REFERENCE_DATA,7494e6e2064d7ee25d9a4514b7c62b980b6ab069ab21f18ffea2d593d91c821c,371,0,371,穩定內部實體識別鍵；命名空間及對象依所屬表，不以相似名稱自動合併,PROPOSED_CONTEXT_REVIEW,build_semantic_catalog.py: explicit proposed glossary,REVIEW_REQUIRED,跨表實體追溯,NOT_APPLICABLE,NOT_ESTABLISHED,,,UNKNOWN_NOT_APPLICABLE_OR_NOT_RECORDED; DO_NOT_IMPUTE_ZERO,UNASSIGNED,PROPOSED_NO_MEASURED_ROI
Reference/tables/10_global_technology_iso249_20261006_b04/registry_global_claims.csv,registry_global_claims,3,claim,REFERENCE_DATA,7494e6e2064d7ee25d9a4514b7c62b980b6ab069ab21f18ffea2d593d91c821c,371,0,304,一項待審或歷史主張的文字；與其證據狀態一起使用,PROPOSED_CONTEXT_REVIEW,build_semantic_catalog.py: explicit proposed glossary,REVIEW_REQUIRED,保存研究命題,NOT_APPLICABLE,NOT_ESTABLISHED,,,UNKNOWN_NOT_APPLICABLE_OR_NOT_RECORDED; DO_NOT_IMPUTE_ZERO,UNASSIGNED,PROPOSED_NO_MEASURED_ROI
Reference/tables/10_global_technology_iso249_20261006_b04/registry_global_claims.csv,registry_global_claims,4,evidence_state,REFERENCE_DATA,7494e6e2064d7ee25d9a4514b7c62b980b6ab069ab21f18ffea2d593d91c821c,371,0,2,特定記錄或主張的證據狀態；VERIFIED 僅限可定位範圍,PROPOSED_CONTEXT_REVIEW,build_semantic_catalog.py: explicit proposed glossary,REVIEW_REQUIRED,隔離未知、宣稱與核實,NOT_APPLICABLE,NOT_ESTABLISHED,,,UNKNOWN_NOT_APPLICABLE_OR_NOT_RECORDED; DO_NOT_IMPUTE_ZERO,UNASSIGNED,PROPOSED_NO_MEASURED_ROI
Reference/tables/10_global_technology_iso249_20261006_b04/registry_global_claims.csv,registry_global_claims,5,verification_scope,REFERENCE_DATA,7494e6e2064d7ee25d9a4514b7c62b980b6ab069ab21f18ffea2d593d91c821c,371,0,4,核實涵蓋的主張、條件與邊界；不把公開描述擴展成性能或部署證明,PROPOSED_CONTEXT_REVIEW,build_semantic_catalog.py: explicit proposed glossary,REVIEW_REQUIRED,限定決策可信範圍,NOT_APPLICABLE,NOT_ESTABLISHED,,,UNKNOWN_NOT_APPLICABLE_OR_NOT_RECORDED; DO_NOT_IMPUTE_ZERO,UNASSIGNED,PROPOSED_NO_MEASURED_ROI
Reference/tables/10_global_technology_iso249_20261006_b04/registry_global_claims.csv,registry_global_claims,6,product_project_leads,REFERENCE_DATA,7494e6e2064d7ee25d9a4514b7c62b980b6ab069ab21f18ffea2d593d91c821c,371,175,195,技術記錄鍵或產品／項目候選線索；候選不等於正式實體,PROPOSED_CONTEXT_REVIEW,build_semantic_catalog.py: explicit proposed glossary,REVIEW_REQUIRED,技術選型與後續查證,NOT_APPLICABLE,NOT_ESTABLISHED,,,UNKNOWN_NOT_APPLICABLE_OR_NOT_RECORDED; DO_NOT_IMPUTE_ZERO,UNASSIGNED,PROPOSED_NO_MEASURED_ROI
Reference/tables/10_global_technology_iso249_20261006_b04/registry_global_claims.csv,registry_global_claims,7,product_leads_state,REFERENCE_DATA,7494e6e2064d7ee25d9a4514b7c62b980b6ab069ab21f18ffea2d593d91c821c,371,0,2,尚未完成欄位語義核實；需來源業務定義、單位、粒度與用途,UNRESOLVED,,REVIEW_REQUIRED,待資料負責人確認,UNKNOWN,NOT_ESTABLISHED,,,UNKNOWN_NOT_APPLICABLE_OR_NOT_RECORDED; DO_NOT_IMPUTE_ZERO,UNASSIGNED,PROPOSED_NO_MEASURED_ROI
Reference/tables/10_global_technology_iso249_20261006_b04/registry_global_claims.csv,registry_global_claims,8,performance_state,REFERENCE_DATA,7494e6e2064d7ee25d9a4514b7c62b980b6ab069ab21f18ffea2d593d91c821c,371,0,1,性能主張或獨立性能驗證狀態；不是性能數值,PROPOSED_CONTEXT_REVIEW,build_semantic_catalog.py: explicit proposed glossary,REVIEW_REQUIRED,避免宣傳數字冒充測試,NOT_APPLICABLE,NOT_ESTABLISHED,,,UNKNOWN_NOT_APPLICABLE_OR_NOT_RECORDED; DO_NOT_IMPUTE_ZERO,UNASSIGNED,PROPOSED_NO_MEASURED_ROI
Reference/tables/10_global_technology_iso249_20261006_b04/registry_global_claims.csv,registry_global_claims,9,deployment_state,REFERENCE_DATA,7494e6e2064d7ee25d9a4514b7c62b980b6ab069ab21f18ffea2d593d91c821c,371,0,1,部署證據狀態；產品存在不等於實際部署,PROPOSED_CONTEXT_REVIEW,build_semantic_catalog.py: explicit proposed glossary,REVIEW_REQUIRED,採用成熟度評估,NOT_APPLICABLE,NOT_ESTABLISHED,,,UNKNOWN_NOT_APPLICABLE_OR_NOT_RECORDED; DO_NOT_IMPUTE_ZERO,UNASSIGNED,PROPOSED_NO_MEASURED_ROI
Reference/tables/10_global_technology_iso249_20261006_b04/registry_global_claims.csv,registry_global_claims,10,regulatory_state,REFERENCE_DATA,7494e6e2064d7ee25d9a4514b7c62b980b6ab069ab21f18ffea2d593d91c821c,371,0,1,監管狀態或其司法區；版次與日期需另定位,PROPOSED_CONTEXT_REVIEW,build_semantic_catalog.py: explicit proposed glossary,REVIEW_REQUIRED,臨床／採購條件評估,NOT_APPLICABLE,NOT_ESTABLISHED,,,UNKNOWN_NOT_APPLICABLE_OR_NOT_RECORDED; DO_NOT_IMPUTE_ZERO,UNASSIGNED,PROPOSED_NO_MEASURED_ROI
Reference/tables/10_global_technology_iso249_20261006_b04/registry_global_claims.csv,registry_global_claims,11,source_id,REFERENCE_DATA,7494e6e2064d7ee25d9a4514b7c62b980b6ab069ab21f18ffea2d593d91c821c,371,7,364,來源登記鍵；僅指來源，不代表該來源全部說法已核實,PROPOSED_CONTEXT_REVIEW,build_semantic_catalog.py: explicit proposed glossary,REVIEW_REQUIRED,主張證據追溯,NOT_APPLICABLE,NOT_ESTABLISHED,,,UNKNOWN_NOT_APPLICABLE_OR_NOT_RECORDED; DO_NOT_IMPUTE_ZERO,UNASSIGNED,PROPOSED_NO_MEASURED_ROI
Reference/tables/10_global_technology_iso249_20261006_b04/registry_global_claims.csv,registry_global_claims,12,reviewed_on,REFERENCE_DATA,7494e6e2064d7ee25d9a4514b7c62b980b6ab069ab21f18ffea2d593d91c821c,371,0,1,資料截至／檢查／審核／搜索／取得時間；各欄依操作分別解讀，時區不可猜,PROPOSED_CONTEXT_REVIEW,build_semantic_catalog.py: explicit proposed glossary,REVIEW_REQUIRED,新鮮度與審核時點,SOURCE_DATE_OR_TIMESTAMP,NOT_ESTABLISHED,,,UNKNOWN_NOT_APPLICABLE_OR_NOT_RECORDED; DO_NOT_IMPUTE_ZERO,UNASSIGNED,PROPOSED_NO_MEASURED_ROI
Reference/tables/10_global_technology_iso249_20261006_b04/registry_global_claims.csv,registry_global_claims,13,origin_batch,REFERENCE_DATA,7494e6e2064d7ee25d9a4514b7c62b980b6ab069ab21f18ffea2d593d91c821c,371,0,4,資料首次引入或本次審核的批次標識；不同快照不能直接累加,PROPOSED_CONTEXT_REVIEW,build_semantic_catalog.py: explicit proposed glossary,REVIEW_REQUIRED,版本與批次去重,NOT_APPLICABLE,NOT_ESTABLISHED,,,UNKNOWN_NOT_APPLICABLE_OR_NOT_RECORDED; DO_NOT_IMPUTE_ZERO,UNASSIGNED,PROPOSED_NO_MEASURED_ROI
Reference/tables/10_global_technology_iso249_20261006_b04/registry_global_organizations.csv,registry_global_organizations,1,entity_id,REFERENCE_DATA,4f8ed43da97e6aabac4c3c550625ffcd1fd87688b61131290c56785e00df8b4e,371,0,371,穩定內部實體識別鍵；命名空間及對象依所屬表，不以相似名稱自動合併,PROPOSED_CONTEXT_REVIEW,build_semantic_catalog.py: explicit proposed glossary,REVIEW_REQUIRED,跨表實體追溯,NOT_APPLICABLE,NOT_ESTABLISHED,,,UNKNOWN_NOT_APPLICABLE_OR_NOT_RECORDED; DO_NOT_IMPUTE_ZERO,UNASSIGNED,PROPOSED_NO_MEASURED_ROI
Reference/tables/10_global_technology_iso249_20261006_b04/registry_global_organizations.csv,registry_global_organizations,2,display_name,REFERENCE_DATA,4f8ed43da97e6aabac4c3c550625ffcd1fd87688b61131290c56785e00df8b4e,371,0,371,尚未完成欄位語義核實；需來源業務定義、單位、粒度與用途,UNRESOLVED,,REVIEW_REQUIRED,待資料負責人確認,UNKNOWN,NOT_ESTABLISHED,,,UNKNOWN_NOT_APPLICABLE_OR_NOT_RECORDED; DO_NOT_IMPUTE_ZERO,UNASSIGNED,PROPOSED_NO_MEASURED_ROI
Reference/tables/10_global_technology_iso249_20261006_b04/registry_global_organizations.csv,registry_global_organizations,3,entity_type,REFERENCE_DATA,4f8ed43da97e6aabac4c3c550625ffcd1fd87688b61131290c56785e00df8b4e,371,0,45,尚未完成欄位語義核實；需來源業務定義、單位、粒度與用途,UNRESOLVED,,REVIEW_REQUIRED,待資料負責人確認,UNKNOWN,NOT_ESTABLISHED,,,UNKNOWN_NOT_APPLICABLE_OR_NOT_RECORDED; DO_NOT_IMPUTE_ZERO,UNASSIGNED,PROPOSED_NO_MEASURED_ROI
Reference/tables/10_global_technology_iso249_20261006_b04/registry_global_organizations.csv,registry_global_organizations,4,primary_domain,REFERENCE_DATA,4f8ed43da97e6aabac4c3c550625ffcd1fd87688b61131290c56785e00df8b4e,371,0,36,尚未完成欄位語義核實；需來源業務定義、單位、粒度與用途,UNRESOLVED,,REVIEW_REQUIRED,待資料負責人確認,UNKNOWN,NOT_ESTABLISHED,,,UNKNOWN_NOT_APPLICABLE_OR_NOT_RECORDED; DO_NOT_IMPUTE_ZERO,UNASSIGNED,PROPOSED_NO_MEASURED_ROI
Reference/tables/10_global_technology_iso249_20261006_b04/registry_global_organizations.csv,registry_global_organizations,5,country_candidate_iso_alpha2,REFERENCE_DATA,4f8ed43da97e6aabac4c3c550625ffcd1fd87688b61131290c56785e00df8b4e,371,36,108,編輯候選國別關聯；不直接證明法律住所、部署國或國家能力,PROPOSED_CONTEXT_REVIEW,build_semantic_catalog.py: explicit proposed glossary,REVIEW_REQUIRED,國別查證候選,ISO_ALPHA2_CANDIDATE,NOT_ESTABLISHED,,,UNKNOWN_NOT_APPLICABLE_OR_NOT_RECORDED; DO_NOT_IMPUTE_ZERO,UNASSIGNED,PROPOSED_NO_MEASURED_ROI
Reference/tables/10_global_technology_iso249_20261006_b04/registry_global_organizations.csv,registry_global_organizations,6,country_assignment_status,REFERENCE_DATA,4f8ed43da97e6aabac4c3c550625ffcd1fd87688b61131290c56785e00df8b4e,371,0,2,法人、住所或國別關係的獨立核實狀態；與機構存在不同,PROPOSED_CONTEXT_REVIEW,build_semantic_catalog.py: explicit proposed glossary,REVIEW_REQUIRED,法人與地理歸屬核實,NOT_APPLICABLE,NOT_ESTABLISHED,,,UNKNOWN_NOT_APPLICABLE_OR_NOT_RECORDED; DO_NOT_IMPUTE_ZERO,UNASSIGNED,PROPOSED_NO_MEASURED_ROI
Reference/tables/10_global_technology_iso249_20261006_b04/registry_global_organizations.csv,registry_global_organizations,7,legal_entity_status,REFERENCE_DATA,4f8ed43da97e6aabac4c3c550625ffcd1fd87688b61131290c56785e00df8b4e,371,0,2,法人、住所或國別關係的獨立核實狀態；與機構存在不同,PROPOSED_CONTEXT_REVIEW,build_semantic_catalog.py: explicit proposed glossary,REVIEW_REQUIRED,法人與地理歸屬核實,NOT_APPLICABLE,NOT_ESTABLISHED,,,UNKNOWN_NOT_APPLICABLE_OR_NOT_RECORDED; DO_NOT_IMPUTE_ZERO,UNASSIGNED,PROPOSED_NO_MEASURED_ROI
Reference/tables/10_global_technology_iso249_20261006_b04/registry_global_organizations.csv,registry_global_organizations,8,selection_status,REFERENCE_DATA,4f8ed43da97e6aabac4c3c550625ffcd1fd87688b61131290c56785e00df8b4e,371,0,5,尚未完成欄位語義核實；需來源業務定義、單位、粒度與用途,UNRESOLVED,,REVIEW_REQUIRED,待資料負責人確認,UNKNOWN,NOT_ESTABLISHED,,,UNKNOWN_NOT_APPLICABLE_OR_NOT_RECORDED; DO_NOT_IMPUTE_ZERO,UNASSIGNED,PROPOSED_NO_MEASURED_ROI
Reference/tables/10_global_technology_iso249_20261006_b04/registry_global_organizations.csv,registry_global_organizations,9,source_id,REFERENCE_DATA,4f8ed43da97e6aabac4c3c550625ffcd1fd87688b61131290c56785e00df8b4e,371,7,364,來源登記鍵；僅指來源，不代表該來源全部說法已核實,PROPOSED_CONTEXT_REVIEW,build_semantic_catalog.py: explicit proposed glossary,REVIEW_REQUIRED,主張證據追溯,NOT_APPLICABLE,NOT_ESTABLISHED,,,UNKNOWN_NOT_APPLICABLE_OR_NOT_RECORDED; DO_NOT_IMPUTE_ZERO,UNASSIGNED,PROPOSED_NO_MEASURED_ROI
Reference/tables/10_global_technology_iso249_20261006_b04/registry_global_organizations.csv,registry_global_organizations,10,as_of,REFERENCE_DATA,4f8ed43da97e6aabac4c3c550625ffcd1fd87688b61131290c56785e00df8b4e,371,0,1,資料截至／檢查／審核／搜索／取得時間；各欄依操作分別解讀，時區不可猜,PROPOSED_CONTEXT_REVIEW,build_semantic_catalog.py: explicit proposed glossary,REVIEW_REQUIRED,新鮮度與審核時點,SOURCE_DATE_OR_TIMESTAMP,NOT_ESTABLISHED,,,UNKNOWN_NOT_APPLICABLE_OR_NOT_RECORDED; DO_NOT_IMPUTE_ZERO,UNASSIGNED,PROPOSED_NO_MEASURED_ROI
Reference/tables/10_global_technology_iso249_20261006_b04/registry_global_organizations.csv,registry_global_organizations,11,origin_batch,REFERENCE_DATA,4f8ed43da97e6aabac4c3c550625ffcd1fd87688b61131290c56785e00df8b4e,371,0,4,資料首次引入或本次審核的批次標識；不同快照不能直接累加,PROPOSED_CONTEXT_REVIEW,build_semantic_catalog.py: explicit proposed glossary,REVIEW_REQUIRED,版本與批次去重,NOT_APPLICABLE,NOT_ESTABLISHED,,,UNKNOWN_NOT_APPLICABLE_OR_NOT_RECORDED; DO_NOT_IMPUTE_ZERO,UNASSIGNED,PROPOSED_NO_MEASURED_ROI
Reference/tables/10_global_technology_iso249_20261006_b04/registry_global_organizations.csv,registry_global_organizations,12,legal_domicile_state,REFERENCE_DATA,4f8ed43da97e6aabac4c3c550625ffcd1fd87688b61131290c56785e00df8b4e,371,0,1,法人、住所或國別關係的獨立核實狀態；與機構存在不同,PROPOSED_CONTEXT_REVIEW,build_semantic_catalog.py: explicit proposed glossary,REVIEW_REQUIRED,法人與地理歸屬核實,NOT_APPLICABLE,NOT_ESTABLISHED,,,UNKNOWN_NOT_APPLICABLE_OR_NOT_RECORDED; DO_NOT_IMPUTE_ZERO,UNASSIGNED,PROPOSED_NO_MEASURED_ROI
Reference/tables/10_global_technology_iso249_20261006_b04/registry_global_organizations.csv,registry_global_organizations,13,world_frontier_rank_state,REFERENCE_DATA,4f8ed43da97e6aabac4c3c550625ffcd1fd87688b61131290c56785e00df8b4e,371,0,1,排名主張的核實狀態；先定義樣本、指標與比較協議,PROPOSED_CONTEXT_REVIEW,build_semantic_catalog.py: explicit proposed glossary,REVIEW_REQUIRED,比較口徑治理,NOT_APPLICABLE,NOT_ESTABLISHED,,,UNKNOWN_NOT_APPLICABLE_OR_NOT_RECORDED; DO_NOT_IMPUTE_ZERO,UNASSIGNED,PROPOSED_NO_MEASURED_ROI
Reference/tables/10_global_technology_iso249_20261006_b04/registry_global_sources.csv,registry_global_sources,1,source_id,REFERENCE_DATA,37fc0bd8c65b2b075a5c49ffaec5202d523e21fae50189ac3c69c1e25dcc4b62,408,0,408,來源登記鍵；僅指來源，不代表該來源全部說法已核實,PROPOSED_CONTEXT_REVIEW,build_semantic_catalog.py: explicit proposed glossary,REVIEW_REQUIRED,主張證據追溯,NOT_APPLICABLE,NOT_ESTABLISHED,,,UNKNOWN_NOT_APPLICABLE_OR_NOT_RECORDED; DO_NOT_IMPUTE_ZERO,UNASSIGNED,PROPOSED_NO_MEASURED_ROI
Reference/tables/10_global_technology_iso249_20261006_b04/registry_global_sources.csv,registry_global_sources,2,url,REFERENCE_DATA,37fc0bd8c65b2b075a5c49ffaec5202d523e21fae50189ac3c69c1e25dcc4b62,408,0,407,來源位址、檔案或行號；連結存在不代表內容可讀或支持主張,PROPOSED_CONTEXT_REVIEW,build_semantic_catalog.py: explicit proposed glossary,REVIEW_REQUIRED,證據定位,NOT_APPLICABLE,NOT_ESTABLISHED,,,UNKNOWN_NOT_APPLICABLE_OR_NOT_RECORDED; DO_NOT_IMPUTE_ZERO,UNASSIGNED,PROPOSED_NO_MEASURED_ROI
Reference/tables/10_global_technology_iso249_20261006_b04/registry_global_sources.csv,registry_global_sources,3,supports,REFERENCE_DATA,37fc0bd8c65b2b075a5c49ffaec5202d523e21fae50189ac3c69c1e25dcc4b62,408,0,342,尚未完成欄位語義核實；需來源業務定義、單位、粒度與用途,UNRESOLVED,,REVIEW_REQUIRED,待資料負責人確認,UNKNOWN,NOT_ESTABLISHED,,,UNKNOWN_NOT_APPLICABLE_OR_NOT_RECORDED; DO_NOT_IMPUTE_ZERO,UNASSIGNED,PROPOSED_NO_MEASURED_ROI
Reference/tables/10_global_technology_iso249_20261006_b04/registry_global_sources.csv,registry_global_sources,4,source_class,REFERENCE_DATA,37fc0bd8c65b2b075a5c49ffaec5202d523e21fae50189ac3c69c1e25dcc4b62,408,0,5,尚未完成欄位語義核實；需來源業務定義、單位、粒度與用途,UNRESOLVED,,REVIEW_REQUIRED,待資料負責人確認,UNKNOWN,NOT_ESTABLISHED,,,UNKNOWN_NOT_APPLICABLE_OR_NOT_RECORDED; DO_NOT_IMPUTE_ZERO,UNASSIGNED,PROPOSED_NO_MEASURED_ROI
Reference/tables/10_global_technology_iso249_20261006_b04/registry_global_sources.csv,registry_global_sources,5,access_state,REFERENCE_DATA,37fc0bd8c65b2b075a5c49ffaec5202d523e21fae50189ac3c69c1e25dcc4b62,408,0,3,尚未完成欄位語義核實；需來源業務定義、單位、粒度與用途,UNRESOLVED,,REVIEW_REQUIRED,待資料負責人確認,UNKNOWN,NOT_ESTABLISHED,,,UNKNOWN_NOT_APPLICABLE_OR_NOT_RECORDED; DO_NOT_IMPUTE_ZERO,UNASSIGNED,PROPOSED_NO_MEASURED_ROI
Reference/tables/10_global_technology_iso249_20261006_b04/registry_global_sources.csv,registry_global_sources,6,checked_on,REFERENCE_DATA,37fc0bd8c65b2b075a5c49ffaec5202d523e21fae50189ac3c69c1e25dcc4b62,408,79,1,資料截至／檢查／審核／搜索／取得時間；各欄依操作分別解讀，時區不可猜,PROPOSED_CONTEXT_REVIEW,build_semantic_catalog.py: explicit proposed glossary,REVIEW_REQUIRED,新鮮度與審核時點,SOURCE_DATE_OR_TIMESTAMP,NOT_ESTABLISHED,,,UNKNOWN_NOT_APPLICABLE_OR_NOT_RECORDED; DO_NOT_IMPUTE_ZERO,UNASSIGNED,PROPOSED_NO_MEASURED_ROI
Reference/tables/10_global_technology_iso249_20261006_b04/registry_global_sources.csv,registry_global_sources,7,published_on,REFERENCE_DATA,37fc0bd8c65b2b075a5c49ffaec5202d523e21fae50189ac3c69c1e25dcc4b62,408,408,0,尚未完成欄位語義核實；需來源業務定義、單位、粒度與用途,UNRESOLVED,,REVIEW_REQUIRED,待資料負責人確認,UNKNOWN,NOT_ESTABLISHED,,,UNKNOWN_NOT_APPLICABLE_OR_NOT_RECORDED; DO_NOT_IMPUTE_ZERO,UNASSIGNED,PROPOSED_NO_MEASURED_ROI
Reference/tables/10_global_technology_iso249_20261006_b04/registry_global_sources.csv,registry_global_sources,8,archive_state,REFERENCE_DATA,37fc0bd8c65b2b075a5c49ffaec5202d523e21fae50189ac3c69c1e25dcc4b62,408,0,1,尚未完成欄位語義核實；需來源業務定義、單位、粒度與用途,UNRESOLVED,,REVIEW_REQUIRED,待資料負責人確認,UNKNOWN,NOT_ESTABLISHED,,,UNKNOWN_NOT_APPLICABLE_OR_NOT_RECORDED; DO_NOT_IMPUTE_ZERO,UNASSIGNED,PROPOSED_NO_MEASURED_ROI
Reference/tables/10_global_technology_iso249_20261006_b04/registry_global_sources.csv,registry_global_sources,9,license_state,REFERENCE_DATA,37fc0bd8c65b2b075a5c49ffaec5202d523e21fae50189ac3c69c1e25dcc4b62,408,0,1,授權審核狀態；需定位產品／資料／权重與版本,PROPOSED_CONTEXT_REVIEW,build_semantic_catalog.py: explicit proposed glossary,REVIEW_REQUIRED,用途准入,NOT_APPLICABLE,NOT_ESTABLISHED,,,UNKNOWN_NOT_APPLICABLE_OR_NOT_RECORDED; DO_NOT_IMPUTE_ZERO,UNASSIGNED,PROPOSED_NO_MEASURED_ROI
Reference/tables/10_global_technology_iso249_20261006_b04/registry_global_sources.csv,registry_global_sources,10,origin_batch,REFERENCE_DATA,37fc0bd8c65b2b075a5c49ffaec5202d523e21fae50189ac3c69c1e25dcc4b62,408,0,5,資料首次引入或本次審核的批次標識；不同快照不能直接累加,PROPOSED_CONTEXT_REVIEW,build_semantic_catalog.py: explicit proposed glossary,REVIEW_REQUIRED,版本與批次去重,NOT_APPLICABLE,NOT_ESTABLISHED,,,UNKNOWN_NOT_APPLICABLE_OR_NOT_RECORDED; DO_NOT_IMPUTE_ZERO,UNASSIGNED,PROPOSED_NO_MEASURED_ROI
Reference/tables/10_global_technology_iso249_20261006_b04/registry_neurotechnology_global.csv,registry_neurotechnology_global,1,neuro_id,REFERENCE_DATA,68759bafbd7b59bda5c6c19110b9cabace445f51377cd1ea8785bd669e2753a9,16,0,16,尚未完成欄位語義核實；需來源業務定義、單位、粒度與用途,UNRESOLVED,,REVIEW_REQUIRED,待資料負責人確認,UNKNOWN,NOT_ESTABLISHED,,,UNKNOWN_NOT_APPLICABLE_OR_NOT_RECORDED; DO_NOT_IMPUTE_ZERO,UNASSIGNED,PROPOSED_NO_MEASURED_ROI
Reference/tables/10_global_technology_iso249_20261006_b04/registry_neurotechnology_global.csv,registry_neurotechnology_global,2,entity_id,REFERENCE_DATA,68759bafbd7b59bda5c6c19110b9cabace445f51377cd1ea8785bd669e2753a9,16,0,15,穩定內部實體識別鍵；命名空間及對象依所屬表，不以相似名稱自動合併,PROPOSED_CONTEXT_REVIEW,build_semantic_catalog.py: explicit proposed glossary,REVIEW_REQUIRED,跨表實體追溯,NOT_APPLICABLE,NOT_ESTABLISHED,,,UNKNOWN_NOT_APPLICABLE_OR_NOT_RECORDED; DO_NOT_IMPUTE_ZERO,UNASSIGNED,PROPOSED_NO_MEASURED_ROI
Reference/tables/10_global_technology_iso249_20261006_b04/registry_neurotechnology_global.csv,registry_neurotechnology_global,3,project_name,REFERENCE_DATA,68759bafbd7b59bda5c6c19110b9cabace445f51377cd1ea8785bd669e2753a9,16,0,16,尚未完成欄位語義核實；需來源業務定義、單位、粒度與用途,UNRESOLVED,,REVIEW_REQUIRED,待資料負責人確認,UNKNOWN,NOT_ESTABLISHED,,,UNKNOWN_NOT_APPLICABLE_OR_NOT_RECORDED; DO_NOT_IMPUTE_ZERO,UNASSIGNED,PROPOSED_NO_MEASURED_ROI
Reference/tables/10_global_technology_iso249_20261006_b04/registry_neurotechnology_global.csv,registry_neurotechnology_global,4,country_candidate_iso_alpha2,REFERENCE_DATA,68759bafbd7b59bda5c6c19110b9cabace445f51377cd1ea8785bd669e2753a9,16,0,8,編輯候選國別關聯；不直接證明法律住所、部署國或國家能力,PROPOSED_CONTEXT_REVIEW,build_semantic_catalog.py: explicit proposed glossary,REVIEW_REQUIRED,國別查證候選,ISO_ALPHA2_CANDIDATE,NOT_ESTABLISHED,,,UNKNOWN_NOT_APPLICABLE_OR_NOT_RECORDED; DO_NOT_IMPUTE_ZERO,UNASSIGNED,PROPOSED_NO_MEASURED_ROI
Reference/tables/10_global_technology_iso249_20261006_b04/registry_neurotechnology_global.csv,registry_neurotechnology_global,5,country_relation_state,REFERENCE_DATA,68759bafbd7b59bda5c6c19110b9cabace445f51377cd1ea8785bd669e2753a9,16,0,2,法人、住所或國別關係的獨立核實狀態；與機構存在不同,PROPOSED_CONTEXT_REVIEW,build_semantic_catalog.py: explicit proposed glossary,REVIEW_REQUIRED,法人與地理歸屬核實,NOT_APPLICABLE,NOT_ESTABLISHED,,,UNKNOWN_NOT_APPLICABLE_OR_NOT_RECORDED; DO_NOT_IMPUTE_ZERO,UNASSIGNED,PROPOSED_NO_MEASURED_ROI
Reference/tables/10_global_technology_iso249_20261006_b04/registry_neurotechnology_global.csv,registry_neurotechnology_global,6,invasiveness,REFERENCE_DATA,68759bafbd7b59bda5c6c19110b9cabace445f51377cd1ea8785bd669e2753a9,16,0,9,介面侵入性分類；需具體植入／介入部位與程序證據,PROPOSED_CONTEXT_REVIEW,build_semantic_catalog.py: explicit proposed glossary,REVIEW_REQUIRED,技術風險與成熟度,NOT_APPLICABLE,NOT_ESTABLISHED,,,UNKNOWN_NOT_APPLICABLE_OR_NOT_RECORDED; DO_NOT_IMPUTE_ZERO,UNASSIGNED,PROPOSED_NO_MEASURED_ROI
Reference/tables/10_global_technology_iso249_20261006_b04/registry_neurotechnology_global.csv,registry_neurotechnology_global,7,modality,REFERENCE_DATA,68759bafbd7b59bda5c6c19110b9cabace445f51377cd1ea8785bd669e2753a9,16,0,7,量測／刺激模態，例如 EEG、ECoG、微電極、fNIRS、TMS；不能等同功能證明,PROPOSED_CONTEXT_REVIEW,build_semantic_catalog.py: explicit proposed glossary,REVIEW_REQUIRED,技術分類,NOT_APPLICABLE,NOT_ESTABLISHED,,,UNKNOWN_NOT_APPLICABLE_OR_NOT_RECORDED; DO_NOT_IMPUTE_ZERO,UNASSIGNED,PROPOSED_NO_MEASURED_ROI
Reference/tables/10_global_technology_iso249_20261006_b04/registry_neurotechnology_global.csv,registry_neurotechnology_global,8,signal_direction,REFERENCE_DATA,68759bafbd7b59bda5c6c19110b9cabace445f51377cd1ea8785bd669e2753a9,16,0,8,讀取、寫入或雙向功能；需任務與人體／動物等條件,PROPOSED_CONTEXT_REVIEW,build_semantic_catalog.py: explicit proposed glossary,REVIEW_REQUIRED,能力方向比較,NOT_APPLICABLE,NOT_ESTABLISHED,,,UNKNOWN_NOT_APPLICABLE_OR_NOT_RECORDED; DO_NOT_IMPUTE_ZERO,UNASSIGNED,PROPOSED_NO_MEASURED_ROI
Reference/tables/10_global_technology_iso249_20261006_b04/registry_neurotechnology_global.csv,registry_neurotechnology_global,9,direction_state,REFERENCE_DATA,68759bafbd7b59bda5c6c19110b9cabace445f51377cd1ea8785bd669e2753a9,16,0,4,尚未完成欄位語義核實；需來源業務定義、單位、粒度與用途,UNRESOLVED,,REVIEW_REQUIRED,待資料負責人確認,UNKNOWN,NOT_ESTABLISHED,,,UNKNOWN_NOT_APPLICABLE_OR_NOT_RECORDED; DO_NOT_IMPUTE_ZERO,UNASSIGNED,PROPOSED_NO_MEASURED_ROI
Reference/tables/10_global_technology_iso249_20261006_b04/registry_neurotechnology_global.csv,registry_neurotechnology_global,10,remote_state,REFERENCE_DATA,68759bafbd7b59bda5c6c19110b9cabace445f51377cd1ea8785bd669e2753a9,16,0,3,遠端相關主張狀態；網路存取與距離腦訊號量測分別核實,PROPOSED_CONTEXT_REVIEW,build_semantic_catalog.py: explicit proposed glossary,REVIEW_REQUIRED,防止遠端概念混用,NOT_APPLICABLE,NOT_ESTABLISHED,,,UNKNOWN_NOT_APPLICABLE_OR_NOT_RECORDED; DO_NOT_IMPUTE_ZERO,UNASSIGNED,PROPOSED_NO_MEASURED_ROI
Reference/tables/10_global_technology_iso249_20261006_b04/registry_neurotechnology_global.csv,registry_neurotechnology_global,11,information_bandwidth_bits_per_second,REFERENCE_DATA,68759bafbd7b59bda5c6c19110b9cabace445f51377cd1ea8785bd669e2753a9,16,16,0,資訊帶寬測量值；需協議、任務、噪音、樣本與誤差，未公開留空,PROPOSED_CONTEXT_REVIEW,build_semantic_catalog.py: explicit proposed glossary,REVIEW_REQUIRED,可比較訊號傳輸能力,bits/s,NOT_ESTABLISHED,,,UNKNOWN_NOT_APPLICABLE_OR_NOT_RECORDED; DO_NOT_IMPUTE_ZERO,UNASSIGNED,PROPOSED_NO_MEASURED_ROI
Reference/tables/10_global_technology_iso249_20261006_b04/registry_neurotechnology_global.csv,registry_neurotechnology_global,12,bandwidth_state,REFERENCE_DATA,68759bafbd7b59bda5c6c19110b9cabace445f51377cd1ea8785bd669e2753a9,16,0,1,尚未完成欄位語義核實；需來源業務定義、單位、粒度與用途,UNRESOLVED,,REVIEW_REQUIRED,待資料負責人確認,UNKNOWN,NOT_ESTABLISHED,,,UNKNOWN_NOT_APPLICABLE_OR_NOT_RECORDED; DO_NOT_IMPUTE_ZERO,UNASSIGNED,PROPOSED_NO_MEASURED_ROI
Reference/tables/10_global_technology_iso249_20261006_b04/registry_neurotechnology_global.csv,registry_neurotechnology_global,13,bandwidth_protocol,REFERENCE_DATA,68759bafbd7b59bda5c6c19110b9cabace445f51377cd1ea8785bd669e2753a9,16,0,1,資訊帶寬測試協議或方法；沒有方法不能直接比較數值,PROPOSED_CONTEXT_REVIEW,build_semantic_catalog.py: explicit proposed glossary,REVIEW_REQUIRED,測量可重現,NOT_APPLICABLE,NOT_ESTABLISHED,,,UNKNOWN_NOT_APPLICABLE_OR_NOT_RECORDED; DO_NOT_IMPUTE_ZERO,UNASSIGNED,PROPOSED_NO_MEASURED_ROI
Reference/tables/10_global_technology_iso249_20261006_b04/registry_neurotechnology_global.csv,registry_neurotechnology_global,14,human_trial_state,REFERENCE_DATA,68759bafbd7b59bda5c6c19110b9cabace445f51377cd1ea8785bd669e2753a9,16,0,4,人體試驗證據、臨床階段或登記狀態；試驗登記不等於結果或許可,PROPOSED_CONTEXT_REVIEW,build_semantic_catalog.py: explicit proposed glossary,REVIEW_REQUIRED,臨床成熟度,NOT_APPLICABLE,NOT_ESTABLISHED,,,UNKNOWN_NOT_APPLICABLE_OR_NOT_RECORDED; DO_NOT_IMPUTE_ZERO,UNASSIGNED,PROPOSED_NO_MEASURED_ROI
Reference/tables/10_global_technology_iso249_20261006_b04/registry_neurotechnology_global.csv,registry_neurotechnology_global,15,trial_ids,REFERENCE_DATA,68759bafbd7b59bda5c6c19110b9cabace445f51377cd1ea8785bd669e2753a9,16,15,1,文獻、專利或試驗識別碼集合；取得識別碼不代表正文已審,PROPOSED_CONTEXT_REVIEW,build_semantic_catalog.py: explicit proposed glossary,REVIEW_REQUIRED,證據回溯,NOT_APPLICABLE,NOT_ESTABLISHED,,,UNKNOWN_NOT_APPLICABLE_OR_NOT_RECORDED; DO_NOT_IMPUTE_ZERO,UNASSIGNED,PROPOSED_NO_MEASURED_ROI
Reference/tables/10_global_technology_iso249_20261006_b04/registry_neurotechnology_global.csv,registry_neurotechnology_global,16,trial_registry_status,REFERENCE_DATA,68759bafbd7b59bda5c6c19110b9cabace445f51377cd1ea8785bd669e2753a9,16,0,1,人體試驗證據、臨床階段或登記狀態；試驗登記不等於結果或許可,PROPOSED_CONTEXT_REVIEW,build_semantic_catalog.py: explicit proposed glossary,REVIEW_REQUIRED,臨床成熟度,NOT_APPLICABLE,NOT_ESTABLISHED,,,UNKNOWN_NOT_APPLICABLE_OR_NOT_RECORDED; DO_NOT_IMPUTE_ZERO,UNASSIGNED,PROPOSED_NO_MEASURED_ROI
Reference/tables/10_global_technology_iso249_20261006_b04/registry_neurotechnology_global.csv,registry_neurotechnology_global,17,clinical_phase,REFERENCE_DATA,68759bafbd7b59bda5c6c19110b9cabace445f51377cd1ea8785bd669e2753a9,16,0,1,人體試驗證據、臨床階段或登記狀態；試驗登記不等於結果或許可,PROPOSED_CONTEXT_REVIEW,build_semantic_catalog.py: explicit proposed glossary,REVIEW_REQUIRED,臨床成熟度,NOT_APPLICABLE,NOT_ESTABLISHED,,,UNKNOWN_NOT_APPLICABLE_OR_NOT_RECORDED; DO_NOT_IMPUTE_ZERO,UNASSIGNED,PROPOSED_NO_MEASURED_ROI
Reference/tables/10_global_technology_iso249_20261006_b04/registry_neurotechnology_global.csv,registry_neurotechnology_global,18,publication_ids,REFERENCE_DATA,68759bafbd7b59bda5c6c19110b9cabace445f51377cd1ea8785bd669e2753a9,16,13,3,文獻、專利或試驗識別碼集合；取得識別碼不代表正文已審,PROPOSED_CONTEXT_REVIEW,build_semantic_catalog.py: explicit proposed glossary,REVIEW_REQUIRED,證據回溯,NOT_APPLICABLE,NOT_ESTABLISHED,,,UNKNOWN_NOT_APPLICABLE_OR_NOT_RECORDED; DO_NOT_IMPUTE_ZERO,UNASSIGNED,PROPOSED_NO_MEASURED_ROI
Reference/tables/10_global_technology_iso249_20261006_b04/registry_neurotechnology_global.csv,registry_neurotechnology_global,19,publication_state,REFERENCE_DATA,68759bafbd7b59bda5c6c19110b9cabace445f51377cd1ea8785bd669e2753a9,16,0,2,尚未完成欄位語義核實；需來源業務定義、單位、粒度與用途,UNRESOLVED,,REVIEW_REQUIRED,待資料負責人確認,UNKNOWN,NOT_ESTABLISHED,,,UNKNOWN_NOT_APPLICABLE_OR_NOT_RECORDED; DO_NOT_IMPUTE_ZERO,UNASSIGNED,PROPOSED_NO_MEASURED_ROI
Reference/tables/10_global_technology_iso249_20261006_b04/registry_neurotechnology_global.csv,registry_neurotechnology_global,20,patent_ids,REFERENCE_DATA,68759bafbd7b59bda5c6c19110b9cabace445f51377cd1ea8785bd669e2753a9,16,16,0,文獻、專利或試驗識別碼集合；取得識別碼不代表正文已審,PROPOSED_CONTEXT_REVIEW,build_semantic_catalog.py: explicit proposed glossary,REVIEW_REQUIRED,證據回溯,NOT_APPLICABLE,NOT_ESTABLISHED,,,UNKNOWN_NOT_APPLICABLE_OR_NOT_RECORDED; DO_NOT_IMPUTE_ZERO,UNASSIGNED,PROPOSED_NO_MEASURED_ROI
Reference/tables/10_global_technology_iso249_20261006_b04/registry_neurotechnology_global.csv,registry_neurotechnology_global,21,patent_state,REFERENCE_DATA,68759bafbd7b59bda5c6c19110b9cabace445f51377cd1ea8785bd669e2753a9,16,0,1,尚未完成欄位語義核實；需來源業務定義、單位、粒度與用途,UNRESOLVED,,REVIEW_REQUIRED,待資料負責人確認,UNKNOWN,NOT_ESTABLISHED,,,UNKNOWN_NOT_APPLICABLE_OR_NOT_RECORDED; DO_NOT_IMPUTE_ZERO,UNASSIGNED,PROPOSED_NO_MEASURED_ROI
Reference/tables/10_global_technology_iso249_20261006_b04/registry_neurotechnology_global.csv,registry_neurotechnology_global,22,regulatory_state,REFERENCE_DATA,68759bafbd7b59bda5c6c19110b9cabace445f51377cd1ea8785bd669e2753a9,16,0,3,監管狀態或其司法區；版次與日期需另定位,PROPOSED_CONTEXT_REVIEW,build_semantic_catalog.py: explicit proposed glossary,REVIEW_REQUIRED,臨床／採購條件評估,NOT_APPLICABLE,NOT_ESTABLISHED,,,UNKNOWN_NOT_APPLICABLE_OR_NOT_RECORDED; DO_NOT_IMPUTE_ZERO,UNASSIGNED,PROPOSED_NO_MEASURED_ROI
Reference/tables/10_global_technology_iso249_20261006_b04/registry_neurotechnology_global.csv,registry_neurotechnology_global,23,regulatory_jurisdiction,REFERENCE_DATA,68759bafbd7b59bda5c6c19110b9cabace445f51377cd1ea8785bd669e2753a9,16,0,2,監管狀態或其司法區；版次與日期需另定位,PROPOSED_CONTEXT_REVIEW,build_semantic_catalog.py: explicit proposed glossary,REVIEW_REQUIRED,臨床／採購條件評估,NOT_APPLICABLE,NOT_ESTABLISHED,,,UNKNOWN_NOT_APPLICABLE_OR_NOT_RECORDED; DO_NOT_IMPUTE_ZERO,UNASSIGNED,PROPOSED_NO_MEASURED_ROI
Reference/tables/10_global_technology_iso249_20261006_b04/registry_neurotechnology_global.csv,registry_neurotechnology_global,24,N0_N7_level,REFERENCE_DATA,68759bafbd7b59bda5c6c19110b9cabace445f51377cd1ea8785bd669e2753a9,16,0,1,國家能力或神經技術分級狀態；缺測試定義或證據維持 UNKNOWN,PROPOSED_CONTEXT_REVIEW,build_semantic_catalog.py: explicit proposed glossary,REVIEW_REQUIRED,防止無證據國別排名,NOT_APPLICABLE,NOT_ESTABLISHED,,,UNKNOWN_NOT_APPLICABLE_OR_NOT_RECORDED; DO_NOT_IMPUTE_ZERO,UNASSIGNED,PROPOSED_NO_MEASURED_ROI
Reference/tables/10_global_technology_iso249_20261006_b04/registry_neurotechnology_global.csv,registry_neurotechnology_global,25,evidence_state,REFERENCE_DATA,68759bafbd7b59bda5c6c19110b9cabace445f51377cd1ea8785bd669e2753a9,16,0,2,特定記錄或主張的證據狀態；VERIFIED 僅限可定位範圍,PROPOSED_CONTEXT_REVIEW,build_semantic_catalog.py: explicit proposed glossary,REVIEW_REQUIRED,隔離未知、宣稱與核實,NOT_APPLICABLE,NOT_ESTABLISHED,,,UNKNOWN_NOT_APPLICABLE_OR_NOT_RECORDED; DO_NOT_IMPUTE_ZERO,UNASSIGNED,PROPOSED_NO_MEASURED_ROI
Reference/tables/10_global_technology_iso249_20261006_b04/registry_neurotechnology_global.csv,registry_neurotechnology_global,26,verification_scope,REFERENCE_DATA,68759bafbd7b59bda5c6c19110b9cabace445f51377cd1ea8785bd669e2753a9,16,0,3,核實涵蓋的主張、條件與邊界；不把公開描述擴展成性能或部署證明,PROPOSED_CONTEXT_REVIEW,build_semantic_catalog.py: explicit proposed glossary,REVIEW_REQUIRED,限定決策可信範圍,NOT_APPLICABLE,NOT_ESTABLISHED,,,UNKNOWN_NOT_APPLICABLE_OR_NOT_RECORDED; DO_NOT_IMPUTE_ZERO,UNASSIGNED,PROPOSED_NO_MEASURED_ROI
Reference/tables/10_global_technology_iso249_20261006_b04/registry_neurotechnology_global.csv,registry_neurotechnology_global,27,source_id,REFERENCE_DATA,68759bafbd7b59bda5c6c19110b9cabace445f51377cd1ea8785bd669e2753a9,16,0,16,來源登記鍵；僅指來源，不代表該來源全部說法已核實,PROPOSED_CONTEXT_REVIEW,build_semantic_catalog.py: explicit proposed glossary,REVIEW_REQUIRED,主張證據追溯,NOT_APPLICABLE,NOT_ESTABLISHED,,,UNKNOWN_NOT_APPLICABLE_OR_NOT_RECORDED; DO_NOT_IMPUTE_ZERO,UNASSIGNED,PROPOSED_NO_MEASURED_ROI
Reference/tables/10_global_technology_iso249_20261006_b04/registry_neurotechnology_global.csv,registry_neurotechnology_global,28,notes,REFERENCE_DATA,68759bafbd7b59bda5c6c19110b9cabace445f51377cd1ea8785bd669e2753a9,16,0,6,尚未完成欄位語義核實；需來源業務定義、單位、粒度與用途,UNRESOLVED,,REVIEW_REQUIRED,待資料負責人確認,UNKNOWN,NOT_ESTABLISHED,,,UNKNOWN_NOT_APPLICABLE_OR_NOT_RECORDED; DO_NOT_IMPUTE_ZERO,UNASSIGNED,PROPOSED_NO_MEASURED_ROI
Reference/tables/10_global_technology_iso249_20261006_b04/registry_neurotechnology_global.csv,registry_neurotechnology_global,29,as_of,REFERENCE_DATA,68759bafbd7b59bda5c6c19110b9cabace445f51377cd1ea8785bd669e2753a9,16,0,1,資料截至／檢查／審核／搜索／取得時間；各欄依操作分別解讀，時區不可猜,PROPOSED_CONTEXT_REVIEW,build_semantic_catalog.py: explicit proposed glossary,REVIEW_REQUIRED,新鮮度與審核時點,SOURCE_DATE_OR_TIMESTAMP,NOT_ESTABLISHED,,,UNKNOWN_NOT_APPLICABLE_OR_NOT_RECORDED; DO_NOT_IMPUTE_ZERO,UNASSIGNED,PROPOSED_NO_MEASURED_ROI
Reference/tables/10_global_technology_iso249_20261006_b04/registry_technology_lifecycle_events.csv,registry_technology_lifecycle_events,1,event_id,REFERENCE_DATA,dccbfb53ae30c9d3206163dd57b7b0220ee61573f7c994783daf3c914529ae56,1,0,1,尚未完成欄位語義核實；需來源業務定義、單位、粒度與用途,UNRESOLVED,,REVIEW_REQUIRED,待資料負責人確認,UNKNOWN,NOT_ESTABLISHED,,,UNKNOWN_NOT_APPLICABLE_OR_NOT_RECORDED; DO_NOT_IMPUTE_ZERO,UNASSIGNED,PROPOSED_NO_MEASURED_ROI
Reference/tables/10_global_technology_iso249_20261006_b04/registry_technology_lifecycle_events.csv,registry_technology_lifecycle_events,2,technology_id,REFERENCE_DATA,dccbfb53ae30c9d3206163dd57b7b0220ee61573f7c994783daf3c914529ae56,1,0,1,技術記錄鍵或產品／項目候選線索；候選不等於正式實體,PROPOSED_CONTEXT_REVIEW,build_semantic_catalog.py: explicit proposed glossary,REVIEW_REQUIRED,技術選型與後續查證,NOT_APPLICABLE,NOT_ESTABLISHED,,,UNKNOWN_NOT_APPLICABLE_OR_NOT_RECORDED; DO_NOT_IMPUTE_ZERO,UNASSIGNED,PROPOSED_NO_MEASURED_ROI
Reference/tables/10_global_technology_iso249_20261006_b04/registry_technology_lifecycle_events.csv,registry_technology_lifecycle_events,3,entity_id,REFERENCE_DATA,dccbfb53ae30c9d3206163dd57b7b0220ee61573f7c994783daf3c914529ae56,1,0,1,穩定內部實體識別鍵；命名空間及對象依所屬表，不以相似名稱自動合併,PROPOSED_CONTEXT_REVIEW,build_semantic_catalog.py: explicit proposed glossary,REVIEW_REQUIRED,跨表實體追溯,NOT_APPLICABLE,NOT_ESTABLISHED,,,UNKNOWN_NOT_APPLICABLE_OR_NOT_RECORDED; DO_NOT_IMPUTE_ZERO,UNASSIGNED,PROPOSED_NO_MEASURED_ROI
Reference/tables/10_global_technology_iso249_20261006_b04/registry_technology_lifecycle_events.csv,registry_technology_lifecycle_events,4,event_date,REFERENCE_DATA,dccbfb53ae30c9d3206163dd57b7b0220ee61573f7c994783daf3c914529ae56,1,0,1,尚未完成欄位語義核實；需來源業務定義、單位、粒度與用途,UNRESOLVED,,REVIEW_REQUIRED,待資料負責人確認,UNKNOWN,NOT_ESTABLISHED,,,UNKNOWN_NOT_APPLICABLE_OR_NOT_RECORDED; DO_NOT_IMPUTE_ZERO,UNASSIGNED,PROPOSED_NO_MEASURED_ROI
Reference/tables/10_global_technology_iso249_20261006_b04/registry_technology_lifecycle_events.csv,registry_technology_lifecycle_events,5,event_type,REFERENCE_DATA,dccbfb53ae30c9d3206163dd57b7b0220ee61573f7c994783daf3c914529ae56,1,0,1,尚未完成欄位語義核實；需來源業務定義、單位、粒度與用途,UNRESOLVED,,REVIEW_REQUIRED,待資料負責人確認,UNKNOWN,NOT_ESTABLISHED,,,UNKNOWN_NOT_APPLICABLE_OR_NOT_RECORDED; DO_NOT_IMPUTE_ZERO,UNASSIGNED,PROPOSED_NO_MEASURED_ROI
Reference/tables/10_global_technology_iso249_20261006_b04/registry_technology_lifecycle_events.csv,registry_technology_lifecycle_events,6,claim,REFERENCE_DATA,dccbfb53ae30c9d3206163dd57b7b0220ee61573f7c994783daf3c914529ae56,1,0,1,一項待審或歷史主張的文字；與其證據狀態一起使用,PROPOSED_CONTEXT_REVIEW,build_semantic_catalog.py: explicit proposed glossary,REVIEW_REQUIRED,保存研究命題,NOT_APPLICABLE,NOT_ESTABLISHED,,,UNKNOWN_NOT_APPLICABLE_OR_NOT_RECORDED; DO_NOT_IMPUTE_ZERO,UNASSIGNED,PROPOSED_NO_MEASURED_ROI
Reference/tables/10_global_technology_iso249_20261006_b04/registry_technology_lifecycle_events.csv,registry_technology_lifecycle_events,7,evidence_state,REFERENCE_DATA,dccbfb53ae30c9d3206163dd57b7b0220ee61573f7c994783daf3c914529ae56,1,0,1,特定記錄或主張的證據狀態；VERIFIED 僅限可定位範圍,PROPOSED_CONTEXT_REVIEW,build_semantic_catalog.py: explicit proposed glossary,REVIEW_REQUIRED,隔離未知、宣稱與核實,NOT_APPLICABLE,NOT_ESTABLISHED,,,UNKNOWN_NOT_APPLICABLE_OR_NOT_RECORDED; DO_NOT_IMPUTE_ZERO,UNASSIGNED,PROPOSED_NO_MEASURED_ROI
Reference/tables/10_global_technology_iso249_20261006_b04/registry_technology_lifecycle_events.csv,registry_technology_lifecycle_events,8,verification_scope,REFERENCE_DATA,dccbfb53ae30c9d3206163dd57b7b0220ee61573f7c994783daf3c914529ae56,1,0,1,核實涵蓋的主張、條件與邊界；不把公開描述擴展成性能或部署證明,PROPOSED_CONTEXT_REVIEW,build_semantic_catalog.py: explicit proposed glossary,REVIEW_REQUIRED,限定決策可信範圍,NOT_APPLICABLE,NOT_ESTABLISHED,,,UNKNOWN_NOT_APPLICABLE_OR_NOT_RECORDED; DO_NOT_IMPUTE_ZERO,UNASSIGNED,PROPOSED_NO_MEASURED_ROI
Reference/tables/10_global_technology_iso249_20261006_b04/registry_technology_lifecycle_events.csv,registry_technology_lifecycle_events,9,independent_deployment_state,REFERENCE_DATA,dccbfb53ae30c9d3206163dd57b7b0220ee61573f7c994783daf3c914529ae56,1,0,1,部署證據狀態；產品存在不等於實際部署,PROPOSED_CONTEXT_REVIEW,build_semantic_catalog.py: explicit proposed glossary,REVIEW_REQUIRED,採用成熟度評估,NOT_APPLICABLE,NOT_ESTABLISHED,,,UNKNOWN_NOT_APPLICABLE_OR_NOT_RECORDED; DO_NOT_IMPUTE_ZERO,UNASSIGNED,PROPOSED_NO_MEASURED_ROI
Reference/tables/10_global_technology_iso249_20261006_b04/registry_technology_lifecycle_events.csv,registry_technology_lifecycle_events,10,source_id,REFERENCE_DATA,dccbfb53ae30c9d3206163dd57b7b0220ee61573f7c994783daf3c914529ae56,1,0,1,來源登記鍵；僅指來源，不代表該來源全部說法已核實,PROPOSED_CONTEXT_REVIEW,build_semantic_catalog.py: explicit proposed glossary,REVIEW_REQUIRED,主張證據追溯,NOT_APPLICABLE,NOT_ESTABLISHED,,,UNKNOWN_NOT_APPLICABLE_OR_NOT_RECORDED; DO_NOT_IMPUTE_ZERO,UNASSIGNED,PROPOSED_NO_MEASURED_ROI
Reference/tables/10_global_technology_iso249_20261006_b04/registry_technology_lifecycle_events.csv,registry_technology_lifecycle_events,11,reviewed_on,REFERENCE_DATA,dccbfb53ae30c9d3206163dd57b7b0220ee61573f7c994783daf3c914529ae56,1,0,1,資料截至／檢查／審核／搜索／取得時間；各欄依操作分別解讀，時區不可猜,PROPOSED_CONTEXT_REVIEW,build_semantic_catalog.py: explicit proposed glossary,REVIEW_REQUIRED,新鮮度與審核時點,SOURCE_DATE_OR_TIMESTAMP,NOT_ESTABLISHED,,,UNKNOWN_NOT_APPLICABLE_OR_NOT_RECORDED; DO_NOT_IMPUTE_ZERO,UNASSIGNED,PROPOSED_NO_MEASURED_ROI
Reference/tables/10_global_technology_iso249_20261006_b04/registry_technology_metrics.csv,registry_technology_metrics,1,metric_id,REFERENCE_DATA,322e2b56ffbf9341239e1b1e83699e9d4a8c040b7106fbd034a49a5b53bee4f9,17,0,17,尚未完成欄位語義核實；需來源業務定義、單位、粒度與用途,UNRESOLVED,,REVIEW_REQUIRED,待資料負責人確認,UNKNOWN,NOT_ESTABLISHED,,,UNKNOWN_NOT_APPLICABLE_OR_NOT_RECORDED; DO_NOT_IMPUTE_ZERO,UNASSIGNED,PROPOSED_NO_MEASURED_ROI
Reference/tables/10_global_technology_iso249_20261006_b04/registry_technology_metrics.csv,registry_technology_metrics,2,technology_id,REFERENCE_DATA,322e2b56ffbf9341239e1b1e83699e9d4a8c040b7106fbd034a49a5b53bee4f9,17,0,9,技術記錄鍵或產品／項目候選線索；候選不等於正式實體,PROPOSED_CONTEXT_REVIEW,build_semantic_catalog.py: explicit proposed glossary,REVIEW_REQUIRED,技術選型與後續查證,NOT_APPLICABLE,NOT_ESTABLISHED,,,UNKNOWN_NOT_APPLICABLE_OR_NOT_RECORDED; DO_NOT_IMPUTE_ZERO,UNASSIGNED,PROPOSED_NO_MEASURED_ROI
Reference/tables/10_global_technology_iso249_20261006_b04/registry_technology_metrics.csv,registry_technology_metrics,3,entity_id,REFERENCE_DATA,322e2b56ffbf9341239e1b1e83699e9d4a8c040b7106fbd034a49a5b53bee4f9,17,0,7,穩定內部實體識別鍵；命名空間及對象依所屬表，不以相似名稱自動合併,PROPOSED_CONTEXT_REVIEW,build_semantic_catalog.py: explicit proposed glossary,REVIEW_REQUIRED,跨表實體追溯,NOT_APPLICABLE,NOT_ESTABLISHED,,,UNKNOWN_NOT_APPLICABLE_OR_NOT_RECORDED; DO_NOT_IMPUTE_ZERO,UNASSIGNED,PROPOSED_NO_MEASURED_ROI
Reference/tables/10_global_technology_iso249_20261006_b04/registry_technology_metrics.csv,registry_technology_metrics,4,metric_name,REFERENCE_DATA,322e2b56ffbf9341239e1b1e83699e9d4a8c040b7106fbd034a49a5b53bee4f9,17,0,15,尚未完成欄位語義核實；需來源業務定義、單位、粒度與用途,UNRESOLVED,,REVIEW_REQUIRED,待資料負責人確認,UNKNOWN,NOT_ESTABLISHED,,,UNKNOWN_NOT_APPLICABLE_OR_NOT_RECORDED; DO_NOT_IMPUTE_ZERO,UNASSIGNED,PROPOSED_NO_MEASURED_ROI
Reference/tables/10_global_technology_iso249_20261006_b04/registry_technology_metrics.csv,registry_technology_metrics,5,value,REFERENCE_DATA,322e2b56ffbf9341239e1b1e83699e9d4a8c040b7106fbd034a49a5b53bee4f9,17,0,16,尚未完成欄位語義核實；需來源業務定義、單位、粒度與用途,UNRESOLVED,,REVIEW_REQUIRED,待資料負責人確認,UNKNOWN,NOT_ESTABLISHED,,,UNKNOWN_NOT_APPLICABLE_OR_NOT_RECORDED; DO_NOT_IMPUTE_ZERO,UNASSIGNED,PROPOSED_NO_MEASURED_ROI
Reference/tables/10_global_technology_iso249_20261006_b04/registry_technology_metrics.csv,registry_technology_metrics,6,unit,REFERENCE_DATA,322e2b56ffbf9341239e1b1e83699e9d4a8c040b7106fbd034a49a5b53bee4f9,17,0,10,值的單位；不能從欄名或數值大小猜測單位,PROPOSED_CONTEXT_REVIEW,build_semantic_catalog.py: explicit proposed glossary,REVIEW_REQUIRED,避免量綱錯誤,UNIT_LABEL,NOT_ESTABLISHED,,,UNKNOWN_NOT_APPLICABLE_OR_NOT_RECORDED; DO_NOT_IMPUTE_ZERO,UNASSIGNED,PROPOSED_NO_MEASURED_ROI
Reference/tables/10_global_technology_iso249_20261006_b04/registry_technology_metrics.csv,registry_technology_metrics,7,statistic,REFERENCE_DATA,322e2b56ffbf9341239e1b1e83699e9d4a8c040b7106fbd034a49a5b53bee4f9,17,0,12,尚未完成欄位語義核實；需來源業務定義、單位、粒度與用途,UNRESOLVED,,REVIEW_REQUIRED,待資料負責人確認,UNKNOWN,NOT_ESTABLISHED,,,UNKNOWN_NOT_APPLICABLE_OR_NOT_RECORDED; DO_NOT_IMPUTE_ZERO,UNASSIGNED,PROPOSED_NO_MEASURED_ROI
Reference/tables/10_global_technology_iso249_20261006_b04/registry_technology_metrics.csv,registry_technology_metrics,8,participant_count,REFERENCE_DATA,322e2b56ffbf9341239e1b1e83699e9d4a8c040b7106fbd034a49a5b53bee4f9,17,11,1,尚未完成欄位語義核實；需來源業務定義、單位、粒度與用途,UNRESOLVED,,REVIEW_REQUIRED,待資料負責人確認,UNKNOWN,NOT_ESTABLISHED,,,UNKNOWN_NOT_APPLICABLE_OR_NOT_RECORDED; DO_NOT_IMPUTE_ZERO,UNASSIGNED,PROPOSED_NO_MEASURED_ROI
Reference/tables/10_global_technology_iso249_20261006_b04/registry_technology_metrics.csv,registry_technology_metrics,9,conditions,REFERENCE_DATA,322e2b56ffbf9341239e1b1e83699e9d4a8c040b7106fbd034a49a5b53bee4f9,17,0,17,尚未完成欄位語義核實；需來源業務定義、單位、粒度與用途,UNRESOLVED,,REVIEW_REQUIRED,待資料負責人確認,UNKNOWN,NOT_ESTABLISHED,,,UNKNOWN_NOT_APPLICABLE_OR_NOT_RECORDED; DO_NOT_IMPUTE_ZERO,UNASSIGNED,PROPOSED_NO_MEASURED_ROI
Reference/tables/10_global_technology_iso249_20261006_b04/registry_technology_metrics.csv,registry_technology_metrics,10,study_date,REFERENCE_DATA,322e2b56ffbf9341239e1b1e83699e9d4a8c040b7106fbd034a49a5b53bee4f9,17,0,7,尚未完成欄位語義核實；需來源業務定義、單位、粒度與用途,UNRESOLVED,,REVIEW_REQUIRED,待資料負責人確認,UNKNOWN,NOT_ESTABLISHED,,,UNKNOWN_NOT_APPLICABLE_OR_NOT_RECORDED; DO_NOT_IMPUTE_ZERO,UNASSIGNED,PROPOSED_NO_MEASURED_ROI
Reference/tables/10_global_technology_iso249_20261006_b04/registry_technology_metrics.csv,registry_technology_metrics,11,doi,REFERENCE_DATA,322e2b56ffbf9341239e1b1e83699e9d4a8c040b7106fbd034a49a5b53bee4f9,17,8,4,尚未完成欄位語義核實；需來源業務定義、單位、粒度與用途,UNRESOLVED,,REVIEW_REQUIRED,待資料負責人確認,UNKNOWN,NOT_ESTABLISHED,,,UNKNOWN_NOT_APPLICABLE_OR_NOT_RECORDED; DO_NOT_IMPUTE_ZERO,UNASSIGNED,PROPOSED_NO_MEASURED_ROI
Reference/tables/10_global_technology_iso249_20261006_b04/registry_technology_metrics.csv,registry_technology_metrics,12,evidence_state,REFERENCE_DATA,322e2b56ffbf9341239e1b1e83699e9d4a8c040b7106fbd034a49a5b53bee4f9,17,0,1,特定記錄或主張的證據狀態；VERIFIED 僅限可定位範圍,PROPOSED_CONTEXT_REVIEW,build_semantic_catalog.py: explicit proposed glossary,REVIEW_REQUIRED,隔離未知、宣稱與核實,NOT_APPLICABLE,NOT_ESTABLISHED,,,UNKNOWN_NOT_APPLICABLE_OR_NOT_RECORDED; DO_NOT_IMPUTE_ZERO,UNASSIGNED,PROPOSED_NO_MEASURED_ROI
Reference/tables/10_global_technology_iso249_20261006_b04/registry_technology_metrics.csv,registry_technology_metrics,13,verification_scope,REFERENCE_DATA,322e2b56ffbf9341239e1b1e83699e9d4a8c040b7106fbd034a49a5b53bee4f9,17,0,2,核實涵蓋的主張、條件與邊界；不把公開描述擴展成性能或部署證明,PROPOSED_CONTEXT_REVIEW,build_semantic_catalog.py: explicit proposed glossary,REVIEW_REQUIRED,限定決策可信範圍,NOT_APPLICABLE,NOT_ESTABLISHED,,,UNKNOWN_NOT_APPLICABLE_OR_NOT_RECORDED; DO_NOT_IMPUTE_ZERO,UNASSIGNED,PROPOSED_NO_MEASURED_ROI
Reference/tables/10_global_technology_iso249_20261006_b04/registry_technology_metrics.csv,registry_technology_metrics,14,source_id,REFERENCE_DATA,322e2b56ffbf9341239e1b1e83699e9d4a8c040b7106fbd034a49a5b53bee4f9,17,0,9,來源登記鍵；僅指來源，不代表該來源全部說法已核實,PROPOSED_CONTEXT_REVIEW,build_semantic_catalog.py: explicit proposed glossary,REVIEW_REQUIRED,主張證據追溯,NOT_APPLICABLE,NOT_ESTABLISHED,,,UNKNOWN_NOT_APPLICABLE_OR_NOT_RECORDED; DO_NOT_IMPUTE_ZERO,UNASSIGNED,PROPOSED_NO_MEASURED_ROI
Reference/tables/10_global_technology_iso249_20261006_b04/registry_technology_metrics.csv,registry_technology_metrics,15,information_bandwidth_state,REFERENCE_DATA,322e2b56ffbf9341239e1b1e83699e9d4a8c040b7106fbd034a49a5b53bee4f9,17,0,2,尚未完成欄位語義核實；需來源業務定義、單位、粒度與用途,UNRESOLVED,,REVIEW_REQUIRED,待資料負責人確認,UNKNOWN,NOT_ESTABLISHED,,,UNKNOWN_NOT_APPLICABLE_OR_NOT_RECORDED; DO_NOT_IMPUTE_ZERO,UNASSIGNED,PROPOSED_NO_MEASURED_ROI
Reference/tables/10_global_technology_iso249_20261006_b04/registry_technology_metrics.csv,registry_technology_metrics,16,general_population_state,REFERENCE_DATA,322e2b56ffbf9341239e1b1e83699e9d4a8c040b7106fbd034a49a5b53bee4f9,17,0,2,尚未完成欄位語義核實；需來源業務定義、單位、粒度與用途,UNRESOLVED,,REVIEW_REQUIRED,待資料負責人確認,UNKNOWN,NOT_ESTABLISHED,,,UNKNOWN_NOT_APPLICABLE_OR_NOT_RECORDED; DO_NOT_IMPUTE_ZERO,UNASSIGNED,PROPOSED_NO_MEASURED_ROI
Reference/tables/10_global_technology_iso249_20261006_b04/registry_technology_metrics.csv,registry_technology_metrics,17,world_record_state,REFERENCE_DATA,322e2b56ffbf9341239e1b1e83699e9d4a8c040b7106fbd034a49a5b53bee4f9,17,0,1,尚未完成欄位語義核實；需來源業務定義、單位、粒度與用途,UNRESOLVED,,REVIEW_REQUIRED,待資料負責人確認,UNKNOWN,NOT_ESTABLISHED,,,UNKNOWN_NOT_APPLICABLE_OR_NOT_RECORDED; DO_NOT_IMPUTE_ZERO,UNASSIGNED,PROPOSED_NO_MEASURED_ROI
Reference/tables/10_global_technology_iso249_20261006_b04/registry_technology_metrics.csv,registry_technology_metrics,18,reviewed_on,REFERENCE_DATA,322e2b56ffbf9341239e1b1e83699e9d4a8c040b7106fbd034a49a5b53bee4f9,17,0,1,資料截至／檢查／審核／搜索／取得時間；各欄依操作分別解讀，時區不可猜,PROPOSED_CONTEXT_REVIEW,build_semantic_catalog.py: explicit proposed glossary,REVIEW_REQUIRED,新鮮度與審核時點,SOURCE_DATE_OR_TIMESTAMP,NOT_ESTABLISHED,,,UNKNOWN_NOT_APPLICABLE_OR_NOT_RECORDED; DO_NOT_IMPUTE_ZERO,UNASSIGNED,PROPOSED_NO_MEASURED_ROI
Reference/tables/10_global_technology_iso249_20261006_b04/registry_technology_products_tools.csv,registry_technology_products_tools,1,technology_id,REFERENCE_DATA,64383446f3b6d099a08d6f7e0b9501a7afa78031a02dc0066a0302b58e0e413a,71,0,71,技術記錄鍵或產品／項目候選線索；候選不等於正式實體,PROPOSED_CONTEXT_REVIEW,build_semantic_catalog.py: explicit proposed glossary,REVIEW_REQUIRED,技術選型與後續查證,NOT_APPLICABLE,NOT_ESTABLISHED,,,UNKNOWN_NOT_APPLICABLE_OR_NOT_RECORDED; DO_NOT_IMPUTE_ZERO,UNASSIGNED,PROPOSED_NO_MEASURED_ROI
Reference/tables/10_global_technology_iso249_20261006_b04/registry_technology_products_tools.csv,registry_technology_products_tools,2,display_name,REFERENCE_DATA,64383446f3b6d099a08d6f7e0b9501a7afa78031a02dc0066a0302b58e0e413a,71,0,71,尚未完成欄位語義核實；需來源業務定義、單位、粒度與用途,UNRESOLVED,,REVIEW_REQUIRED,待資料負責人確認,UNKNOWN,NOT_ESTABLISHED,,,UNKNOWN_NOT_APPLICABLE_OR_NOT_RECORDED; DO_NOT_IMPUTE_ZERO,UNASSIGNED,PROPOSED_NO_MEASURED_ROI
Reference/tables/10_global_technology_iso249_20261006_b04/registry_technology_products_tools.csv,registry_technology_products_tools,3,record_type,REFERENCE_DATA,64383446f3b6d099a08d6f7e0b9501a7afa78031a02dc0066a0302b58e0e413a,71,0,34,尚未完成欄位語義核實；需來源業務定義、單位、粒度與用途,UNRESOLVED,,REVIEW_REQUIRED,待資料負責人確認,UNKNOWN,NOT_ESTABLISHED,,,UNKNOWN_NOT_APPLICABLE_OR_NOT_RECORDED; DO_NOT_IMPUTE_ZERO,UNASSIGNED,PROPOSED_NO_MEASURED_ROI
Reference/tables/10_global_technology_iso249_20261006_b04/registry_technology_products_tools.csv,registry_technology_products_tools,4,domain,REFERENCE_DATA,64383446f3b6d099a08d6f7e0b9501a7afa78031a02dc0066a0302b58e0e413a,71,0,19,尚未完成欄位語義核實；需來源業務定義、單位、粒度與用途,UNRESOLVED,,REVIEW_REQUIRED,待資料負責人確認,UNKNOWN,NOT_ESTABLISHED,,,UNKNOWN_NOT_APPLICABLE_OR_NOT_RECORDED; DO_NOT_IMPUTE_ZERO,UNASSIGNED,PROPOSED_NO_MEASURED_ROI
Reference/tables/10_global_technology_iso249_20261006_b04/registry_technology_products_tools.csv,registry_technology_products_tools,5,issuer_entity_id,REFERENCE_DATA,64383446f3b6d099a08d6f7e0b9501a7afa78031a02dc0066a0302b58e0e413a,71,25,27,尚未完成欄位語義核實；需來源業務定義、單位、粒度與用途,UNRESOLVED,,REVIEW_REQUIRED,待資料負責人確認,UNKNOWN,NOT_ESTABLISHED,,,UNKNOWN_NOT_APPLICABLE_OR_NOT_RECORDED; DO_NOT_IMPUTE_ZERO,UNASSIGNED,PROPOSED_NO_MEASURED_ROI
Reference/tables/10_global_technology_iso249_20261006_b04/registry_technology_products_tools.csv,registry_technology_products_tools,6,issuer_relation_state,REFERENCE_DATA,64383446f3b6d099a08d6f7e0b9501a7afa78031a02dc0066a0302b58e0e413a,71,0,3,尚未完成欄位語義核實；需來源業務定義、單位、粒度與用途,UNRESOLVED,,REVIEW_REQUIRED,待資料負責人確認,UNKNOWN,NOT_ESTABLISHED,,,UNKNOWN_NOT_APPLICABLE_OR_NOT_RECORDED; DO_NOT_IMPUTE_ZERO,UNASSIGNED,PROPOSED_NO_MEASURED_ROI
Reference/tables/10_global_technology_iso249_20261006_b04/registry_technology_products_tools.csv,registry_technology_products_tools,7,public_description,REFERENCE_DATA,64383446f3b6d099a08d6f7e0b9501a7afa78031a02dc0066a0302b58e0e413a,71,0,69,尚未完成欄位語義核實；需來源業務定義、單位、粒度與用途,UNRESOLVED,,REVIEW_REQUIRED,待資料負責人確認,UNKNOWN,NOT_ESTABLISHED,,,UNKNOWN_NOT_APPLICABLE_OR_NOT_RECORDED; DO_NOT_IMPUTE_ZERO,UNASSIGNED,PROPOSED_NO_MEASURED_ROI
Reference/tables/10_global_technology_iso249_20261006_b04/registry_technology_products_tools.csv,registry_technology_products_tools,8,evidence_state,REFERENCE_DATA,64383446f3b6d099a08d6f7e0b9501a7afa78031a02dc0066a0302b58e0e413a,71,0,2,特定記錄或主張的證據狀態；VERIFIED 僅限可定位範圍,PROPOSED_CONTEXT_REVIEW,build_semantic_catalog.py: explicit proposed glossary,REVIEW_REQUIRED,隔離未知、宣稱與核實,NOT_APPLICABLE,NOT_ESTABLISHED,,,UNKNOWN_NOT_APPLICABLE_OR_NOT_RECORDED; DO_NOT_IMPUTE_ZERO,UNASSIGNED,PROPOSED_NO_MEASURED_ROI
Reference/tables/10_global_technology_iso249_20261006_b04/registry_technology_products_tools.csv,registry_technology_products_tools,9,verification_scope,REFERENCE_DATA,64383446f3b6d099a08d6f7e0b9501a7afa78031a02dc0066a0302b58e0e413a,71,0,3,核實涵蓋的主張、條件與邊界；不把公開描述擴展成性能或部署證明,PROPOSED_CONTEXT_REVIEW,build_semantic_catalog.py: explicit proposed glossary,REVIEW_REQUIRED,限定決策可信範圍,NOT_APPLICABLE,NOT_ESTABLISHED,,,UNKNOWN_NOT_APPLICABLE_OR_NOT_RECORDED; DO_NOT_IMPUTE_ZERO,UNASSIGNED,PROPOSED_NO_MEASURED_ROI
Reference/tables/10_global_technology_iso249_20261006_b04/registry_technology_products_tools.csv,registry_technology_products_tools,10,source_id,REFERENCE_DATA,64383446f3b6d099a08d6f7e0b9501a7afa78031a02dc0066a0302b58e0e413a,71,0,59,來源登記鍵；僅指來源，不代表該來源全部說法已核實,PROPOSED_CONTEXT_REVIEW,build_semantic_catalog.py: explicit proposed glossary,REVIEW_REQUIRED,主張證據追溯,NOT_APPLICABLE,NOT_ESTABLISHED,,,UNKNOWN_NOT_APPLICABLE_OR_NOT_RECORDED; DO_NOT_IMPUTE_ZERO,UNASSIGNED,PROPOSED_NO_MEASURED_ROI
Reference/tables/10_global_technology_iso249_20261006_b04/registry_technology_products_tools.csv,registry_technology_products_tools,11,version_state,REFERENCE_DATA,64383446f3b6d099a08d6f7e0b9501a7afa78031a02dc0066a0302b58e0e413a,71,0,1,尚未完成欄位語義核實；需來源業務定義、單位、粒度與用途,UNRESOLVED,,REVIEW_REQUIRED,待資料負責人確認,UNKNOWN,NOT_ESTABLISHED,,,UNKNOWN_NOT_APPLICABLE_OR_NOT_RECORDED; DO_NOT_IMPUTE_ZERO,UNASSIGNED,PROPOSED_NO_MEASURED_ROI
Reference/tables/10_global_technology_iso249_20261006_b04/registry_technology_products_tools.csv,registry_technology_products_tools,12,license_state,REFERENCE_DATA,64383446f3b6d099a08d6f7e0b9501a7afa78031a02dc0066a0302b58e0e413a,71,0,1,授權審核狀態；需定位產品／資料／权重與版本,PROPOSED_CONTEXT_REVIEW,build_semantic_catalog.py: explicit proposed glossary,REVIEW_REQUIRED,用途准入,NOT_APPLICABLE,NOT_ESTABLISHED,,,UNKNOWN_NOT_APPLICABLE_OR_NOT_RECORDED; DO_NOT_IMPUTE_ZERO,UNASSIGNED,PROPOSED_NO_MEASURED_ROI
Reference/tables/10_global_technology_iso249_20261006_b04/registry_technology_products_tools.csv,registry_technology_products_tools,13,availability_state,REFERENCE_DATA,64383446f3b6d099a08d6f7e0b9501a7afa78031a02dc0066a0302b58e0e413a,71,0,1,尚未完成欄位語義核實；需來源業務定義、單位、粒度與用途,UNRESOLVED,,REVIEW_REQUIRED,待資料負責人確認,UNKNOWN,NOT_ESTABLISHED,,,UNKNOWN_NOT_APPLICABLE_OR_NOT_RECORDED; DO_NOT_IMPUTE_ZERO,UNASSIGNED,PROPOSED_NO_MEASURED_ROI
Reference/tables/10_global_technology_iso249_20261006_b04/registry_technology_products_tools.csv,registry_technology_products_tools,14,independent_performance_state,REFERENCE_DATA,64383446f3b6d099a08d6f7e0b9501a7afa78031a02dc0066a0302b58e0e413a,71,0,2,性能主張或獨立性能驗證狀態；不是性能數值,PROPOSED_CONTEXT_REVIEW,build_semantic_catalog.py: explicit proposed glossary,REVIEW_REQUIRED,避免宣傳數字冒充測試,NOT_APPLICABLE,NOT_ESTABLISHED,,,UNKNOWN_NOT_APPLICABLE_OR_NOT_RECORDED; DO_NOT_IMPUTE_ZERO,UNASSIGNED,PROPOSED_NO_MEASURED_ROI
Reference/tables/10_global_technology_iso249_20261006_b04/registry_technology_products_tools.csv,registry_technology_products_tools,15,global_rank_state,REFERENCE_DATA,64383446f3b6d099a08d6f7e0b9501a7afa78031a02dc0066a0302b58e0e413a,71,0,1,排名主張的核實狀態；先定義樣本、指標與比較協議,PROPOSED_CONTEXT_REVIEW,build_semantic_catalog.py: explicit proposed glossary,REVIEW_REQUIRED,比較口徑治理,NOT_APPLICABLE,NOT_ESTABLISHED,,,UNKNOWN_NOT_APPLICABLE_OR_NOT_RECORDED; DO_NOT_IMPUTE_ZERO,UNASSIGNED,PROPOSED_NO_MEASURED_ROI
Reference/tables/10_global_technology_iso249_20261006_b04/registry_technology_products_tools.csv,registry_technology_products_tools,16,regulatory_state,REFERENCE_DATA,64383446f3b6d099a08d6f7e0b9501a7afa78031a02dc0066a0302b58e0e413a,71,0,2,監管狀態或其司法區；版次與日期需另定位,PROPOSED_CONTEXT_REVIEW,build_semantic_catalog.py: explicit proposed glossary,REVIEW_REQUIRED,臨床／採購條件評估,NOT_APPLICABLE,NOT_ESTABLISHED,,,UNKNOWN_NOT_APPLICABLE_OR_NOT_RECORDED; DO_NOT_IMPUTE_ZERO,UNASSIGNED,PROPOSED_NO_MEASURED_ROI
Reference/tables/10_global_technology_iso249_20261006_b04/registry_technology_products_tools.csv,registry_technology_products_tools,17,as_of,REFERENCE_DATA,64383446f3b6d099a08d6f7e0b9501a7afa78031a02dc0066a0302b58e0e413a,71,0,1,資料截至／檢查／審核／搜索／取得時間；各欄依操作分別解讀，時區不可猜,PROPOSED_CONTEXT_REVIEW,build_semantic_catalog.py: explicit proposed glossary,REVIEW_REQUIRED,新鮮度與審核時點,SOURCE_DATE_OR_TIMESTAMP,NOT_ESTABLISHED,,,UNKNOWN_NOT_APPLICABLE_OR_NOT_RECORDED; DO_NOT_IMPUTE_ZERO,UNASSIGNED,PROPOSED_NO_MEASURED_ROI
reports/2026-10-04/cross_document_consistency/tables/mark_crosswalk.csv,mark_crosswalk,1,registry_id,HISTORICAL_REPORT_OUTPUT,fd959ac1ac428ef56631dbeee42d3f312eb5c93963902e15a7e1d018db773f83,149,0,121,尚未完成欄位語義核實；需來源業務定義、單位、粒度與用途,UNRESOLVED,,REVIEW_REQUIRED,待資料負責人確認,UNKNOWN,NOT_ESTABLISHED,,,UNKNOWN_NOT_APPLICABLE_OR_NOT_RECORDED; DO_NOT_IMPUTE_ZERO,UNASSIGNED,PROPOSED_NO_MEASURED_ROI
reports/2026-10-04/cross_document_consistency/tables/mark_crosswalk.csv,mark_crosswalk,2,registry_name,HISTORICAL_REPORT_OUTPUT,fd959ac1ac428ef56631dbeee42d3f312eb5c93963902e15a7e1d018db773f83,149,0,121,尚未完成欄位語義核實；需來源業務定義、單位、粒度與用途,UNRESOLVED,,REVIEW_REQUIRED,待資料負責人確認,UNKNOWN,NOT_ESTABLISHED,,,UNKNOWN_NOT_APPLICABLE_OR_NOT_RECORDED; DO_NOT_IMPUTE_ZERO,UNASSIGNED,PROPOSED_NO_MEASURED_ROI
reports/2026-10-04/cross_document_consistency/tables/mark_crosswalk.csv,mark_crosswalk,3,registry_status,HISTORICAL_REPORT_OUTPUT,fd959ac1ac428ef56631dbeee42d3f312eb5c93963902e15a7e1d018db773f83,149,0,3,尚未完成欄位語義核實；需來源業務定義、單位、粒度與用途,UNRESOLVED,,REVIEW_REQUIRED,待資料負責人確認,UNKNOWN,NOT_ESTABLISHED,,,UNKNOWN_NOT_APPLICABLE_OR_NOT_RECORDED; DO_NOT_IMPUTE_ZERO,UNASSIGNED,PROPOSED_NO_MEASURED_ROI
reports/2026-10-04/cross_document_consistency/tables/mark_crosswalk.csv,mark_crosswalk,4,registry_status_after_batch01,HISTORICAL_REPORT_OUTPUT,fd959ac1ac428ef56631dbeee42d3f312eb5c93963902e15a7e1d018db773f83,149,0,3,尚未完成欄位語義核實；需來源業務定義、單位、粒度與用途,UNRESOLVED,,REVIEW_REQUIRED,待資料負責人確認,UNKNOWN,NOT_ESTABLISHED,,,UNKNOWN_NOT_APPLICABLE_OR_NOT_RECORDED; DO_NOT_IMPUTE_ZERO,UNASSIGNED,PROPOSED_NO_MEASURED_ROI
reports/2026-10-04/cross_document_consistency/tables/mark_crosswalk.csv,mark_crosswalk,5,doc_entry,HISTORICAL_REPORT_OUTPUT,fd959ac1ac428ef56631dbeee42d3f312eb5c93963902e15a7e1d018db773f83,149,0,112,尚未完成欄位語義核實；需來源業務定義、單位、粒度與用途,UNRESOLVED,,REVIEW_REQUIRED,待資料負責人確認,UNKNOWN,NOT_ESTABLISHED,,,UNKNOWN_NOT_APPLICABLE_OR_NOT_RECORDED; DO_NOT_IMPUTE_ZERO,UNASSIGNED,PROPOSED_NO_MEASURED_ROI
reports/2026-10-04/cross_document_consistency/tables/mark_crosswalk.csv,mark_crosswalk,6,doc_marks,HISTORICAL_REPORT_OUTPUT,fd959ac1ac428ef56631dbeee42d3f312eb5c93963902e15a7e1d018db773f83,149,0,3,尚未完成欄位語義核實；需來源業務定義、單位、粒度與用途,UNRESOLVED,,REVIEW_REQUIRED,待資料負責人確認,UNKNOWN,NOT_ESTABLISHED,,,UNKNOWN_NOT_APPLICABLE_OR_NOT_RECORDED; DO_NOT_IMPUTE_ZERO,UNASSIGNED,PROPOSED_NO_MEASURED_ROI
reports/2026-10-04/cross_document_consistency/tables/mark_crosswalk.csv,mark_crosswalk,7,doc_line,HISTORICAL_REPORT_OUTPUT,fd959ac1ac428ef56631dbeee42d3f312eb5c93963902e15a7e1d018db773f83,149,0,112,尚未完成欄位語義核實；需來源業務定義、單位、粒度與用途,UNRESOLVED,,REVIEW_REQUIRED,待資料負責人確認,UNKNOWN,NOT_ESTABLISHED,,,UNKNOWN_NOT_APPLICABLE_OR_NOT_RECORDED; DO_NOT_IMPUTE_ZERO,UNASSIGNED,PROPOSED_NO_MEASURED_ROI
reports/2026-10-04/cross_document_consistency/tables/mark_crosswalk.csv,mark_crosswalk,8,match_basis,HISTORICAL_REPORT_OUTPUT,fd959ac1ac428ef56631dbeee42d3f312eb5c93963902e15a7e1d018db773f83,149,0,134,身份／名稱匹配的方法或依據；須保留可重現條件,PROPOSED_CONTEXT_REVIEW,build_semantic_catalog.py: explicit proposed glossary,REVIEW_REQUIRED,關係驗證,NOT_APPLICABLE,NOT_ESTABLISHED,,,UNKNOWN_NOT_APPLICABLE_OR_NOT_RECORDED; DO_NOT_IMPUTE_ZERO,UNASSIGNED,PROPOSED_NO_MEASURED_ROI
reports/2026-10-04/cross_document_consistency/tables/mark_crosswalk.csv,mark_crosswalk,9,relation,HISTORICAL_REPORT_OUTPUT,fd959ac1ac428ef56631dbeee42d3f312eb5c93963902e15a7e1d018db773f83,149,0,4,尚未完成欄位語義核實；需來源業務定義、單位、粒度與用途,UNRESOLVED,,REVIEW_REQUIRED,待資料負責人確認,UNKNOWN,NOT_ESTABLISHED,,,UNKNOWN_NOT_APPLICABLE_OR_NOT_RECORDED; DO_NOT_IMPUTE_ZERO,UNASSIGNED,PROPOSED_NO_MEASURED_ROI
reports/2026-10-04/cross_document_consistency/tables/mark_crosswalk.csv,mark_crosswalk,10,doc_source_url,HISTORICAL_REPORT_OUTPUT,fd959ac1ac428ef56631dbeee42d3f312eb5c93963902e15a7e1d018db773f83,149,60,66,尚未完成欄位語義核實；需來源業務定義、單位、粒度與用途,UNRESOLVED,,REVIEW_REQUIRED,待資料負責人確認,UNKNOWN,NOT_ESTABLISHED,,,UNKNOWN_NOT_APPLICABLE_OR_NOT_RECORDED; DO_NOT_IMPUTE_ZERO,UNASSIGNED,PROPOSED_NO_MEASURED_ROI
reports/2026-10-04/cross_document_consistency/tables/mark_crosswalk.csv,mark_crosswalk,11,doc_source_line,HISTORICAL_REPORT_OUTPUT,fd959ac1ac428ef56631dbeee42d3f312eb5c93963902e15a7e1d018db773f83,149,60,66,尚未完成欄位語義核實；需來源業務定義、單位、粒度與用途,UNRESOLVED,,REVIEW_REQUIRED,待資料負責人確認,UNKNOWN,NOT_ESTABLISHED,,,UNKNOWN_NOT_APPLICABLE_OR_NOT_RECORDED; DO_NOT_IMPUTE_ZERO,UNASSIGNED,PROPOSED_NO_MEASURED_ROI
reports/2026-10-04/cross_document_consistency/tables/mark_crosswalk.csv,mark_crosswalk,12,doc_source_basis,HISTORICAL_REPORT_OUTPUT,fd959ac1ac428ef56631dbeee42d3f312eb5c93963902e15a7e1d018db773f83,149,60,69,尚未完成欄位語義核實；需來源業務定義、單位、粒度與用途,UNRESOLVED,,REVIEW_REQUIRED,待資料負責人確認,UNKNOWN,NOT_ESTABLISHED,,,UNKNOWN_NOT_APPLICABLE_OR_NOT_RECORDED; DO_NOT_IMPUTE_ZERO,UNASSIGNED,PROPOSED_NO_MEASURED_ROI
reports/2026-10-04/cross_document_consistency/tables/mark_crosswalk.csv,mark_crosswalk,13,proposal,HISTORICAL_REPORT_OUTPUT,fd959ac1ac428ef56631dbeee42d3f312eb5c93963902e15a7e1d018db773f83,149,0,2,尚未完成欄位語義核實；需來源業務定義、單位、粒度與用途,UNRESOLVED,,REVIEW_REQUIRED,待資料負責人確認,UNKNOWN,NOT_ESTABLISHED,,,UNKNOWN_NOT_APPLICABLE_OR_NOT_RECORDED; DO_NOT_IMPUTE_ZERO,UNASSIGNED,PROPOSED_NO_MEASURED_ROI
reports/2026-10-04/cross_document_consistency/tables/registry_r2_changes.csv,registry_r2_changes,1,id,HISTORICAL_REPORT_OUTPUT,6688b04d2834a7efca433482fc9315dab73c901a263ffb3c6033794060046322,78,0,78,尚未完成欄位語義核實；需來源業務定義、單位、粒度與用途,UNRESOLVED,,REVIEW_REQUIRED,待資料負責人確認,UNKNOWN,NOT_ESTABLISHED,,,UNKNOWN_NOT_APPLICABLE_OR_NOT_RECORDED; DO_NOT_IMPUTE_ZERO,UNASSIGNED,PROPOSED_NO_MEASURED_ROI
reports/2026-10-04/cross_document_consistency/tables/registry_r2_changes.csv,registry_r2_changes,2,name,HISTORICAL_REPORT_OUTPUT,6688b04d2834a7efca433482fc9315dab73c901a263ffb3c6033794060046322,78,0,78,尚未完成欄位語義核實；需來源業務定義、單位、粒度與用途,UNRESOLVED,,REVIEW_REQUIRED,待資料負責人確認,UNKNOWN,NOT_ESTABLISHED,,,UNKNOWN_NOT_APPLICABLE_OR_NOT_RECORDED; DO_NOT_IMPUTE_ZERO,UNASSIGNED,PROPOSED_NO_MEASURED_ROI
reports/2026-10-04/cross_document_consistency/tables/registry_r2_changes.csv,registry_r2_changes,3,old_status,HISTORICAL_REPORT_OUTPUT,6688b04d2834a7efca433482fc9315dab73c901a263ffb3c6033794060046322,78,0,1,尚未完成欄位語義核實；需來源業務定義、單位、粒度與用途,UNRESOLVED,,REVIEW_REQUIRED,待資料負責人確認,UNKNOWN,NOT_ESTABLISHED,,,UNKNOWN_NOT_APPLICABLE_OR_NOT_RECORDED; DO_NOT_IMPUTE_ZERO,UNASSIGNED,PROPOSED_NO_MEASURED_ROI
reports/2026-10-04/cross_document_consistency/tables/registry_r2_changes.csv,registry_r2_changes,4,new_status,HISTORICAL_REPORT_OUTPUT,6688b04d2834a7efca433482fc9315dab73c901a263ffb3c6033794060046322,78,0,3,尚未完成欄位語義核實；需來源業務定義、單位、粒度與用途,UNRESOLVED,,REVIEW_REQUIRED,待資料負責人確認,UNKNOWN,NOT_ESTABLISHED,,,UNKNOWN_NOT_APPLICABLE_OR_NOT_RECORDED; DO_NOT_IMPUTE_ZERO,UNASSIGNED,PROPOSED_NO_MEASURED_ROI
reports/2026-10-04/cross_document_consistency/tables/registry_r2_changes.csv,registry_r2_changes,5,old_verification_url,HISTORICAL_REPORT_OUTPUT,6688b04d2834a7efca433482fc9315dab73c901a263ffb3c6033794060046322,78,78,0,尚未完成欄位語義核實；需來源業務定義、單位、粒度與用途,UNRESOLVED,,REVIEW_REQUIRED,待資料負責人確認,UNKNOWN,NOT_ESTABLISHED,,,UNKNOWN_NOT_APPLICABLE_OR_NOT_RECORDED; DO_NOT_IMPUTE_ZERO,UNASSIGNED,PROPOSED_NO_MEASURED_ROI
reports/2026-10-04/cross_document_consistency/tables/registry_r2_changes.csv,registry_r2_changes,6,new_verification_url,HISTORICAL_REPORT_OUTPUT,6688b04d2834a7efca433482fc9315dab73c901a263ffb3c6033794060046322,78,4,74,尚未完成欄位語義核實；需來源業務定義、單位、粒度與用途,UNRESOLVED,,REVIEW_REQUIRED,待資料負責人確認,UNKNOWN,NOT_ESTABLISHED,,,UNKNOWN_NOT_APPLICABLE_OR_NOT_RECORDED; DO_NOT_IMPUTE_ZERO,UNASSIGNED,PROPOSED_NO_MEASURED_ROI
reports/2026-10-04/cross_document_consistency/tables/registry_r2_changes.csv,registry_r2_changes,7,review_batch,HISTORICAL_REPORT_OUTPUT,6688b04d2834a7efca433482fc9315dab73c901a263ffb3c6033794060046322,78,0,2,資料首次引入或本次審核的批次標識；不同快照不能直接累加,PROPOSED_CONTEXT_REVIEW,build_semantic_catalog.py: explicit proposed glossary,REVIEW_REQUIRED,版本與批次去重,NOT_APPLICABLE,NOT_ESTABLISHED,,,UNKNOWN_NOT_APPLICABLE_OR_NOT_RECORDED; DO_NOT_IMPUTE_ZERO,UNASSIGNED,PROPOSED_NO_MEASURED_ROI
reports/2026-10-04/cross_document_consistency/tables/registry_r2_changes.csv,registry_r2_changes,8,reviewed_at,HISTORICAL_REPORT_OUTPUT,6688b04d2834a7efca433482fc9315dab73c901a263ffb3c6033794060046322,78,0,1,資料截至／檢查／審核／搜索／取得時間；各欄依操作分別解讀，時區不可猜,PROPOSED_CONTEXT_REVIEW,build_semantic_catalog.py: explicit proposed glossary,REVIEW_REQUIRED,新鮮度與審核時點,SOURCE_DATE_OR_TIMESTAMP,NOT_ESTABLISHED,,,UNKNOWN_NOT_APPLICABLE_OR_NOT_RECORDED; DO_NOT_IMPUTE_ZERO,UNASSIGNED,PROPOSED_NO_MEASURED_ROI
reports/2026-10-04/cross_document_consistency/tables/registry_r3_changes.csv,registry_r3_changes,1,id,HISTORICAL_REPORT_OUTPUT,ee02a0e7ed7eb59419ec0d00cb88adf0d27899b1bb5fd1d415cefec90ae52891,232,0,232,尚未完成欄位語義核實；需來源業務定義、單位、粒度與用途,UNRESOLVED,,REVIEW_REQUIRED,待資料負責人確認,UNKNOWN,NOT_ESTABLISHED,,,UNKNOWN_NOT_APPLICABLE_OR_NOT_RECORDED; DO_NOT_IMPUTE_ZERO,UNASSIGNED,PROPOSED_NO_MEASURED_ROI
reports/2026-10-04/cross_document_consistency/tables/registry_r3_changes.csv,registry_r3_changes,2,name,HISTORICAL_REPORT_OUTPUT,ee02a0e7ed7eb59419ec0d00cb88adf0d27899b1bb5fd1d415cefec90ae52891,232,0,232,尚未完成欄位語義核實；需來源業務定義、單位、粒度與用途,UNRESOLVED,,REVIEW_REQUIRED,待資料負責人確認,UNKNOWN,NOT_ESTABLISHED,,,UNKNOWN_NOT_APPLICABLE_OR_NOT_RECORDED; DO_NOT_IMPUTE_ZERO,UNASSIGNED,PROPOSED_NO_MEASURED_ROI
reports/2026-10-04/cross_document_consistency/tables/registry_r3_changes.csv,registry_r3_changes,3,old_status,HISTORICAL_REPORT_OUTPUT,ee02a0e7ed7eb59419ec0d00cb88adf0d27899b1bb5fd1d415cefec90ae52891,232,0,1,尚未完成欄位語義核實；需來源業務定義、單位、粒度與用途,UNRESOLVED,,REVIEW_REQUIRED,待資料負責人確認,UNKNOWN,NOT_ESTABLISHED,,,UNKNOWN_NOT_APPLICABLE_OR_NOT_RECORDED; DO_NOT_IMPUTE_ZERO,UNASSIGNED,PROPOSED_NO_MEASURED_ROI
reports/2026-10-04/cross_document_consistency/tables/registry_r3_changes.csv,registry_r3_changes,4,new_status,HISTORICAL_REPORT_OUTPUT,ee02a0e7ed7eb59419ec0d00cb88adf0d27899b1bb5fd1d415cefec90ae52891,232,0,3,尚未完成欄位語義核實；需來源業務定義、單位、粒度與用途,UNRESOLVED,,REVIEW_REQUIRED,待資料負責人確認,UNKNOWN,NOT_ESTABLISHED,,,UNKNOWN_NOT_APPLICABLE_OR_NOT_RECORDED; DO_NOT_IMPUTE_ZERO,UNASSIGNED,PROPOSED_NO_MEASURED_ROI
reports/2026-10-04/cross_document_consistency/tables/registry_r3_changes.csv,registry_r3_changes,5,old_verification_url,HISTORICAL_REPORT_OUTPUT,ee02a0e7ed7eb59419ec0d00cb88adf0d27899b1bb5fd1d415cefec90ae52891,232,232,0,尚未完成欄位語義核實；需來源業務定義、單位、粒度與用途,UNRESOLVED,,REVIEW_REQUIRED,待資料負責人確認,UNKNOWN,NOT_ESTABLISHED,,,UNKNOWN_NOT_APPLICABLE_OR_NOT_RECORDED; DO_NOT_IMPUTE_ZERO,UNASSIGNED,PROPOSED_NO_MEASURED_ROI
reports/2026-10-04/cross_document_consistency/tables/registry_r3_changes.csv,registry_r3_changes,6,new_verification_url,HISTORICAL_REPORT_OUTPUT,ee02a0e7ed7eb59419ec0d00cb88adf0d27899b1bb5fd1d415cefec90ae52891,232,24,208,尚未完成欄位語義核實；需來源業務定義、單位、粒度與用途,UNRESOLVED,,REVIEW_REQUIRED,待資料負責人確認,UNKNOWN,NOT_ESTABLISHED,,,UNKNOWN_NOT_APPLICABLE_OR_NOT_RECORDED; DO_NOT_IMPUTE_ZERO,UNASSIGNED,PROPOSED_NO_MEASURED_ROI
reports/2026-10-04/cross_document_consistency/tables/registry_r3_changes.csv,registry_r3_changes,7,review_batch,HISTORICAL_REPORT_OUTPUT,ee02a0e7ed7eb59419ec0d00cb88adf0d27899b1bb5fd1d415cefec90ae52891,232,0,3,資料首次引入或本次審核的批次標識；不同快照不能直接累加,PROPOSED_CONTEXT_REVIEW,build_semantic_catalog.py: explicit proposed glossary,REVIEW_REQUIRED,版本與批次去重,NOT_APPLICABLE,NOT_ESTABLISHED,,,UNKNOWN_NOT_APPLICABLE_OR_NOT_RECORDED; DO_NOT_IMPUTE_ZERO,UNASSIGNED,PROPOSED_NO_MEASURED_ROI
reports/2026-10-04/cross_document_consistency/tables/registry_r3_changes.csv,registry_r3_changes,8,reviewed_at,HISTORICAL_REPORT_OUTPUT,ee02a0e7ed7eb59419ec0d00cb88adf0d27899b1bb5fd1d415cefec90ae52891,232,0,1,資料截至／檢查／審核／搜索／取得時間；各欄依操作分別解讀，時區不可猜,PROPOSED_CONTEXT_REVIEW,build_semantic_catalog.py: explicit proposed glossary,REVIEW_REQUIRED,新鮮度與審核時點,SOURCE_DATE_OR_TIMESTAMP,NOT_ESTABLISHED,,,UNKNOWN_NOT_APPLICABLE_OR_NOT_RECORDED; DO_NOT_IMPUTE_ZERO,UNASSIGNED,PROPOSED_NO_MEASURED_ROI
reports/2026-10-04/cross_document_consistency/tables/registry_r4_changes.csv,registry_r4_changes,1,id,HISTORICAL_REPORT_OUTPUT,2df762b02fccadb6c7bd82ef299b2460f18f44cb5e16cde4989087a2066bc95a,239,0,239,尚未完成欄位語義核實；需來源業務定義、單位、粒度與用途,UNRESOLVED,,REVIEW_REQUIRED,待資料負責人確認,UNKNOWN,NOT_ESTABLISHED,,,UNKNOWN_NOT_APPLICABLE_OR_NOT_RECORDED; DO_NOT_IMPUTE_ZERO,UNASSIGNED,PROPOSED_NO_MEASURED_ROI
reports/2026-10-04/cross_document_consistency/tables/registry_r4_changes.csv,registry_r4_changes,2,name,HISTORICAL_REPORT_OUTPUT,2df762b02fccadb6c7bd82ef299b2460f18f44cb5e16cde4989087a2066bc95a,239,0,239,尚未完成欄位語義核實；需來源業務定義、單位、粒度與用途,UNRESOLVED,,REVIEW_REQUIRED,待資料負責人確認,UNKNOWN,NOT_ESTABLISHED,,,UNKNOWN_NOT_APPLICABLE_OR_NOT_RECORDED; DO_NOT_IMPUTE_ZERO,UNASSIGNED,PROPOSED_NO_MEASURED_ROI
reports/2026-10-04/cross_document_consistency/tables/registry_r4_changes.csv,registry_r4_changes,3,old_status,HISTORICAL_REPORT_OUTPUT,2df762b02fccadb6c7bd82ef299b2460f18f44cb5e16cde4989087a2066bc95a,239,0,2,尚未完成欄位語義核實；需來源業務定義、單位、粒度與用途,UNRESOLVED,,REVIEW_REQUIRED,待資料負責人確認,UNKNOWN,NOT_ESTABLISHED,,,UNKNOWN_NOT_APPLICABLE_OR_NOT_RECORDED; DO_NOT_IMPUTE_ZERO,UNASSIGNED,PROPOSED_NO_MEASURED_ROI
reports/2026-10-04/cross_document_consistency/tables/registry_r4_changes.csv,registry_r4_changes,4,new_status,HISTORICAL_REPORT_OUTPUT,2df762b02fccadb6c7bd82ef299b2460f18f44cb5e16cde4989087a2066bc95a,239,0,3,尚未完成欄位語義核實；需來源業務定義、單位、粒度與用途,UNRESOLVED,,REVIEW_REQUIRED,待資料負責人確認,UNKNOWN,NOT_ESTABLISHED,,,UNKNOWN_NOT_APPLICABLE_OR_NOT_RECORDED; DO_NOT_IMPUTE_ZERO,UNASSIGNED,PROPOSED_NO_MEASURED_ROI
reports/2026-10-04/cross_document_consistency/tables/registry_r4_changes.csv,registry_r4_changes,5,old_verification_url,HISTORICAL_REPORT_OUTPUT,2df762b02fccadb6c7bd82ef299b2460f18f44cb5e16cde4989087a2066bc95a,239,238,1,尚未完成欄位語義核實；需來源業務定義、單位、粒度與用途,UNRESOLVED,,REVIEW_REQUIRED,待資料負責人確認,UNKNOWN,NOT_ESTABLISHED,,,UNKNOWN_NOT_APPLICABLE_OR_NOT_RECORDED; DO_NOT_IMPUTE_ZERO,UNASSIGNED,PROPOSED_NO_MEASURED_ROI
reports/2026-10-04/cross_document_consistency/tables/registry_r4_changes.csv,registry_r4_changes,6,new_verification_url,HISTORICAL_REPORT_OUTPUT,2df762b02fccadb6c7bd82ef299b2460f18f44cb5e16cde4989087a2066bc95a,239,22,217,尚未完成欄位語義核實；需來源業務定義、單位、粒度與用途,UNRESOLVED,,REVIEW_REQUIRED,待資料負責人確認,UNKNOWN,NOT_ESTABLISHED,,,UNKNOWN_NOT_APPLICABLE_OR_NOT_RECORDED; DO_NOT_IMPUTE_ZERO,UNASSIGNED,PROPOSED_NO_MEASURED_ROI
reports/2026-10-04/cross_document_consistency/tables/registry_r4_changes.csv,registry_r4_changes,7,review_batch,HISTORICAL_REPORT_OUTPUT,2df762b02fccadb6c7bd82ef299b2460f18f44cb5e16cde4989087a2066bc95a,239,0,7,資料首次引入或本次審核的批次標識；不同快照不能直接累加,PROPOSED_CONTEXT_REVIEW,build_semantic_catalog.py: explicit proposed glossary,REVIEW_REQUIRED,版本與批次去重,NOT_APPLICABLE,NOT_ESTABLISHED,,,UNKNOWN_NOT_APPLICABLE_OR_NOT_RECORDED; DO_NOT_IMPUTE_ZERO,UNASSIGNED,PROPOSED_NO_MEASURED_ROI
reports/2026-10-04/cross_document_consistency/tables/registry_r4_changes.csv,registry_r4_changes,8,reviewed_at,HISTORICAL_REPORT_OUTPUT,2df762b02fccadb6c7bd82ef299b2460f18f44cb5e16cde4989087a2066bc95a,239,0,1,資料截至／檢查／審核／搜索／取得時間；各欄依操作分別解讀，時區不可猜,PROPOSED_CONTEXT_REVIEW,build_semantic_catalog.py: explicit proposed glossary,REVIEW_REQUIRED,新鮮度與審核時點,SOURCE_DATE_OR_TIMESTAMP,NOT_ESTABLISHED,,,UNKNOWN_NOT_APPLICABLE_OR_NOT_RECORDED; DO_NOT_IMPUTE_ZERO,UNASSIGNED,PROPOSED_NO_MEASURED_ROI
reports/2026-10-04/cross_document_consistency/tables/registry_r5_changes.csv,registry_r5_changes,1,id,HISTORICAL_REPORT_OUTPUT,cb35296d014ed8ee94c6045a2690976c8c6ea1211602c79abf8741a121762fa5,240,0,240,尚未完成欄位語義核實；需來源業務定義、單位、粒度與用途,UNRESOLVED,,REVIEW_REQUIRED,待資料負責人確認,UNKNOWN,NOT_ESTABLISHED,,,UNKNOWN_NOT_APPLICABLE_OR_NOT_RECORDED; DO_NOT_IMPUTE_ZERO,UNASSIGNED,PROPOSED_NO_MEASURED_ROI
reports/2026-10-04/cross_document_consistency/tables/registry_r5_changes.csv,registry_r5_changes,2,name,HISTORICAL_REPORT_OUTPUT,cb35296d014ed8ee94c6045a2690976c8c6ea1211602c79abf8741a121762fa5,240,0,240,尚未完成欄位語義核實；需來源業務定義、單位、粒度與用途,UNRESOLVED,,REVIEW_REQUIRED,待資料負責人確認,UNKNOWN,NOT_ESTABLISHED,,,UNKNOWN_NOT_APPLICABLE_OR_NOT_RECORDED; DO_NOT_IMPUTE_ZERO,UNASSIGNED,PROPOSED_NO_MEASURED_ROI
reports/2026-10-04/cross_document_consistency/tables/registry_r5_changes.csv,registry_r5_changes,3,old_status,HISTORICAL_REPORT_OUTPUT,cb35296d014ed8ee94c6045a2690976c8c6ea1211602c79abf8741a121762fa5,240,0,2,尚未完成欄位語義核實；需來源業務定義、單位、粒度與用途,UNRESOLVED,,REVIEW_REQUIRED,待資料負責人確認,UNKNOWN,NOT_ESTABLISHED,,,UNKNOWN_NOT_APPLICABLE_OR_NOT_RECORDED; DO_NOT_IMPUTE_ZERO,UNASSIGNED,PROPOSED_NO_MEASURED_ROI
reports/2026-10-04/cross_document_consistency/tables/registry_r5_changes.csv,registry_r5_changes,4,new_status,HISTORICAL_REPORT_OUTPUT,cb35296d014ed8ee94c6045a2690976c8c6ea1211602c79abf8741a121762fa5,240,0,3,尚未完成欄位語義核實；需來源業務定義、單位、粒度與用途,UNRESOLVED,,REVIEW_REQUIRED,待資料負責人確認,UNKNOWN,NOT_ESTABLISHED,,,UNKNOWN_NOT_APPLICABLE_OR_NOT_RECORDED; DO_NOT_IMPUTE_ZERO,UNASSIGNED,PROPOSED_NO_MEASURED_ROI
reports/2026-10-04/cross_document_consistency/tables/registry_r5_changes.csv,registry_r5_changes,5,old_verification_url,HISTORICAL_REPORT_OUTPUT,cb35296d014ed8ee94c6045a2690976c8c6ea1211602c79abf8741a121762fa5,240,239,1,尚未完成欄位語義核實；需來源業務定義、單位、粒度與用途,UNRESOLVED,,REVIEW_REQUIRED,待資料負責人確認,UNKNOWN,NOT_ESTABLISHED,,,UNKNOWN_NOT_APPLICABLE_OR_NOT_RECORDED; DO_NOT_IMPUTE_ZERO,UNASSIGNED,PROPOSED_NO_MEASURED_ROI
reports/2026-10-04/cross_document_consistency/tables/registry_r5_changes.csv,registry_r5_changes,6,new_verification_url,HISTORICAL_REPORT_OUTPUT,cb35296d014ed8ee94c6045a2690976c8c6ea1211602c79abf8741a121762fa5,240,7,232,尚未完成欄位語義核實；需來源業務定義、單位、粒度與用途,UNRESOLVED,,REVIEW_REQUIRED,待資料負責人確認,UNKNOWN,NOT_ESTABLISHED,,,UNKNOWN_NOT_APPLICABLE_OR_NOT_RECORDED; DO_NOT_IMPUTE_ZERO,UNASSIGNED,PROPOSED_NO_MEASURED_ROI
reports/2026-10-04/cross_document_consistency/tables/registry_r5_changes.csv,registry_r5_changes,7,review_batch,HISTORICAL_REPORT_OUTPUT,cb35296d014ed8ee94c6045a2690976c8c6ea1211602c79abf8741a121762fa5,240,0,10,資料首次引入或本次審核的批次標識；不同快照不能直接累加,PROPOSED_CONTEXT_REVIEW,build_semantic_catalog.py: explicit proposed glossary,REVIEW_REQUIRED,版本與批次去重,NOT_APPLICABLE,NOT_ESTABLISHED,,,UNKNOWN_NOT_APPLICABLE_OR_NOT_RECORDED; DO_NOT_IMPUTE_ZERO,UNASSIGNED,PROPOSED_NO_MEASURED_ROI
reports/2026-10-04/cross_document_consistency/tables/registry_r5_changes.csv,registry_r5_changes,8,reviewed_at,HISTORICAL_REPORT_OUTPUT,cb35296d014ed8ee94c6045a2690976c8c6ea1211602c79abf8741a121762fa5,240,0,1,資料截至／檢查／審核／搜索／取得時間；各欄依操作分別解讀，時區不可猜,PROPOSED_CONTEXT_REVIEW,build_semantic_catalog.py: explicit proposed glossary,REVIEW_REQUIRED,新鮮度與審核時點,SOURCE_DATE_OR_TIMESTAMP,NOT_ESTABLISHED,,,UNKNOWN_NOT_APPLICABLE_OR_NOT_RECORDED; DO_NOT_IMPUTE_ZERO,UNASSIGNED,PROPOSED_NO_MEASURED_ROI
reports/2026-10-04/cross_document_consistency/tables/registry_r6_changes.csv,registry_r6_changes,1,id,HISTORICAL_REPORT_OUTPUT,d6afb0caf039d34a7e256bc35215ac88c8d00433936f5e927ff61abfebfb8edf,331,0,331,尚未完成欄位語義核實；需來源業務定義、單位、粒度與用途,UNRESOLVED,,REVIEW_REQUIRED,待資料負責人確認,UNKNOWN,NOT_ESTABLISHED,,,UNKNOWN_NOT_APPLICABLE_OR_NOT_RECORDED; DO_NOT_IMPUTE_ZERO,UNASSIGNED,PROPOSED_NO_MEASURED_ROI
reports/2026-10-04/cross_document_consistency/tables/registry_r6_changes.csv,registry_r6_changes,2,name,HISTORICAL_REPORT_OUTPUT,d6afb0caf039d34a7e256bc35215ac88c8d00433936f5e927ff61abfebfb8edf,331,0,331,尚未完成欄位語義核實；需來源業務定義、單位、粒度與用途,UNRESOLVED,,REVIEW_REQUIRED,待資料負責人確認,UNKNOWN,NOT_ESTABLISHED,,,UNKNOWN_NOT_APPLICABLE_OR_NOT_RECORDED; DO_NOT_IMPUTE_ZERO,UNASSIGNED,PROPOSED_NO_MEASURED_ROI
reports/2026-10-04/cross_document_consistency/tables/registry_r6_changes.csv,registry_r6_changes,3,old_status,HISTORICAL_REPORT_OUTPUT,d6afb0caf039d34a7e256bc35215ac88c8d00433936f5e927ff61abfebfb8edf,331,0,2,尚未完成欄位語義核實；需來源業務定義、單位、粒度與用途,UNRESOLVED,,REVIEW_REQUIRED,待資料負責人確認,UNKNOWN,NOT_ESTABLISHED,,,UNKNOWN_NOT_APPLICABLE_OR_NOT_RECORDED; DO_NOT_IMPUTE_ZERO,UNASSIGNED,PROPOSED_NO_MEASURED_ROI
reports/2026-10-04/cross_document_consistency/tables/registry_r6_changes.csv,registry_r6_changes,4,new_status,HISTORICAL_REPORT_OUTPUT,d6afb0caf039d34a7e256bc35215ac88c8d00433936f5e927ff61abfebfb8edf,331,0,3,尚未完成欄位語義核實；需來源業務定義、單位、粒度與用途,UNRESOLVED,,REVIEW_REQUIRED,待資料負責人確認,UNKNOWN,NOT_ESTABLISHED,,,UNKNOWN_NOT_APPLICABLE_OR_NOT_RECORDED; DO_NOT_IMPUTE_ZERO,UNASSIGNED,PROPOSED_NO_MEASURED_ROI
reports/2026-10-04/cross_document_consistency/tables/registry_r6_changes.csv,registry_r6_changes,5,old_verification_url,HISTORICAL_REPORT_OUTPUT,d6afb0caf039d34a7e256bc35215ac88c8d00433936f5e927ff61abfebfb8edf,331,330,1,尚未完成欄位語義核實；需來源業務定義、單位、粒度與用途,UNRESOLVED,,REVIEW_REQUIRED,待資料負責人確認,UNKNOWN,NOT_ESTABLISHED,,,UNKNOWN_NOT_APPLICABLE_OR_NOT_RECORDED; DO_NOT_IMPUTE_ZERO,UNASSIGNED,PROPOSED_NO_MEASURED_ROI
reports/2026-10-04/cross_document_consistency/tables/registry_r6_changes.csv,registry_r6_changes,6,new_verification_url,HISTORICAL_REPORT_OUTPUT,d6afb0caf039d34a7e256bc35215ac88c8d00433936f5e927ff61abfebfb8edf,331,20,310,尚未完成欄位語義核實；需來源業務定義、單位、粒度與用途,UNRESOLVED,,REVIEW_REQUIRED,待資料負責人確認,UNKNOWN,NOT_ESTABLISHED,,,UNKNOWN_NOT_APPLICABLE_OR_NOT_RECORDED; DO_NOT_IMPUTE_ZERO,UNASSIGNED,PROPOSED_NO_MEASURED_ROI
reports/2026-10-04/cross_document_consistency/tables/registry_r6_changes.csv,registry_r6_changes,7,review_batch,HISTORICAL_REPORT_OUTPUT,d6afb0caf039d34a7e256bc35215ac88c8d00433936f5e927ff61abfebfb8edf,331,0,13,資料首次引入或本次審核的批次標識；不同快照不能直接累加,PROPOSED_CONTEXT_REVIEW,build_semantic_catalog.py: explicit proposed glossary,REVIEW_REQUIRED,版本與批次去重,NOT_APPLICABLE,NOT_ESTABLISHED,,,UNKNOWN_NOT_APPLICABLE_OR_NOT_RECORDED; DO_NOT_IMPUTE_ZERO,UNASSIGNED,PROPOSED_NO_MEASURED_ROI
reports/2026-10-04/cross_document_consistency/tables/registry_r6_changes.csv,registry_r6_changes,8,reviewed_at,HISTORICAL_REPORT_OUTPUT,d6afb0caf039d34a7e256bc35215ac88c8d00433936f5e927ff61abfebfb8edf,331,0,1,資料截至／檢查／審核／搜索／取得時間；各欄依操作分別解讀，時區不可猜,PROPOSED_CONTEXT_REVIEW,build_semantic_catalog.py: explicit proposed glossary,REVIEW_REQUIRED,新鮮度與審核時點,SOURCE_DATE_OR_TIMESTAMP,NOT_ESTABLISHED,,,UNKNOWN_NOT_APPLICABLE_OR_NOT_RECORDED; DO_NOT_IMPUTE_ZERO,UNASSIGNED,PROPOSED_NO_MEASURED_ROI
reports/2026-10-04/cross_document_consistency/tables/u_review_batch01.csv,u_review_batch01,1,id,HISTORICAL_REPORT_OUTPUT,2ce4a8b5cfaf6f0d2a76049dfb96d49c30eb4b0e95d958e4e9355fe453f2eb2f,22,0,22,尚未完成欄位語義核實；需來源業務定義、單位、粒度與用途,UNRESOLVED,,REVIEW_REQUIRED,待資料負責人確認,UNKNOWN,NOT_ESTABLISHED,,,UNKNOWN_NOT_APPLICABLE_OR_NOT_RECORDED; DO_NOT_IMPUTE_ZERO,UNASSIGNED,PROPOSED_NO_MEASURED_ROI
reports/2026-10-04/cross_document_consistency/tables/u_review_batch01.csv,u_review_batch01,2,name,HISTORICAL_REPORT_OUTPUT,2ce4a8b5cfaf6f0d2a76049dfb96d49c30eb4b0e95d958e4e9355fe453f2eb2f,22,0,22,尚未完成欄位語義核實；需來源業務定義、單位、粒度與用途,UNRESOLVED,,REVIEW_REQUIRED,待資料負責人確認,UNKNOWN,NOT_ESTABLISHED,,,UNKNOWN_NOT_APPLICABLE_OR_NOT_RECORDED; DO_NOT_IMPUTE_ZERO,UNASSIGNED,PROPOSED_NO_MEASURED_ROI
reports/2026-10-04/cross_document_consistency/tables/u_review_batch01.csv,u_review_batch01,3,prior_status,HISTORICAL_REPORT_OUTPUT,2ce4a8b5cfaf6f0d2a76049dfb96d49c30eb4b0e95d958e4e9355fe453f2eb2f,22,0,1,尚未完成欄位語義核實；需來源業務定義、單位、粒度與用途,UNRESOLVED,,REVIEW_REQUIRED,待資料負責人確認,UNKNOWN,NOT_ESTABLISHED,,,UNKNOWN_NOT_APPLICABLE_OR_NOT_RECORDED; DO_NOT_IMPUTE_ZERO,UNASSIGNED,PROPOSED_NO_MEASURED_ROI
reports/2026-10-04/cross_document_consistency/tables/u_review_batch01.csv,u_review_batch01,4,proposed_status,HISTORICAL_REPORT_OUTPUT,2ce4a8b5cfaf6f0d2a76049dfb96d49c30eb4b0e95d958e4e9355fe453f2eb2f,22,0,3,尚未完成欄位語義核實；需來源業務定義、單位、粒度與用途,UNRESOLVED,,REVIEW_REQUIRED,待資料負責人確認,UNKNOWN,NOT_ESTABLISHED,,,UNKNOWN_NOT_APPLICABLE_OR_NOT_RECORDED; DO_NOT_IMPUTE_ZERO,UNASSIGNED,PROPOSED_NO_MEASURED_ROI
reports/2026-10-04/cross_document_consistency/tables/u_review_batch01.csv,u_review_batch01,5,finding,HISTORICAL_REPORT_OUTPUT,2ce4a8b5cfaf6f0d2a76049dfb96d49c30eb4b0e95d958e4e9355fe453f2eb2f,22,0,22,尚未完成欄位語義核實；需來源業務定義、單位、粒度與用途,UNRESOLVED,,REVIEW_REQUIRED,待資料負責人確認,UNKNOWN,NOT_ESTABLISHED,,,UNKNOWN_NOT_APPLICABLE_OR_NOT_RECORDED; DO_NOT_IMPUTE_ZERO,UNASSIGNED,PROPOSED_NO_MEASURED_ROI
reports/2026-10-04/cross_document_consistency/tables/u_review_batch01.csv,u_review_batch01,6,primary_url,HISTORICAL_REPORT_OUTPUT,2ce4a8b5cfaf6f0d2a76049dfb96d49c30eb4b0e95d958e4e9355fe453f2eb2f,22,1,21,來源位址、檔案或行號；連結存在不代表內容可讀或支持主張,PROPOSED_CONTEXT_REVIEW,build_semantic_catalog.py: explicit proposed glossary,REVIEW_REQUIRED,證據定位,NOT_APPLICABLE,NOT_ESTABLISHED,,,UNKNOWN_NOT_APPLICABLE_OR_NOT_RECORDED; DO_NOT_IMPUTE_ZERO,UNASSIGNED,PROPOSED_NO_MEASURED_ROI
reports/2026-10-04/cross_document_consistency/tables/u_review_batch01.csv,u_review_batch01,7,secondary_url,HISTORICAL_REPORT_OUTPUT,2ce4a8b5cfaf6f0d2a76049dfb96d49c30eb4b0e95d958e4e9355fe453f2eb2f,22,8,14,尚未完成欄位語義核實；需來源業務定義、單位、粒度與用途,UNRESOLVED,,REVIEW_REQUIRED,待資料負責人確認,UNKNOWN,NOT_ESTABLISHED,,,UNKNOWN_NOT_APPLICABLE_OR_NOT_RECORDED; DO_NOT_IMPUTE_ZERO,UNASSIGNED,PROPOSED_NO_MEASURED_ROI
reports/2026-10-04/cross_document_consistency/tables/u_review_batch01.csv,u_review_batch01,8,evidence_type,HISTORICAL_REPORT_OUTPUT,2ce4a8b5cfaf6f0d2a76049dfb96d49c30eb4b0e95d958e4e9355fe453f2eb2f,22,0,11,尚未完成欄位語義核實；需來源業務定義、單位、粒度與用途,UNRESOLVED,,REVIEW_REQUIRED,待資料負責人確認,UNKNOWN,NOT_ESTABLISHED,,,UNKNOWN_NOT_APPLICABLE_OR_NOT_RECORDED; DO_NOT_IMPUTE_ZERO,UNASSIGNED,PROPOSED_NO_MEASURED_ROI
reports/2026-10-04/cross_document_consistency/tables/u_review_batch01.csv,u_review_batch01,9,checked_on,HISTORICAL_REPORT_OUTPUT,2ce4a8b5cfaf6f0d2a76049dfb96d49c30eb4b0e95d958e4e9355fe453f2eb2f,22,0,1,資料截至／檢查／審核／搜索／取得時間；各欄依操作分別解讀，時區不可猜,PROPOSED_CONTEXT_REVIEW,build_semantic_catalog.py: explicit proposed glossary,REVIEW_REQUIRED,新鮮度與審核時點,SOURCE_DATE_OR_TIMESTAMP,NOT_ESTABLISHED,,,UNKNOWN_NOT_APPLICABLE_OR_NOT_RECORDED; DO_NOT_IMPUTE_ZERO,UNASSIGNED,PROPOSED_NO_MEASURED_ROI
reports/2026-10-04/cross_document_consistency/tables/u_review_batch01.csv,u_review_batch01,10,limits,HISTORICAL_REPORT_OUTPUT,2ce4a8b5cfaf6f0d2a76049dfb96d49c30eb4b0e95d958e4e9355fe453f2eb2f,22,0,22,尚未完成欄位語義核實；需來源業務定義、單位、粒度與用途,UNRESOLVED,,REVIEW_REQUIRED,待資料負責人確認,UNKNOWN,NOT_ESTABLISHED,,,UNKNOWN_NOT_APPLICABLE_OR_NOT_RECORDED; DO_NOT_IMPUTE_ZERO,UNASSIGNED,PROPOSED_NO_MEASURED_ROI
reports/2026-10-04/cross_document_consistency/tables/u_review_batch02_adjudication.csv,u_review_batch02_adjudication,1,registry_id,HISTORICAL_REPORT_OUTPUT,57eba173fa207970892c4d3643e624a4fce4eb67d754bd45aa1e92860bc97037,154,0,154,尚未完成欄位語義核實；需來源業務定義、單位、粒度與用途,UNRESOLVED,,REVIEW_REQUIRED,待資料負責人確認,UNKNOWN,NOT_ESTABLISHED,,,UNKNOWN_NOT_APPLICABLE_OR_NOT_RECORDED; DO_NOT_IMPUTE_ZERO,UNASSIGNED,PROPOSED_NO_MEASURED_ROI
reports/2026-10-04/cross_document_consistency/tables/u_review_batch02_adjudication.csv,u_review_batch02_adjudication,2,registry_name,HISTORICAL_REPORT_OUTPUT,57eba173fa207970892c4d3643e624a4fce4eb67d754bd45aa1e92860bc97037,154,0,154,尚未完成欄位語義核實；需來源業務定義、單位、粒度與用途,UNRESOLVED,,REVIEW_REQUIRED,待資料負責人確認,UNKNOWN,NOT_ESTABLISHED,,,UNKNOWN_NOT_APPLICABLE_OR_NOT_RECORDED; DO_NOT_IMPUTE_ZERO,UNASSIGNED,PROPOSED_NO_MEASURED_ROI
reports/2026-10-04/cross_document_consistency/tables/u_review_batch02_adjudication.csv,u_review_batch02_adjudication,3,prior_status,HISTORICAL_REPORT_OUTPUT,57eba173fa207970892c4d3643e624a4fce4eb67d754bd45aa1e92860bc97037,154,0,1,尚未完成欄位語義核實；需來源業務定義、單位、粒度與用途,UNRESOLVED,,REVIEW_REQUIRED,待資料負責人確認,UNKNOWN,NOT_ESTABLISHED,,,UNKNOWN_NOT_APPLICABLE_OR_NOT_RECORDED; DO_NOT_IMPUTE_ZERO,UNASSIGNED,PROPOSED_NO_MEASURED_ROI
reports/2026-10-04/cross_document_consistency/tables/u_review_batch02_adjudication.csv,u_review_batch02_adjudication,4,final_status,HISTORICAL_REPORT_OUTPUT,57eba173fa207970892c4d3643e624a4fce4eb67d754bd45aa1e92860bc97037,154,0,3,尚未完成欄位語義核實；需來源業務定義、單位、粒度與用途,UNRESOLVED,,REVIEW_REQUIRED,待資料負責人確認,UNKNOWN,NOT_ESTABLISHED,,,UNKNOWN_NOT_APPLICABLE_OR_NOT_RECORDED; DO_NOT_IMPUTE_ZERO,UNASSIGNED,PROPOSED_NO_MEASURED_ROI
reports/2026-10-04/cross_document_consistency/tables/u_review_batch02_adjudication.csv,u_review_batch02_adjudication,5,basis,HISTORICAL_REPORT_OUTPUT,57eba173fa207970892c4d3643e624a4fce4eb67d754bd45aa1e92860bc97037,154,0,2,尚未完成欄位語義核實；需來源業務定義、單位、粒度與用途,UNRESOLVED,,REVIEW_REQUIRED,待資料負責人確認,UNKNOWN,NOT_ESTABLISHED,,,UNKNOWN_NOT_APPLICABLE_OR_NOT_RECORDED; DO_NOT_IMPUTE_ZERO,UNASSIGNED,PROPOSED_NO_MEASURED_ROI
reports/2026-10-04/cross_document_consistency/tables/u_review_batch02_adjudication.csv,u_review_batch02_adjudication,6,evidence_url,HISTORICAL_REPORT_OUTPUT,57eba173fa207970892c4d3643e624a4fce4eb67d754bd45aa1e92860bc97037,154,0,154,來源位址、檔案或行號；連結存在不代表內容可讀或支持主張,PROPOSED_CONTEXT_REVIEW,build_semantic_catalog.py: explicit proposed glossary,REVIEW_REQUIRED,證據定位,NOT_APPLICABLE,NOT_ESTABLISHED,,,UNKNOWN_NOT_APPLICABLE_OR_NOT_RECORDED; DO_NOT_IMPUTE_ZERO,UNASSIGNED,PROPOSED_NO_MEASURED_ROI
reports/2026-10-04/cross_document_consistency/tables/u_review_batch02_adjudication.csv,u_review_batch02_adjudication,7,cited_url,HISTORICAL_REPORT_OUTPUT,57eba173fa207970892c4d3643e624a4fce4eb67d754bd45aa1e92860bc97037,154,0,154,尚未完成欄位語義核實；需來源業務定義、單位、粒度與用途,UNRESOLVED,,REVIEW_REQUIRED,待資料負責人確認,UNKNOWN,NOT_ESTABLISHED,,,UNKNOWN_NOT_APPLICABLE_OR_NOT_RECORDED; DO_NOT_IMPUTE_ZERO,UNASSIGNED,PROPOSED_NO_MEASURED_ROI
reports/2026-10-04/cross_document_consistency/tables/u_review_batch02_adjudication.csv,u_review_batch02_adjudication,8,cited_url_http,HISTORICAL_REPORT_OUTPUT,57eba173fa207970892c4d3643e624a4fce4eb67d754bd45aa1e92860bc97037,154,0,8,尚未完成欄位語義核實；需來源業務定義、單位、粒度與用途,UNRESOLVED,,REVIEW_REQUIRED,待資料負責人確認,UNKNOWN,NOT_ESTABLISHED,,,UNKNOWN_NOT_APPLICABLE_OR_NOT_RECORDED; DO_NOT_IMPUTE_ZERO,UNASSIGNED,PROPOSED_NO_MEASURED_ROI
reports/2026-10-04/cross_document_consistency/tables/u_review_batch02_adjudication.csv,u_review_batch02_adjudication,9,note,HISTORICAL_REPORT_OUTPUT,57eba173fa207970892c4d3643e624a4fce4eb67d754bd45aa1e92860bc97037,154,0,147,尚未完成欄位語義核實；需來源業務定義、單位、粒度與用途,UNRESOLVED,,REVIEW_REQUIRED,待資料負責人確認,UNKNOWN,NOT_ESTABLISHED,,,UNKNOWN_NOT_APPLICABLE_OR_NOT_RECORDED; DO_NOT_IMPUTE_ZERO,UNASSIGNED,PROPOSED_NO_MEASURED_ROI
reports/2026-10-04/cross_document_consistency/tables/u_review_batch02_adjudication.csv,u_review_batch02_adjudication,10,checked_at,HISTORICAL_REPORT_OUTPUT,57eba173fa207970892c4d3643e624a4fce4eb67d754bd45aa1e92860bc97037,154,0,41,資料截至／檢查／審核／搜索／取得時間；各欄依操作分別解讀，時區不可猜,PROPOSED_CONTEXT_REVIEW,build_semantic_catalog.py: explicit proposed glossary,REVIEW_REQUIRED,新鮮度與審核時點,SOURCE_DATE_OR_TIMESTAMP,NOT_ESTABLISHED,,,UNKNOWN_NOT_APPLICABLE_OR_NOT_RECORDED; DO_NOT_IMPUTE_ZERO,UNASSIGNED,PROPOSED_NO_MEASURED_ROI
reports/2026-10-04/cross_document_consistency/tables/u_review_batch02_checks.csv,u_review_batch02_checks,1,registry_id,HISTORICAL_REPORT_OUTPUT,5d3b021a7e7347aff0c08eb83c43b5b7b0cf167d8e2c7574aff105c5e9acbf96,154,0,154,尚未完成欄位語義核實；需來源業務定義、單位、粒度與用途,UNRESOLVED,,REVIEW_REQUIRED,待資料負責人確認,UNKNOWN,NOT_ESTABLISHED,,,UNKNOWN_NOT_APPLICABLE_OR_NOT_RECORDED; DO_NOT_IMPUTE_ZERO,UNASSIGNED,PROPOSED_NO_MEASURED_ROI
reports/2026-10-04/cross_document_consistency/tables/u_review_batch02_checks.csv,u_review_batch02_checks,2,url,HISTORICAL_REPORT_OUTPUT,5d3b021a7e7347aff0c08eb83c43b5b7b0cf167d8e2c7574aff105c5e9acbf96,154,0,154,來源位址、檔案或行號；連結存在不代表內容可讀或支持主張,PROPOSED_CONTEXT_REVIEW,build_semantic_catalog.py: explicit proposed glossary,REVIEW_REQUIRED,證據定位,NOT_APPLICABLE,NOT_ESTABLISHED,,,UNKNOWN_NOT_APPLICABLE_OR_NOT_RECORDED; DO_NOT_IMPUTE_ZERO,UNASSIGNED,PROPOSED_NO_MEASURED_ROI
reports/2026-10-04/cross_document_consistency/tables/u_review_batch02_checks.csv,u_review_batch02_checks,3,http_status,HISTORICAL_REPORT_OUTPUT,5d3b021a7e7347aff0c08eb83c43b5b7b0cf167d8e2c7574aff105c5e9acbf96,154,0,8,尚未完成欄位語義核實；需來源業務定義、單位、粒度與用途,UNRESOLVED,,REVIEW_REQUIRED,待資料負責人確認,UNKNOWN,NOT_ESTABLISHED,,,UNKNOWN_NOT_APPLICABLE_OR_NOT_RECORDED; DO_NOT_IMPUTE_ZERO,UNASSIGNED,PROPOSED_NO_MEASURED_ROI
reports/2026-10-04/cross_document_consistency/tables/u_review_batch02_checks.csv,u_review_batch02_checks,4,final_url,HISTORICAL_REPORT_OUTPUT,5d3b021a7e7347aff0c08eb83c43b5b7b0cf167d8e2c7574aff105c5e9acbf96,154,0,154,尚未完成欄位語義核實；需來源業務定義、單位、粒度與用途,UNRESOLVED,,REVIEW_REQUIRED,待資料負責人確認,UNKNOWN,NOT_ESTABLISHED,,,UNKNOWN_NOT_APPLICABLE_OR_NOT_RECORDED; DO_NOT_IMPUTE_ZERO,UNASSIGNED,PROPOSED_NO_MEASURED_ROI
reports/2026-10-04/cross_document_consistency/tables/u_review_batch02_checks.csv,u_review_batch02_checks,5,title,HISTORICAL_REPORT_OUTPUT,5d3b021a7e7347aff0c08eb83c43b5b7b0cf167d8e2c7574aff105c5e9acbf96,154,18,124,尚未完成欄位語義核實；需來源業務定義、單位、粒度與用途,UNRESOLVED,,REVIEW_REQUIRED,待資料負責人確認,UNKNOWN,NOT_ESTABLISHED,,,UNKNOWN_NOT_APPLICABLE_OR_NOT_RECORDED; DO_NOT_IMPUTE_ZERO,UNASSIGNED,PROPOSED_NO_MEASURED_ROI
reports/2026-10-04/cross_document_consistency/tables/u_review_batch02_checks.csv,u_review_batch02_checks,6,bytes,HISTORICAL_REPORT_OUTPUT,5d3b021a7e7347aff0c08eb83c43b5b7b0cf167d8e2c7574aff105c5e9acbf96,154,0,146,記錄列數或位元組數；不代表機構、資訊或成果數,PROPOSED_CONTEXT_REVIEW,build_semantic_catalog.py: explicit proposed glossary,REVIEW_REQUIRED,完整性与儲存規劃,ROW_OR_BYTE_BY_COLUMN,NOT_ESTABLISHED,,,UNKNOWN_NOT_APPLICABLE_OR_NOT_RECORDED; DO_NOT_IMPUTE_ZERO,UNASSIGNED,PROPOSED_NO_MEASURED_ROI
reports/2026-10-04/cross_document_consistency/tables/u_review_batch02_checks.csv,u_review_batch02_checks,7,sha256,HISTORICAL_REPORT_OUTPUT,5d3b021a7e7347aff0c08eb83c43b5b7b0cf167d8e2c7574aff105c5e9acbf96,154,7,147,內容指紋；完整性核對不能證明內容真實,PROPOSED_CONTEXT_REVIEW,build_semantic_catalog.py: explicit proposed glossary,REVIEW_REQUIRED,版本與變更定位,HASH,NOT_ESTABLISHED,,,UNKNOWN_NOT_APPLICABLE_OR_NOT_RECORDED; DO_NOT_IMPUTE_ZERO,UNASSIGNED,PROPOSED_NO_MEASURED_ROI
reports/2026-10-04/cross_document_consistency/tables/u_review_batch02_checks.csv,u_review_batch02_checks,8,terms_found,HISTORICAL_REPORT_OUTPUT,5d3b021a7e7347aff0c08eb83c43b5b7b0cf167d8e2c7574aff105c5e9acbf96,154,33,121,尚未完成欄位語義核實；需來源業務定義、單位、粒度與用途,UNRESOLVED,,REVIEW_REQUIRED,待資料負責人確認,UNKNOWN,NOT_ESTABLISHED,,,UNKNOWN_NOT_APPLICABLE_OR_NOT_RECORDED; DO_NOT_IMPUTE_ZERO,UNASSIGNED,PROPOSED_NO_MEASURED_ROI
reports/2026-10-04/cross_document_consistency/tables/u_review_batch02_checks.csv,u_review_batch02_checks,9,verdict,HISTORICAL_REPORT_OUTPUT,5d3b021a7e7347aff0c08eb83c43b5b7b0cf167d8e2c7574aff105c5e9acbf96,154,0,4,尚未完成欄位語義核實；需來源業務定義、單位、粒度與用途,UNRESOLVED,,REVIEW_REQUIRED,待資料負責人確認,UNKNOWN,NOT_ESTABLISHED,,,UNKNOWN_NOT_APPLICABLE_OR_NOT_RECORDED; DO_NOT_IMPUTE_ZERO,UNASSIGNED,PROPOSED_NO_MEASURED_ROI
reports/2026-10-04/cross_document_consistency/tables/u_review_batch02_checks.csv,u_review_batch02_checks,10,error,HISTORICAL_REPORT_OUTPUT,5d3b021a7e7347aff0c08eb83c43b5b7b0cf167d8e2c7574aff105c5e9acbf96,154,147,7,尚未完成欄位語義核實；需來源業務定義、單位、粒度與用途,UNRESOLVED,,REVIEW_REQUIRED,待資料負責人確認,UNKNOWN,NOT_ESTABLISHED,,,UNKNOWN_NOT_APPLICABLE_OR_NOT_RECORDED; DO_NOT_IMPUTE_ZERO,UNASSIGNED,PROPOSED_NO_MEASURED_ROI
reports/2026-10-04/cross_document_consistency/tables/u_review_batch02_checks.csv,u_review_batch02_checks,11,checked_at,HISTORICAL_REPORT_OUTPUT,5d3b021a7e7347aff0c08eb83c43b5b7b0cf167d8e2c7574aff105c5e9acbf96,154,0,41,資料截至／檢查／審核／搜索／取得時間；各欄依操作分別解讀，時區不可猜,PROPOSED_CONTEXT_REVIEW,build_semantic_catalog.py: explicit proposed glossary,REVIEW_REQUIRED,新鮮度與審核時點,SOURCE_DATE_OR_TIMESTAMP,NOT_ESTABLISHED,,,UNKNOWN_NOT_APPLICABLE_OR_NOT_RECORDED; DO_NOT_IMPUTE_ZERO,UNASSIGNED,PROPOSED_NO_MEASURED_ROI
reports/2026-10-04/cross_document_consistency/tables/u_review_batch02_urls.csv,u_review_batch02_urls,1,id,HISTORICAL_REPORT_OUTPUT,181a9e5396e0ffaf83f711c708360c2955d18ffbe891b7c979ec0f44dd1cbe2b,154,0,154,尚未完成欄位語義核實；需來源業務定義、單位、粒度與用途,UNRESOLVED,,REVIEW_REQUIRED,待資料負責人確認,UNKNOWN,NOT_ESTABLISHED,,,UNKNOWN_NOT_APPLICABLE_OR_NOT_RECORDED; DO_NOT_IMPUTE_ZERO,UNASSIGNED,PROPOSED_NO_MEASURED_ROI
reports/2026-10-04/cross_document_consistency/tables/u_review_batch02_urls.csv,u_review_batch02_urls,2,url,HISTORICAL_REPORT_OUTPUT,181a9e5396e0ffaf83f711c708360c2955d18ffbe891b7c979ec0f44dd1cbe2b,154,0,154,來源位址、檔案或行號；連結存在不代表內容可讀或支持主張,PROPOSED_CONTEXT_REVIEW,build_semantic_catalog.py: explicit proposed glossary,REVIEW_REQUIRED,證據定位,NOT_APPLICABLE,NOT_ESTABLISHED,,,UNKNOWN_NOT_APPLICABLE_OR_NOT_RECORDED; DO_NOT_IMPUTE_ZERO,UNASSIGNED,PROPOSED_NO_MEASURED_ROI
reports/2026-10-04/cross_document_consistency/tables/u_review_batch02_urls.csv,u_review_batch02_urls,3,terms,HISTORICAL_REPORT_OUTPUT,181a9e5396e0ffaf83f711c708360c2955d18ffbe891b7c979ec0f44dd1cbe2b,154,0,154,尚未完成欄位語義核實；需來源業務定義、單位、粒度與用途,UNRESOLVED,,REVIEW_REQUIRED,待資料負責人確認,UNKNOWN,NOT_ESTABLISHED,,,UNKNOWN_NOT_APPLICABLE_OR_NOT_RECORDED; DO_NOT_IMPUTE_ZERO,UNASSIGNED,PROPOSED_NO_MEASURED_ROI
reports/2026-10-04/cross_document_consistency/tables/u_review_batch03_adjudication.csv,u_review_batch03_adjudication,1,registry_id,HISTORICAL_REPORT_OUTPUT,835e56672f983dfb7c9cef30e626e688a9bfcfbb4434c0d3d4873668b0818433,15,0,15,尚未完成欄位語義核實；需來源業務定義、單位、粒度與用途,UNRESOLVED,,REVIEW_REQUIRED,待資料負責人確認,UNKNOWN,NOT_ESTABLISHED,,,UNKNOWN_NOT_APPLICABLE_OR_NOT_RECORDED; DO_NOT_IMPUTE_ZERO,UNASSIGNED,PROPOSED_NO_MEASURED_ROI
reports/2026-10-04/cross_document_consistency/tables/u_review_batch03_adjudication.csv,u_review_batch03_adjudication,2,registry_name,HISTORICAL_REPORT_OUTPUT,835e56672f983dfb7c9cef30e626e688a9bfcfbb4434c0d3d4873668b0818433,15,0,15,尚未完成欄位語義核實；需來源業務定義、單位、粒度與用途,UNRESOLVED,,REVIEW_REQUIRED,待資料負責人確認,UNKNOWN,NOT_ESTABLISHED,,,UNKNOWN_NOT_APPLICABLE_OR_NOT_RECORDED; DO_NOT_IMPUTE_ZERO,UNASSIGNED,PROPOSED_NO_MEASURED_ROI
reports/2026-10-04/cross_document_consistency/tables/u_review_batch03_adjudication.csv,u_review_batch03_adjudication,3,prior_status,HISTORICAL_REPORT_OUTPUT,835e56672f983dfb7c9cef30e626e688a9bfcfbb4434c0d3d4873668b0818433,15,0,2,尚未完成欄位語義核實；需來源業務定義、單位、粒度與用途,UNRESOLVED,,REVIEW_REQUIRED,待資料負責人確認,UNKNOWN,NOT_ESTABLISHED,,,UNKNOWN_NOT_APPLICABLE_OR_NOT_RECORDED; DO_NOT_IMPUTE_ZERO,UNASSIGNED,PROPOSED_NO_MEASURED_ROI
reports/2026-10-04/cross_document_consistency/tables/u_review_batch03_adjudication.csv,u_review_batch03_adjudication,4,final_status,HISTORICAL_REPORT_OUTPUT,835e56672f983dfb7c9cef30e626e688a9bfcfbb4434c0d3d4873668b0818433,15,0,3,尚未完成欄位語義核實；需來源業務定義、單位、粒度與用途,UNRESOLVED,,REVIEW_REQUIRED,待資料負責人確認,UNKNOWN,NOT_ESTABLISHED,,,UNKNOWN_NOT_APPLICABLE_OR_NOT_RECORDED; DO_NOT_IMPUTE_ZERO,UNASSIGNED,PROPOSED_NO_MEASURED_ROI
reports/2026-10-04/cross_document_consistency/tables/u_review_batch03_adjudication.csv,u_review_batch03_adjudication,5,basis,HISTORICAL_REPORT_OUTPUT,835e56672f983dfb7c9cef30e626e688a9bfcfbb4434c0d3d4873668b0818433,15,0,2,尚未完成欄位語義核實；需來源業務定義、單位、粒度與用途,UNRESOLVED,,REVIEW_REQUIRED,待資料負責人確認,UNKNOWN,NOT_ESTABLISHED,,,UNKNOWN_NOT_APPLICABLE_OR_NOT_RECORDED; DO_NOT_IMPUTE_ZERO,UNASSIGNED,PROPOSED_NO_MEASURED_ROI
reports/2026-10-04/cross_document_consistency/tables/u_review_batch03_adjudication.csv,u_review_batch03_adjudication,6,evidence_url,HISTORICAL_REPORT_OUTPUT,835e56672f983dfb7c9cef30e626e688a9bfcfbb4434c0d3d4873668b0818433,15,0,15,來源位址、檔案或行號；連結存在不代表內容可讀或支持主張,PROPOSED_CONTEXT_REVIEW,build_semantic_catalog.py: explicit proposed glossary,REVIEW_REQUIRED,證據定位,NOT_APPLICABLE,NOT_ESTABLISHED,,,UNKNOWN_NOT_APPLICABLE_OR_NOT_RECORDED; DO_NOT_IMPUTE_ZERO,UNASSIGNED,PROPOSED_NO_MEASURED_ROI
reports/2026-10-04/cross_document_consistency/tables/u_review_batch03_adjudication.csv,u_review_batch03_adjudication,7,cited_url,HISTORICAL_REPORT_OUTPUT,835e56672f983dfb7c9cef30e626e688a9bfcfbb4434c0d3d4873668b0818433,15,0,15,尚未完成欄位語義核實；需來源業務定義、單位、粒度與用途,UNRESOLVED,,REVIEW_REQUIRED,待資料負責人確認,UNKNOWN,NOT_ESTABLISHED,,,UNKNOWN_NOT_APPLICABLE_OR_NOT_RECORDED; DO_NOT_IMPUTE_ZERO,UNASSIGNED,PROPOSED_NO_MEASURED_ROI
reports/2026-10-04/cross_document_consistency/tables/u_review_batch03_adjudication.csv,u_review_batch03_adjudication,8,cited_url_http,HISTORICAL_REPORT_OUTPUT,835e56672f983dfb7c9cef30e626e688a9bfcfbb4434c0d3d4873668b0818433,15,0,4,尚未完成欄位語義核實；需來源業務定義、單位、粒度與用途,UNRESOLVED,,REVIEW_REQUIRED,待資料負責人確認,UNKNOWN,NOT_ESTABLISHED,,,UNKNOWN_NOT_APPLICABLE_OR_NOT_RECORDED; DO_NOT_IMPUTE_ZERO,UNASSIGNED,PROPOSED_NO_MEASURED_ROI
reports/2026-10-04/cross_document_consistency/tables/u_review_batch03_adjudication.csv,u_review_batch03_adjudication,9,note,HISTORICAL_REPORT_OUTPUT,835e56672f983dfb7c9cef30e626e688a9bfcfbb4434c0d3d4873668b0818433,15,0,15,尚未完成欄位語義核實；需來源業務定義、單位、粒度與用途,UNRESOLVED,,REVIEW_REQUIRED,待資料負責人確認,UNKNOWN,NOT_ESTABLISHED,,,UNKNOWN_NOT_APPLICABLE_OR_NOT_RECORDED; DO_NOT_IMPUTE_ZERO,UNASSIGNED,PROPOSED_NO_MEASURED_ROI
reports/2026-10-04/cross_document_consistency/tables/u_review_batch03_adjudication.csv,u_review_batch03_adjudication,10,checked_at,HISTORICAL_REPORT_OUTPUT,835e56672f983dfb7c9cef30e626e688a9bfcfbb4434c0d3d4873668b0818433,15,0,3,資料截至／檢查／審核／搜索／取得時間；各欄依操作分別解讀，時區不可猜,PROPOSED_CONTEXT_REVIEW,build_semantic_catalog.py: explicit proposed glossary,REVIEW_REQUIRED,新鮮度與審核時點,SOURCE_DATE_OR_TIMESTAMP,NOT_ESTABLISHED,,,UNKNOWN_NOT_APPLICABLE_OR_NOT_RECORDED; DO_NOT_IMPUTE_ZERO,UNASSIGNED,PROPOSED_NO_MEASURED_ROI
reports/2026-10-04/cross_document_consistency/tables/u_review_batch03_adjudication.csv,u_review_batch03_adjudication,11,supersedes,HISTORICAL_REPORT_OUTPUT,835e56672f983dfb7c9cef30e626e688a9bfcfbb4434c0d3d4873668b0818433,15,7,3,尚未完成欄位語義核實；需來源業務定義、單位、粒度與用途,UNRESOLVED,,REVIEW_REQUIRED,待資料負責人確認,UNKNOWN,NOT_ESTABLISHED,,,UNKNOWN_NOT_APPLICABLE_OR_NOT_RECORDED; DO_NOT_IMPUTE_ZERO,UNASSIGNED,PROPOSED_NO_MEASURED_ROI
reports/2026-10-04/cross_document_consistency/tables/u_review_batch03_checks.csv,u_review_batch03_checks,1,registry_id,HISTORICAL_REPORT_OUTPUT,27dcb8c35f4e775d1abe6363087c79cb06a2e2f5f33f1b7940bc2423ef96d77f,15,0,15,尚未完成欄位語義核實；需來源業務定義、單位、粒度與用途,UNRESOLVED,,REVIEW_REQUIRED,待資料負責人確認,UNKNOWN,NOT_ESTABLISHED,,,UNKNOWN_NOT_APPLICABLE_OR_NOT_RECORDED; DO_NOT_IMPUTE_ZERO,UNASSIGNED,PROPOSED_NO_MEASURED_ROI
reports/2026-10-04/cross_document_consistency/tables/u_review_batch03_checks.csv,u_review_batch03_checks,2,url,HISTORICAL_REPORT_OUTPUT,27dcb8c35f4e775d1abe6363087c79cb06a2e2f5f33f1b7940bc2423ef96d77f,15,0,15,來源位址、檔案或行號；連結存在不代表內容可讀或支持主張,PROPOSED_CONTEXT_REVIEW,build_semantic_catalog.py: explicit proposed glossary,REVIEW_REQUIRED,證據定位,NOT_APPLICABLE,NOT_ESTABLISHED,,,UNKNOWN_NOT_APPLICABLE_OR_NOT_RECORDED; DO_NOT_IMPUTE_ZERO,UNASSIGNED,PROPOSED_NO_MEASURED_ROI
reports/2026-10-04/cross_document_consistency/tables/u_review_batch03_checks.csv,u_review_batch03_checks,3,http_status,HISTORICAL_REPORT_OUTPUT,27dcb8c35f4e775d1abe6363087c79cb06a2e2f5f33f1b7940bc2423ef96d77f,15,0,4,尚未完成欄位語義核實；需來源業務定義、單位、粒度與用途,UNRESOLVED,,REVIEW_REQUIRED,待資料負責人確認,UNKNOWN,NOT_ESTABLISHED,,,UNKNOWN_NOT_APPLICABLE_OR_NOT_RECORDED; DO_NOT_IMPUTE_ZERO,UNASSIGNED,PROPOSED_NO_MEASURED_ROI
reports/2026-10-04/cross_document_consistency/tables/u_review_batch03_checks.csv,u_review_batch03_checks,4,final_url,HISTORICAL_REPORT_OUTPUT,27dcb8c35f4e775d1abe6363087c79cb06a2e2f5f33f1b7940bc2423ef96d77f,15,0,15,尚未完成欄位語義核實；需來源業務定義、單位、粒度與用途,UNRESOLVED,,REVIEW_REQUIRED,待資料負責人確認,UNKNOWN,NOT_ESTABLISHED,,,UNKNOWN_NOT_APPLICABLE_OR_NOT_RECORDED; DO_NOT_IMPUTE_ZERO,UNASSIGNED,PROPOSED_NO_MEASURED_ROI
reports/2026-10-04/cross_document_consistency/tables/u_review_batch03_checks.csv,u_review_batch03_checks,5,title,HISTORICAL_REPORT_OUTPUT,27dcb8c35f4e775d1abe6363087c79cb06a2e2f5f33f1b7940bc2423ef96d77f,15,3,12,尚未完成欄位語義核實；需來源業務定義、單位、粒度與用途,UNRESOLVED,,REVIEW_REQUIRED,待資料負責人確認,UNKNOWN,NOT_ESTABLISHED,,,UNKNOWN_NOT_APPLICABLE_OR_NOT_RECORDED; DO_NOT_IMPUTE_ZERO,UNASSIGNED,PROPOSED_NO_MEASURED_ROI
reports/2026-10-04/cross_document_consistency/tables/u_review_batch03_checks.csv,u_review_batch03_checks,6,bytes,HISTORICAL_REPORT_OUTPUT,27dcb8c35f4e775d1abe6363087c79cb06a2e2f5f33f1b7940bc2423ef96d77f,15,0,15,記錄列數或位元組數；不代表機構、資訊或成果數,PROPOSED_CONTEXT_REVIEW,build_semantic_catalog.py: explicit proposed glossary,REVIEW_REQUIRED,完整性与儲存規劃,ROW_OR_BYTE_BY_COLUMN,NOT_ESTABLISHED,,,UNKNOWN_NOT_APPLICABLE_OR_NOT_RECORDED; DO_NOT_IMPUTE_ZERO,UNASSIGNED,PROPOSED_NO_MEASURED_ROI
reports/2026-10-04/cross_document_consistency/tables/u_review_batch03_checks.csv,u_review_batch03_checks,7,sha256,HISTORICAL_REPORT_OUTPUT,27dcb8c35f4e775d1abe6363087c79cb06a2e2f5f33f1b7940bc2423ef96d77f,15,1,14,內容指紋；完整性核對不能證明內容真實,PROPOSED_CONTEXT_REVIEW,build_semantic_catalog.py: explicit proposed glossary,REVIEW_REQUIRED,版本與變更定位,HASH,NOT_ESTABLISHED,,,UNKNOWN_NOT_APPLICABLE_OR_NOT_RECORDED; DO_NOT_IMPUTE_ZERO,UNASSIGNED,PROPOSED_NO_MEASURED_ROI
reports/2026-10-04/cross_document_consistency/tables/u_review_batch03_checks.csv,u_review_batch03_checks,8,terms_found,HISTORICAL_REPORT_OUTPUT,27dcb8c35f4e775d1abe6363087c79cb06a2e2f5f33f1b7940bc2423ef96d77f,15,5,10,尚未完成欄位語義核實；需來源業務定義、單位、粒度與用途,UNRESOLVED,,REVIEW_REQUIRED,待資料負責人確認,UNKNOWN,NOT_ESTABLISHED,,,UNKNOWN_NOT_APPLICABLE_OR_NOT_RECORDED; DO_NOT_IMPUTE_ZERO,UNASSIGNED,PROPOSED_NO_MEASURED_ROI
reports/2026-10-04/cross_document_consistency/tables/u_review_batch03_checks.csv,u_review_batch03_checks,9,verdict,HISTORICAL_REPORT_OUTPUT,27dcb8c35f4e775d1abe6363087c79cb06a2e2f5f33f1b7940bc2423ef96d77f,15,0,3,尚未完成欄位語義核實；需來源業務定義、單位、粒度與用途,UNRESOLVED,,REVIEW_REQUIRED,待資料負責人確認,UNKNOWN,NOT_ESTABLISHED,,,UNKNOWN_NOT_APPLICABLE_OR_NOT_RECORDED; DO_NOT_IMPUTE_ZERO,UNASSIGNED,PROPOSED_NO_MEASURED_ROI
reports/2026-10-04/cross_document_consistency/tables/u_review_batch03_checks.csv,u_review_batch03_checks,10,error,HISTORICAL_REPORT_OUTPUT,27dcb8c35f4e775d1abe6363087c79cb06a2e2f5f33f1b7940bc2423ef96d77f,15,15,0,尚未完成欄位語義核實；需來源業務定義、單位、粒度與用途,UNRESOLVED,,REVIEW_REQUIRED,待資料負責人確認,UNKNOWN,NOT_ESTABLISHED,,,UNKNOWN_NOT_APPLICABLE_OR_NOT_RECORDED; DO_NOT_IMPUTE_ZERO,UNASSIGNED,PROPOSED_NO_MEASURED_ROI
reports/2026-10-04/cross_document_consistency/tables/u_review_batch03_checks.csv,u_review_batch03_checks,11,checked_at,HISTORICAL_REPORT_OUTPUT,27dcb8c35f4e775d1abe6363087c79cb06a2e2f5f33f1b7940bc2423ef96d77f,15,0,3,資料截至／檢查／審核／搜索／取得時間；各欄依操作分別解讀，時區不可猜,PROPOSED_CONTEXT_REVIEW,build_semantic_catalog.py: explicit proposed glossary,REVIEW_REQUIRED,新鮮度與審核時點,SOURCE_DATE_OR_TIMESTAMP,NOT_ESTABLISHED,,,UNKNOWN_NOT_APPLICABLE_OR_NOT_RECORDED; DO_NOT_IMPUTE_ZERO,UNASSIGNED,PROPOSED_NO_MEASURED_ROI
reports/2026-10-04/cross_document_consistency/tables/u_review_batch03_urls.csv,u_review_batch03_urls,1,id,HISTORICAL_REPORT_OUTPUT,5691ec51af9a1375f4278265c75941a3e6f4efdaf0b769d652f3d5fa85c80dec,15,0,15,尚未完成欄位語義核實；需來源業務定義、單位、粒度與用途,UNRESOLVED,,REVIEW_REQUIRED,待資料負責人確認,UNKNOWN,NOT_ESTABLISHED,,,UNKNOWN_NOT_APPLICABLE_OR_NOT_RECORDED; DO_NOT_IMPUTE_ZERO,UNASSIGNED,PROPOSED_NO_MEASURED_ROI
reports/2026-10-04/cross_document_consistency/tables/u_review_batch03_urls.csv,u_review_batch03_urls,2,url,HISTORICAL_REPORT_OUTPUT,5691ec51af9a1375f4278265c75941a3e6f4efdaf0b769d652f3d5fa85c80dec,15,0,15,來源位址、檔案或行號；連結存在不代表內容可讀或支持主張,PROPOSED_CONTEXT_REVIEW,build_semantic_catalog.py: explicit proposed glossary,REVIEW_REQUIRED,證據定位,NOT_APPLICABLE,NOT_ESTABLISHED,,,UNKNOWN_NOT_APPLICABLE_OR_NOT_RECORDED; DO_NOT_IMPUTE_ZERO,UNASSIGNED,PROPOSED_NO_MEASURED_ROI
reports/2026-10-04/cross_document_consistency/tables/u_review_batch03_urls.csv,u_review_batch03_urls,3,terms,HISTORICAL_REPORT_OUTPUT,5691ec51af9a1375f4278265c75941a3e6f4efdaf0b769d652f3d5fa85c80dec,15,0,15,尚未完成欄位語義核實；需來源業務定義、單位、粒度與用途,UNRESOLVED,,REVIEW_REQUIRED,待資料負責人確認,UNKNOWN,NOT_ESTABLISHED,,,UNKNOWN_NOT_APPLICABLE_OR_NOT_RECORDED; DO_NOT_IMPUTE_ZERO,UNASSIGNED,PROPOSED_NO_MEASURED_ROI
reports/2026-10-04/cross_document_consistency/tables/u_review_batch04_adjudication.csv,u_review_batch04_adjudication,1,registry_id,HISTORICAL_REPORT_OUTPUT,3daf14323298522595f9f199fbb72dbd213037560f563d48ea2d392f92439464,22,0,22,尚未完成欄位語義核實；需來源業務定義、單位、粒度與用途,UNRESOLVED,,REVIEW_REQUIRED,待資料負責人確認,UNKNOWN,NOT_ESTABLISHED,,,UNKNOWN_NOT_APPLICABLE_OR_NOT_RECORDED; DO_NOT_IMPUTE_ZERO,UNASSIGNED,PROPOSED_NO_MEASURED_ROI
reports/2026-10-04/cross_document_consistency/tables/u_review_batch04_adjudication.csv,u_review_batch04_adjudication,2,registry_name,HISTORICAL_REPORT_OUTPUT,3daf14323298522595f9f199fbb72dbd213037560f563d48ea2d392f92439464,22,0,22,尚未完成欄位語義核實；需來源業務定義、單位、粒度與用途,UNRESOLVED,,REVIEW_REQUIRED,待資料負責人確認,UNKNOWN,NOT_ESTABLISHED,,,UNKNOWN_NOT_APPLICABLE_OR_NOT_RECORDED; DO_NOT_IMPUTE_ZERO,UNASSIGNED,PROPOSED_NO_MEASURED_ROI
reports/2026-10-04/cross_document_consistency/tables/u_review_batch04_adjudication.csv,u_review_batch04_adjudication,3,prior_status,HISTORICAL_REPORT_OUTPUT,3daf14323298522595f9f199fbb72dbd213037560f563d48ea2d392f92439464,22,0,3,尚未完成欄位語義核實；需來源業務定義、單位、粒度與用途,UNRESOLVED,,REVIEW_REQUIRED,待資料負責人確認,UNKNOWN,NOT_ESTABLISHED,,,UNKNOWN_NOT_APPLICABLE_OR_NOT_RECORDED; DO_NOT_IMPUTE_ZERO,UNASSIGNED,PROPOSED_NO_MEASURED_ROI
reports/2026-10-04/cross_document_consistency/tables/u_review_batch04_adjudication.csv,u_review_batch04_adjudication,4,final_status,HISTORICAL_REPORT_OUTPUT,3daf14323298522595f9f199fbb72dbd213037560f563d48ea2d392f92439464,22,0,3,尚未完成欄位語義核實；需來源業務定義、單位、粒度與用途,UNRESOLVED,,REVIEW_REQUIRED,待資料負責人確認,UNKNOWN,NOT_ESTABLISHED,,,UNKNOWN_NOT_APPLICABLE_OR_NOT_RECORDED; DO_NOT_IMPUTE_ZERO,UNASSIGNED,PROPOSED_NO_MEASURED_ROI
reports/2026-10-04/cross_document_consistency/tables/u_review_batch04_adjudication.csv,u_review_batch04_adjudication,5,basis,HISTORICAL_REPORT_OUTPUT,3daf14323298522595f9f199fbb72dbd213037560f563d48ea2d392f92439464,22,0,2,尚未完成欄位語義核實；需來源業務定義、單位、粒度與用途,UNRESOLVED,,REVIEW_REQUIRED,待資料負責人確認,UNKNOWN,NOT_ESTABLISHED,,,UNKNOWN_NOT_APPLICABLE_OR_NOT_RECORDED; DO_NOT_IMPUTE_ZERO,UNASSIGNED,PROPOSED_NO_MEASURED_ROI
reports/2026-10-04/cross_document_consistency/tables/u_review_batch04_adjudication.csv,u_review_batch04_adjudication,6,evidence_url,HISTORICAL_REPORT_OUTPUT,3daf14323298522595f9f199fbb72dbd213037560f563d48ea2d392f92439464,22,0,21,來源位址、檔案或行號；連結存在不代表內容可讀或支持主張,PROPOSED_CONTEXT_REVIEW,build_semantic_catalog.py: explicit proposed glossary,REVIEW_REQUIRED,證據定位,NOT_APPLICABLE,NOT_ESTABLISHED,,,UNKNOWN_NOT_APPLICABLE_OR_NOT_RECORDED; DO_NOT_IMPUTE_ZERO,UNASSIGNED,PROPOSED_NO_MEASURED_ROI
reports/2026-10-04/cross_document_consistency/tables/u_review_batch04_adjudication.csv,u_review_batch04_adjudication,7,cited_url,HISTORICAL_REPORT_OUTPUT,3daf14323298522595f9f199fbb72dbd213037560f563d48ea2d392f92439464,22,0,21,尚未完成欄位語義核實；需來源業務定義、單位、粒度與用途,UNRESOLVED,,REVIEW_REQUIRED,待資料負責人確認,UNKNOWN,NOT_ESTABLISHED,,,UNKNOWN_NOT_APPLICABLE_OR_NOT_RECORDED; DO_NOT_IMPUTE_ZERO,UNASSIGNED,PROPOSED_NO_MEASURED_ROI
reports/2026-10-04/cross_document_consistency/tables/u_review_batch04_adjudication.csv,u_review_batch04_adjudication,8,cited_url_http,HISTORICAL_REPORT_OUTPUT,3daf14323298522595f9f199fbb72dbd213037560f563d48ea2d392f92439464,22,3,7,尚未完成欄位語義核實；需來源業務定義、單位、粒度與用途,UNRESOLVED,,REVIEW_REQUIRED,待資料負責人確認,UNKNOWN,NOT_ESTABLISHED,,,UNKNOWN_NOT_APPLICABLE_OR_NOT_RECORDED; DO_NOT_IMPUTE_ZERO,UNASSIGNED,PROPOSED_NO_MEASURED_ROI
reports/2026-10-04/cross_document_consistency/tables/u_review_batch04_adjudication.csv,u_review_batch04_adjudication,9,note,HISTORICAL_REPORT_OUTPUT,3daf14323298522595f9f199fbb72dbd213037560f563d48ea2d392f92439464,22,0,22,尚未完成欄位語義核實；需來源業務定義、單位、粒度與用途,UNRESOLVED,,REVIEW_REQUIRED,待資料負責人確認,UNKNOWN,NOT_ESTABLISHED,,,UNKNOWN_NOT_APPLICABLE_OR_NOT_RECORDED; DO_NOT_IMPUTE_ZERO,UNASSIGNED,PROPOSED_NO_MEASURED_ROI
reports/2026-10-04/cross_document_consistency/tables/u_review_batch04_adjudication.csv,u_review_batch04_adjudication,10,checked_at,HISTORICAL_REPORT_OUTPUT,3daf14323298522595f9f199fbb72dbd213037560f563d48ea2d392f92439464,22,0,10,資料截至／檢查／審核／搜索／取得時間；各欄依操作分別解讀，時區不可猜,PROPOSED_CONTEXT_REVIEW,build_semantic_catalog.py: explicit proposed glossary,REVIEW_REQUIRED,新鮮度與審核時點,SOURCE_DATE_OR_TIMESTAMP,NOT_ESTABLISHED,,,UNKNOWN_NOT_APPLICABLE_OR_NOT_RECORDED; DO_NOT_IMPUTE_ZERO,UNASSIGNED,PROPOSED_NO_MEASURED_ROI
reports/2026-10-04/cross_document_consistency/tables/u_review_batch04_adjudication.csv,u_review_batch04_adjudication,11,supersedes,HISTORICAL_REPORT_OUTPUT,3daf14323298522595f9f199fbb72dbd213037560f563d48ea2d392f92439464,22,1,2,尚未完成欄位語義核實；需來源業務定義、單位、粒度與用途,UNRESOLVED,,REVIEW_REQUIRED,待資料負責人確認,UNKNOWN,NOT_ESTABLISHED,,,UNKNOWN_NOT_APPLICABLE_OR_NOT_RECORDED; DO_NOT_IMPUTE_ZERO,UNASSIGNED,PROPOSED_NO_MEASURED_ROI
reports/2026-10-04/cross_document_consistency/tables/u_review_batch04_checks.csv,u_review_batch04_checks,1,registry_id,HISTORICAL_REPORT_OUTPUT,3e1b2db2195a143248c6842fa8739accc38edd5025e752718468e5ae03fd8805,19,0,19,尚未完成欄位語義核實；需來源業務定義、單位、粒度與用途,UNRESOLVED,,REVIEW_REQUIRED,待資料負責人確認,UNKNOWN,NOT_ESTABLISHED,,,UNKNOWN_NOT_APPLICABLE_OR_NOT_RECORDED; DO_NOT_IMPUTE_ZERO,UNASSIGNED,PROPOSED_NO_MEASURED_ROI
reports/2026-10-04/cross_document_consistency/tables/u_review_batch04_checks.csv,u_review_batch04_checks,2,url,HISTORICAL_REPORT_OUTPUT,3e1b2db2195a143248c6842fa8739accc38edd5025e752718468e5ae03fd8805,19,0,19,來源位址、檔案或行號；連結存在不代表內容可讀或支持主張,PROPOSED_CONTEXT_REVIEW,build_semantic_catalog.py: explicit proposed glossary,REVIEW_REQUIRED,證據定位,NOT_APPLICABLE,NOT_ESTABLISHED,,,UNKNOWN_NOT_APPLICABLE_OR_NOT_RECORDED; DO_NOT_IMPUTE_ZERO,UNASSIGNED,PROPOSED_NO_MEASURED_ROI
reports/2026-10-04/cross_document_consistency/tables/u_review_batch04_checks.csv,u_review_batch04_checks,3,http_status,HISTORICAL_REPORT_OUTPUT,3e1b2db2195a143248c6842fa8739accc38edd5025e752718468e5ae03fd8805,19,0,7,尚未完成欄位語義核實；需來源業務定義、單位、粒度與用途,UNRESOLVED,,REVIEW_REQUIRED,待資料負責人確認,UNKNOWN,NOT_ESTABLISHED,,,UNKNOWN_NOT_APPLICABLE_OR_NOT_RECORDED; DO_NOT_IMPUTE_ZERO,UNASSIGNED,PROPOSED_NO_MEASURED_ROI
reports/2026-10-04/cross_document_consistency/tables/u_review_batch04_checks.csv,u_review_batch04_checks,4,final_url,HISTORICAL_REPORT_OUTPUT,3e1b2db2195a143248c6842fa8739accc38edd5025e752718468e5ae03fd8805,19,0,19,尚未完成欄位語義核實；需來源業務定義、單位、粒度與用途,UNRESOLVED,,REVIEW_REQUIRED,待資料負責人確認,UNKNOWN,NOT_ESTABLISHED,,,UNKNOWN_NOT_APPLICABLE_OR_NOT_RECORDED; DO_NOT_IMPUTE_ZERO,UNASSIGNED,PROPOSED_NO_MEASURED_ROI
reports/2026-10-04/cross_document_consistency/tables/u_review_batch04_checks.csv,u_review_batch04_checks,5,title,HISTORICAL_REPORT_OUTPUT,3e1b2db2195a143248c6842fa8739accc38edd5025e752718468e5ae03fd8805,19,6,12,尚未完成欄位語義核實；需來源業務定義、單位、粒度與用途,UNRESOLVED,,REVIEW_REQUIRED,待資料負責人確認,UNKNOWN,NOT_ESTABLISHED,,,UNKNOWN_NOT_APPLICABLE_OR_NOT_RECORDED; DO_NOT_IMPUTE_ZERO,UNASSIGNED,PROPOSED_NO_MEASURED_ROI
reports/2026-10-04/cross_document_consistency/tables/u_review_batch04_checks.csv,u_review_batch04_checks,6,bytes,HISTORICAL_REPORT_OUTPUT,3e1b2db2195a143248c6842fa8739accc38edd5025e752718468e5ae03fd8805,19,0,15,記錄列數或位元組數；不代表機構、資訊或成果數,PROPOSED_CONTEXT_REVIEW,build_semantic_catalog.py: explicit proposed glossary,REVIEW_REQUIRED,完整性与儲存規劃,ROW_OR_BYTE_BY_COLUMN,NOT_ESTABLISHED,,,UNKNOWN_NOT_APPLICABLE_OR_NOT_RECORDED; DO_NOT_IMPUTE_ZERO,UNASSIGNED,PROPOSED_NO_MEASURED_ROI
reports/2026-10-04/cross_document_consistency/tables/u_review_batch04_checks.csv,u_review_batch04_checks,7,sha256,HISTORICAL_REPORT_OUTPUT,3e1b2db2195a143248c6842fa8739accc38edd5025e752718468e5ae03fd8805,19,4,15,內容指紋；完整性核對不能證明內容真實,PROPOSED_CONTEXT_REVIEW,build_semantic_catalog.py: explicit proposed glossary,REVIEW_REQUIRED,版本與變更定位,HASH,NOT_ESTABLISHED,,,UNKNOWN_NOT_APPLICABLE_OR_NOT_RECORDED; DO_NOT_IMPUTE_ZERO,UNASSIGNED,PROPOSED_NO_MEASURED_ROI
reports/2026-10-04/cross_document_consistency/tables/u_review_batch04_checks.csv,u_review_batch04_checks,8,terms_found,HISTORICAL_REPORT_OUTPUT,3e1b2db2195a143248c6842fa8739accc38edd5025e752718468e5ae03fd8805,19,10,9,尚未完成欄位語義核實；需來源業務定義、單位、粒度與用途,UNRESOLVED,,REVIEW_REQUIRED,待資料負責人確認,UNKNOWN,NOT_ESTABLISHED,,,UNKNOWN_NOT_APPLICABLE_OR_NOT_RECORDED; DO_NOT_IMPUTE_ZERO,UNASSIGNED,PROPOSED_NO_MEASURED_ROI
reports/2026-10-04/cross_document_consistency/tables/u_review_batch04_checks.csv,u_review_batch04_checks,9,verdict,HISTORICAL_REPORT_OUTPUT,3e1b2db2195a143248c6842fa8739accc38edd5025e752718468e5ae03fd8805,19,0,4,尚未完成欄位語義核實；需來源業務定義、單位、粒度與用途,UNRESOLVED,,REVIEW_REQUIRED,待資料負責人確認,UNKNOWN,NOT_ESTABLISHED,,,UNKNOWN_NOT_APPLICABLE_OR_NOT_RECORDED; DO_NOT_IMPUTE_ZERO,UNASSIGNED,PROPOSED_NO_MEASURED_ROI
reports/2026-10-04/cross_document_consistency/tables/u_review_batch04_checks.csv,u_review_batch04_checks,10,error,HISTORICAL_REPORT_OUTPUT,3e1b2db2195a143248c6842fa8739accc38edd5025e752718468e5ae03fd8805,19,15,4,尚未完成欄位語義核實；需來源業務定義、單位、粒度與用途,UNRESOLVED,,REVIEW_REQUIRED,待資料負責人確認,UNKNOWN,NOT_ESTABLISHED,,,UNKNOWN_NOT_APPLICABLE_OR_NOT_RECORDED; DO_NOT_IMPUTE_ZERO,UNASSIGNED,PROPOSED_NO_MEASURED_ROI
reports/2026-10-04/cross_document_consistency/tables/u_review_batch04_checks.csv,u_review_batch04_checks,11,checked_at,HISTORICAL_REPORT_OUTPUT,3e1b2db2195a143248c6842fa8739accc38edd5025e752718468e5ae03fd8805,19,0,9,資料截至／檢查／審核／搜索／取得時間；各欄依操作分別解讀，時區不可猜,PROPOSED_CONTEXT_REVIEW,build_semantic_catalog.py: explicit proposed glossary,REVIEW_REQUIRED,新鮮度與審核時點,SOURCE_DATE_OR_TIMESTAMP,NOT_ESTABLISHED,,,UNKNOWN_NOT_APPLICABLE_OR_NOT_RECORDED; DO_NOT_IMPUTE_ZERO,UNASSIGNED,PROPOSED_NO_MEASURED_ROI
reports/2026-10-04/cross_document_consistency/tables/u_review_batch04_urls.csv,u_review_batch04_urls,1,id,HISTORICAL_REPORT_OUTPUT,26a47941110704a41f20ef83de959a46f3c8fdd0738c244741e4cfebf9aa6934,19,0,19,尚未完成欄位語義核實；需來源業務定義、單位、粒度與用途,UNRESOLVED,,REVIEW_REQUIRED,待資料負責人確認,UNKNOWN,NOT_ESTABLISHED,,,UNKNOWN_NOT_APPLICABLE_OR_NOT_RECORDED; DO_NOT_IMPUTE_ZERO,UNASSIGNED,PROPOSED_NO_MEASURED_ROI
reports/2026-10-04/cross_document_consistency/tables/u_review_batch04_urls.csv,u_review_batch04_urls,2,url,HISTORICAL_REPORT_OUTPUT,26a47941110704a41f20ef83de959a46f3c8fdd0738c244741e4cfebf9aa6934,19,0,19,來源位址、檔案或行號；連結存在不代表內容可讀或支持主張,PROPOSED_CONTEXT_REVIEW,build_semantic_catalog.py: explicit proposed glossary,REVIEW_REQUIRED,證據定位,NOT_APPLICABLE,NOT_ESTABLISHED,,,UNKNOWN_NOT_APPLICABLE_OR_NOT_RECORDED; DO_NOT_IMPUTE_ZERO,UNASSIGNED,PROPOSED_NO_MEASURED_ROI
reports/2026-10-04/cross_document_consistency/tables/u_review_batch04_urls.csv,u_review_batch04_urls,3,terms,HISTORICAL_REPORT_OUTPUT,26a47941110704a41f20ef83de959a46f3c8fdd0738c244741e4cfebf9aa6934,19,0,19,尚未完成欄位語義核實；需來源業務定義、單位、粒度與用途,UNRESOLVED,,REVIEW_REQUIRED,待資料負責人確認,UNKNOWN,NOT_ESTABLISHED,,,UNKNOWN_NOT_APPLICABLE_OR_NOT_RECORDED; DO_NOT_IMPUTE_ZERO,UNASSIGNED,PROPOSED_NO_MEASURED_ROI
reports/2026-10-04/cross_document_consistency/tables/u_review_batch05_adjudication.csv,u_review_batch05_adjudication,1,registry_id,HISTORICAL_REPORT_OUTPUT,d5ae545605e8489bb3cc2f0bb58721910341b9ecb6e5ea08f88f60dc63d30423,72,0,72,尚未完成欄位語義核實；需來源業務定義、單位、粒度與用途,UNRESOLVED,,REVIEW_REQUIRED,待資料負責人確認,UNKNOWN,NOT_ESTABLISHED,,,UNKNOWN_NOT_APPLICABLE_OR_NOT_RECORDED; DO_NOT_IMPUTE_ZERO,UNASSIGNED,PROPOSED_NO_MEASURED_ROI
reports/2026-10-04/cross_document_consistency/tables/u_review_batch05_adjudication.csv,u_review_batch05_adjudication,2,registry_name,HISTORICAL_REPORT_OUTPUT,d5ae545605e8489bb3cc2f0bb58721910341b9ecb6e5ea08f88f60dc63d30423,72,0,72,尚未完成欄位語義核實；需來源業務定義、單位、粒度與用途,UNRESOLVED,,REVIEW_REQUIRED,待資料負責人確認,UNKNOWN,NOT_ESTABLISHED,,,UNKNOWN_NOT_APPLICABLE_OR_NOT_RECORDED; DO_NOT_IMPUTE_ZERO,UNASSIGNED,PROPOSED_NO_MEASURED_ROI
reports/2026-10-04/cross_document_consistency/tables/u_review_batch05_adjudication.csv,u_review_batch05_adjudication,3,prior_status,HISTORICAL_REPORT_OUTPUT,d5ae545605e8489bb3cc2f0bb58721910341b9ecb6e5ea08f88f60dc63d30423,72,0,1,尚未完成欄位語義核實；需來源業務定義、單位、粒度與用途,UNRESOLVED,,REVIEW_REQUIRED,待資料負責人確認,UNKNOWN,NOT_ESTABLISHED,,,UNKNOWN_NOT_APPLICABLE_OR_NOT_RECORDED; DO_NOT_IMPUTE_ZERO,UNASSIGNED,PROPOSED_NO_MEASURED_ROI
reports/2026-10-04/cross_document_consistency/tables/u_review_batch05_adjudication.csv,u_review_batch05_adjudication,4,final_status,HISTORICAL_REPORT_OUTPUT,d5ae545605e8489bb3cc2f0bb58721910341b9ecb6e5ea08f88f60dc63d30423,72,0,3,尚未完成欄位語義核實；需來源業務定義、單位、粒度與用途,UNRESOLVED,,REVIEW_REQUIRED,待資料負責人確認,UNKNOWN,NOT_ESTABLISHED,,,UNKNOWN_NOT_APPLICABLE_OR_NOT_RECORDED; DO_NOT_IMPUTE_ZERO,UNASSIGNED,PROPOSED_NO_MEASURED_ROI
reports/2026-10-04/cross_document_consistency/tables/u_review_batch05_adjudication.csv,u_review_batch05_adjudication,5,basis,HISTORICAL_REPORT_OUTPUT,d5ae545605e8489bb3cc2f0bb58721910341b9ecb6e5ea08f88f60dc63d30423,72,0,2,尚未完成欄位語義核實；需來源業務定義、單位、粒度與用途,UNRESOLVED,,REVIEW_REQUIRED,待資料負責人確認,UNKNOWN,NOT_ESTABLISHED,,,UNKNOWN_NOT_APPLICABLE_OR_NOT_RECORDED; DO_NOT_IMPUTE_ZERO,UNASSIGNED,PROPOSED_NO_MEASURED_ROI
reports/2026-10-04/cross_document_consistency/tables/u_review_batch05_adjudication.csv,u_review_batch05_adjudication,6,evidence_url,HISTORICAL_REPORT_OUTPUT,d5ae545605e8489bb3cc2f0bb58721910341b9ecb6e5ea08f88f60dc63d30423,72,0,72,來源位址、檔案或行號；連結存在不代表內容可讀或支持主張,PROPOSED_CONTEXT_REVIEW,build_semantic_catalog.py: explicit proposed glossary,REVIEW_REQUIRED,證據定位,NOT_APPLICABLE,NOT_ESTABLISHED,,,UNKNOWN_NOT_APPLICABLE_OR_NOT_RECORDED; DO_NOT_IMPUTE_ZERO,UNASSIGNED,PROPOSED_NO_MEASURED_ROI
reports/2026-10-04/cross_document_consistency/tables/u_review_batch05_adjudication.csv,u_review_batch05_adjudication,7,cited_url,HISTORICAL_REPORT_OUTPUT,d5ae545605e8489bb3cc2f0bb58721910341b9ecb6e5ea08f88f60dc63d30423,72,0,72,尚未完成欄位語義核實；需來源業務定義、單位、粒度與用途,UNRESOLVED,,REVIEW_REQUIRED,待資料負責人確認,UNKNOWN,NOT_ESTABLISHED,,,UNKNOWN_NOT_APPLICABLE_OR_NOT_RECORDED; DO_NOT_IMPUTE_ZERO,UNASSIGNED,PROPOSED_NO_MEASURED_ROI
reports/2026-10-04/cross_document_consistency/tables/u_review_batch05_adjudication.csv,u_review_batch05_adjudication,8,cited_url_http,HISTORICAL_REPORT_OUTPUT,d5ae545605e8489bb3cc2f0bb58721910341b9ecb6e5ea08f88f60dc63d30423,72,0,4,尚未完成欄位語義核實；需來源業務定義、單位、粒度與用途,UNRESOLVED,,REVIEW_REQUIRED,待資料負責人確認,UNKNOWN,NOT_ESTABLISHED,,,UNKNOWN_NOT_APPLICABLE_OR_NOT_RECORDED; DO_NOT_IMPUTE_ZERO,UNASSIGNED,PROPOSED_NO_MEASURED_ROI
reports/2026-10-04/cross_document_consistency/tables/u_review_batch05_adjudication.csv,u_review_batch05_adjudication,9,note,HISTORICAL_REPORT_OUTPUT,d5ae545605e8489bb3cc2f0bb58721910341b9ecb6e5ea08f88f60dc63d30423,72,0,72,尚未完成欄位語義核實；需來源業務定義、單位、粒度與用途,UNRESOLVED,,REVIEW_REQUIRED,待資料負責人確認,UNKNOWN,NOT_ESTABLISHED,,,UNKNOWN_NOT_APPLICABLE_OR_NOT_RECORDED; DO_NOT_IMPUTE_ZERO,UNASSIGNED,PROPOSED_NO_MEASURED_ROI
reports/2026-10-04/cross_document_consistency/tables/u_review_batch05_adjudication.csv,u_review_batch05_adjudication,10,checked_at,HISTORICAL_REPORT_OUTPUT,d5ae545605e8489bb3cc2f0bb58721910341b9ecb6e5ea08f88f60dc63d30423,72,0,21,資料截至／檢查／審核／搜索／取得時間；各欄依操作分別解讀，時區不可猜,PROPOSED_CONTEXT_REVIEW,build_semantic_catalog.py: explicit proposed glossary,REVIEW_REQUIRED,新鮮度與審核時點,SOURCE_DATE_OR_TIMESTAMP,NOT_ESTABLISHED,,,UNKNOWN_NOT_APPLICABLE_OR_NOT_RECORDED; DO_NOT_IMPUTE_ZERO,UNASSIGNED,PROPOSED_NO_MEASURED_ROI
reports/2026-10-04/cross_document_consistency/tables/u_review_batch05_adjudication.csv,u_review_batch05_adjudication,11,supersedes,HISTORICAL_REPORT_OUTPUT,d5ae545605e8489bb3cc2f0bb58721910341b9ecb6e5ea08f88f60dc63d30423,72,72,0,尚未完成欄位語義核實；需來源業務定義、單位、粒度與用途,UNRESOLVED,,REVIEW_REQUIRED,待資料負責人確認,UNKNOWN,NOT_ESTABLISHED,,,UNKNOWN_NOT_APPLICABLE_OR_NOT_RECORDED; DO_NOT_IMPUTE_ZERO,UNASSIGNED,PROPOSED_NO_MEASURED_ROI
reports/2026-10-04/cross_document_consistency/tables/u_review_batch05_checks.csv,u_review_batch05_checks,1,registry_id,HISTORICAL_REPORT_OUTPUT,e3a14008ef80f9cb6d5c8c441ea45f0199d3c555777399f2800a8e30301ade5d,72,0,72,尚未完成欄位語義核實；需來源業務定義、單位、粒度與用途,UNRESOLVED,,REVIEW_REQUIRED,待資料負責人確認,UNKNOWN,NOT_ESTABLISHED,,,UNKNOWN_NOT_APPLICABLE_OR_NOT_RECORDED; DO_NOT_IMPUTE_ZERO,UNASSIGNED,PROPOSED_NO_MEASURED_ROI
reports/2026-10-04/cross_document_consistency/tables/u_review_batch05_checks.csv,u_review_batch05_checks,2,url,HISTORICAL_REPORT_OUTPUT,e3a14008ef80f9cb6d5c8c441ea45f0199d3c555777399f2800a8e30301ade5d,72,0,72,來源位址、檔案或行號；連結存在不代表內容可讀或支持主張,PROPOSED_CONTEXT_REVIEW,build_semantic_catalog.py: explicit proposed glossary,REVIEW_REQUIRED,證據定位,NOT_APPLICABLE,NOT_ESTABLISHED,,,UNKNOWN_NOT_APPLICABLE_OR_NOT_RECORDED; DO_NOT_IMPUTE_ZERO,UNASSIGNED,PROPOSED_NO_MEASURED_ROI
reports/2026-10-04/cross_document_consistency/tables/u_review_batch05_checks.csv,u_review_batch05_checks,3,http_status,HISTORICAL_REPORT_OUTPUT,e3a14008ef80f9cb6d5c8c441ea45f0199d3c555777399f2800a8e30301ade5d,72,0,4,尚未完成欄位語義核實；需來源業務定義、單位、粒度與用途,UNRESOLVED,,REVIEW_REQUIRED,待資料負責人確認,UNKNOWN,NOT_ESTABLISHED,,,UNKNOWN_NOT_APPLICABLE_OR_NOT_RECORDED; DO_NOT_IMPUTE_ZERO,UNASSIGNED,PROPOSED_NO_MEASURED_ROI
reports/2026-10-04/cross_document_consistency/tables/u_review_batch05_checks.csv,u_review_batch05_checks,4,final_url,HISTORICAL_REPORT_OUTPUT,e3a14008ef80f9cb6d5c8c441ea45f0199d3c555777399f2800a8e30301ade5d,72,0,72,尚未完成欄位語義核實；需來源業務定義、單位、粒度與用途,UNRESOLVED,,REVIEW_REQUIRED,待資料負責人確認,UNKNOWN,NOT_ESTABLISHED,,,UNKNOWN_NOT_APPLICABLE_OR_NOT_RECORDED; DO_NOT_IMPUTE_ZERO,UNASSIGNED,PROPOSED_NO_MEASURED_ROI
reports/2026-10-04/cross_document_consistency/tables/u_review_batch05_checks.csv,u_review_batch05_checks,5,title,HISTORICAL_REPORT_OUTPUT,e3a14008ef80f9cb6d5c8c441ea45f0199d3c555777399f2800a8e30301ade5d,72,7,65,尚未完成欄位語義核實；需來源業務定義、單位、粒度與用途,UNRESOLVED,,REVIEW_REQUIRED,待資料負責人確認,UNKNOWN,NOT_ESTABLISHED,,,UNKNOWN_NOT_APPLICABLE_OR_NOT_RECORDED; DO_NOT_IMPUTE_ZERO,UNASSIGNED,PROPOSED_NO_MEASURED_ROI
reports/2026-10-04/cross_document_consistency/tables/u_review_batch05_checks.csv,u_review_batch05_checks,6,bytes,HISTORICAL_REPORT_OUTPUT,e3a14008ef80f9cb6d5c8c441ea45f0199d3c555777399f2800a8e30301ade5d,72,0,69,記錄列數或位元組數；不代表機構、資訊或成果數,PROPOSED_CONTEXT_REVIEW,build_semantic_catalog.py: explicit proposed glossary,REVIEW_REQUIRED,完整性与儲存規劃,ROW_OR_BYTE_BY_COLUMN,NOT_ESTABLISHED,,,UNKNOWN_NOT_APPLICABLE_OR_NOT_RECORDED; DO_NOT_IMPUTE_ZERO,UNASSIGNED,PROPOSED_NO_MEASURED_ROI
reports/2026-10-04/cross_document_consistency/tables/u_review_batch05_checks.csv,u_review_batch05_checks,7,sha256,HISTORICAL_REPORT_OUTPUT,e3a14008ef80f9cb6d5c8c441ea45f0199d3c555777399f2800a8e30301ade5d,72,4,68,內容指紋；完整性核對不能證明內容真實,PROPOSED_CONTEXT_REVIEW,build_semantic_catalog.py: explicit proposed glossary,REVIEW_REQUIRED,版本與變更定位,HASH,NOT_ESTABLISHED,,,UNKNOWN_NOT_APPLICABLE_OR_NOT_RECORDED; DO_NOT_IMPUTE_ZERO,UNASSIGNED,PROPOSED_NO_MEASURED_ROI
reports/2026-10-04/cross_document_consistency/tables/u_review_batch05_checks.csv,u_review_batch05_checks,8,terms_found,HISTORICAL_REPORT_OUTPUT,e3a14008ef80f9cb6d5c8c441ea45f0199d3c555777399f2800a8e30301ade5d,72,9,63,尚未完成欄位語義核實；需來源業務定義、單位、粒度與用途,UNRESOLVED,,REVIEW_REQUIRED,待資料負責人確認,UNKNOWN,NOT_ESTABLISHED,,,UNKNOWN_NOT_APPLICABLE_OR_NOT_RECORDED; DO_NOT_IMPUTE_ZERO,UNASSIGNED,PROPOSED_NO_MEASURED_ROI
reports/2026-10-04/cross_document_consistency/tables/u_review_batch05_checks.csv,u_review_batch05_checks,9,verdict,HISTORICAL_REPORT_OUTPUT,e3a14008ef80f9cb6d5c8c441ea45f0199d3c555777399f2800a8e30301ade5d,72,0,4,尚未完成欄位語義核實；需來源業務定義、單位、粒度與用途,UNRESOLVED,,REVIEW_REQUIRED,待資料負責人確認,UNKNOWN,NOT_ESTABLISHED,,,UNKNOWN_NOT_APPLICABLE_OR_NOT_RECORDED; DO_NOT_IMPUTE_ZERO,UNASSIGNED,PROPOSED_NO_MEASURED_ROI
reports/2026-10-04/cross_document_consistency/tables/u_review_batch05_checks.csv,u_review_batch05_checks,10,error,HISTORICAL_REPORT_OUTPUT,e3a14008ef80f9cb6d5c8c441ea45f0199d3c555777399f2800a8e30301ade5d,72,68,4,尚未完成欄位語義核實；需來源業務定義、單位、粒度與用途,UNRESOLVED,,REVIEW_REQUIRED,待資料負責人確認,UNKNOWN,NOT_ESTABLISHED,,,UNKNOWN_NOT_APPLICABLE_OR_NOT_RECORDED; DO_NOT_IMPUTE_ZERO,UNASSIGNED,PROPOSED_NO_MEASURED_ROI
reports/2026-10-04/cross_document_consistency/tables/u_review_batch05_checks.csv,u_review_batch05_checks,11,checked_at,HISTORICAL_REPORT_OUTPUT,e3a14008ef80f9cb6d5c8c441ea45f0199d3c555777399f2800a8e30301ade5d,72,0,21,資料截至／檢查／審核／搜索／取得時間；各欄依操作分別解讀，時區不可猜,PROPOSED_CONTEXT_REVIEW,build_semantic_catalog.py: explicit proposed glossary,REVIEW_REQUIRED,新鮮度與審核時點,SOURCE_DATE_OR_TIMESTAMP,NOT_ESTABLISHED,,,UNKNOWN_NOT_APPLICABLE_OR_NOT_RECORDED; DO_NOT_IMPUTE_ZERO,UNASSIGNED,PROPOSED_NO_MEASURED_ROI
reports/2026-10-04/cross_document_consistency/tables/u_review_batch05_urls.csv,u_review_batch05_urls,1,id,HISTORICAL_REPORT_OUTPUT,db262d90c93a4de6b53335f4e644c60c2379469ac0ada1b0a0b102d716e51781,72,0,72,尚未完成欄位語義核實；需來源業務定義、單位、粒度與用途,UNRESOLVED,,REVIEW_REQUIRED,待資料負責人確認,UNKNOWN,NOT_ESTABLISHED,,,UNKNOWN_NOT_APPLICABLE_OR_NOT_RECORDED; DO_NOT_IMPUTE_ZERO,UNASSIGNED,PROPOSED_NO_MEASURED_ROI
reports/2026-10-04/cross_document_consistency/tables/u_review_batch05_urls.csv,u_review_batch05_urls,2,url,HISTORICAL_REPORT_OUTPUT,db262d90c93a4de6b53335f4e644c60c2379469ac0ada1b0a0b102d716e51781,72,0,72,來源位址、檔案或行號；連結存在不代表內容可讀或支持主張,PROPOSED_CONTEXT_REVIEW,build_semantic_catalog.py: explicit proposed glossary,REVIEW_REQUIRED,證據定位,NOT_APPLICABLE,NOT_ESTABLISHED,,,UNKNOWN_NOT_APPLICABLE_OR_NOT_RECORDED; DO_NOT_IMPUTE_ZERO,UNASSIGNED,PROPOSED_NO_MEASURED_ROI
reports/2026-10-04/cross_document_consistency/tables/u_review_batch05_urls.csv,u_review_batch05_urls,3,terms,HISTORICAL_REPORT_OUTPUT,db262d90c93a4de6b53335f4e644c60c2379469ac0ada1b0a0b102d716e51781,72,0,72,尚未完成欄位語義核實；需來源業務定義、單位、粒度與用途,UNRESOLVED,,REVIEW_REQUIRED,待資料負責人確認,UNKNOWN,NOT_ESTABLISHED,,,UNKNOWN_NOT_APPLICABLE_OR_NOT_RECORDED; DO_NOT_IMPUTE_ZERO,UNASSIGNED,PROPOSED_NO_MEASURED_ROI
reports/2026-10-04/cross_document_consistency/tables/u_review_batch06_adjudication.csv,u_review_batch06_adjudication,1,registry_id,HISTORICAL_REPORT_OUTPUT,33a021435a083b1295e9c2ee79941a813d3a3274b6760ac9fb7aa4b3e79c75ce,21,0,21,尚未完成欄位語義核實；需來源業務定義、單位、粒度與用途,UNRESOLVED,,REVIEW_REQUIRED,待資料負責人確認,UNKNOWN,NOT_ESTABLISHED,,,UNKNOWN_NOT_APPLICABLE_OR_NOT_RECORDED; DO_NOT_IMPUTE_ZERO,UNASSIGNED,PROPOSED_NO_MEASURED_ROI
reports/2026-10-04/cross_document_consistency/tables/u_review_batch06_adjudication.csv,u_review_batch06_adjudication,2,registry_name,HISTORICAL_REPORT_OUTPUT,33a021435a083b1295e9c2ee79941a813d3a3274b6760ac9fb7aa4b3e79c75ce,21,0,21,尚未完成欄位語義核實；需來源業務定義、單位、粒度與用途,UNRESOLVED,,REVIEW_REQUIRED,待資料負責人確認,UNKNOWN,NOT_ESTABLISHED,,,UNKNOWN_NOT_APPLICABLE_OR_NOT_RECORDED; DO_NOT_IMPUTE_ZERO,UNASSIGNED,PROPOSED_NO_MEASURED_ROI
reports/2026-10-04/cross_document_consistency/tables/u_review_batch06_adjudication.csv,u_review_batch06_adjudication,3,prior_status,HISTORICAL_REPORT_OUTPUT,33a021435a083b1295e9c2ee79941a813d3a3274b6760ac9fb7aa4b3e79c75ce,21,0,1,尚未完成欄位語義核實；需來源業務定義、單位、粒度與用途,UNRESOLVED,,REVIEW_REQUIRED,待資料負責人確認,UNKNOWN,NOT_ESTABLISHED,,,UNKNOWN_NOT_APPLICABLE_OR_NOT_RECORDED; DO_NOT_IMPUTE_ZERO,UNASSIGNED,PROPOSED_NO_MEASURED_ROI
reports/2026-10-04/cross_document_consistency/tables/u_review_batch06_adjudication.csv,u_review_batch06_adjudication,4,final_status,HISTORICAL_REPORT_OUTPUT,33a021435a083b1295e9c2ee79941a813d3a3274b6760ac9fb7aa4b3e79c75ce,21,0,3,尚未完成欄位語義核實；需來源業務定義、單位、粒度與用途,UNRESOLVED,,REVIEW_REQUIRED,待資料負責人確認,UNKNOWN,NOT_ESTABLISHED,,,UNKNOWN_NOT_APPLICABLE_OR_NOT_RECORDED; DO_NOT_IMPUTE_ZERO,UNASSIGNED,PROPOSED_NO_MEASURED_ROI
reports/2026-10-04/cross_document_consistency/tables/u_review_batch06_adjudication.csv,u_review_batch06_adjudication,5,basis,HISTORICAL_REPORT_OUTPUT,33a021435a083b1295e9c2ee79941a813d3a3274b6760ac9fb7aa4b3e79c75ce,21,0,1,尚未完成欄位語義核實；需來源業務定義、單位、粒度與用途,UNRESOLVED,,REVIEW_REQUIRED,待資料負責人確認,UNKNOWN,NOT_ESTABLISHED,,,UNKNOWN_NOT_APPLICABLE_OR_NOT_RECORDED; DO_NOT_IMPUTE_ZERO,UNASSIGNED,PROPOSED_NO_MEASURED_ROI
reports/2026-10-04/cross_document_consistency/tables/u_review_batch06_adjudication.csv,u_review_batch06_adjudication,6,evidence_url,HISTORICAL_REPORT_OUTPUT,33a021435a083b1295e9c2ee79941a813d3a3274b6760ac9fb7aa4b3e79c75ce,21,7,14,來源位址、檔案或行號；連結存在不代表內容可讀或支持主張,PROPOSED_CONTEXT_REVIEW,build_semantic_catalog.py: explicit proposed glossary,REVIEW_REQUIRED,證據定位,NOT_APPLICABLE,NOT_ESTABLISHED,,,UNKNOWN_NOT_APPLICABLE_OR_NOT_RECORDED; DO_NOT_IMPUTE_ZERO,UNASSIGNED,PROPOSED_NO_MEASURED_ROI
reports/2026-10-04/cross_document_consistency/tables/u_review_batch06_adjudication.csv,u_review_batch06_adjudication,7,cited_url,HISTORICAL_REPORT_OUTPUT,33a021435a083b1295e9c2ee79941a813d3a3274b6760ac9fb7aa4b3e79c75ce,21,7,14,尚未完成欄位語義核實；需來源業務定義、單位、粒度與用途,UNRESOLVED,,REVIEW_REQUIRED,待資料負責人確認,UNKNOWN,NOT_ESTABLISHED,,,UNKNOWN_NOT_APPLICABLE_OR_NOT_RECORDED; DO_NOT_IMPUTE_ZERO,UNASSIGNED,PROPOSED_NO_MEASURED_ROI
reports/2026-10-04/cross_document_consistency/tables/u_review_batch06_adjudication.csv,u_review_batch06_adjudication,8,cited_url_http,HISTORICAL_REPORT_OUTPUT,33a021435a083b1295e9c2ee79941a813d3a3274b6760ac9fb7aa4b3e79c75ce,21,21,0,尚未完成欄位語義核實；需來源業務定義、單位、粒度與用途,UNRESOLVED,,REVIEW_REQUIRED,待資料負責人確認,UNKNOWN,NOT_ESTABLISHED,,,UNKNOWN_NOT_APPLICABLE_OR_NOT_RECORDED; DO_NOT_IMPUTE_ZERO,UNASSIGNED,PROPOSED_NO_MEASURED_ROI
reports/2026-10-04/cross_document_consistency/tables/u_review_batch06_adjudication.csv,u_review_batch06_adjudication,9,note,HISTORICAL_REPORT_OUTPUT,33a021435a083b1295e9c2ee79941a813d3a3274b6760ac9fb7aa4b3e79c75ce,21,0,20,尚未完成欄位語義核實；需來源業務定義、單位、粒度與用途,UNRESOLVED,,REVIEW_REQUIRED,待資料負責人確認,UNKNOWN,NOT_ESTABLISHED,,,UNKNOWN_NOT_APPLICABLE_OR_NOT_RECORDED; DO_NOT_IMPUTE_ZERO,UNASSIGNED,PROPOSED_NO_MEASURED_ROI
reports/2026-10-04/cross_document_consistency/tables/u_review_batch06_adjudication.csv,u_review_batch06_adjudication,10,checked_at,HISTORICAL_REPORT_OUTPUT,33a021435a083b1295e9c2ee79941a813d3a3274b6760ac9fb7aa4b3e79c75ce,21,0,1,資料截至／檢查／審核／搜索／取得時間；各欄依操作分別解讀，時區不可猜,PROPOSED_CONTEXT_REVIEW,build_semantic_catalog.py: explicit proposed glossary,REVIEW_REQUIRED,新鮮度與審核時點,SOURCE_DATE_OR_TIMESTAMP,NOT_ESTABLISHED,,,UNKNOWN_NOT_APPLICABLE_OR_NOT_RECORDED; DO_NOT_IMPUTE_ZERO,UNASSIGNED,PROPOSED_NO_MEASURED_ROI
reports/2026-10-04/cross_document_consistency/tables/u_review_batch06_adjudication.csv,u_review_batch06_adjudication,11,supersedes,HISTORICAL_REPORT_OUTPUT,33a021435a083b1295e9c2ee79941a813d3a3274b6760ac9fb7aa4b3e79c75ce,21,19,1,尚未完成欄位語義核實；需來源業務定義、單位、粒度與用途,UNRESOLVED,,REVIEW_REQUIRED,待資料負責人確認,UNKNOWN,NOT_ESTABLISHED,,,UNKNOWN_NOT_APPLICABLE_OR_NOT_RECORDED; DO_NOT_IMPUTE_ZERO,UNASSIGNED,PROPOSED_NO_MEASURED_ROI
reports/2026-10-04/cross_document_consistency/tables/v_candidate_adjudication.csv,v_candidate_adjudication,1,registry_id,HISTORICAL_REPORT_OUTPUT,0b1c2b533e869883a8e8151401e2fd66e12b0af2b454137ab70d725536bd3020,56,0,56,尚未完成欄位語義核實；需來源業務定義、單位、粒度與用途,UNRESOLVED,,REVIEW_REQUIRED,待資料負責人確認,UNKNOWN,NOT_ESTABLISHED,,,UNKNOWN_NOT_APPLICABLE_OR_NOT_RECORDED; DO_NOT_IMPUTE_ZERO,UNASSIGNED,PROPOSED_NO_MEASURED_ROI
reports/2026-10-04/cross_document_consistency/tables/v_candidate_adjudication.csv,v_candidate_adjudication,2,registry_name,HISTORICAL_REPORT_OUTPUT,0b1c2b533e869883a8e8151401e2fd66e12b0af2b454137ab70d725536bd3020,56,0,56,尚未完成欄位語義核實；需來源業務定義、單位、粒度與用途,UNRESOLVED,,REVIEW_REQUIRED,待資料負責人確認,UNKNOWN,NOT_ESTABLISHED,,,UNKNOWN_NOT_APPLICABLE_OR_NOT_RECORDED; DO_NOT_IMPUTE_ZERO,UNASSIGNED,PROPOSED_NO_MEASURED_ROI
reports/2026-10-04/cross_document_consistency/tables/v_candidate_adjudication.csv,v_candidate_adjudication,3,prior_status,HISTORICAL_REPORT_OUTPUT,0b1c2b533e869883a8e8151401e2fd66e12b0af2b454137ab70d725536bd3020,56,0,1,尚未完成欄位語義核實；需來源業務定義、單位、粒度與用途,UNRESOLVED,,REVIEW_REQUIRED,待資料負責人確認,UNKNOWN,NOT_ESTABLISHED,,,UNKNOWN_NOT_APPLICABLE_OR_NOT_RECORDED; DO_NOT_IMPUTE_ZERO,UNASSIGNED,PROPOSED_NO_MEASURED_ROI
reports/2026-10-04/cross_document_consistency/tables/v_candidate_adjudication.csv,v_candidate_adjudication,4,final_status,HISTORICAL_REPORT_OUTPUT,0b1c2b533e869883a8e8151401e2fd66e12b0af2b454137ab70d725536bd3020,56,0,3,尚未完成欄位語義核實；需來源業務定義、單位、粒度與用途,UNRESOLVED,,REVIEW_REQUIRED,待資料負責人確認,UNKNOWN,NOT_ESTABLISHED,,,UNKNOWN_NOT_APPLICABLE_OR_NOT_RECORDED; DO_NOT_IMPUTE_ZERO,UNASSIGNED,PROPOSED_NO_MEASURED_ROI
reports/2026-10-04/cross_document_consistency/tables/v_candidate_adjudication.csv,v_candidate_adjudication,5,basis,HISTORICAL_REPORT_OUTPUT,0b1c2b533e869883a8e8151401e2fd66e12b0af2b454137ab70d725536bd3020,56,0,2,尚未完成欄位語義核實；需來源業務定義、單位、粒度與用途,UNRESOLVED,,REVIEW_REQUIRED,待資料負責人確認,UNKNOWN,NOT_ESTABLISHED,,,UNKNOWN_NOT_APPLICABLE_OR_NOT_RECORDED; DO_NOT_IMPUTE_ZERO,UNASSIGNED,PROPOSED_NO_MEASURED_ROI
reports/2026-10-04/cross_document_consistency/tables/v_candidate_adjudication.csv,v_candidate_adjudication,6,evidence_url,HISTORICAL_REPORT_OUTPUT,0b1c2b533e869883a8e8151401e2fd66e12b0af2b454137ab70d725536bd3020,56,0,56,來源位址、檔案或行號；連結存在不代表內容可讀或支持主張,PROPOSED_CONTEXT_REVIEW,build_semantic_catalog.py: explicit proposed glossary,REVIEW_REQUIRED,證據定位,NOT_APPLICABLE,NOT_ESTABLISHED,,,UNKNOWN_NOT_APPLICABLE_OR_NOT_RECORDED; DO_NOT_IMPUTE_ZERO,UNASSIGNED,PROPOSED_NO_MEASURED_ROI
reports/2026-10-04/cross_document_consistency/tables/v_candidate_adjudication.csv,v_candidate_adjudication,7,cited_url,HISTORICAL_REPORT_OUTPUT,0b1c2b533e869883a8e8151401e2fd66e12b0af2b454137ab70d725536bd3020,56,0,55,尚未完成欄位語義核實；需來源業務定義、單位、粒度與用途,UNRESOLVED,,REVIEW_REQUIRED,待資料負責人確認,UNKNOWN,NOT_ESTABLISHED,,,UNKNOWN_NOT_APPLICABLE_OR_NOT_RECORDED; DO_NOT_IMPUTE_ZERO,UNASSIGNED,PROPOSED_NO_MEASURED_ROI
reports/2026-10-04/cross_document_consistency/tables/v_candidate_adjudication.csv,v_candidate_adjudication,8,cited_url_http,HISTORICAL_REPORT_OUTPUT,0b1c2b533e869883a8e8151401e2fd66e12b0af2b454137ab70d725536bd3020,56,0,4,尚未完成欄位語義核實；需來源業務定義、單位、粒度與用途,UNRESOLVED,,REVIEW_REQUIRED,待資料負責人確認,UNKNOWN,NOT_ESTABLISHED,,,UNKNOWN_NOT_APPLICABLE_OR_NOT_RECORDED; DO_NOT_IMPUTE_ZERO,UNASSIGNED,PROPOSED_NO_MEASURED_ROI
reports/2026-10-04/cross_document_consistency/tables/v_candidate_adjudication.csv,v_candidate_adjudication,9,note,HISTORICAL_REPORT_OUTPUT,0b1c2b533e869883a8e8151401e2fd66e12b0af2b454137ab70d725536bd3020,56,0,56,尚未完成欄位語義核實；需來源業務定義、單位、粒度與用途,UNRESOLVED,,REVIEW_REQUIRED,待資料負責人確認,UNKNOWN,NOT_ESTABLISHED,,,UNKNOWN_NOT_APPLICABLE_OR_NOT_RECORDED; DO_NOT_IMPUTE_ZERO,UNASSIGNED,PROPOSED_NO_MEASURED_ROI
reports/2026-10-04/cross_document_consistency/tables/v_candidate_adjudication.csv,v_candidate_adjudication,10,checked_at,HISTORICAL_REPORT_OUTPUT,0b1c2b533e869883a8e8151401e2fd66e12b0af2b454137ab70d725536bd3020,56,0,12,資料截至／檢查／審核／搜索／取得時間；各欄依操作分別解讀，時區不可猜,PROPOSED_CONTEXT_REVIEW,build_semantic_catalog.py: explicit proposed glossary,REVIEW_REQUIRED,新鮮度與審核時點,SOURCE_DATE_OR_TIMESTAMP,NOT_ESTABLISHED,,,UNKNOWN_NOT_APPLICABLE_OR_NOT_RECORDED; DO_NOT_IMPUTE_ZERO,UNASSIGNED,PROPOSED_NO_MEASURED_ROI
reports/2026-10-04/cross_document_consistency/tables/v_candidate_checks.csv,v_candidate_checks,1,registry_id,HISTORICAL_REPORT_OUTPUT,069a0474228ea42750126a452c4978cd975224a6893cea74a50f392c694782b4,56,0,56,尚未完成欄位語義核實；需來源業務定義、單位、粒度與用途,UNRESOLVED,,REVIEW_REQUIRED,待資料負責人確認,UNKNOWN,NOT_ESTABLISHED,,,UNKNOWN_NOT_APPLICABLE_OR_NOT_RECORDED; DO_NOT_IMPUTE_ZERO,UNASSIGNED,PROPOSED_NO_MEASURED_ROI
reports/2026-10-04/cross_document_consistency/tables/v_candidate_checks.csv,v_candidate_checks,2,registry_name,HISTORICAL_REPORT_OUTPUT,069a0474228ea42750126a452c4978cd975224a6893cea74a50f392c694782b4,56,0,56,尚未完成欄位語義核實；需來源業務定義、單位、粒度與用途,UNRESOLVED,,REVIEW_REQUIRED,待資料負責人確認,UNKNOWN,NOT_ESTABLISHED,,,UNKNOWN_NOT_APPLICABLE_OR_NOT_RECORDED; DO_NOT_IMPUTE_ZERO,UNASSIGNED,PROPOSED_NO_MEASURED_ROI
reports/2026-10-04/cross_document_consistency/tables/v_candidate_checks.csv,v_candidate_checks,3,url,HISTORICAL_REPORT_OUTPUT,069a0474228ea42750126a452c4978cd975224a6893cea74a50f392c694782b4,56,0,55,來源位址、檔案或行號；連結存在不代表內容可讀或支持主張,PROPOSED_CONTEXT_REVIEW,build_semantic_catalog.py: explicit proposed glossary,REVIEW_REQUIRED,證據定位,NOT_APPLICABLE,NOT_ESTABLISHED,,,UNKNOWN_NOT_APPLICABLE_OR_NOT_RECORDED; DO_NOT_IMPUTE_ZERO,UNASSIGNED,PROPOSED_NO_MEASURED_ROI
reports/2026-10-04/cross_document_consistency/tables/v_candidate_checks.csv,v_candidate_checks,4,http_status,HISTORICAL_REPORT_OUTPUT,069a0474228ea42750126a452c4978cd975224a6893cea74a50f392c694782b4,56,0,4,尚未完成欄位語義核實；需來源業務定義、單位、粒度與用途,UNRESOLVED,,REVIEW_REQUIRED,待資料負責人確認,UNKNOWN,NOT_ESTABLISHED,,,UNKNOWN_NOT_APPLICABLE_OR_NOT_RECORDED; DO_NOT_IMPUTE_ZERO,UNASSIGNED,PROPOSED_NO_MEASURED_ROI
reports/2026-10-04/cross_document_consistency/tables/v_candidate_checks.csv,v_candidate_checks,5,final_url,HISTORICAL_REPORT_OUTPUT,069a0474228ea42750126a452c4978cd975224a6893cea74a50f392c694782b4,56,0,55,尚未完成欄位語義核實；需來源業務定義、單位、粒度與用途,UNRESOLVED,,REVIEW_REQUIRED,待資料負責人確認,UNKNOWN,NOT_ESTABLISHED,,,UNKNOWN_NOT_APPLICABLE_OR_NOT_RECORDED; DO_NOT_IMPUTE_ZERO,UNASSIGNED,PROPOSED_NO_MEASURED_ROI
reports/2026-10-04/cross_document_consistency/tables/v_candidate_checks.csv,v_candidate_checks,6,title,HISTORICAL_REPORT_OUTPUT,069a0474228ea42750126a452c4978cd975224a6893cea74a50f392c694782b4,56,3,52,尚未完成欄位語義核實；需來源業務定義、單位、粒度與用途,UNRESOLVED,,REVIEW_REQUIRED,待資料負責人確認,UNKNOWN,NOT_ESTABLISHED,,,UNKNOWN_NOT_APPLICABLE_OR_NOT_RECORDED; DO_NOT_IMPUTE_ZERO,UNASSIGNED,PROPOSED_NO_MEASURED_ROI
reports/2026-10-04/cross_document_consistency/tables/v_candidate_checks.csv,v_candidate_checks,7,bytes,HISTORICAL_REPORT_OUTPUT,069a0474228ea42750126a452c4978cd975224a6893cea74a50f392c694782b4,56,0,55,記錄列數或位元組數；不代表機構、資訊或成果數,PROPOSED_CONTEXT_REVIEW,build_semantic_catalog.py: explicit proposed glossary,REVIEW_REQUIRED,完整性与儲存規劃,ROW_OR_BYTE_BY_COLUMN,NOT_ESTABLISHED,,,UNKNOWN_NOT_APPLICABLE_OR_NOT_RECORDED; DO_NOT_IMPUTE_ZERO,UNASSIGNED,PROPOSED_NO_MEASURED_ROI
reports/2026-10-04/cross_document_consistency/tables/v_candidate_checks.csv,v_candidate_checks,8,sha256,HISTORICAL_REPORT_OUTPUT,069a0474228ea42750126a452c4978cd975224a6893cea74a50f392c694782b4,56,1,54,內容指紋；完整性核對不能證明內容真實,PROPOSED_CONTEXT_REVIEW,build_semantic_catalog.py: explicit proposed glossary,REVIEW_REQUIRED,版本與變更定位,HASH,NOT_ESTABLISHED,,,UNKNOWN_NOT_APPLICABLE_OR_NOT_RECORDED; DO_NOT_IMPUTE_ZERO,UNASSIGNED,PROPOSED_NO_MEASURED_ROI
reports/2026-10-04/cross_document_consistency/tables/v_candidate_checks.csv,v_candidate_checks,9,name_terms_found,HISTORICAL_REPORT_OUTPUT,069a0474228ea42750126a452c4978cd975224a6893cea74a50f392c694782b4,56,15,41,尚未完成欄位語義核實；需來源業務定義、單位、粒度與用途,UNRESOLVED,,REVIEW_REQUIRED,待資料負責人確認,UNKNOWN,NOT_ESTABLISHED,,,UNKNOWN_NOT_APPLICABLE_OR_NOT_RECORDED; DO_NOT_IMPUTE_ZERO,UNASSIGNED,PROPOSED_NO_MEASURED_ROI
reports/2026-10-04/cross_document_consistency/tables/v_candidate_checks.csv,v_candidate_checks,10,verdict,HISTORICAL_REPORT_OUTPUT,069a0474228ea42750126a452c4978cd975224a6893cea74a50f392c694782b4,56,0,4,尚未完成欄位語義核實；需來源業務定義、單位、粒度與用途,UNRESOLVED,,REVIEW_REQUIRED,待資料負責人確認,UNKNOWN,NOT_ESTABLISHED,,,UNKNOWN_NOT_APPLICABLE_OR_NOT_RECORDED; DO_NOT_IMPUTE_ZERO,UNASSIGNED,PROPOSED_NO_MEASURED_ROI
reports/2026-10-04/cross_document_consistency/tables/v_candidate_checks.csv,v_candidate_checks,11,error,HISTORICAL_REPORT_OUTPUT,069a0474228ea42750126a452c4978cd975224a6893cea74a50f392c694782b4,56,55,1,尚未完成欄位語義核實；需來源業務定義、單位、粒度與用途,UNRESOLVED,,REVIEW_REQUIRED,待資料負責人確認,UNKNOWN,NOT_ESTABLISHED,,,UNKNOWN_NOT_APPLICABLE_OR_NOT_RECORDED; DO_NOT_IMPUTE_ZERO,UNASSIGNED,PROPOSED_NO_MEASURED_ROI
reports/2026-10-04/cross_document_consistency/tables/v_candidate_checks.csv,v_candidate_checks,12,checked_at,HISTORICAL_REPORT_OUTPUT,069a0474228ea42750126a452c4978cd975224a6893cea74a50f392c694782b4,56,0,12,資料截至／檢查／審核／搜索／取得時間；各欄依操作分別解讀，時區不可猜,PROPOSED_CONTEXT_REVIEW,build_semantic_catalog.py: explicit proposed glossary,REVIEW_REQUIRED,新鮮度與審核時點,SOURCE_DATE_OR_TIMESTAMP,NOT_ESTABLISHED,,,UNKNOWN_NOT_APPLICABLE_OR_NOT_RECORDED; DO_NOT_IMPUTE_ZERO,UNASSIGNED,PROPOSED_NO_MEASURED_ROI
reports/2026-10-04/dgef/tables/coverage/表施工与数据覆盖对账.csv,表施工与数据覆盖对账,1,table,HISTORICAL_REPORT_OUTPUT,d5aded8b095cc94a5d1f1716fb6709b20eb7b670f5394855a876dea97cff314d,44,0,44,尚未完成欄位語義核實；需來源業務定義、單位、粒度與用途,UNRESOLVED,,REVIEW_REQUIRED,待資料負責人確認,UNKNOWN,NOT_ESTABLISHED,,,UNKNOWN_NOT_APPLICABLE_OR_NOT_RECORDED; DO_NOT_IMPUTE_ZERO,UNASSIGNED,PROPOSED_NO_MEASURED_ROI
reports/2026-10-04/dgef/tables/coverage/表施工与数据覆盖对账.csv,表施工与数据覆盖对账,2,name_zh,HISTORICAL_REPORT_OUTPUT,d5aded8b095cc94a5d1f1716fb6709b20eb7b670f5394855a876dea97cff314d,44,0,44,尚未完成欄位語義核實；需來源業務定義、單位、粒度與用途,UNRESOLVED,,REVIEW_REQUIRED,待資料負責人確認,UNKNOWN,NOT_ESTABLISHED,,,UNKNOWN_NOT_APPLICABLE_OR_NOT_RECORDED; DO_NOT_IMPUTE_ZERO,UNASSIGNED,PROPOSED_NO_MEASURED_ROI
reports/2026-10-04/dgef/tables/coverage/表施工与数据覆盖对账.csv,表施工与数据覆盖对账,3,grain,HISTORICAL_REPORT_OUTPUT,d5aded8b095cc94a5d1f1716fb6709b20eb7b670f5394855a876dea97cff314d,44,0,24,尚未完成欄位語義核實；需來源業務定義、單位、粒度與用途,UNRESOLVED,,REVIEW_REQUIRED,待資料負責人確認,UNKNOWN,NOT_ESTABLISHED,,,UNKNOWN_NOT_APPLICABLE_OR_NOT_RECORDED; DO_NOT_IMPUTE_ZERO,UNASSIGNED,PROPOSED_NO_MEASURED_ROI
reports/2026-10-04/dgef/tables/coverage/表施工与数据覆盖对账.csv,表施工与数据覆盖对账,4,records,HISTORICAL_REPORT_OUTPUT,d5aded8b095cc94a5d1f1716fb6709b20eb7b670f5394855a876dea97cff314d,44,0,28,尚未完成欄位語義核實；需來源業務定義、單位、粒度與用途,UNRESOLVED,,REVIEW_REQUIRED,待資料負責人確認,UNKNOWN,NOT_ESTABLISHED,,,UNKNOWN_NOT_APPLICABLE_OR_NOT_RECORDED; DO_NOT_IMPUTE_ZERO,UNASSIGNED,PROPOSED_NO_MEASURED_ROI
reports/2026-10-04/dgef/tables/coverage/表施工与数据覆盖对账.csv,表施工与数据覆盖对账,5,status,HISTORICAL_REPORT_OUTPUT,d5aded8b095cc94a5d1f1716fb6709b20eb7b670f5394855a876dea97cff314d,44,0,2,尚未完成欄位語義核實；需來源業務定義、單位、粒度與用途,UNRESOLVED,,REVIEW_REQUIRED,待資料負責人確認,UNKNOWN,NOT_ESTABLISHED,,,UNKNOWN_NOT_APPLICABLE_OR_NOT_RECORDED; DO_NOT_IMPUTE_ZERO,UNASSIGNED,PROPOSED_NO_MEASURED_ROI
reports/2026-10-04/dgef/tables/coverage/表施工与数据覆盖对账.csv,表施工与数据覆盖对账,6,source_route,HISTORICAL_REPORT_OUTPUT,d5aded8b095cc94a5d1f1716fb6709b20eb7b670f5394855a876dea97cff314d,44,0,2,尚未完成欄位語義核實；需來源業務定義、單位、粒度與用途,UNRESOLVED,,REVIEW_REQUIRED,待資料負責人確認,UNKNOWN,NOT_ESTABLISHED,,,UNKNOWN_NOT_APPLICABLE_OR_NOT_RECORDED; DO_NOT_IMPUTE_ZERO,UNASSIGNED,PROPOSED_NO_MEASURED_ROI
reports/2026-10-04/dgef/tables/coverage/表施工与数据覆盖对账.csv,表施工与数据覆盖对账,7,gap_reason,HISTORICAL_REPORT_OUTPUT,d5aded8b095cc94a5d1f1716fb6709b20eb7b670f5394855a876dea97cff314d,44,0,9,尚未完成欄位語義核實；需來源業務定義、單位、粒度與用途,UNRESOLVED,,REVIEW_REQUIRED,待資料負責人確認,UNKNOWN,NOT_ESTABLISHED,,,UNKNOWN_NOT_APPLICABLE_OR_NOT_RECORDED; DO_NOT_IMPUTE_ZERO,UNASSIGNED,PROPOSED_NO_MEASURED_ROI
reports/2026-10-04/table_reclassification/数据表分类总索引.csv,数据表分类总索引,1,old_path,HISTORICAL_REPORT_OUTPUT,845eeb85dd1de54835b61521f81072f9dcc480cc2a5afcb851751e5bd618ad72,65,0,65,尚未完成欄位語義核實；需來源業務定義、單位、粒度與用途,UNRESOLVED,,REVIEW_REQUIRED,待資料負責人確認,UNKNOWN,NOT_ESTABLISHED,,,UNKNOWN_NOT_APPLICABLE_OR_NOT_RECORDED; DO_NOT_IMPUTE_ZERO,UNASSIGNED,PROPOSED_NO_MEASURED_ROI
reports/2026-10-04/table_reclassification/数据表分类总索引.csv,数据表分类总索引,2,new_path,HISTORICAL_REPORT_OUTPUT,845eeb85dd1de54835b61521f81072f9dcc480cc2a5afcb851751e5bd618ad72,65,0,65,尚未完成欄位語義核實；需來源業務定義、單位、粒度與用途,UNRESOLVED,,REVIEW_REQUIRED,待資料負責人確認,UNKNOWN,NOT_ESTABLISHED,,,UNKNOWN_NOT_APPLICABLE_OR_NOT_RECORDED; DO_NOT_IMPUTE_ZERO,UNASSIGNED,PROPOSED_NO_MEASURED_ROI
reports/2026-10-04/table_reclassification/数据表分类总索引.csv,数据表分类总索引,3,category,HISTORICAL_REPORT_OUTPUT,845eeb85dd1de54835b61521f81072f9dcc480cc2a5afcb851751e5bd618ad72,65,0,21,尚未完成欄位語義核實；需來源業務定義、單位、粒度與用途,UNRESOLVED,,REVIEW_REQUIRED,待資料負責人確認,UNKNOWN,NOT_ESTABLISHED,,,UNKNOWN_NOT_APPLICABLE_OR_NOT_RECORDED; DO_NOT_IMPUTE_ZERO,UNASSIGNED,PROPOSED_NO_MEASURED_ROI
reports/2026-10-04/table_reclassification/数据表分类总索引.csv,数据表分类总索引,4,bytes,HISTORICAL_REPORT_OUTPUT,845eeb85dd1de54835b61521f81072f9dcc480cc2a5afcb851751e5bd618ad72,65,0,64,記錄列數或位元組數；不代表機構、資訊或成果數,PROPOSED_CONTEXT_REVIEW,build_semantic_catalog.py: explicit proposed glossary,REVIEW_REQUIRED,完整性与儲存規劃,ROW_OR_BYTE_BY_COLUMN,NOT_ESTABLISHED,,,UNKNOWN_NOT_APPLICABLE_OR_NOT_RECORDED; DO_NOT_IMPUTE_ZERO,UNASSIGNED,PROPOSED_NO_MEASURED_ROI
reports/2026-10-04/table_reclassification/数据表分类总索引.csv,数据表分类总索引,5,sha256,HISTORICAL_REPORT_OUTPUT,845eeb85dd1de54835b61521f81072f9dcc480cc2a5afcb851751e5bd618ad72,65,0,65,內容指紋；完整性核對不能證明內容真實,PROPOSED_CONTEXT_REVIEW,build_semantic_catalog.py: explicit proposed glossary,REVIEW_REQUIRED,版本與變更定位,HASH,NOT_ESTABLISHED,,,UNKNOWN_NOT_APPLICABLE_OR_NOT_RECORDED; DO_NOT_IMPUTE_ZERO,UNASSIGNED,PROPOSED_NO_MEASURED_ROI
reports/2026-10-04/table_reclassification/数据表分类总索引.csv,数据表分类总索引,6,moved,HISTORICAL_REPORT_OUTPUT,845eeb85dd1de54835b61521f81072f9dcc480cc2a5afcb851751e5bd618ad72,65,0,2,尚未完成欄位語義核實；需來源業務定義、單位、粒度與用途,UNRESOLVED,,REVIEW_REQUIRED,待資料負責人確認,UNKNOWN,NOT_ESTABLISHED,,,UNKNOWN_NOT_APPLICABLE_OR_NOT_RECORDED; DO_NOT_IMPUTE_ZERO,UNASSIGNED,PROPOSED_NO_MEASURED_ROI
reports/2026-10-04/tables/01_services/strategy_services_registry.csv,strategy_services_registry,1,id,HISTORICAL_REPORT_OUTPUT,3716f37854c7af08cc0b41a8c4e565f1d74f3f0cb56bbbb776b87794f6033801,405,0,405,尚未完成欄位語義核實；需來源業務定義、單位、粒度與用途,UNRESOLVED,,REVIEW_REQUIRED,待資料負責人確認,UNKNOWN,NOT_ESTABLISHED,,,UNKNOWN_NOT_APPLICABLE_OR_NOT_RECORDED; DO_NOT_IMPUTE_ZERO,UNASSIGNED,PROPOSED_NO_MEASURED_ROI
reports/2026-10-04/tables/01_services/strategy_services_registry.csv,strategy_services_registry,2,category,HISTORICAL_REPORT_OUTPUT,3716f37854c7af08cc0b41a8c4e565f1d74f3f0cb56bbbb776b87794f6033801,405,0,25,尚未完成欄位語義核實；需來源業務定義、單位、粒度與用途,UNRESOLVED,,REVIEW_REQUIRED,待資料負責人確認,UNKNOWN,NOT_ESTABLISHED,,,UNKNOWN_NOT_APPLICABLE_OR_NOT_RECORDED; DO_NOT_IMPUTE_ZERO,UNASSIGNED,PROPOSED_NO_MEASURED_ROI
reports/2026-10-04/tables/01_services/strategy_services_registry.csv,strategy_services_registry,3,name,HISTORICAL_REPORT_OUTPUT,3716f37854c7af08cc0b41a8c4e565f1d74f3f0cb56bbbb776b87794f6033801,405,0,405,尚未完成欄位語義核實；需來源業務定義、單位、粒度與用途,UNRESOLVED,,REVIEW_REQUIRED,待資料負責人確認,UNKNOWN,NOT_ESTABLISHED,,,UNKNOWN_NOT_APPLICABLE_OR_NOT_RECORDED; DO_NOT_IMPUTE_ZERO,UNASSIGNED,PROPOSED_NO_MEASURED_ROI
reports/2026-10-04/tables/01_services/strategy_services_registry.csv,strategy_services_registry,4,role,HISTORICAL_REPORT_OUTPUT,3716f37854c7af08cc0b41a8c4e565f1d74f3f0cb56bbbb776b87794f6033801,405,0,350,尚未完成欄位語義核實；需來源業務定義、單位、粒度與用途,UNRESOLVED,,REVIEW_REQUIRED,待資料負責人確認,UNKNOWN,NOT_ESTABLISHED,,,UNKNOWN_NOT_APPLICABLE_OR_NOT_RECORDED; DO_NOT_IMPUTE_ZERO,UNASSIGNED,PROPOSED_NO_MEASURED_ROI
reports/2026-10-04/tables/01_services/strategy_services_registry.csv,strategy_services_registry,5,status,HISTORICAL_REPORT_OUTPUT,3716f37854c7af08cc0b41a8c4e565f1d74f3f0cb56bbbb776b87794f6033801,405,0,3,尚未完成欄位語義核實；需來源業務定義、單位、粒度與用途,UNRESOLVED,,REVIEW_REQUIRED,待資料負責人確認,UNKNOWN,NOT_ESTABLISHED,,,UNKNOWN_NOT_APPLICABLE_OR_NOT_RECORDED; DO_NOT_IMPUTE_ZERO,UNASSIGNED,PROPOSED_NO_MEASURED_ROI
reports/2026-10-04/tables/01_services/strategy_services_registry.csv,strategy_services_registry,6,verification_url,HISTORICAL_REPORT_OUTPUT,3716f37854c7af08cc0b41a8c4e565f1d74f3f0cb56bbbb776b87794f6033801,405,330,74,尚未完成欄位語義核實；需來源業務定義、單位、粒度與用途,UNRESOLVED,,REVIEW_REQUIRED,待資料負責人確認,UNKNOWN,NOT_ESTABLISHED,,,UNKNOWN_NOT_APPLICABLE_OR_NOT_RECORDED; DO_NOT_IMPUTE_ZERO,UNASSIGNED,PROPOSED_NO_MEASURED_ROI
reports/2026-10-04/tables/01_services/strategy_services_registry.csv,strategy_services_registry,7,verified_scope,HISTORICAL_REPORT_OUTPUT,3716f37854c7af08cc0b41a8c4e565f1d74f3f0cb56bbbb776b87794f6033801,405,0,75,核實涵蓋的主張、條件與邊界；不把公開描述擴展成性能或部署證明,PROPOSED_CONTEXT_REVIEW,build_semantic_catalog.py: explicit proposed glossary,REVIEW_REQUIRED,限定決策可信範圍,NOT_APPLICABLE,NOT_ESTABLISHED,,,UNKNOWN_NOT_APPLICABLE_OR_NOT_RECORDED; DO_NOT_IMPUTE_ZERO,UNASSIGNED,PROPOSED_NO_MEASURED_ROI
reports/2026-10-04/tables/01_services/strategy_services_registry.csv,strategy_services_registry,8,source_file,HISTORICAL_REPORT_OUTPUT,3716f37854c7af08cc0b41a8c4e565f1d74f3f0cb56bbbb776b87794f6033801,405,0,10,來源位址、檔案或行號；連結存在不代表內容可讀或支持主張,PROPOSED_CONTEXT_REVIEW,build_semantic_catalog.py: explicit proposed glossary,REVIEW_REQUIRED,證據定位,NOT_APPLICABLE,NOT_ESTABLISHED,,,UNKNOWN_NOT_APPLICABLE_OR_NOT_RECORDED; DO_NOT_IMPUTE_ZERO,UNASSIGNED,PROPOSED_NO_MEASURED_ROI
reports/2026-10-04/tables/01_services/strategy_services_registry.csv,strategy_services_registry,9,source_line,HISTORICAL_REPORT_OUTPUT,3716f37854c7af08cc0b41a8c4e565f1d74f3f0cb56bbbb776b87794f6033801,405,0,223,來源位址、檔案或行號；連結存在不代表內容可讀或支持主張,PROPOSED_CONTEXT_REVIEW,build_semantic_catalog.py: explicit proposed glossary,REVIEW_REQUIRED,證據定位,NOT_APPLICABLE,NOT_ESTABLISHED,,,UNKNOWN_NOT_APPLICABLE_OR_NOT_RECORDED; DO_NOT_IMPUTE_ZERO,UNASSIGNED,PROPOSED_NO_MEASURED_ROI
reports/2026-10-04/tables/01_services/strategy_services_registry.csv,strategy_services_registry,10,source_context,HISTORICAL_REPORT_OUTPUT,3716f37854c7af08cc0b41a8c4e565f1d74f3f0cb56bbbb776b87794f6033801,405,0,235,尚未完成欄位語義核實；需來源業務定義、單位、粒度與用途,UNRESOLVED,,REVIEW_REQUIRED,待資料負責人確認,UNKNOWN,NOT_ESTABLISHED,,,UNKNOWN_NOT_APPLICABLE_OR_NOT_RECORDED; DO_NOT_IMPUTE_ZERO,UNASSIGNED,PROPOSED_NO_MEASURED_ROI
reports/2026-10-04/tables/01_services/strategy_services_registry.csv,strategy_services_registry,11,matching_files,HISTORICAL_REPORT_OUTPUT,3716f37854c7af08cc0b41a8c4e565f1d74f3f0cb56bbbb776b87794f6033801,405,0,56,尚未完成欄位語義核實；需來源業務定義、單位、粒度與用途,UNRESOLVED,,REVIEW_REQUIRED,待資料負責人確認,UNKNOWN,NOT_ESTABLISHED,,,UNKNOWN_NOT_APPLICABLE_OR_NOT_RECORDED; DO_NOT_IMPUTE_ZERO,UNASSIGNED,PROPOSED_NO_MEASURED_ROI
reports/2026-10-04/tables/01_services/strategy_services_registry_20261004_r2.csv,strategy_services_registry_20261004_r2,1,id,HISTORICAL_REPORT_OUTPUT,d0451069463e124a4651ddb5765f5eadc770c1c4306296700e57ced7210879e6,405,0,405,尚未完成欄位語義核實；需來源業務定義、單位、粒度與用途,UNRESOLVED,,REVIEW_REQUIRED,待資料負責人確認,UNKNOWN,NOT_ESTABLISHED,,,UNKNOWN_NOT_APPLICABLE_OR_NOT_RECORDED; DO_NOT_IMPUTE_ZERO,UNASSIGNED,PROPOSED_NO_MEASURED_ROI
reports/2026-10-04/tables/01_services/strategy_services_registry_20261004_r2.csv,strategy_services_registry_20261004_r2,2,category,HISTORICAL_REPORT_OUTPUT,d0451069463e124a4651ddb5765f5eadc770c1c4306296700e57ced7210879e6,405,0,25,尚未完成欄位語義核實；需來源業務定義、單位、粒度與用途,UNRESOLVED,,REVIEW_REQUIRED,待資料負責人確認,UNKNOWN,NOT_ESTABLISHED,,,UNKNOWN_NOT_APPLICABLE_OR_NOT_RECORDED; DO_NOT_IMPUTE_ZERO,UNASSIGNED,PROPOSED_NO_MEASURED_ROI
reports/2026-10-04/tables/01_services/strategy_services_registry_20261004_r2.csv,strategy_services_registry_20261004_r2,3,name,HISTORICAL_REPORT_OUTPUT,d0451069463e124a4651ddb5765f5eadc770c1c4306296700e57ced7210879e6,405,0,405,尚未完成欄位語義核實；需來源業務定義、單位、粒度與用途,UNRESOLVED,,REVIEW_REQUIRED,待資料負責人確認,UNKNOWN,NOT_ESTABLISHED,,,UNKNOWN_NOT_APPLICABLE_OR_NOT_RECORDED; DO_NOT_IMPUTE_ZERO,UNASSIGNED,PROPOSED_NO_MEASURED_ROI
reports/2026-10-04/tables/01_services/strategy_services_registry_20261004_r2.csv,strategy_services_registry_20261004_r2,4,role,HISTORICAL_REPORT_OUTPUT,d0451069463e124a4651ddb5765f5eadc770c1c4306296700e57ced7210879e6,405,0,350,尚未完成欄位語義核實；需來源業務定義、單位、粒度與用途,UNRESOLVED,,REVIEW_REQUIRED,待資料負責人確認,UNKNOWN,NOT_ESTABLISHED,,,UNKNOWN_NOT_APPLICABLE_OR_NOT_RECORDED; DO_NOT_IMPUTE_ZERO,UNASSIGNED,PROPOSED_NO_MEASURED_ROI
reports/2026-10-04/tables/01_services/strategy_services_registry_20261004_r2.csv,strategy_services_registry_20261004_r2,5,status,HISTORICAL_REPORT_OUTPUT,d0451069463e124a4651ddb5765f5eadc770c1c4306296700e57ced7210879e6,405,0,3,尚未完成欄位語義核實；需來源業務定義、單位、粒度與用途,UNRESOLVED,,REVIEW_REQUIRED,待資料負責人確認,UNKNOWN,NOT_ESTABLISHED,,,UNKNOWN_NOT_APPLICABLE_OR_NOT_RECORDED; DO_NOT_IMPUTE_ZERO,UNASSIGNED,PROPOSED_NO_MEASURED_ROI
reports/2026-10-04/tables/01_services/strategy_services_registry_20261004_r2.csv,strategy_services_registry_20261004_r2,6,verification_url,HISTORICAL_REPORT_OUTPUT,d0451069463e124a4651ddb5765f5eadc770c1c4306296700e57ced7210879e6,405,256,148,尚未完成欄位語義核實；需來源業務定義、單位、粒度與用途,UNRESOLVED,,REVIEW_REQUIRED,待資料負責人確認,UNKNOWN,NOT_ESTABLISHED,,,UNKNOWN_NOT_APPLICABLE_OR_NOT_RECORDED; DO_NOT_IMPUTE_ZERO,UNASSIGNED,PROPOSED_NO_MEASURED_ROI
reports/2026-10-04/tables/01_services/strategy_services_registry_20261004_r2.csv,strategy_services_registry_20261004_r2,7,verified_scope,HISTORICAL_REPORT_OUTPUT,d0451069463e124a4651ddb5765f5eadc770c1c4306296700e57ced7210879e6,405,0,153,核實涵蓋的主張、條件與邊界；不把公開描述擴展成性能或部署證明,PROPOSED_CONTEXT_REVIEW,build_semantic_catalog.py: explicit proposed glossary,REVIEW_REQUIRED,限定決策可信範圍,NOT_APPLICABLE,NOT_ESTABLISHED,,,UNKNOWN_NOT_APPLICABLE_OR_NOT_RECORDED; DO_NOT_IMPUTE_ZERO,UNASSIGNED,PROPOSED_NO_MEASURED_ROI
reports/2026-10-04/tables/01_services/strategy_services_registry_20261004_r2.csv,strategy_services_registry_20261004_r2,8,source_file,HISTORICAL_REPORT_OUTPUT,d0451069463e124a4651ddb5765f5eadc770c1c4306296700e57ced7210879e6,405,0,10,來源位址、檔案或行號；連結存在不代表內容可讀或支持主張,PROPOSED_CONTEXT_REVIEW,build_semantic_catalog.py: explicit proposed glossary,REVIEW_REQUIRED,證據定位,NOT_APPLICABLE,NOT_ESTABLISHED,,,UNKNOWN_NOT_APPLICABLE_OR_NOT_RECORDED; DO_NOT_IMPUTE_ZERO,UNASSIGNED,PROPOSED_NO_MEASURED_ROI
reports/2026-10-04/tables/01_services/strategy_services_registry_20261004_r2.csv,strategy_services_registry_20261004_r2,9,source_line,HISTORICAL_REPORT_OUTPUT,d0451069463e124a4651ddb5765f5eadc770c1c4306296700e57ced7210879e6,405,0,223,來源位址、檔案或行號；連結存在不代表內容可讀或支持主張,PROPOSED_CONTEXT_REVIEW,build_semantic_catalog.py: explicit proposed glossary,REVIEW_REQUIRED,證據定位,NOT_APPLICABLE,NOT_ESTABLISHED,,,UNKNOWN_NOT_APPLICABLE_OR_NOT_RECORDED; DO_NOT_IMPUTE_ZERO,UNASSIGNED,PROPOSED_NO_MEASURED_ROI
reports/2026-10-04/tables/01_services/strategy_services_registry_20261004_r2.csv,strategy_services_registry_20261004_r2,10,source_context,HISTORICAL_REPORT_OUTPUT,d0451069463e124a4651ddb5765f5eadc770c1c4306296700e57ced7210879e6,405,0,235,尚未完成欄位語義核實；需來源業務定義、單位、粒度與用途,UNRESOLVED,,REVIEW_REQUIRED,待資料負責人確認,UNKNOWN,NOT_ESTABLISHED,,,UNKNOWN_NOT_APPLICABLE_OR_NOT_RECORDED; DO_NOT_IMPUTE_ZERO,UNASSIGNED,PROPOSED_NO_MEASURED_ROI
reports/2026-10-04/tables/01_services/strategy_services_registry_20261004_r2.csv,strategy_services_registry_20261004_r2,11,matching_files,HISTORICAL_REPORT_OUTPUT,d0451069463e124a4651ddb5765f5eadc770c1c4306296700e57ced7210879e6,405,0,56,尚未完成欄位語義核實；需來源業務定義、單位、粒度與用途,UNRESOLVED,,REVIEW_REQUIRED,待資料負責人確認,UNKNOWN,NOT_ESTABLISHED,,,UNKNOWN_NOT_APPLICABLE_OR_NOT_RECORDED; DO_NOT_IMPUTE_ZERO,UNASSIGNED,PROPOSED_NO_MEASURED_ROI
reports/2026-10-04/tables/01_services/strategy_services_registry_20261004_r2.csv,strategy_services_registry_20261004_r2,12,review_batch,HISTORICAL_REPORT_OUTPUT,d0451069463e124a4651ddb5765f5eadc770c1c4306296700e57ced7210879e6,405,327,2,資料首次引入或本次審核的批次標識；不同快照不能直接累加,PROPOSED_CONTEXT_REVIEW,build_semantic_catalog.py: explicit proposed glossary,REVIEW_REQUIRED,版本與批次去重,NOT_APPLICABLE,NOT_ESTABLISHED,,,UNKNOWN_NOT_APPLICABLE_OR_NOT_RECORDED; DO_NOT_IMPUTE_ZERO,UNASSIGNED,PROPOSED_NO_MEASURED_ROI
reports/2026-10-04/tables/01_services/strategy_services_registry_20261004_r2.csv,strategy_services_registry_20261004_r2,13,reviewed_at,HISTORICAL_REPORT_OUTPUT,d0451069463e124a4651ddb5765f5eadc770c1c4306296700e57ced7210879e6,405,327,1,資料截至／檢查／審核／搜索／取得時間；各欄依操作分別解讀，時區不可猜,PROPOSED_CONTEXT_REVIEW,build_semantic_catalog.py: explicit proposed glossary,REVIEW_REQUIRED,新鮮度與審核時點,SOURCE_DATE_OR_TIMESTAMP,NOT_ESTABLISHED,,,UNKNOWN_NOT_APPLICABLE_OR_NOT_RECORDED; DO_NOT_IMPUTE_ZERO,UNASSIGNED,PROPOSED_NO_MEASURED_ROI
reports/2026-10-04/tables/01_services/strategy_services_registry_20261004_r3.csv,strategy_services_registry_20261004_r3,1,id,HISTORICAL_REPORT_OUTPUT,928ab563b442cf7d46c580937e391d9998fd6da5702d66b61e9e49cceffb5f7f,405,0,405,尚未完成欄位語義核實；需來源業務定義、單位、粒度與用途,UNRESOLVED,,REVIEW_REQUIRED,待資料負責人確認,UNKNOWN,NOT_ESTABLISHED,,,UNKNOWN_NOT_APPLICABLE_OR_NOT_RECORDED; DO_NOT_IMPUTE_ZERO,UNASSIGNED,PROPOSED_NO_MEASURED_ROI
reports/2026-10-04/tables/01_services/strategy_services_registry_20261004_r3.csv,strategy_services_registry_20261004_r3,2,category,HISTORICAL_REPORT_OUTPUT,928ab563b442cf7d46c580937e391d9998fd6da5702d66b61e9e49cceffb5f7f,405,0,25,尚未完成欄位語義核實；需來源業務定義、單位、粒度與用途,UNRESOLVED,,REVIEW_REQUIRED,待資料負責人確認,UNKNOWN,NOT_ESTABLISHED,,,UNKNOWN_NOT_APPLICABLE_OR_NOT_RECORDED; DO_NOT_IMPUTE_ZERO,UNASSIGNED,PROPOSED_NO_MEASURED_ROI
reports/2026-10-04/tables/01_services/strategy_services_registry_20261004_r3.csv,strategy_services_registry_20261004_r3,3,name,HISTORICAL_REPORT_OUTPUT,928ab563b442cf7d46c580937e391d9998fd6da5702d66b61e9e49cceffb5f7f,405,0,405,尚未完成欄位語義核實；需來源業務定義、單位、粒度與用途,UNRESOLVED,,REVIEW_REQUIRED,待資料負責人確認,UNKNOWN,NOT_ESTABLISHED,,,UNKNOWN_NOT_APPLICABLE_OR_NOT_RECORDED; DO_NOT_IMPUTE_ZERO,UNASSIGNED,PROPOSED_NO_MEASURED_ROI
reports/2026-10-04/tables/01_services/strategy_services_registry_20261004_r3.csv,strategy_services_registry_20261004_r3,4,role,HISTORICAL_REPORT_OUTPUT,928ab563b442cf7d46c580937e391d9998fd6da5702d66b61e9e49cceffb5f7f,405,0,350,尚未完成欄位語義核實；需來源業務定義、單位、粒度與用途,UNRESOLVED,,REVIEW_REQUIRED,待資料負責人確認,UNKNOWN,NOT_ESTABLISHED,,,UNKNOWN_NOT_APPLICABLE_OR_NOT_RECORDED; DO_NOT_IMPUTE_ZERO,UNASSIGNED,PROPOSED_NO_MEASURED_ROI
reports/2026-10-04/tables/01_services/strategy_services_registry_20261004_r3.csv,strategy_services_registry_20261004_r3,5,status,HISTORICAL_REPORT_OUTPUT,928ab563b442cf7d46c580937e391d9998fd6da5702d66b61e9e49cceffb5f7f,405,0,3,尚未完成欄位語義核實；需來源業務定義、單位、粒度與用途,UNRESOLVED,,REVIEW_REQUIRED,待資料負責人確認,UNKNOWN,NOT_ESTABLISHED,,,UNKNOWN_NOT_APPLICABLE_OR_NOT_RECORDED; DO_NOT_IMPUTE_ZERO,UNASSIGNED,PROPOSED_NO_MEASURED_ROI
reports/2026-10-04/tables/01_services/strategy_services_registry_20261004_r3.csv,strategy_services_registry_20261004_r3,6,verification_url,HISTORICAL_REPORT_OUTPUT,928ab563b442cf7d46c580937e391d9998fd6da5702d66b61e9e49cceffb5f7f,405,122,282,尚未完成欄位語義核實；需來源業務定義、單位、粒度與用途,UNRESOLVED,,REVIEW_REQUIRED,待資料負責人確認,UNKNOWN,NOT_ESTABLISHED,,,UNKNOWN_NOT_APPLICABLE_OR_NOT_RECORDED; DO_NOT_IMPUTE_ZERO,UNASSIGNED,PROPOSED_NO_MEASURED_ROI
reports/2026-10-04/tables/01_services/strategy_services_registry_20261004_r3.csv,strategy_services_registry_20261004_r3,7,verified_scope,HISTORICAL_REPORT_OUTPUT,928ab563b442cf7d46c580937e391d9998fd6da5702d66b61e9e49cceffb5f7f,405,0,300,核實涵蓋的主張、條件與邊界；不把公開描述擴展成性能或部署證明,PROPOSED_CONTEXT_REVIEW,build_semantic_catalog.py: explicit proposed glossary,REVIEW_REQUIRED,限定決策可信範圍,NOT_APPLICABLE,NOT_ESTABLISHED,,,UNKNOWN_NOT_APPLICABLE_OR_NOT_RECORDED; DO_NOT_IMPUTE_ZERO,UNASSIGNED,PROPOSED_NO_MEASURED_ROI
reports/2026-10-04/tables/01_services/strategy_services_registry_20261004_r3.csv,strategy_services_registry_20261004_r3,8,source_file,HISTORICAL_REPORT_OUTPUT,928ab563b442cf7d46c580937e391d9998fd6da5702d66b61e9e49cceffb5f7f,405,0,10,來源位址、檔案或行號；連結存在不代表內容可讀或支持主張,PROPOSED_CONTEXT_REVIEW,build_semantic_catalog.py: explicit proposed glossary,REVIEW_REQUIRED,證據定位,NOT_APPLICABLE,NOT_ESTABLISHED,,,UNKNOWN_NOT_APPLICABLE_OR_NOT_RECORDED; DO_NOT_IMPUTE_ZERO,UNASSIGNED,PROPOSED_NO_MEASURED_ROI
reports/2026-10-04/tables/01_services/strategy_services_registry_20261004_r3.csv,strategy_services_registry_20261004_r3,9,source_line,HISTORICAL_REPORT_OUTPUT,928ab563b442cf7d46c580937e391d9998fd6da5702d66b61e9e49cceffb5f7f,405,0,223,來源位址、檔案或行號；連結存在不代表內容可讀或支持主張,PROPOSED_CONTEXT_REVIEW,build_semantic_catalog.py: explicit proposed glossary,REVIEW_REQUIRED,證據定位,NOT_APPLICABLE,NOT_ESTABLISHED,,,UNKNOWN_NOT_APPLICABLE_OR_NOT_RECORDED; DO_NOT_IMPUTE_ZERO,UNASSIGNED,PROPOSED_NO_MEASURED_ROI
reports/2026-10-04/tables/01_services/strategy_services_registry_20261004_r3.csv,strategy_services_registry_20261004_r3,10,source_context,HISTORICAL_REPORT_OUTPUT,928ab563b442cf7d46c580937e391d9998fd6da5702d66b61e9e49cceffb5f7f,405,0,235,尚未完成欄位語義核實；需來源業務定義、單位、粒度與用途,UNRESOLVED,,REVIEW_REQUIRED,待資料負責人確認,UNKNOWN,NOT_ESTABLISHED,,,UNKNOWN_NOT_APPLICABLE_OR_NOT_RECORDED; DO_NOT_IMPUTE_ZERO,UNASSIGNED,PROPOSED_NO_MEASURED_ROI
reports/2026-10-04/tables/01_services/strategy_services_registry_20261004_r3.csv,strategy_services_registry_20261004_r3,11,matching_files,HISTORICAL_REPORT_OUTPUT,928ab563b442cf7d46c580937e391d9998fd6da5702d66b61e9e49cceffb5f7f,405,0,56,尚未完成欄位語義核實；需來源業務定義、單位、粒度與用途,UNRESOLVED,,REVIEW_REQUIRED,待資料負責人確認,UNKNOWN,NOT_ESTABLISHED,,,UNKNOWN_NOT_APPLICABLE_OR_NOT_RECORDED; DO_NOT_IMPUTE_ZERO,UNASSIGNED,PROPOSED_NO_MEASURED_ROI
reports/2026-10-04/tables/01_services/strategy_services_registry_20261004_r3.csv,strategy_services_registry_20261004_r3,12,review_batch,HISTORICAL_REPORT_OUTPUT,928ab563b442cf7d46c580937e391d9998fd6da5702d66b61e9e49cceffb5f7f,405,173,3,資料首次引入或本次審核的批次標識；不同快照不能直接累加,PROPOSED_CONTEXT_REVIEW,build_semantic_catalog.py: explicit proposed glossary,REVIEW_REQUIRED,版本與批次去重,NOT_APPLICABLE,NOT_ESTABLISHED,,,UNKNOWN_NOT_APPLICABLE_OR_NOT_RECORDED; DO_NOT_IMPUTE_ZERO,UNASSIGNED,PROPOSED_NO_MEASURED_ROI
reports/2026-10-04/tables/01_services/strategy_services_registry_20261004_r3.csv,strategy_services_registry_20261004_r3,13,reviewed_at,HISTORICAL_REPORT_OUTPUT,928ab563b442cf7d46c580937e391d9998fd6da5702d66b61e9e49cceffb5f7f,405,173,1,資料截至／檢查／審核／搜索／取得時間；各欄依操作分別解讀，時區不可猜,PROPOSED_CONTEXT_REVIEW,build_semantic_catalog.py: explicit proposed glossary,REVIEW_REQUIRED,新鮮度與審核時點,SOURCE_DATE_OR_TIMESTAMP,NOT_ESTABLISHED,,,UNKNOWN_NOT_APPLICABLE_OR_NOT_RECORDED; DO_NOT_IMPUTE_ZERO,UNASSIGNED,PROPOSED_NO_MEASURED_ROI
reports/2026-10-04/tables/01_services/strategy_services_registry_20261004_r4.csv,strategy_services_registry_20261004_r4,1,id,HISTORICAL_REPORT_OUTPUT,30e97820b570d3c0c7e6af073997a723e17d70178428fc15941f251a5a0a8481,405,0,405,尚未完成欄位語義核實；需來源業務定義、單位、粒度與用途,UNRESOLVED,,REVIEW_REQUIRED,待資料負責人確認,UNKNOWN,NOT_ESTABLISHED,,,UNKNOWN_NOT_APPLICABLE_OR_NOT_RECORDED; DO_NOT_IMPUTE_ZERO,UNASSIGNED,PROPOSED_NO_MEASURED_ROI
reports/2026-10-04/tables/01_services/strategy_services_registry_20261004_r4.csv,strategy_services_registry_20261004_r4,2,category,HISTORICAL_REPORT_OUTPUT,30e97820b570d3c0c7e6af073997a723e17d70178428fc15941f251a5a0a8481,405,0,25,尚未完成欄位語義核實；需來源業務定義、單位、粒度與用途,UNRESOLVED,,REVIEW_REQUIRED,待資料負責人確認,UNKNOWN,NOT_ESTABLISHED,,,UNKNOWN_NOT_APPLICABLE_OR_NOT_RECORDED; DO_NOT_IMPUTE_ZERO,UNASSIGNED,PROPOSED_NO_MEASURED_ROI
reports/2026-10-04/tables/01_services/strategy_services_registry_20261004_r4.csv,strategy_services_registry_20261004_r4,3,name,HISTORICAL_REPORT_OUTPUT,30e97820b570d3c0c7e6af073997a723e17d70178428fc15941f251a5a0a8481,405,0,405,尚未完成欄位語義核實；需來源業務定義、單位、粒度與用途,UNRESOLVED,,REVIEW_REQUIRED,待資料負責人確認,UNKNOWN,NOT_ESTABLISHED,,,UNKNOWN_NOT_APPLICABLE_OR_NOT_RECORDED; DO_NOT_IMPUTE_ZERO,UNASSIGNED,PROPOSED_NO_MEASURED_ROI
reports/2026-10-04/tables/01_services/strategy_services_registry_20261004_r4.csv,strategy_services_registry_20261004_r4,4,role,HISTORICAL_REPORT_OUTPUT,30e97820b570d3c0c7e6af073997a723e17d70178428fc15941f251a5a0a8481,405,0,350,尚未完成欄位語義核實；需來源業務定義、單位、粒度與用途,UNRESOLVED,,REVIEW_REQUIRED,待資料負責人確認,UNKNOWN,NOT_ESTABLISHED,,,UNKNOWN_NOT_APPLICABLE_OR_NOT_RECORDED; DO_NOT_IMPUTE_ZERO,UNASSIGNED,PROPOSED_NO_MEASURED_ROI
reports/2026-10-04/tables/01_services/strategy_services_registry_20261004_r4.csv,strategy_services_registry_20261004_r4,5,status,HISTORICAL_REPORT_OUTPUT,30e97820b570d3c0c7e6af073997a723e17d70178428fc15941f251a5a0a8481,405,0,3,尚未完成欄位語義核實；需來源業務定義、單位、粒度與用途,UNRESOLVED,,REVIEW_REQUIRED,待資料負責人確認,UNKNOWN,NOT_ESTABLISHED,,,UNKNOWN_NOT_APPLICABLE_OR_NOT_RECORDED; DO_NOT_IMPUTE_ZERO,UNASSIGNED,PROPOSED_NO_MEASURED_ROI
reports/2026-10-04/tables/01_services/strategy_services_registry_20261004_r4.csv,strategy_services_registry_20261004_r4,6,verification_url,HISTORICAL_REPORT_OUTPUT,30e97820b570d3c0c7e6af073997a723e17d70178428fc15941f251a5a0a8481,405,114,290,尚未完成欄位語義核實；需來源業務定義、單位、粒度與用途,UNRESOLVED,,REVIEW_REQUIRED,待資料負責人確認,UNKNOWN,NOT_ESTABLISHED,,,UNKNOWN_NOT_APPLICABLE_OR_NOT_RECORDED; DO_NOT_IMPUTE_ZERO,UNASSIGNED,PROPOSED_NO_MEASURED_ROI
reports/2026-10-04/tables/01_services/strategy_services_registry_20261004_r4.csv,strategy_services_registry_20261004_r4,7,verified_scope,HISTORICAL_REPORT_OUTPUT,30e97820b570d3c0c7e6af073997a723e17d70178428fc15941f251a5a0a8481,405,0,306,核實涵蓋的主張、條件與邊界；不把公開描述擴展成性能或部署證明,PROPOSED_CONTEXT_REVIEW,build_semantic_catalog.py: explicit proposed glossary,REVIEW_REQUIRED,限定決策可信範圍,NOT_APPLICABLE,NOT_ESTABLISHED,,,UNKNOWN_NOT_APPLICABLE_OR_NOT_RECORDED; DO_NOT_IMPUTE_ZERO,UNASSIGNED,PROPOSED_NO_MEASURED_ROI
reports/2026-10-04/tables/01_services/strategy_services_registry_20261004_r4.csv,strategy_services_registry_20261004_r4,8,source_file,HISTORICAL_REPORT_OUTPUT,30e97820b570d3c0c7e6af073997a723e17d70178428fc15941f251a5a0a8481,405,0,10,來源位址、檔案或行號；連結存在不代表內容可讀或支持主張,PROPOSED_CONTEXT_REVIEW,build_semantic_catalog.py: explicit proposed glossary,REVIEW_REQUIRED,證據定位,NOT_APPLICABLE,NOT_ESTABLISHED,,,UNKNOWN_NOT_APPLICABLE_OR_NOT_RECORDED; DO_NOT_IMPUTE_ZERO,UNASSIGNED,PROPOSED_NO_MEASURED_ROI
reports/2026-10-04/tables/01_services/strategy_services_registry_20261004_r4.csv,strategy_services_registry_20261004_r4,9,source_line,HISTORICAL_REPORT_OUTPUT,30e97820b570d3c0c7e6af073997a723e17d70178428fc15941f251a5a0a8481,405,0,223,來源位址、檔案或行號；連結存在不代表內容可讀或支持主張,PROPOSED_CONTEXT_REVIEW,build_semantic_catalog.py: explicit proposed glossary,REVIEW_REQUIRED,證據定位,NOT_APPLICABLE,NOT_ESTABLISHED,,,UNKNOWN_NOT_APPLICABLE_OR_NOT_RECORDED; DO_NOT_IMPUTE_ZERO,UNASSIGNED,PROPOSED_NO_MEASURED_ROI
reports/2026-10-04/tables/01_services/strategy_services_registry_20261004_r4.csv,strategy_services_registry_20261004_r4,10,source_context,HISTORICAL_REPORT_OUTPUT,30e97820b570d3c0c7e6af073997a723e17d70178428fc15941f251a5a0a8481,405,0,235,尚未完成欄位語義核實；需來源業務定義、單位、粒度與用途,UNRESOLVED,,REVIEW_REQUIRED,待資料負責人確認,UNKNOWN,NOT_ESTABLISHED,,,UNKNOWN_NOT_APPLICABLE_OR_NOT_RECORDED; DO_NOT_IMPUTE_ZERO,UNASSIGNED,PROPOSED_NO_MEASURED_ROI
reports/2026-10-04/tables/01_services/strategy_services_registry_20261004_r4.csv,strategy_services_registry_20261004_r4,11,matching_files,HISTORICAL_REPORT_OUTPUT,30e97820b570d3c0c7e6af073997a723e17d70178428fc15941f251a5a0a8481,405,0,56,尚未完成欄位語義核實；需來源業務定義、單位、粒度與用途,UNRESOLVED,,REVIEW_REQUIRED,待資料負責人確認,UNKNOWN,NOT_ESTABLISHED,,,UNKNOWN_NOT_APPLICABLE_OR_NOT_RECORDED; DO_NOT_IMPUTE_ZERO,UNASSIGNED,PROPOSED_NO_MEASURED_ROI
reports/2026-10-04/tables/01_services/strategy_services_registry_20261004_r4.csv,strategy_services_registry_20261004_r4,12,review_batch,HISTORICAL_REPORT_OUTPUT,30e97820b570d3c0c7e6af073997a723e17d70178428fc15941f251a5a0a8481,405,166,7,資料首次引入或本次審核的批次標識；不同快照不能直接累加,PROPOSED_CONTEXT_REVIEW,build_semantic_catalog.py: explicit proposed glossary,REVIEW_REQUIRED,版本與批次去重,NOT_APPLICABLE,NOT_ESTABLISHED,,,UNKNOWN_NOT_APPLICABLE_OR_NOT_RECORDED; DO_NOT_IMPUTE_ZERO,UNASSIGNED,PROPOSED_NO_MEASURED_ROI
reports/2026-10-04/tables/01_services/strategy_services_registry_20261004_r4.csv,strategy_services_registry_20261004_r4,13,reviewed_at,HISTORICAL_REPORT_OUTPUT,30e97820b570d3c0c7e6af073997a723e17d70178428fc15941f251a5a0a8481,405,166,1,資料截至／檢查／審核／搜索／取得時間；各欄依操作分別解讀，時區不可猜,PROPOSED_CONTEXT_REVIEW,build_semantic_catalog.py: explicit proposed glossary,REVIEW_REQUIRED,新鮮度與審核時點,SOURCE_DATE_OR_TIMESTAMP,NOT_ESTABLISHED,,,UNKNOWN_NOT_APPLICABLE_OR_NOT_RECORDED; DO_NOT_IMPUTE_ZERO,UNASSIGNED,PROPOSED_NO_MEASURED_ROI
reports/2026-10-04/tables/01_services/strategy_services_registry_20261004_r5.csv,strategy_services_registry_20261004_r5,1,id,HISTORICAL_REPORT_OUTPUT,1191b3ecea89f5050052d477c2d1972faf61796a486fa66914c85aaa75f86beb,405,0,405,尚未完成欄位語義核實；需來源業務定義、單位、粒度與用途,UNRESOLVED,,REVIEW_REQUIRED,待資料負責人確認,UNKNOWN,NOT_ESTABLISHED,,,UNKNOWN_NOT_APPLICABLE_OR_NOT_RECORDED; DO_NOT_IMPUTE_ZERO,UNASSIGNED,PROPOSED_NO_MEASURED_ROI
reports/2026-10-04/tables/01_services/strategy_services_registry_20261004_r5.csv,strategy_services_registry_20261004_r5,2,category,HISTORICAL_REPORT_OUTPUT,1191b3ecea89f5050052d477c2d1972faf61796a486fa66914c85aaa75f86beb,405,0,25,尚未完成欄位語義核實；需來源業務定義、單位、粒度與用途,UNRESOLVED,,REVIEW_REQUIRED,待資料負責人確認,UNKNOWN,NOT_ESTABLISHED,,,UNKNOWN_NOT_APPLICABLE_OR_NOT_RECORDED; DO_NOT_IMPUTE_ZERO,UNASSIGNED,PROPOSED_NO_MEASURED_ROI
reports/2026-10-04/tables/01_services/strategy_services_registry_20261004_r5.csv,strategy_services_registry_20261004_r5,3,name,HISTORICAL_REPORT_OUTPUT,1191b3ecea89f5050052d477c2d1972faf61796a486fa66914c85aaa75f86beb,405,0,405,尚未完成欄位語義核實；需來源業務定義、單位、粒度與用途,UNRESOLVED,,REVIEW_REQUIRED,待資料負責人確認,UNKNOWN,NOT_ESTABLISHED,,,UNKNOWN_NOT_APPLICABLE_OR_NOT_RECORDED; DO_NOT_IMPUTE_ZERO,UNASSIGNED,PROPOSED_NO_MEASURED_ROI
reports/2026-10-04/tables/01_services/strategy_services_registry_20261004_r5.csv,strategy_services_registry_20261004_r5,4,role,HISTORICAL_REPORT_OUTPUT,1191b3ecea89f5050052d477c2d1972faf61796a486fa66914c85aaa75f86beb,405,0,350,尚未完成欄位語義核實；需來源業務定義、單位、粒度與用途,UNRESOLVED,,REVIEW_REQUIRED,待資料負責人確認,UNKNOWN,NOT_ESTABLISHED,,,UNKNOWN_NOT_APPLICABLE_OR_NOT_RECORDED; DO_NOT_IMPUTE_ZERO,UNASSIGNED,PROPOSED_NO_MEASURED_ROI
reports/2026-10-04/tables/01_services/strategy_services_registry_20261004_r5.csv,strategy_services_registry_20261004_r5,5,status,HISTORICAL_REPORT_OUTPUT,1191b3ecea89f5050052d477c2d1972faf61796a486fa66914c85aaa75f86beb,405,0,3,尚未完成欄位語義核實；需來源業務定義、單位、粒度與用途,UNRESOLVED,,REVIEW_REQUIRED,待資料負責人確認,UNKNOWN,NOT_ESTABLISHED,,,UNKNOWN_NOT_APPLICABLE_OR_NOT_RECORDED; DO_NOT_IMPUTE_ZERO,UNASSIGNED,PROPOSED_NO_MEASURED_ROI
reports/2026-10-04/tables/01_services/strategy_services_registry_20261004_r5.csv,strategy_services_registry_20261004_r5,6,verification_url,HISTORICAL_REPORT_OUTPUT,1191b3ecea89f5050052d477c2d1972faf61796a486fa66914c85aaa75f86beb,405,98,305,尚未完成欄位語義核實；需來源業務定義、單位、粒度與用途,UNRESOLVED,,REVIEW_REQUIRED,待資料負責人確認,UNKNOWN,NOT_ESTABLISHED,,,UNKNOWN_NOT_APPLICABLE_OR_NOT_RECORDED; DO_NOT_IMPUTE_ZERO,UNASSIGNED,PROPOSED_NO_MEASURED_ROI
reports/2026-10-04/tables/01_services/strategy_services_registry_20261004_r5.csv,strategy_services_registry_20261004_r5,7,verified_scope,HISTORICAL_REPORT_OUTPUT,1191b3ecea89f5050052d477c2d1972faf61796a486fa66914c85aaa75f86beb,405,0,314,核實涵蓋的主張、條件與邊界；不把公開描述擴展成性能或部署證明,PROPOSED_CONTEXT_REVIEW,build_semantic_catalog.py: explicit proposed glossary,REVIEW_REQUIRED,限定決策可信範圍,NOT_APPLICABLE,NOT_ESTABLISHED,,,UNKNOWN_NOT_APPLICABLE_OR_NOT_RECORDED; DO_NOT_IMPUTE_ZERO,UNASSIGNED,PROPOSED_NO_MEASURED_ROI
reports/2026-10-04/tables/01_services/strategy_services_registry_20261004_r5.csv,strategy_services_registry_20261004_r5,8,source_file,HISTORICAL_REPORT_OUTPUT,1191b3ecea89f5050052d477c2d1972faf61796a486fa66914c85aaa75f86beb,405,0,10,來源位址、檔案或行號；連結存在不代表內容可讀或支持主張,PROPOSED_CONTEXT_REVIEW,build_semantic_catalog.py: explicit proposed glossary,REVIEW_REQUIRED,證據定位,NOT_APPLICABLE,NOT_ESTABLISHED,,,UNKNOWN_NOT_APPLICABLE_OR_NOT_RECORDED; DO_NOT_IMPUTE_ZERO,UNASSIGNED,PROPOSED_NO_MEASURED_ROI
reports/2026-10-04/tables/01_services/strategy_services_registry_20261004_r5.csv,strategy_services_registry_20261004_r5,9,source_line,HISTORICAL_REPORT_OUTPUT,1191b3ecea89f5050052d477c2d1972faf61796a486fa66914c85aaa75f86beb,405,0,223,來源位址、檔案或行號；連結存在不代表內容可讀或支持主張,PROPOSED_CONTEXT_REVIEW,build_semantic_catalog.py: explicit proposed glossary,REVIEW_REQUIRED,證據定位,NOT_APPLICABLE,NOT_ESTABLISHED,,,UNKNOWN_NOT_APPLICABLE_OR_NOT_RECORDED; DO_NOT_IMPUTE_ZERO,UNASSIGNED,PROPOSED_NO_MEASURED_ROI
reports/2026-10-04/tables/01_services/strategy_services_registry_20261004_r5.csv,strategy_services_registry_20261004_r5,10,source_context,HISTORICAL_REPORT_OUTPUT,1191b3ecea89f5050052d477c2d1972faf61796a486fa66914c85aaa75f86beb,405,0,235,尚未完成欄位語義核實；需來源業務定義、單位、粒度與用途,UNRESOLVED,,REVIEW_REQUIRED,待資料負責人確認,UNKNOWN,NOT_ESTABLISHED,,,UNKNOWN_NOT_APPLICABLE_OR_NOT_RECORDED; DO_NOT_IMPUTE_ZERO,UNASSIGNED,PROPOSED_NO_MEASURED_ROI
reports/2026-10-04/tables/01_services/strategy_services_registry_20261004_r5.csv,strategy_services_registry_20261004_r5,11,matching_files,HISTORICAL_REPORT_OUTPUT,1191b3ecea89f5050052d477c2d1972faf61796a486fa66914c85aaa75f86beb,405,0,56,尚未完成欄位語義核實；需來源業務定義、單位、粒度與用途,UNRESOLVED,,REVIEW_REQUIRED,待資料負責人確認,UNKNOWN,NOT_ESTABLISHED,,,UNKNOWN_NOT_APPLICABLE_OR_NOT_RECORDED; DO_NOT_IMPUTE_ZERO,UNASSIGNED,PROPOSED_NO_MEASURED_ROI
reports/2026-10-04/tables/01_services/strategy_services_registry_20261004_r5.csv,strategy_services_registry_20261004_r5,12,review_batch,HISTORICAL_REPORT_OUTPUT,1191b3ecea89f5050052d477c2d1972faf61796a486fa66914c85aaa75f86beb,405,165,10,資料首次引入或本次審核的批次標識；不同快照不能直接累加,PROPOSED_CONTEXT_REVIEW,build_semantic_catalog.py: explicit proposed glossary,REVIEW_REQUIRED,版本與批次去重,NOT_APPLICABLE,NOT_ESTABLISHED,,,UNKNOWN_NOT_APPLICABLE_OR_NOT_RECORDED; DO_NOT_IMPUTE_ZERO,UNASSIGNED,PROPOSED_NO_MEASURED_ROI
reports/2026-10-04/tables/01_services/strategy_services_registry_20261004_r5.csv,strategy_services_registry_20261004_r5,13,reviewed_at,HISTORICAL_REPORT_OUTPUT,1191b3ecea89f5050052d477c2d1972faf61796a486fa66914c85aaa75f86beb,405,165,1,資料截至／檢查／審核／搜索／取得時間；各欄依操作分別解讀，時區不可猜,PROPOSED_CONTEXT_REVIEW,build_semantic_catalog.py: explicit proposed glossary,REVIEW_REQUIRED,新鮮度與審核時點,SOURCE_DATE_OR_TIMESTAMP,NOT_ESTABLISHED,,,UNKNOWN_NOT_APPLICABLE_OR_NOT_RECORDED; DO_NOT_IMPUTE_ZERO,UNASSIGNED,PROPOSED_NO_MEASURED_ROI
reports/2026-10-04/tables/01_services/strategy_services_registry_20261004_r6.csv,strategy_services_registry_20261004_r6,1,id,HISTORICAL_REPORT_OUTPUT,00f5cbd354fb6c30733ae23705faa38f8d75821c395c0182ba2a5423b8053542,405,0,405,尚未完成欄位語義核實；需來源業務定義、單位、粒度與用途,UNRESOLVED,,REVIEW_REQUIRED,待資料負責人確認,UNKNOWN,NOT_ESTABLISHED,,,UNKNOWN_NOT_APPLICABLE_OR_NOT_RECORDED; DO_NOT_IMPUTE_ZERO,UNASSIGNED,PROPOSED_NO_MEASURED_ROI
reports/2026-10-04/tables/01_services/strategy_services_registry_20261004_r6.csv,strategy_services_registry_20261004_r6,2,category,HISTORICAL_REPORT_OUTPUT,00f5cbd354fb6c30733ae23705faa38f8d75821c395c0182ba2a5423b8053542,405,0,25,尚未完成欄位語義核實；需來源業務定義、單位、粒度與用途,UNRESOLVED,,REVIEW_REQUIRED,待資料負責人確認,UNKNOWN,NOT_ESTABLISHED,,,UNKNOWN_NOT_APPLICABLE_OR_NOT_RECORDED; DO_NOT_IMPUTE_ZERO,UNASSIGNED,PROPOSED_NO_MEASURED_ROI
reports/2026-10-04/tables/01_services/strategy_services_registry_20261004_r6.csv,strategy_services_registry_20261004_r6,3,name,HISTORICAL_REPORT_OUTPUT,00f5cbd354fb6c30733ae23705faa38f8d75821c395c0182ba2a5423b8053542,405,0,405,尚未完成欄位語義核實；需來源業務定義、單位、粒度與用途,UNRESOLVED,,REVIEW_REQUIRED,待資料負責人確認,UNKNOWN,NOT_ESTABLISHED,,,UNKNOWN_NOT_APPLICABLE_OR_NOT_RECORDED; DO_NOT_IMPUTE_ZERO,UNASSIGNED,PROPOSED_NO_MEASURED_ROI
reports/2026-10-04/tables/01_services/strategy_services_registry_20261004_r6.csv,strategy_services_registry_20261004_r6,4,role,HISTORICAL_REPORT_OUTPUT,00f5cbd354fb6c30733ae23705faa38f8d75821c395c0182ba2a5423b8053542,405,0,350,尚未完成欄位語義核實；需來源業務定義、單位、粒度與用途,UNRESOLVED,,REVIEW_REQUIRED,待資料負責人確認,UNKNOWN,NOT_ESTABLISHED,,,UNKNOWN_NOT_APPLICABLE_OR_NOT_RECORDED; DO_NOT_IMPUTE_ZERO,UNASSIGNED,PROPOSED_NO_MEASURED_ROI
reports/2026-10-04/tables/01_services/strategy_services_registry_20261004_r6.csv,strategy_services_registry_20261004_r6,5,status,HISTORICAL_REPORT_OUTPUT,00f5cbd354fb6c30733ae23705faa38f8d75821c395c0182ba2a5423b8053542,405,0,3,尚未完成欄位語義核實；需來源業務定義、單位、粒度與用途,UNRESOLVED,,REVIEW_REQUIRED,待資料負責人確認,UNKNOWN,NOT_ESTABLISHED,,,UNKNOWN_NOT_APPLICABLE_OR_NOT_RECORDED; DO_NOT_IMPUTE_ZERO,UNASSIGNED,PROPOSED_NO_MEASURED_ROI
reports/2026-10-04/tables/01_services/strategy_services_registry_20261004_r6.csv,strategy_services_registry_20261004_r6,6,verification_url,HISTORICAL_REPORT_OUTPUT,00f5cbd354fb6c30733ae23705faa38f8d75821c395c0182ba2a5423b8053542,405,20,383,尚未完成欄位語義核實；需來源業務定義、單位、粒度與用途,UNRESOLVED,,REVIEW_REQUIRED,待資料負責人確認,UNKNOWN,NOT_ESTABLISHED,,,UNKNOWN_NOT_APPLICABLE_OR_NOT_RECORDED; DO_NOT_IMPUTE_ZERO,UNASSIGNED,PROPOSED_NO_MEASURED_ROI
reports/2026-10-04/tables/01_services/strategy_services_registry_20261004_r6.csv,strategy_services_registry_20261004_r6,7,verified_scope,HISTORICAL_REPORT_OUTPUT,00f5cbd354fb6c30733ae23705faa38f8d75821c395c0182ba2a5423b8053542,405,0,403,核實涵蓋的主張、條件與邊界；不把公開描述擴展成性能或部署證明,PROPOSED_CONTEXT_REVIEW,build_semantic_catalog.py: explicit proposed glossary,REVIEW_REQUIRED,限定決策可信範圍,NOT_APPLICABLE,NOT_ESTABLISHED,,,UNKNOWN_NOT_APPLICABLE_OR_NOT_RECORDED; DO_NOT_IMPUTE_ZERO,UNASSIGNED,PROPOSED_NO_MEASURED_ROI
reports/2026-10-04/tables/01_services/strategy_services_registry_20261004_r6.csv,strategy_services_registry_20261004_r6,8,source_file,HISTORICAL_REPORT_OUTPUT,00f5cbd354fb6c30733ae23705faa38f8d75821c395c0182ba2a5423b8053542,405,0,10,來源位址、檔案或行號；連結存在不代表內容可讀或支持主張,PROPOSED_CONTEXT_REVIEW,build_semantic_catalog.py: explicit proposed glossary,REVIEW_REQUIRED,證據定位,NOT_APPLICABLE,NOT_ESTABLISHED,,,UNKNOWN_NOT_APPLICABLE_OR_NOT_RECORDED; DO_NOT_IMPUTE_ZERO,UNASSIGNED,PROPOSED_NO_MEASURED_ROI
reports/2026-10-04/tables/01_services/strategy_services_registry_20261004_r6.csv,strategy_services_registry_20261004_r6,9,source_line,HISTORICAL_REPORT_OUTPUT,00f5cbd354fb6c30733ae23705faa38f8d75821c395c0182ba2a5423b8053542,405,0,223,來源位址、檔案或行號；連結存在不代表內容可讀或支持主張,PROPOSED_CONTEXT_REVIEW,build_semantic_catalog.py: explicit proposed glossary,REVIEW_REQUIRED,證據定位,NOT_APPLICABLE,NOT_ESTABLISHED,,,UNKNOWN_NOT_APPLICABLE_OR_NOT_RECORDED; DO_NOT_IMPUTE_ZERO,UNASSIGNED,PROPOSED_NO_MEASURED_ROI
reports/2026-10-04/tables/01_services/strategy_services_registry_20261004_r6.csv,strategy_services_registry_20261004_r6,10,source_context,HISTORICAL_REPORT_OUTPUT,00f5cbd354fb6c30733ae23705faa38f8d75821c395c0182ba2a5423b8053542,405,0,235,尚未完成欄位語義核實；需來源業務定義、單位、粒度與用途,UNRESOLVED,,REVIEW_REQUIRED,待資料負責人確認,UNKNOWN,NOT_ESTABLISHED,,,UNKNOWN_NOT_APPLICABLE_OR_NOT_RECORDED; DO_NOT_IMPUTE_ZERO,UNASSIGNED,PROPOSED_NO_MEASURED_ROI
reports/2026-10-04/tables/01_services/strategy_services_registry_20261004_r6.csv,strategy_services_registry_20261004_r6,11,matching_files,HISTORICAL_REPORT_OUTPUT,00f5cbd354fb6c30733ae23705faa38f8d75821c395c0182ba2a5423b8053542,405,0,56,尚未完成欄位語義核實；需來源業務定義、單位、粒度與用途,UNRESOLVED,,REVIEW_REQUIRED,待資料負責人確認,UNKNOWN,NOT_ESTABLISHED,,,UNKNOWN_NOT_APPLICABLE_OR_NOT_RECORDED; DO_NOT_IMPUTE_ZERO,UNASSIGNED,PROPOSED_NO_MEASURED_ROI
reports/2026-10-04/tables/01_services/strategy_services_registry_20261004_r6.csv,strategy_services_registry_20261004_r6,12,review_batch,HISTORICAL_REPORT_OUTPUT,00f5cbd354fb6c30733ae23705faa38f8d75821c395c0182ba2a5423b8053542,405,74,13,資料首次引入或本次審核的批次標識；不同快照不能直接累加,PROPOSED_CONTEXT_REVIEW,build_semantic_catalog.py: explicit proposed glossary,REVIEW_REQUIRED,版本與批次去重,NOT_APPLICABLE,NOT_ESTABLISHED,,,UNKNOWN_NOT_APPLICABLE_OR_NOT_RECORDED; DO_NOT_IMPUTE_ZERO,UNASSIGNED,PROPOSED_NO_MEASURED_ROI
reports/2026-10-04/tables/01_services/strategy_services_registry_20261004_r6.csv,strategy_services_registry_20261004_r6,13,reviewed_at,HISTORICAL_REPORT_OUTPUT,00f5cbd354fb6c30733ae23705faa38f8d75821c395c0182ba2a5423b8053542,405,74,1,資料截至／檢查／審核／搜索／取得時間；各欄依操作分別解讀，時區不可猜,PROPOSED_CONTEXT_REVIEW,build_semantic_catalog.py: explicit proposed glossary,REVIEW_REQUIRED,新鮮度與審核時點,SOURCE_DATE_OR_TIMESTAMP,NOT_ESTABLISHED,,,UNKNOWN_NOT_APPLICABLE_OR_NOT_RECORDED; DO_NOT_IMPUTE_ZERO,UNASSIGNED,PROPOSED_NO_MEASURED_ROI
reports/2026-10-04/tables/02_catalogue_extraction/catalogue_seed.tsv,catalogue_seed,1,category,HISTORICAL_REPORT_OUTPUT,9ef8bdc641d9223d95695e40c9626b605e8225bdce2562e4a203338957bc900d,405,0,25,尚未完成欄位語義核實；需來源業務定義、單位、粒度與用途,UNRESOLVED,,REVIEW_REQUIRED,待資料負責人確認,UNKNOWN,NOT_ESTABLISHED,,,UNKNOWN_NOT_APPLICABLE_OR_NOT_RECORDED; DO_NOT_IMPUTE_ZERO,UNASSIGNED,PROPOSED_NO_MEASURED_ROI
reports/2026-10-04/tables/02_catalogue_extraction/catalogue_seed.tsv,catalogue_seed,2,name,HISTORICAL_REPORT_OUTPUT,9ef8bdc641d9223d95695e40c9626b605e8225bdce2562e4a203338957bc900d,405,0,405,尚未完成欄位語義核實；需來源業務定義、單位、粒度與用途,UNRESOLVED,,REVIEW_REQUIRED,待資料負責人確認,UNKNOWN,NOT_ESTABLISHED,,,UNKNOWN_NOT_APPLICABLE_OR_NOT_RECORDED; DO_NOT_IMPUTE_ZERO,UNASSIGNED,PROPOSED_NO_MEASURED_ROI
reports/2026-10-04/tables/02_catalogue_extraction/catalogue_seed.tsv,catalogue_seed,3,aliases,HISTORICAL_REPORT_OUTPUT,9ef8bdc641d9223d95695e40c9626b605e8225bdce2562e4a203338957bc900d,405,0,405,尚未完成欄位語義核實；需來源業務定義、單位、粒度與用途,UNRESOLVED,,REVIEW_REQUIRED,待資料負責人確認,UNKNOWN,NOT_ESTABLISHED,,,UNKNOWN_NOT_APPLICABLE_OR_NOT_RECORDED; DO_NOT_IMPUTE_ZERO,UNASSIGNED,PROPOSED_NO_MEASURED_ROI
reports/2026-10-04/tables/02_catalogue_extraction/catalogue_seed.tsv,catalogue_seed,4,role,HISTORICAL_REPORT_OUTPUT,9ef8bdc641d9223d95695e40c9626b605e8225bdce2562e4a203338957bc900d,405,0,350,尚未完成欄位語義核實；需來源業務定義、單位、粒度與用途,UNRESOLVED,,REVIEW_REQUIRED,待資料負責人確認,UNKNOWN,NOT_ESTABLISHED,,,UNKNOWN_NOT_APPLICABLE_OR_NOT_RECORDED; DO_NOT_IMPUTE_ZERO,UNASSIGNED,PROPOSED_NO_MEASURED_ROI
reports/2026-10-04/tables/02_catalogue_extraction/gaming_70_entries.csv,gaming_70_entries,1,number,HISTORICAL_REPORT_OUTPUT,480cb78f7d4c4136065a979a133a5aa6407b4a8fbc0871f4845e9cdecb8dad50,70,0,70,尚未完成欄位語義核實；需來源業務定義、單位、粒度與用途,UNRESOLVED,,REVIEW_REQUIRED,待資料負責人確認,UNKNOWN,NOT_ESTABLISHED,,,UNKNOWN_NOT_APPLICABLE_OR_NOT_RECORDED; DO_NOT_IMPUTE_ZERO,UNASSIGNED,PROPOSED_NO_MEASURED_ROI
reports/2026-10-04/tables/02_catalogue_extraction/gaming_70_entries.csv,gaming_70_entries,2,name,HISTORICAL_REPORT_OUTPUT,480cb78f7d4c4136065a979a133a5aa6407b4a8fbc0871f4845e9cdecb8dad50,70,0,70,尚未完成欄位語義核實；需來源業務定義、單位、粒度與用途,UNRESOLVED,,REVIEW_REQUIRED,待資料負責人確認,UNKNOWN,NOT_ESTABLISHED,,,UNKNOWN_NOT_APPLICABLE_OR_NOT_RECORDED; DO_NOT_IMPUTE_ZERO,UNASSIGNED,PROPOSED_NO_MEASURED_ROI
reports/2026-10-04/tables/02_catalogue_extraction/gaming_70_entries.csv,gaming_70_entries,3,original_description,HISTORICAL_REPORT_OUTPUT,480cb78f7d4c4136065a979a133a5aa6407b4a8fbc0871f4845e9cdecb8dad50,70,0,61,尚未完成欄位語義核實；需來源業務定義、單位、粒度與用途,UNRESOLVED,,REVIEW_REQUIRED,待資料負責人確認,UNKNOWN,NOT_ESTABLISHED,,,UNKNOWN_NOT_APPLICABLE_OR_NOT_RECORDED; DO_NOT_IMPUTE_ZERO,UNASSIGNED,PROPOSED_NO_MEASURED_ROI
reports/2026-10-04/tables/02_catalogue_extraction/gaming_70_entries.csv,gaming_70_entries,4,path,HISTORICAL_REPORT_OUTPUT,480cb78f7d4c4136065a979a133a5aa6407b4a8fbc0871f4845e9cdecb8dad50,70,0,1,尚未完成欄位語義核實；需來源業務定義、單位、粒度與用途,UNRESOLVED,,REVIEW_REQUIRED,待資料負責人確認,UNKNOWN,NOT_ESTABLISHED,,,UNKNOWN_NOT_APPLICABLE_OR_NOT_RECORDED; DO_NOT_IMPUTE_ZERO,UNASSIGNED,PROPOSED_NO_MEASURED_ROI
reports/2026-10-04/tables/02_catalogue_extraction/gaming_70_entries.csv,gaming_70_entries,5,line,HISTORICAL_REPORT_OUTPUT,480cb78f7d4c4136065a979a133a5aa6407b4a8fbc0871f4845e9cdecb8dad50,70,0,70,尚未完成欄位語義核實；需來源業務定義、單位、粒度與用途,UNRESOLVED,,REVIEW_REQUIRED,待資料負責人確認,UNKNOWN,NOT_ESTABLISHED,,,UNKNOWN_NOT_APPLICABLE_OR_NOT_RECORDED; DO_NOT_IMPUTE_ZERO,UNASSIGNED,PROPOSED_NO_MEASURED_ROI
reports/2026-10-04/tables/02_catalogue_extraction/gaming_70_entries.csv,gaming_70_entries,6,status,HISTORICAL_REPORT_OUTPUT,480cb78f7d4c4136065a979a133a5aa6407b4a8fbc0871f4845e9cdecb8dad50,70,0,1,尚未完成欄位語義核實；需來源業務定義、單位、粒度與用途,UNRESOLVED,,REVIEW_REQUIRED,待資料負責人確認,UNKNOWN,NOT_ESTABLISHED,,,UNKNOWN_NOT_APPLICABLE_OR_NOT_RECORDED; DO_NOT_IMPUTE_ZERO,UNASSIGNED,PROPOSED_NO_MEASURED_ROI
reports/2026-10-04/tables/02_catalogue_extraction/original_172_entries.csv,original_172_entries,1,number,HISTORICAL_REPORT_OUTPUT,e411a2950ffd9a4fa33f11edb98d89d96f9677edbeaf392bf9217cc29fa7ab22,172,0,172,尚未完成欄位語義核實；需來源業務定義、單位、粒度與用途,UNRESOLVED,,REVIEW_REQUIRED,待資料負責人確認,UNKNOWN,NOT_ESTABLISHED,,,UNKNOWN_NOT_APPLICABLE_OR_NOT_RECORDED; DO_NOT_IMPUTE_ZERO,UNASSIGNED,PROPOSED_NO_MEASURED_ROI
reports/2026-10-04/tables/02_catalogue_extraction/original_172_entries.csv,original_172_entries,2,category,HISTORICAL_REPORT_OUTPUT,e411a2950ffd9a4fa33f11edb98d89d96f9677edbeaf392bf9217cc29fa7ab22,172,0,23,尚未完成欄位語義核實；需來源業務定義、單位、粒度與用途,UNRESOLVED,,REVIEW_REQUIRED,待資料負責人確認,UNKNOWN,NOT_ESTABLISHED,,,UNKNOWN_NOT_APPLICABLE_OR_NOT_RECORDED; DO_NOT_IMPUTE_ZERO,UNASSIGNED,PROPOSED_NO_MEASURED_ROI
reports/2026-10-04/tables/02_catalogue_extraction/original_172_entries.csv,original_172_entries,3,label,HISTORICAL_REPORT_OUTPUT,e411a2950ffd9a4fa33f11edb98d89d96f9677edbeaf392bf9217cc29fa7ab22,172,0,168,尚未完成欄位語義核實；需來源業務定義、單位、粒度與用途,UNRESOLVED,,REVIEW_REQUIRED,待資料負責人確認,UNKNOWN,NOT_ESTABLISHED,,,UNKNOWN_NOT_APPLICABLE_OR_NOT_RECORDED; DO_NOT_IMPUTE_ZERO,UNASSIGNED,PROPOSED_NO_MEASURED_ROI
reports/2026-10-04/tables/02_catalogue_extraction/original_172_entries.csv,original_172_entries,4,original_claim,HISTORICAL_REPORT_OUTPUT,e411a2950ffd9a4fa33f11edb98d89d96f9677edbeaf392bf9217cc29fa7ab22,172,0,172,一項待審或歷史主張的文字；與其證據狀態一起使用,PROPOSED_CONTEXT_REVIEW,build_semantic_catalog.py: explicit proposed glossary,REVIEW_REQUIRED,保存研究命題,NOT_APPLICABLE,NOT_ESTABLISHED,,,UNKNOWN_NOT_APPLICABLE_OR_NOT_RECORDED; DO_NOT_IMPUTE_ZERO,UNASSIGNED,PROPOSED_NO_MEASURED_ROI
reports/2026-10-04/tables/02_catalogue_extraction/original_172_entries.csv,original_172_entries,5,boundary,HISTORICAL_REPORT_OUTPUT,e411a2950ffd9a4fa33f11edb98d89d96f9677edbeaf392bf9217cc29fa7ab22,172,0,168,尚未完成欄位語義核實；需來源業務定義、單位、粒度與用途,UNRESOLVED,,REVIEW_REQUIRED,待資料負責人確認,UNKNOWN,NOT_ESTABLISHED,,,UNKNOWN_NOT_APPLICABLE_OR_NOT_RECORDED; DO_NOT_IMPUTE_ZERO,UNASSIGNED,PROPOSED_NO_MEASURED_ROI
reports/2026-10-04/tables/02_catalogue_extraction/original_172_entries.csv,original_172_entries,6,path,HISTORICAL_REPORT_OUTPUT,e411a2950ffd9a4fa33f11edb98d89d96f9677edbeaf392bf9217cc29fa7ab22,172,0,1,尚未完成欄位語義核實；需來源業務定義、單位、粒度與用途,UNRESOLVED,,REVIEW_REQUIRED,待資料負責人確認,UNKNOWN,NOT_ESTABLISHED,,,UNKNOWN_NOT_APPLICABLE_OR_NOT_RECORDED; DO_NOT_IMPUTE_ZERO,UNASSIGNED,PROPOSED_NO_MEASURED_ROI
reports/2026-10-04/tables/02_catalogue_extraction/original_172_entries.csv,original_172_entries,7,line,HISTORICAL_REPORT_OUTPUT,e411a2950ffd9a4fa33f11edb98d89d96f9677edbeaf392bf9217cc29fa7ab22,172,0,172,尚未完成欄位語義核實；需來源業務定義、單位、粒度與用途,UNRESOLVED,,REVIEW_REQUIRED,待資料負責人確認,UNKNOWN,NOT_ESTABLISHED,,,UNKNOWN_NOT_APPLICABLE_OR_NOT_RECORDED; DO_NOT_IMPUTE_ZERO,UNASSIGNED,PROPOSED_NO_MEASURED_ROI
reports/2026-10-04/tables/02_catalogue_extraction/original_172_entries.csv,original_172_entries,8,status,HISTORICAL_REPORT_OUTPUT,e411a2950ffd9a4fa33f11edb98d89d96f9677edbeaf392bf9217cc29fa7ab22,172,0,1,尚未完成欄位語義核實；需來源業務定義、單位、粒度與用途,UNRESOLVED,,REVIEW_REQUIRED,待資料負責人確認,UNKNOWN,NOT_ESTABLISHED,,,UNKNOWN_NOT_APPLICABLE_OR_NOT_RECORDED; DO_NOT_IMPUTE_ZERO,UNASSIGNED,PROPOSED_NO_MEASURED_ROI
reports/2026-10-04/tables/03_sources_evidence/entity_source_evidence.csv,entity_source_evidence,1,id,HISTORICAL_REPORT_OUTPUT,af61576483c25b976f72bd64c5fb84520c86535aef29b77a69ed9c73e7765a0a,6067,0,405,尚未完成欄位語義核實；需來源業務定義、單位、粒度與用途,UNRESOLVED,,REVIEW_REQUIRED,待資料負責人確認,UNKNOWN,NOT_ESTABLISHED,,,UNKNOWN_NOT_APPLICABLE_OR_NOT_RECORDED; DO_NOT_IMPUTE_ZERO,UNASSIGNED,PROPOSED_NO_MEASURED_ROI
reports/2026-10-04/tables/03_sources_evidence/entity_source_evidence.csv,entity_source_evidence,2,name,HISTORICAL_REPORT_OUTPUT,af61576483c25b976f72bd64c5fb84520c86535aef29b77a69ed9c73e7765a0a,6067,0,405,尚未完成欄位語義核實；需來源業務定義、單位、粒度與用途,UNRESOLVED,,REVIEW_REQUIRED,待資料負責人確認,UNKNOWN,NOT_ESTABLISHED,,,UNKNOWN_NOT_APPLICABLE_OR_NOT_RECORDED; DO_NOT_IMPUTE_ZERO,UNASSIGNED,PROPOSED_NO_MEASURED_ROI
reports/2026-10-04/tables/03_sources_evidence/entity_source_evidence.csv,entity_source_evidence,3,path,HISTORICAL_REPORT_OUTPUT,af61576483c25b976f72bd64c5fb84520c86535aef29b77a69ed9c73e7765a0a,6067,0,85,尚未完成欄位語義核實；需來源業務定義、單位、粒度與用途,UNRESOLVED,,REVIEW_REQUIRED,待資料負責人確認,UNKNOWN,NOT_ESTABLISHED,,,UNKNOWN_NOT_APPLICABLE_OR_NOT_RECORDED; DO_NOT_IMPUTE_ZERO,UNASSIGNED,PROPOSED_NO_MEASURED_ROI
reports/2026-10-04/tables/03_sources_evidence/entity_source_evidence.csv,entity_source_evidence,4,line,HISTORICAL_REPORT_OUTPUT,af61576483c25b976f72bd64c5fb84520c86535aef29b77a69ed9c73e7765a0a,6067,0,1930,尚未完成欄位語義核實；需來源業務定義、單位、粒度與用途,UNRESOLVED,,REVIEW_REQUIRED,待資料負責人確認,UNKNOWN,NOT_ESTABLISHED,,,UNKNOWN_NOT_APPLICABLE_OR_NOT_RECORDED; DO_NOT_IMPUTE_ZERO,UNASSIGNED,PROPOSED_NO_MEASURED_ROI
reports/2026-10-04/tables/03_sources_evidence/entity_source_evidence.csv,entity_source_evidence,5,context,HISTORICAL_REPORT_OUTPUT,af61576483c25b976f72bd64c5fb84520c86535aef29b77a69ed9c73e7765a0a,6067,0,1200,尚未完成欄位語義核實；需來源業務定義、單位、粒度與用途,UNRESOLVED,,REVIEW_REQUIRED,待資料負責人確認,UNKNOWN,NOT_ESTABLISHED,,,UNKNOWN_NOT_APPLICABLE_OR_NOT_RECORDED; DO_NOT_IMPUTE_ZERO,UNASSIGNED,PROPOSED_NO_MEASURED_ROI
reports/2026-10-04/tables/03_sources_evidence/live_checks.tsv,live_checks,1,key,HISTORICAL_REPORT_OUTPUT,748d648dc8aa12a7c48e28b7568ed573efd6d945cadb06b0fef0c0035071612d,74,0,74,尚未完成欄位語義核實；需來源業務定義、單位、粒度與用途,UNRESOLVED,,REVIEW_REQUIRED,待資料負責人確認,UNKNOWN,NOT_ESTABLISHED,,,UNKNOWN_NOT_APPLICABLE_OR_NOT_RECORDED; DO_NOT_IMPUTE_ZERO,UNASSIGNED,PROPOSED_NO_MEASURED_ROI
reports/2026-10-04/tables/03_sources_evidence/live_checks.tsv,live_checks,2,status,HISTORICAL_REPORT_OUTPUT,748d648dc8aa12a7c48e28b7568ed573efd6d945cadb06b0fef0c0035071612d,74,0,2,尚未完成欄位語義核實；需來源業務定義、單位、粒度與用途,UNRESOLVED,,REVIEW_REQUIRED,待資料負責人確認,UNKNOWN,NOT_ESTABLISHED,,,UNKNOWN_NOT_APPLICABLE_OR_NOT_RECORDED; DO_NOT_IMPUTE_ZERO,UNASSIGNED,PROPOSED_NO_MEASURED_ROI
reports/2026-10-04/tables/03_sources_evidence/live_checks.tsv,live_checks,3,url,HISTORICAL_REPORT_OUTPUT,748d648dc8aa12a7c48e28b7568ed573efd6d945cadb06b0fef0c0035071612d,74,0,74,來源位址、檔案或行號；連結存在不代表內容可讀或支持主張,PROPOSED_CONTEXT_REVIEW,build_semantic_catalog.py: explicit proposed glossary,REVIEW_REQUIRED,證據定位,NOT_APPLICABLE,NOT_ESTABLISHED,,,UNKNOWN_NOT_APPLICABLE_OR_NOT_RECORDED; DO_NOT_IMPUTE_ZERO,UNASSIGNED,PROPOSED_NO_MEASURED_ROI
reports/2026-10-04/tables/03_sources_evidence/live_checks.tsv,live_checks,4,verified_scope,HISTORICAL_REPORT_OUTPUT,748d648dc8aa12a7c48e28b7568ed573efd6d945cadb06b0fef0c0035071612d,74,0,74,核實涵蓋的主張、條件與邊界；不把公開描述擴展成性能或部署證明,PROPOSED_CONTEXT_REVIEW,build_semantic_catalog.py: explicit proposed glossary,REVIEW_REQUIRED,限定決策可信範圍,NOT_APPLICABLE,NOT_ESTABLISHED,,,UNKNOWN_NOT_APPLICABLE_OR_NOT_RECORDED; DO_NOT_IMPUTE_ZERO,UNASSIGNED,PROPOSED_NO_MEASURED_ROI
reports/2026-10-04/tables/03_sources_evidence/source_urls.csv,source_urls,1,path,HISTORICAL_REPORT_OUTPUT,313b3b55c2c6d33398b2cffa0716a9300d9c9d816090e8f9447967a010d601ea,18936,0,73,尚未完成欄位語義核實；需來源業務定義、單位、粒度與用途,UNRESOLVED,,REVIEW_REQUIRED,待資料負責人確認,UNKNOWN,NOT_ESTABLISHED,,,UNKNOWN_NOT_APPLICABLE_OR_NOT_RECORDED; DO_NOT_IMPUTE_ZERO,UNASSIGNED,PROPOSED_NO_MEASURED_ROI
reports/2026-10-04/tables/03_sources_evidence/source_urls.csv,source_urls,2,line,HISTORICAL_REPORT_OUTPUT,313b3b55c2c6d33398b2cffa0716a9300d9c9d816090e8f9447967a010d601ea,18936,0,9681,尚未完成欄位語義核實；需來源業務定義、單位、粒度與用途,UNRESOLVED,,REVIEW_REQUIRED,待資料負責人確認,UNKNOWN,NOT_ESTABLISHED,,,UNKNOWN_NOT_APPLICABLE_OR_NOT_RECORDED; DO_NOT_IMPUTE_ZERO,UNASSIGNED,PROPOSED_NO_MEASURED_ROI
reports/2026-10-04/tables/03_sources_evidence/source_urls.csv,source_urls,3,url,HISTORICAL_REPORT_OUTPUT,313b3b55c2c6d33398b2cffa0716a9300d9c9d816090e8f9447967a010d601ea,18936,0,1542,來源位址、檔案或行號；連結存在不代表內容可讀或支持主張,PROPOSED_CONTEXT_REVIEW,build_semantic_catalog.py: explicit proposed glossary,REVIEW_REQUIRED,證據定位,NOT_APPLICABLE,NOT_ESTABLISHED,,,UNKNOWN_NOT_APPLICABLE_OR_NOT_RECORDED; DO_NOT_IMPUTE_ZERO,UNASSIGNED,PROPOSED_NO_MEASURED_ROI
reports/2026-10-04/tables/04_file_audit/file_inventory.csv,file_inventory,1,path,HISTORICAL_REPORT_OUTPUT,f40453824e3dc897cb8120e1c67489725d02cb9ea577dee064610d2807842119,243,0,243,尚未完成欄位語義核實；需來源業務定義、單位、粒度與用途,UNRESOLVED,,REVIEW_REQUIRED,待資料負責人確認,UNKNOWN,NOT_ESTABLISHED,,,UNKNOWN_NOT_APPLICABLE_OR_NOT_RECORDED; DO_NOT_IMPUTE_ZERO,UNASSIGNED,PROPOSED_NO_MEASURED_ROI
reports/2026-10-04/tables/04_file_audit/file_inventory.csv,file_inventory,2,bytes,HISTORICAL_REPORT_OUTPUT,f40453824e3dc897cb8120e1c67489725d02cb9ea577dee064610d2807842119,243,0,183,記錄列數或位元組數；不代表機構、資訊或成果數,PROPOSED_CONTEXT_REVIEW,build_semantic_catalog.py: explicit proposed glossary,REVIEW_REQUIRED,完整性与儲存規劃,ROW_OR_BYTE_BY_COLUMN,NOT_ESTABLISHED,,,UNKNOWN_NOT_APPLICABLE_OR_NOT_RECORDED; DO_NOT_IMPUTE_ZERO,UNASSIGNED,PROPOSED_NO_MEASURED_ROI
reports/2026-10-04/tables/04_file_audit/file_inventory.csv,file_inventory,3,sha256,HISTORICAL_REPORT_OUTPUT,f40453824e3dc897cb8120e1c67489725d02cb9ea577dee064610d2807842119,243,1,210,內容指紋；完整性核對不能證明內容真實,PROPOSED_CONTEXT_REVIEW,build_semantic_catalog.py: explicit proposed glossary,REVIEW_REQUIRED,版本與變更定位,HASH,NOT_ESTABLISHED,,,UNKNOWN_NOT_APPLICABLE_OR_NOT_RECORDED; DO_NOT_IMPUTE_ZERO,UNASSIGNED,PROPOSED_NO_MEASURED_ROI
reports/2026-10-04/tables/04_file_audit/file_inventory.csv,file_inventory,4,lines,HISTORICAL_REPORT_OUTPUT,f40453824e3dc897cb8120e1c67489725d02cb9ea577dee064610d2807842119,243,0,121,尚未完成欄位語義核實；需來源業務定義、單位、粒度與用途,UNRESOLVED,,REVIEW_REQUIRED,待資料負責人確認,UNKNOWN,NOT_ESTABLISHED,,,UNKNOWN_NOT_APPLICABLE_OR_NOT_RECORDED; DO_NOT_IMPUTE_ZERO,UNASSIGNED,PROPOSED_NO_MEASURED_ROI
reports/2026-10-04/tables/04_file_audit/file_inventory.csv,file_inventory,5,review_method,HISTORICAL_REPORT_OUTPUT,f40453824e3dc897cb8120e1c67489725d02cb9ea577dee064610d2807842119,243,0,7,尚未完成欄位語義核實；需來源業務定義、單位、粒度與用途,UNRESOLVED,,REVIEW_REQUIRED,待資料負責人確認,UNKNOWN,NOT_ESTABLISHED,,,UNKNOWN_NOT_APPLICABLE_OR_NOT_RECORDED; DO_NOT_IMPUTE_ZERO,UNASSIGNED,PROPOSED_NO_MEASURED_ROI
reports/2026-10-06/frontier_ecosystem/preview/Reference/tables/06_frontier_ecosystem_20261006/registry_frontier_claims.csv,registry_frontier_claims,1,claim_id,PREVIEW_SNAPSHOT,349271d46d80b12283f3c61ca30ae40f2538feb27cd60899b3ecb2f6481474e6,196,0,196,一項可定位主張的識別鍵；真偽與有效範圍另列,PROPOSED_CONTEXT_REVIEW,build_semantic_catalog.py: explicit proposed glossary,REVIEW_REQUIRED,主張審核與衝突管理,NOT_APPLICABLE,NOT_ESTABLISHED,,,UNKNOWN_NOT_APPLICABLE_OR_NOT_RECORDED; DO_NOT_IMPUTE_ZERO,UNASSIGNED,PROPOSED_NO_MEASURED_ROI
reports/2026-10-06/frontier_ecosystem/preview/Reference/tables/06_frontier_ecosystem_20261006/registry_frontier_claims.csv,registry_frontier_claims,2,entity_id,PREVIEW_SNAPSHOT,349271d46d80b12283f3c61ca30ae40f2538feb27cd60899b3ecb2f6481474e6,196,0,196,穩定內部實體識別鍵；命名空間及對象依所屬表，不以相似名稱自動合併,PROPOSED_CONTEXT_REVIEW,build_semantic_catalog.py: explicit proposed glossary,REVIEW_REQUIRED,跨表實體追溯,NOT_APPLICABLE,NOT_ESTABLISHED,,,UNKNOWN_NOT_APPLICABLE_OR_NOT_RECORDED; DO_NOT_IMPUTE_ZERO,UNASSIGNED,PROPOSED_NO_MEASURED_ROI
reports/2026-10-06/frontier_ecosystem/preview/Reference/tables/06_frontier_ecosystem_20261006/registry_frontier_claims.csv,registry_frontier_claims,3,claim,PREVIEW_SNAPSHOT,349271d46d80b12283f3c61ca30ae40f2538feb27cd60899b3ecb2f6481474e6,196,0,148,一項待審或歷史主張的文字；與其證據狀態一起使用,PROPOSED_CONTEXT_REVIEW,build_semantic_catalog.py: explicit proposed glossary,REVIEW_REQUIRED,保存研究命題,NOT_APPLICABLE,NOT_ESTABLISHED,,,UNKNOWN_NOT_APPLICABLE_OR_NOT_RECORDED; DO_NOT_IMPUTE_ZERO,UNASSIGNED,PROPOSED_NO_MEASURED_ROI
reports/2026-10-06/frontier_ecosystem/preview/Reference/tables/06_frontier_ecosystem_20261006/registry_frontier_claims.csv,registry_frontier_claims,4,evidence_state,PREVIEW_SNAPSHOT,349271d46d80b12283f3c61ca30ae40f2538feb27cd60899b3ecb2f6481474e6,196,0,2,特定記錄或主張的證據狀態；VERIFIED 僅限可定位範圍,PROPOSED_CONTEXT_REVIEW,build_semantic_catalog.py: explicit proposed glossary,REVIEW_REQUIRED,隔離未知、宣稱與核實,NOT_APPLICABLE,NOT_ESTABLISHED,,,UNKNOWN_NOT_APPLICABLE_OR_NOT_RECORDED; DO_NOT_IMPUTE_ZERO,UNASSIGNED,PROPOSED_NO_MEASURED_ROI
reports/2026-10-06/frontier_ecosystem/preview/Reference/tables/06_frontier_ecosystem_20261006/registry_frontier_claims.csv,registry_frontier_claims,5,verification_scope,PREVIEW_SNAPSHOT,349271d46d80b12283f3c61ca30ae40f2538feb27cd60899b3ecb2f6481474e6,196,0,2,核實涵蓋的主張、條件與邊界；不把公開描述擴展成性能或部署證明,PROPOSED_CONTEXT_REVIEW,build_semantic_catalog.py: explicit proposed glossary,REVIEW_REQUIRED,限定決策可信範圍,NOT_APPLICABLE,NOT_ESTABLISHED,,,UNKNOWN_NOT_APPLICABLE_OR_NOT_RECORDED; DO_NOT_IMPUTE_ZERO,UNASSIGNED,PROPOSED_NO_MEASURED_ROI
reports/2026-10-06/frontier_ecosystem/preview/Reference/tables/06_frontier_ecosystem_20261006/registry_frontier_claims.csv,registry_frontier_claims,6,product_project_leads,PREVIEW_SNAPSHOT,349271d46d80b12283f3c61ca30ae40f2538feb27cd60899b3ecb2f6481474e6,196,0,195,技術記錄鍵或產品／項目候選線索；候選不等於正式實體,PROPOSED_CONTEXT_REVIEW,build_semantic_catalog.py: explicit proposed glossary,REVIEW_REQUIRED,技術選型與後續查證,NOT_APPLICABLE,NOT_ESTABLISHED,,,UNKNOWN_NOT_APPLICABLE_OR_NOT_RECORDED; DO_NOT_IMPUTE_ZERO,UNASSIGNED,PROPOSED_NO_MEASURED_ROI
reports/2026-10-06/frontier_ecosystem/preview/Reference/tables/06_frontier_ecosystem_20261006/registry_frontier_claims.csv,registry_frontier_claims,7,product_leads_state,PREVIEW_SNAPSHOT,349271d46d80b12283f3c61ca30ae40f2538feb27cd60899b3ecb2f6481474e6,196,0,1,尚未完成欄位語義核實；需來源業務定義、單位、粒度與用途,UNRESOLVED,,REVIEW_REQUIRED,待資料負責人確認,UNKNOWN,NOT_ESTABLISHED,,,UNKNOWN_NOT_APPLICABLE_OR_NOT_RECORDED; DO_NOT_IMPUTE_ZERO,UNASSIGNED,PROPOSED_NO_MEASURED_ROI
reports/2026-10-06/frontier_ecosystem/preview/Reference/tables/06_frontier_ecosystem_20261006/registry_frontier_claims.csv,registry_frontier_claims,8,performance_state,PREVIEW_SNAPSHOT,349271d46d80b12283f3c61ca30ae40f2538feb27cd60899b3ecb2f6481474e6,196,0,1,性能主張或獨立性能驗證狀態；不是性能數值,PROPOSED_CONTEXT_REVIEW,build_semantic_catalog.py: explicit proposed glossary,REVIEW_REQUIRED,避免宣傳數字冒充測試,NOT_APPLICABLE,NOT_ESTABLISHED,,,UNKNOWN_NOT_APPLICABLE_OR_NOT_RECORDED; DO_NOT_IMPUTE_ZERO,UNASSIGNED,PROPOSED_NO_MEASURED_ROI
reports/2026-10-06/frontier_ecosystem/preview/Reference/tables/06_frontier_ecosystem_20261006/registry_frontier_claims.csv,registry_frontier_claims,9,deployment_state,PREVIEW_SNAPSHOT,349271d46d80b12283f3c61ca30ae40f2538feb27cd60899b3ecb2f6481474e6,196,0,1,部署證據狀態；產品存在不等於實際部署,PROPOSED_CONTEXT_REVIEW,build_semantic_catalog.py: explicit proposed glossary,REVIEW_REQUIRED,採用成熟度評估,NOT_APPLICABLE,NOT_ESTABLISHED,,,UNKNOWN_NOT_APPLICABLE_OR_NOT_RECORDED; DO_NOT_IMPUTE_ZERO,UNASSIGNED,PROPOSED_NO_MEASURED_ROI
reports/2026-10-06/frontier_ecosystem/preview/Reference/tables/06_frontier_ecosystem_20261006/registry_frontier_claims.csv,registry_frontier_claims,10,regulatory_state,PREVIEW_SNAPSHOT,349271d46d80b12283f3c61ca30ae40f2538feb27cd60899b3ecb2f6481474e6,196,0,1,監管狀態或其司法區；版次與日期需另定位,PROPOSED_CONTEXT_REVIEW,build_semantic_catalog.py: explicit proposed glossary,REVIEW_REQUIRED,臨床／採購條件評估,NOT_APPLICABLE,NOT_ESTABLISHED,,,UNKNOWN_NOT_APPLICABLE_OR_NOT_RECORDED; DO_NOT_IMPUTE_ZERO,UNASSIGNED,PROPOSED_NO_MEASURED_ROI
reports/2026-10-06/frontier_ecosystem/preview/Reference/tables/06_frontier_ecosystem_20261006/registry_frontier_claims.csv,registry_frontier_claims,11,source_id,PREVIEW_SNAPSHOT,349271d46d80b12283f3c61ca30ae40f2538feb27cd60899b3ecb2f6481474e6,196,7,189,來源登記鍵；僅指來源，不代表該來源全部說法已核實,PROPOSED_CONTEXT_REVIEW,build_semantic_catalog.py: explicit proposed glossary,REVIEW_REQUIRED,主張證據追溯,NOT_APPLICABLE,NOT_ESTABLISHED,,,UNKNOWN_NOT_APPLICABLE_OR_NOT_RECORDED; DO_NOT_IMPUTE_ZERO,UNASSIGNED,PROPOSED_NO_MEASURED_ROI
reports/2026-10-06/frontier_ecosystem/preview/Reference/tables/06_frontier_ecosystem_20261006/registry_frontier_claims.csv,registry_frontier_claims,12,reviewed_on,PREVIEW_SNAPSHOT,349271d46d80b12283f3c61ca30ae40f2538feb27cd60899b3ecb2f6481474e6,196,0,1,資料截至／檢查／審核／搜索／取得時間；各欄依操作分別解讀，時區不可猜,PROPOSED_CONTEXT_REVIEW,build_semantic_catalog.py: explicit proposed glossary,REVIEW_REQUIRED,新鮮度與審核時點,SOURCE_DATE_OR_TIMESTAMP,NOT_ESTABLISHED,,,UNKNOWN_NOT_APPLICABLE_OR_NOT_RECORDED; DO_NOT_IMPUTE_ZERO,UNASSIGNED,PROPOSED_NO_MEASURED_ROI
reports/2026-10-06/frontier_ecosystem/preview/Reference/tables/06_frontier_ecosystem_20261006/registry_frontier_organizations.csv,registry_frontier_organizations,1,entity_id,PREVIEW_SNAPSHOT,bfdcb90c9d7bb1f50d24076ccf286fbbaa0aa5da06403f3e2d66984da82a08f9,196,0,196,穩定內部實體識別鍵；命名空間及對象依所屬表，不以相似名稱自動合併,PROPOSED_CONTEXT_REVIEW,build_semantic_catalog.py: explicit proposed glossary,REVIEW_REQUIRED,跨表實體追溯,NOT_APPLICABLE,NOT_ESTABLISHED,,,UNKNOWN_NOT_APPLICABLE_OR_NOT_RECORDED; DO_NOT_IMPUTE_ZERO,UNASSIGNED,PROPOSED_NO_MEASURED_ROI
reports/2026-10-06/frontier_ecosystem/preview/Reference/tables/06_frontier_ecosystem_20261006/registry_frontier_organizations.csv,registry_frontier_organizations,2,display_name,PREVIEW_SNAPSHOT,bfdcb90c9d7bb1f50d24076ccf286fbbaa0aa5da06403f3e2d66984da82a08f9,196,0,196,尚未完成欄位語義核實；需來源業務定義、單位、粒度與用途,UNRESOLVED,,REVIEW_REQUIRED,待資料負責人確認,UNKNOWN,NOT_ESTABLISHED,,,UNKNOWN_NOT_APPLICABLE_OR_NOT_RECORDED; DO_NOT_IMPUTE_ZERO,UNASSIGNED,PROPOSED_NO_MEASURED_ROI
reports/2026-10-06/frontier_ecosystem/preview/Reference/tables/06_frontier_ecosystem_20261006/registry_frontier_organizations.csv,registry_frontier_organizations,3,entity_type,PREVIEW_SNAPSHOT,bfdcb90c9d7bb1f50d24076ccf286fbbaa0aa5da06403f3e2d66984da82a08f9,196,0,16,尚未完成欄位語義核實；需來源業務定義、單位、粒度與用途,UNRESOLVED,,REVIEW_REQUIRED,待資料負責人確認,UNKNOWN,NOT_ESTABLISHED,,,UNKNOWN_NOT_APPLICABLE_OR_NOT_RECORDED; DO_NOT_IMPUTE_ZERO,UNASSIGNED,PROPOSED_NO_MEASURED_ROI
reports/2026-10-06/frontier_ecosystem/preview/Reference/tables/06_frontier_ecosystem_20261006/registry_frontier_organizations.csv,registry_frontier_organizations,4,primary_domain,PREVIEW_SNAPSHOT,bfdcb90c9d7bb1f50d24076ccf286fbbaa0aa5da06403f3e2d66984da82a08f9,196,0,9,尚未完成欄位語義核實；需來源業務定義、單位、粒度與用途,UNRESOLVED,,REVIEW_REQUIRED,待資料負責人確認,UNKNOWN,NOT_ESTABLISHED,,,UNKNOWN_NOT_APPLICABLE_OR_NOT_RECORDED; DO_NOT_IMPUTE_ZERO,UNASSIGNED,PROPOSED_NO_MEASURED_ROI
reports/2026-10-06/frontier_ecosystem/preview/Reference/tables/06_frontier_ecosystem_20261006/registry_frontier_organizations.csv,registry_frontier_organizations,5,country_candidate_iso_alpha2,PREVIEW_SNAPSHOT,bfdcb90c9d7bb1f50d24076ccf286fbbaa0aa5da06403f3e2d66984da82a08f9,196,26,22,編輯候選國別關聯；不直接證明法律住所、部署國或國家能力,PROPOSED_CONTEXT_REVIEW,build_semantic_catalog.py: explicit proposed glossary,REVIEW_REQUIRED,國別查證候選,ISO_ALPHA2_CANDIDATE,NOT_ESTABLISHED,,,UNKNOWN_NOT_APPLICABLE_OR_NOT_RECORDED; DO_NOT_IMPUTE_ZERO,UNASSIGNED,PROPOSED_NO_MEASURED_ROI
reports/2026-10-06/frontier_ecosystem/preview/Reference/tables/06_frontier_ecosystem_20261006/registry_frontier_organizations.csv,registry_frontier_organizations,6,country_assignment_status,PREVIEW_SNAPSHOT,bfdcb90c9d7bb1f50d24076ccf286fbbaa0aa5da06403f3e2d66984da82a08f9,196,0,1,法人、住所或國別關係的獨立核實狀態；與機構存在不同,PROPOSED_CONTEXT_REVIEW,build_semantic_catalog.py: explicit proposed glossary,REVIEW_REQUIRED,法人與地理歸屬核實,NOT_APPLICABLE,NOT_ESTABLISHED,,,UNKNOWN_NOT_APPLICABLE_OR_NOT_RECORDED; DO_NOT_IMPUTE_ZERO,UNASSIGNED,PROPOSED_NO_MEASURED_ROI
reports/2026-10-06/frontier_ecosystem/preview/Reference/tables/06_frontier_ecosystem_20261006/registry_frontier_organizations.csv,registry_frontier_organizations,7,legal_entity_status,PREVIEW_SNAPSHOT,bfdcb90c9d7bb1f50d24076ccf286fbbaa0aa5da06403f3e2d66984da82a08f9,196,0,2,法人、住所或國別關係的獨立核實狀態；與機構存在不同,PROPOSED_CONTEXT_REVIEW,build_semantic_catalog.py: explicit proposed glossary,REVIEW_REQUIRED,法人與地理歸屬核實,NOT_APPLICABLE,NOT_ESTABLISHED,,,UNKNOWN_NOT_APPLICABLE_OR_NOT_RECORDED; DO_NOT_IMPUTE_ZERO,UNASSIGNED,PROPOSED_NO_MEASURED_ROI
reports/2026-10-06/frontier_ecosystem/preview/Reference/tables/06_frontier_ecosystem_20261006/registry_frontier_organizations.csv,registry_frontier_organizations,8,selection_status,PREVIEW_SNAPSHOT,bfdcb90c9d7bb1f50d24076ccf286fbbaa0aa5da06403f3e2d66984da82a08f9,196,0,1,尚未完成欄位語義核實；需來源業務定義、單位、粒度與用途,UNRESOLVED,,REVIEW_REQUIRED,待資料負責人確認,UNKNOWN,NOT_ESTABLISHED,,,UNKNOWN_NOT_APPLICABLE_OR_NOT_RECORDED; DO_NOT_IMPUTE_ZERO,UNASSIGNED,PROPOSED_NO_MEASURED_ROI
reports/2026-10-06/frontier_ecosystem/preview/Reference/tables/06_frontier_ecosystem_20261006/registry_frontier_organizations.csv,registry_frontier_organizations,9,source_id,PREVIEW_SNAPSHOT,bfdcb90c9d7bb1f50d24076ccf286fbbaa0aa5da06403f3e2d66984da82a08f9,196,7,189,來源登記鍵；僅指來源，不代表該來源全部說法已核實,PROPOSED_CONTEXT_REVIEW,build_semantic_catalog.py: explicit proposed glossary,REVIEW_REQUIRED,主張證據追溯,NOT_APPLICABLE,NOT_ESTABLISHED,,,UNKNOWN_NOT_APPLICABLE_OR_NOT_RECORDED; DO_NOT_IMPUTE_ZERO,UNASSIGNED,PROPOSED_NO_MEASURED_ROI
reports/2026-10-06/frontier_ecosystem/preview/Reference/tables/06_frontier_ecosystem_20261006/registry_frontier_organizations.csv,registry_frontier_organizations,10,as_of,PREVIEW_SNAPSHOT,bfdcb90c9d7bb1f50d24076ccf286fbbaa0aa5da06403f3e2d66984da82a08f9,196,0,1,資料截至／檢查／審核／搜索／取得時間；各欄依操作分別解讀，時區不可猜,PROPOSED_CONTEXT_REVIEW,build_semantic_catalog.py: explicit proposed glossary,REVIEW_REQUIRED,新鮮度與審核時點,SOURCE_DATE_OR_TIMESTAMP,NOT_ESTABLISHED,,,UNKNOWN_NOT_APPLICABLE_OR_NOT_RECORDED; DO_NOT_IMPUTE_ZERO,UNASSIGNED,PROPOSED_NO_MEASURED_ROI
reports/2026-10-06/frontier_ecosystem/preview/Reference/tables/06_frontier_ecosystem_20261006/registry_frontier_sources.csv,registry_frontier_sources,1,source_id,PREVIEW_SNAPSHOT,f2b6ca77b4e4c32775746ce4d1ca3437eb88d61ae1e2f90ddb5ab0b3a90b0fe1,189,0,189,來源登記鍵；僅指來源，不代表該來源全部說法已核實,PROPOSED_CONTEXT_REVIEW,build_semantic_catalog.py: explicit proposed glossary,REVIEW_REQUIRED,主張證據追溯,NOT_APPLICABLE,NOT_ESTABLISHED,,,UNKNOWN_NOT_APPLICABLE_OR_NOT_RECORDED; DO_NOT_IMPUTE_ZERO,UNASSIGNED,PROPOSED_NO_MEASURED_ROI
reports/2026-10-06/frontier_ecosystem/preview/Reference/tables/06_frontier_ecosystem_20261006/registry_frontier_sources.csv,registry_frontier_sources,2,url,PREVIEW_SNAPSHOT,f2b6ca77b4e4c32775746ce4d1ca3437eb88d61ae1e2f90ddb5ab0b3a90b0fe1,189,0,188,來源位址、檔案或行號；連結存在不代表內容可讀或支持主張,PROPOSED_CONTEXT_REVIEW,build_semantic_catalog.py: explicit proposed glossary,REVIEW_REQUIRED,證據定位,NOT_APPLICABLE,NOT_ESTABLISHED,,,UNKNOWN_NOT_APPLICABLE_OR_NOT_RECORDED; DO_NOT_IMPUTE_ZERO,UNASSIGNED,PROPOSED_NO_MEASURED_ROI
reports/2026-10-06/frontier_ecosystem/preview/Reference/tables/06_frontier_ecosystem_20261006/registry_frontier_sources.csv,registry_frontier_sources,3,supports,PREVIEW_SNAPSHOT,f2b6ca77b4e4c32775746ce4d1ca3437eb88d61ae1e2f90ddb5ab0b3a90b0fe1,189,0,143,尚未完成欄位語義核實；需來源業務定義、單位、粒度與用途,UNRESOLVED,,REVIEW_REQUIRED,待資料負責人確認,UNKNOWN,NOT_ESTABLISHED,,,UNKNOWN_NOT_APPLICABLE_OR_NOT_RECORDED; DO_NOT_IMPUTE_ZERO,UNASSIGNED,PROPOSED_NO_MEASURED_ROI
reports/2026-10-06/frontier_ecosystem/preview/Reference/tables/06_frontier_ecosystem_20261006/registry_frontier_sources.csv,registry_frontier_sources,4,source_class,PREVIEW_SNAPSHOT,f2b6ca77b4e4c32775746ce4d1ca3437eb88d61ae1e2f90ddb5ab0b3a90b0fe1,189,0,2,尚未完成欄位語義核實；需來源業務定義、單位、粒度與用途,UNRESOLVED,,REVIEW_REQUIRED,待資料負責人確認,UNKNOWN,NOT_ESTABLISHED,,,UNKNOWN_NOT_APPLICABLE_OR_NOT_RECORDED; DO_NOT_IMPUTE_ZERO,UNASSIGNED,PROPOSED_NO_MEASURED_ROI
reports/2026-10-06/frontier_ecosystem/preview/Reference/tables/06_frontier_ecosystem_20261006/registry_frontier_sources.csv,registry_frontier_sources,5,access_state,PREVIEW_SNAPSHOT,f2b6ca77b4e4c32775746ce4d1ca3437eb88d61ae1e2f90ddb5ab0b3a90b0fe1,189,0,2,尚未完成欄位語義核實；需來源業務定義、單位、粒度與用途,UNRESOLVED,,REVIEW_REQUIRED,待資料負責人確認,UNKNOWN,NOT_ESTABLISHED,,,UNKNOWN_NOT_APPLICABLE_OR_NOT_RECORDED; DO_NOT_IMPUTE_ZERO,UNASSIGNED,PROPOSED_NO_MEASURED_ROI
reports/2026-10-06/frontier_ecosystem/preview/Reference/tables/06_frontier_ecosystem_20261006/registry_frontier_sources.csv,registry_frontier_sources,6,checked_on,PREVIEW_SNAPSHOT,f2b6ca77b4e4c32775746ce4d1ca3437eb88d61ae1e2f90ddb5ab0b3a90b0fe1,189,79,1,資料截至／檢查／審核／搜索／取得時間；各欄依操作分別解讀，時區不可猜,PROPOSED_CONTEXT_REVIEW,build_semantic_catalog.py: explicit proposed glossary,REVIEW_REQUIRED,新鮮度與審核時點,SOURCE_DATE_OR_TIMESTAMP,NOT_ESTABLISHED,,,UNKNOWN_NOT_APPLICABLE_OR_NOT_RECORDED; DO_NOT_IMPUTE_ZERO,UNASSIGNED,PROPOSED_NO_MEASURED_ROI
reports/2026-10-06/frontier_ecosystem/preview/Reference/tables/06_frontier_ecosystem_20261006/registry_frontier_sources.csv,registry_frontier_sources,7,published_on,PREVIEW_SNAPSHOT,f2b6ca77b4e4c32775746ce4d1ca3437eb88d61ae1e2f90ddb5ab0b3a90b0fe1,189,189,0,尚未完成欄位語義核實；需來源業務定義、單位、粒度與用途,UNRESOLVED,,REVIEW_REQUIRED,待資料負責人確認,UNKNOWN,NOT_ESTABLISHED,,,UNKNOWN_NOT_APPLICABLE_OR_NOT_RECORDED; DO_NOT_IMPUTE_ZERO,UNASSIGNED,PROPOSED_NO_MEASURED_ROI
reports/2026-10-06/frontier_ecosystem/preview/Reference/tables/06_frontier_ecosystem_20261006/registry_frontier_sources.csv,registry_frontier_sources,8,archive_state,PREVIEW_SNAPSHOT,f2b6ca77b4e4c32775746ce4d1ca3437eb88d61ae1e2f90ddb5ab0b3a90b0fe1,189,0,1,尚未完成欄位語義核實；需來源業務定義、單位、粒度與用途,UNRESOLVED,,REVIEW_REQUIRED,待資料負責人確認,UNKNOWN,NOT_ESTABLISHED,,,UNKNOWN_NOT_APPLICABLE_OR_NOT_RECORDED; DO_NOT_IMPUTE_ZERO,UNASSIGNED,PROPOSED_NO_MEASURED_ROI
reports/2026-10-06/frontier_ecosystem/preview/Reference/tables/06_frontier_ecosystem_20261006/registry_frontier_sources.csv,registry_frontier_sources,9,license_state,PREVIEW_SNAPSHOT,f2b6ca77b4e4c32775746ce4d1ca3437eb88d61ae1e2f90ddb5ab0b3a90b0fe1,189,0,1,授權審核狀態；需定位產品／資料／权重與版本,PROPOSED_CONTEXT_REVIEW,build_semantic_catalog.py: explicit proposed glossary,REVIEW_REQUIRED,用途准入,NOT_APPLICABLE,NOT_ESTABLISHED,,,UNKNOWN_NOT_APPLICABLE_OR_NOT_RECORDED; DO_NOT_IMPUTE_ZERO,UNASSIGNED,PROPOSED_NO_MEASURED_ROI
reports/2026-10-06/global_technology_iso249/preview/Reference/tables/07_global_technology_iso249_20261006/registry_country_entity_relations.csv,registry_country_entity_relations,1,relation_id,PREVIEW_SNAPSHOT,1473c747ae89a9c8fb726bd656e646c25eccd4a38258e72acb1db8d2efb782e3,2,0,2,尚未完成欄位語義核實；需來源業務定義、單位、粒度與用途,UNRESOLVED,,REVIEW_REQUIRED,待資料負責人確認,UNKNOWN,NOT_ESTABLISHED,,,UNKNOWN_NOT_APPLICABLE_OR_NOT_RECORDED; DO_NOT_IMPUTE_ZERO,UNASSIGNED,PROPOSED_NO_MEASURED_ROI
reports/2026-10-06/global_technology_iso249/preview/Reference/tables/07_global_technology_iso249_20261006/registry_country_entity_relations.csv,registry_country_entity_relations,2,entity_id,PREVIEW_SNAPSHOT,1473c747ae89a9c8fb726bd656e646c25eccd4a38258e72acb1db8d2efb782e3,2,0,1,穩定內部實體識別鍵；命名空間及對象依所屬表，不以相似名稱自動合併,PROPOSED_CONTEXT_REVIEW,build_semantic_catalog.py: explicit proposed glossary,REVIEW_REQUIRED,跨表實體追溯,NOT_APPLICABLE,NOT_ESTABLISHED,,,UNKNOWN_NOT_APPLICABLE_OR_NOT_RECORDED; DO_NOT_IMPUTE_ZERO,UNASSIGNED,PROPOSED_NO_MEASURED_ROI
reports/2026-10-06/global_technology_iso249/preview/Reference/tables/07_global_technology_iso249_20261006/registry_country_entity_relations.csv,registry_country_entity_relations,3,iso_alpha2,PREVIEW_SNAPSHOT,1473c747ae89a9c8fb726bd656e646c25eccd4a38258e72acb1db8d2efb782e3,2,0,2,ISO 3166-1 alpha-2 國家／地區代碼；代碼版次與關係另記,PROPOSED_CONTEXT_REVIEW,build_semantic_catalog.py: explicit proposed glossary,REVIEW_REQUIRED,母表連結,ISO_ALPHA2,NOT_ESTABLISHED,,,UNKNOWN_NOT_APPLICABLE_OR_NOT_RECORDED; DO_NOT_IMPUTE_ZERO,UNASSIGNED,PROPOSED_NO_MEASURED_ROI
reports/2026-10-06/global_technology_iso249/preview/Reference/tables/07_global_technology_iso249_20261006/registry_country_entity_relations.csv,registry_country_entity_relations,4,relation_type,PREVIEW_SNAPSHOT,1473c747ae89a9c8fb726bd656e646c25eccd4a38258e72acb1db8d2efb782e3,2,0,1,尚未完成欄位語義核實；需來源業務定義、單位、粒度與用途,UNRESOLVED,,REVIEW_REQUIRED,待資料負責人確認,UNKNOWN,NOT_ESTABLISHED,,,UNKNOWN_NOT_APPLICABLE_OR_NOT_RECORDED; DO_NOT_IMPUTE_ZERO,UNASSIGNED,PROPOSED_NO_MEASURED_ROI
reports/2026-10-06/global_technology_iso249/preview/Reference/tables/07_global_technology_iso249_20261006/registry_country_entity_relations.csv,registry_country_entity_relations,5,claim,PREVIEW_SNAPSHOT,1473c747ae89a9c8fb726bd656e646c25eccd4a38258e72acb1db8d2efb782e3,2,0,1,一項待審或歷史主張的文字；與其證據狀態一起使用,PROPOSED_CONTEXT_REVIEW,build_semantic_catalog.py: explicit proposed glossary,REVIEW_REQUIRED,保存研究命題,NOT_APPLICABLE,NOT_ESTABLISHED,,,UNKNOWN_NOT_APPLICABLE_OR_NOT_RECORDED; DO_NOT_IMPUTE_ZERO,UNASSIGNED,PROPOSED_NO_MEASURED_ROI
reports/2026-10-06/global_technology_iso249/preview/Reference/tables/07_global_technology_iso249_20261006/registry_country_entity_relations.csv,registry_country_entity_relations,6,evidence_state,PREVIEW_SNAPSHOT,1473c747ae89a9c8fb726bd656e646c25eccd4a38258e72acb1db8d2efb782e3,2,0,1,特定記錄或主張的證據狀態；VERIFIED 僅限可定位範圍,PROPOSED_CONTEXT_REVIEW,build_semantic_catalog.py: explicit proposed glossary,REVIEW_REQUIRED,隔離未知、宣稱與核實,NOT_APPLICABLE,NOT_ESTABLISHED,,,UNKNOWN_NOT_APPLICABLE_OR_NOT_RECORDED; DO_NOT_IMPUTE_ZERO,UNASSIGNED,PROPOSED_NO_MEASURED_ROI
reports/2026-10-06/global_technology_iso249/preview/Reference/tables/07_global_technology_iso249_20261006/registry_country_entity_relations.csv,registry_country_entity_relations,7,verification_scope,PREVIEW_SNAPSHOT,1473c747ae89a9c8fb726bd656e646c25eccd4a38258e72acb1db8d2efb782e3,2,0,1,核實涵蓋的主張、條件與邊界；不把公開描述擴展成性能或部署證明,PROPOSED_CONTEXT_REVIEW,build_semantic_catalog.py: explicit proposed glossary,REVIEW_REQUIRED,限定決策可信範圍,NOT_APPLICABLE,NOT_ESTABLISHED,,,UNKNOWN_NOT_APPLICABLE_OR_NOT_RECORDED; DO_NOT_IMPUTE_ZERO,UNASSIGNED,PROPOSED_NO_MEASURED_ROI
reports/2026-10-06/global_technology_iso249/preview/Reference/tables/07_global_technology_iso249_20261006/registry_country_entity_relations.csv,registry_country_entity_relations,8,source_id,PREVIEW_SNAPSHOT,1473c747ae89a9c8fb726bd656e646c25eccd4a38258e72acb1db8d2efb782e3,2,0,1,來源登記鍵；僅指來源，不代表該來源全部說法已核實,PROPOSED_CONTEXT_REVIEW,build_semantic_catalog.py: explicit proposed glossary,REVIEW_REQUIRED,主張證據追溯,NOT_APPLICABLE,NOT_ESTABLISHED,,,UNKNOWN_NOT_APPLICABLE_OR_NOT_RECORDED; DO_NOT_IMPUTE_ZERO,UNASSIGNED,PROPOSED_NO_MEASURED_ROI
reports/2026-10-06/global_technology_iso249/preview/Reference/tables/07_global_technology_iso249_20261006/registry_country_entity_relations.csv,registry_country_entity_relations,9,as_of,PREVIEW_SNAPSHOT,1473c747ae89a9c8fb726bd656e646c25eccd4a38258e72acb1db8d2efb782e3,2,0,1,資料截至／檢查／審核／搜索／取得時間；各欄依操作分別解讀，時區不可猜,PROPOSED_CONTEXT_REVIEW,build_semantic_catalog.py: explicit proposed glossary,REVIEW_REQUIRED,新鮮度與審核時點,SOURCE_DATE_OR_TIMESTAMP,NOT_ESTABLISHED,,,UNKNOWN_NOT_APPLICABLE_OR_NOT_RECORDED; DO_NOT_IMPUTE_ZERO,UNASSIGNED,PROPOSED_NO_MEASURED_ROI
reports/2026-10-06/global_technology_iso249/preview/Reference/tables/07_global_technology_iso249_20261006/registry_country_search_leads.csv,registry_country_search_leads,1,lead_id,PREVIEW_SNAPSHOT,08baaf73b7540d0db967fbdfb71792b08e7094ce0e4cdc5d81b0d30046143cec,952,0,952,尚未完成欄位語義核實；需來源業務定義、單位、粒度與用途,UNRESOLVED,,REVIEW_REQUIRED,待資料負責人確認,UNKNOWN,NOT_ESTABLISHED,,,UNKNOWN_NOT_APPLICABLE_OR_NOT_RECORDED; DO_NOT_IMPUTE_ZERO,UNASSIGNED,PROPOSED_NO_MEASURED_ROI
reports/2026-10-06/global_technology_iso249/preview/Reference/tables/07_global_technology_iso249_20261006/registry_country_search_leads.csv,registry_country_search_leads,2,iso_alpha2,PREVIEW_SNAPSHOT,08baaf73b7540d0db967fbdfb71792b08e7094ce0e4cdc5d81b0d30046143cec,952,0,238,ISO 3166-1 alpha-2 國家／地區代碼；代碼版次與關係另記,PROPOSED_CONTEXT_REVIEW,build_semantic_catalog.py: explicit proposed glossary,REVIEW_REQUIRED,母表連結,ISO_ALPHA2,NOT_ESTABLISHED,,,UNKNOWN_NOT_APPLICABLE_OR_NOT_RECORDED; DO_NOT_IMPUTE_ZERO,UNASSIGNED,PROPOSED_NO_MEASURED_ROI
reports/2026-10-06/global_technology_iso249/preview/Reference/tables/07_global_technology_iso249_20261006/registry_country_search_leads.csv,registry_country_search_leads,3,query,PREVIEW_SNAPSHOT,08baaf73b7540d0db967fbdfb71792b08e7094ce0e4cdc5d81b0d30046143cec,952,0,238,搜索查詢或其提供方；搜索完成不等於世界普查完成,PROPOSED_CONTEXT_REVIEW,build_semantic_catalog.py: explicit proposed glossary,REVIEW_REQUIRED,搜索覆蓋可重現,NOT_APPLICABLE,NOT_ESTABLISHED,,,UNKNOWN_NOT_APPLICABLE_OR_NOT_RECORDED; DO_NOT_IMPUTE_ZERO,UNASSIGNED,PROPOSED_NO_MEASURED_ROI
reports/2026-10-06/global_technology_iso249/preview/Reference/tables/07_global_technology_iso249_20261006/registry_country_search_leads.csv,registry_country_search_leads,4,title,PREVIEW_SNAPSHOT,08baaf73b7540d0db967fbdfb71792b08e7094ce0e4cdc5d81b0d30046143cec,952,0,781,尚未完成欄位語義核實；需來源業務定義、單位、粒度與用途,UNRESOLVED,,REVIEW_REQUIRED,待資料負責人確認,UNKNOWN,NOT_ESTABLISHED,,,UNKNOWN_NOT_APPLICABLE_OR_NOT_RECORDED; DO_NOT_IMPUTE_ZERO,UNASSIGNED,PROPOSED_NO_MEASURED_ROI
reports/2026-10-06/global_technology_iso249/preview/Reference/tables/07_global_technology_iso249_20261006/registry_country_search_leads.csv,registry_country_search_leads,5,url,PREVIEW_SNAPSHOT,08baaf73b7540d0db967fbdfb71792b08e7094ce0e4cdc5d81b0d30046143cec,952,0,838,來源位址、檔案或行號；連結存在不代表內容可讀或支持主張,PROPOSED_CONTEXT_REVIEW,build_semantic_catalog.py: explicit proposed glossary,REVIEW_REQUIRED,證據定位,NOT_APPLICABLE,NOT_ESTABLISHED,,,UNKNOWN_NOT_APPLICABLE_OR_NOT_RECORDED; DO_NOT_IMPUTE_ZERO,UNASSIGNED,PROPOSED_NO_MEASURED_ROI
reports/2026-10-06/global_technology_iso249/preview/Reference/tables/07_global_technology_iso249_20261006/registry_country_search_leads.csv,registry_country_search_leads,6,provider,PREVIEW_SNAPSHOT,08baaf73b7540d0db967fbdfb71792b08e7094ce0e4cdc5d81b0d30046143cec,952,0,2,搜索查詢或其提供方；搜索完成不等於世界普查完成,PROPOSED_CONTEXT_REVIEW,build_semantic_catalog.py: explicit proposed glossary,REVIEW_REQUIRED,搜索覆蓋可重現,NOT_APPLICABLE,NOT_ESTABLISHED,,,UNKNOWN_NOT_APPLICABLE_OR_NOT_RECORDED; DO_NOT_IMPUTE_ZERO,UNASSIGNED,PROPOSED_NO_MEASURED_ROI
reports/2026-10-06/global_technology_iso249/preview/Reference/tables/07_global_technology_iso249_20261006/registry_country_search_leads.csv,registry_country_search_leads,7,evidence_state,PREVIEW_SNAPSHOT,08baaf73b7540d0db967fbdfb71792b08e7094ce0e4cdc5d81b0d30046143cec,952,0,1,特定記錄或主張的證據狀態；VERIFIED 僅限可定位範圍,PROPOSED_CONTEXT_REVIEW,build_semantic_catalog.py: explicit proposed glossary,REVIEW_REQUIRED,隔離未知、宣稱與核實,NOT_APPLICABLE,NOT_ESTABLISHED,,,UNKNOWN_NOT_APPLICABLE_OR_NOT_RECORDED; DO_NOT_IMPUTE_ZERO,UNASSIGNED,PROPOSED_NO_MEASURED_ROI
reports/2026-10-06/global_technology_iso249/preview/Reference/tables/07_global_technology_iso249_20261006/registry_country_search_leads.csv,registry_country_search_leads,8,country_relationship_state,PREVIEW_SNAPSHOT,08baaf73b7540d0db967fbdfb71792b08e7094ce0e4cdc5d81b0d30046143cec,952,0,1,尚未完成欄位語義核實；需來源業務定義、單位、粒度與用途,UNRESOLVED,,REVIEW_REQUIRED,待資料負責人確認,UNKNOWN,NOT_ESTABLISHED,,,UNKNOWN_NOT_APPLICABLE_OR_NOT_RECORDED; DO_NOT_IMPUTE_ZERO,UNASSIGNED,PROPOSED_NO_MEASURED_ROI
reports/2026-10-06/global_technology_iso249/preview/Reference/tables/07_global_technology_iso249_20261006/registry_country_search_leads.csv,registry_country_search_leads,9,relevance_state,PREVIEW_SNAPSHOT,08baaf73b7540d0db967fbdfb71792b08e7094ce0e4cdc5d81b0d30046143cec,952,0,1,尚未完成欄位語義核實；需來源業務定義、單位、粒度與用途,UNRESOLVED,,REVIEW_REQUIRED,待資料負責人確認,UNKNOWN,NOT_ESTABLISHED,,,UNKNOWN_NOT_APPLICABLE_OR_NOT_RECORDED; DO_NOT_IMPUTE_ZERO,UNASSIGNED,PROPOSED_NO_MEASURED_ROI
reports/2026-10-06/global_technology_iso249/preview/Reference/tables/07_global_technology_iso249_20261006/registry_country_search_leads.csv,registry_country_search_leads,10,as_of,PREVIEW_SNAPSHOT,08baaf73b7540d0db967fbdfb71792b08e7094ce0e4cdc5d81b0d30046143cec,952,0,1,資料截至／檢查／審核／搜索／取得時間；各欄依操作分別解讀，時區不可猜,PROPOSED_CONTEXT_REVIEW,build_semantic_catalog.py: explicit proposed glossary,REVIEW_REQUIRED,新鮮度與審核時點,SOURCE_DATE_OR_TIMESTAMP,NOT_ESTABLISHED,,,UNKNOWN_NOT_APPLICABLE_OR_NOT_RECORDED; DO_NOT_IMPUTE_ZERO,UNASSIGNED,PROPOSED_NO_MEASURED_ROI
reports/2026-10-06/global_technology_iso249/preview/Reference/tables/07_global_technology_iso249_20261006/registry_country_technology_coverage.csv,registry_country_technology_coverage,1,iso_alpha2,PREVIEW_SNAPSHOT,868ba0f0af5a689a9d0c0f7659333d7e8956566e21e688062bf58a34143f139a,249,0,249,ISO 3166-1 alpha-2 國家／地區代碼；代碼版次與關係另記,PROPOSED_CONTEXT_REVIEW,build_semantic_catalog.py: explicit proposed glossary,REVIEW_REQUIRED,母表連結,ISO_ALPHA2,NOT_ESTABLISHED,,,UNKNOWN_NOT_APPLICABLE_OR_NOT_RECORDED; DO_NOT_IMPUTE_ZERO,UNASSIGNED,PROPOSED_NO_MEASURED_ROI
reports/2026-10-06/global_technology_iso249/preview/Reference/tables/07_global_technology_iso249_20261006/registry_country_technology_coverage.csv,registry_country_technology_coverage,2,name_en,PREVIEW_SNAPSHOT,868ba0f0af5a689a9d0c0f7659333d7e8956566e21e688062bf58a34143f139a,249,0,249,尚未完成欄位語義核實；需來源業務定義、單位、粒度與用途,UNRESOLVED,,REVIEW_REQUIRED,待資料負責人確認,UNKNOWN,NOT_ESTABLISHED,,,UNKNOWN_NOT_APPLICABLE_OR_NOT_RECORDED; DO_NOT_IMPUTE_ZERO,UNASSIGNED,PROPOSED_NO_MEASURED_ROI
reports/2026-10-06/global_technology_iso249/preview/Reference/tables/07_global_technology_iso249_20261006/registry_country_technology_coverage.csv,registry_country_technology_coverage,3,search_state,PREVIEW_SNAPSHOT,868ba0f0af5a689a9d0c0f7659333d7e8956566e21e688062bf58a34143f139a,249,0,1,搜索操作或研究完成狀態；不等於國家能力或完整母體覆蓋,PROPOSED_CONTEXT_REVIEW,build_semantic_catalog.py: explicit proposed glossary,REVIEW_REQUIRED,工作進度治理,NOT_APPLICABLE,NOT_ESTABLISHED,,,UNKNOWN_NOT_APPLICABLE_OR_NOT_RECORDED; DO_NOT_IMPUTE_ZERO,UNASSIGNED,PROPOSED_NO_MEASURED_ROI
reports/2026-10-06/global_technology_iso249/preview/Reference/tables/07_global_technology_iso249_20261006/registry_country_technology_coverage.csv,registry_country_technology_coverage,4,broad_queries_completed,PREVIEW_SNAPSHOT,868ba0f0af5a689a9d0c0f7659333d7e8956566e21e688062bf58a34143f139a,249,0,1,尚未完成欄位語義核實；需來源業務定義、單位、粒度與用途,UNRESOLVED,,REVIEW_REQUIRED,待資料負責人確認,UNKNOWN,NOT_ESTABLISHED,,,UNKNOWN_NOT_APPLICABLE_OR_NOT_RECORDED; DO_NOT_IMPUTE_ZERO,UNASSIGNED,PROPOSED_NO_MEASURED_ROI
reports/2026-10-06/global_technology_iso249/preview/Reference/tables/07_global_technology_iso249_20261006/registry_country_technology_coverage.csv,registry_country_technology_coverage,5,retry_count,PREVIEW_SNAPSHOT,868ba0f0af5a689a9d0c0f7659333d7e8956566e21e688062bf58a34143f139a,249,0,2,尚未完成欄位語義核實；需來源業務定義、單位、粒度與用途,UNRESOLVED,,REVIEW_REQUIRED,待資料負責人確認,UNKNOWN,NOT_ESTABLISHED,,,UNKNOWN_NOT_APPLICABLE_OR_NOT_RECORDED; DO_NOT_IMPUTE_ZERO,UNASSIGNED,PROPOSED_NO_MEASURED_ROI
reports/2026-10-06/global_technology_iso249/preview/Reference/tables/07_global_technology_iso249_20261006/registry_country_technology_coverage.csv,registry_country_technology_coverage,6,search_lead_count,PREVIEW_SNAPSHOT,868ba0f0af5a689a9d0c0f7659333d7e8956566e21e688062bf58a34143f139a,249,0,2,尚未完成欄位語義核實；需來源業務定義、單位、粒度與用途,UNRESOLVED,,REVIEW_REQUIRED,待資料負責人確認,UNKNOWN,NOT_ESTABLISHED,,,UNKNOWN_NOT_APPLICABLE_OR_NOT_RECORDED; DO_NOT_IMPUTE_ZERO,UNASSIGNED,PROPOSED_NO_MEASURED_ROI
reports/2026-10-06/global_technology_iso249/preview/Reference/tables/07_global_technology_iso249_20261006/registry_country_technology_coverage.csv,registry_country_technology_coverage,7,editorial_entity_candidate_count,PREVIEW_SNAPSHOT,868ba0f0af5a689a9d0c0f7659333d7e8956566e21e688062bf58a34143f139a,249,0,12,尚未完成欄位語義核實；需來源業務定義、單位、粒度與用途,UNRESOLVED,,REVIEW_REQUIRED,待資料負責人確認,UNKNOWN,NOT_ESTABLISHED,,,UNKNOWN_NOT_APPLICABLE_OR_NOT_RECORDED; DO_NOT_IMPUTE_ZERO,UNASSIGNED,PROPOSED_NO_MEASURED_ROI
reports/2026-10-06/global_technology_iso249/preview/Reference/tables/07_global_technology_iso249_20261006/registry_country_technology_coverage.csv,registry_country_technology_coverage,8,candidate_public_descriptions_verified,PREVIEW_SNAPSHOT,868ba0f0af5a689a9d0c0f7659333d7e8956566e21e688062bf58a34143f139a,249,0,10,尚未完成欄位語義核實；需來源業務定義、單位、粒度與用途,UNRESOLVED,,REVIEW_REQUIRED,待資料負責人確認,UNKNOWN,NOT_ESTABLISHED,,,UNKNOWN_NOT_APPLICABLE_OR_NOT_RECORDED; DO_NOT_IMPUTE_ZERO,UNASSIGNED,PROPOSED_NO_MEASURED_ROI
reports/2026-10-06/global_technology_iso249/preview/Reference/tables/07_global_technology_iso249_20261006/registry_country_technology_coverage.csv,registry_country_technology_coverage,9,country_relation_verified_count,PREVIEW_SNAPSHOT,868ba0f0af5a689a9d0c0f7659333d7e8956566e21e688062bf58a34143f139a,249,0,2,尚未完成欄位語義核實；需來源業務定義、單位、粒度與用途,UNRESOLVED,,REVIEW_REQUIRED,待資料負責人確認,UNKNOWN,NOT_ESTABLISHED,,,UNKNOWN_NOT_APPLICABLE_OR_NOT_RECORDED; DO_NOT_IMPUTE_ZERO,UNASSIGNED,PROPOSED_NO_MEASURED_ROI
reports/2026-10-06/global_technology_iso249/preview/Reference/tables/07_global_technology_iso249_20261006/registry_country_technology_coverage.csv,registry_country_technology_coverage,10,country_frontier_capability_state,PREVIEW_SNAPSHOT,868ba0f0af5a689a9d0c0f7659333d7e8956566e21e688062bf58a34143f139a,249,0,1,國家能力或神經技術分級狀態；缺測試定義或證據維持 UNKNOWN,PROPOSED_CONTEXT_REVIEW,build_semantic_catalog.py: explicit proposed glossary,REVIEW_REQUIRED,防止無證據國別排名,NOT_APPLICABLE,NOT_ESTABLISHED,,,UNKNOWN_NOT_APPLICABLE_OR_NOT_RECORDED; DO_NOT_IMPUTE_ZERO,UNASSIGNED,PROPOSED_NO_MEASURED_ROI
reports/2026-10-06/global_technology_iso249/preview/Reference/tables/07_global_technology_iso249_20261006/registry_country_technology_coverage.csv,registry_country_technology_coverage,11,N0_N7_level,PREVIEW_SNAPSHOT,868ba0f0af5a689a9d0c0f7659333d7e8956566e21e688062bf58a34143f139a,249,0,1,國家能力或神經技術分級狀態；缺測試定義或證據維持 UNKNOWN,PROPOSED_CONTEXT_REVIEW,build_semantic_catalog.py: explicit proposed glossary,REVIEW_REQUIRED,防止無證據國別排名,NOT_APPLICABLE,NOT_ESTABLISHED,,,UNKNOWN_NOT_APPLICABLE_OR_NOT_RECORDED; DO_NOT_IMPUTE_ZERO,UNASSIGNED,PROPOSED_NO_MEASURED_ROI
reports/2026-10-06/global_technology_iso249/preview/Reference/tables/07_global_technology_iso249_20261006/registry_country_technology_coverage.csv,registry_country_technology_coverage,12,research_completion_state,PREVIEW_SNAPSHOT,868ba0f0af5a689a9d0c0f7659333d7e8956566e21e688062bf58a34143f139a,249,0,1,搜索操作或研究完成狀態；不等於國家能力或完整母體覆蓋,PROPOSED_CONTEXT_REVIEW,build_semantic_catalog.py: explicit proposed glossary,REVIEW_REQUIRED,工作進度治理,NOT_APPLICABLE,NOT_ESTABLISHED,,,UNKNOWN_NOT_APPLICABLE_OR_NOT_RECORDED; DO_NOT_IMPUTE_ZERO,UNASSIGNED,PROPOSED_NO_MEASURED_ROI
reports/2026-10-06/global_technology_iso249/preview/Reference/tables/07_global_technology_iso249_20261006/registry_country_technology_coverage.csv,registry_country_technology_coverage,13,query,PREVIEW_SNAPSHOT,868ba0f0af5a689a9d0c0f7659333d7e8956566e21e688062bf58a34143f139a,249,0,249,搜索查詢或其提供方；搜索完成不等於世界普查完成,PROPOSED_CONTEXT_REVIEW,build_semantic_catalog.py: explicit proposed glossary,REVIEW_REQUIRED,搜索覆蓋可重現,NOT_APPLICABLE,NOT_ESTABLISHED,,,UNKNOWN_NOT_APPLICABLE_OR_NOT_RECORDED; DO_NOT_IMPUTE_ZERO,UNASSIGNED,PROPOSED_NO_MEASURED_ROI
reports/2026-10-06/global_technology_iso249/preview/Reference/tables/07_global_technology_iso249_20261006/registry_country_technology_coverage.csv,registry_country_technology_coverage,14,provider,PREVIEW_SNAPSHOT,868ba0f0af5a689a9d0c0f7659333d7e8956566e21e688062bf58a34143f139a,249,0,2,搜索查詢或其提供方；搜索完成不等於世界普查完成,PROPOSED_CONTEXT_REVIEW,build_semantic_catalog.py: explicit proposed glossary,REVIEW_REQUIRED,搜索覆蓋可重現,NOT_APPLICABLE,NOT_ESTABLISHED,,,UNKNOWN_NOT_APPLICABLE_OR_NOT_RECORDED; DO_NOT_IMPUTE_ZERO,UNASSIGNED,PROPOSED_NO_MEASURED_ROI
reports/2026-10-06/global_technology_iso249/preview/Reference/tables/07_global_technology_iso249_20261006/registry_country_technology_coverage.csv,registry_country_technology_coverage,15,searched_on,PREVIEW_SNAPSHOT,868ba0f0af5a689a9d0c0f7659333d7e8956566e21e688062bf58a34143f139a,249,0,1,資料截至／檢查／審核／搜索／取得時間；各欄依操作分別解讀，時區不可猜,PROPOSED_CONTEXT_REVIEW,build_semantic_catalog.py: explicit proposed glossary,REVIEW_REQUIRED,新鮮度與審核時點,SOURCE_DATE_OR_TIMESTAMP,NOT_ESTABLISHED,,,UNKNOWN_NOT_APPLICABLE_OR_NOT_RECORDED; DO_NOT_IMPUTE_ZERO,UNASSIGNED,PROPOSED_NO_MEASURED_ROI
reports/2026-10-06/global_technology_iso249/preview/Reference/tables/07_global_technology_iso249_20261006/registry_global_claims.csv,registry_global_claims,1,claim_id,PREVIEW_SNAPSHOT,fc439238e50cfb969866fe6105da4d086cf31374c58af51977586789431d2f10,299,0,299,一項可定位主張的識別鍵；真偽與有效範圍另列,PROPOSED_CONTEXT_REVIEW,build_semantic_catalog.py: explicit proposed glossary,REVIEW_REQUIRED,主張審核與衝突管理,NOT_APPLICABLE,NOT_ESTABLISHED,,,UNKNOWN_NOT_APPLICABLE_OR_NOT_RECORDED; DO_NOT_IMPUTE_ZERO,UNASSIGNED,PROPOSED_NO_MEASURED_ROI
reports/2026-10-06/global_technology_iso249/preview/Reference/tables/07_global_technology_iso249_20261006/registry_global_claims.csv,registry_global_claims,2,entity_id,PREVIEW_SNAPSHOT,fc439238e50cfb969866fe6105da4d086cf31374c58af51977586789431d2f10,299,0,299,穩定內部實體識別鍵；命名空間及對象依所屬表，不以相似名稱自動合併,PROPOSED_CONTEXT_REVIEW,build_semantic_catalog.py: explicit proposed glossary,REVIEW_REQUIRED,跨表實體追溯,NOT_APPLICABLE,NOT_ESTABLISHED,,,UNKNOWN_NOT_APPLICABLE_OR_NOT_RECORDED; DO_NOT_IMPUTE_ZERO,UNASSIGNED,PROPOSED_NO_MEASURED_ROI
reports/2026-10-06/global_technology_iso249/preview/Reference/tables/07_global_technology_iso249_20261006/registry_global_claims.csv,registry_global_claims,3,claim,PREVIEW_SNAPSHOT,fc439238e50cfb969866fe6105da4d086cf31374c58af51977586789431d2f10,299,0,243,一項待審或歷史主張的文字；與其證據狀態一起使用,PROPOSED_CONTEXT_REVIEW,build_semantic_catalog.py: explicit proposed glossary,REVIEW_REQUIRED,保存研究命題,NOT_APPLICABLE,NOT_ESTABLISHED,,,UNKNOWN_NOT_APPLICABLE_OR_NOT_RECORDED; DO_NOT_IMPUTE_ZERO,UNASSIGNED,PROPOSED_NO_MEASURED_ROI
reports/2026-10-06/global_technology_iso249/preview/Reference/tables/07_global_technology_iso249_20261006/registry_global_claims.csv,registry_global_claims,4,evidence_state,PREVIEW_SNAPSHOT,fc439238e50cfb969866fe6105da4d086cf31374c58af51977586789431d2f10,299,0,2,特定記錄或主張的證據狀態；VERIFIED 僅限可定位範圍,PROPOSED_CONTEXT_REVIEW,build_semantic_catalog.py: explicit proposed glossary,REVIEW_REQUIRED,隔離未知、宣稱與核實,NOT_APPLICABLE,NOT_ESTABLISHED,,,UNKNOWN_NOT_APPLICABLE_OR_NOT_RECORDED; DO_NOT_IMPUTE_ZERO,UNASSIGNED,PROPOSED_NO_MEASURED_ROI
reports/2026-10-06/global_technology_iso249/preview/Reference/tables/07_global_technology_iso249_20261006/registry_global_claims.csv,registry_global_claims,5,verification_scope,PREVIEW_SNAPSHOT,fc439238e50cfb969866fe6105da4d086cf31374c58af51977586789431d2f10,299,0,2,核實涵蓋的主張、條件與邊界；不把公開描述擴展成性能或部署證明,PROPOSED_CONTEXT_REVIEW,build_semantic_catalog.py: explicit proposed glossary,REVIEW_REQUIRED,限定決策可信範圍,NOT_APPLICABLE,NOT_ESTABLISHED,,,UNKNOWN_NOT_APPLICABLE_OR_NOT_RECORDED; DO_NOT_IMPUTE_ZERO,UNASSIGNED,PROPOSED_NO_MEASURED_ROI
reports/2026-10-06/global_technology_iso249/preview/Reference/tables/07_global_technology_iso249_20261006/registry_global_claims.csv,registry_global_claims,6,product_project_leads,PREVIEW_SNAPSHOT,fc439238e50cfb969866fe6105da4d086cf31374c58af51977586789431d2f10,299,103,195,技術記錄鍵或產品／項目候選線索；候選不等於正式實體,PROPOSED_CONTEXT_REVIEW,build_semantic_catalog.py: explicit proposed glossary,REVIEW_REQUIRED,技術選型與後續查證,NOT_APPLICABLE,NOT_ESTABLISHED,,,UNKNOWN_NOT_APPLICABLE_OR_NOT_RECORDED; DO_NOT_IMPUTE_ZERO,UNASSIGNED,PROPOSED_NO_MEASURED_ROI
reports/2026-10-06/global_technology_iso249/preview/Reference/tables/07_global_technology_iso249_20261006/registry_global_claims.csv,registry_global_claims,7,product_leads_state,PREVIEW_SNAPSHOT,fc439238e50cfb969866fe6105da4d086cf31374c58af51977586789431d2f10,299,0,2,尚未完成欄位語義核實；需來源業務定義、單位、粒度與用途,UNRESOLVED,,REVIEW_REQUIRED,待資料負責人確認,UNKNOWN,NOT_ESTABLISHED,,,UNKNOWN_NOT_APPLICABLE_OR_NOT_RECORDED; DO_NOT_IMPUTE_ZERO,UNASSIGNED,PROPOSED_NO_MEASURED_ROI
reports/2026-10-06/global_technology_iso249/preview/Reference/tables/07_global_technology_iso249_20261006/registry_global_claims.csv,registry_global_claims,8,performance_state,PREVIEW_SNAPSHOT,fc439238e50cfb969866fe6105da4d086cf31374c58af51977586789431d2f10,299,0,1,性能主張或獨立性能驗證狀態；不是性能數值,PROPOSED_CONTEXT_REVIEW,build_semantic_catalog.py: explicit proposed glossary,REVIEW_REQUIRED,避免宣傳數字冒充測試,NOT_APPLICABLE,NOT_ESTABLISHED,,,UNKNOWN_NOT_APPLICABLE_OR_NOT_RECORDED; DO_NOT_IMPUTE_ZERO,UNASSIGNED,PROPOSED_NO_MEASURED_ROI
reports/2026-10-06/global_technology_iso249/preview/Reference/tables/07_global_technology_iso249_20261006/registry_global_claims.csv,registry_global_claims,9,deployment_state,PREVIEW_SNAPSHOT,fc439238e50cfb969866fe6105da4d086cf31374c58af51977586789431d2f10,299,0,1,部署證據狀態；產品存在不等於實際部署,PROPOSED_CONTEXT_REVIEW,build_semantic_catalog.py: explicit proposed glossary,REVIEW_REQUIRED,採用成熟度評估,NOT_APPLICABLE,NOT_ESTABLISHED,,,UNKNOWN_NOT_APPLICABLE_OR_NOT_RECORDED; DO_NOT_IMPUTE_ZERO,UNASSIGNED,PROPOSED_NO_MEASURED_ROI
reports/2026-10-06/global_technology_iso249/preview/Reference/tables/07_global_technology_iso249_20261006/registry_global_claims.csv,registry_global_claims,10,regulatory_state,PREVIEW_SNAPSHOT,fc439238e50cfb969866fe6105da4d086cf31374c58af51977586789431d2f10,299,0,1,監管狀態或其司法區；版次與日期需另定位,PROPOSED_CONTEXT_REVIEW,build_semantic_catalog.py: explicit proposed glossary,REVIEW_REQUIRED,臨床／採購條件評估,NOT_APPLICABLE,NOT_ESTABLISHED,,,UNKNOWN_NOT_APPLICABLE_OR_NOT_RECORDED; DO_NOT_IMPUTE_ZERO,UNASSIGNED,PROPOSED_NO_MEASURED_ROI
reports/2026-10-06/global_technology_iso249/preview/Reference/tables/07_global_technology_iso249_20261006/registry_global_claims.csv,registry_global_claims,11,source_id,PREVIEW_SNAPSHOT,fc439238e50cfb969866fe6105da4d086cf31374c58af51977586789431d2f10,299,7,292,來源登記鍵；僅指來源，不代表該來源全部說法已核實,PROPOSED_CONTEXT_REVIEW,build_semantic_catalog.py: explicit proposed glossary,REVIEW_REQUIRED,主張證據追溯,NOT_APPLICABLE,NOT_ESTABLISHED,,,UNKNOWN_NOT_APPLICABLE_OR_NOT_RECORDED; DO_NOT_IMPUTE_ZERO,UNASSIGNED,PROPOSED_NO_MEASURED_ROI
reports/2026-10-06/global_technology_iso249/preview/Reference/tables/07_global_technology_iso249_20261006/registry_global_claims.csv,registry_global_claims,12,reviewed_on,PREVIEW_SNAPSHOT,fc439238e50cfb969866fe6105da4d086cf31374c58af51977586789431d2f10,299,0,1,資料截至／檢查／審核／搜索／取得時間；各欄依操作分別解讀，時區不可猜,PROPOSED_CONTEXT_REVIEW,build_semantic_catalog.py: explicit proposed glossary,REVIEW_REQUIRED,新鮮度與審核時點,SOURCE_DATE_OR_TIMESTAMP,NOT_ESTABLISHED,,,UNKNOWN_NOT_APPLICABLE_OR_NOT_RECORDED; DO_NOT_IMPUTE_ZERO,UNASSIGNED,PROPOSED_NO_MEASURED_ROI
reports/2026-10-06/global_technology_iso249/preview/Reference/tables/07_global_technology_iso249_20261006/registry_global_claims.csv,registry_global_claims,13,origin_batch,PREVIEW_SNAPSHOT,fc439238e50cfb969866fe6105da4d086cf31374c58af51977586789431d2f10,299,0,2,資料首次引入或本次審核的批次標識；不同快照不能直接累加,PROPOSED_CONTEXT_REVIEW,build_semantic_catalog.py: explicit proposed glossary,REVIEW_REQUIRED,版本與批次去重,NOT_APPLICABLE,NOT_ESTABLISHED,,,UNKNOWN_NOT_APPLICABLE_OR_NOT_RECORDED; DO_NOT_IMPUTE_ZERO,UNASSIGNED,PROPOSED_NO_MEASURED_ROI
reports/2026-10-06/global_technology_iso249/preview/Reference/tables/07_global_technology_iso249_20261006/registry_global_organizations.csv,registry_global_organizations,1,entity_id,PREVIEW_SNAPSHOT,8ba1b22604a4ea5e9b2a465958444177c417c4fc3263ea36989609063fba8600,299,0,299,穩定內部實體識別鍵；命名空間及對象依所屬表，不以相似名稱自動合併,PROPOSED_CONTEXT_REVIEW,build_semantic_catalog.py: explicit proposed glossary,REVIEW_REQUIRED,跨表實體追溯,NOT_APPLICABLE,NOT_ESTABLISHED,,,UNKNOWN_NOT_APPLICABLE_OR_NOT_RECORDED; DO_NOT_IMPUTE_ZERO,UNASSIGNED,PROPOSED_NO_MEASURED_ROI
reports/2026-10-06/global_technology_iso249/preview/Reference/tables/07_global_technology_iso249_20261006/registry_global_organizations.csv,registry_global_organizations,2,display_name,PREVIEW_SNAPSHOT,8ba1b22604a4ea5e9b2a465958444177c417c4fc3263ea36989609063fba8600,299,0,299,尚未完成欄位語義核實；需來源業務定義、單位、粒度與用途,UNRESOLVED,,REVIEW_REQUIRED,待資料負責人確認,UNKNOWN,NOT_ESTABLISHED,,,UNKNOWN_NOT_APPLICABLE_OR_NOT_RECORDED; DO_NOT_IMPUTE_ZERO,UNASSIGNED,PROPOSED_NO_MEASURED_ROI
reports/2026-10-06/global_technology_iso249/preview/Reference/tables/07_global_technology_iso249_20261006/registry_global_organizations.csv,registry_global_organizations,3,entity_type,PREVIEW_SNAPSHOT,8ba1b22604a4ea5e9b2a465958444177c417c4fc3263ea36989609063fba8600,299,0,38,尚未完成欄位語義核實；需來源業務定義、單位、粒度與用途,UNRESOLVED,,REVIEW_REQUIRED,待資料負責人確認,UNKNOWN,NOT_ESTABLISHED,,,UNKNOWN_NOT_APPLICABLE_OR_NOT_RECORDED; DO_NOT_IMPUTE_ZERO,UNASSIGNED,PROPOSED_NO_MEASURED_ROI
reports/2026-10-06/global_technology_iso249/preview/Reference/tables/07_global_technology_iso249_20261006/registry_global_organizations.csv,registry_global_organizations,4,primary_domain,PREVIEW_SNAPSHOT,8ba1b22604a4ea5e9b2a465958444177c417c4fc3263ea36989609063fba8600,299,0,23,尚未完成欄位語義核實；需來源業務定義、單位、粒度與用途,UNRESOLVED,,REVIEW_REQUIRED,待資料負責人確認,UNKNOWN,NOT_ESTABLISHED,,,UNKNOWN_NOT_APPLICABLE_OR_NOT_RECORDED; DO_NOT_IMPUTE_ZERO,UNASSIGNED,PROPOSED_NO_MEASURED_ROI
reports/2026-10-06/global_technology_iso249/preview/Reference/tables/07_global_technology_iso249_20261006/registry_global_organizations.csv,registry_global_organizations,5,country_candidate_iso_alpha2,PREVIEW_SNAPSHOT,8ba1b22604a4ea5e9b2a465958444177c417c4fc3263ea36989609063fba8600,299,30,64,編輯候選國別關聯；不直接證明法律住所、部署國或國家能力,PROPOSED_CONTEXT_REVIEW,build_semantic_catalog.py: explicit proposed glossary,REVIEW_REQUIRED,國別查證候選,ISO_ALPHA2_CANDIDATE,NOT_ESTABLISHED,,,UNKNOWN_NOT_APPLICABLE_OR_NOT_RECORDED; DO_NOT_IMPUTE_ZERO,UNASSIGNED,PROPOSED_NO_MEASURED_ROI
reports/2026-10-06/global_technology_iso249/preview/Reference/tables/07_global_technology_iso249_20261006/registry_global_organizations.csv,registry_global_organizations,6,country_assignment_status,PREVIEW_SNAPSHOT,8ba1b22604a4ea5e9b2a465958444177c417c4fc3263ea36989609063fba8600,299,0,2,法人、住所或國別關係的獨立核實狀態；與機構存在不同,PROPOSED_CONTEXT_REVIEW,build_semantic_catalog.py: explicit proposed glossary,REVIEW_REQUIRED,法人與地理歸屬核實,NOT_APPLICABLE,NOT_ESTABLISHED,,,UNKNOWN_NOT_APPLICABLE_OR_NOT_RECORDED; DO_NOT_IMPUTE_ZERO,UNASSIGNED,PROPOSED_NO_MEASURED_ROI
reports/2026-10-06/global_technology_iso249/preview/Reference/tables/07_global_technology_iso249_20261006/registry_global_organizations.csv,registry_global_organizations,7,legal_entity_status,PREVIEW_SNAPSHOT,8ba1b22604a4ea5e9b2a465958444177c417c4fc3263ea36989609063fba8600,299,0,2,法人、住所或國別關係的獨立核實狀態；與機構存在不同,PROPOSED_CONTEXT_REVIEW,build_semantic_catalog.py: explicit proposed glossary,REVIEW_REQUIRED,法人與地理歸屬核實,NOT_APPLICABLE,NOT_ESTABLISHED,,,UNKNOWN_NOT_APPLICABLE_OR_NOT_RECORDED; DO_NOT_IMPUTE_ZERO,UNASSIGNED,PROPOSED_NO_MEASURED_ROI
reports/2026-10-06/global_technology_iso249/preview/Reference/tables/07_global_technology_iso249_20261006/registry_global_organizations.csv,registry_global_organizations,8,selection_status,PREVIEW_SNAPSHOT,8ba1b22604a4ea5e9b2a465958444177c417c4fc3263ea36989609063fba8600,299,0,2,尚未完成欄位語義核實；需來源業務定義、單位、粒度與用途,UNRESOLVED,,REVIEW_REQUIRED,待資料負責人確認,UNKNOWN,NOT_ESTABLISHED,,,UNKNOWN_NOT_APPLICABLE_OR_NOT_RECORDED; DO_NOT_IMPUTE_ZERO,UNASSIGNED,PROPOSED_NO_MEASURED_ROI
reports/2026-10-06/global_technology_iso249/preview/Reference/tables/07_global_technology_iso249_20261006/registry_global_organizations.csv,registry_global_organizations,9,source_id,PREVIEW_SNAPSHOT,8ba1b22604a4ea5e9b2a465958444177c417c4fc3263ea36989609063fba8600,299,7,292,來源登記鍵；僅指來源，不代表該來源全部說法已核實,PROPOSED_CONTEXT_REVIEW,build_semantic_catalog.py: explicit proposed glossary,REVIEW_REQUIRED,主張證據追溯,NOT_APPLICABLE,NOT_ESTABLISHED,,,UNKNOWN_NOT_APPLICABLE_OR_NOT_RECORDED; DO_NOT_IMPUTE_ZERO,UNASSIGNED,PROPOSED_NO_MEASURED_ROI
reports/2026-10-06/global_technology_iso249/preview/Reference/tables/07_global_technology_iso249_20261006/registry_global_organizations.csv,registry_global_organizations,10,as_of,PREVIEW_SNAPSHOT,8ba1b22604a4ea5e9b2a465958444177c417c4fc3263ea36989609063fba8600,299,0,1,資料截至／檢查／審核／搜索／取得時間；各欄依操作分別解讀，時區不可猜,PROPOSED_CONTEXT_REVIEW,build_semantic_catalog.py: explicit proposed glossary,REVIEW_REQUIRED,新鮮度與審核時點,SOURCE_DATE_OR_TIMESTAMP,NOT_ESTABLISHED,,,UNKNOWN_NOT_APPLICABLE_OR_NOT_RECORDED; DO_NOT_IMPUTE_ZERO,UNASSIGNED,PROPOSED_NO_MEASURED_ROI
reports/2026-10-06/global_technology_iso249/preview/Reference/tables/07_global_technology_iso249_20261006/registry_global_organizations.csv,registry_global_organizations,11,origin_batch,PREVIEW_SNAPSHOT,8ba1b22604a4ea5e9b2a465958444177c417c4fc3263ea36989609063fba8600,299,0,2,資料首次引入或本次審核的批次標識；不同快照不能直接累加,PROPOSED_CONTEXT_REVIEW,build_semantic_catalog.py: explicit proposed glossary,REVIEW_REQUIRED,版本與批次去重,NOT_APPLICABLE,NOT_ESTABLISHED,,,UNKNOWN_NOT_APPLICABLE_OR_NOT_RECORDED; DO_NOT_IMPUTE_ZERO,UNASSIGNED,PROPOSED_NO_MEASURED_ROI
reports/2026-10-06/global_technology_iso249/preview/Reference/tables/07_global_technology_iso249_20261006/registry_global_organizations.csv,registry_global_organizations,12,legal_domicile_state,PREVIEW_SNAPSHOT,8ba1b22604a4ea5e9b2a465958444177c417c4fc3263ea36989609063fba8600,299,0,1,法人、住所或國別關係的獨立核實狀態；與機構存在不同,PROPOSED_CONTEXT_REVIEW,build_semantic_catalog.py: explicit proposed glossary,REVIEW_REQUIRED,法人與地理歸屬核實,NOT_APPLICABLE,NOT_ESTABLISHED,,,UNKNOWN_NOT_APPLICABLE_OR_NOT_RECORDED; DO_NOT_IMPUTE_ZERO,UNASSIGNED,PROPOSED_NO_MEASURED_ROI
reports/2026-10-06/global_technology_iso249/preview/Reference/tables/07_global_technology_iso249_20261006/registry_global_organizations.csv,registry_global_organizations,13,world_frontier_rank_state,PREVIEW_SNAPSHOT,8ba1b22604a4ea5e9b2a465958444177c417c4fc3263ea36989609063fba8600,299,0,1,排名主張的核實狀態；先定義樣本、指標與比較協議,PROPOSED_CONTEXT_REVIEW,build_semantic_catalog.py: explicit proposed glossary,REVIEW_REQUIRED,比較口徑治理,NOT_APPLICABLE,NOT_ESTABLISHED,,,UNKNOWN_NOT_APPLICABLE_OR_NOT_RECORDED; DO_NOT_IMPUTE_ZERO,UNASSIGNED,PROPOSED_NO_MEASURED_ROI
reports/2026-10-06/global_technology_iso249/preview/Reference/tables/07_global_technology_iso249_20261006/registry_global_sources.csv,registry_global_sources,1,source_id,PREVIEW_SNAPSHOT,07c4157b7b4a6b2ccc9ba47713b33f70db974184fbef1d3b690c8a8b8a68c76f,318,0,318,來源登記鍵；僅指來源，不代表該來源全部說法已核實,PROPOSED_CONTEXT_REVIEW,build_semantic_catalog.py: explicit proposed glossary,REVIEW_REQUIRED,主張證據追溯,NOT_APPLICABLE,NOT_ESTABLISHED,,,UNKNOWN_NOT_APPLICABLE_OR_NOT_RECORDED; DO_NOT_IMPUTE_ZERO,UNASSIGNED,PROPOSED_NO_MEASURED_ROI
reports/2026-10-06/global_technology_iso249/preview/Reference/tables/07_global_technology_iso249_20261006/registry_global_sources.csv,registry_global_sources,2,url,PREVIEW_SNAPSHOT,07c4157b7b4a6b2ccc9ba47713b33f70db974184fbef1d3b690c8a8b8a68c76f,318,0,317,來源位址、檔案或行號；連結存在不代表內容可讀或支持主張,PROPOSED_CONTEXT_REVIEW,build_semantic_catalog.py: explicit proposed glossary,REVIEW_REQUIRED,證據定位,NOT_APPLICABLE,NOT_ESTABLISHED,,,UNKNOWN_NOT_APPLICABLE_OR_NOT_RECORDED; DO_NOT_IMPUTE_ZERO,UNASSIGNED,PROPOSED_NO_MEASURED_ROI
reports/2026-10-06/global_technology_iso249/preview/Reference/tables/07_global_technology_iso249_20261006/registry_global_sources.csv,registry_global_sources,3,supports,PREVIEW_SNAPSHOT,07c4157b7b4a6b2ccc9ba47713b33f70db974184fbef1d3b690c8a8b8a68c76f,318,0,263,尚未完成欄位語義核實；需來源業務定義、單位、粒度與用途,UNRESOLVED,,REVIEW_REQUIRED,待資料負責人確認,UNKNOWN,NOT_ESTABLISHED,,,UNKNOWN_NOT_APPLICABLE_OR_NOT_RECORDED; DO_NOT_IMPUTE_ZERO,UNASSIGNED,PROPOSED_NO_MEASURED_ROI
reports/2026-10-06/global_technology_iso249/preview/Reference/tables/07_global_technology_iso249_20261006/registry_global_sources.csv,registry_global_sources,4,source_class,PREVIEW_SNAPSHOT,07c4157b7b4a6b2ccc9ba47713b33f70db974184fbef1d3b690c8a8b8a68c76f,318,0,3,尚未完成欄位語義核實；需來源業務定義、單位、粒度與用途,UNRESOLVED,,REVIEW_REQUIRED,待資料負責人確認,UNKNOWN,NOT_ESTABLISHED,,,UNKNOWN_NOT_APPLICABLE_OR_NOT_RECORDED; DO_NOT_IMPUTE_ZERO,UNASSIGNED,PROPOSED_NO_MEASURED_ROI
reports/2026-10-06/global_technology_iso249/preview/Reference/tables/07_global_technology_iso249_20261006/registry_global_sources.csv,registry_global_sources,5,access_state,PREVIEW_SNAPSHOT,07c4157b7b4a6b2ccc9ba47713b33f70db974184fbef1d3b690c8a8b8a68c76f,318,0,3,尚未完成欄位語義核實；需來源業務定義、單位、粒度與用途,UNRESOLVED,,REVIEW_REQUIRED,待資料負責人確認,UNKNOWN,NOT_ESTABLISHED,,,UNKNOWN_NOT_APPLICABLE_OR_NOT_RECORDED; DO_NOT_IMPUTE_ZERO,UNASSIGNED,PROPOSED_NO_MEASURED_ROI
reports/2026-10-06/global_technology_iso249/preview/Reference/tables/07_global_technology_iso249_20261006/registry_global_sources.csv,registry_global_sources,6,checked_on,PREVIEW_SNAPSHOT,07c4157b7b4a6b2ccc9ba47713b33f70db974184fbef1d3b690c8a8b8a68c76f,318,79,1,資料截至／檢查／審核／搜索／取得時間；各欄依操作分別解讀，時區不可猜,PROPOSED_CONTEXT_REVIEW,build_semantic_catalog.py: explicit proposed glossary,REVIEW_REQUIRED,新鮮度與審核時點,SOURCE_DATE_OR_TIMESTAMP,NOT_ESTABLISHED,,,UNKNOWN_NOT_APPLICABLE_OR_NOT_RECORDED; DO_NOT_IMPUTE_ZERO,UNASSIGNED,PROPOSED_NO_MEASURED_ROI
reports/2026-10-06/global_technology_iso249/preview/Reference/tables/07_global_technology_iso249_20261006/registry_global_sources.csv,registry_global_sources,7,published_on,PREVIEW_SNAPSHOT,07c4157b7b4a6b2ccc9ba47713b33f70db974184fbef1d3b690c8a8b8a68c76f,318,318,0,尚未完成欄位語義核實；需來源業務定義、單位、粒度與用途,UNRESOLVED,,REVIEW_REQUIRED,待資料負責人確認,UNKNOWN,NOT_ESTABLISHED,,,UNKNOWN_NOT_APPLICABLE_OR_NOT_RECORDED; DO_NOT_IMPUTE_ZERO,UNASSIGNED,PROPOSED_NO_MEASURED_ROI
reports/2026-10-06/global_technology_iso249/preview/Reference/tables/07_global_technology_iso249_20261006/registry_global_sources.csv,registry_global_sources,8,archive_state,PREVIEW_SNAPSHOT,07c4157b7b4a6b2ccc9ba47713b33f70db974184fbef1d3b690c8a8b8a68c76f,318,0,1,尚未完成欄位語義核實；需來源業務定義、單位、粒度與用途,UNRESOLVED,,REVIEW_REQUIRED,待資料負責人確認,UNKNOWN,NOT_ESTABLISHED,,,UNKNOWN_NOT_APPLICABLE_OR_NOT_RECORDED; DO_NOT_IMPUTE_ZERO,UNASSIGNED,PROPOSED_NO_MEASURED_ROI
reports/2026-10-06/global_technology_iso249/preview/Reference/tables/07_global_technology_iso249_20261006/registry_global_sources.csv,registry_global_sources,9,license_state,PREVIEW_SNAPSHOT,07c4157b7b4a6b2ccc9ba47713b33f70db974184fbef1d3b690c8a8b8a68c76f,318,0,1,授權審核狀態；需定位產品／資料／权重與版本,PROPOSED_CONTEXT_REVIEW,build_semantic_catalog.py: explicit proposed glossary,REVIEW_REQUIRED,用途准入,NOT_APPLICABLE,NOT_ESTABLISHED,,,UNKNOWN_NOT_APPLICABLE_OR_NOT_RECORDED; DO_NOT_IMPUTE_ZERO,UNASSIGNED,PROPOSED_NO_MEASURED_ROI
reports/2026-10-06/global_technology_iso249/preview/Reference/tables/07_global_technology_iso249_20261006/registry_global_sources.csv,registry_global_sources,10,origin_batch,PREVIEW_SNAPSHOT,07c4157b7b4a6b2ccc9ba47713b33f70db974184fbef1d3b690c8a8b8a68c76f,318,0,2,資料首次引入或本次審核的批次標識；不同快照不能直接累加,PROPOSED_CONTEXT_REVIEW,build_semantic_catalog.py: explicit proposed glossary,REVIEW_REQUIRED,版本與批次去重,NOT_APPLICABLE,NOT_ESTABLISHED,,,UNKNOWN_NOT_APPLICABLE_OR_NOT_RECORDED; DO_NOT_IMPUTE_ZERO,UNASSIGNED,PROPOSED_NO_MEASURED_ROI
reports/2026-10-06/global_technology_iso249/preview/Reference/tables/07_global_technology_iso249_20261006/registry_legacy_product_project_leads.csv,registry_legacy_product_project_leads,1,entity_id,PREVIEW_SNAPSHOT,a3ebe602c1eeab1f818997e4740fb05b71a074a53b522ff445471c1b1ec81eba,196,0,196,穩定內部實體識別鍵；命名空間及對象依所屬表，不以相似名稱自動合併,PROPOSED_CONTEXT_REVIEW,build_semantic_catalog.py: explicit proposed glossary,REVIEW_REQUIRED,跨表實體追溯,NOT_APPLICABLE,NOT_ESTABLISHED,,,UNKNOWN_NOT_APPLICABLE_OR_NOT_RECORDED; DO_NOT_IMPUTE_ZERO,UNASSIGNED,PROPOSED_NO_MEASURED_ROI
reports/2026-10-06/global_technology_iso249/preview/Reference/tables/07_global_technology_iso249_20261006/registry_legacy_product_project_leads.csv,registry_legacy_product_project_leads,2,product_project_leads,PREVIEW_SNAPSHOT,a3ebe602c1eeab1f818997e4740fb05b71a074a53b522ff445471c1b1ec81eba,196,0,195,技術記錄鍵或產品／項目候選線索；候選不等於正式實體,PROPOSED_CONTEXT_REVIEW,build_semantic_catalog.py: explicit proposed glossary,REVIEW_REQUIRED,技術選型與後續查證,NOT_APPLICABLE,NOT_ESTABLISHED,,,UNKNOWN_NOT_APPLICABLE_OR_NOT_RECORDED; DO_NOT_IMPUTE_ZERO,UNASSIGNED,PROPOSED_NO_MEASURED_ROI
reports/2026-10-06/global_technology_iso249/preview/Reference/tables/07_global_technology_iso249_20261006/registry_legacy_product_project_leads.csv,registry_legacy_product_project_leads,3,evidence_state,PREVIEW_SNAPSHOT,a3ebe602c1eeab1f818997e4740fb05b71a074a53b522ff445471c1b1ec81eba,196,0,1,特定記錄或主張的證據狀態；VERIFIED 僅限可定位範圍,PROPOSED_CONTEXT_REVIEW,build_semantic_catalog.py: explicit proposed glossary,REVIEW_REQUIRED,隔離未知、宣稱與核實,NOT_APPLICABLE,NOT_ESTABLISHED,,,UNKNOWN_NOT_APPLICABLE_OR_NOT_RECORDED; DO_NOT_IMPUTE_ZERO,UNASSIGNED,PROPOSED_NO_MEASURED_ROI
reports/2026-10-06/global_technology_iso249/preview/Reference/tables/07_global_technology_iso249_20261006/registry_legacy_product_project_leads.csv,registry_legacy_product_project_leads,4,source_id,PREVIEW_SNAPSHOT,a3ebe602c1eeab1f818997e4740fb05b71a074a53b522ff445471c1b1ec81eba,196,7,189,來源登記鍵；僅指來源，不代表該來源全部說法已核實,PROPOSED_CONTEXT_REVIEW,build_semantic_catalog.py: explicit proposed glossary,REVIEW_REQUIRED,主張證據追溯,NOT_APPLICABLE,NOT_ESTABLISHED,,,UNKNOWN_NOT_APPLICABLE_OR_NOT_RECORDED; DO_NOT_IMPUTE_ZERO,UNASSIGNED,PROPOSED_NO_MEASURED_ROI
reports/2026-10-06/global_technology_iso249/preview/Reference/tables/07_global_technology_iso249_20261006/registry_legacy_product_project_leads.csv,registry_legacy_product_project_leads,5,notes,PREVIEW_SNAPSHOT,a3ebe602c1eeab1f818997e4740fb05b71a074a53b522ff445471c1b1ec81eba,196,0,1,尚未完成欄位語義核實；需來源業務定義、單位、粒度與用途,UNRESOLVED,,REVIEW_REQUIRED,待資料負責人確認,UNKNOWN,NOT_ESTABLISHED,,,UNKNOWN_NOT_APPLICABLE_OR_NOT_RECORDED; DO_NOT_IMPUTE_ZERO,UNASSIGNED,PROPOSED_NO_MEASURED_ROI
reports/2026-10-06/global_technology_iso249/preview/Reference/tables/07_global_technology_iso249_20261006/registry_neurotechnology_global.csv,registry_neurotechnology_global,1,neuro_id,PREVIEW_SNAPSHOT,7eb48939e84dec9f37e1822487b6bde430223ba89b0976318db18a07ec82ed56,13,0,13,尚未完成欄位語義核實；需來源業務定義、單位、粒度與用途,UNRESOLVED,,REVIEW_REQUIRED,待資料負責人確認,UNKNOWN,NOT_ESTABLISHED,,,UNKNOWN_NOT_APPLICABLE_OR_NOT_RECORDED; DO_NOT_IMPUTE_ZERO,UNASSIGNED,PROPOSED_NO_MEASURED_ROI
reports/2026-10-06/global_technology_iso249/preview/Reference/tables/07_global_technology_iso249_20261006/registry_neurotechnology_global.csv,registry_neurotechnology_global,2,entity_id,PREVIEW_SNAPSHOT,7eb48939e84dec9f37e1822487b6bde430223ba89b0976318db18a07ec82ed56,13,0,13,穩定內部實體識別鍵；命名空間及對象依所屬表，不以相似名稱自動合併,PROPOSED_CONTEXT_REVIEW,build_semantic_catalog.py: explicit proposed glossary,REVIEW_REQUIRED,跨表實體追溯,NOT_APPLICABLE,NOT_ESTABLISHED,,,UNKNOWN_NOT_APPLICABLE_OR_NOT_RECORDED; DO_NOT_IMPUTE_ZERO,UNASSIGNED,PROPOSED_NO_MEASURED_ROI
reports/2026-10-06/global_technology_iso249/preview/Reference/tables/07_global_technology_iso249_20261006/registry_neurotechnology_global.csv,registry_neurotechnology_global,3,project_name,PREVIEW_SNAPSHOT,7eb48939e84dec9f37e1822487b6bde430223ba89b0976318db18a07ec82ed56,13,0,13,尚未完成欄位語義核實；需來源業務定義、單位、粒度與用途,UNRESOLVED,,REVIEW_REQUIRED,待資料負責人確認,UNKNOWN,NOT_ESTABLISHED,,,UNKNOWN_NOT_APPLICABLE_OR_NOT_RECORDED; DO_NOT_IMPUTE_ZERO,UNASSIGNED,PROPOSED_NO_MEASURED_ROI
reports/2026-10-06/global_technology_iso249/preview/Reference/tables/07_global_technology_iso249_20261006/registry_neurotechnology_global.csv,registry_neurotechnology_global,4,country_candidate_iso_alpha2,PREVIEW_SNAPSHOT,7eb48939e84dec9f37e1822487b6bde430223ba89b0976318db18a07ec82ed56,13,0,8,編輯候選國別關聯；不直接證明法律住所、部署國或國家能力,PROPOSED_CONTEXT_REVIEW,build_semantic_catalog.py: explicit proposed glossary,REVIEW_REQUIRED,國別查證候選,ISO_ALPHA2_CANDIDATE,NOT_ESTABLISHED,,,UNKNOWN_NOT_APPLICABLE_OR_NOT_RECORDED; DO_NOT_IMPUTE_ZERO,UNASSIGNED,PROPOSED_NO_MEASURED_ROI
reports/2026-10-06/global_technology_iso249/preview/Reference/tables/07_global_technology_iso249_20261006/registry_neurotechnology_global.csv,registry_neurotechnology_global,5,country_relation_state,PREVIEW_SNAPSHOT,7eb48939e84dec9f37e1822487b6bde430223ba89b0976318db18a07ec82ed56,13,0,1,法人、住所或國別關係的獨立核實狀態；與機構存在不同,PROPOSED_CONTEXT_REVIEW,build_semantic_catalog.py: explicit proposed glossary,REVIEW_REQUIRED,法人與地理歸屬核實,NOT_APPLICABLE,NOT_ESTABLISHED,,,UNKNOWN_NOT_APPLICABLE_OR_NOT_RECORDED; DO_NOT_IMPUTE_ZERO,UNASSIGNED,PROPOSED_NO_MEASURED_ROI
reports/2026-10-06/global_technology_iso249/preview/Reference/tables/07_global_technology_iso249_20261006/registry_neurotechnology_global.csv,registry_neurotechnology_global,6,invasiveness,PREVIEW_SNAPSHOT,7eb48939e84dec9f37e1822487b6bde430223ba89b0976318db18a07ec82ed56,13,0,8,介面侵入性分類；需具體植入／介入部位與程序證據,PROPOSED_CONTEXT_REVIEW,build_semantic_catalog.py: explicit proposed glossary,REVIEW_REQUIRED,技術風險與成熟度,NOT_APPLICABLE,NOT_ESTABLISHED,,,UNKNOWN_NOT_APPLICABLE_OR_NOT_RECORDED; DO_NOT_IMPUTE_ZERO,UNASSIGNED,PROPOSED_NO_MEASURED_ROI
reports/2026-10-06/global_technology_iso249/preview/Reference/tables/07_global_technology_iso249_20261006/registry_neurotechnology_global.csv,registry_neurotechnology_global,7,modality,PREVIEW_SNAPSHOT,7eb48939e84dec9f37e1822487b6bde430223ba89b0976318db18a07ec82ed56,13,0,6,量測／刺激模態，例如 EEG、ECoG、微電極、fNIRS、TMS；不能等同功能證明,PROPOSED_CONTEXT_REVIEW,build_semantic_catalog.py: explicit proposed glossary,REVIEW_REQUIRED,技術分類,NOT_APPLICABLE,NOT_ESTABLISHED,,,UNKNOWN_NOT_APPLICABLE_OR_NOT_RECORDED; DO_NOT_IMPUTE_ZERO,UNASSIGNED,PROPOSED_NO_MEASURED_ROI
reports/2026-10-06/global_technology_iso249/preview/Reference/tables/07_global_technology_iso249_20261006/registry_neurotechnology_global.csv,registry_neurotechnology_global,8,signal_direction,PREVIEW_SNAPSHOT,7eb48939e84dec9f37e1822487b6bde430223ba89b0976318db18a07ec82ed56,13,0,7,讀取、寫入或雙向功能；需任務與人體／動物等條件,PROPOSED_CONTEXT_REVIEW,build_semantic_catalog.py: explicit proposed glossary,REVIEW_REQUIRED,能力方向比較,NOT_APPLICABLE,NOT_ESTABLISHED,,,UNKNOWN_NOT_APPLICABLE_OR_NOT_RECORDED; DO_NOT_IMPUTE_ZERO,UNASSIGNED,PROPOSED_NO_MEASURED_ROI
reports/2026-10-06/global_technology_iso249/preview/Reference/tables/07_global_technology_iso249_20261006/registry_neurotechnology_global.csv,registry_neurotechnology_global,9,direction_state,PREVIEW_SNAPSHOT,7eb48939e84dec9f37e1822487b6bde430223ba89b0976318db18a07ec82ed56,13,0,3,尚未完成欄位語義核實；需來源業務定義、單位、粒度與用途,UNRESOLVED,,REVIEW_REQUIRED,待資料負責人確認,UNKNOWN,NOT_ESTABLISHED,,,UNKNOWN_NOT_APPLICABLE_OR_NOT_RECORDED; DO_NOT_IMPUTE_ZERO,UNASSIGNED,PROPOSED_NO_MEASURED_ROI
reports/2026-10-06/global_technology_iso249/preview/Reference/tables/07_global_technology_iso249_20261006/registry_neurotechnology_global.csv,registry_neurotechnology_global,10,remote_state,PREVIEW_SNAPSHOT,7eb48939e84dec9f37e1822487b6bde430223ba89b0976318db18a07ec82ed56,13,0,3,遠端相關主張狀態；網路存取與距離腦訊號量測分別核實,PROPOSED_CONTEXT_REVIEW,build_semantic_catalog.py: explicit proposed glossary,REVIEW_REQUIRED,防止遠端概念混用,NOT_APPLICABLE,NOT_ESTABLISHED,,,UNKNOWN_NOT_APPLICABLE_OR_NOT_RECORDED; DO_NOT_IMPUTE_ZERO,UNASSIGNED,PROPOSED_NO_MEASURED_ROI
reports/2026-10-06/global_technology_iso249/preview/Reference/tables/07_global_technology_iso249_20261006/registry_neurotechnology_global.csv,registry_neurotechnology_global,11,information_bandwidth_bits_per_second,PREVIEW_SNAPSHOT,7eb48939e84dec9f37e1822487b6bde430223ba89b0976318db18a07ec82ed56,13,13,0,資訊帶寬測量值；需協議、任務、噪音、樣本與誤差，未公開留空,PROPOSED_CONTEXT_REVIEW,build_semantic_catalog.py: explicit proposed glossary,REVIEW_REQUIRED,可比較訊號傳輸能力,bits/s,NOT_ESTABLISHED,,,UNKNOWN_NOT_APPLICABLE_OR_NOT_RECORDED; DO_NOT_IMPUTE_ZERO,UNASSIGNED,PROPOSED_NO_MEASURED_ROI
reports/2026-10-06/global_technology_iso249/preview/Reference/tables/07_global_technology_iso249_20261006/registry_neurotechnology_global.csv,registry_neurotechnology_global,12,bandwidth_state,PREVIEW_SNAPSHOT,7eb48939e84dec9f37e1822487b6bde430223ba89b0976318db18a07ec82ed56,13,0,1,尚未完成欄位語義核實；需來源業務定義、單位、粒度與用途,UNRESOLVED,,REVIEW_REQUIRED,待資料負責人確認,UNKNOWN,NOT_ESTABLISHED,,,UNKNOWN_NOT_APPLICABLE_OR_NOT_RECORDED; DO_NOT_IMPUTE_ZERO,UNASSIGNED,PROPOSED_NO_MEASURED_ROI
reports/2026-10-06/global_technology_iso249/preview/Reference/tables/07_global_technology_iso249_20261006/registry_neurotechnology_global.csv,registry_neurotechnology_global,13,bandwidth_protocol,PREVIEW_SNAPSHOT,7eb48939e84dec9f37e1822487b6bde430223ba89b0976318db18a07ec82ed56,13,0,1,資訊帶寬測試協議或方法；沒有方法不能直接比較數值,PROPOSED_CONTEXT_REVIEW,build_semantic_catalog.py: explicit proposed glossary,REVIEW_REQUIRED,測量可重現,NOT_APPLICABLE,NOT_ESTABLISHED,,,UNKNOWN_NOT_APPLICABLE_OR_NOT_RECORDED; DO_NOT_IMPUTE_ZERO,UNASSIGNED,PROPOSED_NO_MEASURED_ROI
reports/2026-10-06/global_technology_iso249/preview/Reference/tables/07_global_technology_iso249_20261006/registry_neurotechnology_global.csv,registry_neurotechnology_global,14,human_trial_state,PREVIEW_SNAPSHOT,7eb48939e84dec9f37e1822487b6bde430223ba89b0976318db18a07ec82ed56,13,0,3,人體試驗證據、臨床階段或登記狀態；試驗登記不等於結果或許可,PROPOSED_CONTEXT_REVIEW,build_semantic_catalog.py: explicit proposed glossary,REVIEW_REQUIRED,臨床成熟度,NOT_APPLICABLE,NOT_ESTABLISHED,,,UNKNOWN_NOT_APPLICABLE_OR_NOT_RECORDED; DO_NOT_IMPUTE_ZERO,UNASSIGNED,PROPOSED_NO_MEASURED_ROI
reports/2026-10-06/global_technology_iso249/preview/Reference/tables/07_global_technology_iso249_20261006/registry_neurotechnology_global.csv,registry_neurotechnology_global,15,trial_ids,PREVIEW_SNAPSHOT,7eb48939e84dec9f37e1822487b6bde430223ba89b0976318db18a07ec82ed56,13,12,1,文獻、專利或試驗識別碼集合；取得識別碼不代表正文已審,PROPOSED_CONTEXT_REVIEW,build_semantic_catalog.py: explicit proposed glossary,REVIEW_REQUIRED,證據回溯,NOT_APPLICABLE,NOT_ESTABLISHED,,,UNKNOWN_NOT_APPLICABLE_OR_NOT_RECORDED; DO_NOT_IMPUTE_ZERO,UNASSIGNED,PROPOSED_NO_MEASURED_ROI
reports/2026-10-06/global_technology_iso249/preview/Reference/tables/07_global_technology_iso249_20261006/registry_neurotechnology_global.csv,registry_neurotechnology_global,16,trial_registry_status,PREVIEW_SNAPSHOT,7eb48939e84dec9f37e1822487b6bde430223ba89b0976318db18a07ec82ed56,13,0,1,人體試驗證據、臨床階段或登記狀態；試驗登記不等於結果或許可,PROPOSED_CONTEXT_REVIEW,build_semantic_catalog.py: explicit proposed glossary,REVIEW_REQUIRED,臨床成熟度,NOT_APPLICABLE,NOT_ESTABLISHED,,,UNKNOWN_NOT_APPLICABLE_OR_NOT_RECORDED; DO_NOT_IMPUTE_ZERO,UNASSIGNED,PROPOSED_NO_MEASURED_ROI
reports/2026-10-06/global_technology_iso249/preview/Reference/tables/07_global_technology_iso249_20261006/registry_neurotechnology_global.csv,registry_neurotechnology_global,17,clinical_phase,PREVIEW_SNAPSHOT,7eb48939e84dec9f37e1822487b6bde430223ba89b0976318db18a07ec82ed56,13,0,1,人體試驗證據、臨床階段或登記狀態；試驗登記不等於結果或許可,PROPOSED_CONTEXT_REVIEW,build_semantic_catalog.py: explicit proposed glossary,REVIEW_REQUIRED,臨床成熟度,NOT_APPLICABLE,NOT_ESTABLISHED,,,UNKNOWN_NOT_APPLICABLE_OR_NOT_RECORDED; DO_NOT_IMPUTE_ZERO,UNASSIGNED,PROPOSED_NO_MEASURED_ROI
reports/2026-10-06/global_technology_iso249/preview/Reference/tables/07_global_technology_iso249_20261006/registry_neurotechnology_global.csv,registry_neurotechnology_global,18,publication_ids,PREVIEW_SNAPSHOT,7eb48939e84dec9f37e1822487b6bde430223ba89b0976318db18a07ec82ed56,13,13,0,文獻、專利或試驗識別碼集合；取得識別碼不代表正文已審,PROPOSED_CONTEXT_REVIEW,build_semantic_catalog.py: explicit proposed glossary,REVIEW_REQUIRED,證據回溯,NOT_APPLICABLE,NOT_ESTABLISHED,,,UNKNOWN_NOT_APPLICABLE_OR_NOT_RECORDED; DO_NOT_IMPUTE_ZERO,UNASSIGNED,PROPOSED_NO_MEASURED_ROI
reports/2026-10-06/global_technology_iso249/preview/Reference/tables/07_global_technology_iso249_20261006/registry_neurotechnology_global.csv,registry_neurotechnology_global,19,publication_state,PREVIEW_SNAPSHOT,7eb48939e84dec9f37e1822487b6bde430223ba89b0976318db18a07ec82ed56,13,0,1,尚未完成欄位語義核實；需來源業務定義、單位、粒度與用途,UNRESOLVED,,REVIEW_REQUIRED,待資料負責人確認,UNKNOWN,NOT_ESTABLISHED,,,UNKNOWN_NOT_APPLICABLE_OR_NOT_RECORDED; DO_NOT_IMPUTE_ZERO,UNASSIGNED,PROPOSED_NO_MEASURED_ROI
reports/2026-10-06/global_technology_iso249/preview/Reference/tables/07_global_technology_iso249_20261006/registry_neurotechnology_global.csv,registry_neurotechnology_global,20,patent_ids,PREVIEW_SNAPSHOT,7eb48939e84dec9f37e1822487b6bde430223ba89b0976318db18a07ec82ed56,13,13,0,文獻、專利或試驗識別碼集合；取得識別碼不代表正文已審,PROPOSED_CONTEXT_REVIEW,build_semantic_catalog.py: explicit proposed glossary,REVIEW_REQUIRED,證據回溯,NOT_APPLICABLE,NOT_ESTABLISHED,,,UNKNOWN_NOT_APPLICABLE_OR_NOT_RECORDED; DO_NOT_IMPUTE_ZERO,UNASSIGNED,PROPOSED_NO_MEASURED_ROI
reports/2026-10-06/global_technology_iso249/preview/Reference/tables/07_global_technology_iso249_20261006/registry_neurotechnology_global.csv,registry_neurotechnology_global,21,patent_state,PREVIEW_SNAPSHOT,7eb48939e84dec9f37e1822487b6bde430223ba89b0976318db18a07ec82ed56,13,0,1,尚未完成欄位語義核實；需來源業務定義、單位、粒度與用途,UNRESOLVED,,REVIEW_REQUIRED,待資料負責人確認,UNKNOWN,NOT_ESTABLISHED,,,UNKNOWN_NOT_APPLICABLE_OR_NOT_RECORDED; DO_NOT_IMPUTE_ZERO,UNASSIGNED,PROPOSED_NO_MEASURED_ROI
reports/2026-10-06/global_technology_iso249/preview/Reference/tables/07_global_technology_iso249_20261006/registry_neurotechnology_global.csv,registry_neurotechnology_global,22,regulatory_state,PREVIEW_SNAPSHOT,7eb48939e84dec9f37e1822487b6bde430223ba89b0976318db18a07ec82ed56,13,0,3,監管狀態或其司法區；版次與日期需另定位,PROPOSED_CONTEXT_REVIEW,build_semantic_catalog.py: explicit proposed glossary,REVIEW_REQUIRED,臨床／採購條件評估,NOT_APPLICABLE,NOT_ESTABLISHED,,,UNKNOWN_NOT_APPLICABLE_OR_NOT_RECORDED; DO_NOT_IMPUTE_ZERO,UNASSIGNED,PROPOSED_NO_MEASURED_ROI
reports/2026-10-06/global_technology_iso249/preview/Reference/tables/07_global_technology_iso249_20261006/registry_neurotechnology_global.csv,registry_neurotechnology_global,23,regulatory_jurisdiction,PREVIEW_SNAPSHOT,7eb48939e84dec9f37e1822487b6bde430223ba89b0976318db18a07ec82ed56,13,0,2,監管狀態或其司法區；版次與日期需另定位,PROPOSED_CONTEXT_REVIEW,build_semantic_catalog.py: explicit proposed glossary,REVIEW_REQUIRED,臨床／採購條件評估,NOT_APPLICABLE,NOT_ESTABLISHED,,,UNKNOWN_NOT_APPLICABLE_OR_NOT_RECORDED; DO_NOT_IMPUTE_ZERO,UNASSIGNED,PROPOSED_NO_MEASURED_ROI
reports/2026-10-06/global_technology_iso249/preview/Reference/tables/07_global_technology_iso249_20261006/registry_neurotechnology_global.csv,registry_neurotechnology_global,24,N0_N7_level,PREVIEW_SNAPSHOT,7eb48939e84dec9f37e1822487b6bde430223ba89b0976318db18a07ec82ed56,13,0,1,國家能力或神經技術分級狀態；缺測試定義或證據維持 UNKNOWN,PROPOSED_CONTEXT_REVIEW,build_semantic_catalog.py: explicit proposed glossary,REVIEW_REQUIRED,防止無證據國別排名,NOT_APPLICABLE,NOT_ESTABLISHED,,,UNKNOWN_NOT_APPLICABLE_OR_NOT_RECORDED; DO_NOT_IMPUTE_ZERO,UNASSIGNED,PROPOSED_NO_MEASURED_ROI
reports/2026-10-06/global_technology_iso249/preview/Reference/tables/07_global_technology_iso249_20261006/registry_neurotechnology_global.csv,registry_neurotechnology_global,25,evidence_state,PREVIEW_SNAPSHOT,7eb48939e84dec9f37e1822487b6bde430223ba89b0976318db18a07ec82ed56,13,0,2,特定記錄或主張的證據狀態；VERIFIED 僅限可定位範圍,PROPOSED_CONTEXT_REVIEW,build_semantic_catalog.py: explicit proposed glossary,REVIEW_REQUIRED,隔離未知、宣稱與核實,NOT_APPLICABLE,NOT_ESTABLISHED,,,UNKNOWN_NOT_APPLICABLE_OR_NOT_RECORDED; DO_NOT_IMPUTE_ZERO,UNASSIGNED,PROPOSED_NO_MEASURED_ROI
reports/2026-10-06/global_technology_iso249/preview/Reference/tables/07_global_technology_iso249_20261006/registry_neurotechnology_global.csv,registry_neurotechnology_global,26,verification_scope,PREVIEW_SNAPSHOT,7eb48939e84dec9f37e1822487b6bde430223ba89b0976318db18a07ec82ed56,13,0,2,核實涵蓋的主張、條件與邊界；不把公開描述擴展成性能或部署證明,PROPOSED_CONTEXT_REVIEW,build_semantic_catalog.py: explicit proposed glossary,REVIEW_REQUIRED,限定決策可信範圍,NOT_APPLICABLE,NOT_ESTABLISHED,,,UNKNOWN_NOT_APPLICABLE_OR_NOT_RECORDED; DO_NOT_IMPUTE_ZERO,UNASSIGNED,PROPOSED_NO_MEASURED_ROI
reports/2026-10-06/global_technology_iso249/preview/Reference/tables/07_global_technology_iso249_20261006/registry_neurotechnology_global.csv,registry_neurotechnology_global,27,source_id,PREVIEW_SNAPSHOT,7eb48939e84dec9f37e1822487b6bde430223ba89b0976318db18a07ec82ed56,13,0,13,來源登記鍵；僅指來源，不代表該來源全部說法已核實,PROPOSED_CONTEXT_REVIEW,build_semantic_catalog.py: explicit proposed glossary,REVIEW_REQUIRED,主張證據追溯,NOT_APPLICABLE,NOT_ESTABLISHED,,,UNKNOWN_NOT_APPLICABLE_OR_NOT_RECORDED; DO_NOT_IMPUTE_ZERO,UNASSIGNED,PROPOSED_NO_MEASURED_ROI
reports/2026-10-06/global_technology_iso249/preview/Reference/tables/07_global_technology_iso249_20261006/registry_neurotechnology_global.csv,registry_neurotechnology_global,28,notes,PREVIEW_SNAPSHOT,7eb48939e84dec9f37e1822487b6bde430223ba89b0976318db18a07ec82ed56,13,0,5,尚未完成欄位語義核實；需來源業務定義、單位、粒度與用途,UNRESOLVED,,REVIEW_REQUIRED,待資料負責人確認,UNKNOWN,NOT_ESTABLISHED,,,UNKNOWN_NOT_APPLICABLE_OR_NOT_RECORDED; DO_NOT_IMPUTE_ZERO,UNASSIGNED,PROPOSED_NO_MEASURED_ROI
reports/2026-10-06/global_technology_iso249/preview/Reference/tables/07_global_technology_iso249_20261006/registry_neurotechnology_global.csv,registry_neurotechnology_global,29,as_of,PREVIEW_SNAPSHOT,7eb48939e84dec9f37e1822487b6bde430223ba89b0976318db18a07ec82ed56,13,0,1,資料截至／檢查／審核／搜索／取得時間；各欄依操作分別解讀，時區不可猜,PROPOSED_CONTEXT_REVIEW,build_semantic_catalog.py: explicit proposed glossary,REVIEW_REQUIRED,新鮮度與審核時點,SOURCE_DATE_OR_TIMESTAMP,NOT_ESTABLISHED,,,UNKNOWN_NOT_APPLICABLE_OR_NOT_RECORDED; DO_NOT_IMPUTE_ZERO,UNASSIGNED,PROPOSED_NO_MEASURED_ROI
reports/2026-10-06/global_technology_iso249/preview/Reference/tables/07_global_technology_iso249_20261006/registry_technology_products_tools.csv,registry_technology_products_tools,1,technology_id,PREVIEW_SNAPSHOT,965373c19b9799c06da6c55e99cde32922b9a56daae8393e3d6fe5de23d919b6,44,0,44,技術記錄鍵或產品／項目候選線索；候選不等於正式實體,PROPOSED_CONTEXT_REVIEW,build_semantic_catalog.py: explicit proposed glossary,REVIEW_REQUIRED,技術選型與後續查證,NOT_APPLICABLE,NOT_ESTABLISHED,,,UNKNOWN_NOT_APPLICABLE_OR_NOT_RECORDED; DO_NOT_IMPUTE_ZERO,UNASSIGNED,PROPOSED_NO_MEASURED_ROI
reports/2026-10-06/global_technology_iso249/preview/Reference/tables/07_global_technology_iso249_20261006/registry_technology_products_tools.csv,registry_technology_products_tools,2,display_name,PREVIEW_SNAPSHOT,965373c19b9799c06da6c55e99cde32922b9a56daae8393e3d6fe5de23d919b6,44,0,44,尚未完成欄位語義核實；需來源業務定義、單位、粒度與用途,UNRESOLVED,,REVIEW_REQUIRED,待資料負責人確認,UNKNOWN,NOT_ESTABLISHED,,,UNKNOWN_NOT_APPLICABLE_OR_NOT_RECORDED; DO_NOT_IMPUTE_ZERO,UNASSIGNED,PROPOSED_NO_MEASURED_ROI
reports/2026-10-06/global_technology_iso249/preview/Reference/tables/07_global_technology_iso249_20261006/registry_technology_products_tools.csv,registry_technology_products_tools,3,record_type,PREVIEW_SNAPSHOT,965373c19b9799c06da6c55e99cde32922b9a56daae8393e3d6fe5de23d919b6,44,0,18,尚未完成欄位語義核實；需來源業務定義、單位、粒度與用途,UNRESOLVED,,REVIEW_REQUIRED,待資料負責人確認,UNKNOWN,NOT_ESTABLISHED,,,UNKNOWN_NOT_APPLICABLE_OR_NOT_RECORDED; DO_NOT_IMPUTE_ZERO,UNASSIGNED,PROPOSED_NO_MEASURED_ROI
reports/2026-10-06/global_technology_iso249/preview/Reference/tables/07_global_technology_iso249_20261006/registry_technology_products_tools.csv,registry_technology_products_tools,4,domain,PREVIEW_SNAPSHOT,965373c19b9799c06da6c55e99cde32922b9a56daae8393e3d6fe5de23d919b6,44,0,12,尚未完成欄位語義核實；需來源業務定義、單位、粒度與用途,UNRESOLVED,,REVIEW_REQUIRED,待資料負責人確認,UNKNOWN,NOT_ESTABLISHED,,,UNKNOWN_NOT_APPLICABLE_OR_NOT_RECORDED; DO_NOT_IMPUTE_ZERO,UNASSIGNED,PROPOSED_NO_MEASURED_ROI
reports/2026-10-06/global_technology_iso249/preview/Reference/tables/07_global_technology_iso249_20261006/registry_technology_products_tools.csv,registry_technology_products_tools,5,issuer_entity_id,PREVIEW_SNAPSHOT,965373c19b9799c06da6c55e99cde32922b9a56daae8393e3d6fe5de23d919b6,44,25,10,尚未完成欄位語義核實；需來源業務定義、單位、粒度與用途,UNRESOLVED,,REVIEW_REQUIRED,待資料負責人確認,UNKNOWN,NOT_ESTABLISHED,,,UNKNOWN_NOT_APPLICABLE_OR_NOT_RECORDED; DO_NOT_IMPUTE_ZERO,UNASSIGNED,PROPOSED_NO_MEASURED_ROI
reports/2026-10-06/global_technology_iso249/preview/Reference/tables/07_global_technology_iso249_20261006/registry_technology_products_tools.csv,registry_technology_products_tools,6,issuer_relation_state,PREVIEW_SNAPSHOT,965373c19b9799c06da6c55e99cde32922b9a56daae8393e3d6fe5de23d919b6,44,0,2,尚未完成欄位語義核實；需來源業務定義、單位、粒度與用途,UNRESOLVED,,REVIEW_REQUIRED,待資料負責人確認,UNKNOWN,NOT_ESTABLISHED,,,UNKNOWN_NOT_APPLICABLE_OR_NOT_RECORDED; DO_NOT_IMPUTE_ZERO,UNASSIGNED,PROPOSED_NO_MEASURED_ROI
reports/2026-10-06/global_technology_iso249/preview/Reference/tables/07_global_technology_iso249_20261006/registry_technology_products_tools.csv,registry_technology_products_tools,7,public_description,PREVIEW_SNAPSHOT,965373c19b9799c06da6c55e99cde32922b9a56daae8393e3d6fe5de23d919b6,44,0,42,尚未完成欄位語義核實；需來源業務定義、單位、粒度與用途,UNRESOLVED,,REVIEW_REQUIRED,待資料負責人確認,UNKNOWN,NOT_ESTABLISHED,,,UNKNOWN_NOT_APPLICABLE_OR_NOT_RECORDED; DO_NOT_IMPUTE_ZERO,UNASSIGNED,PROPOSED_NO_MEASURED_ROI
reports/2026-10-06/global_technology_iso249/preview/Reference/tables/07_global_technology_iso249_20261006/registry_technology_products_tools.csv,registry_technology_products_tools,8,evidence_state,PREVIEW_SNAPSHOT,965373c19b9799c06da6c55e99cde32922b9a56daae8393e3d6fe5de23d919b6,44,0,2,特定記錄或主張的證據狀態；VERIFIED 僅限可定位範圍,PROPOSED_CONTEXT_REVIEW,build_semantic_catalog.py: explicit proposed glossary,REVIEW_REQUIRED,隔離未知、宣稱與核實,NOT_APPLICABLE,NOT_ESTABLISHED,,,UNKNOWN_NOT_APPLICABLE_OR_NOT_RECORDED; DO_NOT_IMPUTE_ZERO,UNASSIGNED,PROPOSED_NO_MEASURED_ROI
reports/2026-10-06/global_technology_iso249/preview/Reference/tables/07_global_technology_iso249_20261006/registry_technology_products_tools.csv,registry_technology_products_tools,9,verification_scope,PREVIEW_SNAPSHOT,965373c19b9799c06da6c55e99cde32922b9a56daae8393e3d6fe5de23d919b6,44,0,2,核實涵蓋的主張、條件與邊界；不把公開描述擴展成性能或部署證明,PROPOSED_CONTEXT_REVIEW,build_semantic_catalog.py: explicit proposed glossary,REVIEW_REQUIRED,限定決策可信範圍,NOT_APPLICABLE,NOT_ESTABLISHED,,,UNKNOWN_NOT_APPLICABLE_OR_NOT_RECORDED; DO_NOT_IMPUTE_ZERO,UNASSIGNED,PROPOSED_NO_MEASURED_ROI
reports/2026-10-06/global_technology_iso249/preview/Reference/tables/07_global_technology_iso249_20261006/registry_technology_products_tools.csv,registry_technology_products_tools,10,source_id,PREVIEW_SNAPSHOT,965373c19b9799c06da6c55e99cde32922b9a56daae8393e3d6fe5de23d919b6,44,0,35,來源登記鍵；僅指來源，不代表該來源全部說法已核實,PROPOSED_CONTEXT_REVIEW,build_semantic_catalog.py: explicit proposed glossary,REVIEW_REQUIRED,主張證據追溯,NOT_APPLICABLE,NOT_ESTABLISHED,,,UNKNOWN_NOT_APPLICABLE_OR_NOT_RECORDED; DO_NOT_IMPUTE_ZERO,UNASSIGNED,PROPOSED_NO_MEASURED_ROI
reports/2026-10-06/global_technology_iso249/preview/Reference/tables/07_global_technology_iso249_20261006/registry_technology_products_tools.csv,registry_technology_products_tools,11,version_state,PREVIEW_SNAPSHOT,965373c19b9799c06da6c55e99cde32922b9a56daae8393e3d6fe5de23d919b6,44,0,1,尚未完成欄位語義核實；需來源業務定義、單位、粒度與用途,UNRESOLVED,,REVIEW_REQUIRED,待資料負責人確認,UNKNOWN,NOT_ESTABLISHED,,,UNKNOWN_NOT_APPLICABLE_OR_NOT_RECORDED; DO_NOT_IMPUTE_ZERO,UNASSIGNED,PROPOSED_NO_MEASURED_ROI
reports/2026-10-06/global_technology_iso249/preview/Reference/tables/07_global_technology_iso249_20261006/registry_technology_products_tools.csv,registry_technology_products_tools,12,license_state,PREVIEW_SNAPSHOT,965373c19b9799c06da6c55e99cde32922b9a56daae8393e3d6fe5de23d919b6,44,0,1,授權審核狀態；需定位產品／資料／权重與版本,PROPOSED_CONTEXT_REVIEW,build_semantic_catalog.py: explicit proposed glossary,REVIEW_REQUIRED,用途准入,NOT_APPLICABLE,NOT_ESTABLISHED,,,UNKNOWN_NOT_APPLICABLE_OR_NOT_RECORDED; DO_NOT_IMPUTE_ZERO,UNASSIGNED,PROPOSED_NO_MEASURED_ROI
reports/2026-10-06/global_technology_iso249/preview/Reference/tables/07_global_technology_iso249_20261006/registry_technology_products_tools.csv,registry_technology_products_tools,13,availability_state,PREVIEW_SNAPSHOT,965373c19b9799c06da6c55e99cde32922b9a56daae8393e3d6fe5de23d919b6,44,0,1,尚未完成欄位語義核實；需來源業務定義、單位、粒度與用途,UNRESOLVED,,REVIEW_REQUIRED,待資料負責人確認,UNKNOWN,NOT_ESTABLISHED,,,UNKNOWN_NOT_APPLICABLE_OR_NOT_RECORDED; DO_NOT_IMPUTE_ZERO,UNASSIGNED,PROPOSED_NO_MEASURED_ROI
reports/2026-10-06/global_technology_iso249/preview/Reference/tables/07_global_technology_iso249_20261006/registry_technology_products_tools.csv,registry_technology_products_tools,14,independent_performance_state,PREVIEW_SNAPSHOT,965373c19b9799c06da6c55e99cde32922b9a56daae8393e3d6fe5de23d919b6,44,0,1,性能主張或獨立性能驗證狀態；不是性能數值,PROPOSED_CONTEXT_REVIEW,build_semantic_catalog.py: explicit proposed glossary,REVIEW_REQUIRED,避免宣傳數字冒充測試,NOT_APPLICABLE,NOT_ESTABLISHED,,,UNKNOWN_NOT_APPLICABLE_OR_NOT_RECORDED; DO_NOT_IMPUTE_ZERO,UNASSIGNED,PROPOSED_NO_MEASURED_ROI
reports/2026-10-06/global_technology_iso249/preview/Reference/tables/07_global_technology_iso249_20261006/registry_technology_products_tools.csv,registry_technology_products_tools,15,global_rank_state,PREVIEW_SNAPSHOT,965373c19b9799c06da6c55e99cde32922b9a56daae8393e3d6fe5de23d919b6,44,0,1,排名主張的核實狀態；先定義樣本、指標與比較協議,PROPOSED_CONTEXT_REVIEW,build_semantic_catalog.py: explicit proposed glossary,REVIEW_REQUIRED,比較口徑治理,NOT_APPLICABLE,NOT_ESTABLISHED,,,UNKNOWN_NOT_APPLICABLE_OR_NOT_RECORDED; DO_NOT_IMPUTE_ZERO,UNASSIGNED,PROPOSED_NO_MEASURED_ROI
reports/2026-10-06/global_technology_iso249/preview/Reference/tables/07_global_technology_iso249_20261006/registry_technology_products_tools.csv,registry_technology_products_tools,16,regulatory_state,PREVIEW_SNAPSHOT,965373c19b9799c06da6c55e99cde32922b9a56daae8393e3d6fe5de23d919b6,44,0,2,監管狀態或其司法區；版次與日期需另定位,PROPOSED_CONTEXT_REVIEW,build_semantic_catalog.py: explicit proposed glossary,REVIEW_REQUIRED,臨床／採購條件評估,NOT_APPLICABLE,NOT_ESTABLISHED,,,UNKNOWN_NOT_APPLICABLE_OR_NOT_RECORDED; DO_NOT_IMPUTE_ZERO,UNASSIGNED,PROPOSED_NO_MEASURED_ROI
reports/2026-10-06/global_technology_iso249/preview/Reference/tables/07_global_technology_iso249_20261006/registry_technology_products_tools.csv,registry_technology_products_tools,17,as_of,PREVIEW_SNAPSHOT,965373c19b9799c06da6c55e99cde32922b9a56daae8393e3d6fe5de23d919b6,44,0,1,資料截至／檢查／審核／搜索／取得時間；各欄依操作分別解讀，時區不可猜,PROPOSED_CONTEXT_REVIEW,build_semantic_catalog.py: explicit proposed glossary,REVIEW_REQUIRED,新鮮度與審核時點,SOURCE_DATE_OR_TIMESTAMP,NOT_ESTABLISHED,,,UNKNOWN_NOT_APPLICABLE_OR_NOT_RECORDED; DO_NOT_IMPUTE_ZERO,UNASSIGNED,PROPOSED_NO_MEASURED_ROI
reports/2026-10-06/global_technology_iso249_b02/preview/Reference/tables/08_global_technology_iso249_20261006_b02/registry_country_entity_relations.csv,registry_country_entity_relations,1,relation_id,PREVIEW_SNAPSHOT,a5fcc0d1d39bfa7f4e26491f9ef60134fbdc36f96f69290831eaffdf5064912c,8,0,8,尚未完成欄位語義核實；需來源業務定義、單位、粒度與用途,UNRESOLVED,,REVIEW_REQUIRED,待資料負責人確認,UNKNOWN,NOT_ESTABLISHED,,,UNKNOWN_NOT_APPLICABLE_OR_NOT_RECORDED; DO_NOT_IMPUTE_ZERO,UNASSIGNED,PROPOSED_NO_MEASURED_ROI
reports/2026-10-06/global_technology_iso249_b02/preview/Reference/tables/08_global_technology_iso249_20261006_b02/registry_country_entity_relations.csv,registry_country_entity_relations,2,entity_id,PREVIEW_SNAPSHOT,a5fcc0d1d39bfa7f4e26491f9ef60134fbdc36f96f69290831eaffdf5064912c,8,0,7,穩定內部實體識別鍵；命名空間及對象依所屬表，不以相似名稱自動合併,PROPOSED_CONTEXT_REVIEW,build_semantic_catalog.py: explicit proposed glossary,REVIEW_REQUIRED,跨表實體追溯,NOT_APPLICABLE,NOT_ESTABLISHED,,,UNKNOWN_NOT_APPLICABLE_OR_NOT_RECORDED; DO_NOT_IMPUTE_ZERO,UNASSIGNED,PROPOSED_NO_MEASURED_ROI
reports/2026-10-06/global_technology_iso249_b02/preview/Reference/tables/08_global_technology_iso249_20261006_b02/registry_country_entity_relations.csv,registry_country_entity_relations,3,iso_alpha2,PREVIEW_SNAPSHOT,a5fcc0d1d39bfa7f4e26491f9ef60134fbdc36f96f69290831eaffdf5064912c,8,0,8,ISO 3166-1 alpha-2 國家／地區代碼；代碼版次與關係另記,PROPOSED_CONTEXT_REVIEW,build_semantic_catalog.py: explicit proposed glossary,REVIEW_REQUIRED,母表連結,ISO_ALPHA2,NOT_ESTABLISHED,,,UNKNOWN_NOT_APPLICABLE_OR_NOT_RECORDED; DO_NOT_IMPUTE_ZERO,UNASSIGNED,PROPOSED_NO_MEASURED_ROI
reports/2026-10-06/global_technology_iso249_b02/preview/Reference/tables/08_global_technology_iso249_20261006_b02/registry_country_entity_relations.csv,registry_country_entity_relations,4,relation_type,PREVIEW_SNAPSHOT,a5fcc0d1d39bfa7f4e26491f9ef60134fbdc36f96f69290831eaffdf5064912c,8,0,5,尚未完成欄位語義核實；需來源業務定義、單位、粒度與用途,UNRESOLVED,,REVIEW_REQUIRED,待資料負責人確認,UNKNOWN,NOT_ESTABLISHED,,,UNKNOWN_NOT_APPLICABLE_OR_NOT_RECORDED; DO_NOT_IMPUTE_ZERO,UNASSIGNED,PROPOSED_NO_MEASURED_ROI
reports/2026-10-06/global_technology_iso249_b02/preview/Reference/tables/08_global_technology_iso249_20261006_b02/registry_country_entity_relations.csv,registry_country_entity_relations,5,claim,PREVIEW_SNAPSHOT,a5fcc0d1d39bfa7f4e26491f9ef60134fbdc36f96f69290831eaffdf5064912c,8,0,7,一項待審或歷史主張的文字；與其證據狀態一起使用,PROPOSED_CONTEXT_REVIEW,build_semantic_catalog.py: explicit proposed glossary,REVIEW_REQUIRED,保存研究命題,NOT_APPLICABLE,NOT_ESTABLISHED,,,UNKNOWN_NOT_APPLICABLE_OR_NOT_RECORDED; DO_NOT_IMPUTE_ZERO,UNASSIGNED,PROPOSED_NO_MEASURED_ROI
reports/2026-10-06/global_technology_iso249_b02/preview/Reference/tables/08_global_technology_iso249_20261006_b02/registry_country_entity_relations.csv,registry_country_entity_relations,6,evidence_state,PREVIEW_SNAPSHOT,a5fcc0d1d39bfa7f4e26491f9ef60134fbdc36f96f69290831eaffdf5064912c,8,0,1,特定記錄或主張的證據狀態；VERIFIED 僅限可定位範圍,PROPOSED_CONTEXT_REVIEW,build_semantic_catalog.py: explicit proposed glossary,REVIEW_REQUIRED,隔離未知、宣稱與核實,NOT_APPLICABLE,NOT_ESTABLISHED,,,UNKNOWN_NOT_APPLICABLE_OR_NOT_RECORDED; DO_NOT_IMPUTE_ZERO,UNASSIGNED,PROPOSED_NO_MEASURED_ROI
reports/2026-10-06/global_technology_iso249_b02/preview/Reference/tables/08_global_technology_iso249_20261006_b02/registry_country_entity_relations.csv,registry_country_entity_relations,7,verification_scope,PREVIEW_SNAPSHOT,a5fcc0d1d39bfa7f4e26491f9ef60134fbdc36f96f69290831eaffdf5064912c,8,0,2,核實涵蓋的主張、條件與邊界；不把公開描述擴展成性能或部署證明,PROPOSED_CONTEXT_REVIEW,build_semantic_catalog.py: explicit proposed glossary,REVIEW_REQUIRED,限定決策可信範圍,NOT_APPLICABLE,NOT_ESTABLISHED,,,UNKNOWN_NOT_APPLICABLE_OR_NOT_RECORDED; DO_NOT_IMPUTE_ZERO,UNASSIGNED,PROPOSED_NO_MEASURED_ROI
reports/2026-10-06/global_technology_iso249_b02/preview/Reference/tables/08_global_technology_iso249_20261006_b02/registry_country_entity_relations.csv,registry_country_entity_relations,8,source_id,PREVIEW_SNAPSHOT,a5fcc0d1d39bfa7f4e26491f9ef60134fbdc36f96f69290831eaffdf5064912c,8,0,7,來源登記鍵；僅指來源，不代表該來源全部說法已核實,PROPOSED_CONTEXT_REVIEW,build_semantic_catalog.py: explicit proposed glossary,REVIEW_REQUIRED,主張證據追溯,NOT_APPLICABLE,NOT_ESTABLISHED,,,UNKNOWN_NOT_APPLICABLE_OR_NOT_RECORDED; DO_NOT_IMPUTE_ZERO,UNASSIGNED,PROPOSED_NO_MEASURED_ROI
reports/2026-10-06/global_technology_iso249_b02/preview/Reference/tables/08_global_technology_iso249_20261006_b02/registry_country_entity_relations.csv,registry_country_entity_relations,9,as_of,PREVIEW_SNAPSHOT,a5fcc0d1d39bfa7f4e26491f9ef60134fbdc36f96f69290831eaffdf5064912c,8,0,1,資料截至／檢查／審核／搜索／取得時間；各欄依操作分別解讀，時區不可猜,PROPOSED_CONTEXT_REVIEW,build_semantic_catalog.py: explicit proposed glossary,REVIEW_REQUIRED,新鮮度與審核時點,SOURCE_DATE_OR_TIMESTAMP,NOT_ESTABLISHED,,,UNKNOWN_NOT_APPLICABLE_OR_NOT_RECORDED; DO_NOT_IMPUTE_ZERO,UNASSIGNED,PROPOSED_NO_MEASURED_ROI
reports/2026-10-06/global_technology_iso249_b02/preview/Reference/tables/08_global_technology_iso249_20261006_b02/registry_country_technology_coverage.csv,registry_country_technology_coverage,1,iso_alpha2,PREVIEW_SNAPSHOT,15ef353966624f8c03898d5f0eb151681cfd2d08497f52b4b11d5908d85160df,249,0,249,ISO 3166-1 alpha-2 國家／地區代碼；代碼版次與關係另記,PROPOSED_CONTEXT_REVIEW,build_semantic_catalog.py: explicit proposed glossary,REVIEW_REQUIRED,母表連結,ISO_ALPHA2,NOT_ESTABLISHED,,,UNKNOWN_NOT_APPLICABLE_OR_NOT_RECORDED; DO_NOT_IMPUTE_ZERO,UNASSIGNED,PROPOSED_NO_MEASURED_ROI
reports/2026-10-06/global_technology_iso249_b02/preview/Reference/tables/08_global_technology_iso249_20261006_b02/registry_country_technology_coverage.csv,registry_country_technology_coverage,2,name_en,PREVIEW_SNAPSHOT,15ef353966624f8c03898d5f0eb151681cfd2d08497f52b4b11d5908d85160df,249,0,249,尚未完成欄位語義核實；需來源業務定義、單位、粒度與用途,UNRESOLVED,,REVIEW_REQUIRED,待資料負責人確認,UNKNOWN,NOT_ESTABLISHED,,,UNKNOWN_NOT_APPLICABLE_OR_NOT_RECORDED; DO_NOT_IMPUTE_ZERO,UNASSIGNED,PROPOSED_NO_MEASURED_ROI
reports/2026-10-06/global_technology_iso249_b02/preview/Reference/tables/08_global_technology_iso249_20261006_b02/registry_country_technology_coverage.csv,registry_country_technology_coverage,3,search_state,PREVIEW_SNAPSHOT,15ef353966624f8c03898d5f0eb151681cfd2d08497f52b4b11d5908d85160df,249,0,1,搜索操作或研究完成狀態；不等於國家能力或完整母體覆蓋,PROPOSED_CONTEXT_REVIEW,build_semantic_catalog.py: explicit proposed glossary,REVIEW_REQUIRED,工作進度治理,NOT_APPLICABLE,NOT_ESTABLISHED,,,UNKNOWN_NOT_APPLICABLE_OR_NOT_RECORDED; DO_NOT_IMPUTE_ZERO,UNASSIGNED,PROPOSED_NO_MEASURED_ROI
reports/2026-10-06/global_technology_iso249_b02/preview/Reference/tables/08_global_technology_iso249_20261006_b02/registry_country_technology_coverage.csv,registry_country_technology_coverage,4,broad_queries_completed,PREVIEW_SNAPSHOT,15ef353966624f8c03898d5f0eb151681cfd2d08497f52b4b11d5908d85160df,249,0,1,尚未完成欄位語義核實；需來源業務定義、單位、粒度與用途,UNRESOLVED,,REVIEW_REQUIRED,待資料負責人確認,UNKNOWN,NOT_ESTABLISHED,,,UNKNOWN_NOT_APPLICABLE_OR_NOT_RECORDED; DO_NOT_IMPUTE_ZERO,UNASSIGNED,PROPOSED_NO_MEASURED_ROI
reports/2026-10-06/global_technology_iso249_b02/preview/Reference/tables/08_global_technology_iso249_20261006_b02/registry_country_technology_coverage.csv,registry_country_technology_coverage,5,retry_count,PREVIEW_SNAPSHOT,15ef353966624f8c03898d5f0eb151681cfd2d08497f52b4b11d5908d85160df,249,0,2,尚未完成欄位語義核實；需來源業務定義、單位、粒度與用途,UNRESOLVED,,REVIEW_REQUIRED,待資料負責人確認,UNKNOWN,NOT_ESTABLISHED,,,UNKNOWN_NOT_APPLICABLE_OR_NOT_RECORDED; DO_NOT_IMPUTE_ZERO,UNASSIGNED,PROPOSED_NO_MEASURED_ROI
reports/2026-10-06/global_technology_iso249_b02/preview/Reference/tables/08_global_technology_iso249_20261006_b02/registry_country_technology_coverage.csv,registry_country_technology_coverage,6,search_lead_count,PREVIEW_SNAPSHOT,15ef353966624f8c03898d5f0eb151681cfd2d08497f52b4b11d5908d85160df,249,0,2,尚未完成欄位語義核實；需來源業務定義、單位、粒度與用途,UNRESOLVED,,REVIEW_REQUIRED,待資料負責人確認,UNKNOWN,NOT_ESTABLISHED,,,UNKNOWN_NOT_APPLICABLE_OR_NOT_RECORDED; DO_NOT_IMPUTE_ZERO,UNASSIGNED,PROPOSED_NO_MEASURED_ROI
reports/2026-10-06/global_technology_iso249_b02/preview/Reference/tables/08_global_technology_iso249_20261006_b02/registry_country_technology_coverage.csv,registry_country_technology_coverage,7,editorial_entity_candidate_count,PREVIEW_SNAPSHOT,15ef353966624f8c03898d5f0eb151681cfd2d08497f52b4b11d5908d85160df,249,0,11,尚未完成欄位語義核實；需來源業務定義、單位、粒度與用途,UNRESOLVED,,REVIEW_REQUIRED,待資料負責人確認,UNKNOWN,NOT_ESTABLISHED,,,UNKNOWN_NOT_APPLICABLE_OR_NOT_RECORDED; DO_NOT_IMPUTE_ZERO,UNASSIGNED,PROPOSED_NO_MEASURED_ROI
reports/2026-10-06/global_technology_iso249_b02/preview/Reference/tables/08_global_technology_iso249_20261006_b02/registry_country_technology_coverage.csv,registry_country_technology_coverage,8,candidate_public_descriptions_verified,PREVIEW_SNAPSHOT,15ef353966624f8c03898d5f0eb151681cfd2d08497f52b4b11d5908d85160df,249,0,11,尚未完成欄位語義核實；需來源業務定義、單位、粒度與用途,UNRESOLVED,,REVIEW_REQUIRED,待資料負責人確認,UNKNOWN,NOT_ESTABLISHED,,,UNKNOWN_NOT_APPLICABLE_OR_NOT_RECORDED; DO_NOT_IMPUTE_ZERO,UNASSIGNED,PROPOSED_NO_MEASURED_ROI
reports/2026-10-06/global_technology_iso249_b02/preview/Reference/tables/08_global_technology_iso249_20261006_b02/registry_country_technology_coverage.csv,registry_country_technology_coverage,9,country_relation_verified_count,PREVIEW_SNAPSHOT,15ef353966624f8c03898d5f0eb151681cfd2d08497f52b4b11d5908d85160df,249,0,2,尚未完成欄位語義核實；需來源業務定義、單位、粒度與用途,UNRESOLVED,,REVIEW_REQUIRED,待資料負責人確認,UNKNOWN,NOT_ESTABLISHED,,,UNKNOWN_NOT_APPLICABLE_OR_NOT_RECORDED; DO_NOT_IMPUTE_ZERO,UNASSIGNED,PROPOSED_NO_MEASURED_ROI
reports/2026-10-06/global_technology_iso249_b02/preview/Reference/tables/08_global_technology_iso249_20261006_b02/registry_country_technology_coverage.csv,registry_country_technology_coverage,10,country_frontier_capability_state,PREVIEW_SNAPSHOT,15ef353966624f8c03898d5f0eb151681cfd2d08497f52b4b11d5908d85160df,249,0,1,國家能力或神經技術分級狀態；缺測試定義或證據維持 UNKNOWN,PROPOSED_CONTEXT_REVIEW,build_semantic_catalog.py: explicit proposed glossary,REVIEW_REQUIRED,防止無證據國別排名,NOT_APPLICABLE,NOT_ESTABLISHED,,,UNKNOWN_NOT_APPLICABLE_OR_NOT_RECORDED; DO_NOT_IMPUTE_ZERO,UNASSIGNED,PROPOSED_NO_MEASURED_ROI
reports/2026-10-06/global_technology_iso249_b02/preview/Reference/tables/08_global_technology_iso249_20261006_b02/registry_country_technology_coverage.csv,registry_country_technology_coverage,11,N0_N7_level,PREVIEW_SNAPSHOT,15ef353966624f8c03898d5f0eb151681cfd2d08497f52b4b11d5908d85160df,249,0,1,國家能力或神經技術分級狀態；缺測試定義或證據維持 UNKNOWN,PROPOSED_CONTEXT_REVIEW,build_semantic_catalog.py: explicit proposed glossary,REVIEW_REQUIRED,防止無證據國別排名,NOT_APPLICABLE,NOT_ESTABLISHED,,,UNKNOWN_NOT_APPLICABLE_OR_NOT_RECORDED; DO_NOT_IMPUTE_ZERO,UNASSIGNED,PROPOSED_NO_MEASURED_ROI
reports/2026-10-06/global_technology_iso249_b02/preview/Reference/tables/08_global_technology_iso249_20261006_b02/registry_country_technology_coverage.csv,registry_country_technology_coverage,12,research_completion_state,PREVIEW_SNAPSHOT,15ef353966624f8c03898d5f0eb151681cfd2d08497f52b4b11d5908d85160df,249,0,1,搜索操作或研究完成狀態；不等於國家能力或完整母體覆蓋,PROPOSED_CONTEXT_REVIEW,build_semantic_catalog.py: explicit proposed glossary,REVIEW_REQUIRED,工作進度治理,NOT_APPLICABLE,NOT_ESTABLISHED,,,UNKNOWN_NOT_APPLICABLE_OR_NOT_RECORDED; DO_NOT_IMPUTE_ZERO,UNASSIGNED,PROPOSED_NO_MEASURED_ROI
reports/2026-10-06/global_technology_iso249_b02/preview/Reference/tables/08_global_technology_iso249_20261006_b02/registry_country_technology_coverage.csv,registry_country_technology_coverage,13,query,PREVIEW_SNAPSHOT,15ef353966624f8c03898d5f0eb151681cfd2d08497f52b4b11d5908d85160df,249,0,249,搜索查詢或其提供方；搜索完成不等於世界普查完成,PROPOSED_CONTEXT_REVIEW,build_semantic_catalog.py: explicit proposed glossary,REVIEW_REQUIRED,搜索覆蓋可重現,NOT_APPLICABLE,NOT_ESTABLISHED,,,UNKNOWN_NOT_APPLICABLE_OR_NOT_RECORDED; DO_NOT_IMPUTE_ZERO,UNASSIGNED,PROPOSED_NO_MEASURED_ROI
reports/2026-10-06/global_technology_iso249_b02/preview/Reference/tables/08_global_technology_iso249_20261006_b02/registry_country_technology_coverage.csv,registry_country_technology_coverage,14,provider,PREVIEW_SNAPSHOT,15ef353966624f8c03898d5f0eb151681cfd2d08497f52b4b11d5908d85160df,249,0,2,搜索查詢或其提供方；搜索完成不等於世界普查完成,PROPOSED_CONTEXT_REVIEW,build_semantic_catalog.py: explicit proposed glossary,REVIEW_REQUIRED,搜索覆蓋可重現,NOT_APPLICABLE,NOT_ESTABLISHED,,,UNKNOWN_NOT_APPLICABLE_OR_NOT_RECORDED; DO_NOT_IMPUTE_ZERO,UNASSIGNED,PROPOSED_NO_MEASURED_ROI
reports/2026-10-06/global_technology_iso249_b02/preview/Reference/tables/08_global_technology_iso249_20261006_b02/registry_country_technology_coverage.csv,registry_country_technology_coverage,15,searched_on,PREVIEW_SNAPSHOT,15ef353966624f8c03898d5f0eb151681cfd2d08497f52b4b11d5908d85160df,249,0,1,資料截至／檢查／審核／搜索／取得時間；各欄依操作分別解讀，時區不可猜,PROPOSED_CONTEXT_REVIEW,build_semantic_catalog.py: explicit proposed glossary,REVIEW_REQUIRED,新鮮度與審核時點,SOURCE_DATE_OR_TIMESTAMP,NOT_ESTABLISHED,,,UNKNOWN_NOT_APPLICABLE_OR_NOT_RECORDED; DO_NOT_IMPUTE_ZERO,UNASSIGNED,PROPOSED_NO_MEASURED_ROI
reports/2026-10-06/global_technology_iso249_b02/preview/Reference/tables/08_global_technology_iso249_20261006_b02/registry_global_claims.csv,registry_global_claims,1,claim_id,PREVIEW_SNAPSHOT,e0098aa25f0062f31f5c8f61c4cdc504ce7949b2338fa6c1ca89df571ac291c6,335,0,335,一項可定位主張的識別鍵；真偽與有效範圍另列,PROPOSED_CONTEXT_REVIEW,build_semantic_catalog.py: explicit proposed glossary,REVIEW_REQUIRED,主張審核與衝突管理,NOT_APPLICABLE,NOT_ESTABLISHED,,,UNKNOWN_NOT_APPLICABLE_OR_NOT_RECORDED; DO_NOT_IMPUTE_ZERO,UNASSIGNED,PROPOSED_NO_MEASURED_ROI
reports/2026-10-06/global_technology_iso249_b02/preview/Reference/tables/08_global_technology_iso249_20261006_b02/registry_global_claims.csv,registry_global_claims,2,entity_id,PREVIEW_SNAPSHOT,e0098aa25f0062f31f5c8f61c4cdc504ce7949b2338fa6c1ca89df571ac291c6,335,0,335,穩定內部實體識別鍵；命名空間及對象依所屬表，不以相似名稱自動合併,PROPOSED_CONTEXT_REVIEW,build_semantic_catalog.py: explicit proposed glossary,REVIEW_REQUIRED,跨表實體追溯,NOT_APPLICABLE,NOT_ESTABLISHED,,,UNKNOWN_NOT_APPLICABLE_OR_NOT_RECORDED; DO_NOT_IMPUTE_ZERO,UNASSIGNED,PROPOSED_NO_MEASURED_ROI
reports/2026-10-06/global_technology_iso249_b02/preview/Reference/tables/08_global_technology_iso249_20261006_b02/registry_global_claims.csv,registry_global_claims,3,claim,PREVIEW_SNAPSHOT,e0098aa25f0062f31f5c8f61c4cdc504ce7949b2338fa6c1ca89df571ac291c6,335,0,278,一項待審或歷史主張的文字；與其證據狀態一起使用,PROPOSED_CONTEXT_REVIEW,build_semantic_catalog.py: explicit proposed glossary,REVIEW_REQUIRED,保存研究命題,NOT_APPLICABLE,NOT_ESTABLISHED,,,UNKNOWN_NOT_APPLICABLE_OR_NOT_RECORDED; DO_NOT_IMPUTE_ZERO,UNASSIGNED,PROPOSED_NO_MEASURED_ROI
reports/2026-10-06/global_technology_iso249_b02/preview/Reference/tables/08_global_technology_iso249_20261006_b02/registry_global_claims.csv,registry_global_claims,4,evidence_state,PREVIEW_SNAPSHOT,e0098aa25f0062f31f5c8f61c4cdc504ce7949b2338fa6c1ca89df571ac291c6,335,0,2,特定記錄或主張的證據狀態；VERIFIED 僅限可定位範圍,PROPOSED_CONTEXT_REVIEW,build_semantic_catalog.py: explicit proposed glossary,REVIEW_REQUIRED,隔離未知、宣稱與核實,NOT_APPLICABLE,NOT_ESTABLISHED,,,UNKNOWN_NOT_APPLICABLE_OR_NOT_RECORDED; DO_NOT_IMPUTE_ZERO,UNASSIGNED,PROPOSED_NO_MEASURED_ROI
reports/2026-10-06/global_technology_iso249_b02/preview/Reference/tables/08_global_technology_iso249_20261006_b02/registry_global_claims.csv,registry_global_claims,5,verification_scope,PREVIEW_SNAPSHOT,e0098aa25f0062f31f5c8f61c4cdc504ce7949b2338fa6c1ca89df571ac291c6,335,0,4,核實涵蓋的主張、條件與邊界；不把公開描述擴展成性能或部署證明,PROPOSED_CONTEXT_REVIEW,build_semantic_catalog.py: explicit proposed glossary,REVIEW_REQUIRED,限定決策可信範圍,NOT_APPLICABLE,NOT_ESTABLISHED,,,UNKNOWN_NOT_APPLICABLE_OR_NOT_RECORDED; DO_NOT_IMPUTE_ZERO,UNASSIGNED,PROPOSED_NO_MEASURED_ROI
reports/2026-10-06/global_technology_iso249_b02/preview/Reference/tables/08_global_technology_iso249_20261006_b02/registry_global_claims.csv,registry_global_claims,6,product_project_leads,PREVIEW_SNAPSHOT,e0098aa25f0062f31f5c8f61c4cdc504ce7949b2338fa6c1ca89df571ac291c6,335,139,195,技術記錄鍵或產品／項目候選線索；候選不等於正式實體,PROPOSED_CONTEXT_REVIEW,build_semantic_catalog.py: explicit proposed glossary,REVIEW_REQUIRED,技術選型與後續查證,NOT_APPLICABLE,NOT_ESTABLISHED,,,UNKNOWN_NOT_APPLICABLE_OR_NOT_RECORDED; DO_NOT_IMPUTE_ZERO,UNASSIGNED,PROPOSED_NO_MEASURED_ROI
reports/2026-10-06/global_technology_iso249_b02/preview/Reference/tables/08_global_technology_iso249_20261006_b02/registry_global_claims.csv,registry_global_claims,7,product_leads_state,PREVIEW_SNAPSHOT,e0098aa25f0062f31f5c8f61c4cdc504ce7949b2338fa6c1ca89df571ac291c6,335,0,2,尚未完成欄位語義核實；需來源業務定義、單位、粒度與用途,UNRESOLVED,,REVIEW_REQUIRED,待資料負責人確認,UNKNOWN,NOT_ESTABLISHED,,,UNKNOWN_NOT_APPLICABLE_OR_NOT_RECORDED; DO_NOT_IMPUTE_ZERO,UNASSIGNED,PROPOSED_NO_MEASURED_ROI
reports/2026-10-06/global_technology_iso249_b02/preview/Reference/tables/08_global_technology_iso249_20261006_b02/registry_global_claims.csv,registry_global_claims,8,performance_state,PREVIEW_SNAPSHOT,e0098aa25f0062f31f5c8f61c4cdc504ce7949b2338fa6c1ca89df571ac291c6,335,0,1,性能主張或獨立性能驗證狀態；不是性能數值,PROPOSED_CONTEXT_REVIEW,build_semantic_catalog.py: explicit proposed glossary,REVIEW_REQUIRED,避免宣傳數字冒充測試,NOT_APPLICABLE,NOT_ESTABLISHED,,,UNKNOWN_NOT_APPLICABLE_OR_NOT_RECORDED; DO_NOT_IMPUTE_ZERO,UNASSIGNED,PROPOSED_NO_MEASURED_ROI
reports/2026-10-06/global_technology_iso249_b02/preview/Reference/tables/08_global_technology_iso249_20261006_b02/registry_global_claims.csv,registry_global_claims,9,deployment_state,PREVIEW_SNAPSHOT,e0098aa25f0062f31f5c8f61c4cdc504ce7949b2338fa6c1ca89df571ac291c6,335,0,1,部署證據狀態；產品存在不等於實際部署,PROPOSED_CONTEXT_REVIEW,build_semantic_catalog.py: explicit proposed glossary,REVIEW_REQUIRED,採用成熟度評估,NOT_APPLICABLE,NOT_ESTABLISHED,,,UNKNOWN_NOT_APPLICABLE_OR_NOT_RECORDED; DO_NOT_IMPUTE_ZERO,UNASSIGNED,PROPOSED_NO_MEASURED_ROI
reports/2026-10-06/global_technology_iso249_b02/preview/Reference/tables/08_global_technology_iso249_20261006_b02/registry_global_claims.csv,registry_global_claims,10,regulatory_state,PREVIEW_SNAPSHOT,e0098aa25f0062f31f5c8f61c4cdc504ce7949b2338fa6c1ca89df571ac291c6,335,0,1,監管狀態或其司法區；版次與日期需另定位,PROPOSED_CONTEXT_REVIEW,build_semantic_catalog.py: explicit proposed glossary,REVIEW_REQUIRED,臨床／採購條件評估,NOT_APPLICABLE,NOT_ESTABLISHED,,,UNKNOWN_NOT_APPLICABLE_OR_NOT_RECORDED; DO_NOT_IMPUTE_ZERO,UNASSIGNED,PROPOSED_NO_MEASURED_ROI
reports/2026-10-06/global_technology_iso249_b02/preview/Reference/tables/08_global_technology_iso249_20261006_b02/registry_global_claims.csv,registry_global_claims,11,source_id,PREVIEW_SNAPSHOT,e0098aa25f0062f31f5c8f61c4cdc504ce7949b2338fa6c1ca89df571ac291c6,335,7,328,來源登記鍵；僅指來源，不代表該來源全部說法已核實,PROPOSED_CONTEXT_REVIEW,build_semantic_catalog.py: explicit proposed glossary,REVIEW_REQUIRED,主張證據追溯,NOT_APPLICABLE,NOT_ESTABLISHED,,,UNKNOWN_NOT_APPLICABLE_OR_NOT_RECORDED; DO_NOT_IMPUTE_ZERO,UNASSIGNED,PROPOSED_NO_MEASURED_ROI
reports/2026-10-06/global_technology_iso249_b02/preview/Reference/tables/08_global_technology_iso249_20261006_b02/registry_global_claims.csv,registry_global_claims,12,reviewed_on,PREVIEW_SNAPSHOT,e0098aa25f0062f31f5c8f61c4cdc504ce7949b2338fa6c1ca89df571ac291c6,335,0,1,資料截至／檢查／審核／搜索／取得時間；各欄依操作分別解讀，時區不可猜,PROPOSED_CONTEXT_REVIEW,build_semantic_catalog.py: explicit proposed glossary,REVIEW_REQUIRED,新鮮度與審核時點,SOURCE_DATE_OR_TIMESTAMP,NOT_ESTABLISHED,,,UNKNOWN_NOT_APPLICABLE_OR_NOT_RECORDED; DO_NOT_IMPUTE_ZERO,UNASSIGNED,PROPOSED_NO_MEASURED_ROI
reports/2026-10-06/global_technology_iso249_b02/preview/Reference/tables/08_global_technology_iso249_20261006_b02/registry_global_claims.csv,registry_global_claims,13,origin_batch,PREVIEW_SNAPSHOT,e0098aa25f0062f31f5c8f61c4cdc504ce7949b2338fa6c1ca89df571ac291c6,335,0,3,資料首次引入或本次審核的批次標識；不同快照不能直接累加,PROPOSED_CONTEXT_REVIEW,build_semantic_catalog.py: explicit proposed glossary,REVIEW_REQUIRED,版本與批次去重,NOT_APPLICABLE,NOT_ESTABLISHED,,,UNKNOWN_NOT_APPLICABLE_OR_NOT_RECORDED; DO_NOT_IMPUTE_ZERO,UNASSIGNED,PROPOSED_NO_MEASURED_ROI
reports/2026-10-06/global_technology_iso249_b02/preview/Reference/tables/08_global_technology_iso249_20261006_b02/registry_global_organizations.csv,registry_global_organizations,1,entity_id,PREVIEW_SNAPSHOT,75eece57553558422c18fa29e0c0f612af97fd4f47f21debf29e2aea92228039,335,0,335,穩定內部實體識別鍵；命名空間及對象依所屬表，不以相似名稱自動合併,PROPOSED_CONTEXT_REVIEW,build_semantic_catalog.py: explicit proposed glossary,REVIEW_REQUIRED,跨表實體追溯,NOT_APPLICABLE,NOT_ESTABLISHED,,,UNKNOWN_NOT_APPLICABLE_OR_NOT_RECORDED; DO_NOT_IMPUTE_ZERO,UNASSIGNED,PROPOSED_NO_MEASURED_ROI
reports/2026-10-06/global_technology_iso249_b02/preview/Reference/tables/08_global_technology_iso249_20261006_b02/registry_global_organizations.csv,registry_global_organizations,2,display_name,PREVIEW_SNAPSHOT,75eece57553558422c18fa29e0c0f612af97fd4f47f21debf29e2aea92228039,335,0,335,尚未完成欄位語義核實；需來源業務定義、單位、粒度與用途,UNRESOLVED,,REVIEW_REQUIRED,待資料負責人確認,UNKNOWN,NOT_ESTABLISHED,,,UNKNOWN_NOT_APPLICABLE_OR_NOT_RECORDED; DO_NOT_IMPUTE_ZERO,UNASSIGNED,PROPOSED_NO_MEASURED_ROI
reports/2026-10-06/global_technology_iso249_b02/preview/Reference/tables/08_global_technology_iso249_20261006_b02/registry_global_organizations.csv,registry_global_organizations,3,entity_type,PREVIEW_SNAPSHOT,75eece57553558422c18fa29e0c0f612af97fd4f47f21debf29e2aea92228039,335,0,41,尚未完成欄位語義核實；需來源業務定義、單位、粒度與用途,UNRESOLVED,,REVIEW_REQUIRED,待資料負責人確認,UNKNOWN,NOT_ESTABLISHED,,,UNKNOWN_NOT_APPLICABLE_OR_NOT_RECORDED; DO_NOT_IMPUTE_ZERO,UNASSIGNED,PROPOSED_NO_MEASURED_ROI
reports/2026-10-06/global_technology_iso249_b02/preview/Reference/tables/08_global_technology_iso249_20261006_b02/registry_global_organizations.csv,registry_global_organizations,4,primary_domain,PREVIEW_SNAPSHOT,75eece57553558422c18fa29e0c0f612af97fd4f47f21debf29e2aea92228039,335,0,30,尚未完成欄位語義核實；需來源業務定義、單位、粒度與用途,UNRESOLVED,,REVIEW_REQUIRED,待資料負責人確認,UNKNOWN,NOT_ESTABLISHED,,,UNKNOWN_NOT_APPLICABLE_OR_NOT_RECORDED; DO_NOT_IMPUTE_ZERO,UNASSIGNED,PROPOSED_NO_MEASURED_ROI
reports/2026-10-06/global_technology_iso249_b02/preview/Reference/tables/08_global_technology_iso249_20261006_b02/registry_global_organizations.csv,registry_global_organizations,5,country_candidate_iso_alpha2,PREVIEW_SNAPSHOT,75eece57553558422c18fa29e0c0f612af97fd4f47f21debf29e2aea92228039,335,35,79,編輯候選國別關聯；不直接證明法律住所、部署國或國家能力,PROPOSED_CONTEXT_REVIEW,build_semantic_catalog.py: explicit proposed glossary,REVIEW_REQUIRED,國別查證候選,ISO_ALPHA2_CANDIDATE,NOT_ESTABLISHED,,,UNKNOWN_NOT_APPLICABLE_OR_NOT_RECORDED; DO_NOT_IMPUTE_ZERO,UNASSIGNED,PROPOSED_NO_MEASURED_ROI
reports/2026-10-06/global_technology_iso249_b02/preview/Reference/tables/08_global_technology_iso249_20261006_b02/registry_global_organizations.csv,registry_global_organizations,6,country_assignment_status,PREVIEW_SNAPSHOT,75eece57553558422c18fa29e0c0f612af97fd4f47f21debf29e2aea92228039,335,0,2,法人、住所或國別關係的獨立核實狀態；與機構存在不同,PROPOSED_CONTEXT_REVIEW,build_semantic_catalog.py: explicit proposed glossary,REVIEW_REQUIRED,法人與地理歸屬核實,NOT_APPLICABLE,NOT_ESTABLISHED,,,UNKNOWN_NOT_APPLICABLE_OR_NOT_RECORDED; DO_NOT_IMPUTE_ZERO,UNASSIGNED,PROPOSED_NO_MEASURED_ROI
reports/2026-10-06/global_technology_iso249_b02/preview/Reference/tables/08_global_technology_iso249_20261006_b02/registry_global_organizations.csv,registry_global_organizations,7,legal_entity_status,PREVIEW_SNAPSHOT,75eece57553558422c18fa29e0c0f612af97fd4f47f21debf29e2aea92228039,335,0,2,法人、住所或國別關係的獨立核實狀態；與機構存在不同,PROPOSED_CONTEXT_REVIEW,build_semantic_catalog.py: explicit proposed glossary,REVIEW_REQUIRED,法人與地理歸屬核實,NOT_APPLICABLE,NOT_ESTABLISHED,,,UNKNOWN_NOT_APPLICABLE_OR_NOT_RECORDED; DO_NOT_IMPUTE_ZERO,UNASSIGNED,PROPOSED_NO_MEASURED_ROI
reports/2026-10-06/global_technology_iso249_b02/preview/Reference/tables/08_global_technology_iso249_20261006_b02/registry_global_organizations.csv,registry_global_organizations,8,selection_status,PREVIEW_SNAPSHOT,75eece57553558422c18fa29e0c0f612af97fd4f47f21debf29e2aea92228039,335,0,3,尚未完成欄位語義核實；需來源業務定義、單位、粒度與用途,UNRESOLVED,,REVIEW_REQUIRED,待資料負責人確認,UNKNOWN,NOT_ESTABLISHED,,,UNKNOWN_NOT_APPLICABLE_OR_NOT_RECORDED; DO_NOT_IMPUTE_ZERO,UNASSIGNED,PROPOSED_NO_MEASURED_ROI
reports/2026-10-06/global_technology_iso249_b02/preview/Reference/tables/08_global_technology_iso249_20261006_b02/registry_global_organizations.csv,registry_global_organizations,9,source_id,PREVIEW_SNAPSHOT,75eece57553558422c18fa29e0c0f612af97fd4f47f21debf29e2aea92228039,335,7,328,來源登記鍵；僅指來源，不代表該來源全部說法已核實,PROPOSED_CONTEXT_REVIEW,build_semantic_catalog.py: explicit proposed glossary,REVIEW_REQUIRED,主張證據追溯,NOT_APPLICABLE,NOT_ESTABLISHED,,,UNKNOWN_NOT_APPLICABLE_OR_NOT_RECORDED; DO_NOT_IMPUTE_ZERO,UNASSIGNED,PROPOSED_NO_MEASURED_ROI
reports/2026-10-06/global_technology_iso249_b02/preview/Reference/tables/08_global_technology_iso249_20261006_b02/registry_global_organizations.csv,registry_global_organizations,10,as_of,PREVIEW_SNAPSHOT,75eece57553558422c18fa29e0c0f612af97fd4f47f21debf29e2aea92228039,335,0,1,資料截至／檢查／審核／搜索／取得時間；各欄依操作分別解讀，時區不可猜,PROPOSED_CONTEXT_REVIEW,build_semantic_catalog.py: explicit proposed glossary,REVIEW_REQUIRED,新鮮度與審核時點,SOURCE_DATE_OR_TIMESTAMP,NOT_ESTABLISHED,,,UNKNOWN_NOT_APPLICABLE_OR_NOT_RECORDED; DO_NOT_IMPUTE_ZERO,UNASSIGNED,PROPOSED_NO_MEASURED_ROI
reports/2026-10-06/global_technology_iso249_b02/preview/Reference/tables/08_global_technology_iso249_20261006_b02/registry_global_organizations.csv,registry_global_organizations,11,origin_batch,PREVIEW_SNAPSHOT,75eece57553558422c18fa29e0c0f612af97fd4f47f21debf29e2aea92228039,335,0,3,資料首次引入或本次審核的批次標識；不同快照不能直接累加,PROPOSED_CONTEXT_REVIEW,build_semantic_catalog.py: explicit proposed glossary,REVIEW_REQUIRED,版本與批次去重,NOT_APPLICABLE,NOT_ESTABLISHED,,,UNKNOWN_NOT_APPLICABLE_OR_NOT_RECORDED; DO_NOT_IMPUTE_ZERO,UNASSIGNED,PROPOSED_NO_MEASURED_ROI
reports/2026-10-06/global_technology_iso249_b02/preview/Reference/tables/08_global_technology_iso249_20261006_b02/registry_global_organizations.csv,registry_global_organizations,12,legal_domicile_state,PREVIEW_SNAPSHOT,75eece57553558422c18fa29e0c0f612af97fd4f47f21debf29e2aea92228039,335,0,1,法人、住所或國別關係的獨立核實狀態；與機構存在不同,PROPOSED_CONTEXT_REVIEW,build_semantic_catalog.py: explicit proposed glossary,REVIEW_REQUIRED,法人與地理歸屬核實,NOT_APPLICABLE,NOT_ESTABLISHED,,,UNKNOWN_NOT_APPLICABLE_OR_NOT_RECORDED; DO_NOT_IMPUTE_ZERO,UNASSIGNED,PROPOSED_NO_MEASURED_ROI
reports/2026-10-06/global_technology_iso249_b02/preview/Reference/tables/08_global_technology_iso249_20261006_b02/registry_global_organizations.csv,registry_global_organizations,13,world_frontier_rank_state,PREVIEW_SNAPSHOT,75eece57553558422c18fa29e0c0f612af97fd4f47f21debf29e2aea92228039,335,0,1,排名主張的核實狀態；先定義樣本、指標與比較協議,PROPOSED_CONTEXT_REVIEW,build_semantic_catalog.py: explicit proposed glossary,REVIEW_REQUIRED,比較口徑治理,NOT_APPLICABLE,NOT_ESTABLISHED,,,UNKNOWN_NOT_APPLICABLE_OR_NOT_RECORDED; DO_NOT_IMPUTE_ZERO,UNASSIGNED,PROPOSED_NO_MEASURED_ROI
reports/2026-10-06/global_technology_iso249_b02/preview/Reference/tables/08_global_technology_iso249_20261006_b02/registry_global_sources.csv,registry_global_sources,1,source_id,PREVIEW_SNAPSHOT,bb82b36eea370924e1d2e370a82c1ce5ef2bf9296b71fea54ad524a1a230a070,357,0,357,來源登記鍵；僅指來源，不代表該來源全部說法已核實,PROPOSED_CONTEXT_REVIEW,build_semantic_catalog.py: explicit proposed glossary,REVIEW_REQUIRED,主張證據追溯,NOT_APPLICABLE,NOT_ESTABLISHED,,,UNKNOWN_NOT_APPLICABLE_OR_NOT_RECORDED; DO_NOT_IMPUTE_ZERO,UNASSIGNED,PROPOSED_NO_MEASURED_ROI
reports/2026-10-06/global_technology_iso249_b02/preview/Reference/tables/08_global_technology_iso249_20261006_b02/registry_global_sources.csv,registry_global_sources,2,url,PREVIEW_SNAPSHOT,bb82b36eea370924e1d2e370a82c1ce5ef2bf9296b71fea54ad524a1a230a070,357,0,356,來源位址、檔案或行號；連結存在不代表內容可讀或支持主張,PROPOSED_CONTEXT_REVIEW,build_semantic_catalog.py: explicit proposed glossary,REVIEW_REQUIRED,證據定位,NOT_APPLICABLE,NOT_ESTABLISHED,,,UNKNOWN_NOT_APPLICABLE_OR_NOT_RECORDED; DO_NOT_IMPUTE_ZERO,UNASSIGNED,PROPOSED_NO_MEASURED_ROI
reports/2026-10-06/global_technology_iso249_b02/preview/Reference/tables/08_global_technology_iso249_20261006_b02/registry_global_sources.csv,registry_global_sources,3,supports,PREVIEW_SNAPSHOT,bb82b36eea370924e1d2e370a82c1ce5ef2bf9296b71fea54ad524a1a230a070,357,0,301,尚未完成欄位語義核實；需來源業務定義、單位、粒度與用途,UNRESOLVED,,REVIEW_REQUIRED,待資料負責人確認,UNKNOWN,NOT_ESTABLISHED,,,UNKNOWN_NOT_APPLICABLE_OR_NOT_RECORDED; DO_NOT_IMPUTE_ZERO,UNASSIGNED,PROPOSED_NO_MEASURED_ROI
reports/2026-10-06/global_technology_iso249_b02/preview/Reference/tables/08_global_technology_iso249_20261006_b02/registry_global_sources.csv,registry_global_sources,4,source_class,PREVIEW_SNAPSHOT,bb82b36eea370924e1d2e370a82c1ce5ef2bf9296b71fea54ad524a1a230a070,357,0,5,尚未完成欄位語義核實；需來源業務定義、單位、粒度與用途,UNRESOLVED,,REVIEW_REQUIRED,待資料負責人確認,UNKNOWN,NOT_ESTABLISHED,,,UNKNOWN_NOT_APPLICABLE_OR_NOT_RECORDED; DO_NOT_IMPUTE_ZERO,UNASSIGNED,PROPOSED_NO_MEASURED_ROI
reports/2026-10-06/global_technology_iso249_b02/preview/Reference/tables/08_global_technology_iso249_20261006_b02/registry_global_sources.csv,registry_global_sources,5,access_state,PREVIEW_SNAPSHOT,bb82b36eea370924e1d2e370a82c1ce5ef2bf9296b71fea54ad524a1a230a070,357,0,3,尚未完成欄位語義核實；需來源業務定義、單位、粒度與用途,UNRESOLVED,,REVIEW_REQUIRED,待資料負責人確認,UNKNOWN,NOT_ESTABLISHED,,,UNKNOWN_NOT_APPLICABLE_OR_NOT_RECORDED; DO_NOT_IMPUTE_ZERO,UNASSIGNED,PROPOSED_NO_MEASURED_ROI
reports/2026-10-06/global_technology_iso249_b02/preview/Reference/tables/08_global_technology_iso249_20261006_b02/registry_global_sources.csv,registry_global_sources,6,checked_on,PREVIEW_SNAPSHOT,bb82b36eea370924e1d2e370a82c1ce5ef2bf9296b71fea54ad524a1a230a070,357,79,1,資料截至／檢查／審核／搜索／取得時間；各欄依操作分別解讀，時區不可猜,PROPOSED_CONTEXT_REVIEW,build_semantic_catalog.py: explicit proposed glossary,REVIEW_REQUIRED,新鮮度與審核時點,SOURCE_DATE_OR_TIMESTAMP,NOT_ESTABLISHED,,,UNKNOWN_NOT_APPLICABLE_OR_NOT_RECORDED; DO_NOT_IMPUTE_ZERO,UNASSIGNED,PROPOSED_NO_MEASURED_ROI
reports/2026-10-06/global_technology_iso249_b02/preview/Reference/tables/08_global_technology_iso249_20261006_b02/registry_global_sources.csv,registry_global_sources,7,published_on,PREVIEW_SNAPSHOT,bb82b36eea370924e1d2e370a82c1ce5ef2bf9296b71fea54ad524a1a230a070,357,357,0,尚未完成欄位語義核實；需來源業務定義、單位、粒度與用途,UNRESOLVED,,REVIEW_REQUIRED,待資料負責人確認,UNKNOWN,NOT_ESTABLISHED,,,UNKNOWN_NOT_APPLICABLE_OR_NOT_RECORDED; DO_NOT_IMPUTE_ZERO,UNASSIGNED,PROPOSED_NO_MEASURED_ROI
reports/2026-10-06/global_technology_iso249_b02/preview/Reference/tables/08_global_technology_iso249_20261006_b02/registry_global_sources.csv,registry_global_sources,8,archive_state,PREVIEW_SNAPSHOT,bb82b36eea370924e1d2e370a82c1ce5ef2bf9296b71fea54ad524a1a230a070,357,0,1,尚未完成欄位語義核實；需來源業務定義、單位、粒度與用途,UNRESOLVED,,REVIEW_REQUIRED,待資料負責人確認,UNKNOWN,NOT_ESTABLISHED,,,UNKNOWN_NOT_APPLICABLE_OR_NOT_RECORDED; DO_NOT_IMPUTE_ZERO,UNASSIGNED,PROPOSED_NO_MEASURED_ROI
reports/2026-10-06/global_technology_iso249_b02/preview/Reference/tables/08_global_technology_iso249_20261006_b02/registry_global_sources.csv,registry_global_sources,9,license_state,PREVIEW_SNAPSHOT,bb82b36eea370924e1d2e370a82c1ce5ef2bf9296b71fea54ad524a1a230a070,357,0,1,授權審核狀態；需定位產品／資料／权重與版本,PROPOSED_CONTEXT_REVIEW,build_semantic_catalog.py: explicit proposed glossary,REVIEW_REQUIRED,用途准入,NOT_APPLICABLE,NOT_ESTABLISHED,,,UNKNOWN_NOT_APPLICABLE_OR_NOT_RECORDED; DO_NOT_IMPUTE_ZERO,UNASSIGNED,PROPOSED_NO_MEASURED_ROI
reports/2026-10-06/global_technology_iso249_b02/preview/Reference/tables/08_global_technology_iso249_20261006_b02/registry_global_sources.csv,registry_global_sources,10,origin_batch,PREVIEW_SNAPSHOT,bb82b36eea370924e1d2e370a82c1ce5ef2bf9296b71fea54ad524a1a230a070,357,0,3,資料首次引入或本次審核的批次標識；不同快照不能直接累加,PROPOSED_CONTEXT_REVIEW,build_semantic_catalog.py: explicit proposed glossary,REVIEW_REQUIRED,版本與批次去重,NOT_APPLICABLE,NOT_ESTABLISHED,,,UNKNOWN_NOT_APPLICABLE_OR_NOT_RECORDED; DO_NOT_IMPUTE_ZERO,UNASSIGNED,PROPOSED_NO_MEASURED_ROI
reports/2026-10-06/global_technology_iso249_b02/preview/Reference/tables/08_global_technology_iso249_20261006_b02/registry_neurotechnology_global.csv,registry_neurotechnology_global,1,neuro_id,PREVIEW_SNAPSHOT,68759bafbd7b59bda5c6c19110b9cabace445f51377cd1ea8785bd669e2753a9,16,0,16,尚未完成欄位語義核實；需來源業務定義、單位、粒度與用途,UNRESOLVED,,REVIEW_REQUIRED,待資料負責人確認,UNKNOWN,NOT_ESTABLISHED,,,UNKNOWN_NOT_APPLICABLE_OR_NOT_RECORDED; DO_NOT_IMPUTE_ZERO,UNASSIGNED,PROPOSED_NO_MEASURED_ROI
reports/2026-10-06/global_technology_iso249_b02/preview/Reference/tables/08_global_technology_iso249_20261006_b02/registry_neurotechnology_global.csv,registry_neurotechnology_global,2,entity_id,PREVIEW_SNAPSHOT,68759bafbd7b59bda5c6c19110b9cabace445f51377cd1ea8785bd669e2753a9,16,0,15,穩定內部實體識別鍵；命名空間及對象依所屬表，不以相似名稱自動合併,PROPOSED_CONTEXT_REVIEW,build_semantic_catalog.py: explicit proposed glossary,REVIEW_REQUIRED,跨表實體追溯,NOT_APPLICABLE,NOT_ESTABLISHED,,,UNKNOWN_NOT_APPLICABLE_OR_NOT_RECORDED; DO_NOT_IMPUTE_ZERO,UNASSIGNED,PROPOSED_NO_MEASURED_ROI
reports/2026-10-06/global_technology_iso249_b02/preview/Reference/tables/08_global_technology_iso249_20261006_b02/registry_neurotechnology_global.csv,registry_neurotechnology_global,3,project_name,PREVIEW_SNAPSHOT,68759bafbd7b59bda5c6c19110b9cabace445f51377cd1ea8785bd669e2753a9,16,0,16,尚未完成欄位語義核實；需來源業務定義、單位、粒度與用途,UNRESOLVED,,REVIEW_REQUIRED,待資料負責人確認,UNKNOWN,NOT_ESTABLISHED,,,UNKNOWN_NOT_APPLICABLE_OR_NOT_RECORDED; DO_NOT_IMPUTE_ZERO,UNASSIGNED,PROPOSED_NO_MEASURED_ROI
reports/2026-10-06/global_technology_iso249_b02/preview/Reference/tables/08_global_technology_iso249_20261006_b02/registry_neurotechnology_global.csv,registry_neurotechnology_global,4,country_candidate_iso_alpha2,PREVIEW_SNAPSHOT,68759bafbd7b59bda5c6c19110b9cabace445f51377cd1ea8785bd669e2753a9,16,0,8,編輯候選國別關聯；不直接證明法律住所、部署國或國家能力,PROPOSED_CONTEXT_REVIEW,build_semantic_catalog.py: explicit proposed glossary,REVIEW_REQUIRED,國別查證候選,ISO_ALPHA2_CANDIDATE,NOT_ESTABLISHED,,,UNKNOWN_NOT_APPLICABLE_OR_NOT_RECORDED; DO_NOT_IMPUTE_ZERO,UNASSIGNED,PROPOSED_NO_MEASURED_ROI
reports/2026-10-06/global_technology_iso249_b02/preview/Reference/tables/08_global_technology_iso249_20261006_b02/registry_neurotechnology_global.csv,registry_neurotechnology_global,5,country_relation_state,PREVIEW_SNAPSHOT,68759bafbd7b59bda5c6c19110b9cabace445f51377cd1ea8785bd669e2753a9,16,0,2,法人、住所或國別關係的獨立核實狀態；與機構存在不同,PROPOSED_CONTEXT_REVIEW,build_semantic_catalog.py: explicit proposed glossary,REVIEW_REQUIRED,法人與地理歸屬核實,NOT_APPLICABLE,NOT_ESTABLISHED,,,UNKNOWN_NOT_APPLICABLE_OR_NOT_RECORDED; DO_NOT_IMPUTE_ZERO,UNASSIGNED,PROPOSED_NO_MEASURED_ROI
reports/2026-10-06/global_technology_iso249_b02/preview/Reference/tables/08_global_technology_iso249_20261006_b02/registry_neurotechnology_global.csv,registry_neurotechnology_global,6,invasiveness,PREVIEW_SNAPSHOT,68759bafbd7b59bda5c6c19110b9cabace445f51377cd1ea8785bd669e2753a9,16,0,9,介面侵入性分類；需具體植入／介入部位與程序證據,PROPOSED_CONTEXT_REVIEW,build_semantic_catalog.py: explicit proposed glossary,REVIEW_REQUIRED,技術風險與成熟度,NOT_APPLICABLE,NOT_ESTABLISHED,,,UNKNOWN_NOT_APPLICABLE_OR_NOT_RECORDED; DO_NOT_IMPUTE_ZERO,UNASSIGNED,PROPOSED_NO_MEASURED_ROI
reports/2026-10-06/global_technology_iso249_b02/preview/Reference/tables/08_global_technology_iso249_20261006_b02/registry_neurotechnology_global.csv,registry_neurotechnology_global,7,modality,PREVIEW_SNAPSHOT,68759bafbd7b59bda5c6c19110b9cabace445f51377cd1ea8785bd669e2753a9,16,0,7,量測／刺激模態，例如 EEG、ECoG、微電極、fNIRS、TMS；不能等同功能證明,PROPOSED_CONTEXT_REVIEW,build_semantic_catalog.py: explicit proposed glossary,REVIEW_REQUIRED,技術分類,NOT_APPLICABLE,NOT_ESTABLISHED,,,UNKNOWN_NOT_APPLICABLE_OR_NOT_RECORDED; DO_NOT_IMPUTE_ZERO,UNASSIGNED,PROPOSED_NO_MEASURED_ROI
reports/2026-10-06/global_technology_iso249_b02/preview/Reference/tables/08_global_technology_iso249_20261006_b02/registry_neurotechnology_global.csv,registry_neurotechnology_global,8,signal_direction,PREVIEW_SNAPSHOT,68759bafbd7b59bda5c6c19110b9cabace445f51377cd1ea8785bd669e2753a9,16,0,8,讀取、寫入或雙向功能；需任務與人體／動物等條件,PROPOSED_CONTEXT_REVIEW,build_semantic_catalog.py: explicit proposed glossary,REVIEW_REQUIRED,能力方向比較,NOT_APPLICABLE,NOT_ESTABLISHED,,,UNKNOWN_NOT_APPLICABLE_OR_NOT_RECORDED; DO_NOT_IMPUTE_ZERO,UNASSIGNED,PROPOSED_NO_MEASURED_ROI
reports/2026-10-06/global_technology_iso249_b02/preview/Reference/tables/08_global_technology_iso249_20261006_b02/registry_neurotechnology_global.csv,registry_neurotechnology_global,9,direction_state,PREVIEW_SNAPSHOT,68759bafbd7b59bda5c6c19110b9cabace445f51377cd1ea8785bd669e2753a9,16,0,4,尚未完成欄位語義核實；需來源業務定義、單位、粒度與用途,UNRESOLVED,,REVIEW_REQUIRED,待資料負責人確認,UNKNOWN,NOT_ESTABLISHED,,,UNKNOWN_NOT_APPLICABLE_OR_NOT_RECORDED; DO_NOT_IMPUTE_ZERO,UNASSIGNED,PROPOSED_NO_MEASURED_ROI
reports/2026-10-06/global_technology_iso249_b02/preview/Reference/tables/08_global_technology_iso249_20261006_b02/registry_neurotechnology_global.csv,registry_neurotechnology_global,10,remote_state,PREVIEW_SNAPSHOT,68759bafbd7b59bda5c6c19110b9cabace445f51377cd1ea8785bd669e2753a9,16,0,3,遠端相關主張狀態；網路存取與距離腦訊號量測分別核實,PROPOSED_CONTEXT_REVIEW,build_semantic_catalog.py: explicit proposed glossary,REVIEW_REQUIRED,防止遠端概念混用,NOT_APPLICABLE,NOT_ESTABLISHED,,,UNKNOWN_NOT_APPLICABLE_OR_NOT_RECORDED; DO_NOT_IMPUTE_ZERO,UNASSIGNED,PROPOSED_NO_MEASURED_ROI
reports/2026-10-06/global_technology_iso249_b02/preview/Reference/tables/08_global_technology_iso249_20261006_b02/registry_neurotechnology_global.csv,registry_neurotechnology_global,11,information_bandwidth_bits_per_second,PREVIEW_SNAPSHOT,68759bafbd7b59bda5c6c19110b9cabace445f51377cd1ea8785bd669e2753a9,16,16,0,資訊帶寬測量值；需協議、任務、噪音、樣本與誤差，未公開留空,PROPOSED_CONTEXT_REVIEW,build_semantic_catalog.py: explicit proposed glossary,REVIEW_REQUIRED,可比較訊號傳輸能力,bits/s,NOT_ESTABLISHED,,,UNKNOWN_NOT_APPLICABLE_OR_NOT_RECORDED; DO_NOT_IMPUTE_ZERO,UNASSIGNED,PROPOSED_NO_MEASURED_ROI
reports/2026-10-06/global_technology_iso249_b02/preview/Reference/tables/08_global_technology_iso249_20261006_b02/registry_neurotechnology_global.csv,registry_neurotechnology_global,12,bandwidth_state,PREVIEW_SNAPSHOT,68759bafbd7b59bda5c6c19110b9cabace445f51377cd1ea8785bd669e2753a9,16,0,1,尚未完成欄位語義核實；需來源業務定義、單位、粒度與用途,UNRESOLVED,,REVIEW_REQUIRED,待資料負責人確認,UNKNOWN,NOT_ESTABLISHED,,,UNKNOWN_NOT_APPLICABLE_OR_NOT_RECORDED; DO_NOT_IMPUTE_ZERO,UNASSIGNED,PROPOSED_NO_MEASURED_ROI
reports/2026-10-06/global_technology_iso249_b02/preview/Reference/tables/08_global_technology_iso249_20261006_b02/registry_neurotechnology_global.csv,registry_neurotechnology_global,13,bandwidth_protocol,PREVIEW_SNAPSHOT,68759bafbd7b59bda5c6c19110b9cabace445f51377cd1ea8785bd669e2753a9,16,0,1,資訊帶寬測試協議或方法；沒有方法不能直接比較數值,PROPOSED_CONTEXT_REVIEW,build_semantic_catalog.py: explicit proposed glossary,REVIEW_REQUIRED,測量可重現,NOT_APPLICABLE,NOT_ESTABLISHED,,,UNKNOWN_NOT_APPLICABLE_OR_NOT_RECORDED; DO_NOT_IMPUTE_ZERO,UNASSIGNED,PROPOSED_NO_MEASURED_ROI
reports/2026-10-06/global_technology_iso249_b02/preview/Reference/tables/08_global_technology_iso249_20261006_b02/registry_neurotechnology_global.csv,registry_neurotechnology_global,14,human_trial_state,PREVIEW_SNAPSHOT,68759bafbd7b59bda5c6c19110b9cabace445f51377cd1ea8785bd669e2753a9,16,0,4,人體試驗證據、臨床階段或登記狀態；試驗登記不等於結果或許可,PROPOSED_CONTEXT_REVIEW,build_semantic_catalog.py: explicit proposed glossary,REVIEW_REQUIRED,臨床成熟度,NOT_APPLICABLE,NOT_ESTABLISHED,,,UNKNOWN_NOT_APPLICABLE_OR_NOT_RECORDED; DO_NOT_IMPUTE_ZERO,UNASSIGNED,PROPOSED_NO_MEASURED_ROI
reports/2026-10-06/global_technology_iso249_b02/preview/Reference/tables/08_global_technology_iso249_20261006_b02/registry_neurotechnology_global.csv,registry_neurotechnology_global,15,trial_ids,PREVIEW_SNAPSHOT,68759bafbd7b59bda5c6c19110b9cabace445f51377cd1ea8785bd669e2753a9,16,15,1,文獻、專利或試驗識別碼集合；取得識別碼不代表正文已審,PROPOSED_CONTEXT_REVIEW,build_semantic_catalog.py: explicit proposed glossary,REVIEW_REQUIRED,證據回溯,NOT_APPLICABLE,NOT_ESTABLISHED,,,UNKNOWN_NOT_APPLICABLE_OR_NOT_RECORDED; DO_NOT_IMPUTE_ZERO,UNASSIGNED,PROPOSED_NO_MEASURED_ROI
reports/2026-10-06/global_technology_iso249_b02/preview/Reference/tables/08_global_technology_iso249_20261006_b02/registry_neurotechnology_global.csv,registry_neurotechnology_global,16,trial_registry_status,PREVIEW_SNAPSHOT,68759bafbd7b59bda5c6c19110b9cabace445f51377cd1ea8785bd669e2753a9,16,0,1,人體試驗證據、臨床階段或登記狀態；試驗登記不等於結果或許可,PROPOSED_CONTEXT_REVIEW,build_semantic_catalog.py: explicit proposed glossary,REVIEW_REQUIRED,臨床成熟度,NOT_APPLICABLE,NOT_ESTABLISHED,,,UNKNOWN_NOT_APPLICABLE_OR_NOT_RECORDED; DO_NOT_IMPUTE_ZERO,UNASSIGNED,PROPOSED_NO_MEASURED_ROI
reports/2026-10-06/global_technology_iso249_b02/preview/Reference/tables/08_global_technology_iso249_20261006_b02/registry_neurotechnology_global.csv,registry_neurotechnology_global,17,clinical_phase,PREVIEW_SNAPSHOT,68759bafbd7b59bda5c6c19110b9cabace445f51377cd1ea8785bd669e2753a9,16,0,1,人體試驗證據、臨床階段或登記狀態；試驗登記不等於結果或許可,PROPOSED_CONTEXT_REVIEW,build_semantic_catalog.py: explicit proposed glossary,REVIEW_REQUIRED,臨床成熟度,NOT_APPLICABLE,NOT_ESTABLISHED,,,UNKNOWN_NOT_APPLICABLE_OR_NOT_RECORDED; DO_NOT_IMPUTE_ZERO,UNASSIGNED,PROPOSED_NO_MEASURED_ROI
reports/2026-10-06/global_technology_iso249_b02/preview/Reference/tables/08_global_technology_iso249_20261006_b02/registry_neurotechnology_global.csv,registry_neurotechnology_global,18,publication_ids,PREVIEW_SNAPSHOT,68759bafbd7b59bda5c6c19110b9cabace445f51377cd1ea8785bd669e2753a9,16,13,3,文獻、專利或試驗識別碼集合；取得識別碼不代表正文已審,PROPOSED_CONTEXT_REVIEW,build_semantic_catalog.py: explicit proposed glossary,REVIEW_REQUIRED,證據回溯,NOT_APPLICABLE,NOT_ESTABLISHED,,,UNKNOWN_NOT_APPLICABLE_OR_NOT_RECORDED; DO_NOT_IMPUTE_ZERO,UNASSIGNED,PROPOSED_NO_MEASURED_ROI
reports/2026-10-06/global_technology_iso249_b02/preview/Reference/tables/08_global_technology_iso249_20261006_b02/registry_neurotechnology_global.csv,registry_neurotechnology_global,19,publication_state,PREVIEW_SNAPSHOT,68759bafbd7b59bda5c6c19110b9cabace445f51377cd1ea8785bd669e2753a9,16,0,2,尚未完成欄位語義核實；需來源業務定義、單位、粒度與用途,UNRESOLVED,,REVIEW_REQUIRED,待資料負責人確認,UNKNOWN,NOT_ESTABLISHED,,,UNKNOWN_NOT_APPLICABLE_OR_NOT_RECORDED; DO_NOT_IMPUTE_ZERO,UNASSIGNED,PROPOSED_NO_MEASURED_ROI
reports/2026-10-06/global_technology_iso249_b02/preview/Reference/tables/08_global_technology_iso249_20261006_b02/registry_neurotechnology_global.csv,registry_neurotechnology_global,20,patent_ids,PREVIEW_SNAPSHOT,68759bafbd7b59bda5c6c19110b9cabace445f51377cd1ea8785bd669e2753a9,16,16,0,文獻、專利或試驗識別碼集合；取得識別碼不代表正文已審,PROPOSED_CONTEXT_REVIEW,build_semantic_catalog.py: explicit proposed glossary,REVIEW_REQUIRED,證據回溯,NOT_APPLICABLE,NOT_ESTABLISHED,,,UNKNOWN_NOT_APPLICABLE_OR_NOT_RECORDED; DO_NOT_IMPUTE_ZERO,UNASSIGNED,PROPOSED_NO_MEASURED_ROI
reports/2026-10-06/global_technology_iso249_b02/preview/Reference/tables/08_global_technology_iso249_20261006_b02/registry_neurotechnology_global.csv,registry_neurotechnology_global,21,patent_state,PREVIEW_SNAPSHOT,68759bafbd7b59bda5c6c19110b9cabace445f51377cd1ea8785bd669e2753a9,16,0,1,尚未完成欄位語義核實；需來源業務定義、單位、粒度與用途,UNRESOLVED,,REVIEW_REQUIRED,待資料負責人確認,UNKNOWN,NOT_ESTABLISHED,,,UNKNOWN_NOT_APPLICABLE_OR_NOT_RECORDED; DO_NOT_IMPUTE_ZERO,UNASSIGNED,PROPOSED_NO_MEASURED_ROI
reports/2026-10-06/global_technology_iso249_b02/preview/Reference/tables/08_global_technology_iso249_20261006_b02/registry_neurotechnology_global.csv,registry_neurotechnology_global,22,regulatory_state,PREVIEW_SNAPSHOT,68759bafbd7b59bda5c6c19110b9cabace445f51377cd1ea8785bd669e2753a9,16,0,3,監管狀態或其司法區；版次與日期需另定位,PROPOSED_CONTEXT_REVIEW,build_semantic_catalog.py: explicit proposed glossary,REVIEW_REQUIRED,臨床／採購條件評估,NOT_APPLICABLE,NOT_ESTABLISHED,,,UNKNOWN_NOT_APPLICABLE_OR_NOT_RECORDED; DO_NOT_IMPUTE_ZERO,UNASSIGNED,PROPOSED_NO_MEASURED_ROI
reports/2026-10-06/global_technology_iso249_b02/preview/Reference/tables/08_global_technology_iso249_20261006_b02/registry_neurotechnology_global.csv,registry_neurotechnology_global,23,regulatory_jurisdiction,PREVIEW_SNAPSHOT,68759bafbd7b59bda5c6c19110b9cabace445f51377cd1ea8785bd669e2753a9,16,0,2,監管狀態或其司法區；版次與日期需另定位,PROPOSED_CONTEXT_REVIEW,build_semantic_catalog.py: explicit proposed glossary,REVIEW_REQUIRED,臨床／採購條件評估,NOT_APPLICABLE,NOT_ESTABLISHED,,,UNKNOWN_NOT_APPLICABLE_OR_NOT_RECORDED; DO_NOT_IMPUTE_ZERO,UNASSIGNED,PROPOSED_NO_MEASURED_ROI
reports/2026-10-06/global_technology_iso249_b02/preview/Reference/tables/08_global_technology_iso249_20261006_b02/registry_neurotechnology_global.csv,registry_neurotechnology_global,24,N0_N7_level,PREVIEW_SNAPSHOT,68759bafbd7b59bda5c6c19110b9cabace445f51377cd1ea8785bd669e2753a9,16,0,1,國家能力或神經技術分級狀態；缺測試定義或證據維持 UNKNOWN,PROPOSED_CONTEXT_REVIEW,build_semantic_catalog.py: explicit proposed glossary,REVIEW_REQUIRED,防止無證據國別排名,NOT_APPLICABLE,NOT_ESTABLISHED,,,UNKNOWN_NOT_APPLICABLE_OR_NOT_RECORDED; DO_NOT_IMPUTE_ZERO,UNASSIGNED,PROPOSED_NO_MEASURED_ROI
reports/2026-10-06/global_technology_iso249_b02/preview/Reference/tables/08_global_technology_iso249_20261006_b02/registry_neurotechnology_global.csv,registry_neurotechnology_global,25,evidence_state,PREVIEW_SNAPSHOT,68759bafbd7b59bda5c6c19110b9cabace445f51377cd1ea8785bd669e2753a9,16,0,2,特定記錄或主張的證據狀態；VERIFIED 僅限可定位範圍,PROPOSED_CONTEXT_REVIEW,build_semantic_catalog.py: explicit proposed glossary,REVIEW_REQUIRED,隔離未知、宣稱與核實,NOT_APPLICABLE,NOT_ESTABLISHED,,,UNKNOWN_NOT_APPLICABLE_OR_NOT_RECORDED; DO_NOT_IMPUTE_ZERO,UNASSIGNED,PROPOSED_NO_MEASURED_ROI
reports/2026-10-06/global_technology_iso249_b02/preview/Reference/tables/08_global_technology_iso249_20261006_b02/registry_neurotechnology_global.csv,registry_neurotechnology_global,26,verification_scope,PREVIEW_SNAPSHOT,68759bafbd7b59bda5c6c19110b9cabace445f51377cd1ea8785bd669e2753a9,16,0,3,核實涵蓋的主張、條件與邊界；不把公開描述擴展成性能或部署證明,PROPOSED_CONTEXT_REVIEW,build_semantic_catalog.py: explicit proposed glossary,REVIEW_REQUIRED,限定決策可信範圍,NOT_APPLICABLE,NOT_ESTABLISHED,,,UNKNOWN_NOT_APPLICABLE_OR_NOT_RECORDED; DO_NOT_IMPUTE_ZERO,UNASSIGNED,PROPOSED_NO_MEASURED_ROI
reports/2026-10-06/global_technology_iso249_b02/preview/Reference/tables/08_global_technology_iso249_20261006_b02/registry_neurotechnology_global.csv,registry_neurotechnology_global,27,source_id,PREVIEW_SNAPSHOT,68759bafbd7b59bda5c6c19110b9cabace445f51377cd1ea8785bd669e2753a9,16,0,16,來源登記鍵；僅指來源，不代表該來源全部說法已核實,PROPOSED_CONTEXT_REVIEW,build_semantic_catalog.py: explicit proposed glossary,REVIEW_REQUIRED,主張證據追溯,NOT_APPLICABLE,NOT_ESTABLISHED,,,UNKNOWN_NOT_APPLICABLE_OR_NOT_RECORDED; DO_NOT_IMPUTE_ZERO,UNASSIGNED,PROPOSED_NO_MEASURED_ROI
reports/2026-10-06/global_technology_iso249_b02/preview/Reference/tables/08_global_technology_iso249_20261006_b02/registry_neurotechnology_global.csv,registry_neurotechnology_global,28,notes,PREVIEW_SNAPSHOT,68759bafbd7b59bda5c6c19110b9cabace445f51377cd1ea8785bd669e2753a9,16,0,6,尚未完成欄位語義核實；需來源業務定義、單位、粒度與用途,UNRESOLVED,,REVIEW_REQUIRED,待資料負責人確認,UNKNOWN,NOT_ESTABLISHED,,,UNKNOWN_NOT_APPLICABLE_OR_NOT_RECORDED; DO_NOT_IMPUTE_ZERO,UNASSIGNED,PROPOSED_NO_MEASURED_ROI
reports/2026-10-06/global_technology_iso249_b02/preview/Reference/tables/08_global_technology_iso249_20261006_b02/registry_neurotechnology_global.csv,registry_neurotechnology_global,29,as_of,PREVIEW_SNAPSHOT,68759bafbd7b59bda5c6c19110b9cabace445f51377cd1ea8785bd669e2753a9,16,0,1,資料截至／檢查／審核／搜索／取得時間；各欄依操作分別解讀，時區不可猜,PROPOSED_CONTEXT_REVIEW,build_semantic_catalog.py: explicit proposed glossary,REVIEW_REQUIRED,新鮮度與審核時點,SOURCE_DATE_OR_TIMESTAMP,NOT_ESTABLISHED,,,UNKNOWN_NOT_APPLICABLE_OR_NOT_RECORDED; DO_NOT_IMPUTE_ZERO,UNASSIGNED,PROPOSED_NO_MEASURED_ROI
reports/2026-10-06/global_technology_iso249_b02/preview/Reference/tables/08_global_technology_iso249_20261006_b02/registry_technology_metrics.csv,registry_technology_metrics,1,metric_id,PREVIEW_SNAPSHOT,25f0ee1fad2e78d8c77c76723db2ef7d8c3c558058c2570d9bbd764ca1f4d56c,6,0,6,尚未完成欄位語義核實；需來源業務定義、單位、粒度與用途,UNRESOLVED,,REVIEW_REQUIRED,待資料負責人確認,UNKNOWN,NOT_ESTABLISHED,,,UNKNOWN_NOT_APPLICABLE_OR_NOT_RECORDED; DO_NOT_IMPUTE_ZERO,UNASSIGNED,PROPOSED_NO_MEASURED_ROI
reports/2026-10-06/global_technology_iso249_b02/preview/Reference/tables/08_global_technology_iso249_20261006_b02/registry_technology_metrics.csv,registry_technology_metrics,2,technology_id,PREVIEW_SNAPSHOT,25f0ee1fad2e78d8c77c76723db2ef7d8c3c558058c2570d9bbd764ca1f4d56c,6,0,3,技術記錄鍵或產品／項目候選線索；候選不等於正式實體,PROPOSED_CONTEXT_REVIEW,build_semantic_catalog.py: explicit proposed glossary,REVIEW_REQUIRED,技術選型與後續查證,NOT_APPLICABLE,NOT_ESTABLISHED,,,UNKNOWN_NOT_APPLICABLE_OR_NOT_RECORDED; DO_NOT_IMPUTE_ZERO,UNASSIGNED,PROPOSED_NO_MEASURED_ROI
reports/2026-10-06/global_technology_iso249_b02/preview/Reference/tables/08_global_technology_iso249_20261006_b02/registry_technology_metrics.csv,registry_technology_metrics,3,entity_id,PREVIEW_SNAPSHOT,25f0ee1fad2e78d8c77c76723db2ef7d8c3c558058c2570d9bbd764ca1f4d56c,6,0,2,穩定內部實體識別鍵；命名空間及對象依所屬表，不以相似名稱自動合併,PROPOSED_CONTEXT_REVIEW,build_semantic_catalog.py: explicit proposed glossary,REVIEW_REQUIRED,跨表實體追溯,NOT_APPLICABLE,NOT_ESTABLISHED,,,UNKNOWN_NOT_APPLICABLE_OR_NOT_RECORDED; DO_NOT_IMPUTE_ZERO,UNASSIGNED,PROPOSED_NO_MEASURED_ROI
reports/2026-10-06/global_technology_iso249_b02/preview/Reference/tables/08_global_technology_iso249_20261006_b02/registry_technology_metrics.csv,registry_technology_metrics,4,metric_name,PREVIEW_SNAPSHOT,25f0ee1fad2e78d8c77c76723db2ef7d8c3c558058c2570d9bbd764ca1f4d56c,6,0,4,尚未完成欄位語義核實；需來源業務定義、單位、粒度與用途,UNRESOLVED,,REVIEW_REQUIRED,待資料負責人確認,UNKNOWN,NOT_ESTABLISHED,,,UNKNOWN_NOT_APPLICABLE_OR_NOT_RECORDED; DO_NOT_IMPUTE_ZERO,UNASSIGNED,PROPOSED_NO_MEASURED_ROI
reports/2026-10-06/global_technology_iso249_b02/preview/Reference/tables/08_global_technology_iso249_20261006_b02/registry_technology_metrics.csv,registry_technology_metrics,5,value,PREVIEW_SNAPSHOT,25f0ee1fad2e78d8c77c76723db2ef7d8c3c558058c2570d9bbd764ca1f4d56c,6,0,6,尚未完成欄位語義核實；需來源業務定義、單位、粒度與用途,UNRESOLVED,,REVIEW_REQUIRED,待資料負責人確認,UNKNOWN,NOT_ESTABLISHED,,,UNKNOWN_NOT_APPLICABLE_OR_NOT_RECORDED; DO_NOT_IMPUTE_ZERO,UNASSIGNED,PROPOSED_NO_MEASURED_ROI
reports/2026-10-06/global_technology_iso249_b02/preview/Reference/tables/08_global_technology_iso249_20261006_b02/registry_technology_metrics.csv,registry_technology_metrics,6,unit,PREVIEW_SNAPSHOT,25f0ee1fad2e78d8c77c76723db2ef7d8c3c558058c2570d9bbd764ca1f4d56c,6,0,3,值的單位；不能從欄名或數值大小猜測單位,PROPOSED_CONTEXT_REVIEW,build_semantic_catalog.py: explicit proposed glossary,REVIEW_REQUIRED,避免量綱錯誤,UNIT_LABEL,NOT_ESTABLISHED,,,UNKNOWN_NOT_APPLICABLE_OR_NOT_RECORDED; DO_NOT_IMPUTE_ZERO,UNASSIGNED,PROPOSED_NO_MEASURED_ROI
reports/2026-10-06/global_technology_iso249_b02/preview/Reference/tables/08_global_technology_iso249_20261006_b02/registry_technology_metrics.csv,registry_technology_metrics,7,statistic,PREVIEW_SNAPSHOT,25f0ee1fad2e78d8c77c76723db2ef7d8c3c558058c2570d9bbd764ca1f4d56c,6,0,4,尚未完成欄位語義核實；需來源業務定義、單位、粒度與用途,UNRESOLVED,,REVIEW_REQUIRED,待資料負責人確認,UNKNOWN,NOT_ESTABLISHED,,,UNKNOWN_NOT_APPLICABLE_OR_NOT_RECORDED; DO_NOT_IMPUTE_ZERO,UNASSIGNED,PROPOSED_NO_MEASURED_ROI
reports/2026-10-06/global_technology_iso249_b02/preview/Reference/tables/08_global_technology_iso249_20261006_b02/registry_technology_metrics.csv,registry_technology_metrics,8,participant_count,PREVIEW_SNAPSHOT,25f0ee1fad2e78d8c77c76723db2ef7d8c3c558058c2570d9bbd764ca1f4d56c,6,0,1,尚未完成欄位語義核實；需來源業務定義、單位、粒度與用途,UNRESOLVED,,REVIEW_REQUIRED,待資料負責人確認,UNKNOWN,NOT_ESTABLISHED,,,UNKNOWN_NOT_APPLICABLE_OR_NOT_RECORDED; DO_NOT_IMPUTE_ZERO,UNASSIGNED,PROPOSED_NO_MEASURED_ROI
reports/2026-10-06/global_technology_iso249_b02/preview/Reference/tables/08_global_technology_iso249_20261006_b02/registry_technology_metrics.csv,registry_technology_metrics,9,conditions,PREVIEW_SNAPSHOT,25f0ee1fad2e78d8c77c76723db2ef7d8c3c558058c2570d9bbd764ca1f4d56c,6,0,6,尚未完成欄位語義核實；需來源業務定義、單位、粒度與用途,UNRESOLVED,,REVIEW_REQUIRED,待資料負責人確認,UNKNOWN,NOT_ESTABLISHED,,,UNKNOWN_NOT_APPLICABLE_OR_NOT_RECORDED; DO_NOT_IMPUTE_ZERO,UNASSIGNED,PROPOSED_NO_MEASURED_ROI
reports/2026-10-06/global_technology_iso249_b02/preview/Reference/tables/08_global_technology_iso249_20261006_b02/registry_technology_metrics.csv,registry_technology_metrics,10,study_date,PREVIEW_SNAPSHOT,25f0ee1fad2e78d8c77c76723db2ef7d8c3c558058c2570d9bbd764ca1f4d56c,6,0,2,尚未完成欄位語義核實；需來源業務定義、單位、粒度與用途,UNRESOLVED,,REVIEW_REQUIRED,待資料負責人確認,UNKNOWN,NOT_ESTABLISHED,,,UNKNOWN_NOT_APPLICABLE_OR_NOT_RECORDED; DO_NOT_IMPUTE_ZERO,UNASSIGNED,PROPOSED_NO_MEASURED_ROI
reports/2026-10-06/global_technology_iso249_b02/preview/Reference/tables/08_global_technology_iso249_20261006_b02/registry_technology_metrics.csv,registry_technology_metrics,11,doi,PREVIEW_SNAPSHOT,25f0ee1fad2e78d8c77c76723db2ef7d8c3c558058c2570d9bbd764ca1f4d56c,6,0,3,尚未完成欄位語義核實；需來源業務定義、單位、粒度與用途,UNRESOLVED,,REVIEW_REQUIRED,待資料負責人確認,UNKNOWN,NOT_ESTABLISHED,,,UNKNOWN_NOT_APPLICABLE_OR_NOT_RECORDED; DO_NOT_IMPUTE_ZERO,UNASSIGNED,PROPOSED_NO_MEASURED_ROI
reports/2026-10-06/global_technology_iso249_b02/preview/Reference/tables/08_global_technology_iso249_20261006_b02/registry_technology_metrics.csv,registry_technology_metrics,12,evidence_state,PREVIEW_SNAPSHOT,25f0ee1fad2e78d8c77c76723db2ef7d8c3c558058c2570d9bbd764ca1f4d56c,6,0,1,特定記錄或主張的證據狀態；VERIFIED 僅限可定位範圍,PROPOSED_CONTEXT_REVIEW,build_semantic_catalog.py: explicit proposed glossary,REVIEW_REQUIRED,隔離未知、宣稱與核實,NOT_APPLICABLE,NOT_ESTABLISHED,,,UNKNOWN_NOT_APPLICABLE_OR_NOT_RECORDED; DO_NOT_IMPUTE_ZERO,UNASSIGNED,PROPOSED_NO_MEASURED_ROI
reports/2026-10-06/global_technology_iso249_b02/preview/Reference/tables/08_global_technology_iso249_20261006_b02/registry_technology_metrics.csv,registry_technology_metrics,13,verification_scope,PREVIEW_SNAPSHOT,25f0ee1fad2e78d8c77c76723db2ef7d8c3c558058c2570d9bbd764ca1f4d56c,6,0,1,核實涵蓋的主張、條件與邊界；不把公開描述擴展成性能或部署證明,PROPOSED_CONTEXT_REVIEW,build_semantic_catalog.py: explicit proposed glossary,REVIEW_REQUIRED,限定決策可信範圍,NOT_APPLICABLE,NOT_ESTABLISHED,,,UNKNOWN_NOT_APPLICABLE_OR_NOT_RECORDED; DO_NOT_IMPUTE_ZERO,UNASSIGNED,PROPOSED_NO_MEASURED_ROI
reports/2026-10-06/global_technology_iso249_b02/preview/Reference/tables/08_global_technology_iso249_20261006_b02/registry_technology_metrics.csv,registry_technology_metrics,14,source_id,PREVIEW_SNAPSHOT,25f0ee1fad2e78d8c77c76723db2ef7d8c3c558058c2570d9bbd764ca1f4d56c,6,0,3,來源登記鍵；僅指來源，不代表該來源全部說法已核實,PROPOSED_CONTEXT_REVIEW,build_semantic_catalog.py: explicit proposed glossary,REVIEW_REQUIRED,主張證據追溯,NOT_APPLICABLE,NOT_ESTABLISHED,,,UNKNOWN_NOT_APPLICABLE_OR_NOT_RECORDED; DO_NOT_IMPUTE_ZERO,UNASSIGNED,PROPOSED_NO_MEASURED_ROI
reports/2026-10-06/global_technology_iso249_b02/preview/Reference/tables/08_global_technology_iso249_20261006_b02/registry_technology_metrics.csv,registry_technology_metrics,15,information_bandwidth_state,PREVIEW_SNAPSHOT,25f0ee1fad2e78d8c77c76723db2ef7d8c3c558058c2570d9bbd764ca1f4d56c,6,0,1,尚未完成欄位語義核實；需來源業務定義、單位、粒度與用途,UNRESOLVED,,REVIEW_REQUIRED,待資料負責人確認,UNKNOWN,NOT_ESTABLISHED,,,UNKNOWN_NOT_APPLICABLE_OR_NOT_RECORDED; DO_NOT_IMPUTE_ZERO,UNASSIGNED,PROPOSED_NO_MEASURED_ROI
reports/2026-10-06/global_technology_iso249_b02/preview/Reference/tables/08_global_technology_iso249_20261006_b02/registry_technology_metrics.csv,registry_technology_metrics,16,general_population_state,PREVIEW_SNAPSHOT,25f0ee1fad2e78d8c77c76723db2ef7d8c3c558058c2570d9bbd764ca1f4d56c,6,0,1,尚未完成欄位語義核實；需來源業務定義、單位、粒度與用途,UNRESOLVED,,REVIEW_REQUIRED,待資料負責人確認,UNKNOWN,NOT_ESTABLISHED,,,UNKNOWN_NOT_APPLICABLE_OR_NOT_RECORDED; DO_NOT_IMPUTE_ZERO,UNASSIGNED,PROPOSED_NO_MEASURED_ROI
reports/2026-10-06/global_technology_iso249_b02/preview/Reference/tables/08_global_technology_iso249_20261006_b02/registry_technology_metrics.csv,registry_technology_metrics,17,world_record_state,PREVIEW_SNAPSHOT,25f0ee1fad2e78d8c77c76723db2ef7d8c3c558058c2570d9bbd764ca1f4d56c,6,0,1,尚未完成欄位語義核實；需來源業務定義、單位、粒度與用途,UNRESOLVED,,REVIEW_REQUIRED,待資料負責人確認,UNKNOWN,NOT_ESTABLISHED,,,UNKNOWN_NOT_APPLICABLE_OR_NOT_RECORDED; DO_NOT_IMPUTE_ZERO,UNASSIGNED,PROPOSED_NO_MEASURED_ROI
reports/2026-10-06/global_technology_iso249_b02/preview/Reference/tables/08_global_technology_iso249_20261006_b02/registry_technology_metrics.csv,registry_technology_metrics,18,reviewed_on,PREVIEW_SNAPSHOT,25f0ee1fad2e78d8c77c76723db2ef7d8c3c558058c2570d9bbd764ca1f4d56c,6,0,1,資料截至／檢查／審核／搜索／取得時間；各欄依操作分別解讀，時區不可猜,PROPOSED_CONTEXT_REVIEW,build_semantic_catalog.py: explicit proposed glossary,REVIEW_REQUIRED,新鮮度與審核時點,SOURCE_DATE_OR_TIMESTAMP,NOT_ESTABLISHED,,,UNKNOWN_NOT_APPLICABLE_OR_NOT_RECORDED; DO_NOT_IMPUTE_ZERO,UNASSIGNED,PROPOSED_NO_MEASURED_ROI
reports/2026-10-06/global_technology_iso249_b02/preview/Reference/tables/08_global_technology_iso249_20261006_b02/registry_technology_products_tools.csv,registry_technology_products_tools,1,technology_id,PREVIEW_SNAPSHOT,39a1e912d3552a17ab29ba23117533ae170237b51c3da0a73dac02c5cc1e8d36,54,0,54,技術記錄鍵或產品／項目候選線索；候選不等於正式實體,PROPOSED_CONTEXT_REVIEW,build_semantic_catalog.py: explicit proposed glossary,REVIEW_REQUIRED,技術選型與後續查證,NOT_APPLICABLE,NOT_ESTABLISHED,,,UNKNOWN_NOT_APPLICABLE_OR_NOT_RECORDED; DO_NOT_IMPUTE_ZERO,UNASSIGNED,PROPOSED_NO_MEASURED_ROI
reports/2026-10-06/global_technology_iso249_b02/preview/Reference/tables/08_global_technology_iso249_20261006_b02/registry_technology_products_tools.csv,registry_technology_products_tools,2,display_name,PREVIEW_SNAPSHOT,39a1e912d3552a17ab29ba23117533ae170237b51c3da0a73dac02c5cc1e8d36,54,0,54,尚未完成欄位語義核實；需來源業務定義、單位、粒度與用途,UNRESOLVED,,REVIEW_REQUIRED,待資料負責人確認,UNKNOWN,NOT_ESTABLISHED,,,UNKNOWN_NOT_APPLICABLE_OR_NOT_RECORDED; DO_NOT_IMPUTE_ZERO,UNASSIGNED,PROPOSED_NO_MEASURED_ROI
reports/2026-10-06/global_technology_iso249_b02/preview/Reference/tables/08_global_technology_iso249_20261006_b02/registry_technology_products_tools.csv,registry_technology_products_tools,3,record_type,PREVIEW_SNAPSHOT,39a1e912d3552a17ab29ba23117533ae170237b51c3da0a73dac02c5cc1e8d36,54,0,23,尚未完成欄位語義核實；需來源業務定義、單位、粒度與用途,UNRESOLVED,,REVIEW_REQUIRED,待資料負責人確認,UNKNOWN,NOT_ESTABLISHED,,,UNKNOWN_NOT_APPLICABLE_OR_NOT_RECORDED; DO_NOT_IMPUTE_ZERO,UNASSIGNED,PROPOSED_NO_MEASURED_ROI
reports/2026-10-06/global_technology_iso249_b02/preview/Reference/tables/08_global_technology_iso249_20261006_b02/registry_technology_products_tools.csv,registry_technology_products_tools,4,domain,PREVIEW_SNAPSHOT,39a1e912d3552a17ab29ba23117533ae170237b51c3da0a73dac02c5cc1e8d36,54,0,14,尚未完成欄位語義核實；需來源業務定義、單位、粒度與用途,UNRESOLVED,,REVIEW_REQUIRED,待資料負責人確認,UNKNOWN,NOT_ESTABLISHED,,,UNKNOWN_NOT_APPLICABLE_OR_NOT_RECORDED; DO_NOT_IMPUTE_ZERO,UNASSIGNED,PROPOSED_NO_MEASURED_ROI
reports/2026-10-06/global_technology_iso249_b02/preview/Reference/tables/08_global_technology_iso249_20261006_b02/registry_technology_products_tools.csv,registry_technology_products_tools,5,issuer_entity_id,PREVIEW_SNAPSHOT,39a1e912d3552a17ab29ba23117533ae170237b51c3da0a73dac02c5cc1e8d36,54,25,16,尚未完成欄位語義核實；需來源業務定義、單位、粒度與用途,UNRESOLVED,,REVIEW_REQUIRED,待資料負責人確認,UNKNOWN,NOT_ESTABLISHED,,,UNKNOWN_NOT_APPLICABLE_OR_NOT_RECORDED; DO_NOT_IMPUTE_ZERO,UNASSIGNED,PROPOSED_NO_MEASURED_ROI
reports/2026-10-06/global_technology_iso249_b02/preview/Reference/tables/08_global_technology_iso249_20261006_b02/registry_technology_products_tools.csv,registry_technology_products_tools,6,issuer_relation_state,PREVIEW_SNAPSHOT,39a1e912d3552a17ab29ba23117533ae170237b51c3da0a73dac02c5cc1e8d36,54,0,3,尚未完成欄位語義核實；需來源業務定義、單位、粒度與用途,UNRESOLVED,,REVIEW_REQUIRED,待資料負責人確認,UNKNOWN,NOT_ESTABLISHED,,,UNKNOWN_NOT_APPLICABLE_OR_NOT_RECORDED; DO_NOT_IMPUTE_ZERO,UNASSIGNED,PROPOSED_NO_MEASURED_ROI
reports/2026-10-06/global_technology_iso249_b02/preview/Reference/tables/08_global_technology_iso249_20261006_b02/registry_technology_products_tools.csv,registry_technology_products_tools,7,public_description,PREVIEW_SNAPSHOT,39a1e912d3552a17ab29ba23117533ae170237b51c3da0a73dac02c5cc1e8d36,54,0,52,尚未完成欄位語義核實；需來源業務定義、單位、粒度與用途,UNRESOLVED,,REVIEW_REQUIRED,待資料負責人確認,UNKNOWN,NOT_ESTABLISHED,,,UNKNOWN_NOT_APPLICABLE_OR_NOT_RECORDED; DO_NOT_IMPUTE_ZERO,UNASSIGNED,PROPOSED_NO_MEASURED_ROI
reports/2026-10-06/global_technology_iso249_b02/preview/Reference/tables/08_global_technology_iso249_20261006_b02/registry_technology_products_tools.csv,registry_technology_products_tools,8,evidence_state,PREVIEW_SNAPSHOT,39a1e912d3552a17ab29ba23117533ae170237b51c3da0a73dac02c5cc1e8d36,54,0,2,特定記錄或主張的證據狀態；VERIFIED 僅限可定位範圍,PROPOSED_CONTEXT_REVIEW,build_semantic_catalog.py: explicit proposed glossary,REVIEW_REQUIRED,隔離未知、宣稱與核實,NOT_APPLICABLE,NOT_ESTABLISHED,,,UNKNOWN_NOT_APPLICABLE_OR_NOT_RECORDED; DO_NOT_IMPUTE_ZERO,UNASSIGNED,PROPOSED_NO_MEASURED_ROI
reports/2026-10-06/global_technology_iso249_b02/preview/Reference/tables/08_global_technology_iso249_20261006_b02/registry_technology_products_tools.csv,registry_technology_products_tools,9,verification_scope,PREVIEW_SNAPSHOT,39a1e912d3552a17ab29ba23117533ae170237b51c3da0a73dac02c5cc1e8d36,54,0,3,核實涵蓋的主張、條件與邊界；不把公開描述擴展成性能或部署證明,PROPOSED_CONTEXT_REVIEW,build_semantic_catalog.py: explicit proposed glossary,REVIEW_REQUIRED,限定決策可信範圍,NOT_APPLICABLE,NOT_ESTABLISHED,,,UNKNOWN_NOT_APPLICABLE_OR_NOT_RECORDED; DO_NOT_IMPUTE_ZERO,UNASSIGNED,PROPOSED_NO_MEASURED_ROI
reports/2026-10-06/global_technology_iso249_b02/preview/Reference/tables/08_global_technology_iso249_20261006_b02/registry_technology_products_tools.csv,registry_technology_products_tools,10,source_id,PREVIEW_SNAPSHOT,39a1e912d3552a17ab29ba23117533ae170237b51c3da0a73dac02c5cc1e8d36,54,0,43,來源登記鍵；僅指來源，不代表該來源全部說法已核實,PROPOSED_CONTEXT_REVIEW,build_semantic_catalog.py: explicit proposed glossary,REVIEW_REQUIRED,主張證據追溯,NOT_APPLICABLE,NOT_ESTABLISHED,,,UNKNOWN_NOT_APPLICABLE_OR_NOT_RECORDED; DO_NOT_IMPUTE_ZERO,UNASSIGNED,PROPOSED_NO_MEASURED_ROI
reports/2026-10-06/global_technology_iso249_b02/preview/Reference/tables/08_global_technology_iso249_20261006_b02/registry_technology_products_tools.csv,registry_technology_products_tools,11,version_state,PREVIEW_SNAPSHOT,39a1e912d3552a17ab29ba23117533ae170237b51c3da0a73dac02c5cc1e8d36,54,0,1,尚未完成欄位語義核實；需來源業務定義、單位、粒度與用途,UNRESOLVED,,REVIEW_REQUIRED,待資料負責人確認,UNKNOWN,NOT_ESTABLISHED,,,UNKNOWN_NOT_APPLICABLE_OR_NOT_RECORDED; DO_NOT_IMPUTE_ZERO,UNASSIGNED,PROPOSED_NO_MEASURED_ROI
reports/2026-10-06/global_technology_iso249_b02/preview/Reference/tables/08_global_technology_iso249_20261006_b02/registry_technology_products_tools.csv,registry_technology_products_tools,12,license_state,PREVIEW_SNAPSHOT,39a1e912d3552a17ab29ba23117533ae170237b51c3da0a73dac02c5cc1e8d36,54,0,1,授權審核狀態；需定位產品／資料／权重與版本,PROPOSED_CONTEXT_REVIEW,build_semantic_catalog.py: explicit proposed glossary,REVIEW_REQUIRED,用途准入,NOT_APPLICABLE,NOT_ESTABLISHED,,,UNKNOWN_NOT_APPLICABLE_OR_NOT_RECORDED; DO_NOT_IMPUTE_ZERO,UNASSIGNED,PROPOSED_NO_MEASURED_ROI
reports/2026-10-06/global_technology_iso249_b02/preview/Reference/tables/08_global_technology_iso249_20261006_b02/registry_technology_products_tools.csv,registry_technology_products_tools,13,availability_state,PREVIEW_SNAPSHOT,39a1e912d3552a17ab29ba23117533ae170237b51c3da0a73dac02c5cc1e8d36,54,0,1,尚未完成欄位語義核實；需來源業務定義、單位、粒度與用途,UNRESOLVED,,REVIEW_REQUIRED,待資料負責人確認,UNKNOWN,NOT_ESTABLISHED,,,UNKNOWN_NOT_APPLICABLE_OR_NOT_RECORDED; DO_NOT_IMPUTE_ZERO,UNASSIGNED,PROPOSED_NO_MEASURED_ROI
reports/2026-10-06/global_technology_iso249_b02/preview/Reference/tables/08_global_technology_iso249_20261006_b02/registry_technology_products_tools.csv,registry_technology_products_tools,14,independent_performance_state,PREVIEW_SNAPSHOT,39a1e912d3552a17ab29ba23117533ae170237b51c3da0a73dac02c5cc1e8d36,54,0,2,性能主張或獨立性能驗證狀態；不是性能數值,PROPOSED_CONTEXT_REVIEW,build_semantic_catalog.py: explicit proposed glossary,REVIEW_REQUIRED,避免宣傳數字冒充測試,NOT_APPLICABLE,NOT_ESTABLISHED,,,UNKNOWN_NOT_APPLICABLE_OR_NOT_RECORDED; DO_NOT_IMPUTE_ZERO,UNASSIGNED,PROPOSED_NO_MEASURED_ROI
reports/2026-10-06/global_technology_iso249_b02/preview/Reference/tables/08_global_technology_iso249_20261006_b02/registry_technology_products_tools.csv,registry_technology_products_tools,15,global_rank_state,PREVIEW_SNAPSHOT,39a1e912d3552a17ab29ba23117533ae170237b51c3da0a73dac02c5cc1e8d36,54,0,1,排名主張的核實狀態；先定義樣本、指標與比較協議,PROPOSED_CONTEXT_REVIEW,build_semantic_catalog.py: explicit proposed glossary,REVIEW_REQUIRED,比較口徑治理,NOT_APPLICABLE,NOT_ESTABLISHED,,,UNKNOWN_NOT_APPLICABLE_OR_NOT_RECORDED; DO_NOT_IMPUTE_ZERO,UNASSIGNED,PROPOSED_NO_MEASURED_ROI
reports/2026-10-06/global_technology_iso249_b02/preview/Reference/tables/08_global_technology_iso249_20261006_b02/registry_technology_products_tools.csv,registry_technology_products_tools,16,regulatory_state,PREVIEW_SNAPSHOT,39a1e912d3552a17ab29ba23117533ae170237b51c3da0a73dac02c5cc1e8d36,54,0,2,監管狀態或其司法區；版次與日期需另定位,PROPOSED_CONTEXT_REVIEW,build_semantic_catalog.py: explicit proposed glossary,REVIEW_REQUIRED,臨床／採購條件評估,NOT_APPLICABLE,NOT_ESTABLISHED,,,UNKNOWN_NOT_APPLICABLE_OR_NOT_RECORDED; DO_NOT_IMPUTE_ZERO,UNASSIGNED,PROPOSED_NO_MEASURED_ROI
reports/2026-10-06/global_technology_iso249_b02/preview/Reference/tables/08_global_technology_iso249_20261006_b02/registry_technology_products_tools.csv,registry_technology_products_tools,17,as_of,PREVIEW_SNAPSHOT,39a1e912d3552a17ab29ba23117533ae170237b51c3da0a73dac02c5cc1e8d36,54,0,1,資料截至／檢查／審核／搜索／取得時間；各欄依操作分別解讀，時區不可猜,PROPOSED_CONTEXT_REVIEW,build_semantic_catalog.py: explicit proposed glossary,REVIEW_REQUIRED,新鮮度與審核時點,SOURCE_DATE_OR_TIMESTAMP,NOT_ESTABLISHED,,,UNKNOWN_NOT_APPLICABLE_OR_NOT_RECORDED; DO_NOT_IMPUTE_ZERO,UNASSIGNED,PROPOSED_NO_MEASURED_ROI
reports/2026-10-06/global_technology_iso249_b03/preview/Reference/tables/09_global_technology_iso249_20261006_b03/registry_country_entity_relations.csv,registry_country_entity_relations,1,relation_id,PREVIEW_SNAPSHOT,8238ac709f23dd4c7bc8e529038c10bec0b60dde277fffe450f805ba72a9749f,10,0,10,尚未完成欄位語義核實；需來源業務定義、單位、粒度與用途,UNRESOLVED,,REVIEW_REQUIRED,待資料負責人確認,UNKNOWN,NOT_ESTABLISHED,,,UNKNOWN_NOT_APPLICABLE_OR_NOT_RECORDED; DO_NOT_IMPUTE_ZERO,UNASSIGNED,PROPOSED_NO_MEASURED_ROI
reports/2026-10-06/global_technology_iso249_b03/preview/Reference/tables/09_global_technology_iso249_20261006_b03/registry_country_entity_relations.csv,registry_country_entity_relations,2,entity_id,PREVIEW_SNAPSHOT,8238ac709f23dd4c7bc8e529038c10bec0b60dde277fffe450f805ba72a9749f,10,0,9,穩定內部實體識別鍵；命名空間及對象依所屬表，不以相似名稱自動合併,PROPOSED_CONTEXT_REVIEW,build_semantic_catalog.py: explicit proposed glossary,REVIEW_REQUIRED,跨表實體追溯,NOT_APPLICABLE,NOT_ESTABLISHED,,,UNKNOWN_NOT_APPLICABLE_OR_NOT_RECORDED; DO_NOT_IMPUTE_ZERO,UNASSIGNED,PROPOSED_NO_MEASURED_ROI
reports/2026-10-06/global_technology_iso249_b03/preview/Reference/tables/09_global_technology_iso249_20261006_b03/registry_country_entity_relations.csv,registry_country_entity_relations,3,iso_alpha2,PREVIEW_SNAPSHOT,8238ac709f23dd4c7bc8e529038c10bec0b60dde277fffe450f805ba72a9749f,10,0,10,ISO 3166-1 alpha-2 國家／地區代碼；代碼版次與關係另記,PROPOSED_CONTEXT_REVIEW,build_semantic_catalog.py: explicit proposed glossary,REVIEW_REQUIRED,母表連結,ISO_ALPHA2,NOT_ESTABLISHED,,,UNKNOWN_NOT_APPLICABLE_OR_NOT_RECORDED; DO_NOT_IMPUTE_ZERO,UNASSIGNED,PROPOSED_NO_MEASURED_ROI
reports/2026-10-06/global_technology_iso249_b03/preview/Reference/tables/09_global_technology_iso249_20261006_b03/registry_country_entity_relations.csv,registry_country_entity_relations,4,relation_type,PREVIEW_SNAPSHOT,8238ac709f23dd4c7bc8e529038c10bec0b60dde277fffe450f805ba72a9749f,10,0,5,尚未完成欄位語義核實；需來源業務定義、單位、粒度與用途,UNRESOLVED,,REVIEW_REQUIRED,待資料負責人確認,UNKNOWN,NOT_ESTABLISHED,,,UNKNOWN_NOT_APPLICABLE_OR_NOT_RECORDED; DO_NOT_IMPUTE_ZERO,UNASSIGNED,PROPOSED_NO_MEASURED_ROI
reports/2026-10-06/global_technology_iso249_b03/preview/Reference/tables/09_global_technology_iso249_20261006_b03/registry_country_entity_relations.csv,registry_country_entity_relations,5,claim,PREVIEW_SNAPSHOT,8238ac709f23dd4c7bc8e529038c10bec0b60dde277fffe450f805ba72a9749f,10,0,9,一項待審或歷史主張的文字；與其證據狀態一起使用,PROPOSED_CONTEXT_REVIEW,build_semantic_catalog.py: explicit proposed glossary,REVIEW_REQUIRED,保存研究命題,NOT_APPLICABLE,NOT_ESTABLISHED,,,UNKNOWN_NOT_APPLICABLE_OR_NOT_RECORDED; DO_NOT_IMPUTE_ZERO,UNASSIGNED,PROPOSED_NO_MEASURED_ROI
reports/2026-10-06/global_technology_iso249_b03/preview/Reference/tables/09_global_technology_iso249_20261006_b03/registry_country_entity_relations.csv,registry_country_entity_relations,6,evidence_state,PREVIEW_SNAPSHOT,8238ac709f23dd4c7bc8e529038c10bec0b60dde277fffe450f805ba72a9749f,10,0,1,特定記錄或主張的證據狀態；VERIFIED 僅限可定位範圍,PROPOSED_CONTEXT_REVIEW,build_semantic_catalog.py: explicit proposed glossary,REVIEW_REQUIRED,隔離未知、宣稱與核實,NOT_APPLICABLE,NOT_ESTABLISHED,,,UNKNOWN_NOT_APPLICABLE_OR_NOT_RECORDED; DO_NOT_IMPUTE_ZERO,UNASSIGNED,PROPOSED_NO_MEASURED_ROI
reports/2026-10-06/global_technology_iso249_b03/preview/Reference/tables/09_global_technology_iso249_20261006_b03/registry_country_entity_relations.csv,registry_country_entity_relations,7,verification_scope,PREVIEW_SNAPSHOT,8238ac709f23dd4c7bc8e529038c10bec0b60dde277fffe450f805ba72a9749f,10,0,3,核實涵蓋的主張、條件與邊界；不把公開描述擴展成性能或部署證明,PROPOSED_CONTEXT_REVIEW,build_semantic_catalog.py: explicit proposed glossary,REVIEW_REQUIRED,限定決策可信範圍,NOT_APPLICABLE,NOT_ESTABLISHED,,,UNKNOWN_NOT_APPLICABLE_OR_NOT_RECORDED; DO_NOT_IMPUTE_ZERO,UNASSIGNED,PROPOSED_NO_MEASURED_ROI
reports/2026-10-06/global_technology_iso249_b03/preview/Reference/tables/09_global_technology_iso249_20261006_b03/registry_country_entity_relations.csv,registry_country_entity_relations,8,source_id,PREVIEW_SNAPSHOT,8238ac709f23dd4c7bc8e529038c10bec0b60dde277fffe450f805ba72a9749f,10,0,9,來源登記鍵；僅指來源，不代表該來源全部說法已核實,PROPOSED_CONTEXT_REVIEW,build_semantic_catalog.py: explicit proposed glossary,REVIEW_REQUIRED,主張證據追溯,NOT_APPLICABLE,NOT_ESTABLISHED,,,UNKNOWN_NOT_APPLICABLE_OR_NOT_RECORDED; DO_NOT_IMPUTE_ZERO,UNASSIGNED,PROPOSED_NO_MEASURED_ROI
reports/2026-10-06/global_technology_iso249_b03/preview/Reference/tables/09_global_technology_iso249_20261006_b03/registry_country_entity_relations.csv,registry_country_entity_relations,9,as_of,PREVIEW_SNAPSHOT,8238ac709f23dd4c7bc8e529038c10bec0b60dde277fffe450f805ba72a9749f,10,0,1,資料截至／檢查／審核／搜索／取得時間；各欄依操作分別解讀，時區不可猜,PROPOSED_CONTEXT_REVIEW,build_semantic_catalog.py: explicit proposed glossary,REVIEW_REQUIRED,新鮮度與審核時點,SOURCE_DATE_OR_TIMESTAMP,NOT_ESTABLISHED,,,UNKNOWN_NOT_APPLICABLE_OR_NOT_RECORDED; DO_NOT_IMPUTE_ZERO,UNASSIGNED,PROPOSED_NO_MEASURED_ROI
reports/2026-10-06/global_technology_iso249_b03/preview/Reference/tables/09_global_technology_iso249_20261006_b03/registry_country_technology_coverage.csv,registry_country_technology_coverage,1,iso_alpha2,PREVIEW_SNAPSHOT,76f6563ac1c1892ad72597dc56bcc5e1f4b392b8f40a4c99205d5854b7d97474,249,0,249,ISO 3166-1 alpha-2 國家／地區代碼；代碼版次與關係另記,PROPOSED_CONTEXT_REVIEW,build_semantic_catalog.py: explicit proposed glossary,REVIEW_REQUIRED,母表連結,ISO_ALPHA2,NOT_ESTABLISHED,,,UNKNOWN_NOT_APPLICABLE_OR_NOT_RECORDED; DO_NOT_IMPUTE_ZERO,UNASSIGNED,PROPOSED_NO_MEASURED_ROI
reports/2026-10-06/global_technology_iso249_b03/preview/Reference/tables/09_global_technology_iso249_20261006_b03/registry_country_technology_coverage.csv,registry_country_technology_coverage,2,name_en,PREVIEW_SNAPSHOT,76f6563ac1c1892ad72597dc56bcc5e1f4b392b8f40a4c99205d5854b7d97474,249,0,249,尚未完成欄位語義核實；需來源業務定義、單位、粒度與用途,UNRESOLVED,,REVIEW_REQUIRED,待資料負責人確認,UNKNOWN,NOT_ESTABLISHED,,,UNKNOWN_NOT_APPLICABLE_OR_NOT_RECORDED; DO_NOT_IMPUTE_ZERO,UNASSIGNED,PROPOSED_NO_MEASURED_ROI
reports/2026-10-06/global_technology_iso249_b03/preview/Reference/tables/09_global_technology_iso249_20261006_b03/registry_country_technology_coverage.csv,registry_country_technology_coverage,3,search_state,PREVIEW_SNAPSHOT,76f6563ac1c1892ad72597dc56bcc5e1f4b392b8f40a4c99205d5854b7d97474,249,0,1,搜索操作或研究完成狀態；不等於國家能力或完整母體覆蓋,PROPOSED_CONTEXT_REVIEW,build_semantic_catalog.py: explicit proposed glossary,REVIEW_REQUIRED,工作進度治理,NOT_APPLICABLE,NOT_ESTABLISHED,,,UNKNOWN_NOT_APPLICABLE_OR_NOT_RECORDED; DO_NOT_IMPUTE_ZERO,UNASSIGNED,PROPOSED_NO_MEASURED_ROI
reports/2026-10-06/global_technology_iso249_b03/preview/Reference/tables/09_global_technology_iso249_20261006_b03/registry_country_technology_coverage.csv,registry_country_technology_coverage,4,broad_queries_completed,PREVIEW_SNAPSHOT,76f6563ac1c1892ad72597dc56bcc5e1f4b392b8f40a4c99205d5854b7d97474,249,0,1,尚未完成欄位語義核實；需來源業務定義、單位、粒度與用途,UNRESOLVED,,REVIEW_REQUIRED,待資料負責人確認,UNKNOWN,NOT_ESTABLISHED,,,UNKNOWN_NOT_APPLICABLE_OR_NOT_RECORDED; DO_NOT_IMPUTE_ZERO,UNASSIGNED,PROPOSED_NO_MEASURED_ROI
reports/2026-10-06/global_technology_iso249_b03/preview/Reference/tables/09_global_technology_iso249_20261006_b03/registry_country_technology_coverage.csv,registry_country_technology_coverage,5,retry_count,PREVIEW_SNAPSHOT,76f6563ac1c1892ad72597dc56bcc5e1f4b392b8f40a4c99205d5854b7d97474,249,0,2,尚未完成欄位語義核實；需來源業務定義、單位、粒度與用途,UNRESOLVED,,REVIEW_REQUIRED,待資料負責人確認,UNKNOWN,NOT_ESTABLISHED,,,UNKNOWN_NOT_APPLICABLE_OR_NOT_RECORDED; DO_NOT_IMPUTE_ZERO,UNASSIGNED,PROPOSED_NO_MEASURED_ROI
reports/2026-10-06/global_technology_iso249_b03/preview/Reference/tables/09_global_technology_iso249_20261006_b03/registry_country_technology_coverage.csv,registry_country_technology_coverage,6,search_lead_count,PREVIEW_SNAPSHOT,76f6563ac1c1892ad72597dc56bcc5e1f4b392b8f40a4c99205d5854b7d97474,249,0,2,尚未完成欄位語義核實；需來源業務定義、單位、粒度與用途,UNRESOLVED,,REVIEW_REQUIRED,待資料負責人確認,UNKNOWN,NOT_ESTABLISHED,,,UNKNOWN_NOT_APPLICABLE_OR_NOT_RECORDED; DO_NOT_IMPUTE_ZERO,UNASSIGNED,PROPOSED_NO_MEASURED_ROI
reports/2026-10-06/global_technology_iso249_b03/preview/Reference/tables/09_global_technology_iso249_20261006_b03/registry_country_technology_coverage.csv,registry_country_technology_coverage,7,editorial_entity_candidate_count,PREVIEW_SNAPSHOT,76f6563ac1c1892ad72597dc56bcc5e1f4b392b8f40a4c99205d5854b7d97474,249,0,11,尚未完成欄位語義核實；需來源業務定義、單位、粒度與用途,UNRESOLVED,,REVIEW_REQUIRED,待資料負責人確認,UNKNOWN,NOT_ESTABLISHED,,,UNKNOWN_NOT_APPLICABLE_OR_NOT_RECORDED; DO_NOT_IMPUTE_ZERO,UNASSIGNED,PROPOSED_NO_MEASURED_ROI
reports/2026-10-06/global_technology_iso249_b03/preview/Reference/tables/09_global_technology_iso249_20261006_b03/registry_country_technology_coverage.csv,registry_country_technology_coverage,8,candidate_public_descriptions_verified,PREVIEW_SNAPSHOT,76f6563ac1c1892ad72597dc56bcc5e1f4b392b8f40a4c99205d5854b7d97474,249,0,11,尚未完成欄位語義核實；需來源業務定義、單位、粒度與用途,UNRESOLVED,,REVIEW_REQUIRED,待資料負責人確認,UNKNOWN,NOT_ESTABLISHED,,,UNKNOWN_NOT_APPLICABLE_OR_NOT_RECORDED; DO_NOT_IMPUTE_ZERO,UNASSIGNED,PROPOSED_NO_MEASURED_ROI
reports/2026-10-06/global_technology_iso249_b03/preview/Reference/tables/09_global_technology_iso249_20261006_b03/registry_country_technology_coverage.csv,registry_country_technology_coverage,9,country_relation_verified_count,PREVIEW_SNAPSHOT,76f6563ac1c1892ad72597dc56bcc5e1f4b392b8f40a4c99205d5854b7d97474,249,0,2,尚未完成欄位語義核實；需來源業務定義、單位、粒度與用途,UNRESOLVED,,REVIEW_REQUIRED,待資料負責人確認,UNKNOWN,NOT_ESTABLISHED,,,UNKNOWN_NOT_APPLICABLE_OR_NOT_RECORDED; DO_NOT_IMPUTE_ZERO,UNASSIGNED,PROPOSED_NO_MEASURED_ROI
reports/2026-10-06/global_technology_iso249_b03/preview/Reference/tables/09_global_technology_iso249_20261006_b03/registry_country_technology_coverage.csv,registry_country_technology_coverage,10,country_frontier_capability_state,PREVIEW_SNAPSHOT,76f6563ac1c1892ad72597dc56bcc5e1f4b392b8f40a4c99205d5854b7d97474,249,0,1,國家能力或神經技術分級狀態；缺測試定義或證據維持 UNKNOWN,PROPOSED_CONTEXT_REVIEW,build_semantic_catalog.py: explicit proposed glossary,REVIEW_REQUIRED,防止無證據國別排名,NOT_APPLICABLE,NOT_ESTABLISHED,,,UNKNOWN_NOT_APPLICABLE_OR_NOT_RECORDED; DO_NOT_IMPUTE_ZERO,UNASSIGNED,PROPOSED_NO_MEASURED_ROI
reports/2026-10-06/global_technology_iso249_b03/preview/Reference/tables/09_global_technology_iso249_20261006_b03/registry_country_technology_coverage.csv,registry_country_technology_coverage,11,N0_N7_level,PREVIEW_SNAPSHOT,76f6563ac1c1892ad72597dc56bcc5e1f4b392b8f40a4c99205d5854b7d97474,249,0,1,國家能力或神經技術分級狀態；缺測試定義或證據維持 UNKNOWN,PROPOSED_CONTEXT_REVIEW,build_semantic_catalog.py: explicit proposed glossary,REVIEW_REQUIRED,防止無證據國別排名,NOT_APPLICABLE,NOT_ESTABLISHED,,,UNKNOWN_NOT_APPLICABLE_OR_NOT_RECORDED; DO_NOT_IMPUTE_ZERO,UNASSIGNED,PROPOSED_NO_MEASURED_ROI
reports/2026-10-06/global_technology_iso249_b03/preview/Reference/tables/09_global_technology_iso249_20261006_b03/registry_country_technology_coverage.csv,registry_country_technology_coverage,12,research_completion_state,PREVIEW_SNAPSHOT,76f6563ac1c1892ad72597dc56bcc5e1f4b392b8f40a4c99205d5854b7d97474,249,0,1,搜索操作或研究完成狀態；不等於國家能力或完整母體覆蓋,PROPOSED_CONTEXT_REVIEW,build_semantic_catalog.py: explicit proposed glossary,REVIEW_REQUIRED,工作進度治理,NOT_APPLICABLE,NOT_ESTABLISHED,,,UNKNOWN_NOT_APPLICABLE_OR_NOT_RECORDED; DO_NOT_IMPUTE_ZERO,UNASSIGNED,PROPOSED_NO_MEASURED_ROI
reports/2026-10-06/global_technology_iso249_b03/preview/Reference/tables/09_global_technology_iso249_20261006_b03/registry_country_technology_coverage.csv,registry_country_technology_coverage,13,query,PREVIEW_SNAPSHOT,76f6563ac1c1892ad72597dc56bcc5e1f4b392b8f40a4c99205d5854b7d97474,249,0,249,搜索查詢或其提供方；搜索完成不等於世界普查完成,PROPOSED_CONTEXT_REVIEW,build_semantic_catalog.py: explicit proposed glossary,REVIEW_REQUIRED,搜索覆蓋可重現,NOT_APPLICABLE,NOT_ESTABLISHED,,,UNKNOWN_NOT_APPLICABLE_OR_NOT_RECORDED; DO_NOT_IMPUTE_ZERO,UNASSIGNED,PROPOSED_NO_MEASURED_ROI
reports/2026-10-06/global_technology_iso249_b03/preview/Reference/tables/09_global_technology_iso249_20261006_b03/registry_country_technology_coverage.csv,registry_country_technology_coverage,14,provider,PREVIEW_SNAPSHOT,76f6563ac1c1892ad72597dc56bcc5e1f4b392b8f40a4c99205d5854b7d97474,249,0,2,搜索查詢或其提供方；搜索完成不等於世界普查完成,PROPOSED_CONTEXT_REVIEW,build_semantic_catalog.py: explicit proposed glossary,REVIEW_REQUIRED,搜索覆蓋可重現,NOT_APPLICABLE,NOT_ESTABLISHED,,,UNKNOWN_NOT_APPLICABLE_OR_NOT_RECORDED; DO_NOT_IMPUTE_ZERO,UNASSIGNED,PROPOSED_NO_MEASURED_ROI
reports/2026-10-06/global_technology_iso249_b03/preview/Reference/tables/09_global_technology_iso249_20261006_b03/registry_country_technology_coverage.csv,registry_country_technology_coverage,15,searched_on,PREVIEW_SNAPSHOT,76f6563ac1c1892ad72597dc56bcc5e1f4b392b8f40a4c99205d5854b7d97474,249,0,1,資料截至／檢查／審核／搜索／取得時間；各欄依操作分別解讀，時區不可猜,PROPOSED_CONTEXT_REVIEW,build_semantic_catalog.py: explicit proposed glossary,REVIEW_REQUIRED,新鮮度與審核時點,SOURCE_DATE_OR_TIMESTAMP,NOT_ESTABLISHED,,,UNKNOWN_NOT_APPLICABLE_OR_NOT_RECORDED; DO_NOT_IMPUTE_ZERO,UNASSIGNED,PROPOSED_NO_MEASURED_ROI
reports/2026-10-06/global_technology_iso249_b03/preview/Reference/tables/09_global_technology_iso249_20261006_b03/registry_global_claims.csv,registry_global_claims,1,claim_id,PREVIEW_SNAPSHOT,7494e6e2064d7ee25d9a4514b7c62b980b6ab069ab21f18ffea2d593d91c821c,371,0,371,一項可定位主張的識別鍵；真偽與有效範圍另列,PROPOSED_CONTEXT_REVIEW,build_semantic_catalog.py: explicit proposed glossary,REVIEW_REQUIRED,主張審核與衝突管理,NOT_APPLICABLE,NOT_ESTABLISHED,,,UNKNOWN_NOT_APPLICABLE_OR_NOT_RECORDED; DO_NOT_IMPUTE_ZERO,UNASSIGNED,PROPOSED_NO_MEASURED_ROI
reports/2026-10-06/global_technology_iso249_b03/preview/Reference/tables/09_global_technology_iso249_20261006_b03/registry_global_claims.csv,registry_global_claims,2,entity_id,PREVIEW_SNAPSHOT,7494e6e2064d7ee25d9a4514b7c62b980b6ab069ab21f18ffea2d593d91c821c,371,0,371,穩定內部實體識別鍵；命名空間及對象依所屬表，不以相似名稱自動合併,PROPOSED_CONTEXT_REVIEW,build_semantic_catalog.py: explicit proposed glossary,REVIEW_REQUIRED,跨表實體追溯,NOT_APPLICABLE,NOT_ESTABLISHED,,,UNKNOWN_NOT_APPLICABLE_OR_NOT_RECORDED; DO_NOT_IMPUTE_ZERO,UNASSIGNED,PROPOSED_NO_MEASURED_ROI
reports/2026-10-06/global_technology_iso249_b03/preview/Reference/tables/09_global_technology_iso249_20261006_b03/registry_global_claims.csv,registry_global_claims,3,claim,PREVIEW_SNAPSHOT,7494e6e2064d7ee25d9a4514b7c62b980b6ab069ab21f18ffea2d593d91c821c,371,0,304,一項待審或歷史主張的文字；與其證據狀態一起使用,PROPOSED_CONTEXT_REVIEW,build_semantic_catalog.py: explicit proposed glossary,REVIEW_REQUIRED,保存研究命題,NOT_APPLICABLE,NOT_ESTABLISHED,,,UNKNOWN_NOT_APPLICABLE_OR_NOT_RECORDED; DO_NOT_IMPUTE_ZERO,UNASSIGNED,PROPOSED_NO_MEASURED_ROI
reports/2026-10-06/global_technology_iso249_b03/preview/Reference/tables/09_global_technology_iso249_20261006_b03/registry_global_claims.csv,registry_global_claims,4,evidence_state,PREVIEW_SNAPSHOT,7494e6e2064d7ee25d9a4514b7c62b980b6ab069ab21f18ffea2d593d91c821c,371,0,2,特定記錄或主張的證據狀態；VERIFIED 僅限可定位範圍,PROPOSED_CONTEXT_REVIEW,build_semantic_catalog.py: explicit proposed glossary,REVIEW_REQUIRED,隔離未知、宣稱與核實,NOT_APPLICABLE,NOT_ESTABLISHED,,,UNKNOWN_NOT_APPLICABLE_OR_NOT_RECORDED; DO_NOT_IMPUTE_ZERO,UNASSIGNED,PROPOSED_NO_MEASURED_ROI
reports/2026-10-06/global_technology_iso249_b03/preview/Reference/tables/09_global_technology_iso249_20261006_b03/registry_global_claims.csv,registry_global_claims,5,verification_scope,PREVIEW_SNAPSHOT,7494e6e2064d7ee25d9a4514b7c62b980b6ab069ab21f18ffea2d593d91c821c,371,0,4,核實涵蓋的主張、條件與邊界；不把公開描述擴展成性能或部署證明,PROPOSED_CONTEXT_REVIEW,build_semantic_catalog.py: explicit proposed glossary,REVIEW_REQUIRED,限定決策可信範圍,NOT_APPLICABLE,NOT_ESTABLISHED,,,UNKNOWN_NOT_APPLICABLE_OR_NOT_RECORDED; DO_NOT_IMPUTE_ZERO,UNASSIGNED,PROPOSED_NO_MEASURED_ROI
reports/2026-10-06/global_technology_iso249_b03/preview/Reference/tables/09_global_technology_iso249_20261006_b03/registry_global_claims.csv,registry_global_claims,6,product_project_leads,PREVIEW_SNAPSHOT,7494e6e2064d7ee25d9a4514b7c62b980b6ab069ab21f18ffea2d593d91c821c,371,175,195,技術記錄鍵或產品／項目候選線索；候選不等於正式實體,PROPOSED_CONTEXT_REVIEW,build_semantic_catalog.py: explicit proposed glossary,REVIEW_REQUIRED,技術選型與後續查證,NOT_APPLICABLE,NOT_ESTABLISHED,,,UNKNOWN_NOT_APPLICABLE_OR_NOT_RECORDED; DO_NOT_IMPUTE_ZERO,UNASSIGNED,PROPOSED_NO_MEASURED_ROI
reports/2026-10-06/global_technology_iso249_b03/preview/Reference/tables/09_global_technology_iso249_20261006_b03/registry_global_claims.csv,registry_global_claims,7,product_leads_state,PREVIEW_SNAPSHOT,7494e6e2064d7ee25d9a4514b7c62b980b6ab069ab21f18ffea2d593d91c821c,371,0,2,尚未完成欄位語義核實；需來源業務定義、單位、粒度與用途,UNRESOLVED,,REVIEW_REQUIRED,待資料負責人確認,UNKNOWN,NOT_ESTABLISHED,,,UNKNOWN_NOT_APPLICABLE_OR_NOT_RECORDED; DO_NOT_IMPUTE_ZERO,UNASSIGNED,PROPOSED_NO_MEASURED_ROI
reports/2026-10-06/global_technology_iso249_b03/preview/Reference/tables/09_global_technology_iso249_20261006_b03/registry_global_claims.csv,registry_global_claims,8,performance_state,PREVIEW_SNAPSHOT,7494e6e2064d7ee25d9a4514b7c62b980b6ab069ab21f18ffea2d593d91c821c,371,0,1,性能主張或獨立性能驗證狀態；不是性能數值,PROPOSED_CONTEXT_REVIEW,build_semantic_catalog.py: explicit proposed glossary,REVIEW_REQUIRED,避免宣傳數字冒充測試,NOT_APPLICABLE,NOT_ESTABLISHED,,,UNKNOWN_NOT_APPLICABLE_OR_NOT_RECORDED; DO_NOT_IMPUTE_ZERO,UNASSIGNED,PROPOSED_NO_MEASURED_ROI
reports/2026-10-06/global_technology_iso249_b03/preview/Reference/tables/09_global_technology_iso249_20261006_b03/registry_global_claims.csv,registry_global_claims,9,deployment_state,PREVIEW_SNAPSHOT,7494e6e2064d7ee25d9a4514b7c62b980b6ab069ab21f18ffea2d593d91c821c,371,0,1,部署證據狀態；產品存在不等於實際部署,PROPOSED_CONTEXT_REVIEW,build_semantic_catalog.py: explicit proposed glossary,REVIEW_REQUIRED,採用成熟度評估,NOT_APPLICABLE,NOT_ESTABLISHED,,,UNKNOWN_NOT_APPLICABLE_OR_NOT_RECORDED; DO_NOT_IMPUTE_ZERO,UNASSIGNED,PROPOSED_NO_MEASURED_ROI
reports/2026-10-06/global_technology_iso249_b03/preview/Reference/tables/09_global_technology_iso249_20261006_b03/registry_global_claims.csv,registry_global_claims,10,regulatory_state,PREVIEW_SNAPSHOT,7494e6e2064d7ee25d9a4514b7c62b980b6ab069ab21f18ffea2d593d91c821c,371,0,1,監管狀態或其司法區；版次與日期需另定位,PROPOSED_CONTEXT_REVIEW,build_semantic_catalog.py: explicit proposed glossary,REVIEW_REQUIRED,臨床／採購條件評估,NOT_APPLICABLE,NOT_ESTABLISHED,,,UNKNOWN_NOT_APPLICABLE_OR_NOT_RECORDED; DO_NOT_IMPUTE_ZERO,UNASSIGNED,PROPOSED_NO_MEASURED_ROI
reports/2026-10-06/global_technology_iso249_b03/preview/Reference/tables/09_global_technology_iso249_20261006_b03/registry_global_claims.csv,registry_global_claims,11,source_id,PREVIEW_SNAPSHOT,7494e6e2064d7ee25d9a4514b7c62b980b6ab069ab21f18ffea2d593d91c821c,371,7,364,來源登記鍵；僅指來源，不代表該來源全部說法已核實,PROPOSED_CONTEXT_REVIEW,build_semantic_catalog.py: explicit proposed glossary,REVIEW_REQUIRED,主張證據追溯,NOT_APPLICABLE,NOT_ESTABLISHED,,,UNKNOWN_NOT_APPLICABLE_OR_NOT_RECORDED; DO_NOT_IMPUTE_ZERO,UNASSIGNED,PROPOSED_NO_MEASURED_ROI
reports/2026-10-06/global_technology_iso249_b03/preview/Reference/tables/09_global_technology_iso249_20261006_b03/registry_global_claims.csv,registry_global_claims,12,reviewed_on,PREVIEW_SNAPSHOT,7494e6e2064d7ee25d9a4514b7c62b980b6ab069ab21f18ffea2d593d91c821c,371,0,1,資料截至／檢查／審核／搜索／取得時間；各欄依操作分別解讀，時區不可猜,PROPOSED_CONTEXT_REVIEW,build_semantic_catalog.py: explicit proposed glossary,REVIEW_REQUIRED,新鮮度與審核時點,SOURCE_DATE_OR_TIMESTAMP,NOT_ESTABLISHED,,,UNKNOWN_NOT_APPLICABLE_OR_NOT_RECORDED; DO_NOT_IMPUTE_ZERO,UNASSIGNED,PROPOSED_NO_MEASURED_ROI
reports/2026-10-06/global_technology_iso249_b03/preview/Reference/tables/09_global_technology_iso249_20261006_b03/registry_global_claims.csv,registry_global_claims,13,origin_batch,PREVIEW_SNAPSHOT,7494e6e2064d7ee25d9a4514b7c62b980b6ab069ab21f18ffea2d593d91c821c,371,0,4,資料首次引入或本次審核的批次標識；不同快照不能直接累加,PROPOSED_CONTEXT_REVIEW,build_semantic_catalog.py: explicit proposed glossary,REVIEW_REQUIRED,版本與批次去重,NOT_APPLICABLE,NOT_ESTABLISHED,,,UNKNOWN_NOT_APPLICABLE_OR_NOT_RECORDED; DO_NOT_IMPUTE_ZERO,UNASSIGNED,PROPOSED_NO_MEASURED_ROI
reports/2026-10-06/global_technology_iso249_b03/preview/Reference/tables/09_global_technology_iso249_20261006_b03/registry_global_organizations.csv,registry_global_organizations,1,entity_id,PREVIEW_SNAPSHOT,4f8ed43da97e6aabac4c3c550625ffcd1fd87688b61131290c56785e00df8b4e,371,0,371,穩定內部實體識別鍵；命名空間及對象依所屬表，不以相似名稱自動合併,PROPOSED_CONTEXT_REVIEW,build_semantic_catalog.py: explicit proposed glossary,REVIEW_REQUIRED,跨表實體追溯,NOT_APPLICABLE,NOT_ESTABLISHED,,,UNKNOWN_NOT_APPLICABLE_OR_NOT_RECORDED; DO_NOT_IMPUTE_ZERO,UNASSIGNED,PROPOSED_NO_MEASURED_ROI
reports/2026-10-06/global_technology_iso249_b03/preview/Reference/tables/09_global_technology_iso249_20261006_b03/registry_global_organizations.csv,registry_global_organizations,2,display_name,PREVIEW_SNAPSHOT,4f8ed43da97e6aabac4c3c550625ffcd1fd87688b61131290c56785e00df8b4e,371,0,371,尚未完成欄位語義核實；需來源業務定義、單位、粒度與用途,UNRESOLVED,,REVIEW_REQUIRED,待資料負責人確認,UNKNOWN,NOT_ESTABLISHED,,,UNKNOWN_NOT_APPLICABLE_OR_NOT_RECORDED; DO_NOT_IMPUTE_ZERO,UNASSIGNED,PROPOSED_NO_MEASURED_ROI
reports/2026-10-06/global_technology_iso249_b03/preview/Reference/tables/09_global_technology_iso249_20261006_b03/registry_global_organizations.csv,registry_global_organizations,3,entity_type,PREVIEW_SNAPSHOT,4f8ed43da97e6aabac4c3c550625ffcd1fd87688b61131290c56785e00df8b4e,371,0,45,尚未完成欄位語義核實；需來源業務定義、單位、粒度與用途,UNRESOLVED,,REVIEW_REQUIRED,待資料負責人確認,UNKNOWN,NOT_ESTABLISHED,,,UNKNOWN_NOT_APPLICABLE_OR_NOT_RECORDED; DO_NOT_IMPUTE_ZERO,UNASSIGNED,PROPOSED_NO_MEASURED_ROI
reports/2026-10-06/global_technology_iso249_b03/preview/Reference/tables/09_global_technology_iso249_20261006_b03/registry_global_organizations.csv,registry_global_organizations,4,primary_domain,PREVIEW_SNAPSHOT,4f8ed43da97e6aabac4c3c550625ffcd1fd87688b61131290c56785e00df8b4e,371,0,36,尚未完成欄位語義核實；需來源業務定義、單位、粒度與用途,UNRESOLVED,,REVIEW_REQUIRED,待資料負責人確認,UNKNOWN,NOT_ESTABLISHED,,,UNKNOWN_NOT_APPLICABLE_OR_NOT_RECORDED; DO_NOT_IMPUTE_ZERO,UNASSIGNED,PROPOSED_NO_MEASURED_ROI
reports/2026-10-06/global_technology_iso249_b03/preview/Reference/tables/09_global_technology_iso249_20261006_b03/registry_global_organizations.csv,registry_global_organizations,5,country_candidate_iso_alpha2,PREVIEW_SNAPSHOT,4f8ed43da97e6aabac4c3c550625ffcd1fd87688b61131290c56785e00df8b4e,371,36,108,編輯候選國別關聯；不直接證明法律住所、部署國或國家能力,PROPOSED_CONTEXT_REVIEW,build_semantic_catalog.py: explicit proposed glossary,REVIEW_REQUIRED,國別查證候選,ISO_ALPHA2_CANDIDATE,NOT_ESTABLISHED,,,UNKNOWN_NOT_APPLICABLE_OR_NOT_RECORDED; DO_NOT_IMPUTE_ZERO,UNASSIGNED,PROPOSED_NO_MEASURED_ROI
reports/2026-10-06/global_technology_iso249_b03/preview/Reference/tables/09_global_technology_iso249_20261006_b03/registry_global_organizations.csv,registry_global_organizations,6,country_assignment_status,PREVIEW_SNAPSHOT,4f8ed43da97e6aabac4c3c550625ffcd1fd87688b61131290c56785e00df8b4e,371,0,2,法人、住所或國別關係的獨立核實狀態；與機構存在不同,PROPOSED_CONTEXT_REVIEW,build_semantic_catalog.py: explicit proposed glossary,REVIEW_REQUIRED,法人與地理歸屬核實,NOT_APPLICABLE,NOT_ESTABLISHED,,,UNKNOWN_NOT_APPLICABLE_OR_NOT_RECORDED; DO_NOT_IMPUTE_ZERO,UNASSIGNED,PROPOSED_NO_MEASURED_ROI
reports/2026-10-06/global_technology_iso249_b03/preview/Reference/tables/09_global_technology_iso249_20261006_b03/registry_global_organizations.csv,registry_global_organizations,7,legal_entity_status,PREVIEW_SNAPSHOT,4f8ed43da97e6aabac4c3c550625ffcd1fd87688b61131290c56785e00df8b4e,371,0,2,法人、住所或國別關係的獨立核實狀態；與機構存在不同,PROPOSED_CONTEXT_REVIEW,build_semantic_catalog.py: explicit proposed glossary,REVIEW_REQUIRED,法人與地理歸屬核實,NOT_APPLICABLE,NOT_ESTABLISHED,,,UNKNOWN_NOT_APPLICABLE_OR_NOT_RECORDED; DO_NOT_IMPUTE_ZERO,UNASSIGNED,PROPOSED_NO_MEASURED_ROI
reports/2026-10-06/global_technology_iso249_b03/preview/Reference/tables/09_global_technology_iso249_20261006_b03/registry_global_organizations.csv,registry_global_organizations,8,selection_status,PREVIEW_SNAPSHOT,4f8ed43da97e6aabac4c3c550625ffcd1fd87688b61131290c56785e00df8b4e,371,0,5,尚未完成欄位語義核實；需來源業務定義、單位、粒度與用途,UNRESOLVED,,REVIEW_REQUIRED,待資料負責人確認,UNKNOWN,NOT_ESTABLISHED,,,UNKNOWN_NOT_APPLICABLE_OR_NOT_RECORDED; DO_NOT_IMPUTE_ZERO,UNASSIGNED,PROPOSED_NO_MEASURED_ROI
reports/2026-10-06/global_technology_iso249_b03/preview/Reference/tables/09_global_technology_iso249_20261006_b03/registry_global_organizations.csv,registry_global_organizations,9,source_id,PREVIEW_SNAPSHOT,4f8ed43da97e6aabac4c3c550625ffcd1fd87688b61131290c56785e00df8b4e,371,7,364,來源登記鍵；僅指來源，不代表該來源全部說法已核實,PROPOSED_CONTEXT_REVIEW,build_semantic_catalog.py: explicit proposed glossary,REVIEW_REQUIRED,主張證據追溯,NOT_APPLICABLE,NOT_ESTABLISHED,,,UNKNOWN_NOT_APPLICABLE_OR_NOT_RECORDED; DO_NOT_IMPUTE_ZERO,UNASSIGNED,PROPOSED_NO_MEASURED_ROI
reports/2026-10-06/global_technology_iso249_b03/preview/Reference/tables/09_global_technology_iso249_20261006_b03/registry_global_organizations.csv,registry_global_organizations,10,as_of,PREVIEW_SNAPSHOT,4f8ed43da97e6aabac4c3c550625ffcd1fd87688b61131290c56785e00df8b4e,371,0,1,資料截至／檢查／審核／搜索／取得時間；各欄依操作分別解讀，時區不可猜,PROPOSED_CONTEXT_REVIEW,build_semantic_catalog.py: explicit proposed glossary,REVIEW_REQUIRED,新鮮度與審核時點,SOURCE_DATE_OR_TIMESTAMP,NOT_ESTABLISHED,,,UNKNOWN_NOT_APPLICABLE_OR_NOT_RECORDED; DO_NOT_IMPUTE_ZERO,UNASSIGNED,PROPOSED_NO_MEASURED_ROI
reports/2026-10-06/global_technology_iso249_b03/preview/Reference/tables/09_global_technology_iso249_20261006_b03/registry_global_organizations.csv,registry_global_organizations,11,origin_batch,PREVIEW_SNAPSHOT,4f8ed43da97e6aabac4c3c550625ffcd1fd87688b61131290c56785e00df8b4e,371,0,4,資料首次引入或本次審核的批次標識；不同快照不能直接累加,PROPOSED_CONTEXT_REVIEW,build_semantic_catalog.py: explicit proposed glossary,REVIEW_REQUIRED,版本與批次去重,NOT_APPLICABLE,NOT_ESTABLISHED,,,UNKNOWN_NOT_APPLICABLE_OR_NOT_RECORDED; DO_NOT_IMPUTE_ZERO,UNASSIGNED,PROPOSED_NO_MEASURED_ROI
reports/2026-10-06/global_technology_iso249_b03/preview/Reference/tables/09_global_technology_iso249_20261006_b03/registry_global_organizations.csv,registry_global_organizations,12,legal_domicile_state,PREVIEW_SNAPSHOT,4f8ed43da97e6aabac4c3c550625ffcd1fd87688b61131290c56785e00df8b4e,371,0,1,法人、住所或國別關係的獨立核實狀態；與機構存在不同,PROPOSED_CONTEXT_REVIEW,build_semantic_catalog.py: explicit proposed glossary,REVIEW_REQUIRED,法人與地理歸屬核實,NOT_APPLICABLE,NOT_ESTABLISHED,,,UNKNOWN_NOT_APPLICABLE_OR_NOT_RECORDED; DO_NOT_IMPUTE_ZERO,UNASSIGNED,PROPOSED_NO_MEASURED_ROI
reports/2026-10-06/global_technology_iso249_b03/preview/Reference/tables/09_global_technology_iso249_20261006_b03/registry_global_organizations.csv,registry_global_organizations,13,world_frontier_rank_state,PREVIEW_SNAPSHOT,4f8ed43da97e6aabac4c3c550625ffcd1fd87688b61131290c56785e00df8b4e,371,0,1,排名主張的核實狀態；先定義樣本、指標與比較協議,PROPOSED_CONTEXT_REVIEW,build_semantic_catalog.py: explicit proposed glossary,REVIEW_REQUIRED,比較口徑治理,NOT_APPLICABLE,NOT_ESTABLISHED,,,UNKNOWN_NOT_APPLICABLE_OR_NOT_RECORDED; DO_NOT_IMPUTE_ZERO,UNASSIGNED,PROPOSED_NO_MEASURED_ROI
reports/2026-10-06/global_technology_iso249_b03/preview/Reference/tables/09_global_technology_iso249_20261006_b03/registry_global_sources.csv,registry_global_sources,1,source_id,PREVIEW_SNAPSHOT,469ea2bd66852fc84c2893a62de4da8c3e76f9024756b7f584e24072154be093,397,0,397,來源登記鍵；僅指來源，不代表該來源全部說法已核實,PROPOSED_CONTEXT_REVIEW,build_semantic_catalog.py: explicit proposed glossary,REVIEW_REQUIRED,主張證據追溯,NOT_APPLICABLE,NOT_ESTABLISHED,,,UNKNOWN_NOT_APPLICABLE_OR_NOT_RECORDED; DO_NOT_IMPUTE_ZERO,UNASSIGNED,PROPOSED_NO_MEASURED_ROI
reports/2026-10-06/global_technology_iso249_b03/preview/Reference/tables/09_global_technology_iso249_20261006_b03/registry_global_sources.csv,registry_global_sources,2,url,PREVIEW_SNAPSHOT,469ea2bd66852fc84c2893a62de4da8c3e76f9024756b7f584e24072154be093,397,0,396,來源位址、檔案或行號；連結存在不代表內容可讀或支持主張,PROPOSED_CONTEXT_REVIEW,build_semantic_catalog.py: explicit proposed glossary,REVIEW_REQUIRED,證據定位,NOT_APPLICABLE,NOT_ESTABLISHED,,,UNKNOWN_NOT_APPLICABLE_OR_NOT_RECORDED; DO_NOT_IMPUTE_ZERO,UNASSIGNED,PROPOSED_NO_MEASURED_ROI
reports/2026-10-06/global_technology_iso249_b03/preview/Reference/tables/09_global_technology_iso249_20261006_b03/registry_global_sources.csv,registry_global_sources,3,supports,PREVIEW_SNAPSHOT,469ea2bd66852fc84c2893a62de4da8c3e76f9024756b7f584e24072154be093,397,0,331,尚未完成欄位語義核實；需來源業務定義、單位、粒度與用途,UNRESOLVED,,REVIEW_REQUIRED,待資料負責人確認,UNKNOWN,NOT_ESTABLISHED,,,UNKNOWN_NOT_APPLICABLE_OR_NOT_RECORDED; DO_NOT_IMPUTE_ZERO,UNASSIGNED,PROPOSED_NO_MEASURED_ROI
reports/2026-10-06/global_technology_iso249_b03/preview/Reference/tables/09_global_technology_iso249_20261006_b03/registry_global_sources.csv,registry_global_sources,4,source_class,PREVIEW_SNAPSHOT,469ea2bd66852fc84c2893a62de4da8c3e76f9024756b7f584e24072154be093,397,0,5,尚未完成欄位語義核實；需來源業務定義、單位、粒度與用途,UNRESOLVED,,REVIEW_REQUIRED,待資料負責人確認,UNKNOWN,NOT_ESTABLISHED,,,UNKNOWN_NOT_APPLICABLE_OR_NOT_RECORDED; DO_NOT_IMPUTE_ZERO,UNASSIGNED,PROPOSED_NO_MEASURED_ROI
reports/2026-10-06/global_technology_iso249_b03/preview/Reference/tables/09_global_technology_iso249_20261006_b03/registry_global_sources.csv,registry_global_sources,5,access_state,PREVIEW_SNAPSHOT,469ea2bd66852fc84c2893a62de4da8c3e76f9024756b7f584e24072154be093,397,0,3,尚未完成欄位語義核實；需來源業務定義、單位、粒度與用途,UNRESOLVED,,REVIEW_REQUIRED,待資料負責人確認,UNKNOWN,NOT_ESTABLISHED,,,UNKNOWN_NOT_APPLICABLE_OR_NOT_RECORDED; DO_NOT_IMPUTE_ZERO,UNASSIGNED,PROPOSED_NO_MEASURED_ROI
reports/2026-10-06/global_technology_iso249_b03/preview/Reference/tables/09_global_technology_iso249_20261006_b03/registry_global_sources.csv,registry_global_sources,6,checked_on,PREVIEW_SNAPSHOT,469ea2bd66852fc84c2893a62de4da8c3e76f9024756b7f584e24072154be093,397,79,1,資料截至／檢查／審核／搜索／取得時間；各欄依操作分別解讀，時區不可猜,PROPOSED_CONTEXT_REVIEW,build_semantic_catalog.py: explicit proposed glossary,REVIEW_REQUIRED,新鮮度與審核時點,SOURCE_DATE_OR_TIMESTAMP,NOT_ESTABLISHED,,,UNKNOWN_NOT_APPLICABLE_OR_NOT_RECORDED; DO_NOT_IMPUTE_ZERO,UNASSIGNED,PROPOSED_NO_MEASURED_ROI
reports/2026-10-06/global_technology_iso249_b03/preview/Reference/tables/09_global_technology_iso249_20261006_b03/registry_global_sources.csv,registry_global_sources,7,published_on,PREVIEW_SNAPSHOT,469ea2bd66852fc84c2893a62de4da8c3e76f9024756b7f584e24072154be093,397,397,0,尚未完成欄位語義核實；需來源業務定義、單位、粒度與用途,UNRESOLVED,,REVIEW_REQUIRED,待資料負責人確認,UNKNOWN,NOT_ESTABLISHED,,,UNKNOWN_NOT_APPLICABLE_OR_NOT_RECORDED; DO_NOT_IMPUTE_ZERO,UNASSIGNED,PROPOSED_NO_MEASURED_ROI
reports/2026-10-06/global_technology_iso249_b03/preview/Reference/tables/09_global_technology_iso249_20261006_b03/registry_global_sources.csv,registry_global_sources,8,archive_state,PREVIEW_SNAPSHOT,469ea2bd66852fc84c2893a62de4da8c3e76f9024756b7f584e24072154be093,397,0,1,尚未完成欄位語義核實；需來源業務定義、單位、粒度與用途,UNRESOLVED,,REVIEW_REQUIRED,待資料負責人確認,UNKNOWN,NOT_ESTABLISHED,,,UNKNOWN_NOT_APPLICABLE_OR_NOT_RECORDED; DO_NOT_IMPUTE_ZERO,UNASSIGNED,PROPOSED_NO_MEASURED_ROI
reports/2026-10-06/global_technology_iso249_b03/preview/Reference/tables/09_global_technology_iso249_20261006_b03/registry_global_sources.csv,registry_global_sources,9,license_state,PREVIEW_SNAPSHOT,469ea2bd66852fc84c2893a62de4da8c3e76f9024756b7f584e24072154be093,397,0,1,授權審核狀態；需定位產品／資料／权重與版本,PROPOSED_CONTEXT_REVIEW,build_semantic_catalog.py: explicit proposed glossary,REVIEW_REQUIRED,用途准入,NOT_APPLICABLE,NOT_ESTABLISHED,,,UNKNOWN_NOT_APPLICABLE_OR_NOT_RECORDED; DO_NOT_IMPUTE_ZERO,UNASSIGNED,PROPOSED_NO_MEASURED_ROI
reports/2026-10-06/global_technology_iso249_b03/preview/Reference/tables/09_global_technology_iso249_20261006_b03/registry_global_sources.csv,registry_global_sources,10,origin_batch,PREVIEW_SNAPSHOT,469ea2bd66852fc84c2893a62de4da8c3e76f9024756b7f584e24072154be093,397,0,4,資料首次引入或本次審核的批次標識；不同快照不能直接累加,PROPOSED_CONTEXT_REVIEW,build_semantic_catalog.py: explicit proposed glossary,REVIEW_REQUIRED,版本與批次去重,NOT_APPLICABLE,NOT_ESTABLISHED,,,UNKNOWN_NOT_APPLICABLE_OR_NOT_RECORDED; DO_NOT_IMPUTE_ZERO,UNASSIGNED,PROPOSED_NO_MEASURED_ROI
reports/2026-10-06/global_technology_iso249_b03/preview/Reference/tables/09_global_technology_iso249_20261006_b03/registry_neurotechnology_global.csv,registry_neurotechnology_global,1,neuro_id,PREVIEW_SNAPSHOT,68759bafbd7b59bda5c6c19110b9cabace445f51377cd1ea8785bd669e2753a9,16,0,16,尚未完成欄位語義核實；需來源業務定義、單位、粒度與用途,UNRESOLVED,,REVIEW_REQUIRED,待資料負責人確認,UNKNOWN,NOT_ESTABLISHED,,,UNKNOWN_NOT_APPLICABLE_OR_NOT_RECORDED; DO_NOT_IMPUTE_ZERO,UNASSIGNED,PROPOSED_NO_MEASURED_ROI
reports/2026-10-06/global_technology_iso249_b03/preview/Reference/tables/09_global_technology_iso249_20261006_b03/registry_neurotechnology_global.csv,registry_neurotechnology_global,2,entity_id,PREVIEW_SNAPSHOT,68759bafbd7b59bda5c6c19110b9cabace445f51377cd1ea8785bd669e2753a9,16,0,15,穩定內部實體識別鍵；命名空間及對象依所屬表，不以相似名稱自動合併,PROPOSED_CONTEXT_REVIEW,build_semantic_catalog.py: explicit proposed glossary,REVIEW_REQUIRED,跨表實體追溯,NOT_APPLICABLE,NOT_ESTABLISHED,,,UNKNOWN_NOT_APPLICABLE_OR_NOT_RECORDED; DO_NOT_IMPUTE_ZERO,UNASSIGNED,PROPOSED_NO_MEASURED_ROI
reports/2026-10-06/global_technology_iso249_b03/preview/Reference/tables/09_global_technology_iso249_20261006_b03/registry_neurotechnology_global.csv,registry_neurotechnology_global,3,project_name,PREVIEW_SNAPSHOT,68759bafbd7b59bda5c6c19110b9cabace445f51377cd1ea8785bd669e2753a9,16,0,16,尚未完成欄位語義核實；需來源業務定義、單位、粒度與用途,UNRESOLVED,,REVIEW_REQUIRED,待資料負責人確認,UNKNOWN,NOT_ESTABLISHED,,,UNKNOWN_NOT_APPLICABLE_OR_NOT_RECORDED; DO_NOT_IMPUTE_ZERO,UNASSIGNED,PROPOSED_NO_MEASURED_ROI
reports/2026-10-06/global_technology_iso249_b03/preview/Reference/tables/09_global_technology_iso249_20261006_b03/registry_neurotechnology_global.csv,registry_neurotechnology_global,4,country_candidate_iso_alpha2,PREVIEW_SNAPSHOT,68759bafbd7b59bda5c6c19110b9cabace445f51377cd1ea8785bd669e2753a9,16,0,8,編輯候選國別關聯；不直接證明法律住所、部署國或國家能力,PROPOSED_CONTEXT_REVIEW,build_semantic_catalog.py: explicit proposed glossary,REVIEW_REQUIRED,國別查證候選,ISO_ALPHA2_CANDIDATE,NOT_ESTABLISHED,,,UNKNOWN_NOT_APPLICABLE_OR_NOT_RECORDED; DO_NOT_IMPUTE_ZERO,UNASSIGNED,PROPOSED_NO_MEASURED_ROI
reports/2026-10-06/global_technology_iso249_b03/preview/Reference/tables/09_global_technology_iso249_20261006_b03/registry_neurotechnology_global.csv,registry_neurotechnology_global,5,country_relation_state,PREVIEW_SNAPSHOT,68759bafbd7b59bda5c6c19110b9cabace445f51377cd1ea8785bd669e2753a9,16,0,2,法人、住所或國別關係的獨立核實狀態；與機構存在不同,PROPOSED_CONTEXT_REVIEW,build_semantic_catalog.py: explicit proposed glossary,REVIEW_REQUIRED,法人與地理歸屬核實,NOT_APPLICABLE,NOT_ESTABLISHED,,,UNKNOWN_NOT_APPLICABLE_OR_NOT_RECORDED; DO_NOT_IMPUTE_ZERO,UNASSIGNED,PROPOSED_NO_MEASURED_ROI
reports/2026-10-06/global_technology_iso249_b03/preview/Reference/tables/09_global_technology_iso249_20261006_b03/registry_neurotechnology_global.csv,registry_neurotechnology_global,6,invasiveness,PREVIEW_SNAPSHOT,68759bafbd7b59bda5c6c19110b9cabace445f51377cd1ea8785bd669e2753a9,16,0,9,介面侵入性分類；需具體植入／介入部位與程序證據,PROPOSED_CONTEXT_REVIEW,build_semantic_catalog.py: explicit proposed glossary,REVIEW_REQUIRED,技術風險與成熟度,NOT_APPLICABLE,NOT_ESTABLISHED,,,UNKNOWN_NOT_APPLICABLE_OR_NOT_RECORDED; DO_NOT_IMPUTE_ZERO,UNASSIGNED,PROPOSED_NO_MEASURED_ROI
reports/2026-10-06/global_technology_iso249_b03/preview/Reference/tables/09_global_technology_iso249_20261006_b03/registry_neurotechnology_global.csv,registry_neurotechnology_global,7,modality,PREVIEW_SNAPSHOT,68759bafbd7b59bda5c6c19110b9cabace445f51377cd1ea8785bd669e2753a9,16,0,7,量測／刺激模態，例如 EEG、ECoG、微電極、fNIRS、TMS；不能等同功能證明,PROPOSED_CONTEXT_REVIEW,build_semantic_catalog.py: explicit proposed glossary,REVIEW_REQUIRED,技術分類,NOT_APPLICABLE,NOT_ESTABLISHED,,,UNKNOWN_NOT_APPLICABLE_OR_NOT_RECORDED; DO_NOT_IMPUTE_ZERO,UNASSIGNED,PROPOSED_NO_MEASURED_ROI
reports/2026-10-06/global_technology_iso249_b03/preview/Reference/tables/09_global_technology_iso249_20261006_b03/registry_neurotechnology_global.csv,registry_neurotechnology_global,8,signal_direction,PREVIEW_SNAPSHOT,68759bafbd7b59bda5c6c19110b9cabace445f51377cd1ea8785bd669e2753a9,16,0,8,讀取、寫入或雙向功能；需任務與人體／動物等條件,PROPOSED_CONTEXT_REVIEW,build_semantic_catalog.py: explicit proposed glossary,REVIEW_REQUIRED,能力方向比較,NOT_APPLICABLE,NOT_ESTABLISHED,,,UNKNOWN_NOT_APPLICABLE_OR_NOT_RECORDED; DO_NOT_IMPUTE_ZERO,UNASSIGNED,PROPOSED_NO_MEASURED_ROI
reports/2026-10-06/global_technology_iso249_b03/preview/Reference/tables/09_global_technology_iso249_20261006_b03/registry_neurotechnology_global.csv,registry_neurotechnology_global,9,direction_state,PREVIEW_SNAPSHOT,68759bafbd7b59bda5c6c19110b9cabace445f51377cd1ea8785bd669e2753a9,16,0,4,尚未完成欄位語義核實；需來源業務定義、單位、粒度與用途,UNRESOLVED,,REVIEW_REQUIRED,待資料負責人確認,UNKNOWN,NOT_ESTABLISHED,,,UNKNOWN_NOT_APPLICABLE_OR_NOT_RECORDED; DO_NOT_IMPUTE_ZERO,UNASSIGNED,PROPOSED_NO_MEASURED_ROI
reports/2026-10-06/global_technology_iso249_b03/preview/Reference/tables/09_global_technology_iso249_20261006_b03/registry_neurotechnology_global.csv,registry_neurotechnology_global,10,remote_state,PREVIEW_SNAPSHOT,68759bafbd7b59bda5c6c19110b9cabace445f51377cd1ea8785bd669e2753a9,16,0,3,遠端相關主張狀態；網路存取與距離腦訊號量測分別核實,PROPOSED_CONTEXT_REVIEW,build_semantic_catalog.py: explicit proposed glossary,REVIEW_REQUIRED,防止遠端概念混用,NOT_APPLICABLE,NOT_ESTABLISHED,,,UNKNOWN_NOT_APPLICABLE_OR_NOT_RECORDED; DO_NOT_IMPUTE_ZERO,UNASSIGNED,PROPOSED_NO_MEASURED_ROI
reports/2026-10-06/global_technology_iso249_b03/preview/Reference/tables/09_global_technology_iso249_20261006_b03/registry_neurotechnology_global.csv,registry_neurotechnology_global,11,information_bandwidth_bits_per_second,PREVIEW_SNAPSHOT,68759bafbd7b59bda5c6c19110b9cabace445f51377cd1ea8785bd669e2753a9,16,16,0,資訊帶寬測量值；需協議、任務、噪音、樣本與誤差，未公開留空,PROPOSED_CONTEXT_REVIEW,build_semantic_catalog.py: explicit proposed glossary,REVIEW_REQUIRED,可比較訊號傳輸能力,bits/s,NOT_ESTABLISHED,,,UNKNOWN_NOT_APPLICABLE_OR_NOT_RECORDED; DO_NOT_IMPUTE_ZERO,UNASSIGNED,PROPOSED_NO_MEASURED_ROI
reports/2026-10-06/global_technology_iso249_b03/preview/Reference/tables/09_global_technology_iso249_20261006_b03/registry_neurotechnology_global.csv,registry_neurotechnology_global,12,bandwidth_state,PREVIEW_SNAPSHOT,68759bafbd7b59bda5c6c19110b9cabace445f51377cd1ea8785bd669e2753a9,16,0,1,尚未完成欄位語義核實；需來源業務定義、單位、粒度與用途,UNRESOLVED,,REVIEW_REQUIRED,待資料負責人確認,UNKNOWN,NOT_ESTABLISHED,,,UNKNOWN_NOT_APPLICABLE_OR_NOT_RECORDED; DO_NOT_IMPUTE_ZERO,UNASSIGNED,PROPOSED_NO_MEASURED_ROI
reports/2026-10-06/global_technology_iso249_b03/preview/Reference/tables/09_global_technology_iso249_20261006_b03/registry_neurotechnology_global.csv,registry_neurotechnology_global,13,bandwidth_protocol,PREVIEW_SNAPSHOT,68759bafbd7b59bda5c6c19110b9cabace445f51377cd1ea8785bd669e2753a9,16,0,1,資訊帶寬測試協議或方法；沒有方法不能直接比較數值,PROPOSED_CONTEXT_REVIEW,build_semantic_catalog.py: explicit proposed glossary,REVIEW_REQUIRED,測量可重現,NOT_APPLICABLE,NOT_ESTABLISHED,,,UNKNOWN_NOT_APPLICABLE_OR_NOT_RECORDED; DO_NOT_IMPUTE_ZERO,UNASSIGNED,PROPOSED_NO_MEASURED_ROI
reports/2026-10-06/global_technology_iso249_b03/preview/Reference/tables/09_global_technology_iso249_20261006_b03/registry_neurotechnology_global.csv,registry_neurotechnology_global,14,human_trial_state,PREVIEW_SNAPSHOT,68759bafbd7b59bda5c6c19110b9cabace445f51377cd1ea8785bd669e2753a9,16,0,4,人體試驗證據、臨床階段或登記狀態；試驗登記不等於結果或許可,PROPOSED_CONTEXT_REVIEW,build_semantic_catalog.py: explicit proposed glossary,REVIEW_REQUIRED,臨床成熟度,NOT_APPLICABLE,NOT_ESTABLISHED,,,UNKNOWN_NOT_APPLICABLE_OR_NOT_RECORDED; DO_NOT_IMPUTE_ZERO,UNASSIGNED,PROPOSED_NO_MEASURED_ROI
reports/2026-10-06/global_technology_iso249_b03/preview/Reference/tables/09_global_technology_iso249_20261006_b03/registry_neurotechnology_global.csv,registry_neurotechnology_global,15,trial_ids,PREVIEW_SNAPSHOT,68759bafbd7b59bda5c6c19110b9cabace445f51377cd1ea8785bd669e2753a9,16,15,1,文獻、專利或試驗識別碼集合；取得識別碼不代表正文已審,PROPOSED_CONTEXT_REVIEW,build_semantic_catalog.py: explicit proposed glossary,REVIEW_REQUIRED,證據回溯,NOT_APPLICABLE,NOT_ESTABLISHED,,,UNKNOWN_NOT_APPLICABLE_OR_NOT_RECORDED; DO_NOT_IMPUTE_ZERO,UNASSIGNED,PROPOSED_NO_MEASURED_ROI
reports/2026-10-06/global_technology_iso249_b03/preview/Reference/tables/09_global_technology_iso249_20261006_b03/registry_neurotechnology_global.csv,registry_neurotechnology_global,16,trial_registry_status,PREVIEW_SNAPSHOT,68759bafbd7b59bda5c6c19110b9cabace445f51377cd1ea8785bd669e2753a9,16,0,1,人體試驗證據、臨床階段或登記狀態；試驗登記不等於結果或許可,PROPOSED_CONTEXT_REVIEW,build_semantic_catalog.py: explicit proposed glossary,REVIEW_REQUIRED,臨床成熟度,NOT_APPLICABLE,NOT_ESTABLISHED,,,UNKNOWN_NOT_APPLICABLE_OR_NOT_RECORDED; DO_NOT_IMPUTE_ZERO,UNASSIGNED,PROPOSED_NO_MEASURED_ROI
reports/2026-10-06/global_technology_iso249_b03/preview/Reference/tables/09_global_technology_iso249_20261006_b03/registry_neurotechnology_global.csv,registry_neurotechnology_global,17,clinical_phase,PREVIEW_SNAPSHOT,68759bafbd7b59bda5c6c19110b9cabace445f51377cd1ea8785bd669e2753a9,16,0,1,人體試驗證據、臨床階段或登記狀態；試驗登記不等於結果或許可,PROPOSED_CONTEXT_REVIEW,build_semantic_catalog.py: explicit proposed glossary,REVIEW_REQUIRED,臨床成熟度,NOT_APPLICABLE,NOT_ESTABLISHED,,,UNKNOWN_NOT_APPLICABLE_OR_NOT_RECORDED; DO_NOT_IMPUTE_ZERO,UNASSIGNED,PROPOSED_NO_MEASURED_ROI
reports/2026-10-06/global_technology_iso249_b03/preview/Reference/tables/09_global_technology_iso249_20261006_b03/registry_neurotechnology_global.csv,registry_neurotechnology_global,18,publication_ids,PREVIEW_SNAPSHOT,68759bafbd7b59bda5c6c19110b9cabace445f51377cd1ea8785bd669e2753a9,16,13,3,文獻、專利或試驗識別碼集合；取得識別碼不代表正文已審,PROPOSED_CONTEXT_REVIEW,build_semantic_catalog.py: explicit proposed glossary,REVIEW_REQUIRED,證據回溯,NOT_APPLICABLE,NOT_ESTABLISHED,,,UNKNOWN_NOT_APPLICABLE_OR_NOT_RECORDED; DO_NOT_IMPUTE_ZERO,UNASSIGNED,PROPOSED_NO_MEASURED_ROI
reports/2026-10-06/global_technology_iso249_b03/preview/Reference/tables/09_global_technology_iso249_20261006_b03/registry_neurotechnology_global.csv,registry_neurotechnology_global,19,publication_state,PREVIEW_SNAPSHOT,68759bafbd7b59bda5c6c19110b9cabace445f51377cd1ea8785bd669e2753a9,16,0,2,尚未完成欄位語義核實；需來源業務定義、單位、粒度與用途,UNRESOLVED,,REVIEW_REQUIRED,待資料負責人確認,UNKNOWN,NOT_ESTABLISHED,,,UNKNOWN_NOT_APPLICABLE_OR_NOT_RECORDED; DO_NOT_IMPUTE_ZERO,UNASSIGNED,PROPOSED_NO_MEASURED_ROI
reports/2026-10-06/global_technology_iso249_b03/preview/Reference/tables/09_global_technology_iso249_20261006_b03/registry_neurotechnology_global.csv,registry_neurotechnology_global,20,patent_ids,PREVIEW_SNAPSHOT,68759bafbd7b59bda5c6c19110b9cabace445f51377cd1ea8785bd669e2753a9,16,16,0,文獻、專利或試驗識別碼集合；取得識別碼不代表正文已審,PROPOSED_CONTEXT_REVIEW,build_semantic_catalog.py: explicit proposed glossary,REVIEW_REQUIRED,證據回溯,NOT_APPLICABLE,NOT_ESTABLISHED,,,UNKNOWN_NOT_APPLICABLE_OR_NOT_RECORDED; DO_NOT_IMPUTE_ZERO,UNASSIGNED,PROPOSED_NO_MEASURED_ROI
reports/2026-10-06/global_technology_iso249_b03/preview/Reference/tables/09_global_technology_iso249_20261006_b03/registry_neurotechnology_global.csv,registry_neurotechnology_global,21,patent_state,PREVIEW_SNAPSHOT,68759bafbd7b59bda5c6c19110b9cabace445f51377cd1ea8785bd669e2753a9,16,0,1,尚未完成欄位語義核實；需來源業務定義、單位、粒度與用途,UNRESOLVED,,REVIEW_REQUIRED,待資料負責人確認,UNKNOWN,NOT_ESTABLISHED,,,UNKNOWN_NOT_APPLICABLE_OR_NOT_RECORDED; DO_NOT_IMPUTE_ZERO,UNASSIGNED,PROPOSED_NO_MEASURED_ROI
reports/2026-10-06/global_technology_iso249_b03/preview/Reference/tables/09_global_technology_iso249_20261006_b03/registry_neurotechnology_global.csv,registry_neurotechnology_global,22,regulatory_state,PREVIEW_SNAPSHOT,68759bafbd7b59bda5c6c19110b9cabace445f51377cd1ea8785bd669e2753a9,16,0,3,監管狀態或其司法區；版次與日期需另定位,PROPOSED_CONTEXT_REVIEW,build_semantic_catalog.py: explicit proposed glossary,REVIEW_REQUIRED,臨床／採購條件評估,NOT_APPLICABLE,NOT_ESTABLISHED,,,UNKNOWN_NOT_APPLICABLE_OR_NOT_RECORDED; DO_NOT_IMPUTE_ZERO,UNASSIGNED,PROPOSED_NO_MEASURED_ROI
reports/2026-10-06/global_technology_iso249_b03/preview/Reference/tables/09_global_technology_iso249_20261006_b03/registry_neurotechnology_global.csv,registry_neurotechnology_global,23,regulatory_jurisdiction,PREVIEW_SNAPSHOT,68759bafbd7b59bda5c6c19110b9cabace445f51377cd1ea8785bd669e2753a9,16,0,2,監管狀態或其司法區；版次與日期需另定位,PROPOSED_CONTEXT_REVIEW,build_semantic_catalog.py: explicit proposed glossary,REVIEW_REQUIRED,臨床／採購條件評估,NOT_APPLICABLE,NOT_ESTABLISHED,,,UNKNOWN_NOT_APPLICABLE_OR_NOT_RECORDED; DO_NOT_IMPUTE_ZERO,UNASSIGNED,PROPOSED_NO_MEASURED_ROI
reports/2026-10-06/global_technology_iso249_b03/preview/Reference/tables/09_global_technology_iso249_20261006_b03/registry_neurotechnology_global.csv,registry_neurotechnology_global,24,N0_N7_level,PREVIEW_SNAPSHOT,68759bafbd7b59bda5c6c19110b9cabace445f51377cd1ea8785bd669e2753a9,16,0,1,國家能力或神經技術分級狀態；缺測試定義或證據維持 UNKNOWN,PROPOSED_CONTEXT_REVIEW,build_semantic_catalog.py: explicit proposed glossary,REVIEW_REQUIRED,防止無證據國別排名,NOT_APPLICABLE,NOT_ESTABLISHED,,,UNKNOWN_NOT_APPLICABLE_OR_NOT_RECORDED; DO_NOT_IMPUTE_ZERO,UNASSIGNED,PROPOSED_NO_MEASURED_ROI
reports/2026-10-06/global_technology_iso249_b03/preview/Reference/tables/09_global_technology_iso249_20261006_b03/registry_neurotechnology_global.csv,registry_neurotechnology_global,25,evidence_state,PREVIEW_SNAPSHOT,68759bafbd7b59bda5c6c19110b9cabace445f51377cd1ea8785bd669e2753a9,16,0,2,特定記錄或主張的證據狀態；VERIFIED 僅限可定位範圍,PROPOSED_CONTEXT_REVIEW,build_semantic_catalog.py: explicit proposed glossary,REVIEW_REQUIRED,隔離未知、宣稱與核實,NOT_APPLICABLE,NOT_ESTABLISHED,,,UNKNOWN_NOT_APPLICABLE_OR_NOT_RECORDED; DO_NOT_IMPUTE_ZERO,UNASSIGNED,PROPOSED_NO_MEASURED_ROI
reports/2026-10-06/global_technology_iso249_b03/preview/Reference/tables/09_global_technology_iso249_20261006_b03/registry_neurotechnology_global.csv,registry_neurotechnology_global,26,verification_scope,PREVIEW_SNAPSHOT,68759bafbd7b59bda5c6c19110b9cabace445f51377cd1ea8785bd669e2753a9,16,0,3,核實涵蓋的主張、條件與邊界；不把公開描述擴展成性能或部署證明,PROPOSED_CONTEXT_REVIEW,build_semantic_catalog.py: explicit proposed glossary,REVIEW_REQUIRED,限定決策可信範圍,NOT_APPLICABLE,NOT_ESTABLISHED,,,UNKNOWN_NOT_APPLICABLE_OR_NOT_RECORDED; DO_NOT_IMPUTE_ZERO,UNASSIGNED,PROPOSED_NO_MEASURED_ROI
reports/2026-10-06/global_technology_iso249_b03/preview/Reference/tables/09_global_technology_iso249_20261006_b03/registry_neurotechnology_global.csv,registry_neurotechnology_global,27,source_id,PREVIEW_SNAPSHOT,68759bafbd7b59bda5c6c19110b9cabace445f51377cd1ea8785bd669e2753a9,16,0,16,來源登記鍵；僅指來源，不代表該來源全部說法已核實,PROPOSED_CONTEXT_REVIEW,build_semantic_catalog.py: explicit proposed glossary,REVIEW_REQUIRED,主張證據追溯,NOT_APPLICABLE,NOT_ESTABLISHED,,,UNKNOWN_NOT_APPLICABLE_OR_NOT_RECORDED; DO_NOT_IMPUTE_ZERO,UNASSIGNED,PROPOSED_NO_MEASURED_ROI
reports/2026-10-06/global_technology_iso249_b03/preview/Reference/tables/09_global_technology_iso249_20261006_b03/registry_neurotechnology_global.csv,registry_neurotechnology_global,28,notes,PREVIEW_SNAPSHOT,68759bafbd7b59bda5c6c19110b9cabace445f51377cd1ea8785bd669e2753a9,16,0,6,尚未完成欄位語義核實；需來源業務定義、單位、粒度與用途,UNRESOLVED,,REVIEW_REQUIRED,待資料負責人確認,UNKNOWN,NOT_ESTABLISHED,,,UNKNOWN_NOT_APPLICABLE_OR_NOT_RECORDED; DO_NOT_IMPUTE_ZERO,UNASSIGNED,PROPOSED_NO_MEASURED_ROI
reports/2026-10-06/global_technology_iso249_b03/preview/Reference/tables/09_global_technology_iso249_20261006_b03/registry_neurotechnology_global.csv,registry_neurotechnology_global,29,as_of,PREVIEW_SNAPSHOT,68759bafbd7b59bda5c6c19110b9cabace445f51377cd1ea8785bd669e2753a9,16,0,1,資料截至／檢查／審核／搜索／取得時間；各欄依操作分別解讀，時區不可猜,PROPOSED_CONTEXT_REVIEW,build_semantic_catalog.py: explicit proposed glossary,REVIEW_REQUIRED,新鮮度與審核時點,SOURCE_DATE_OR_TIMESTAMP,NOT_ESTABLISHED,,,UNKNOWN_NOT_APPLICABLE_OR_NOT_RECORDED; DO_NOT_IMPUTE_ZERO,UNASSIGNED,PROPOSED_NO_MEASURED_ROI
reports/2026-10-06/global_technology_iso249_b03/preview/Reference/tables/09_global_technology_iso249_20261006_b03/registry_technology_metrics.csv,registry_technology_metrics,1,metric_id,PREVIEW_SNAPSHOT,30bc50f30384b995c44f72bfc31d4e88c0fc11d700e8bffc28f257fc248a8f59,11,0,11,尚未完成欄位語義核實；需來源業務定義、單位、粒度與用途,UNRESOLVED,,REVIEW_REQUIRED,待資料負責人確認,UNKNOWN,NOT_ESTABLISHED,,,UNKNOWN_NOT_APPLICABLE_OR_NOT_RECORDED; DO_NOT_IMPUTE_ZERO,UNASSIGNED,PROPOSED_NO_MEASURED_ROI
reports/2026-10-06/global_technology_iso249_b03/preview/Reference/tables/09_global_technology_iso249_20261006_b03/registry_technology_metrics.csv,registry_technology_metrics,2,technology_id,PREVIEW_SNAPSHOT,30bc50f30384b995c44f72bfc31d4e88c0fc11d700e8bffc28f257fc248a8f59,11,0,6,技術記錄鍵或產品／項目候選線索；候選不等於正式實體,PROPOSED_CONTEXT_REVIEW,build_semantic_catalog.py: explicit proposed glossary,REVIEW_REQUIRED,技術選型與後續查證,NOT_APPLICABLE,NOT_ESTABLISHED,,,UNKNOWN_NOT_APPLICABLE_OR_NOT_RECORDED; DO_NOT_IMPUTE_ZERO,UNASSIGNED,PROPOSED_NO_MEASURED_ROI
reports/2026-10-06/global_technology_iso249_b03/preview/Reference/tables/09_global_technology_iso249_20261006_b03/registry_technology_metrics.csv,registry_technology_metrics,3,entity_id,PREVIEW_SNAPSHOT,30bc50f30384b995c44f72bfc31d4e88c0fc11d700e8bffc28f257fc248a8f59,11,0,4,穩定內部實體識別鍵；命名空間及對象依所屬表，不以相似名稱自動合併,PROPOSED_CONTEXT_REVIEW,build_semantic_catalog.py: explicit proposed glossary,REVIEW_REQUIRED,跨表實體追溯,NOT_APPLICABLE,NOT_ESTABLISHED,,,UNKNOWN_NOT_APPLICABLE_OR_NOT_RECORDED; DO_NOT_IMPUTE_ZERO,UNASSIGNED,PROPOSED_NO_MEASURED_ROI
reports/2026-10-06/global_technology_iso249_b03/preview/Reference/tables/09_global_technology_iso249_20261006_b03/registry_technology_metrics.csv,registry_technology_metrics,4,metric_name,PREVIEW_SNAPSHOT,30bc50f30384b995c44f72bfc31d4e88c0fc11d700e8bffc28f257fc248a8f59,11,0,9,尚未完成欄位語義核實；需來源業務定義、單位、粒度與用途,UNRESOLVED,,REVIEW_REQUIRED,待資料負責人確認,UNKNOWN,NOT_ESTABLISHED,,,UNKNOWN_NOT_APPLICABLE_OR_NOT_RECORDED; DO_NOT_IMPUTE_ZERO,UNASSIGNED,PROPOSED_NO_MEASURED_ROI
reports/2026-10-06/global_technology_iso249_b03/preview/Reference/tables/09_global_technology_iso249_20261006_b03/registry_technology_metrics.csv,registry_technology_metrics,5,value,PREVIEW_SNAPSHOT,30bc50f30384b995c44f72bfc31d4e88c0fc11d700e8bffc28f257fc248a8f59,11,0,11,尚未完成欄位語義核實；需來源業務定義、單位、粒度與用途,UNRESOLVED,,REVIEW_REQUIRED,待資料負責人確認,UNKNOWN,NOT_ESTABLISHED,,,UNKNOWN_NOT_APPLICABLE_OR_NOT_RECORDED; DO_NOT_IMPUTE_ZERO,UNASSIGNED,PROPOSED_NO_MEASURED_ROI
reports/2026-10-06/global_technology_iso249_b03/preview/Reference/tables/09_global_technology_iso249_20261006_b03/registry_technology_metrics.csv,registry_technology_metrics,6,unit,PREVIEW_SNAPSHOT,30bc50f30384b995c44f72bfc31d4e88c0fc11d700e8bffc28f257fc248a8f59,11,0,7,值的單位；不能從欄名或數值大小猜測單位,PROPOSED_CONTEXT_REVIEW,build_semantic_catalog.py: explicit proposed glossary,REVIEW_REQUIRED,避免量綱錯誤,UNIT_LABEL,NOT_ESTABLISHED,,,UNKNOWN_NOT_APPLICABLE_OR_NOT_RECORDED; DO_NOT_IMPUTE_ZERO,UNASSIGNED,PROPOSED_NO_MEASURED_ROI
reports/2026-10-06/global_technology_iso249_b03/preview/Reference/tables/09_global_technology_iso249_20261006_b03/registry_technology_metrics.csv,registry_technology_metrics,7,statistic,PREVIEW_SNAPSHOT,30bc50f30384b995c44f72bfc31d4e88c0fc11d700e8bffc28f257fc248a8f59,11,0,6,尚未完成欄位語義核實；需來源業務定義、單位、粒度與用途,UNRESOLVED,,REVIEW_REQUIRED,待資料負責人確認,UNKNOWN,NOT_ESTABLISHED,,,UNKNOWN_NOT_APPLICABLE_OR_NOT_RECORDED; DO_NOT_IMPUTE_ZERO,UNASSIGNED,PROPOSED_NO_MEASURED_ROI
reports/2026-10-06/global_technology_iso249_b03/preview/Reference/tables/09_global_technology_iso249_20261006_b03/registry_technology_metrics.csv,registry_technology_metrics,8,participant_count,PREVIEW_SNAPSHOT,30bc50f30384b995c44f72bfc31d4e88c0fc11d700e8bffc28f257fc248a8f59,11,5,1,尚未完成欄位語義核實；需來源業務定義、單位、粒度與用途,UNRESOLVED,,REVIEW_REQUIRED,待資料負責人確認,UNKNOWN,NOT_ESTABLISHED,,,UNKNOWN_NOT_APPLICABLE_OR_NOT_RECORDED; DO_NOT_IMPUTE_ZERO,UNASSIGNED,PROPOSED_NO_MEASURED_ROI
reports/2026-10-06/global_technology_iso249_b03/preview/Reference/tables/09_global_technology_iso249_20261006_b03/registry_technology_metrics.csv,registry_technology_metrics,9,conditions,PREVIEW_SNAPSHOT,30bc50f30384b995c44f72bfc31d4e88c0fc11d700e8bffc28f257fc248a8f59,11,0,11,尚未完成欄位語義核實；需來源業務定義、單位、粒度與用途,UNRESOLVED,,REVIEW_REQUIRED,待資料負責人確認,UNKNOWN,NOT_ESTABLISHED,,,UNKNOWN_NOT_APPLICABLE_OR_NOT_RECORDED; DO_NOT_IMPUTE_ZERO,UNASSIGNED,PROPOSED_NO_MEASURED_ROI
reports/2026-10-06/global_technology_iso249_b03/preview/Reference/tables/09_global_technology_iso249_20261006_b03/registry_technology_metrics.csv,registry_technology_metrics,10,study_date,PREVIEW_SNAPSHOT,30bc50f30384b995c44f72bfc31d4e88c0fc11d700e8bffc28f257fc248a8f59,11,0,5,尚未完成欄位語義核實；需來源業務定義、單位、粒度與用途,UNRESOLVED,,REVIEW_REQUIRED,待資料負責人確認,UNKNOWN,NOT_ESTABLISHED,,,UNKNOWN_NOT_APPLICABLE_OR_NOT_RECORDED; DO_NOT_IMPUTE_ZERO,UNASSIGNED,PROPOSED_NO_MEASURED_ROI
reports/2026-10-06/global_technology_iso249_b03/preview/Reference/tables/09_global_technology_iso249_20261006_b03/registry_technology_metrics.csv,registry_technology_metrics,11,doi,PREVIEW_SNAPSHOT,30bc50f30384b995c44f72bfc31d4e88c0fc11d700e8bffc28f257fc248a8f59,11,2,4,尚未完成欄位語義核實；需來源業務定義、單位、粒度與用途,UNRESOLVED,,REVIEW_REQUIRED,待資料負責人確認,UNKNOWN,NOT_ESTABLISHED,,,UNKNOWN_NOT_APPLICABLE_OR_NOT_RECORDED; DO_NOT_IMPUTE_ZERO,UNASSIGNED,PROPOSED_NO_MEASURED_ROI
reports/2026-10-06/global_technology_iso249_b03/preview/Reference/tables/09_global_technology_iso249_20261006_b03/registry_technology_metrics.csv,registry_technology_metrics,12,evidence_state,PREVIEW_SNAPSHOT,30bc50f30384b995c44f72bfc31d4e88c0fc11d700e8bffc28f257fc248a8f59,11,0,1,特定記錄或主張的證據狀態；VERIFIED 僅限可定位範圍,PROPOSED_CONTEXT_REVIEW,build_semantic_catalog.py: explicit proposed glossary,REVIEW_REQUIRED,隔離未知、宣稱與核實,NOT_APPLICABLE,NOT_ESTABLISHED,,,UNKNOWN_NOT_APPLICABLE_OR_NOT_RECORDED; DO_NOT_IMPUTE_ZERO,UNASSIGNED,PROPOSED_NO_MEASURED_ROI
reports/2026-10-06/global_technology_iso249_b03/preview/Reference/tables/09_global_technology_iso249_20261006_b03/registry_technology_metrics.csv,registry_technology_metrics,13,verification_scope,PREVIEW_SNAPSHOT,30bc50f30384b995c44f72bfc31d4e88c0fc11d700e8bffc28f257fc248a8f59,11,0,2,核實涵蓋的主張、條件與邊界；不把公開描述擴展成性能或部署證明,PROPOSED_CONTEXT_REVIEW,build_semantic_catalog.py: explicit proposed glossary,REVIEW_REQUIRED,限定決策可信範圍,NOT_APPLICABLE,NOT_ESTABLISHED,,,UNKNOWN_NOT_APPLICABLE_OR_NOT_RECORDED; DO_NOT_IMPUTE_ZERO,UNASSIGNED,PROPOSED_NO_MEASURED_ROI
reports/2026-10-06/global_technology_iso249_b03/preview/Reference/tables/09_global_technology_iso249_20261006_b03/registry_technology_metrics.csv,registry_technology_metrics,14,source_id,PREVIEW_SNAPSHOT,30bc50f30384b995c44f72bfc31d4e88c0fc11d700e8bffc28f257fc248a8f59,11,0,6,來源登記鍵；僅指來源，不代表該來源全部說法已核實,PROPOSED_CONTEXT_REVIEW,build_semantic_catalog.py: explicit proposed glossary,REVIEW_REQUIRED,主張證據追溯,NOT_APPLICABLE,NOT_ESTABLISHED,,,UNKNOWN_NOT_APPLICABLE_OR_NOT_RECORDED; DO_NOT_IMPUTE_ZERO,UNASSIGNED,PROPOSED_NO_MEASURED_ROI
reports/2026-10-06/global_technology_iso249_b03/preview/Reference/tables/09_global_technology_iso249_20261006_b03/registry_technology_metrics.csv,registry_technology_metrics,15,information_bandwidth_state,PREVIEW_SNAPSHOT,30bc50f30384b995c44f72bfc31d4e88c0fc11d700e8bffc28f257fc248a8f59,11,0,1,尚未完成欄位語義核實；需來源業務定義、單位、粒度與用途,UNRESOLVED,,REVIEW_REQUIRED,待資料負責人確認,UNKNOWN,NOT_ESTABLISHED,,,UNKNOWN_NOT_APPLICABLE_OR_NOT_RECORDED; DO_NOT_IMPUTE_ZERO,UNASSIGNED,PROPOSED_NO_MEASURED_ROI
reports/2026-10-06/global_technology_iso249_b03/preview/Reference/tables/09_global_technology_iso249_20261006_b03/registry_technology_metrics.csv,registry_technology_metrics,16,general_population_state,PREVIEW_SNAPSHOT,30bc50f30384b995c44f72bfc31d4e88c0fc11d700e8bffc28f257fc248a8f59,11,0,2,尚未完成欄位語義核實；需來源業務定義、單位、粒度與用途,UNRESOLVED,,REVIEW_REQUIRED,待資料負責人確認,UNKNOWN,NOT_ESTABLISHED,,,UNKNOWN_NOT_APPLICABLE_OR_NOT_RECORDED; DO_NOT_IMPUTE_ZERO,UNASSIGNED,PROPOSED_NO_MEASURED_ROI
reports/2026-10-06/global_technology_iso249_b03/preview/Reference/tables/09_global_technology_iso249_20261006_b03/registry_technology_metrics.csv,registry_technology_metrics,17,world_record_state,PREVIEW_SNAPSHOT,30bc50f30384b995c44f72bfc31d4e88c0fc11d700e8bffc28f257fc248a8f59,11,0,1,尚未完成欄位語義核實；需來源業務定義、單位、粒度與用途,UNRESOLVED,,REVIEW_REQUIRED,待資料負責人確認,UNKNOWN,NOT_ESTABLISHED,,,UNKNOWN_NOT_APPLICABLE_OR_NOT_RECORDED; DO_NOT_IMPUTE_ZERO,UNASSIGNED,PROPOSED_NO_MEASURED_ROI
reports/2026-10-06/global_technology_iso249_b03/preview/Reference/tables/09_global_technology_iso249_20261006_b03/registry_technology_metrics.csv,registry_technology_metrics,18,reviewed_on,PREVIEW_SNAPSHOT,30bc50f30384b995c44f72bfc31d4e88c0fc11d700e8bffc28f257fc248a8f59,11,0,1,資料截至／檢查／審核／搜索／取得時間；各欄依操作分別解讀，時區不可猜,PROPOSED_CONTEXT_REVIEW,build_semantic_catalog.py: explicit proposed glossary,REVIEW_REQUIRED,新鮮度與審核時點,SOURCE_DATE_OR_TIMESTAMP,NOT_ESTABLISHED,,,UNKNOWN_NOT_APPLICABLE_OR_NOT_RECORDED; DO_NOT_IMPUTE_ZERO,UNASSIGNED,PROPOSED_NO_MEASURED_ROI
reports/2026-10-06/global_technology_iso249_b03/preview/Reference/tables/09_global_technology_iso249_20261006_b03/registry_technology_products_tools.csv,registry_technology_products_tools,1,technology_id,PREVIEW_SNAPSHOT,723101629223baabdbe5156406a22a0b0a637194ed332d50999859f005e234db,59,0,59,技術記錄鍵或產品／項目候選線索；候選不等於正式實體,PROPOSED_CONTEXT_REVIEW,build_semantic_catalog.py: explicit proposed glossary,REVIEW_REQUIRED,技術選型與後續查證,NOT_APPLICABLE,NOT_ESTABLISHED,,,UNKNOWN_NOT_APPLICABLE_OR_NOT_RECORDED; DO_NOT_IMPUTE_ZERO,UNASSIGNED,PROPOSED_NO_MEASURED_ROI
reports/2026-10-06/global_technology_iso249_b03/preview/Reference/tables/09_global_technology_iso249_20261006_b03/registry_technology_products_tools.csv,registry_technology_products_tools,2,display_name,PREVIEW_SNAPSHOT,723101629223baabdbe5156406a22a0b0a637194ed332d50999859f005e234db,59,0,59,尚未完成欄位語義核實；需來源業務定義、單位、粒度與用途,UNRESOLVED,,REVIEW_REQUIRED,待資料負責人確認,UNKNOWN,NOT_ESTABLISHED,,,UNKNOWN_NOT_APPLICABLE_OR_NOT_RECORDED; DO_NOT_IMPUTE_ZERO,UNASSIGNED,PROPOSED_NO_MEASURED_ROI
reports/2026-10-06/global_technology_iso249_b03/preview/Reference/tables/09_global_technology_iso249_20261006_b03/registry_technology_products_tools.csv,registry_technology_products_tools,3,record_type,PREVIEW_SNAPSHOT,723101629223baabdbe5156406a22a0b0a637194ed332d50999859f005e234db,59,0,27,尚未完成欄位語義核實；需來源業務定義、單位、粒度與用途,UNRESOLVED,,REVIEW_REQUIRED,待資料負責人確認,UNKNOWN,NOT_ESTABLISHED,,,UNKNOWN_NOT_APPLICABLE_OR_NOT_RECORDED; DO_NOT_IMPUTE_ZERO,UNASSIGNED,PROPOSED_NO_MEASURED_ROI
reports/2026-10-06/global_technology_iso249_b03/preview/Reference/tables/09_global_technology_iso249_20261006_b03/registry_technology_products_tools.csv,registry_technology_products_tools,4,domain,PREVIEW_SNAPSHOT,723101629223baabdbe5156406a22a0b0a637194ed332d50999859f005e234db,59,0,15,尚未完成欄位語義核實；需來源業務定義、單位、粒度與用途,UNRESOLVED,,REVIEW_REQUIRED,待資料負責人確認,UNKNOWN,NOT_ESTABLISHED,,,UNKNOWN_NOT_APPLICABLE_OR_NOT_RECORDED; DO_NOT_IMPUTE_ZERO,UNASSIGNED,PROPOSED_NO_MEASURED_ROI
reports/2026-10-06/global_technology_iso249_b03/preview/Reference/tables/09_global_technology_iso249_20261006_b03/registry_technology_products_tools.csv,registry_technology_products_tools,5,issuer_entity_id,PREVIEW_SNAPSHOT,723101629223baabdbe5156406a22a0b0a637194ed332d50999859f005e234db,59,25,19,尚未完成欄位語義核實；需來源業務定義、單位、粒度與用途,UNRESOLVED,,REVIEW_REQUIRED,待資料負責人確認,UNKNOWN,NOT_ESTABLISHED,,,UNKNOWN_NOT_APPLICABLE_OR_NOT_RECORDED; DO_NOT_IMPUTE_ZERO,UNASSIGNED,PROPOSED_NO_MEASURED_ROI
reports/2026-10-06/global_technology_iso249_b03/preview/Reference/tables/09_global_technology_iso249_20261006_b03/registry_technology_products_tools.csv,registry_technology_products_tools,6,issuer_relation_state,PREVIEW_SNAPSHOT,723101629223baabdbe5156406a22a0b0a637194ed332d50999859f005e234db,59,0,3,尚未完成欄位語義核實；需來源業務定義、單位、粒度與用途,UNRESOLVED,,REVIEW_REQUIRED,待資料負責人確認,UNKNOWN,NOT_ESTABLISHED,,,UNKNOWN_NOT_APPLICABLE_OR_NOT_RECORDED; DO_NOT_IMPUTE_ZERO,UNASSIGNED,PROPOSED_NO_MEASURED_ROI
reports/2026-10-06/global_technology_iso249_b03/preview/Reference/tables/09_global_technology_iso249_20261006_b03/registry_technology_products_tools.csv,registry_technology_products_tools,7,public_description,PREVIEW_SNAPSHOT,723101629223baabdbe5156406a22a0b0a637194ed332d50999859f005e234db,59,0,57,尚未完成欄位語義核實；需來源業務定義、單位、粒度與用途,UNRESOLVED,,REVIEW_REQUIRED,待資料負責人確認,UNKNOWN,NOT_ESTABLISHED,,,UNKNOWN_NOT_APPLICABLE_OR_NOT_RECORDED; DO_NOT_IMPUTE_ZERO,UNASSIGNED,PROPOSED_NO_MEASURED_ROI
reports/2026-10-06/global_technology_iso249_b03/preview/Reference/tables/09_global_technology_iso249_20261006_b03/registry_technology_products_tools.csv,registry_technology_products_tools,8,evidence_state,PREVIEW_SNAPSHOT,723101629223baabdbe5156406a22a0b0a637194ed332d50999859f005e234db,59,0,2,特定記錄或主張的證據狀態；VERIFIED 僅限可定位範圍,PROPOSED_CONTEXT_REVIEW,build_semantic_catalog.py: explicit proposed glossary,REVIEW_REQUIRED,隔離未知、宣稱與核實,NOT_APPLICABLE,NOT_ESTABLISHED,,,UNKNOWN_NOT_APPLICABLE_OR_NOT_RECORDED; DO_NOT_IMPUTE_ZERO,UNASSIGNED,PROPOSED_NO_MEASURED_ROI
reports/2026-10-06/global_technology_iso249_b03/preview/Reference/tables/09_global_technology_iso249_20261006_b03/registry_technology_products_tools.csv,registry_technology_products_tools,9,verification_scope,PREVIEW_SNAPSHOT,723101629223baabdbe5156406a22a0b0a637194ed332d50999859f005e234db,59,0,3,核實涵蓋的主張、條件與邊界；不把公開描述擴展成性能或部署證明,PROPOSED_CONTEXT_REVIEW,build_semantic_catalog.py: explicit proposed glossary,REVIEW_REQUIRED,限定決策可信範圍,NOT_APPLICABLE,NOT_ESTABLISHED,,,UNKNOWN_NOT_APPLICABLE_OR_NOT_RECORDED; DO_NOT_IMPUTE_ZERO,UNASSIGNED,PROPOSED_NO_MEASURED_ROI
reports/2026-10-06/global_technology_iso249_b03/preview/Reference/tables/09_global_technology_iso249_20261006_b03/registry_technology_products_tools.csv,registry_technology_products_tools,10,source_id,PREVIEW_SNAPSHOT,723101629223baabdbe5156406a22a0b0a637194ed332d50999859f005e234db,59,0,48,來源登記鍵；僅指來源，不代表該來源全部說法已核實,PROPOSED_CONTEXT_REVIEW,build_semantic_catalog.py: explicit proposed glossary,REVIEW_REQUIRED,主張證據追溯,NOT_APPLICABLE,NOT_ESTABLISHED,,,UNKNOWN_NOT_APPLICABLE_OR_NOT_RECORDED; DO_NOT_IMPUTE_ZERO,UNASSIGNED,PROPOSED_NO_MEASURED_ROI
reports/2026-10-06/global_technology_iso249_b03/preview/Reference/tables/09_global_technology_iso249_20261006_b03/registry_technology_products_tools.csv,registry_technology_products_tools,11,version_state,PREVIEW_SNAPSHOT,723101629223baabdbe5156406a22a0b0a637194ed332d50999859f005e234db,59,0,1,尚未完成欄位語義核實；需來源業務定義、單位、粒度與用途,UNRESOLVED,,REVIEW_REQUIRED,待資料負責人確認,UNKNOWN,NOT_ESTABLISHED,,,UNKNOWN_NOT_APPLICABLE_OR_NOT_RECORDED; DO_NOT_IMPUTE_ZERO,UNASSIGNED,PROPOSED_NO_MEASURED_ROI
reports/2026-10-06/global_technology_iso249_b03/preview/Reference/tables/09_global_technology_iso249_20261006_b03/registry_technology_products_tools.csv,registry_technology_products_tools,12,license_state,PREVIEW_SNAPSHOT,723101629223baabdbe5156406a22a0b0a637194ed332d50999859f005e234db,59,0,1,授權審核狀態；需定位產品／資料／权重與版本,PROPOSED_CONTEXT_REVIEW,build_semantic_catalog.py: explicit proposed glossary,REVIEW_REQUIRED,用途准入,NOT_APPLICABLE,NOT_ESTABLISHED,,,UNKNOWN_NOT_APPLICABLE_OR_NOT_RECORDED; DO_NOT_IMPUTE_ZERO,UNASSIGNED,PROPOSED_NO_MEASURED_ROI
reports/2026-10-06/global_technology_iso249_b03/preview/Reference/tables/09_global_technology_iso249_20261006_b03/registry_technology_products_tools.csv,registry_technology_products_tools,13,availability_state,PREVIEW_SNAPSHOT,723101629223baabdbe5156406a22a0b0a637194ed332d50999859f005e234db,59,0,1,尚未完成欄位語義核實；需來源業務定義、單位、粒度與用途,UNRESOLVED,,REVIEW_REQUIRED,待資料負責人確認,UNKNOWN,NOT_ESTABLISHED,,,UNKNOWN_NOT_APPLICABLE_OR_NOT_RECORDED; DO_NOT_IMPUTE_ZERO,UNASSIGNED,PROPOSED_NO_MEASURED_ROI
reports/2026-10-06/global_technology_iso249_b03/preview/Reference/tables/09_global_technology_iso249_20261006_b03/registry_technology_products_tools.csv,registry_technology_products_tools,14,independent_performance_state,PREVIEW_SNAPSHOT,723101629223baabdbe5156406a22a0b0a637194ed332d50999859f005e234db,59,0,2,性能主張或獨立性能驗證狀態；不是性能數值,PROPOSED_CONTEXT_REVIEW,build_semantic_catalog.py: explicit proposed glossary,REVIEW_REQUIRED,避免宣傳數字冒充測試,NOT_APPLICABLE,NOT_ESTABLISHED,,,UNKNOWN_NOT_APPLICABLE_OR_NOT_RECORDED; DO_NOT_IMPUTE_ZERO,UNASSIGNED,PROPOSED_NO_MEASURED_ROI
reports/2026-10-06/global_technology_iso249_b03/preview/Reference/tables/09_global_technology_iso249_20261006_b03/registry_technology_products_tools.csv,registry_technology_products_tools,15,global_rank_state,PREVIEW_SNAPSHOT,723101629223baabdbe5156406a22a0b0a637194ed332d50999859f005e234db,59,0,1,排名主張的核實狀態；先定義樣本、指標與比較協議,PROPOSED_CONTEXT_REVIEW,build_semantic_catalog.py: explicit proposed glossary,REVIEW_REQUIRED,比較口徑治理,NOT_APPLICABLE,NOT_ESTABLISHED,,,UNKNOWN_NOT_APPLICABLE_OR_NOT_RECORDED; DO_NOT_IMPUTE_ZERO,UNASSIGNED,PROPOSED_NO_MEASURED_ROI
reports/2026-10-06/global_technology_iso249_b03/preview/Reference/tables/09_global_technology_iso249_20261006_b03/registry_technology_products_tools.csv,registry_technology_products_tools,16,regulatory_state,PREVIEW_SNAPSHOT,723101629223baabdbe5156406a22a0b0a637194ed332d50999859f005e234db,59,0,2,監管狀態或其司法區；版次與日期需另定位,PROPOSED_CONTEXT_REVIEW,build_semantic_catalog.py: explicit proposed glossary,REVIEW_REQUIRED,臨床／採購條件評估,NOT_APPLICABLE,NOT_ESTABLISHED,,,UNKNOWN_NOT_APPLICABLE_OR_NOT_RECORDED; DO_NOT_IMPUTE_ZERO,UNASSIGNED,PROPOSED_NO_MEASURED_ROI
reports/2026-10-06/global_technology_iso249_b03/preview/Reference/tables/09_global_technology_iso249_20261006_b03/registry_technology_products_tools.csv,registry_technology_products_tools,17,as_of,PREVIEW_SNAPSHOT,723101629223baabdbe5156406a22a0b0a637194ed332d50999859f005e234db,59,0,1,資料截至／檢查／審核／搜索／取得時間；各欄依操作分別解讀，時區不可猜,PROPOSED_CONTEXT_REVIEW,build_semantic_catalog.py: explicit proposed glossary,REVIEW_REQUIRED,新鮮度與審核時點,SOURCE_DATE_OR_TIMESTAMP,NOT_ESTABLISHED,,,UNKNOWN_NOT_APPLICABLE_OR_NOT_RECORDED; DO_NOT_IMPUTE_ZERO,UNASSIGNED,PROPOSED_NO_MEASURED_ROI
reports/2026-10-06/global_technology_iso249_b03/workspace_delta.csv,workspace_delta,1,path,HISTORICAL_REPORT_OUTPUT,0b0d483b73eee4c6767365235e63e7498ab050faa99af2122b88beeb04925986,53,0,53,尚未完成欄位語義核實；需來源業務定義、單位、粒度與用途,UNRESOLVED,,REVIEW_REQUIRED,待資料負責人確認,UNKNOWN,NOT_ESTABLISHED,,,UNKNOWN_NOT_APPLICABLE_OR_NOT_RECORDED; DO_NOT_IMPUTE_ZERO,UNASSIGNED,PROPOSED_NO_MEASURED_ROI
reports/2026-10-06/global_technology_iso249_b03/workspace_delta.csv,workspace_delta,2,state,HISTORICAL_REPORT_OUTPUT,0b0d483b73eee4c6767365235e63e7498ab050faa99af2122b88beeb04925986,53,0,3,尚未完成欄位語義核實；需來源業務定義、單位、粒度與用途,UNRESOLVED,,REVIEW_REQUIRED,待資料負責人確認,UNKNOWN,NOT_ESTABLISHED,,,UNKNOWN_NOT_APPLICABLE_OR_NOT_RECORDED; DO_NOT_IMPUTE_ZERO,UNASSIGNED,PROPOSED_NO_MEASURED_ROI
reports/2026-10-06/global_technology_iso249_b03/workspace_delta.csv,workspace_delta,3,category,HISTORICAL_REPORT_OUTPUT,0b0d483b73eee4c6767365235e63e7498ab050faa99af2122b88beeb04925986,53,0,2,尚未完成欄位語義核實；需來源業務定義、單位、粒度與用途,UNRESOLVED,,REVIEW_REQUIRED,待資料負責人確認,UNKNOWN,NOT_ESTABLISHED,,,UNKNOWN_NOT_APPLICABLE_OR_NOT_RECORDED; DO_NOT_IMPUTE_ZERO,UNASSIGNED,PROPOSED_NO_MEASURED_ROI
reports/2026-10-06/global_technology_iso249_b03/workspace_delta.csv,workspace_delta,4,before_sha256,HISTORICAL_REPORT_OUTPUT,0b0d483b73eee4c6767365235e63e7498ab050faa99af2122b88beeb04925986,53,41,12,尚未完成欄位語義核實；需來源業務定義、單位、粒度與用途,UNRESOLVED,,REVIEW_REQUIRED,待資料負責人確認,UNKNOWN,NOT_ESTABLISHED,,,UNKNOWN_NOT_APPLICABLE_OR_NOT_RECORDED; DO_NOT_IMPUTE_ZERO,UNASSIGNED,PROPOSED_NO_MEASURED_ROI
reports/2026-10-06/global_technology_iso249_b03/workspace_delta.csv,workspace_delta,5,after_sha256,HISTORICAL_REPORT_OUTPUT,0b0d483b73eee4c6767365235e63e7498ab050faa99af2122b88beeb04925986,53,10,33,尚未完成欄位語義核實；需來源業務定義、單位、粒度與用途,UNRESOLVED,,REVIEW_REQUIRED,待資料負責人確認,UNKNOWN,NOT_ESTABLISHED,,,UNKNOWN_NOT_APPLICABLE_OR_NOT_RECORDED; DO_NOT_IMPUTE_ZERO,UNASSIGNED,PROPOSED_NO_MEASURED_ROI
reports/2026-10-06/global_technology_iso249_b04/preview/Reference/tables/10_global_technology_iso249_20261006_b04/registry_country_entity_relations.csv,registry_country_entity_relations,1,relation_id,PREVIEW_SNAPSHOT,8238ac709f23dd4c7bc8e529038c10bec0b60dde277fffe450f805ba72a9749f,10,0,10,尚未完成欄位語義核實；需來源業務定義、單位、粒度與用途,UNRESOLVED,,REVIEW_REQUIRED,待資料負責人確認,UNKNOWN,NOT_ESTABLISHED,,,UNKNOWN_NOT_APPLICABLE_OR_NOT_RECORDED; DO_NOT_IMPUTE_ZERO,UNASSIGNED,PROPOSED_NO_MEASURED_ROI
reports/2026-10-06/global_technology_iso249_b04/preview/Reference/tables/10_global_technology_iso249_20261006_b04/registry_country_entity_relations.csv,registry_country_entity_relations,2,entity_id,PREVIEW_SNAPSHOT,8238ac709f23dd4c7bc8e529038c10bec0b60dde277fffe450f805ba72a9749f,10,0,9,穩定內部實體識別鍵；命名空間及對象依所屬表，不以相似名稱自動合併,PROPOSED_CONTEXT_REVIEW,build_semantic_catalog.py: explicit proposed glossary,REVIEW_REQUIRED,跨表實體追溯,NOT_APPLICABLE,NOT_ESTABLISHED,,,UNKNOWN_NOT_APPLICABLE_OR_NOT_RECORDED; DO_NOT_IMPUTE_ZERO,UNASSIGNED,PROPOSED_NO_MEASURED_ROI
reports/2026-10-06/global_technology_iso249_b04/preview/Reference/tables/10_global_technology_iso249_20261006_b04/registry_country_entity_relations.csv,registry_country_entity_relations,3,iso_alpha2,PREVIEW_SNAPSHOT,8238ac709f23dd4c7bc8e529038c10bec0b60dde277fffe450f805ba72a9749f,10,0,10,ISO 3166-1 alpha-2 國家／地區代碼；代碼版次與關係另記,PROPOSED_CONTEXT_REVIEW,build_semantic_catalog.py: explicit proposed glossary,REVIEW_REQUIRED,母表連結,ISO_ALPHA2,NOT_ESTABLISHED,,,UNKNOWN_NOT_APPLICABLE_OR_NOT_RECORDED; DO_NOT_IMPUTE_ZERO,UNASSIGNED,PROPOSED_NO_MEASURED_ROI
reports/2026-10-06/global_technology_iso249_b04/preview/Reference/tables/10_global_technology_iso249_20261006_b04/registry_country_entity_relations.csv,registry_country_entity_relations,4,relation_type,PREVIEW_SNAPSHOT,8238ac709f23dd4c7bc8e529038c10bec0b60dde277fffe450f805ba72a9749f,10,0,5,尚未完成欄位語義核實；需來源業務定義、單位、粒度與用途,UNRESOLVED,,REVIEW_REQUIRED,待資料負責人確認,UNKNOWN,NOT_ESTABLISHED,,,UNKNOWN_NOT_APPLICABLE_OR_NOT_RECORDED; DO_NOT_IMPUTE_ZERO,UNASSIGNED,PROPOSED_NO_MEASURED_ROI
reports/2026-10-06/global_technology_iso249_b04/preview/Reference/tables/10_global_technology_iso249_20261006_b04/registry_country_entity_relations.csv,registry_country_entity_relations,5,claim,PREVIEW_SNAPSHOT,8238ac709f23dd4c7bc8e529038c10bec0b60dde277fffe450f805ba72a9749f,10,0,9,一項待審或歷史主張的文字；與其證據狀態一起使用,PROPOSED_CONTEXT_REVIEW,build_semantic_catalog.py: explicit proposed glossary,REVIEW_REQUIRED,保存研究命題,NOT_APPLICABLE,NOT_ESTABLISHED,,,UNKNOWN_NOT_APPLICABLE_OR_NOT_RECORDED; DO_NOT_IMPUTE_ZERO,UNASSIGNED,PROPOSED_NO_MEASURED_ROI
reports/2026-10-06/global_technology_iso249_b04/preview/Reference/tables/10_global_technology_iso249_20261006_b04/registry_country_entity_relations.csv,registry_country_entity_relations,6,evidence_state,PREVIEW_SNAPSHOT,8238ac709f23dd4c7bc8e529038c10bec0b60dde277fffe450f805ba72a9749f,10,0,1,特定記錄或主張的證據狀態；VERIFIED 僅限可定位範圍,PROPOSED_CONTEXT_REVIEW,build_semantic_catalog.py: explicit proposed glossary,REVIEW_REQUIRED,隔離未知、宣稱與核實,NOT_APPLICABLE,NOT_ESTABLISHED,,,UNKNOWN_NOT_APPLICABLE_OR_NOT_RECORDED; DO_NOT_IMPUTE_ZERO,UNASSIGNED,PROPOSED_NO_MEASURED_ROI
reports/2026-10-06/global_technology_iso249_b04/preview/Reference/tables/10_global_technology_iso249_20261006_b04/registry_country_entity_relations.csv,registry_country_entity_relations,7,verification_scope,PREVIEW_SNAPSHOT,8238ac709f23dd4c7bc8e529038c10bec0b60dde277fffe450f805ba72a9749f,10,0,3,核實涵蓋的主張、條件與邊界；不把公開描述擴展成性能或部署證明,PROPOSED_CONTEXT_REVIEW,build_semantic_catalog.py: explicit proposed glossary,REVIEW_REQUIRED,限定決策可信範圍,NOT_APPLICABLE,NOT_ESTABLISHED,,,UNKNOWN_NOT_APPLICABLE_OR_NOT_RECORDED; DO_NOT_IMPUTE_ZERO,UNASSIGNED,PROPOSED_NO_MEASURED_ROI
reports/2026-10-06/global_technology_iso249_b04/preview/Reference/tables/10_global_technology_iso249_20261006_b04/registry_country_entity_relations.csv,registry_country_entity_relations,8,source_id,PREVIEW_SNAPSHOT,8238ac709f23dd4c7bc8e529038c10bec0b60dde277fffe450f805ba72a9749f,10,0,9,來源登記鍵；僅指來源，不代表該來源全部說法已核實,PROPOSED_CONTEXT_REVIEW,build_semantic_catalog.py: explicit proposed glossary,REVIEW_REQUIRED,主張證據追溯,NOT_APPLICABLE,NOT_ESTABLISHED,,,UNKNOWN_NOT_APPLICABLE_OR_NOT_RECORDED; DO_NOT_IMPUTE_ZERO,UNASSIGNED,PROPOSED_NO_MEASURED_ROI
reports/2026-10-06/global_technology_iso249_b04/preview/Reference/tables/10_global_technology_iso249_20261006_b04/registry_country_entity_relations.csv,registry_country_entity_relations,9,as_of,PREVIEW_SNAPSHOT,8238ac709f23dd4c7bc8e529038c10bec0b60dde277fffe450f805ba72a9749f,10,0,1,資料截至／檢查／審核／搜索／取得時間；各欄依操作分別解讀，時區不可猜,PROPOSED_CONTEXT_REVIEW,build_semantic_catalog.py: explicit proposed glossary,REVIEW_REQUIRED,新鮮度與審核時點,SOURCE_DATE_OR_TIMESTAMP,NOT_ESTABLISHED,,,UNKNOWN_NOT_APPLICABLE_OR_NOT_RECORDED; DO_NOT_IMPUTE_ZERO,UNASSIGNED,PROPOSED_NO_MEASURED_ROI
reports/2026-10-06/global_technology_iso249_b04/preview/Reference/tables/10_global_technology_iso249_20261006_b04/registry_country_technology_coverage.csv,registry_country_technology_coverage,1,iso_alpha2,PREVIEW_SNAPSHOT,76f6563ac1c1892ad72597dc56bcc5e1f4b392b8f40a4c99205d5854b7d97474,249,0,249,ISO 3166-1 alpha-2 國家／地區代碼；代碼版次與關係另記,PROPOSED_CONTEXT_REVIEW,build_semantic_catalog.py: explicit proposed glossary,REVIEW_REQUIRED,母表連結,ISO_ALPHA2,NOT_ESTABLISHED,,,UNKNOWN_NOT_APPLICABLE_OR_NOT_RECORDED; DO_NOT_IMPUTE_ZERO,UNASSIGNED,PROPOSED_NO_MEASURED_ROI
reports/2026-10-06/global_technology_iso249_b04/preview/Reference/tables/10_global_technology_iso249_20261006_b04/registry_country_technology_coverage.csv,registry_country_technology_coverage,2,name_en,PREVIEW_SNAPSHOT,76f6563ac1c1892ad72597dc56bcc5e1f4b392b8f40a4c99205d5854b7d97474,249,0,249,尚未完成欄位語義核實；需來源業務定義、單位、粒度與用途,UNRESOLVED,,REVIEW_REQUIRED,待資料負責人確認,UNKNOWN,NOT_ESTABLISHED,,,UNKNOWN_NOT_APPLICABLE_OR_NOT_RECORDED; DO_NOT_IMPUTE_ZERO,UNASSIGNED,PROPOSED_NO_MEASURED_ROI
reports/2026-10-06/global_technology_iso249_b04/preview/Reference/tables/10_global_technology_iso249_20261006_b04/registry_country_technology_coverage.csv,registry_country_technology_coverage,3,search_state,PREVIEW_SNAPSHOT,76f6563ac1c1892ad72597dc56bcc5e1f4b392b8f40a4c99205d5854b7d97474,249,0,1,搜索操作或研究完成狀態；不等於國家能力或完整母體覆蓋,PROPOSED_CONTEXT_REVIEW,build_semantic_catalog.py: explicit proposed glossary,REVIEW_REQUIRED,工作進度治理,NOT_APPLICABLE,NOT_ESTABLISHED,,,UNKNOWN_NOT_APPLICABLE_OR_NOT_RECORDED; DO_NOT_IMPUTE_ZERO,UNASSIGNED,PROPOSED_NO_MEASURED_ROI
reports/2026-10-06/global_technology_iso249_b04/preview/Reference/tables/10_global_technology_iso249_20261006_b04/registry_country_technology_coverage.csv,registry_country_technology_coverage,4,broad_queries_completed,PREVIEW_SNAPSHOT,76f6563ac1c1892ad72597dc56bcc5e1f4b392b8f40a4c99205d5854b7d97474,249,0,1,尚未完成欄位語義核實；需來源業務定義、單位、粒度與用途,UNRESOLVED,,REVIEW_REQUIRED,待資料負責人確認,UNKNOWN,NOT_ESTABLISHED,,,UNKNOWN_NOT_APPLICABLE_OR_NOT_RECORDED; DO_NOT_IMPUTE_ZERO,UNASSIGNED,PROPOSED_NO_MEASURED_ROI
reports/2026-10-06/global_technology_iso249_b04/preview/Reference/tables/10_global_technology_iso249_20261006_b04/registry_country_technology_coverage.csv,registry_country_technology_coverage,5,retry_count,PREVIEW_SNAPSHOT,76f6563ac1c1892ad72597dc56bcc5e1f4b392b8f40a4c99205d5854b7d97474,249,0,2,尚未完成欄位語義核實；需來源業務定義、單位、粒度與用途,UNRESOLVED,,REVIEW_REQUIRED,待資料負責人確認,UNKNOWN,NOT_ESTABLISHED,,,UNKNOWN_NOT_APPLICABLE_OR_NOT_RECORDED; DO_NOT_IMPUTE_ZERO,UNASSIGNED,PROPOSED_NO_MEASURED_ROI
reports/2026-10-06/global_technology_iso249_b04/preview/Reference/tables/10_global_technology_iso249_20261006_b04/registry_country_technology_coverage.csv,registry_country_technology_coverage,6,search_lead_count,PREVIEW_SNAPSHOT,76f6563ac1c1892ad72597dc56bcc5e1f4b392b8f40a4c99205d5854b7d97474,249,0,2,尚未完成欄位語義核實；需來源業務定義、單位、粒度與用途,UNRESOLVED,,REVIEW_REQUIRED,待資料負責人確認,UNKNOWN,NOT_ESTABLISHED,,,UNKNOWN_NOT_APPLICABLE_OR_NOT_RECORDED; DO_NOT_IMPUTE_ZERO,UNASSIGNED,PROPOSED_NO_MEASURED_ROI
reports/2026-10-06/global_technology_iso249_b04/preview/Reference/tables/10_global_technology_iso249_20261006_b04/registry_country_technology_coverage.csv,registry_country_technology_coverage,7,editorial_entity_candidate_count,PREVIEW_SNAPSHOT,76f6563ac1c1892ad72597dc56bcc5e1f4b392b8f40a4c99205d5854b7d97474,249,0,11,尚未完成欄位語義核實；需來源業務定義、單位、粒度與用途,UNRESOLVED,,REVIEW_REQUIRED,待資料負責人確認,UNKNOWN,NOT_ESTABLISHED,,,UNKNOWN_NOT_APPLICABLE_OR_NOT_RECORDED; DO_NOT_IMPUTE_ZERO,UNASSIGNED,PROPOSED_NO_MEASURED_ROI
reports/2026-10-06/global_technology_iso249_b04/preview/Reference/tables/10_global_technology_iso249_20261006_b04/registry_country_technology_coverage.csv,registry_country_technology_coverage,8,candidate_public_descriptions_verified,PREVIEW_SNAPSHOT,76f6563ac1c1892ad72597dc56bcc5e1f4b392b8f40a4c99205d5854b7d97474,249,0,11,尚未完成欄位語義核實；需來源業務定義、單位、粒度與用途,UNRESOLVED,,REVIEW_REQUIRED,待資料負責人確認,UNKNOWN,NOT_ESTABLISHED,,,UNKNOWN_NOT_APPLICABLE_OR_NOT_RECORDED; DO_NOT_IMPUTE_ZERO,UNASSIGNED,PROPOSED_NO_MEASURED_ROI
reports/2026-10-06/global_technology_iso249_b04/preview/Reference/tables/10_global_technology_iso249_20261006_b04/registry_country_technology_coverage.csv,registry_country_technology_coverage,9,country_relation_verified_count,PREVIEW_SNAPSHOT,76f6563ac1c1892ad72597dc56bcc5e1f4b392b8f40a4c99205d5854b7d97474,249,0,2,尚未完成欄位語義核實；需來源業務定義、單位、粒度與用途,UNRESOLVED,,REVIEW_REQUIRED,待資料負責人確認,UNKNOWN,NOT_ESTABLISHED,,,UNKNOWN_NOT_APPLICABLE_OR_NOT_RECORDED; DO_NOT_IMPUTE_ZERO,UNASSIGNED,PROPOSED_NO_MEASURED_ROI
reports/2026-10-06/global_technology_iso249_b04/preview/Reference/tables/10_global_technology_iso249_20261006_b04/registry_country_technology_coverage.csv,registry_country_technology_coverage,10,country_frontier_capability_state,PREVIEW_SNAPSHOT,76f6563ac1c1892ad72597dc56bcc5e1f4b392b8f40a4c99205d5854b7d97474,249,0,1,國家能力或神經技術分級狀態；缺測試定義或證據維持 UNKNOWN,PROPOSED_CONTEXT_REVIEW,build_semantic_catalog.py: explicit proposed glossary,REVIEW_REQUIRED,防止無證據國別排名,NOT_APPLICABLE,NOT_ESTABLISHED,,,UNKNOWN_NOT_APPLICABLE_OR_NOT_RECORDED; DO_NOT_IMPUTE_ZERO,UNASSIGNED,PROPOSED_NO_MEASURED_ROI
reports/2026-10-06/global_technology_iso249_b04/preview/Reference/tables/10_global_technology_iso249_20261006_b04/registry_country_technology_coverage.csv,registry_country_technology_coverage,11,N0_N7_level,PREVIEW_SNAPSHOT,76f6563ac1c1892ad72597dc56bcc5e1f4b392b8f40a4c99205d5854b7d97474,249,0,1,國家能力或神經技術分級狀態；缺測試定義或證據維持 UNKNOWN,PROPOSED_CONTEXT_REVIEW,build_semantic_catalog.py: explicit proposed glossary,REVIEW_REQUIRED,防止無證據國別排名,NOT_APPLICABLE,NOT_ESTABLISHED,,,UNKNOWN_NOT_APPLICABLE_OR_NOT_RECORDED; DO_NOT_IMPUTE_ZERO,UNASSIGNED,PROPOSED_NO_MEASURED_ROI
reports/2026-10-06/global_technology_iso249_b04/preview/Reference/tables/10_global_technology_iso249_20261006_b04/registry_country_technology_coverage.csv,registry_country_technology_coverage,12,research_completion_state,PREVIEW_SNAPSHOT,76f6563ac1c1892ad72597dc56bcc5e1f4b392b8f40a4c99205d5854b7d97474,249,0,1,搜索操作或研究完成狀態；不等於國家能力或完整母體覆蓋,PROPOSED_CONTEXT_REVIEW,build_semantic_catalog.py: explicit proposed glossary,REVIEW_REQUIRED,工作進度治理,NOT_APPLICABLE,NOT_ESTABLISHED,,,UNKNOWN_NOT_APPLICABLE_OR_NOT_RECORDED; DO_NOT_IMPUTE_ZERO,UNASSIGNED,PROPOSED_NO_MEASURED_ROI
reports/2026-10-06/global_technology_iso249_b04/preview/Reference/tables/10_global_technology_iso249_20261006_b04/registry_country_technology_coverage.csv,registry_country_technology_coverage,13,query,PREVIEW_SNAPSHOT,76f6563ac1c1892ad72597dc56bcc5e1f4b392b8f40a4c99205d5854b7d97474,249,0,249,搜索查詢或其提供方；搜索完成不等於世界普查完成,PROPOSED_CONTEXT_REVIEW,build_semantic_catalog.py: explicit proposed glossary,REVIEW_REQUIRED,搜索覆蓋可重現,NOT_APPLICABLE,NOT_ESTABLISHED,,,UNKNOWN_NOT_APPLICABLE_OR_NOT_RECORDED; DO_NOT_IMPUTE_ZERO,UNASSIGNED,PROPOSED_NO_MEASURED_ROI
reports/2026-10-06/global_technology_iso249_b04/preview/Reference/tables/10_global_technology_iso249_20261006_b04/registry_country_technology_coverage.csv,registry_country_technology_coverage,14,provider,PREVIEW_SNAPSHOT,76f6563ac1c1892ad72597dc56bcc5e1f4b392b8f40a4c99205d5854b7d97474,249,0,2,搜索查詢或其提供方；搜索完成不等於世界普查完成,PROPOSED_CONTEXT_REVIEW,build_semantic_catalog.py: explicit proposed glossary,REVIEW_REQUIRED,搜索覆蓋可重現,NOT_APPLICABLE,NOT_ESTABLISHED,,,UNKNOWN_NOT_APPLICABLE_OR_NOT_RECORDED; DO_NOT_IMPUTE_ZERO,UNASSIGNED,PROPOSED_NO_MEASURED_ROI
reports/2026-10-06/global_technology_iso249_b04/preview/Reference/tables/10_global_technology_iso249_20261006_b04/registry_country_technology_coverage.csv,registry_country_technology_coverage,15,searched_on,PREVIEW_SNAPSHOT,76f6563ac1c1892ad72597dc56bcc5e1f4b392b8f40a4c99205d5854b7d97474,249,0,1,資料截至／檢查／審核／搜索／取得時間；各欄依操作分別解讀，時區不可猜,PROPOSED_CONTEXT_REVIEW,build_semantic_catalog.py: explicit proposed glossary,REVIEW_REQUIRED,新鮮度與審核時點,SOURCE_DATE_OR_TIMESTAMP,NOT_ESTABLISHED,,,UNKNOWN_NOT_APPLICABLE_OR_NOT_RECORDED; DO_NOT_IMPUTE_ZERO,UNASSIGNED,PROPOSED_NO_MEASURED_ROI
reports/2026-10-06/global_technology_iso249_b04/preview/Reference/tables/10_global_technology_iso249_20261006_b04/registry_global_claims.csv,registry_global_claims,1,claim_id,PREVIEW_SNAPSHOT,7494e6e2064d7ee25d9a4514b7c62b980b6ab069ab21f18ffea2d593d91c821c,371,0,371,一項可定位主張的識別鍵；真偽與有效範圍另列,PROPOSED_CONTEXT_REVIEW,build_semantic_catalog.py: explicit proposed glossary,REVIEW_REQUIRED,主張審核與衝突管理,NOT_APPLICABLE,NOT_ESTABLISHED,,,UNKNOWN_NOT_APPLICABLE_OR_NOT_RECORDED; DO_NOT_IMPUTE_ZERO,UNASSIGNED,PROPOSED_NO_MEASURED_ROI
reports/2026-10-06/global_technology_iso249_b04/preview/Reference/tables/10_global_technology_iso249_20261006_b04/registry_global_claims.csv,registry_global_claims,2,entity_id,PREVIEW_SNAPSHOT,7494e6e2064d7ee25d9a4514b7c62b980b6ab069ab21f18ffea2d593d91c821c,371,0,371,穩定內部實體識別鍵；命名空間及對象依所屬表，不以相似名稱自動合併,PROPOSED_CONTEXT_REVIEW,build_semantic_catalog.py: explicit proposed glossary,REVIEW_REQUIRED,跨表實體追溯,NOT_APPLICABLE,NOT_ESTABLISHED,,,UNKNOWN_NOT_APPLICABLE_OR_NOT_RECORDED; DO_NOT_IMPUTE_ZERO,UNASSIGNED,PROPOSED_NO_MEASURED_ROI
reports/2026-10-06/global_technology_iso249_b04/preview/Reference/tables/10_global_technology_iso249_20261006_b04/registry_global_claims.csv,registry_global_claims,3,claim,PREVIEW_SNAPSHOT,7494e6e2064d7ee25d9a4514b7c62b980b6ab069ab21f18ffea2d593d91c821c,371,0,304,一項待審或歷史主張的文字；與其證據狀態一起使用,PROPOSED_CONTEXT_REVIEW,build_semantic_catalog.py: explicit proposed glossary,REVIEW_REQUIRED,保存研究命題,NOT_APPLICABLE,NOT_ESTABLISHED,,,UNKNOWN_NOT_APPLICABLE_OR_NOT_RECORDED; DO_NOT_IMPUTE_ZERO,UNASSIGNED,PROPOSED_NO_MEASURED_ROI
reports/2026-10-06/global_technology_iso249_b04/preview/Reference/tables/10_global_technology_iso249_20261006_b04/registry_global_claims.csv,registry_global_claims,4,evidence_state,PREVIEW_SNAPSHOT,7494e6e2064d7ee25d9a4514b7c62b980b6ab069ab21f18ffea2d593d91c821c,371,0,2,特定記錄或主張的證據狀態；VERIFIED 僅限可定位範圍,PROPOSED_CONTEXT_REVIEW,build_semantic_catalog.py: explicit proposed glossary,REVIEW_REQUIRED,隔離未知、宣稱與核實,NOT_APPLICABLE,NOT_ESTABLISHED,,,UNKNOWN_NOT_APPLICABLE_OR_NOT_RECORDED; DO_NOT_IMPUTE_ZERO,UNASSIGNED,PROPOSED_NO_MEASURED_ROI
reports/2026-10-06/global_technology_iso249_b04/preview/Reference/tables/10_global_technology_iso249_20261006_b04/registry_global_claims.csv,registry_global_claims,5,verification_scope,PREVIEW_SNAPSHOT,7494e6e2064d7ee25d9a4514b7c62b980b6ab069ab21f18ffea2d593d91c821c,371,0,4,核實涵蓋的主張、條件與邊界；不把公開描述擴展成性能或部署證明,PROPOSED_CONTEXT_REVIEW,build_semantic_catalog.py: explicit proposed glossary,REVIEW_REQUIRED,限定決策可信範圍,NOT_APPLICABLE,NOT_ESTABLISHED,,,UNKNOWN_NOT_APPLICABLE_OR_NOT_RECORDED; DO_NOT_IMPUTE_ZERO,UNASSIGNED,PROPOSED_NO_MEASURED_ROI
reports/2026-10-06/global_technology_iso249_b04/preview/Reference/tables/10_global_technology_iso249_20261006_b04/registry_global_claims.csv,registry_global_claims,6,product_project_leads,PREVIEW_SNAPSHOT,7494e6e2064d7ee25d9a4514b7c62b980b6ab069ab21f18ffea2d593d91c821c,371,175,195,技術記錄鍵或產品／項目候選線索；候選不等於正式實體,PROPOSED_CONTEXT_REVIEW,build_semantic_catalog.py: explicit proposed glossary,REVIEW_REQUIRED,技術選型與後續查證,NOT_APPLICABLE,NOT_ESTABLISHED,,,UNKNOWN_NOT_APPLICABLE_OR_NOT_RECORDED; DO_NOT_IMPUTE_ZERO,UNASSIGNED,PROPOSED_NO_MEASURED_ROI
reports/2026-10-06/global_technology_iso249_b04/preview/Reference/tables/10_global_technology_iso249_20261006_b04/registry_global_claims.csv,registry_global_claims,7,product_leads_state,PREVIEW_SNAPSHOT,7494e6e2064d7ee25d9a4514b7c62b980b6ab069ab21f18ffea2d593d91c821c,371,0,2,尚未完成欄位語義核實；需來源業務定義、單位、粒度與用途,UNRESOLVED,,REVIEW_REQUIRED,待資料負責人確認,UNKNOWN,NOT_ESTABLISHED,,,UNKNOWN_NOT_APPLICABLE_OR_NOT_RECORDED; DO_NOT_IMPUTE_ZERO,UNASSIGNED,PROPOSED_NO_MEASURED_ROI
reports/2026-10-06/global_technology_iso249_b04/preview/Reference/tables/10_global_technology_iso249_20261006_b04/registry_global_claims.csv,registry_global_claims,8,performance_state,PREVIEW_SNAPSHOT,7494e6e2064d7ee25d9a4514b7c62b980b6ab069ab21f18ffea2d593d91c821c,371,0,1,性能主張或獨立性能驗證狀態；不是性能數值,PROPOSED_CONTEXT_REVIEW,build_semantic_catalog.py: explicit proposed glossary,REVIEW_REQUIRED,避免宣傳數字冒充測試,NOT_APPLICABLE,NOT_ESTABLISHED,,,UNKNOWN_NOT_APPLICABLE_OR_NOT_RECORDED; DO_NOT_IMPUTE_ZERO,UNASSIGNED,PROPOSED_NO_MEASURED_ROI
reports/2026-10-06/global_technology_iso249_b04/preview/Reference/tables/10_global_technology_iso249_20261006_b04/registry_global_claims.csv,registry_global_claims,9,deployment_state,PREVIEW_SNAPSHOT,7494e6e2064d7ee25d9a4514b7c62b980b6ab069ab21f18ffea2d593d91c821c,371,0,1,部署證據狀態；產品存在不等於實際部署,PROPOSED_CONTEXT_REVIEW,build_semantic_catalog.py: explicit proposed glossary,REVIEW_REQUIRED,採用成熟度評估,NOT_APPLICABLE,NOT_ESTABLISHED,,,UNKNOWN_NOT_APPLICABLE_OR_NOT_RECORDED; DO_NOT_IMPUTE_ZERO,UNASSIGNED,PROPOSED_NO_MEASURED_ROI
reports/2026-10-06/global_technology_iso249_b04/preview/Reference/tables/10_global_technology_iso249_20261006_b04/registry_global_claims.csv,registry_global_claims,10,regulatory_state,PREVIEW_SNAPSHOT,7494e6e2064d7ee25d9a4514b7c62b980b6ab069ab21f18ffea2d593d91c821c,371,0,1,監管狀態或其司法區；版次與日期需另定位,PROPOSED_CONTEXT_REVIEW,build_semantic_catalog.py: explicit proposed glossary,REVIEW_REQUIRED,臨床／採購條件評估,NOT_APPLICABLE,NOT_ESTABLISHED,,,UNKNOWN_NOT_APPLICABLE_OR_NOT_RECORDED; DO_NOT_IMPUTE_ZERO,UNASSIGNED,PROPOSED_NO_MEASURED_ROI
reports/2026-10-06/global_technology_iso249_b04/preview/Reference/tables/10_global_technology_iso249_20261006_b04/registry_global_claims.csv,registry_global_claims,11,source_id,PREVIEW_SNAPSHOT,7494e6e2064d7ee25d9a4514b7c62b980b6ab069ab21f18ffea2d593d91c821c,371,7,364,來源登記鍵；僅指來源，不代表該來源全部說法已核實,PROPOSED_CONTEXT_REVIEW,build_semantic_catalog.py: explicit proposed glossary,REVIEW_REQUIRED,主張證據追溯,NOT_APPLICABLE,NOT_ESTABLISHED,,,UNKNOWN_NOT_APPLICABLE_OR_NOT_RECORDED; DO_NOT_IMPUTE_ZERO,UNASSIGNED,PROPOSED_NO_MEASURED_ROI
reports/2026-10-06/global_technology_iso249_b04/preview/Reference/tables/10_global_technology_iso249_20261006_b04/registry_global_claims.csv,registry_global_claims,12,reviewed_on,PREVIEW_SNAPSHOT,7494e6e2064d7ee25d9a4514b7c62b980b6ab069ab21f18ffea2d593d91c821c,371,0,1,資料截至／檢查／審核／搜索／取得時間；各欄依操作分別解讀，時區不可猜,PROPOSED_CONTEXT_REVIEW,build_semantic_catalog.py: explicit proposed glossary,REVIEW_REQUIRED,新鮮度與審核時點,SOURCE_DATE_OR_TIMESTAMP,NOT_ESTABLISHED,,,UNKNOWN_NOT_APPLICABLE_OR_NOT_RECORDED; DO_NOT_IMPUTE_ZERO,UNASSIGNED,PROPOSED_NO_MEASURED_ROI
reports/2026-10-06/global_technology_iso249_b04/preview/Reference/tables/10_global_technology_iso249_20261006_b04/registry_global_claims.csv,registry_global_claims,13,origin_batch,PREVIEW_SNAPSHOT,7494e6e2064d7ee25d9a4514b7c62b980b6ab069ab21f18ffea2d593d91c821c,371,0,4,資料首次引入或本次審核的批次標識；不同快照不能直接累加,PROPOSED_CONTEXT_REVIEW,build_semantic_catalog.py: explicit proposed glossary,REVIEW_REQUIRED,版本與批次去重,NOT_APPLICABLE,NOT_ESTABLISHED,,,UNKNOWN_NOT_APPLICABLE_OR_NOT_RECORDED; DO_NOT_IMPUTE_ZERO,UNASSIGNED,PROPOSED_NO_MEASURED_ROI
reports/2026-10-06/global_technology_iso249_b04/preview/Reference/tables/10_global_technology_iso249_20261006_b04/registry_global_organizations.csv,registry_global_organizations,1,entity_id,PREVIEW_SNAPSHOT,4f8ed43da97e6aabac4c3c550625ffcd1fd87688b61131290c56785e00df8b4e,371,0,371,穩定內部實體識別鍵；命名空間及對象依所屬表，不以相似名稱自動合併,PROPOSED_CONTEXT_REVIEW,build_semantic_catalog.py: explicit proposed glossary,REVIEW_REQUIRED,跨表實體追溯,NOT_APPLICABLE,NOT_ESTABLISHED,,,UNKNOWN_NOT_APPLICABLE_OR_NOT_RECORDED; DO_NOT_IMPUTE_ZERO,UNASSIGNED,PROPOSED_NO_MEASURED_ROI
reports/2026-10-06/global_technology_iso249_b04/preview/Reference/tables/10_global_technology_iso249_20261006_b04/registry_global_organizations.csv,registry_global_organizations,2,display_name,PREVIEW_SNAPSHOT,4f8ed43da97e6aabac4c3c550625ffcd1fd87688b61131290c56785e00df8b4e,371,0,371,尚未完成欄位語義核實；需來源業務定義、單位、粒度與用途,UNRESOLVED,,REVIEW_REQUIRED,待資料負責人確認,UNKNOWN,NOT_ESTABLISHED,,,UNKNOWN_NOT_APPLICABLE_OR_NOT_RECORDED; DO_NOT_IMPUTE_ZERO,UNASSIGNED,PROPOSED_NO_MEASURED_ROI
reports/2026-10-06/global_technology_iso249_b04/preview/Reference/tables/10_global_technology_iso249_20261006_b04/registry_global_organizations.csv,registry_global_organizations,3,entity_type,PREVIEW_SNAPSHOT,4f8ed43da97e6aabac4c3c550625ffcd1fd87688b61131290c56785e00df8b4e,371,0,45,尚未完成欄位語義核實；需來源業務定義、單位、粒度與用途,UNRESOLVED,,REVIEW_REQUIRED,待資料負責人確認,UNKNOWN,NOT_ESTABLISHED,,,UNKNOWN_NOT_APPLICABLE_OR_NOT_RECORDED; DO_NOT_IMPUTE_ZERO,UNASSIGNED,PROPOSED_NO_MEASURED_ROI
reports/2026-10-06/global_technology_iso249_b04/preview/Reference/tables/10_global_technology_iso249_20261006_b04/registry_global_organizations.csv,registry_global_organizations,4,primary_domain,PREVIEW_SNAPSHOT,4f8ed43da97e6aabac4c3c550625ffcd1fd87688b61131290c56785e00df8b4e,371,0,36,尚未完成欄位語義核實；需來源業務定義、單位、粒度與用途,UNRESOLVED,,REVIEW_REQUIRED,待資料負責人確認,UNKNOWN,NOT_ESTABLISHED,,,UNKNOWN_NOT_APPLICABLE_OR_NOT_RECORDED; DO_NOT_IMPUTE_ZERO,UNASSIGNED,PROPOSED_NO_MEASURED_ROI
reports/2026-10-06/global_technology_iso249_b04/preview/Reference/tables/10_global_technology_iso249_20261006_b04/registry_global_organizations.csv,registry_global_organizations,5,country_candidate_iso_alpha2,PREVIEW_SNAPSHOT,4f8ed43da97e6aabac4c3c550625ffcd1fd87688b61131290c56785e00df8b4e,371,36,108,編輯候選國別關聯；不直接證明法律住所、部署國或國家能力,PROPOSED_CONTEXT_REVIEW,build_semantic_catalog.py: explicit proposed glossary,REVIEW_REQUIRED,國別查證候選,ISO_ALPHA2_CANDIDATE,NOT_ESTABLISHED,,,UNKNOWN_NOT_APPLICABLE_OR_NOT_RECORDED; DO_NOT_IMPUTE_ZERO,UNASSIGNED,PROPOSED_NO_MEASURED_ROI
reports/2026-10-06/global_technology_iso249_b04/preview/Reference/tables/10_global_technology_iso249_20261006_b04/registry_global_organizations.csv,registry_global_organizations,6,country_assignment_status,PREVIEW_SNAPSHOT,4f8ed43da97e6aabac4c3c550625ffcd1fd87688b61131290c56785e00df8b4e,371,0,2,法人、住所或國別關係的獨立核實狀態；與機構存在不同,PROPOSED_CONTEXT_REVIEW,build_semantic_catalog.py: explicit proposed glossary,REVIEW_REQUIRED,法人與地理歸屬核實,NOT_APPLICABLE,NOT_ESTABLISHED,,,UNKNOWN_NOT_APPLICABLE_OR_NOT_RECORDED; DO_NOT_IMPUTE_ZERO,UNASSIGNED,PROPOSED_NO_MEASURED_ROI
reports/2026-10-06/global_technology_iso249_b04/preview/Reference/tables/10_global_technology_iso249_20261006_b04/registry_global_organizations.csv,registry_global_organizations,7,legal_entity_status,PREVIEW_SNAPSHOT,4f8ed43da97e6aabac4c3c550625ffcd1fd87688b61131290c56785e00df8b4e,371,0,2,法人、住所或國別關係的獨立核實狀態；與機構存在不同,PROPOSED_CONTEXT_REVIEW,build_semantic_catalog.py: explicit proposed glossary,REVIEW_REQUIRED,法人與地理歸屬核實,NOT_APPLICABLE,NOT_ESTABLISHED,,,UNKNOWN_NOT_APPLICABLE_OR_NOT_RECORDED; DO_NOT_IMPUTE_ZERO,UNASSIGNED,PROPOSED_NO_MEASURED_ROI
reports/2026-10-06/global_technology_iso249_b04/preview/Reference/tables/10_global_technology_iso249_20261006_b04/registry_global_organizations.csv,registry_global_organizations,8,selection_status,PREVIEW_SNAPSHOT,4f8ed43da97e6aabac4c3c550625ffcd1fd87688b61131290c56785e00df8b4e,371,0,5,尚未完成欄位語義核實；需來源業務定義、單位、粒度與用途,UNRESOLVED,,REVIEW_REQUIRED,待資料負責人確認,UNKNOWN,NOT_ESTABLISHED,,,UNKNOWN_NOT_APPLICABLE_OR_NOT_RECORDED; DO_NOT_IMPUTE_ZERO,UNASSIGNED,PROPOSED_NO_MEASURED_ROI
reports/2026-10-06/global_technology_iso249_b04/preview/Reference/tables/10_global_technology_iso249_20261006_b04/registry_global_organizations.csv,registry_global_organizations,9,source_id,PREVIEW_SNAPSHOT,4f8ed43da97e6aabac4c3c550625ffcd1fd87688b61131290c56785e00df8b4e,371,7,364,來源登記鍵；僅指來源，不代表該來源全部說法已核實,PROPOSED_CONTEXT_REVIEW,build_semantic_catalog.py: explicit proposed glossary,REVIEW_REQUIRED,主張證據追溯,NOT_APPLICABLE,NOT_ESTABLISHED,,,UNKNOWN_NOT_APPLICABLE_OR_NOT_RECORDED; DO_NOT_IMPUTE_ZERO,UNASSIGNED,PROPOSED_NO_MEASURED_ROI
reports/2026-10-06/global_technology_iso249_b04/preview/Reference/tables/10_global_technology_iso249_20261006_b04/registry_global_organizations.csv,registry_global_organizations,10,as_of,PREVIEW_SNAPSHOT,4f8ed43da97e6aabac4c3c550625ffcd1fd87688b61131290c56785e00df8b4e,371,0,1,資料截至／檢查／審核／搜索／取得時間；各欄依操作分別解讀，時區不可猜,PROPOSED_CONTEXT_REVIEW,build_semantic_catalog.py: explicit proposed glossary,REVIEW_REQUIRED,新鮮度與審核時點,SOURCE_DATE_OR_TIMESTAMP,NOT_ESTABLISHED,,,UNKNOWN_NOT_APPLICABLE_OR_NOT_RECORDED; DO_NOT_IMPUTE_ZERO,UNASSIGNED,PROPOSED_NO_MEASURED_ROI
reports/2026-10-06/global_technology_iso249_b04/preview/Reference/tables/10_global_technology_iso249_20261006_b04/registry_global_organizations.csv,registry_global_organizations,11,origin_batch,PREVIEW_SNAPSHOT,4f8ed43da97e6aabac4c3c550625ffcd1fd87688b61131290c56785e00df8b4e,371,0,4,資料首次引入或本次審核的批次標識；不同快照不能直接累加,PROPOSED_CONTEXT_REVIEW,build_semantic_catalog.py: explicit proposed glossary,REVIEW_REQUIRED,版本與批次去重,NOT_APPLICABLE,NOT_ESTABLISHED,,,UNKNOWN_NOT_APPLICABLE_OR_NOT_RECORDED; DO_NOT_IMPUTE_ZERO,UNASSIGNED,PROPOSED_NO_MEASURED_ROI
reports/2026-10-06/global_technology_iso249_b04/preview/Reference/tables/10_global_technology_iso249_20261006_b04/registry_global_organizations.csv,registry_global_organizations,12,legal_domicile_state,PREVIEW_SNAPSHOT,4f8ed43da97e6aabac4c3c550625ffcd1fd87688b61131290c56785e00df8b4e,371,0,1,法人、住所或國別關係的獨立核實狀態；與機構存在不同,PROPOSED_CONTEXT_REVIEW,build_semantic_catalog.py: explicit proposed glossary,REVIEW_REQUIRED,法人與地理歸屬核實,NOT_APPLICABLE,NOT_ESTABLISHED,,,UNKNOWN_NOT_APPLICABLE_OR_NOT_RECORDED; DO_NOT_IMPUTE_ZERO,UNASSIGNED,PROPOSED_NO_MEASURED_ROI
reports/2026-10-06/global_technology_iso249_b04/preview/Reference/tables/10_global_technology_iso249_20261006_b04/registry_global_organizations.csv,registry_global_organizations,13,world_frontier_rank_state,PREVIEW_SNAPSHOT,4f8ed43da97e6aabac4c3c550625ffcd1fd87688b61131290c56785e00df8b4e,371,0,1,排名主張的核實狀態；先定義樣本、指標與比較協議,PROPOSED_CONTEXT_REVIEW,build_semantic_catalog.py: explicit proposed glossary,REVIEW_REQUIRED,比較口徑治理,NOT_APPLICABLE,NOT_ESTABLISHED,,,UNKNOWN_NOT_APPLICABLE_OR_NOT_RECORDED; DO_NOT_IMPUTE_ZERO,UNASSIGNED,PROPOSED_NO_MEASURED_ROI
reports/2026-10-06/global_technology_iso249_b04/preview/Reference/tables/10_global_technology_iso249_20261006_b04/registry_global_sources.csv,registry_global_sources,1,source_id,PREVIEW_SNAPSHOT,37fc0bd8c65b2b075a5c49ffaec5202d523e21fae50189ac3c69c1e25dcc4b62,408,0,408,來源登記鍵；僅指來源，不代表該來源全部說法已核實,PROPOSED_CONTEXT_REVIEW,build_semantic_catalog.py: explicit proposed glossary,REVIEW_REQUIRED,主張證據追溯,NOT_APPLICABLE,NOT_ESTABLISHED,,,UNKNOWN_NOT_APPLICABLE_OR_NOT_RECORDED; DO_NOT_IMPUTE_ZERO,UNASSIGNED,PROPOSED_NO_MEASURED_ROI
reports/2026-10-06/global_technology_iso249_b04/preview/Reference/tables/10_global_technology_iso249_20261006_b04/registry_global_sources.csv,registry_global_sources,2,url,PREVIEW_SNAPSHOT,37fc0bd8c65b2b075a5c49ffaec5202d523e21fae50189ac3c69c1e25dcc4b62,408,0,407,來源位址、檔案或行號；連結存在不代表內容可讀或支持主張,PROPOSED_CONTEXT_REVIEW,build_semantic_catalog.py: explicit proposed glossary,REVIEW_REQUIRED,證據定位,NOT_APPLICABLE,NOT_ESTABLISHED,,,UNKNOWN_NOT_APPLICABLE_OR_NOT_RECORDED; DO_NOT_IMPUTE_ZERO,UNASSIGNED,PROPOSED_NO_MEASURED_ROI
reports/2026-10-06/global_technology_iso249_b04/preview/Reference/tables/10_global_technology_iso249_20261006_b04/registry_global_sources.csv,registry_global_sources,3,supports,PREVIEW_SNAPSHOT,37fc0bd8c65b2b075a5c49ffaec5202d523e21fae50189ac3c69c1e25dcc4b62,408,0,342,尚未完成欄位語義核實；需來源業務定義、單位、粒度與用途,UNRESOLVED,,REVIEW_REQUIRED,待資料負責人確認,UNKNOWN,NOT_ESTABLISHED,,,UNKNOWN_NOT_APPLICABLE_OR_NOT_RECORDED; DO_NOT_IMPUTE_ZERO,UNASSIGNED,PROPOSED_NO_MEASURED_ROI
reports/2026-10-06/global_technology_iso249_b04/preview/Reference/tables/10_global_technology_iso249_20261006_b04/registry_global_sources.csv,registry_global_sources,4,source_class,PREVIEW_SNAPSHOT,37fc0bd8c65b2b075a5c49ffaec5202d523e21fae50189ac3c69c1e25dcc4b62,408,0,5,尚未完成欄位語義核實；需來源業務定義、單位、粒度與用途,UNRESOLVED,,REVIEW_REQUIRED,待資料負責人確認,UNKNOWN,NOT_ESTABLISHED,,,UNKNOWN_NOT_APPLICABLE_OR_NOT_RECORDED; DO_NOT_IMPUTE_ZERO,UNASSIGNED,PROPOSED_NO_MEASURED_ROI
reports/2026-10-06/global_technology_iso249_b04/preview/Reference/tables/10_global_technology_iso249_20261006_b04/registry_global_sources.csv,registry_global_sources,5,access_state,PREVIEW_SNAPSHOT,37fc0bd8c65b2b075a5c49ffaec5202d523e21fae50189ac3c69c1e25dcc4b62,408,0,3,尚未完成欄位語義核實；需來源業務定義、單位、粒度與用途,UNRESOLVED,,REVIEW_REQUIRED,待資料負責人確認,UNKNOWN,NOT_ESTABLISHED,,,UNKNOWN_NOT_APPLICABLE_OR_NOT_RECORDED; DO_NOT_IMPUTE_ZERO,UNASSIGNED,PROPOSED_NO_MEASURED_ROI
reports/2026-10-06/global_technology_iso249_b04/preview/Reference/tables/10_global_technology_iso249_20261006_b04/registry_global_sources.csv,registry_global_sources,6,checked_on,PREVIEW_SNAPSHOT,37fc0bd8c65b2b075a5c49ffaec5202d523e21fae50189ac3c69c1e25dcc4b62,408,79,1,資料截至／檢查／審核／搜索／取得時間；各欄依操作分別解讀，時區不可猜,PROPOSED_CONTEXT_REVIEW,build_semantic_catalog.py: explicit proposed glossary,REVIEW_REQUIRED,新鮮度與審核時點,SOURCE_DATE_OR_TIMESTAMP,NOT_ESTABLISHED,,,UNKNOWN_NOT_APPLICABLE_OR_NOT_RECORDED; DO_NOT_IMPUTE_ZERO,UNASSIGNED,PROPOSED_NO_MEASURED_ROI
reports/2026-10-06/global_technology_iso249_b04/preview/Reference/tables/10_global_technology_iso249_20261006_b04/registry_global_sources.csv,registry_global_sources,7,published_on,PREVIEW_SNAPSHOT,37fc0bd8c65b2b075a5c49ffaec5202d523e21fae50189ac3c69c1e25dcc4b62,408,408,0,尚未完成欄位語義核實；需來源業務定義、單位、粒度與用途,UNRESOLVED,,REVIEW_REQUIRED,待資料負責人確認,UNKNOWN,NOT_ESTABLISHED,,,UNKNOWN_NOT_APPLICABLE_OR_NOT_RECORDED; DO_NOT_IMPUTE_ZERO,UNASSIGNED,PROPOSED_NO_MEASURED_ROI
reports/2026-10-06/global_technology_iso249_b04/preview/Reference/tables/10_global_technology_iso249_20261006_b04/registry_global_sources.csv,registry_global_sources,8,archive_state,PREVIEW_SNAPSHOT,37fc0bd8c65b2b075a5c49ffaec5202d523e21fae50189ac3c69c1e25dcc4b62,408,0,1,尚未完成欄位語義核實；需來源業務定義、單位、粒度與用途,UNRESOLVED,,REVIEW_REQUIRED,待資料負責人確認,UNKNOWN,NOT_ESTABLISHED,,,UNKNOWN_NOT_APPLICABLE_OR_NOT_RECORDED; DO_NOT_IMPUTE_ZERO,UNASSIGNED,PROPOSED_NO_MEASURED_ROI
reports/2026-10-06/global_technology_iso249_b04/preview/Reference/tables/10_global_technology_iso249_20261006_b04/registry_global_sources.csv,registry_global_sources,9,license_state,PREVIEW_SNAPSHOT,37fc0bd8c65b2b075a5c49ffaec5202d523e21fae50189ac3c69c1e25dcc4b62,408,0,1,授權審核狀態；需定位產品／資料／权重與版本,PROPOSED_CONTEXT_REVIEW,build_semantic_catalog.py: explicit proposed glossary,REVIEW_REQUIRED,用途准入,NOT_APPLICABLE,NOT_ESTABLISHED,,,UNKNOWN_NOT_APPLICABLE_OR_NOT_RECORDED; DO_NOT_IMPUTE_ZERO,UNASSIGNED,PROPOSED_NO_MEASURED_ROI
reports/2026-10-06/global_technology_iso249_b04/preview/Reference/tables/10_global_technology_iso249_20261006_b04/registry_global_sources.csv,registry_global_sources,10,origin_batch,PREVIEW_SNAPSHOT,37fc0bd8c65b2b075a5c49ffaec5202d523e21fae50189ac3c69c1e25dcc4b62,408,0,5,資料首次引入或本次審核的批次標識；不同快照不能直接累加,PROPOSED_CONTEXT_REVIEW,build_semantic_catalog.py: explicit proposed glossary,REVIEW_REQUIRED,版本與批次去重,NOT_APPLICABLE,NOT_ESTABLISHED,,,UNKNOWN_NOT_APPLICABLE_OR_NOT_RECORDED; DO_NOT_IMPUTE_ZERO,UNASSIGNED,PROPOSED_NO_MEASURED_ROI
reports/2026-10-06/global_technology_iso249_b04/preview/Reference/tables/10_global_technology_iso249_20261006_b04/registry_neurotechnology_global.csv,registry_neurotechnology_global,1,neuro_id,PREVIEW_SNAPSHOT,68759bafbd7b59bda5c6c19110b9cabace445f51377cd1ea8785bd669e2753a9,16,0,16,尚未完成欄位語義核實；需來源業務定義、單位、粒度與用途,UNRESOLVED,,REVIEW_REQUIRED,待資料負責人確認,UNKNOWN,NOT_ESTABLISHED,,,UNKNOWN_NOT_APPLICABLE_OR_NOT_RECORDED; DO_NOT_IMPUTE_ZERO,UNASSIGNED,PROPOSED_NO_MEASURED_ROI
reports/2026-10-06/global_technology_iso249_b04/preview/Reference/tables/10_global_technology_iso249_20261006_b04/registry_neurotechnology_global.csv,registry_neurotechnology_global,2,entity_id,PREVIEW_SNAPSHOT,68759bafbd7b59bda5c6c19110b9cabace445f51377cd1ea8785bd669e2753a9,16,0,15,穩定內部實體識別鍵；命名空間及對象依所屬表，不以相似名稱自動合併,PROPOSED_CONTEXT_REVIEW,build_semantic_catalog.py: explicit proposed glossary,REVIEW_REQUIRED,跨表實體追溯,NOT_APPLICABLE,NOT_ESTABLISHED,,,UNKNOWN_NOT_APPLICABLE_OR_NOT_RECORDED; DO_NOT_IMPUTE_ZERO,UNASSIGNED,PROPOSED_NO_MEASURED_ROI
reports/2026-10-06/global_technology_iso249_b04/preview/Reference/tables/10_global_technology_iso249_20261006_b04/registry_neurotechnology_global.csv,registry_neurotechnology_global,3,project_name,PREVIEW_SNAPSHOT,68759bafbd7b59bda5c6c19110b9cabace445f51377cd1ea8785bd669e2753a9,16,0,16,尚未完成欄位語義核實；需來源業務定義、單位、粒度與用途,UNRESOLVED,,REVIEW_REQUIRED,待資料負責人確認,UNKNOWN,NOT_ESTABLISHED,,,UNKNOWN_NOT_APPLICABLE_OR_NOT_RECORDED; DO_NOT_IMPUTE_ZERO,UNASSIGNED,PROPOSED_NO_MEASURED_ROI
reports/2026-10-06/global_technology_iso249_b04/preview/Reference/tables/10_global_technology_iso249_20261006_b04/registry_neurotechnology_global.csv,registry_neurotechnology_global,4,country_candidate_iso_alpha2,PREVIEW_SNAPSHOT,68759bafbd7b59bda5c6c19110b9cabace445f51377cd1ea8785bd669e2753a9,16,0,8,編輯候選國別關聯；不直接證明法律住所、部署國或國家能力,PROPOSED_CONTEXT_REVIEW,build_semantic_catalog.py: explicit proposed glossary,REVIEW_REQUIRED,國別查證候選,ISO_ALPHA2_CANDIDATE,NOT_ESTABLISHED,,,UNKNOWN_NOT_APPLICABLE_OR_NOT_RECORDED; DO_NOT_IMPUTE_ZERO,UNASSIGNED,PROPOSED_NO_MEASURED_ROI
reports/2026-10-06/global_technology_iso249_b04/preview/Reference/tables/10_global_technology_iso249_20261006_b04/registry_neurotechnology_global.csv,registry_neurotechnology_global,5,country_relation_state,PREVIEW_SNAPSHOT,68759bafbd7b59bda5c6c19110b9cabace445f51377cd1ea8785bd669e2753a9,16,0,2,法人、住所或國別關係的獨立核實狀態；與機構存在不同,PROPOSED_CONTEXT_REVIEW,build_semantic_catalog.py: explicit proposed glossary,REVIEW_REQUIRED,法人與地理歸屬核實,NOT_APPLICABLE,NOT_ESTABLISHED,,,UNKNOWN_NOT_APPLICABLE_OR_NOT_RECORDED; DO_NOT_IMPUTE_ZERO,UNASSIGNED,PROPOSED_NO_MEASURED_ROI
reports/2026-10-06/global_technology_iso249_b04/preview/Reference/tables/10_global_technology_iso249_20261006_b04/registry_neurotechnology_global.csv,registry_neurotechnology_global,6,invasiveness,PREVIEW_SNAPSHOT,68759bafbd7b59bda5c6c19110b9cabace445f51377cd1ea8785bd669e2753a9,16,0,9,介面侵入性分類；需具體植入／介入部位與程序證據,PROPOSED_CONTEXT_REVIEW,build_semantic_catalog.py: explicit proposed glossary,REVIEW_REQUIRED,技術風險與成熟度,NOT_APPLICABLE,NOT_ESTABLISHED,,,UNKNOWN_NOT_APPLICABLE_OR_NOT_RECORDED; DO_NOT_IMPUTE_ZERO,UNASSIGNED,PROPOSED_NO_MEASURED_ROI
reports/2026-10-06/global_technology_iso249_b04/preview/Reference/tables/10_global_technology_iso249_20261006_b04/registry_neurotechnology_global.csv,registry_neurotechnology_global,7,modality,PREVIEW_SNAPSHOT,68759bafbd7b59bda5c6c19110b9cabace445f51377cd1ea8785bd669e2753a9,16,0,7,量測／刺激模態，例如 EEG、ECoG、微電極、fNIRS、TMS；不能等同功能證明,PROPOSED_CONTEXT_REVIEW,build_semantic_catalog.py: explicit proposed glossary,REVIEW_REQUIRED,技術分類,NOT_APPLICABLE,NOT_ESTABLISHED,,,UNKNOWN_NOT_APPLICABLE_OR_NOT_RECORDED; DO_NOT_IMPUTE_ZERO,UNASSIGNED,PROPOSED_NO_MEASURED_ROI
reports/2026-10-06/global_technology_iso249_b04/preview/Reference/tables/10_global_technology_iso249_20261006_b04/registry_neurotechnology_global.csv,registry_neurotechnology_global,8,signal_direction,PREVIEW_SNAPSHOT,68759bafbd7b59bda5c6c19110b9cabace445f51377cd1ea8785bd669e2753a9,16,0,8,讀取、寫入或雙向功能；需任務與人體／動物等條件,PROPOSED_CONTEXT_REVIEW,build_semantic_catalog.py: explicit proposed glossary,REVIEW_REQUIRED,能力方向比較,NOT_APPLICABLE,NOT_ESTABLISHED,,,UNKNOWN_NOT_APPLICABLE_OR_NOT_RECORDED; DO_NOT_IMPUTE_ZERO,UNASSIGNED,PROPOSED_NO_MEASURED_ROI
reports/2026-10-06/global_technology_iso249_b04/preview/Reference/tables/10_global_technology_iso249_20261006_b04/registry_neurotechnology_global.csv,registry_neurotechnology_global,9,direction_state,PREVIEW_SNAPSHOT,68759bafbd7b59bda5c6c19110b9cabace445f51377cd1ea8785bd669e2753a9,16,0,4,尚未完成欄位語義核實；需來源業務定義、單位、粒度與用途,UNRESOLVED,,REVIEW_REQUIRED,待資料負責人確認,UNKNOWN,NOT_ESTABLISHED,,,UNKNOWN_NOT_APPLICABLE_OR_NOT_RECORDED; DO_NOT_IMPUTE_ZERO,UNASSIGNED,PROPOSED_NO_MEASURED_ROI
reports/2026-10-06/global_technology_iso249_b04/preview/Reference/tables/10_global_technology_iso249_20261006_b04/registry_neurotechnology_global.csv,registry_neurotechnology_global,10,remote_state,PREVIEW_SNAPSHOT,68759bafbd7b59bda5c6c19110b9cabace445f51377cd1ea8785bd669e2753a9,16,0,3,遠端相關主張狀態；網路存取與距離腦訊號量測分別核實,PROPOSED_CONTEXT_REVIEW,build_semantic_catalog.py: explicit proposed glossary,REVIEW_REQUIRED,防止遠端概念混用,NOT_APPLICABLE,NOT_ESTABLISHED,,,UNKNOWN_NOT_APPLICABLE_OR_NOT_RECORDED; DO_NOT_IMPUTE_ZERO,UNASSIGNED,PROPOSED_NO_MEASURED_ROI
reports/2026-10-06/global_technology_iso249_b04/preview/Reference/tables/10_global_technology_iso249_20261006_b04/registry_neurotechnology_global.csv,registry_neurotechnology_global,11,information_bandwidth_bits_per_second,PREVIEW_SNAPSHOT,68759bafbd7b59bda5c6c19110b9cabace445f51377cd1ea8785bd669e2753a9,16,16,0,資訊帶寬測量值；需協議、任務、噪音、樣本與誤差，未公開留空,PROPOSED_CONTEXT_REVIEW,build_semantic_catalog.py: explicit proposed glossary,REVIEW_REQUIRED,可比較訊號傳輸能力,bits/s,NOT_ESTABLISHED,,,UNKNOWN_NOT_APPLICABLE_OR_NOT_RECORDED; DO_NOT_IMPUTE_ZERO,UNASSIGNED,PROPOSED_NO_MEASURED_ROI
reports/2026-10-06/global_technology_iso249_b04/preview/Reference/tables/10_global_technology_iso249_20261006_b04/registry_neurotechnology_global.csv,registry_neurotechnology_global,12,bandwidth_state,PREVIEW_SNAPSHOT,68759bafbd7b59bda5c6c19110b9cabace445f51377cd1ea8785bd669e2753a9,16,0,1,尚未完成欄位語義核實；需來源業務定義、單位、粒度與用途,UNRESOLVED,,REVIEW_REQUIRED,待資料負責人確認,UNKNOWN,NOT_ESTABLISHED,,,UNKNOWN_NOT_APPLICABLE_OR_NOT_RECORDED; DO_NOT_IMPUTE_ZERO,UNASSIGNED,PROPOSED_NO_MEASURED_ROI
reports/2026-10-06/global_technology_iso249_b04/preview/Reference/tables/10_global_technology_iso249_20261006_b04/registry_neurotechnology_global.csv,registry_neurotechnology_global,13,bandwidth_protocol,PREVIEW_SNAPSHOT,68759bafbd7b59bda5c6c19110b9cabace445f51377cd1ea8785bd669e2753a9,16,0,1,資訊帶寬測試協議或方法；沒有方法不能直接比較數值,PROPOSED_CONTEXT_REVIEW,build_semantic_catalog.py: explicit proposed glossary,REVIEW_REQUIRED,測量可重現,NOT_APPLICABLE,NOT_ESTABLISHED,,,UNKNOWN_NOT_APPLICABLE_OR_NOT_RECORDED; DO_NOT_IMPUTE_ZERO,UNASSIGNED,PROPOSED_NO_MEASURED_ROI
reports/2026-10-06/global_technology_iso249_b04/preview/Reference/tables/10_global_technology_iso249_20261006_b04/registry_neurotechnology_global.csv,registry_neurotechnology_global,14,human_trial_state,PREVIEW_SNAPSHOT,68759bafbd7b59bda5c6c19110b9cabace445f51377cd1ea8785bd669e2753a9,16,0,4,人體試驗證據、臨床階段或登記狀態；試驗登記不等於結果或許可,PROPOSED_CONTEXT_REVIEW,build_semantic_catalog.py: explicit proposed glossary,REVIEW_REQUIRED,臨床成熟度,NOT_APPLICABLE,NOT_ESTABLISHED,,,UNKNOWN_NOT_APPLICABLE_OR_NOT_RECORDED; DO_NOT_IMPUTE_ZERO,UNASSIGNED,PROPOSED_NO_MEASURED_ROI
reports/2026-10-06/global_technology_iso249_b04/preview/Reference/tables/10_global_technology_iso249_20261006_b04/registry_neurotechnology_global.csv,registry_neurotechnology_global,15,trial_ids,PREVIEW_SNAPSHOT,68759bafbd7b59bda5c6c19110b9cabace445f51377cd1ea8785bd669e2753a9,16,15,1,文獻、專利或試驗識別碼集合；取得識別碼不代表正文已審,PROPOSED_CONTEXT_REVIEW,build_semantic_catalog.py: explicit proposed glossary,REVIEW_REQUIRED,證據回溯,NOT_APPLICABLE,NOT_ESTABLISHED,,,UNKNOWN_NOT_APPLICABLE_OR_NOT_RECORDED; DO_NOT_IMPUTE_ZERO,UNASSIGNED,PROPOSED_NO_MEASURED_ROI
reports/2026-10-06/global_technology_iso249_b04/preview/Reference/tables/10_global_technology_iso249_20261006_b04/registry_neurotechnology_global.csv,registry_neurotechnology_global,16,trial_registry_status,PREVIEW_SNAPSHOT,68759bafbd7b59bda5c6c19110b9cabace445f51377cd1ea8785bd669e2753a9,16,0,1,人體試驗證據、臨床階段或登記狀態；試驗登記不等於結果或許可,PROPOSED_CONTEXT_REVIEW,build_semantic_catalog.py: explicit proposed glossary,REVIEW_REQUIRED,臨床成熟度,NOT_APPLICABLE,NOT_ESTABLISHED,,,UNKNOWN_NOT_APPLICABLE_OR_NOT_RECORDED; DO_NOT_IMPUTE_ZERO,UNASSIGNED,PROPOSED_NO_MEASURED_ROI
reports/2026-10-06/global_technology_iso249_b04/preview/Reference/tables/10_global_technology_iso249_20261006_b04/registry_neurotechnology_global.csv,registry_neurotechnology_global,17,clinical_phase,PREVIEW_SNAPSHOT,68759bafbd7b59bda5c6c19110b9cabace445f51377cd1ea8785bd669e2753a9,16,0,1,人體試驗證據、臨床階段或登記狀態；試驗登記不等於結果或許可,PROPOSED_CONTEXT_REVIEW,build_semantic_catalog.py: explicit proposed glossary,REVIEW_REQUIRED,臨床成熟度,NOT_APPLICABLE,NOT_ESTABLISHED,,,UNKNOWN_NOT_APPLICABLE_OR_NOT_RECORDED; DO_NOT_IMPUTE_ZERO,UNASSIGNED,PROPOSED_NO_MEASURED_ROI
reports/2026-10-06/global_technology_iso249_b04/preview/Reference/tables/10_global_technology_iso249_20261006_b04/registry_neurotechnology_global.csv,registry_neurotechnology_global,18,publication_ids,PREVIEW_SNAPSHOT,68759bafbd7b59bda5c6c19110b9cabace445f51377cd1ea8785bd669e2753a9,16,13,3,文獻、專利或試驗識別碼集合；取得識別碼不代表正文已審,PROPOSED_CONTEXT_REVIEW,build_semantic_catalog.py: explicit proposed glossary,REVIEW_REQUIRED,證據回溯,NOT_APPLICABLE,NOT_ESTABLISHED,,,UNKNOWN_NOT_APPLICABLE_OR_NOT_RECORDED; DO_NOT_IMPUTE_ZERO,UNASSIGNED,PROPOSED_NO_MEASURED_ROI
reports/2026-10-06/global_technology_iso249_b04/preview/Reference/tables/10_global_technology_iso249_20261006_b04/registry_neurotechnology_global.csv,registry_neurotechnology_global,19,publication_state,PREVIEW_SNAPSHOT,68759bafbd7b59bda5c6c19110b9cabace445f51377cd1ea8785bd669e2753a9,16,0,2,尚未完成欄位語義核實；需來源業務定義、單位、粒度與用途,UNRESOLVED,,REVIEW_REQUIRED,待資料負責人確認,UNKNOWN,NOT_ESTABLISHED,,,UNKNOWN_NOT_APPLICABLE_OR_NOT_RECORDED; DO_NOT_IMPUTE_ZERO,UNASSIGNED,PROPOSED_NO_MEASURED_ROI
reports/2026-10-06/global_technology_iso249_b04/preview/Reference/tables/10_global_technology_iso249_20261006_b04/registry_neurotechnology_global.csv,registry_neurotechnology_global,20,patent_ids,PREVIEW_SNAPSHOT,68759bafbd7b59bda5c6c19110b9cabace445f51377cd1ea8785bd669e2753a9,16,16,0,文獻、專利或試驗識別碼集合；取得識別碼不代表正文已審,PROPOSED_CONTEXT_REVIEW,build_semantic_catalog.py: explicit proposed glossary,REVIEW_REQUIRED,證據回溯,NOT_APPLICABLE,NOT_ESTABLISHED,,,UNKNOWN_NOT_APPLICABLE_OR_NOT_RECORDED; DO_NOT_IMPUTE_ZERO,UNASSIGNED,PROPOSED_NO_MEASURED_ROI
reports/2026-10-06/global_technology_iso249_b04/preview/Reference/tables/10_global_technology_iso249_20261006_b04/registry_neurotechnology_global.csv,registry_neurotechnology_global,21,patent_state,PREVIEW_SNAPSHOT,68759bafbd7b59bda5c6c19110b9cabace445f51377cd1ea8785bd669e2753a9,16,0,1,尚未完成欄位語義核實；需來源業務定義、單位、粒度與用途,UNRESOLVED,,REVIEW_REQUIRED,待資料負責人確認,UNKNOWN,NOT_ESTABLISHED,,,UNKNOWN_NOT_APPLICABLE_OR_NOT_RECORDED; DO_NOT_IMPUTE_ZERO,UNASSIGNED,PROPOSED_NO_MEASURED_ROI
reports/2026-10-06/global_technology_iso249_b04/preview/Reference/tables/10_global_technology_iso249_20261006_b04/registry_neurotechnology_global.csv,registry_neurotechnology_global,22,regulatory_state,PREVIEW_SNAPSHOT,68759bafbd7b59bda5c6c19110b9cabace445f51377cd1ea8785bd669e2753a9,16,0,3,監管狀態或其司法區；版次與日期需另定位,PROPOSED_CONTEXT_REVIEW,build_semantic_catalog.py: explicit proposed glossary,REVIEW_REQUIRED,臨床／採購條件評估,NOT_APPLICABLE,NOT_ESTABLISHED,,,UNKNOWN_NOT_APPLICABLE_OR_NOT_RECORDED; DO_NOT_IMPUTE_ZERO,UNASSIGNED,PROPOSED_NO_MEASURED_ROI
reports/2026-10-06/global_technology_iso249_b04/preview/Reference/tables/10_global_technology_iso249_20261006_b04/registry_neurotechnology_global.csv,registry_neurotechnology_global,23,regulatory_jurisdiction,PREVIEW_SNAPSHOT,68759bafbd7b59bda5c6c19110b9cabace445f51377cd1ea8785bd669e2753a9,16,0,2,監管狀態或其司法區；版次與日期需另定位,PROPOSED_CONTEXT_REVIEW,build_semantic_catalog.py: explicit proposed glossary,REVIEW_REQUIRED,臨床／採購條件評估,NOT_APPLICABLE,NOT_ESTABLISHED,,,UNKNOWN_NOT_APPLICABLE_OR_NOT_RECORDED; DO_NOT_IMPUTE_ZERO,UNASSIGNED,PROPOSED_NO_MEASURED_ROI
reports/2026-10-06/global_technology_iso249_b04/preview/Reference/tables/10_global_technology_iso249_20261006_b04/registry_neurotechnology_global.csv,registry_neurotechnology_global,24,N0_N7_level,PREVIEW_SNAPSHOT,68759bafbd7b59bda5c6c19110b9cabace445f51377cd1ea8785bd669e2753a9,16,0,1,國家能力或神經技術分級狀態；缺測試定義或證據維持 UNKNOWN,PROPOSED_CONTEXT_REVIEW,build_semantic_catalog.py: explicit proposed glossary,REVIEW_REQUIRED,防止無證據國別排名,NOT_APPLICABLE,NOT_ESTABLISHED,,,UNKNOWN_NOT_APPLICABLE_OR_NOT_RECORDED; DO_NOT_IMPUTE_ZERO,UNASSIGNED,PROPOSED_NO_MEASURED_ROI
reports/2026-10-06/global_technology_iso249_b04/preview/Reference/tables/10_global_technology_iso249_20261006_b04/registry_neurotechnology_global.csv,registry_neurotechnology_global,25,evidence_state,PREVIEW_SNAPSHOT,68759bafbd7b59bda5c6c19110b9cabace445f51377cd1ea8785bd669e2753a9,16,0,2,特定記錄或主張的證據狀態；VERIFIED 僅限可定位範圍,PROPOSED_CONTEXT_REVIEW,build_semantic_catalog.py: explicit proposed glossary,REVIEW_REQUIRED,隔離未知、宣稱與核實,NOT_APPLICABLE,NOT_ESTABLISHED,,,UNKNOWN_NOT_APPLICABLE_OR_NOT_RECORDED; DO_NOT_IMPUTE_ZERO,UNASSIGNED,PROPOSED_NO_MEASURED_ROI
reports/2026-10-06/global_technology_iso249_b04/preview/Reference/tables/10_global_technology_iso249_20261006_b04/registry_neurotechnology_global.csv,registry_neurotechnology_global,26,verification_scope,PREVIEW_SNAPSHOT,68759bafbd7b59bda5c6c19110b9cabace445f51377cd1ea8785bd669e2753a9,16,0,3,核實涵蓋的主張、條件與邊界；不把公開描述擴展成性能或部署證明,PROPOSED_CONTEXT_REVIEW,build_semantic_catalog.py: explicit proposed glossary,REVIEW_REQUIRED,限定決策可信範圍,NOT_APPLICABLE,NOT_ESTABLISHED,,,UNKNOWN_NOT_APPLICABLE_OR_NOT_RECORDED; DO_NOT_IMPUTE_ZERO,UNASSIGNED,PROPOSED_NO_MEASURED_ROI
reports/2026-10-06/global_technology_iso249_b04/preview/Reference/tables/10_global_technology_iso249_20261006_b04/registry_neurotechnology_global.csv,registry_neurotechnology_global,27,source_id,PREVIEW_SNAPSHOT,68759bafbd7b59bda5c6c19110b9cabace445f51377cd1ea8785bd669e2753a9,16,0,16,來源登記鍵；僅指來源，不代表該來源全部說法已核實,PROPOSED_CONTEXT_REVIEW,build_semantic_catalog.py: explicit proposed glossary,REVIEW_REQUIRED,主張證據追溯,NOT_APPLICABLE,NOT_ESTABLISHED,,,UNKNOWN_NOT_APPLICABLE_OR_NOT_RECORDED; DO_NOT_IMPUTE_ZERO,UNASSIGNED,PROPOSED_NO_MEASURED_ROI
reports/2026-10-06/global_technology_iso249_b04/preview/Reference/tables/10_global_technology_iso249_20261006_b04/registry_neurotechnology_global.csv,registry_neurotechnology_global,28,notes,PREVIEW_SNAPSHOT,68759bafbd7b59bda5c6c19110b9cabace445f51377cd1ea8785bd669e2753a9,16,0,6,尚未完成欄位語義核實；需來源業務定義、單位、粒度與用途,UNRESOLVED,,REVIEW_REQUIRED,待資料負責人確認,UNKNOWN,NOT_ESTABLISHED,,,UNKNOWN_NOT_APPLICABLE_OR_NOT_RECORDED; DO_NOT_IMPUTE_ZERO,UNASSIGNED,PROPOSED_NO_MEASURED_ROI
reports/2026-10-06/global_technology_iso249_b04/preview/Reference/tables/10_global_technology_iso249_20261006_b04/registry_neurotechnology_global.csv,registry_neurotechnology_global,29,as_of,PREVIEW_SNAPSHOT,68759bafbd7b59bda5c6c19110b9cabace445f51377cd1ea8785bd669e2753a9,16,0,1,資料截至／檢查／審核／搜索／取得時間；各欄依操作分別解讀，時區不可猜,PROPOSED_CONTEXT_REVIEW,build_semantic_catalog.py: explicit proposed glossary,REVIEW_REQUIRED,新鮮度與審核時點,SOURCE_DATE_OR_TIMESTAMP,NOT_ESTABLISHED,,,UNKNOWN_NOT_APPLICABLE_OR_NOT_RECORDED; DO_NOT_IMPUTE_ZERO,UNASSIGNED,PROPOSED_NO_MEASURED_ROI
reports/2026-10-06/global_technology_iso249_b04/preview/Reference/tables/10_global_technology_iso249_20261006_b04/registry_technology_lifecycle_events.csv,registry_technology_lifecycle_events,1,event_id,PREVIEW_SNAPSHOT,dccbfb53ae30c9d3206163dd57b7b0220ee61573f7c994783daf3c914529ae56,1,0,1,尚未完成欄位語義核實；需來源業務定義、單位、粒度與用途,UNRESOLVED,,REVIEW_REQUIRED,待資料負責人確認,UNKNOWN,NOT_ESTABLISHED,,,UNKNOWN_NOT_APPLICABLE_OR_NOT_RECORDED; DO_NOT_IMPUTE_ZERO,UNASSIGNED,PROPOSED_NO_MEASURED_ROI
reports/2026-10-06/global_technology_iso249_b04/preview/Reference/tables/10_global_technology_iso249_20261006_b04/registry_technology_lifecycle_events.csv,registry_technology_lifecycle_events,2,technology_id,PREVIEW_SNAPSHOT,dccbfb53ae30c9d3206163dd57b7b0220ee61573f7c994783daf3c914529ae56,1,0,1,技術記錄鍵或產品／項目候選線索；候選不等於正式實體,PROPOSED_CONTEXT_REVIEW,build_semantic_catalog.py: explicit proposed glossary,REVIEW_REQUIRED,技術選型與後續查證,NOT_APPLICABLE,NOT_ESTABLISHED,,,UNKNOWN_NOT_APPLICABLE_OR_NOT_RECORDED; DO_NOT_IMPUTE_ZERO,UNASSIGNED,PROPOSED_NO_MEASURED_ROI
reports/2026-10-06/global_technology_iso249_b04/preview/Reference/tables/10_global_technology_iso249_20261006_b04/registry_technology_lifecycle_events.csv,registry_technology_lifecycle_events,3,entity_id,PREVIEW_SNAPSHOT,dccbfb53ae30c9d3206163dd57b7b0220ee61573f7c994783daf3c914529ae56,1,0,1,穩定內部實體識別鍵；命名空間及對象依所屬表，不以相似名稱自動合併,PROPOSED_CONTEXT_REVIEW,build_semantic_catalog.py: explicit proposed glossary,REVIEW_REQUIRED,跨表實體追溯,NOT_APPLICABLE,NOT_ESTABLISHED,,,UNKNOWN_NOT_APPLICABLE_OR_NOT_RECORDED; DO_NOT_IMPUTE_ZERO,UNASSIGNED,PROPOSED_NO_MEASURED_ROI
reports/2026-10-06/global_technology_iso249_b04/preview/Reference/tables/10_global_technology_iso249_20261006_b04/registry_technology_lifecycle_events.csv,registry_technology_lifecycle_events,4,event_date,PREVIEW_SNAPSHOT,dccbfb53ae30c9d3206163dd57b7b0220ee61573f7c994783daf3c914529ae56,1,0,1,尚未完成欄位語義核實；需來源業務定義、單位、粒度與用途,UNRESOLVED,,REVIEW_REQUIRED,待資料負責人確認,UNKNOWN,NOT_ESTABLISHED,,,UNKNOWN_NOT_APPLICABLE_OR_NOT_RECORDED; DO_NOT_IMPUTE_ZERO,UNASSIGNED,PROPOSED_NO_MEASURED_ROI
reports/2026-10-06/global_technology_iso249_b04/preview/Reference/tables/10_global_technology_iso249_20261006_b04/registry_technology_lifecycle_events.csv,registry_technology_lifecycle_events,5,event_type,PREVIEW_SNAPSHOT,dccbfb53ae30c9d3206163dd57b7b0220ee61573f7c994783daf3c914529ae56,1,0,1,尚未完成欄位語義核實；需來源業務定義、單位、粒度與用途,UNRESOLVED,,REVIEW_REQUIRED,待資料負責人確認,UNKNOWN,NOT_ESTABLISHED,,,UNKNOWN_NOT_APPLICABLE_OR_NOT_RECORDED; DO_NOT_IMPUTE_ZERO,UNASSIGNED,PROPOSED_NO_MEASURED_ROI
reports/2026-10-06/global_technology_iso249_b04/preview/Reference/tables/10_global_technology_iso249_20261006_b04/registry_technology_lifecycle_events.csv,registry_technology_lifecycle_events,6,claim,PREVIEW_SNAPSHOT,dccbfb53ae30c9d3206163dd57b7b0220ee61573f7c994783daf3c914529ae56,1,0,1,一項待審或歷史主張的文字；與其證據狀態一起使用,PROPOSED_CONTEXT_REVIEW,build_semantic_catalog.py: explicit proposed glossary,REVIEW_REQUIRED,保存研究命題,NOT_APPLICABLE,NOT_ESTABLISHED,,,UNKNOWN_NOT_APPLICABLE_OR_NOT_RECORDED; DO_NOT_IMPUTE_ZERO,UNASSIGNED,PROPOSED_NO_MEASURED_ROI
reports/2026-10-06/global_technology_iso249_b04/preview/Reference/tables/10_global_technology_iso249_20261006_b04/registry_technology_lifecycle_events.csv,registry_technology_lifecycle_events,7,evidence_state,PREVIEW_SNAPSHOT,dccbfb53ae30c9d3206163dd57b7b0220ee61573f7c994783daf3c914529ae56,1,0,1,特定記錄或主張的證據狀態；VERIFIED 僅限可定位範圍,PROPOSED_CONTEXT_REVIEW,build_semantic_catalog.py: explicit proposed glossary,REVIEW_REQUIRED,隔離未知、宣稱與核實,NOT_APPLICABLE,NOT_ESTABLISHED,,,UNKNOWN_NOT_APPLICABLE_OR_NOT_RECORDED; DO_NOT_IMPUTE_ZERO,UNASSIGNED,PROPOSED_NO_MEASURED_ROI
reports/2026-10-06/global_technology_iso249_b04/preview/Reference/tables/10_global_technology_iso249_20261006_b04/registry_technology_lifecycle_events.csv,registry_technology_lifecycle_events,8,verification_scope,PREVIEW_SNAPSHOT,dccbfb53ae30c9d3206163dd57b7b0220ee61573f7c994783daf3c914529ae56,1,0,1,核實涵蓋的主張、條件與邊界；不把公開描述擴展成性能或部署證明,PROPOSED_CONTEXT_REVIEW,build_semantic_catalog.py: explicit proposed glossary,REVIEW_REQUIRED,限定決策可信範圍,NOT_APPLICABLE,NOT_ESTABLISHED,,,UNKNOWN_NOT_APPLICABLE_OR_NOT_RECORDED; DO_NOT_IMPUTE_ZERO,UNASSIGNED,PROPOSED_NO_MEASURED_ROI
reports/2026-10-06/global_technology_iso249_b04/preview/Reference/tables/10_global_technology_iso249_20261006_b04/registry_technology_lifecycle_events.csv,registry_technology_lifecycle_events,9,independent_deployment_state,PREVIEW_SNAPSHOT,dccbfb53ae30c9d3206163dd57b7b0220ee61573f7c994783daf3c914529ae56,1,0,1,部署證據狀態；產品存在不等於實際部署,PROPOSED_CONTEXT_REVIEW,build_semantic_catalog.py: explicit proposed glossary,REVIEW_REQUIRED,採用成熟度評估,NOT_APPLICABLE,NOT_ESTABLISHED,,,UNKNOWN_NOT_APPLICABLE_OR_NOT_RECORDED; DO_NOT_IMPUTE_ZERO,UNASSIGNED,PROPOSED_NO_MEASURED_ROI
reports/2026-10-06/global_technology_iso249_b04/preview/Reference/tables/10_global_technology_iso249_20261006_b04/registry_technology_lifecycle_events.csv,registry_technology_lifecycle_events,10,source_id,PREVIEW_SNAPSHOT,dccbfb53ae30c9d3206163dd57b7b0220ee61573f7c994783daf3c914529ae56,1,0,1,來源登記鍵；僅指來源，不代表該來源全部說法已核實,PROPOSED_CONTEXT_REVIEW,build_semantic_catalog.py: explicit proposed glossary,REVIEW_REQUIRED,主張證據追溯,NOT_APPLICABLE,NOT_ESTABLISHED,,,UNKNOWN_NOT_APPLICABLE_OR_NOT_RECORDED; DO_NOT_IMPUTE_ZERO,UNASSIGNED,PROPOSED_NO_MEASURED_ROI
reports/2026-10-06/global_technology_iso249_b04/preview/Reference/tables/10_global_technology_iso249_20261006_b04/registry_technology_lifecycle_events.csv,registry_technology_lifecycle_events,11,reviewed_on,PREVIEW_SNAPSHOT,dccbfb53ae30c9d3206163dd57b7b0220ee61573f7c994783daf3c914529ae56,1,0,1,資料截至／檢查／審核／搜索／取得時間；各欄依操作分別解讀，時區不可猜,PROPOSED_CONTEXT_REVIEW,build_semantic_catalog.py: explicit proposed glossary,REVIEW_REQUIRED,新鮮度與審核時點,SOURCE_DATE_OR_TIMESTAMP,NOT_ESTABLISHED,,,UNKNOWN_NOT_APPLICABLE_OR_NOT_RECORDED; DO_NOT_IMPUTE_ZERO,UNASSIGNED,PROPOSED_NO_MEASURED_ROI
reports/2026-10-06/global_technology_iso249_b04/preview/Reference/tables/10_global_technology_iso249_20261006_b04/registry_technology_metrics.csv,registry_technology_metrics,1,metric_id,PREVIEW_SNAPSHOT,322e2b56ffbf9341239e1b1e83699e9d4a8c040b7106fbd034a49a5b53bee4f9,17,0,17,尚未完成欄位語義核實；需來源業務定義、單位、粒度與用途,UNRESOLVED,,REVIEW_REQUIRED,待資料負責人確認,UNKNOWN,NOT_ESTABLISHED,,,UNKNOWN_NOT_APPLICABLE_OR_NOT_RECORDED; DO_NOT_IMPUTE_ZERO,UNASSIGNED,PROPOSED_NO_MEASURED_ROI
reports/2026-10-06/global_technology_iso249_b04/preview/Reference/tables/10_global_technology_iso249_20261006_b04/registry_technology_metrics.csv,registry_technology_metrics,2,technology_id,PREVIEW_SNAPSHOT,322e2b56ffbf9341239e1b1e83699e9d4a8c040b7106fbd034a49a5b53bee4f9,17,0,9,技術記錄鍵或產品／項目候選線索；候選不等於正式實體,PROPOSED_CONTEXT_REVIEW,build_semantic_catalog.py: explicit proposed glossary,REVIEW_REQUIRED,技術選型與後續查證,NOT_APPLICABLE,NOT_ESTABLISHED,,,UNKNOWN_NOT_APPLICABLE_OR_NOT_RECORDED; DO_NOT_IMPUTE_ZERO,UNASSIGNED,PROPOSED_NO_MEASURED_ROI
reports/2026-10-06/global_technology_iso249_b04/preview/Reference/tables/10_global_technology_iso249_20261006_b04/registry_technology_metrics.csv,registry_technology_metrics,3,entity_id,PREVIEW_SNAPSHOT,322e2b56ffbf9341239e1b1e83699e9d4a8c040b7106fbd034a49a5b53bee4f9,17,0,7,穩定內部實體識別鍵；命名空間及對象依所屬表，不以相似名稱自動合併,PROPOSED_CONTEXT_REVIEW,build_semantic_catalog.py: explicit proposed glossary,REVIEW_REQUIRED,跨表實體追溯,NOT_APPLICABLE,NOT_ESTABLISHED,,,UNKNOWN_NOT_APPLICABLE_OR_NOT_RECORDED; DO_NOT_IMPUTE_ZERO,UNASSIGNED,PROPOSED_NO_MEASURED_ROI
reports/2026-10-06/global_technology_iso249_b04/preview/Reference/tables/10_global_technology_iso249_20261006_b04/registry_technology_metrics.csv,registry_technology_metrics,4,metric_name,PREVIEW_SNAPSHOT,322e2b56ffbf9341239e1b1e83699e9d4a8c040b7106fbd034a49a5b53bee4f9,17,0,15,尚未完成欄位語義核實；需來源業務定義、單位、粒度與用途,UNRESOLVED,,REVIEW_REQUIRED,待資料負責人確認,UNKNOWN,NOT_ESTABLISHED,,,UNKNOWN_NOT_APPLICABLE_OR_NOT_RECORDED; DO_NOT_IMPUTE_ZERO,UNASSIGNED,PROPOSED_NO_MEASURED_ROI
reports/2026-10-06/global_technology_iso249_b04/preview/Reference/tables/10_global_technology_iso249_20261006_b04/registry_technology_metrics.csv,registry_technology_metrics,5,value,PREVIEW_SNAPSHOT,322e2b56ffbf9341239e1b1e83699e9d4a8c040b7106fbd034a49a5b53bee4f9,17,0,16,尚未完成欄位語義核實；需來源業務定義、單位、粒度與用途,UNRESOLVED,,REVIEW_REQUIRED,待資料負責人確認,UNKNOWN,NOT_ESTABLISHED,,,UNKNOWN_NOT_APPLICABLE_OR_NOT_RECORDED; DO_NOT_IMPUTE_ZERO,UNASSIGNED,PROPOSED_NO_MEASURED_ROI
reports/2026-10-06/global_technology_iso249_b04/preview/Reference/tables/10_global_technology_iso249_20261006_b04/registry_technology_metrics.csv,registry_technology_metrics,6,unit,PREVIEW_SNAPSHOT,322e2b56ffbf9341239e1b1e83699e9d4a8c040b7106fbd034a49a5b53bee4f9,17,0,10,值的單位；不能從欄名或數值大小猜測單位,PROPOSED_CONTEXT_REVIEW,build_semantic_catalog.py: explicit proposed glossary,REVIEW_REQUIRED,避免量綱錯誤,UNIT_LABEL,NOT_ESTABLISHED,,,UNKNOWN_NOT_APPLICABLE_OR_NOT_RECORDED; DO_NOT_IMPUTE_ZERO,UNASSIGNED,PROPOSED_NO_MEASURED_ROI
reports/2026-10-06/global_technology_iso249_b04/preview/Reference/tables/10_global_technology_iso249_20261006_b04/registry_technology_metrics.csv,registry_technology_metrics,7,statistic,PREVIEW_SNAPSHOT,322e2b56ffbf9341239e1b1e83699e9d4a8c040b7106fbd034a49a5b53bee4f9,17,0,12,尚未完成欄位語義核實；需來源業務定義、單位、粒度與用途,UNRESOLVED,,REVIEW_REQUIRED,待資料負責人確認,UNKNOWN,NOT_ESTABLISHED,,,UNKNOWN_NOT_APPLICABLE_OR_NOT_RECORDED; DO_NOT_IMPUTE_ZERO,UNASSIGNED,PROPOSED_NO_MEASURED_ROI
reports/2026-10-06/global_technology_iso249_b04/preview/Reference/tables/10_global_technology_iso249_20261006_b04/registry_technology_metrics.csv,registry_technology_metrics,8,participant_count,PREVIEW_SNAPSHOT,322e2b56ffbf9341239e1b1e83699e9d4a8c040b7106fbd034a49a5b53bee4f9,17,11,1,尚未完成欄位語義核實；需來源業務定義、單位、粒度與用途,UNRESOLVED,,REVIEW_REQUIRED,待資料負責人確認,UNKNOWN,NOT_ESTABLISHED,,,UNKNOWN_NOT_APPLICABLE_OR_NOT_RECORDED; DO_NOT_IMPUTE_ZERO,UNASSIGNED,PROPOSED_NO_MEASURED_ROI
reports/2026-10-06/global_technology_iso249_b04/preview/Reference/tables/10_global_technology_iso249_20261006_b04/registry_technology_metrics.csv,registry_technology_metrics,9,conditions,PREVIEW_SNAPSHOT,322e2b56ffbf9341239e1b1e83699e9d4a8c040b7106fbd034a49a5b53bee4f9,17,0,17,尚未完成欄位語義核實；需來源業務定義、單位、粒度與用途,UNRESOLVED,,REVIEW_REQUIRED,待資料負責人確認,UNKNOWN,NOT_ESTABLISHED,,,UNKNOWN_NOT_APPLICABLE_OR_NOT_RECORDED; DO_NOT_IMPUTE_ZERO,UNASSIGNED,PROPOSED_NO_MEASURED_ROI
reports/2026-10-06/global_technology_iso249_b04/preview/Reference/tables/10_global_technology_iso249_20261006_b04/registry_technology_metrics.csv,registry_technology_metrics,10,study_date,PREVIEW_SNAPSHOT,322e2b56ffbf9341239e1b1e83699e9d4a8c040b7106fbd034a49a5b53bee4f9,17,0,7,尚未完成欄位語義核實；需來源業務定義、單位、粒度與用途,UNRESOLVED,,REVIEW_REQUIRED,待資料負責人確認,UNKNOWN,NOT_ESTABLISHED,,,UNKNOWN_NOT_APPLICABLE_OR_NOT_RECORDED; DO_NOT_IMPUTE_ZERO,UNASSIGNED,PROPOSED_NO_MEASURED_ROI
reports/2026-10-06/global_technology_iso249_b04/preview/Reference/tables/10_global_technology_iso249_20261006_b04/registry_technology_metrics.csv,registry_technology_metrics,11,doi,PREVIEW_SNAPSHOT,322e2b56ffbf9341239e1b1e83699e9d4a8c040b7106fbd034a49a5b53bee4f9,17,8,4,尚未完成欄位語義核實；需來源業務定義、單位、粒度與用途,UNRESOLVED,,REVIEW_REQUIRED,待資料負責人確認,UNKNOWN,NOT_ESTABLISHED,,,UNKNOWN_NOT_APPLICABLE_OR_NOT_RECORDED; DO_NOT_IMPUTE_ZERO,UNASSIGNED,PROPOSED_NO_MEASURED_ROI
reports/2026-10-06/global_technology_iso249_b04/preview/Reference/tables/10_global_technology_iso249_20261006_b04/registry_technology_metrics.csv,registry_technology_metrics,12,evidence_state,PREVIEW_SNAPSHOT,322e2b56ffbf9341239e1b1e83699e9d4a8c040b7106fbd034a49a5b53bee4f9,17,0,1,特定記錄或主張的證據狀態；VERIFIED 僅限可定位範圍,PROPOSED_CONTEXT_REVIEW,build_semantic_catalog.py: explicit proposed glossary,REVIEW_REQUIRED,隔離未知、宣稱與核實,NOT_APPLICABLE,NOT_ESTABLISHED,,,UNKNOWN_NOT_APPLICABLE_OR_NOT_RECORDED; DO_NOT_IMPUTE_ZERO,UNASSIGNED,PROPOSED_NO_MEASURED_ROI
reports/2026-10-06/global_technology_iso249_b04/preview/Reference/tables/10_global_technology_iso249_20261006_b04/registry_technology_metrics.csv,registry_technology_metrics,13,verification_scope,PREVIEW_SNAPSHOT,322e2b56ffbf9341239e1b1e83699e9d4a8c040b7106fbd034a49a5b53bee4f9,17,0,2,核實涵蓋的主張、條件與邊界；不把公開描述擴展成性能或部署證明,PROPOSED_CONTEXT_REVIEW,build_semantic_catalog.py: explicit proposed glossary,REVIEW_REQUIRED,限定決策可信範圍,NOT_APPLICABLE,NOT_ESTABLISHED,,,UNKNOWN_NOT_APPLICABLE_OR_NOT_RECORDED; DO_NOT_IMPUTE_ZERO,UNASSIGNED,PROPOSED_NO_MEASURED_ROI
reports/2026-10-06/global_technology_iso249_b04/preview/Reference/tables/10_global_technology_iso249_20261006_b04/registry_technology_metrics.csv,registry_technology_metrics,14,source_id,PREVIEW_SNAPSHOT,322e2b56ffbf9341239e1b1e83699e9d4a8c040b7106fbd034a49a5b53bee4f9,17,0,9,來源登記鍵；僅指來源，不代表該來源全部說法已核實,PROPOSED_CONTEXT_REVIEW,build_semantic_catalog.py: explicit proposed glossary,REVIEW_REQUIRED,主張證據追溯,NOT_APPLICABLE,NOT_ESTABLISHED,,,UNKNOWN_NOT_APPLICABLE_OR_NOT_RECORDED; DO_NOT_IMPUTE_ZERO,UNASSIGNED,PROPOSED_NO_MEASURED_ROI
reports/2026-10-06/global_technology_iso249_b04/preview/Reference/tables/10_global_technology_iso249_20261006_b04/registry_technology_metrics.csv,registry_technology_metrics,15,information_bandwidth_state,PREVIEW_SNAPSHOT,322e2b56ffbf9341239e1b1e83699e9d4a8c040b7106fbd034a49a5b53bee4f9,17,0,2,尚未完成欄位語義核實；需來源業務定義、單位、粒度與用途,UNRESOLVED,,REVIEW_REQUIRED,待資料負責人確認,UNKNOWN,NOT_ESTABLISHED,,,UNKNOWN_NOT_APPLICABLE_OR_NOT_RECORDED; DO_NOT_IMPUTE_ZERO,UNASSIGNED,PROPOSED_NO_MEASURED_ROI
reports/2026-10-06/global_technology_iso249_b04/preview/Reference/tables/10_global_technology_iso249_20261006_b04/registry_technology_metrics.csv,registry_technology_metrics,16,general_population_state,PREVIEW_SNAPSHOT,322e2b56ffbf9341239e1b1e83699e9d4a8c040b7106fbd034a49a5b53bee4f9,17,0,2,尚未完成欄位語義核實；需來源業務定義、單位、粒度與用途,UNRESOLVED,,REVIEW_REQUIRED,待資料負責人確認,UNKNOWN,NOT_ESTABLISHED,,,UNKNOWN_NOT_APPLICABLE_OR_NOT_RECORDED; DO_NOT_IMPUTE_ZERO,UNASSIGNED,PROPOSED_NO_MEASURED_ROI
reports/2026-10-06/global_technology_iso249_b04/preview/Reference/tables/10_global_technology_iso249_20261006_b04/registry_technology_metrics.csv,registry_technology_metrics,17,world_record_state,PREVIEW_SNAPSHOT,322e2b56ffbf9341239e1b1e83699e9d4a8c040b7106fbd034a49a5b53bee4f9,17,0,1,尚未完成欄位語義核實；需來源業務定義、單位、粒度與用途,UNRESOLVED,,REVIEW_REQUIRED,待資料負責人確認,UNKNOWN,NOT_ESTABLISHED,,,UNKNOWN_NOT_APPLICABLE_OR_NOT_RECORDED; DO_NOT_IMPUTE_ZERO,UNASSIGNED,PROPOSED_NO_MEASURED_ROI
reports/2026-10-06/global_technology_iso249_b04/preview/Reference/tables/10_global_technology_iso249_20261006_b04/registry_technology_metrics.csv,registry_technology_metrics,18,reviewed_on,PREVIEW_SNAPSHOT,322e2b56ffbf9341239e1b1e83699e9d4a8c040b7106fbd034a49a5b53bee4f9,17,0,1,資料截至／檢查／審核／搜索／取得時間；各欄依操作分別解讀，時區不可猜,PROPOSED_CONTEXT_REVIEW,build_semantic_catalog.py: explicit proposed glossary,REVIEW_REQUIRED,新鮮度與審核時點,SOURCE_DATE_OR_TIMESTAMP,NOT_ESTABLISHED,,,UNKNOWN_NOT_APPLICABLE_OR_NOT_RECORDED; DO_NOT_IMPUTE_ZERO,UNASSIGNED,PROPOSED_NO_MEASURED_ROI
reports/2026-10-06/global_technology_iso249_b04/preview/Reference/tables/10_global_technology_iso249_20261006_b04/registry_technology_products_tools.csv,registry_technology_products_tools,1,technology_id,PREVIEW_SNAPSHOT,64383446f3b6d099a08d6f7e0b9501a7afa78031a02dc0066a0302b58e0e413a,71,0,71,技術記錄鍵或產品／項目候選線索；候選不等於正式實體,PROPOSED_CONTEXT_REVIEW,build_semantic_catalog.py: explicit proposed glossary,REVIEW_REQUIRED,技術選型與後續查證,NOT_APPLICABLE,NOT_ESTABLISHED,,,UNKNOWN_NOT_APPLICABLE_OR_NOT_RECORDED; DO_NOT_IMPUTE_ZERO,UNASSIGNED,PROPOSED_NO_MEASURED_ROI
reports/2026-10-06/global_technology_iso249_b04/preview/Reference/tables/10_global_technology_iso249_20261006_b04/registry_technology_products_tools.csv,registry_technology_products_tools,2,display_name,PREVIEW_SNAPSHOT,64383446f3b6d099a08d6f7e0b9501a7afa78031a02dc0066a0302b58e0e413a,71,0,71,尚未完成欄位語義核實；需來源業務定義、單位、粒度與用途,UNRESOLVED,,REVIEW_REQUIRED,待資料負責人確認,UNKNOWN,NOT_ESTABLISHED,,,UNKNOWN_NOT_APPLICABLE_OR_NOT_RECORDED; DO_NOT_IMPUTE_ZERO,UNASSIGNED,PROPOSED_NO_MEASURED_ROI
reports/2026-10-06/global_technology_iso249_b04/preview/Reference/tables/10_global_technology_iso249_20261006_b04/registry_technology_products_tools.csv,registry_technology_products_tools,3,record_type,PREVIEW_SNAPSHOT,64383446f3b6d099a08d6f7e0b9501a7afa78031a02dc0066a0302b58e0e413a,71,0,34,尚未完成欄位語義核實；需來源業務定義、單位、粒度與用途,UNRESOLVED,,REVIEW_REQUIRED,待資料負責人確認,UNKNOWN,NOT_ESTABLISHED,,,UNKNOWN_NOT_APPLICABLE_OR_NOT_RECORDED; DO_NOT_IMPUTE_ZERO,UNASSIGNED,PROPOSED_NO_MEASURED_ROI
reports/2026-10-06/global_technology_iso249_b04/preview/Reference/tables/10_global_technology_iso249_20261006_b04/registry_technology_products_tools.csv,registry_technology_products_tools,4,domain,PREVIEW_SNAPSHOT,64383446f3b6d099a08d6f7e0b9501a7afa78031a02dc0066a0302b58e0e413a,71,0,19,尚未完成欄位語義核實；需來源業務定義、單位、粒度與用途,UNRESOLVED,,REVIEW_REQUIRED,待資料負責人確認,UNKNOWN,NOT_ESTABLISHED,,,UNKNOWN_NOT_APPLICABLE_OR_NOT_RECORDED; DO_NOT_IMPUTE_ZERO,UNASSIGNED,PROPOSED_NO_MEASURED_ROI
reports/2026-10-06/global_technology_iso249_b04/preview/Reference/tables/10_global_technology_iso249_20261006_b04/registry_technology_products_tools.csv,registry_technology_products_tools,5,issuer_entity_id,PREVIEW_SNAPSHOT,64383446f3b6d099a08d6f7e0b9501a7afa78031a02dc0066a0302b58e0e413a,71,25,27,尚未完成欄位語義核實；需來源業務定義、單位、粒度與用途,UNRESOLVED,,REVIEW_REQUIRED,待資料負責人確認,UNKNOWN,NOT_ESTABLISHED,,,UNKNOWN_NOT_APPLICABLE_OR_NOT_RECORDED; DO_NOT_IMPUTE_ZERO,UNASSIGNED,PROPOSED_NO_MEASURED_ROI
reports/2026-10-06/global_technology_iso249_b04/preview/Reference/tables/10_global_technology_iso249_20261006_b04/registry_technology_products_tools.csv,registry_technology_products_tools,6,issuer_relation_state,PREVIEW_SNAPSHOT,64383446f3b6d099a08d6f7e0b9501a7afa78031a02dc0066a0302b58e0e413a,71,0,3,尚未完成欄位語義核實；需來源業務定義、單位、粒度與用途,UNRESOLVED,,REVIEW_REQUIRED,待資料負責人確認,UNKNOWN,NOT_ESTABLISHED,,,UNKNOWN_NOT_APPLICABLE_OR_NOT_RECORDED; DO_NOT_IMPUTE_ZERO,UNASSIGNED,PROPOSED_NO_MEASURED_ROI
reports/2026-10-06/global_technology_iso249_b04/preview/Reference/tables/10_global_technology_iso249_20261006_b04/registry_technology_products_tools.csv,registry_technology_products_tools,7,public_description,PREVIEW_SNAPSHOT,64383446f3b6d099a08d6f7e0b9501a7afa78031a02dc0066a0302b58e0e413a,71,0,69,尚未完成欄位語義核實；需來源業務定義、單位、粒度與用途,UNRESOLVED,,REVIEW_REQUIRED,待資料負責人確認,UNKNOWN,NOT_ESTABLISHED,,,UNKNOWN_NOT_APPLICABLE_OR_NOT_RECORDED; DO_NOT_IMPUTE_ZERO,UNASSIGNED,PROPOSED_NO_MEASURED_ROI
reports/2026-10-06/global_technology_iso249_b04/preview/Reference/tables/10_global_technology_iso249_20261006_b04/registry_technology_products_tools.csv,registry_technology_products_tools,8,evidence_state,PREVIEW_SNAPSHOT,64383446f3b6d099a08d6f7e0b9501a7afa78031a02dc0066a0302b58e0e413a,71,0,2,特定記錄或主張的證據狀態；VERIFIED 僅限可定位範圍,PROPOSED_CONTEXT_REVIEW,build_semantic_catalog.py: explicit proposed glossary,REVIEW_REQUIRED,隔離未知、宣稱與核實,NOT_APPLICABLE,NOT_ESTABLISHED,,,UNKNOWN_NOT_APPLICABLE_OR_NOT_RECORDED; DO_NOT_IMPUTE_ZERO,UNASSIGNED,PROPOSED_NO_MEASURED_ROI
reports/2026-10-06/global_technology_iso249_b04/preview/Reference/tables/10_global_technology_iso249_20261006_b04/registry_technology_products_tools.csv,registry_technology_products_tools,9,verification_scope,PREVIEW_SNAPSHOT,64383446f3b6d099a08d6f7e0b9501a7afa78031a02dc0066a0302b58e0e413a,71,0,3,核實涵蓋的主張、條件與邊界；不把公開描述擴展成性能或部署證明,PROPOSED_CONTEXT_REVIEW,build_semantic_catalog.py: explicit proposed glossary,REVIEW_REQUIRED,限定決策可信範圍,NOT_APPLICABLE,NOT_ESTABLISHED,,,UNKNOWN_NOT_APPLICABLE_OR_NOT_RECORDED; DO_NOT_IMPUTE_ZERO,UNASSIGNED,PROPOSED_NO_MEASURED_ROI
reports/2026-10-06/global_technology_iso249_b04/preview/Reference/tables/10_global_technology_iso249_20261006_b04/registry_technology_products_tools.csv,registry_technology_products_tools,10,source_id,PREVIEW_SNAPSHOT,64383446f3b6d099a08d6f7e0b9501a7afa78031a02dc0066a0302b58e0e413a,71,0,59,來源登記鍵；僅指來源，不代表該來源全部說法已核實,PROPOSED_CONTEXT_REVIEW,build_semantic_catalog.py: explicit proposed glossary,REVIEW_REQUIRED,主張證據追溯,NOT_APPLICABLE,NOT_ESTABLISHED,,,UNKNOWN_NOT_APPLICABLE_OR_NOT_RECORDED; DO_NOT_IMPUTE_ZERO,UNASSIGNED,PROPOSED_NO_MEASURED_ROI
reports/2026-10-06/global_technology_iso249_b04/preview/Reference/tables/10_global_technology_iso249_20261006_b04/registry_technology_products_tools.csv,registry_technology_products_tools,11,version_state,PREVIEW_SNAPSHOT,64383446f3b6d099a08d6f7e0b9501a7afa78031a02dc0066a0302b58e0e413a,71,0,1,尚未完成欄位語義核實；需來源業務定義、單位、粒度與用途,UNRESOLVED,,REVIEW_REQUIRED,待資料負責人確認,UNKNOWN,NOT_ESTABLISHED,,,UNKNOWN_NOT_APPLICABLE_OR_NOT_RECORDED; DO_NOT_IMPUTE_ZERO,UNASSIGNED,PROPOSED_NO_MEASURED_ROI
reports/2026-10-06/global_technology_iso249_b04/preview/Reference/tables/10_global_technology_iso249_20261006_b04/registry_technology_products_tools.csv,registry_technology_products_tools,12,license_state,PREVIEW_SNAPSHOT,64383446f3b6d099a08d6f7e0b9501a7afa78031a02dc0066a0302b58e0e413a,71,0,1,授權審核狀態；需定位產品／資料／权重與版本,PROPOSED_CONTEXT_REVIEW,build_semantic_catalog.py: explicit proposed glossary,REVIEW_REQUIRED,用途准入,NOT_APPLICABLE,NOT_ESTABLISHED,,,UNKNOWN_NOT_APPLICABLE_OR_NOT_RECORDED; DO_NOT_IMPUTE_ZERO,UNASSIGNED,PROPOSED_NO_MEASURED_ROI
reports/2026-10-06/global_technology_iso249_b04/preview/Reference/tables/10_global_technology_iso249_20261006_b04/registry_technology_products_tools.csv,registry_technology_products_tools,13,availability_state,PREVIEW_SNAPSHOT,64383446f3b6d099a08d6f7e0b9501a7afa78031a02dc0066a0302b58e0e413a,71,0,1,尚未完成欄位語義核實；需來源業務定義、單位、粒度與用途,UNRESOLVED,,REVIEW_REQUIRED,待資料負責人確認,UNKNOWN,NOT_ESTABLISHED,,,UNKNOWN_NOT_APPLICABLE_OR_NOT_RECORDED; DO_NOT_IMPUTE_ZERO,UNASSIGNED,PROPOSED_NO_MEASURED_ROI
reports/2026-10-06/global_technology_iso249_b04/preview/Reference/tables/10_global_technology_iso249_20261006_b04/registry_technology_products_tools.csv,registry_technology_products_tools,14,independent_performance_state,PREVIEW_SNAPSHOT,64383446f3b6d099a08d6f7e0b9501a7afa78031a02dc0066a0302b58e0e413a,71,0,2,性能主張或獨立性能驗證狀態；不是性能數值,PROPOSED_CONTEXT_REVIEW,build_semantic_catalog.py: explicit proposed glossary,REVIEW_REQUIRED,避免宣傳數字冒充測試,NOT_APPLICABLE,NOT_ESTABLISHED,,,UNKNOWN_NOT_APPLICABLE_OR_NOT_RECORDED; DO_NOT_IMPUTE_ZERO,UNASSIGNED,PROPOSED_NO_MEASURED_ROI
reports/2026-10-06/global_technology_iso249_b04/preview/Reference/tables/10_global_technology_iso249_20261006_b04/registry_technology_products_tools.csv,registry_technology_products_tools,15,global_rank_state,PREVIEW_SNAPSHOT,64383446f3b6d099a08d6f7e0b9501a7afa78031a02dc0066a0302b58e0e413a,71,0,1,排名主張的核實狀態；先定義樣本、指標與比較協議,PROPOSED_CONTEXT_REVIEW,build_semantic_catalog.py: explicit proposed glossary,REVIEW_REQUIRED,比較口徑治理,NOT_APPLICABLE,NOT_ESTABLISHED,,,UNKNOWN_NOT_APPLICABLE_OR_NOT_RECORDED; DO_NOT_IMPUTE_ZERO,UNASSIGNED,PROPOSED_NO_MEASURED_ROI
reports/2026-10-06/global_technology_iso249_b04/preview/Reference/tables/10_global_technology_iso249_20261006_b04/registry_technology_products_tools.csv,registry_technology_products_tools,16,regulatory_state,PREVIEW_SNAPSHOT,64383446f3b6d099a08d6f7e0b9501a7afa78031a02dc0066a0302b58e0e413a,71,0,2,監管狀態或其司法區；版次與日期需另定位,PROPOSED_CONTEXT_REVIEW,build_semantic_catalog.py: explicit proposed glossary,REVIEW_REQUIRED,臨床／採購條件評估,NOT_APPLICABLE,NOT_ESTABLISHED,,,UNKNOWN_NOT_APPLICABLE_OR_NOT_RECORDED; DO_NOT_IMPUTE_ZERO,UNASSIGNED,PROPOSED_NO_MEASURED_ROI
reports/2026-10-06/global_technology_iso249_b04/preview/Reference/tables/10_global_technology_iso249_20261006_b04/registry_technology_products_tools.csv,registry_technology_products_tools,17,as_of,PREVIEW_SNAPSHOT,64383446f3b6d099a08d6f7e0b9501a7afa78031a02dc0066a0302b58e0e413a,71,0,1,資料截至／檢查／審核／搜索／取得時間；各欄依操作分別解讀，時區不可猜,PROPOSED_CONTEXT_REVIEW,build_semantic_catalog.py: explicit proposed glossary,REVIEW_REQUIRED,新鮮度與審核時點,SOURCE_DATE_OR_TIMESTAMP,NOT_ESTABLISHED,,,UNKNOWN_NOT_APPLICABLE_OR_NOT_RECORDED; DO_NOT_IMPUTE_ZERO,UNASSIGNED,PROPOSED_NO_MEASURED_ROI
