url,discovery_kinds,country_candidates,required_work,applicability,http_status,completeness,business_value,access_action
HTTP://AIROBOTCRYPTOBANK.COM,MIC_REGISTERED_SITE,US,FULL_LISTED_ISSUER_AND_SECURITY_DIRECTORY;FULL_MEMBER_OR_LICENSEE_DIRECTORY;SOURCE_TOTAL_AND_PAGINATION_RECONCILIATION;ISIN_LEI_MIC_LINKING,REVIEW_MARKET_TYPE_AND_REGULATORY_ROLE_NOT_EVERY_SITE_IS_EQUITY_EXCHANGE,200,UNKNOWN,AUTHORITATIVE_UNIVERSE_BOUNDARY_AND_ENTITY_IDENTIFICATION,PUBLIC_DIRECTORY_DISCOVERY_AND_FULL_EXPORT
HTTP://AREX.IO,MIC_REGISTERED_SITE,IE,FULL_LISTED_ISSUER_AND_SECURITY_DIRECTORY;FULL_MEMBER_OR_LICENSEE_DIRECTORY;SOURCE_TOTAL_AND_PAGINATION_RECONCILIATION;ISIN_LEI_MIC_LINKING,REVIEW_MARKET_TYPE_AND_REGULATORY_ROLE_NOT_EVERY_SITE_IS_EQUITY_EXCHANGE,200,UNKNOWN,AUTHORITATIVE_UNIVERSE_BOUNDARY_AND_ENTITY_IDENTIFICATION,PUBLIC_DIRECTORY_DISCOVERY_AND_FULL_EXPORT
HTTP://BUSINESS.NASDAQ.COM/TRADE/CANADIAN-EQUITIES/OVERVIEW,MIC_REGISTERED_SITE,CA,FULL_LISTED_ISSUER_AND_SECURITY_DIRECTORY;FULL_MEMBER_OR_LICENSEE_DIRECTORY;SOURCE_TOTAL_AND_PAGINATION_RECONCILIATION;ISIN_LEI_MIC_LINKING,REVIEW_MARKET_TYPE_AND_REGULATORY_ROLE_NOT_EVERY_SITE_IS_EQUITY_EXCHANGE,403,UNKNOWN,AUTHORITATIVE_UNIVERSE_BOUNDARY_AND_ENTITY_IDENTIFICATION,PUBLIC_DIRECTORY_DISCOVERY_AND_FULL_EXPORT
HTTP://CORP.BANKOFAMERICA.COM/BUSINESS/CI/TRADER-INSTINCT,MIC_REGISTERED_SITE,GB|US,FULL_LISTED_ISSUER_AND_SECURITY_DIRECTORY;FULL_MEMBER_OR_LICENSEE_DIRECTORY;SOURCE_TOTAL_AND_PAGINATION_RECONCILIATION;ISIN_LEI_MIC_LINKING,REVIEW_MARKET_TYPE_AND_REGULATORY_ROLE_NOT_EVERY_SITE_IS_EQUITY_EXCHANGE,,UNKNOWN,AUTHORITATIVE_UNIVERSE_BOUNDARY_AND_ENTITY_IDENTIFICATION,PUBLIC_DIRECTORY_DISCOVERY_AND_FULL_EXPORT
HTTP://DERIVS.FTX.US,MIC_REGISTERED_SITE,US,FULL_LISTED_ISSUER_AND_SECURITY_DIRECTORY;FULL_MEMBER_OR_LICENSEE_DIRECTORY;SOURCE_TOTAL_AND_PAGINATION_RECONCILIATION;ISIN_LEI_MIC_LINKING,REVIEW_MARKET_TYPE_AND_REGULATORY_ROLE_NOT_EVERY_SITE_IS_EQUITY_EXCHANGE,,UNKNOWN,AUTHORITATIVE_UNIVERSE_BOUNDARY_AND_ENTITY_IDENTIFICATION,PUBLIC_DIRECTORY_DISCOVERY_AND_FULL_EXPORT
HTTP://ENG.KRX.CO.KR,MIC_REGISTERED_SITE,KR,FULL_LISTED_ISSUER_AND_SECURITY_DIRECTORY;FULL_MEMBER_OR_LICENSEE_DIRECTORY;SOURCE_TOTAL_AND_PAGINATION_RECONCILIATION;ISIN_LEI_MIC_LINKING,REVIEW_MARKET_TYPE_AND_REGULATORY_ROLE_NOT_EVERY_SITE_IS_EQUITY_EXCHANGE,,UNKNOWN,AUTHORITATIVE_UNIVERSE_BOUNDARY_AND_ENTITY_IDENTIFICATION,PUBLIC_DIRECTORY_DISCOVERY_AND_FULL_EXPORT
HTTP://ENGNSOL.COM/,MIC_REGISTERED_SITE,FR,FULL_LISTED_ISSUER_AND_SECURITY_DIRECTORY;FULL_MEMBER_OR_LICENSEE_DIRECTORY;SOURCE_TOTAL_AND_PAGINATION_RECONCILIATION;ISIN_LEI_MIC_LINKING,REVIEW_MARKET_TYPE_AND_REGULATORY_ROLE_NOT_EVERY_SITE_IS_EQUITY_EXCHANGE,200,UNKNOWN,AUTHORITATIVE_UNIVERSE_BOUNDARY_AND_ENTITY_IDENTIFICATION,PUBLIC_DIRECTORY_DISCOVERY_AND_FULL_EXPORT
HTTP://GSET.GS.COM/,MIC_REGISTERED_SITE,AU|CN|FR|GB|HK|JP|KR|TW|US,FULL_LISTED_ISSUER_AND_SECURITY_DIRECTORY;FULL_MEMBER_OR_LICENSEE_DIRECTORY;SOURCE_TOTAL_AND_PAGINATION_RECONCILIATION;ISIN_LEI_MIC_LINKING,REVIEW_MARKET_TYPE_AND_REGULATORY_ROLE_NOT_EVERY_SITE_IS_EQUITY_EXCHANGE,200,UNKNOWN,AUTHORITATIVE_UNIVERSE_BOUNDARY_AND_ENTITY_IDENTIFICATION,PUBLIC_DIRECTORY_DISCOVERY_AND_FULL_EXPORT
HTTP://GSET.GS.COM/SIGMAXMTF,MIC_REGISTERED_SITE,AU|CN|FR|GB|HK|JP|KR|TW|US,FULL_LISTED_ISSUER_AND_SECURITY_DIRECTORY;FULL_MEMBER_OR_LICENSEE_DIRECTORY;SOURCE_TOTAL_AND_PAGINATION_RECONCILIATION;ISIN_LEI_MIC_LINKING,REVIEW_MARKET_TYPE_AND_REGULATORY_ROLE_NOT_EVERY_SITE_IS_EQUITY_EXCHANGE,200,UNKNOWN,AUTHORITATIVE_UNIVERSE_BOUNDARY_AND_ENTITY_IDENTIFICATION,PUBLIC_DIRECTORY_DISCOVERY_AND_FULL_EXPORT
HTTP://GSET.GS.COM/SIGMAXMTF/,MIC_REGISTERED_SITE,AU|CN|FR|GB|HK|JP|KR|TW|US,FULL_LISTED_ISSUER_AND_SECURITY_DIRECTORY;FULL_MEMBER_OR_LICENSEE_DIRECTORY;SOURCE_TOTAL_AND_PAGINATION_RECONCILIATION;ISIN_LEI_MIC_LINKING,REVIEW_MARKET_TYPE_AND_REGULATORY_ROLE_NOT_EVERY_SITE_IS_EQUITY_EXCHANGE,200,UNKNOWN,AUTHORITATIVE_UNIVERSE_BOUNDARY_AND_ENTITY_IDENTIFICATION,PUBLIC_DIRECTORY_DISCOVERY_AND_FULL_EXPORT
HTTP://GTSX.COM,MIC_REGISTERED_SITE,US,FULL_LISTED_ISSUER_AND_SECURITY_DIRECTORY;FULL_MEMBER_OR_LICENSEE_DIRECTORY;SOURCE_TOTAL_AND_PAGINATION_RECONCILIATION;ISIN_LEI_MIC_LINKING,REVIEW_MARKET_TYPE_AND_REGULATORY_ROLE_NOT_EVERY_SITE_IS_EQUITY_EXCHANGE,200,UNKNOWN,AUTHORITATIVE_UNIVERSE_BOUNDARY_AND_ENTITY_IDENTIFICATION,PUBLIC_DIRECTORY_DISCOVERY_AND_FULL_EXPORT
HTTP://ICG.CITI.COM/ICG/GLOBAL_MARKETS/PRODUCT_SOLUTIONS/GLOBAL_EQUITIES/CITI_MATCH.JSP,MIC_REGISTERED_SITE,AU,FULL_LISTED_ISSUER_AND_SECURITY_DIRECTORY;FULL_MEMBER_OR_LICENSEE_DIRECTORY;SOURCE_TOTAL_AND_PAGINATION_RECONCILIATION;ISIN_LEI_MIC_LINKING,REVIEW_MARKET_TYPE_AND_REGULATORY_ROLE_NOT_EVERY_SITE_IS_EQUITY_EXCHANGE,401,UNKNOWN,AUTHORITATIVE_UNIVERSE_BOUNDARY_AND_ENTITY_IDENTIFICATION,PUBLIC_DIRECTORY_DISCOVERY_AND_FULL_EXPORT
HTTP://MARKETS.CBOE.COM/,MIC_REGISTERED_SITE,GB|NL|US,FULL_LISTED_ISSUER_AND_SECURITY_DIRECTORY;FULL_MEMBER_OR_LICENSEE_DIRECTORY;SOURCE_TOTAL_AND_PAGINATION_RECONCILIATION;ISIN_LEI_MIC_LINKING,REVIEW_MARKET_TYPE_AND_REGULATORY_ROLE_NOT_EVERY_SITE_IS_EQUITY_EXCHANGE,200,UNKNOWN,AUTHORITATIVE_UNIVERSE_BOUNDARY_AND_ENTITY_IDENTIFICATION,PUBLIC_DIRECTORY_DISCOVERY_AND_FULL_EXPORT
HTTP://MARKETS.CBOE.COM/EUROPE/EQUITIES/ABOUT/,MIC_REGISTERED_SITE,GB|NL|US,FULL_LISTED_ISSUER_AND_SECURITY_DIRECTORY;FULL_MEMBER_OR_LICENSEE_DIRECTORY;SOURCE_TOTAL_AND_PAGINATION_RECONCILIATION;ISIN_LEI_MIC_LINKING,REVIEW_MARKET_TYPE_AND_REGULATORY_ROLE_NOT_EVERY_SITE_IS_EQUITY_EXCHANGE,404,UNKNOWN,AUTHORITATIVE_UNIVERSE_BOUNDARY_AND_ENTITY_IDENTIFICATION,PUBLIC_DIRECTORY_DISCOVERY_AND_FULL_EXPORT
HTTP://NIEDERMUELLER.LAW,MIC_REGISTERED_SITE,LI,FULL_LISTED_ISSUER_AND_SECURITY_DIRECTORY;FULL_MEMBER_OR_LICENSEE_DIRECTORY;SOURCE_TOTAL_AND_PAGINATION_RECONCILIATION;ISIN_LEI_MIC_LINKING,REVIEW_MARKET_TYPE_AND_REGULATORY_ROLE_NOT_EVERY_SITE_IS_EQUITY_EXCHANGE,200,UNKNOWN,AUTHORITATIVE_UNIVERSE_BOUNDARY_AND_ENTITY_IDENTIFICATION,PUBLIC_DIRECTORY_DISCOVERY_AND_FULL_EXPORT
HTTP://PORTAL.DCE.COM.CN/DCE/,MIC_REGISTERED_SITE,CN,FULL_LISTED_ISSUER_AND_SECURITY_DIRECTORY;FULL_MEMBER_OR_LICENSEE_DIRECTORY;SOURCE_TOTAL_AND_PAGINATION_RECONCILIATION;ISIN_LEI_MIC_LINKING,REVIEW_MARKET_TYPE_AND_REGULATORY_ROLE_NOT_EVERY_SITE_IS_EQUITY_EXCHANGE,,UNKNOWN,AUTHORITATIVE_UNIVERSE_BOUNDARY_AND_ENTITY_IDENTIFICATION,PUBLIC_DIRECTORY_DISCOVERY_AND_FULL_EXPORT
HTTP://PROGRESS.MARKET,MIC_REGISTERED_SITE,HR,FULL_LISTED_ISSUER_AND_SECURITY_DIRECTORY;FULL_MEMBER_OR_LICENSEE_DIRECTORY;SOURCE_TOTAL_AND_PAGINATION_RECONCILIATION;ISIN_LEI_MIC_LINKING,REVIEW_MARKET_TYPE_AND_REGULATORY_ROLE_NOT_EVERY_SITE_IS_EQUITY_EXCHANGE,200,UNKNOWN,AUTHORITATIVE_UNIVERSE_BOUNDARY_AND_ENTITY_IDENTIFICATION,PUBLIC_DIRECTORY_DISCOVERY_AND_FULL_EXPORT
HTTP://QCEX.COM,MIC_REGISTERED_SITE,US,FULL_LISTED_ISSUER_AND_SECURITY_DIRECTORY;FULL_MEMBER_OR_LICENSEE_DIRECTORY;SOURCE_TOTAL_AND_PAGINATION_RECONCILIATION;ISIN_LEI_MIC_LINKING,REVIEW_MARKET_TYPE_AND_REGULATORY_ROLE_NOT_EVERY_SITE_IS_EQUITY_EXCHANGE,200,UNKNOWN,AUTHORITATIVE_UNIVERSE_BOUNDARY_AND_ENTITY_IDENTIFICATION,PUBLIC_DIRECTORY_DISCOVERY_AND_FULL_EXPORT
HTTP://REALIZATIONS.BARCLAYS.COM/GLOBAL-MARKETS/EQUITIES,MIC_REGISTERED_SITE,US,FULL_LISTED_ISSUER_AND_SECURITY_DIRECTORY;FULL_MEMBER_OR_LICENSEE_DIRECTORY;SOURCE_TOTAL_AND_PAGINATION_RECONCILIATION;ISIN_LEI_MIC_LINKING,REVIEW_MARKET_TYPE_AND_REGULATORY_ROLE_NOT_EVERY_SITE_IS_EQUITY_EXCHANGE,,UNKNOWN,AUTHORITATIVE_UNIVERSE_BOUNDARY_AND_ENTITY_IDENTIFICATION,PUBLIC_DIRECTORY_DISCOVERY_AND_FULL_EXPORT
HTTP://SOCIETY3.COM,MIC_REGISTERED_SITE,CH,FULL_LISTED_ISSUER_AND_SECURITY_DIRECTORY;FULL_MEMBER_OR_LICENSEE_DIRECTORY;SOURCE_TOTAL_AND_PAGINATION_RECONCILIATION;ISIN_LEI_MIC_LINKING,REVIEW_MARKET_TYPE_AND_REGULATORY_ROLE_NOT_EVERY_SITE_IS_EQUITY_EXCHANGE,200,UNKNOWN,AUTHORITATIVE_UNIVERSE_BOUNDARY_AND_ENTITY_IDENTIFICATION,PUBLIC_DIRECTORY_DISCOVERY_AND_FULL_EXPORT
HTTP://UTS.TRADITIONASIA.COM/,MIC_REGISTERED_SITE,JP,FULL_LISTED_ISSUER_AND_SECURITY_DIRECTORY;FULL_MEMBER_OR_LICENSEE_DIRECTORY;SOURCE_TOTAL_AND_PAGINATION_RECONCILIATION;ISIN_LEI_MIC_LINKING,REVIEW_MARKET_TYPE_AND_REGULATORY_ROLE_NOT_EVERY_SITE_IS_EQUITY_EXCHANGE,,UNKNOWN,AUTHORITATIVE_UNIVERSE_BOUNDARY_AND_ENTITY_IDENTIFICATION,PUBLIC_DIRECTORY_DISCOVERY_AND_FULL_EXPORT
HTTPS://24EXCHANGE.COM/,MIC_REGISTERED_SITE,US,FULL_LISTED_ISSUER_AND_SECURITY_DIRECTORY;FULL_MEMBER_OR_LICENSEE_DIRECTORY;SOURCE_TOTAL_AND_PAGINATION_RECONCILIATION;ISIN_LEI_MIC_LINKING,REVIEW_MARKET_TYPE_AND_REGULATORY_ROLE_NOT_EVERY_SITE_IS_EQUITY_EXCHANGE,200,UNKNOWN,AUTHORITATIVE_UNIVERSE_BOUNDARY_AND_ENTITY_IDENTIFICATION,PUBLIC_DIRECTORY_DISCOVERY_AND_FULL_EXPORT
HTTPS://AEGIS-HEDGING.COM/SWAP-EXECUTION-FACILITY,MIC_REGISTERED_SITE,US,FULL_LISTED_ISSUER_AND_SECURITY_DIRECTORY;FULL_MEMBER_OR_LICENSEE_DIRECTORY;SOURCE_TOTAL_AND_PAGINATION_RECONCILIATION;ISIN_LEI_MIC_LINKING,REVIEW_MARKET_TYPE_AND_REGULATORY_ROLE_NOT_EVERY_SITE_IS_EQUITY_EXCHANGE,404,UNKNOWN,AUTHORITATIVE_UNIVERSE_BOUNDARY_AND_ENTITY_IDENTIFICATION,PUBLIC_DIRECTORY_DISCOVERY_AND_FULL_EXPORT
HTTPS://ALGORITHMICASOLUTIONS.COM/,MIC_REGISTERED_SITE,GB,FULL_LISTED_ISSUER_AND_SECURITY_DIRECTORY;FULL_MEMBER_OR_LICENSEE_DIRECTORY;SOURCE_TOTAL_AND_PAGINATION_RECONCILIATION;ISIN_LEI_MIC_LINKING,REVIEW_MARKET_TYPE_AND_REGULATORY_ROLE_NOT_EVERY_SITE_IS_EQUITY_EXCHANGE,200,UNKNOWN,AUTHORITATIVE_UNIVERSE_BOUNDARY_AND_ENTITY_IDENTIFICATION,PUBLIC_DIRECTORY_DISCOVERY_AND_FULL_EXPORT
HTTPS://AUTOBAHN.DB.COM/MICROSITE/HTML/EQUITY.HTML,MIC_REGISTERED_SITE,DE|GB,FULL_LISTED_ISSUER_AND_SECURITY_DIRECTORY;FULL_MEMBER_OR_LICENSEE_DIRECTORY;SOURCE_TOTAL_AND_PAGINATION_RECONCILIATION;ISIN_LEI_MIC_LINKING,REVIEW_MARKET_TYPE_AND_REGULATORY_ROLE_NOT_EVERY_SITE_IS_EQUITY_EXCHANGE,404,UNKNOWN,AUTHORITATIVE_UNIVERSE_BOUNDARY_AND_ENTITY_IDENTIFICATION,PUBLIC_DIRECTORY_DISCOVERY_AND_FULL_EXPORT
HTTPS://BELEN-SPOT.ME/,MIC_REGISTERED_SITE,ME,FULL_LISTED_ISSUER_AND_SECURITY_DIRECTORY;FULL_MEMBER_OR_LICENSEE_DIRECTORY;SOURCE_TOTAL_AND_PAGINATION_RECONCILIATION;ISIN_LEI_MIC_LINKING,REVIEW_MARKET_TYPE_AND_REGULATORY_ROLE_NOT_EVERY_SITE_IS_EQUITY_EXCHANGE,200,UNKNOWN,AUTHORITATIVE_UNIVERSE_BOUNDARY_AND_ENTITY_IDENTIFICATION,PUBLIC_DIRECTORY_DISCOVERY_AND_FULL_EXPORT
HTTPS://BGDX.RS/,MIC_REGISTERED_SITE,RS,FULL_LISTED_ISSUER_AND_SECURITY_DIRECTORY;FULL_MEMBER_OR_LICENSEE_DIRECTORY;SOURCE_TOTAL_AND_PAGINATION_RECONCILIATION;ISIN_LEI_MIC_LINKING,REVIEW_MARKET_TYPE_AND_REGULATORY_ROLE_NOT_EVERY_SITE_IS_EQUITY_EXCHANGE,200,UNKNOWN,AUTHORITATIVE_UNIVERSE_BOUNDARY_AND_ENTITY_IDENTIFICATION,PUBLIC_DIRECTORY_DISCOVERY_AND_FULL_EXPORT
HTTPS://BIT2ME.COM/ES/STX,MIC_REGISTERED_SITE,ES,FULL_LISTED_ISSUER_AND_SECURITY_DIRECTORY;FULL_MEMBER_OR_LICENSEE_DIRECTORY;SOURCE_TOTAL_AND_PAGINATION_RECONCILIATION;ISIN_LEI_MIC_LINKING,REVIEW_MARKET_TYPE_AND_REGULATORY_ROLE_NOT_EVERY_SITE_IS_EQUITY_EXCHANGE,404,UNKNOWN,AUTHORITATIVE_UNIVERSE_BOUNDARY_AND_ENTITY_IDENTIFICATION,PUBLIC_DIRECTORY_DISCOVERY_AND_FULL_EXPORT
HTTPS://BITVAVO.COM,MIC_REGISTERED_SITE,NL,FULL_LISTED_ISSUER_AND_SECURITY_DIRECTORY;FULL_MEMBER_OR_LICENSEE_DIRECTORY;SOURCE_TOTAL_AND_PAGINATION_RECONCILIATION;ISIN_LEI_MIC_LINKING,REVIEW_MARKET_TYPE_AND_REGULATORY_ROLE_NOT_EVERY_SITE_IS_EQUITY_EXCHANGE,403,UNKNOWN,AUTHORITATIVE_UNIVERSE_BOUNDARY_AND_ENTITY_IDENTIFICATION,PUBLIC_DIRECTORY_DISCOVERY_AND_FULL_EXPORT
HTTPS://BPX.EXCHANGE/,MIC_REGISTERED_SITE,GB,FULL_LISTED_ISSUER_AND_SECURITY_DIRECTORY;FULL_MEMBER_OR_LICENSEE_DIRECTORY;SOURCE_TOTAL_AND_PAGINATION_RECONCILIATION;ISIN_LEI_MIC_LINKING,REVIEW_MARKET_TYPE_AND_REGULATORY_ROLE_NOT_EVERY_SITE_IS_EQUITY_EXCHANGE,200,UNKNOWN,AUTHORITATIVE_UNIVERSE_BOUNDARY_AND_ENTITY_IDENTIFICATION,PUBLIC_DIRECTORY_DISCOVERY_AND_FULL_EXPORT
HTTPS://BVRD.COM.DO/,MIC_REGISTERED_SITE,DO,FULL_LISTED_ISSUER_AND_SECURITY_DIRECTORY;FULL_MEMBER_OR_LICENSEE_DIRECTORY;SOURCE_TOTAL_AND_PAGINATION_RECONCILIATION;ISIN_LEI_MIC_LINKING,REVIEW_MARKET_TYPE_AND_REGULATORY_ROLE_NOT_EVERY_SITE_IS_EQUITY_EXCHANGE,403,UNKNOWN,AUTHORITATIVE_UNIVERSE_BOUNDARY_AND_ENTITY_IDENTIFICATION,PUBLIC_DIRECTORY_DISCOVERY_AND_FULL_EXPORT
HTTPS://CAPITOLIS.COM,MIC_REGISTERED_SITE,GB,FULL_LISTED_ISSUER_AND_SECURITY_DIRECTORY;FULL_MEMBER_OR_LICENSEE_DIRECTORY;SOURCE_TOTAL_AND_PAGINATION_RECONCILIATION;ISIN_LEI_MIC_LINKING,REVIEW_MARKET_TYPE_AND_REGULATORY_ROLE_NOT_EVERY_SITE_IS_EQUITY_EXCHANGE,200,UNKNOWN,AUTHORITATIVE_UNIVERSE_BOUNDARY_AND_ENTITY_IDENTIFICATION,PUBLIC_DIRECTORY_DISCOVERY_AND_FULL_EXPORT
HTTPS://CARTA.COM/X,MIC_REGISTERED_SITE,US,FULL_LISTED_ISSUER_AND_SECURITY_DIRECTORY;FULL_MEMBER_OR_LICENSEE_DIRECTORY;SOURCE_TOTAL_AND_PAGINATION_RECONCILIATION;ISIN_LEI_MIC_LINKING,REVIEW_MARKET_TYPE_AND_REGULATORY_ROLE_NOT_EVERY_SITE_IS_EQUITY_EXCHANGE,404,UNKNOWN,AUTHORITATIVE_UNIVERSE_BOUNDARY_AND_ENTITY_IDENTIFICATION,PUBLIC_DIRECTORY_DISCOVERY_AND_FULL_EXPORT
HTTPS://CHINAFICC.GLOBAL,MIC_REGISTERED_SITE,GB,FULL_LISTED_ISSUER_AND_SECURITY_DIRECTORY;FULL_MEMBER_OR_LICENSEE_DIRECTORY;SOURCE_TOTAL_AND_PAGINATION_RECONCILIATION;ISIN_LEI_MIC_LINKING,REVIEW_MARKET_TYPE_AND_REGULATORY_ROLE_NOT_EVERY_SITE_IS_EQUITY_EXCHANGE,,UNKNOWN,AUTHORITATIVE_UNIVERSE_BOUNDARY_AND_ENTITY_IDENTIFICATION,PUBLIC_DIRECTORY_DISCOVERY_AND_FULL_EXPORT
HTTPS://CLEARSTREET.IO/,MIC_REGISTERED_SITE,US,FULL_LISTED_ISSUER_AND_SECURITY_DIRECTORY;FULL_MEMBER_OR_LICENSEE_DIRECTORY;SOURCE_TOTAL_AND_PAGINATION_RECONCILIATION;ISIN_LEI_MIC_LINKING,REVIEW_MARKET_TYPE_AND_REGULATORY_ROLE_NOT_EVERY_SITE_IS_EQUITY_EXCHANGE,200,UNKNOWN,AUTHORITATIVE_UNIVERSE_BOUNDARY_AND_ENTITY_IDENTIFICATION,PUBLIC_DIRECTORY_DISCOVERY_AND_FULL_EXPORT
HTTPS://CLEARTOKEN.IO/,MIC_REGISTERED_SITE,GB,FULL_LISTED_ISSUER_AND_SECURITY_DIRECTORY;FULL_MEMBER_OR_LICENSEE_DIRECTORY;SOURCE_TOTAL_AND_PAGINATION_RECONCILIATION;ISIN_LEI_MIC_LINKING,REVIEW_MARKET_TYPE_AND_REGULATORY_ROLE_NOT_EVERY_SITE_IS_EQUITY_EXCHANGE,200,UNKNOWN,AUTHORITATIVE_UNIVERSE_BOUNDARY_AND_ENTITY_IDENTIFICATION,PUBLIC_DIRECTORY_DISCOVERY_AND_FULL_EXPORT
HTTPS://COINGARAGE.IO,MIC_REGISTERED_SITE,CZ,FULL_LISTED_ISSUER_AND_SECURITY_DIRECTORY;FULL_MEMBER_OR_LICENSEE_DIRECTORY;SOURCE_TOTAL_AND_PAGINATION_RECONCILIATION;ISIN_LEI_MIC_LINKING,REVIEW_MARKET_TYPE_AND_REGULATORY_ROLE_NOT_EVERY_SITE_IS_EQUITY_EXCHANGE,200,UNKNOWN,AUTHORITATIVE_UNIVERSE_BOUNDARY_AND_ENTITY_IDENTIFICATION,PUBLIC_DIRECTORY_DISCOVERY_AND_FULL_EXPORT
HTTPS://CONFERO-EUROPE.COM/,MIC_REGISTERED_SITE,LI,FULL_LISTED_ISSUER_AND_SECURITY_DIRECTORY;FULL_MEMBER_OR_LICENSEE_DIRECTORY;SOURCE_TOTAL_AND_PAGINATION_RECONCILIATION;ISIN_LEI_MIC_LINKING,REVIEW_MARKET_TYPE_AND_REGULATORY_ROLE_NOT_EVERY_SITE_IS_EQUITY_EXCHANGE,,UNKNOWN,AUTHORITATIVE_UNIVERSE_BOUNDARY_AND_ENTITY_IDENTIFICATION,PUBLIC_DIRECTORY_DISCOVERY_AND_FULL_EXPORT
HTTPS://CROSSOVERMARKETS.COM,MIC_REGISTERED_SITE,VG,FULL_LISTED_ISSUER_AND_SECURITY_DIRECTORY;FULL_MEMBER_OR_LICENSEE_DIRECTORY;SOURCE_TOTAL_AND_PAGINATION_RECONCILIATION;ISIN_LEI_MIC_LINKING,REVIEW_MARKET_TYPE_AND_REGULATORY_ROLE_NOT_EVERY_SITE_IS_EQUITY_EXCHANGE,200,UNKNOWN,AUTHORITATIVE_UNIVERSE_BOUNDARY_AND_ENTITY_IDENTIFICATION,PUBLIC_DIRECTORY_DISCOVERY_AND_FULL_EXPORT
HTTPS://D2X.COM,MIC_REGISTERED_SITE,NL,FULL_LISTED_ISSUER_AND_SECURITY_DIRECTORY;FULL_MEMBER_OR_LICENSEE_DIRECTORY;SOURCE_TOTAL_AND_PAGINATION_RECONCILIATION;ISIN_LEI_MIC_LINKING,REVIEW_MARKET_TYPE_AND_REGULATORY_ROLE_NOT_EVERY_SITE_IS_EQUITY_EXCHANGE,200,UNKNOWN,AUTHORITATIVE_UNIVERSE_BOUNDARY_AND_ENTITY_IDENTIFICATION,PUBLIC_DIRECTORY_DISCOVERY_AND_FULL_EXPORT
HTTPS://DE.SCALABLE.CAPITAL,MIC_REGISTERED_SITE,DE,FULL_LISTED_ISSUER_AND_SECURITY_DIRECTORY;FULL_MEMBER_OR_LICENSEE_DIRECTORY;SOURCE_TOTAL_AND_PAGINATION_RECONCILIATION;ISIN_LEI_MIC_LINKING,REVIEW_MARKET_TYPE_AND_REGULATORY_ROLE_NOT_EVERY_SITE_IS_EQUITY_EXCHANGE,200,UNKNOWN,AUTHORITATIVE_UNIVERSE_BOUNDARY_AND_ENTITY_IDENTIFICATION,PUBLIC_DIRECTORY_DISCOVERY_AND_FULL_EXPORT
HTTPS://DEALERBOX-TECH.COM/,MIC_REGISTERED_SITE,FR,FULL_LISTED_ISSUER_AND_SECURITY_DIRECTORY;FULL_MEMBER_OR_LICENSEE_DIRECTORY;SOURCE_TOTAL_AND_PAGINATION_RECONCILIATION;ISIN_LEI_MIC_LINKING,REVIEW_MARKET_TYPE_AND_REGULATORY_ROLE_NOT_EVERY_SITE_IS_EQUITY_EXCHANGE,200,UNKNOWN,AUTHORITATIVE_UNIVERSE_BOUNDARY_AND_ENTITY_IDENTIFICATION,PUBLIC_DIRECTORY_DISCOVERY_AND_FULL_EXPORT
HTTPS://DEUTSCHE-BOERSE.COM,MIC_REGISTERED_SITE,DE,FULL_LISTED_ISSUER_AND_SECURITY_DIRECTORY;FULL_MEMBER_OR_LICENSEE_DIRECTORY;SOURCE_TOTAL_AND_PAGINATION_RECONCILIATION;ISIN_LEI_MIC_LINKING,REVIEW_MARKET_TYPE_AND_REGULATORY_ROLE_NOT_EVERY_SITE_IS_EQUITY_EXCHANGE,404,UNKNOWN,AUTHORITATIVE_UNIVERSE_BOUNDARY_AND_ENTITY_IDENTIFICATION,PUBLIC_DIRECTORY_DISCOVERY_AND_FULL_EXPORT
HTTPS://DSKBANK.BG/,MIC_REGISTERED_SITE,BG,FULL_LISTED_ISSUER_AND_SECURITY_DIRECTORY;FULL_MEMBER_OR_LICENSEE_DIRECTORY;SOURCE_TOTAL_AND_PAGINATION_RECONCILIATION;ISIN_LEI_MIC_LINKING,REVIEW_MARKET_TYPE_AND_REGULATORY_ROLE_NOT_EVERY_SITE_IS_EQUITY_EXCHANGE,200,UNKNOWN,AUTHORITATIVE_UNIVERSE_BOUNDARY_AND_ENTITY_IDENTIFICATION,PUBLIC_DIRECTORY_DISCOVERY_AND_FULL_EXPORT
HTTPS://EQUOS.IO/,MIC_REGISTERED_SITE,SG,FULL_LISTED_ISSUER_AND_SECURITY_DIRECTORY;FULL_MEMBER_OR_LICENSEE_DIRECTORY;SOURCE_TOTAL_AND_PAGINATION_RECONCILIATION;ISIN_LEI_MIC_LINKING,REVIEW_MARKET_TYPE_AND_REGULATORY_ROLE_NOT_EVERY_SITE_IS_EQUITY_EXCHANGE,,UNKNOWN,AUTHORITATIVE_UNIVERSE_BOUNDARY_AND_ENTITY_IDENTIFICATION,PUBLIC_DIRECTORY_DISCOVERY_AND_FULL_EXPORT
HTTPS://FCX.COM.AU/,MIC_REGISTERED_SITE,AU,FULL_LISTED_ISSUER_AND_SECURITY_DIRECTORY;FULL_MEMBER_OR_LICENSEE_DIRECTORY;SOURCE_TOTAL_AND_PAGINATION_RECONCILIATION;ISIN_LEI_MIC_LINKING,REVIEW_MARKET_TYPE_AND_REGULATORY_ROLE_NOT_EVERY_SITE_IS_EQUITY_EXCHANGE,200,UNKNOWN,AUTHORITATIVE_UNIVERSE_BOUNDARY_AND_ENTITY_IDENTIFICATION,PUBLIC_DIRECTORY_DISCOVERY_AND_FULL_EXPORT
HTTPS://FINANCE.PATRIA.CZ/,MIC_REGISTERED_SITE,CZ,FULL_LISTED_ISSUER_AND_SECURITY_DIRECTORY;FULL_MEMBER_OR_LICENSEE_DIRECTORY;SOURCE_TOTAL_AND_PAGINATION_RECONCILIATION;ISIN_LEI_MIC_LINKING,REVIEW_MARKET_TYPE_AND_REGULATORY_ROLE_NOT_EVERY_SITE_IS_EQUITY_EXCHANGE,200,UNKNOWN,AUTHORITATIVE_UNIVERSE_BOUNDARY_AND_ENTITY_IDENTIFICATION,PUBLIC_DIRECTORY_DISCOVERY_AND_FULL_EXPORT
HTTPS://FX.CBOE.COM/,MIC_REGISTERED_SITE,CH|US,FULL_LISTED_ISSUER_AND_SECURITY_DIRECTORY;FULL_MEMBER_OR_LICENSEE_DIRECTORY;SOURCE_TOTAL_AND_PAGINATION_RECONCILIATION;ISIN_LEI_MIC_LINKING,REVIEW_MARKET_TYPE_AND_REGULATORY_ROLE_NOT_EVERY_SITE_IS_EQUITY_EXCHANGE,200,UNKNOWN,AUTHORITATIVE_UNIVERSE_BOUNDARY_AND_ENTITY_IDENTIFICATION,PUBLIC_DIRECTORY_DISCOVERY_AND_FULL_EXPORT
HTTPS://GAMI-INVESTMENT.COM/,MIC_REGISTERED_SITE,AE,FULL_LISTED_ISSUER_AND_SECURITY_DIRECTORY;FULL_MEMBER_OR_LICENSEE_DIRECTORY;SOURCE_TOTAL_AND_PAGINATION_RECONCILIATION;ISIN_LEI_MIC_LINKING,REVIEW_MARKET_TYPE_AND_REGULATORY_ROLE_NOT_EVERY_SITE_IS_EQUITY_EXCHANGE,,UNKNOWN,AUTHORITATIVE_UNIVERSE_BOUNDARY_AND_ENTITY_IDENTIFICATION,PUBLIC_DIRECTORY_DISCOVERY_AND_FULL_EXPORT
HTTPS://GLOBALMARKETS.CIB.BNPPARIBAS/CORTEX-EQUITIES/,MIC_REGISTERED_SITE,US,FULL_LISTED_ISSUER_AND_SECURITY_DIRECTORY;FULL_MEMBER_OR_LICENSEE_DIRECTORY;SOURCE_TOTAL_AND_PAGINATION_RECONCILIATION;ISIN_LEI_MIC_LINKING,REVIEW_MARKET_TYPE_AND_REGULATORY_ROLE_NOT_EVERY_SITE_IS_EQUITY_EXCHANGE,,UNKNOWN,AUTHORITATIVE_UNIVERSE_BOUNDARY_AND_ENTITY_IDENTIFICATION,PUBLIC_DIRECTORY_DISCOVERY_AND_FULL_EXPORT
HTTPS://GRUPPO.BANCOBPM.IT,MIC_REGISTERED_SITE,IT,FULL_LISTED_ISSUER_AND_SECURITY_DIRECTORY;FULL_MEMBER_OR_LICENSEE_DIRECTORY;SOURCE_TOTAL_AND_PAGINATION_RECONCILIATION;ISIN_LEI_MIC_LINKING,REVIEW_MARKET_TYPE_AND_REGULATORY_ROLE_NOT_EVERY_SITE_IS_EQUITY_EXCHANGE,200,UNKNOWN,AUTHORITATIVE_UNIVERSE_BOUNDARY_AND_ENTITY_IDENTIFICATION,PUBLIC_DIRECTORY_DISCOVERY_AND_FULL_EXPORT
HTTPS://IND.MILLENNIUMBCP.PT/PT/PARTICULARES/PAGES/WELCOME.ASPX,MIC_REGISTERED_SITE,PT,FULL_LISTED_ISSUER_AND_SECURITY_DIRECTORY;FULL_MEMBER_OR_LICENSEE_DIRECTORY;SOURCE_TOTAL_AND_PAGINATION_RECONCILIATION;ISIN_LEI_MIC_LINKING,REVIEW_MARKET_TYPE_AND_REGULATORY_ROLE_NOT_EVERY_SITE_IS_EQUITY_EXCHANGE,200,UNKNOWN,AUTHORITATIVE_UNIVERSE_BOUNDARY_AND_ENTITY_IDENTIFICATION,PUBLIC_DIRECTORY_DISCOVERY_AND_FULL_EXPORT
HTTPS://ITSX.KZ/,MIC_REGISTERED_SITE,KZ,FULL_LISTED_ISSUER_AND_SECURITY_DIRECTORY;FULL_MEMBER_OR_LICENSEE_DIRECTORY;SOURCE_TOTAL_AND_PAGINATION_RECONCILIATION;ISIN_LEI_MIC_LINKING,REVIEW_MARKET_TYPE_AND_REGULATORY_ROLE_NOT_EVERY_SITE_IS_EQUITY_EXCHANGE,200,UNKNOWN,AUTHORITATIVE_UNIVERSE_BOUNDARY_AND_ENTITY_IDENTIFICATION,PUBLIC_DIRECTORY_DISCOVERY_AND_FULL_EXPORT
HTTPS://JPJENKINS.COM,MIC_REGISTERED_SITE,GB,FULL_LISTED_ISSUER_AND_SECURITY_DIRECTORY;FULL_MEMBER_OR_LICENSEE_DIRECTORY;SOURCE_TOTAL_AND_PAGINATION_RECONCILIATION;ISIN_LEI_MIC_LINKING,REVIEW_MARKET_TYPE_AND_REGULATORY_ROLE_NOT_EVERY_SITE_IS_EQUITY_EXCHANGE,200,UNKNOWN,AUTHORITATIVE_UNIVERSE_BOUNDARY_AND_ENTITY_IDENTIFICATION,PUBLIC_DIRECTORY_DISCOVERY_AND_FULL_EXPORT
HTTPS://KEYCAPITAL.COM/,MIC_REGISTERED_SITE,ES,FULL_LISTED_ISSUER_AND_SECURITY_DIRECTORY;FULL_MEMBER_OR_LICENSEE_DIRECTORY;SOURCE_TOTAL_AND_PAGINATION_RECONCILIATION;ISIN_LEI_MIC_LINKING,REVIEW_MARKET_TYPE_AND_REGULATORY_ROLE_NOT_EVERY_SITE_IS_EQUITY_EXCHANGE,,UNKNOWN,AUTHORITATIVE_UNIVERSE_BOUNDARY_AND_ENTITY_IDENTIFICATION,PUBLIC_DIRECTORY_DISCOVERY_AND_FULL_EXPORT
HTTPS://KRAKEN.COM,MIC_REGISTERED_SITE,AE|IE|SG|US,FULL_LISTED_ISSUER_AND_SECURITY_DIRECTORY;FULL_MEMBER_OR_LICENSEE_DIRECTORY;SOURCE_TOTAL_AND_PAGINATION_RECONCILIATION;ISIN_LEI_MIC_LINKING,REVIEW_MARKET_TYPE_AND_REGULATORY_ROLE_NOT_EVERY_SITE_IS_EQUITY_EXCHANGE,200,UNKNOWN,AUTHORITATIVE_UNIVERSE_BOUNDARY_AND_ENTITY_IDENTIFICATION,PUBLIC_DIRECTORY_DISCOVERY_AND_FULL_EXPORT
HTTPS://MADRIDSA.ES/,MIC_REGISTERED_SITE,ES,FULL_LISTED_ISSUER_AND_SECURITY_DIRECTORY;FULL_MEMBER_OR_LICENSEE_DIRECTORY;SOURCE_TOTAL_AND_PAGINATION_RECONCILIATION;ISIN_LEI_MIC_LINKING,REVIEW_MARKET_TYPE_AND_REGULATORY_ROLE_NOT_EVERY_SITE_IS_EQUITY_EXCHANGE,200,UNKNOWN,AUTHORITATIVE_UNIVERSE_BOUNDARY_AND_ENTITY_IDENTIFICATION,PUBLIC_DIRECTORY_DISCOVERY_AND_FULL_EXPORT
HTTPS://MARKETS.CBOE.COM/EUROPE/DERIVATIVES/,MIC_REGISTERED_SITE,GB|NL|US,FULL_LISTED_ISSUER_AND_SECURITY_DIRECTORY;FULL_MEMBER_OR_LICENSEE_DIRECTORY;SOURCE_TOTAL_AND_PAGINATION_RECONCILIATION;ISIN_LEI_MIC_LINKING,REVIEW_MARKET_TYPE_AND_REGULATORY_ROLE_NOT_EVERY_SITE_IS_EQUITY_EXCHANGE,404,UNKNOWN,AUTHORITATIVE_UNIVERSE_BOUNDARY_AND_ENTITY_IDENTIFICATION,PUBLIC_DIRECTORY_DISCOVERY_AND_FULL_EXPORT
HTTPS://MATBAROFEX.COM.AR,MIC_REGISTERED_SITE,AR,FULL_LISTED_ISSUER_AND_SECURITY_DIRECTORY;FULL_MEMBER_OR_LICENSEE_DIRECTORY;SOURCE_TOTAL_AND_PAGINATION_RECONCILIATION;ISIN_LEI_MIC_LINKING,REVIEW_MARKET_TYPE_AND_REGULATORY_ROLE_NOT_EVERY_SITE_IS_EQUITY_EXCHANGE,200,UNKNOWN,AUTHORITATIVE_UNIVERSE_BOUNDARY_AND_ENTITY_IDENTIFICATION,PUBLIC_DIRECTORY_DISCOVERY_AND_FULL_EXPORT
HTTPS://MEMX.COM,MIC_REGISTERED_SITE,US,FULL_LISTED_ISSUER_AND_SECURITY_DIRECTORY;FULL_MEMBER_OR_LICENSEE_DIRECTORY;SOURCE_TOTAL_AND_PAGINATION_RECONCILIATION;ISIN_LEI_MIC_LINKING,REVIEW_MARKET_TYPE_AND_REGULATORY_ROLE_NOT_EVERY_SITE_IS_EQUITY_EXCHANGE,200,UNKNOWN,AUTHORITATIVE_UNIVERSE_BOUNDARY_AND_ENTITY_IDENTIFICATION,PUBLIC_DIRECTORY_DISCOVERY_AND_FULL_EXPORT
HTTPS://MEMX.COM/,MIC_REGISTERED_SITE,US,FULL_LISTED_ISSUER_AND_SECURITY_DIRECTORY;FULL_MEMBER_OR_LICENSEE_DIRECTORY;SOURCE_TOTAL_AND_PAGINATION_RECONCILIATION;ISIN_LEI_MIC_LINKING,REVIEW_MARKET_TYPE_AND_REGULATORY_ROLE_NOT_EVERY_SITE_IS_EQUITY_EXCHANGE,200,UNKNOWN,AUTHORITATIVE_UNIVERSE_BOUNDARY_AND_ENTITY_IDENTIFICATION,PUBLIC_DIRECTORY_DISCOVERY_AND_FULL_EXPORT
HTTPS://MICHAELSTROM.PL/,MIC_REGISTERED_SITE,PL,FULL_LISTED_ISSUER_AND_SECURITY_DIRECTORY;FULL_MEMBER_OR_LICENSEE_DIRECTORY;SOURCE_TOTAL_AND_PAGINATION_RECONCILIATION;ISIN_LEI_MIC_LINKING,REVIEW_MARKET_TYPE_AND_REGULATORY_ROLE_NOT_EVERY_SITE_IS_EQUITY_EXCHANGE,200,UNKNOWN,AUTHORITATIVE_UNIVERSE_BOUNDARY_AND_ENTITY_IDENTIFICATION,PUBLIC_DIRECTORY_DISCOVERY_AND_FULL_EXPORT
HTTPS://MSE.RU,MIC_REGISTERED_SITE,RU,FULL_LISTED_ISSUER_AND_SECURITY_DIRECTORY;FULL_MEMBER_OR_LICENSEE_DIRECTORY;SOURCE_TOTAL_AND_PAGINATION_RECONCILIATION;ISIN_LEI_MIC_LINKING,REVIEW_MARKET_TYPE_AND_REGULATORY_ROLE_NOT_EVERY_SITE_IS_EQUITY_EXCHANGE,,UNKNOWN,AUTHORITATIVE_UNIVERSE_BOUNDARY_AND_ENTITY_IDENTIFICATION,PUBLIC_DIRECTORY_DISCOVERY_AND_FULL_EXPORT
HTTPS://NBFM.CA/EN,MIC_REGISTERED_SITE,GB,FULL_LISTED_ISSUER_AND_SECURITY_DIRECTORY;FULL_MEMBER_OR_LICENSEE_DIRECTORY;SOURCE_TOTAL_AND_PAGINATION_RECONCILIATION;ISIN_LEI_MIC_LINKING,REVIEW_MARKET_TYPE_AND_REGULATORY_ROLE_NOT_EVERY_SITE_IS_EQUITY_EXCHANGE,,UNKNOWN,AUTHORITATIVE_UNIVERSE_BOUNDARY_AND_ENTITY_IDENTIFICATION,PUBLIC_DIRECTORY_DISCOVERY_AND_FULL_EXPORT
HTTPS://OPENYLD.COM/,MIC_REGISTERED_SITE,US,FULL_LISTED_ISSUER_AND_SECURITY_DIRECTORY;FULL_MEMBER_OR_LICENSEE_DIRECTORY;SOURCE_TOTAL_AND_PAGINATION_RECONCILIATION;ISIN_LEI_MIC_LINKING,REVIEW_MARKET_TYPE_AND_REGULATORY_ROLE_NOT_EVERY_SITE_IS_EQUITY_EXCHANGE,200,UNKNOWN,AUTHORITATIVE_UNIVERSE_BOUNDARY_AND_ENTITY_IDENTIFICATION,PUBLIC_DIRECTORY_DISCOVERY_AND_FULL_EXPORT
HTTPS://OPTIVER.COM/,MIC_REGISTERED_SITE,NL,FULL_LISTED_ISSUER_AND_SECURITY_DIRECTORY;FULL_MEMBER_OR_LICENSEE_DIRECTORY;SOURCE_TOTAL_AND_PAGINATION_RECONCILIATION;ISIN_LEI_MIC_LINKING,REVIEW_MARKET_TYPE_AND_REGULATORY_ROLE_NOT_EVERY_SITE_IS_EQUITY_EXCHANGE,200,UNKNOWN,AUTHORITATIVE_UNIVERSE_BOUNDARY_AND_ENTITY_IDENTIFICATION,PUBLIC_DIRECTORY_DISCOVERY_AND_FULL_EXPORT
HTTPS://OSL.COM/EN/HOME,MIC_REGISTERED_SITE,HK,FULL_LISTED_ISSUER_AND_SECURITY_DIRECTORY;FULL_MEMBER_OR_LICENSEE_DIRECTORY;SOURCE_TOTAL_AND_PAGINATION_RECONCILIATION;ISIN_LEI_MIC_LINKING,REVIEW_MARKET_TYPE_AND_REGULATORY_ROLE_NOT_EVERY_SITE_IS_EQUITY_EXCHANGE,200,UNKNOWN,AUTHORITATIVE_UNIVERSE_BOUNDARY_AND_ENTITY_IDENTIFICATION,PUBLIC_DIRECTORY_DISCOVERY_AND_FULL_EXPORT
HTTPS://OSTTRA.COM/OSTTRA-SEF/,MIC_REGISTERED_SITE,GB,FULL_LISTED_ISSUER_AND_SECURITY_DIRECTORY;FULL_MEMBER_OR_LICENSEE_DIRECTORY;SOURCE_TOTAL_AND_PAGINATION_RECONCILIATION;ISIN_LEI_MIC_LINKING,REVIEW_MARKET_TYPE_AND_REGULATORY_ROLE_NOT_EVERY_SITE_IS_EQUITY_EXCHANGE,200,UNKNOWN,AUTHORITATIVE_UNIVERSE_BOUNDARY_AND_ENTITY_IDENTIFICATION,PUBLIC_DIRECTORY_DISCOVERY_AND_FULL_EXPORT
HTTPS://PFTS.UA,MIC_REGISTERED_SITE,UA,FULL_LISTED_ISSUER_AND_SECURITY_DIRECTORY;FULL_MEMBER_OR_LICENSEE_DIRECTORY;SOURCE_TOTAL_AND_PAGINATION_RECONCILIATION;ISIN_LEI_MIC_LINKING,REVIEW_MARKET_TYPE_AND_REGULATORY_ROLE_NOT_EVERY_SITE_IS_EQUITY_EXCHANGE,200,UNKNOWN,AUTHORITATIVE_UNIVERSE_BOUNDARY_AND_ENTITY_IDENTIFICATION,PUBLIC_DIRECTORY_DISCOVERY_AND_FULL_EXPORT
HTTPS://PROJECTHEATHER.SCOT/,MIC_REGISTERED_SITE,GB,FULL_LISTED_ISSUER_AND_SECURITY_DIRECTORY;FULL_MEMBER_OR_LICENSEE_DIRECTORY;SOURCE_TOTAL_AND_PAGINATION_RECONCILIATION;ISIN_LEI_MIC_LINKING,REVIEW_MARKET_TYPE_AND_REGULATORY_ROLE_NOT_EVERY_SITE_IS_EQUITY_EXCHANGE,200,UNKNOWN,AUTHORITATIVE_UNIVERSE_BOUNDARY_AND_ENTITY_IDENTIFICATION,PUBLIC_DIRECTORY_DISCOVERY_AND_FULL_EXPORT
HTTPS://RADIAL-X.COM,MIC_REGISTERED_SITE,US,FULL_LISTED_ISSUER_AND_SECURITY_DIRECTORY;FULL_MEMBER_OR_LICENSEE_DIRECTORY;SOURCE_TOTAL_AND_PAGINATION_RECONCILIATION;ISIN_LEI_MIC_LINKING,REVIEW_MARKET_TYPE_AND_REGULATORY_ROLE_NOT_EVERY_SITE_IS_EQUITY_EXCHANGE,403,UNKNOWN,AUTHORITATIVE_UNIVERSE_BOUNDARY_AND_ENTITY_IDENTIFICATION,PUBLIC_DIRECTORY_DISCOVERY_AND_FULL_EXPORT
HTTPS://REGULATORY.TPICAP.COM/,MIC_REGISTERED_SITE,FR|GB,FULL_LISTED_ISSUER_AND_SECURITY_DIRECTORY;FULL_MEMBER_OR_LICENSEE_DIRECTORY;SOURCE_TOTAL_AND_PAGINATION_RECONCILIATION;ISIN_LEI_MIC_LINKING,REVIEW_MARKET_TYPE_AND_REGULATORY_ROLE_NOT_EVERY_SITE_IS_EQUITY_EXCHANGE,,UNKNOWN,AUTHORITATIVE_UNIVERSE_BOUNDARY_AND_ENTITY_IDENTIFICATION,PUBLIC_DIRECTORY_DISCOVERY_AND_FULL_EXPORT
HTTPS://REGULATORY.TPICAP.COM/TPICAP/EU/ICAPEUOTF,MIC_REGISTERED_SITE,FR|GB,FULL_LISTED_ISSUER_AND_SECURITY_DIRECTORY;FULL_MEMBER_OR_LICENSEE_DIRECTORY;SOURCE_TOTAL_AND_PAGINATION_RECONCILIATION;ISIN_LEI_MIC_LINKING,REVIEW_MARKET_TYPE_AND_REGULATORY_ROLE_NOT_EVERY_SITE_IS_EQUITY_EXCHANGE,,UNKNOWN,AUTHORITATIVE_UNIVERSE_BOUNDARY_AND_ENTITY_IDENTIFICATION,PUBLIC_DIRECTORY_DISCOVERY_AND_FULL_EXPORT
HTTPS://REGULATORY.TPICAP.COM/TPICAP/EU/TPEUOTF,MIC_REGISTERED_SITE,FR|GB,FULL_LISTED_ISSUER_AND_SECURITY_DIRECTORY;FULL_MEMBER_OR_LICENSEE_DIRECTORY;SOURCE_TOTAL_AND_PAGINATION_RECONCILIATION;ISIN_LEI_MIC_LINKING,REVIEW_MARKET_TYPE_AND_REGULATORY_ROLE_NOT_EVERY_SITE_IS_EQUITY_EXCHANGE,,UNKNOWN,AUTHORITATIVE_UNIVERSE_BOUNDARY_AND_ENTITY_IDENTIFICATION,PUBLIC_DIRECTORY_DISCOVERY_AND_FULL_EXPORT
HTTPS://REGULATORY.TPICAP.COM/TPICAP/EU/TPICAPEUMTF,MIC_REGISTERED_SITE,FR|GB,FULL_LISTED_ISSUER_AND_SECURITY_DIRECTORY;FULL_MEMBER_OR_LICENSEE_DIRECTORY;SOURCE_TOTAL_AND_PAGINATION_RECONCILIATION;ISIN_LEI_MIC_LINKING,REVIEW_MARKET_TYPE_AND_REGULATORY_ROLE_NOT_EVERY_SITE_IS_EQUITY_EXCHANGE,,UNKNOWN,AUTHORITATIVE_UNIVERSE_BOUNDARY_AND_ENTITY_IDENTIFICATION,PUBLIC_DIRECTORY_DISCOVERY_AND_FULL_EXPORT
HTTPS://RESURETY.COM/,MIC_REGISTERED_SITE,US,FULL_LISTED_ISSUER_AND_SECURITY_DIRECTORY;FULL_MEMBER_OR_LICENSEE_DIRECTORY;SOURCE_TOTAL_AND_PAGINATION_RECONCILIATION;ISIN_LEI_MIC_LINKING,REVIEW_MARKET_TYPE_AND_REGULATORY_ROLE_NOT_EVERY_SITE_IS_EQUITY_EXCHANGE,200,UNKNOWN,AUTHORITATIVE_UNIVERSE_BOUNDARY_AND_ENTITY_IDENTIFICATION,PUBLIC_DIRECTORY_DISCOVERY_AND_FULL_EXPORT
HTTPS://ROUTE4GAS.COM/INFO/,MIC_REGISTERED_SITE,NL,FULL_LISTED_ISSUER_AND_SECURITY_DIRECTORY;FULL_MEMBER_OR_LICENSEE_DIRECTORY;SOURCE_TOTAL_AND_PAGINATION_RECONCILIATION;ISIN_LEI_MIC_LINKING,REVIEW_MARKET_TYPE_AND_REGULATORY_ROLE_NOT_EVERY_SITE_IS_EQUITY_EXCHANGE,,UNKNOWN,AUTHORITATIVE_UNIVERSE_BOUNDARY_AND_ENTITY_IDENTIFICATION,PUBLIC_DIRECTORY_DISCOVERY_AND_FULL_EXPORT
HTTPS://SIG.COM/,MIC_REGISTERED_SITE,GB|IE,FULL_LISTED_ISSUER_AND_SECURITY_DIRECTORY;FULL_MEMBER_OR_LICENSEE_DIRECTORY;SOURCE_TOTAL_AND_PAGINATION_RECONCILIATION;ISIN_LEI_MIC_LINKING,REVIEW_MARKET_TYPE_AND_REGULATORY_ROLE_NOT_EVERY_SITE_IS_EQUITY_EXCHANGE,200,UNKNOWN,AUTHORITATIVE_UNIVERSE_BOUNDARY_AND_ENTITY_IDENTIFICATION,PUBLIC_DIRECTORY_DISCOVERY_AND_FULL_EXPORT
HTTPS://SPBEXCHANGE.RU,MIC_REGISTERED_SITE,RU,FULL_LISTED_ISSUER_AND_SECURITY_DIRECTORY;FULL_MEMBER_OR_LICENSEE_DIRECTORY;SOURCE_TOTAL_AND_PAGINATION_RECONCILIATION;ISIN_LEI_MIC_LINKING,REVIEW_MARKET_TYPE_AND_REGULATORY_ROLE_NOT_EVERY_SITE_IS_EQUITY_EXCHANGE,,UNKNOWN,AUTHORITATIVE_UNIVERSE_BOUNDARY_AND_ENTITY_IDENTIFICATION,PUBLIC_DIRECTORY_DISCOVERY_AND_FULL_EXPORT
HTTPS://SPOTEX.COM/,MIC_REGISTERED_SITE,US,FULL_LISTED_ISSUER_AND_SECURITY_DIRECTORY;FULL_MEMBER_OR_LICENSEE_DIRECTORY;SOURCE_TOTAL_AND_PAGINATION_RECONCILIATION;ISIN_LEI_MIC_LINKING,REVIEW_MARKET_TYPE_AND_REGULATORY_ROLE_NOT_EVERY_SITE_IS_EQUITY_EXCHANGE,200,UNKNOWN,AUTHORITATIVE_UNIVERSE_BOUNDARY_AND_ENTITY_IDENTIFICATION,PUBLIC_DIRECTORY_DISCOVERY_AND_FULL_EXPORT
HTTPS://STXFIXEDINCOME.COM,MIC_REGISTERED_SITE,NL,FULL_LISTED_ISSUER_AND_SECURITY_DIRECTORY;FULL_MEMBER_OR_LICENSEE_DIRECTORY;SOURCE_TOTAL_AND_PAGINATION_RECONCILIATION;ISIN_LEI_MIC_LINKING,REVIEW_MARKET_TYPE_AND_REGULATORY_ROLE_NOT_EVERY_SITE_IS_EQUITY_EXCHANGE,,UNKNOWN,AUTHORITATIVE_UNIVERSE_BOUNDARY_AND_ENTITY_IDENTIFICATION,PUBLIC_DIRECTORY_DISCOVERY_AND_FULL_EXPORT
HTTPS://SYNKRONY.IO,MIC_REGISTERED_SITE,IT,FULL_LISTED_ISSUER_AND_SECURITY_DIRECTORY;FULL_MEMBER_OR_LICENSEE_DIRECTORY;SOURCE_TOTAL_AND_PAGINATION_RECONCILIATION;ISIN_LEI_MIC_LINKING,REVIEW_MARKET_TYPE_AND_REGULATORY_ROLE_NOT_EVERY_SITE_IS_EQUITY_EXCHANGE,200,UNKNOWN,AUTHORITATIVE_UNIVERSE_BOUNDARY_AND_ENTITY_IDENTIFICATION,PUBLIC_DIRECTORY_DISCOVERY_AND_FULL_EXPORT
HTTPS://TPICAP.COM/TPICAP/,MIC_REGISTERED_SITE,ES|FR|GB|NL|SG|US,FULL_LISTED_ISSUER_AND_SECURITY_DIRECTORY;FULL_MEMBER_OR_LICENSEE_DIRECTORY;SOURCE_TOTAL_AND_PAGINATION_RECONCILIATION;ISIN_LEI_MIC_LINKING,REVIEW_MARKET_TYPE_AND_REGULATORY_ROLE_NOT_EVERY_SITE_IS_EQUITY_EXCHANGE,404,UNKNOWN,AUTHORITATIVE_UNIVERSE_BOUNDARY_AND_ENTITY_IDENTIFICATION,PUBLIC_DIRECTORY_DISCOVERY_AND_FULL_EXPORT
HTTPS://TPICAP.COM/TPICAP/REGULATORY-HUB/ICAP-EU-OTF,MIC_REGISTERED_SITE,ES|FR|GB|NL|SG|US,FULL_LISTED_ISSUER_AND_SECURITY_DIRECTORY;FULL_MEMBER_OR_LICENSEE_DIRECTORY;SOURCE_TOTAL_AND_PAGINATION_RECONCILIATION;ISIN_LEI_MIC_LINKING,REVIEW_MARKET_TYPE_AND_REGULATORY_ROLE_NOT_EVERY_SITE_IS_EQUITY_EXCHANGE,404,UNKNOWN,AUTHORITATIVE_UNIVERSE_BOUNDARY_AND_ENTITY_IDENTIFICATION,PUBLIC_DIRECTORY_DISCOVERY_AND_FULL_EXPORT
HTTPS://TPICAP.COM/TPICAP/REGULATORY-HUB/ICAP-GLOBAL-DERIVATIVES-MTF,MIC_REGISTERED_SITE,ES|FR|GB|NL|SG|US,FULL_LISTED_ISSUER_AND_SECURITY_DIRECTORY;FULL_MEMBER_OR_LICENSEE_DIRECTORY;SOURCE_TOTAL_AND_PAGINATION_RECONCILIATION;ISIN_LEI_MIC_LINKING,REVIEW_MARKET_TYPE_AND_REGULATORY_ROLE_NOT_EVERY_SITE_IS_EQUITY_EXCHANGE,404,UNKNOWN,AUTHORITATIVE_UNIVERSE_BOUNDARY_AND_ENTITY_IDENTIFICATION,PUBLIC_DIRECTORY_DISCOVERY_AND_FULL_EXPORT
HTTPS://TPICAP.COM/TPICAP/REGULATORY-HUB/ISWAP-EURO-MTF-SEF,MIC_REGISTERED_SITE,ES|FR|GB|NL|SG|US,FULL_LISTED_ISSUER_AND_SECURITY_DIRECTORY;FULL_MEMBER_OR_LICENSEE_DIRECTORY;SOURCE_TOTAL_AND_PAGINATION_RECONCILIATION;ISIN_LEI_MIC_LINKING,REVIEW_MARKET_TYPE_AND_REGULATORY_ROLE_NOT_EVERY_SITE_IS_EQUITY_EXCHANGE,404,UNKNOWN,AUTHORITATIVE_UNIVERSE_BOUNDARY_AND_ENTITY_IDENTIFICATION,PUBLIC_DIRECTORY_DISCOVERY_AND_FULL_EXPORT
HTTPS://TPICAP.COM/TPICAP/REGULATORY-HUB/TP-ICAP-E%26C-OTF,MIC_REGISTERED_SITE,ES|FR|GB|NL|SG|US,FULL_LISTED_ISSUER_AND_SECURITY_DIRECTORY;FULL_MEMBER_OR_LICENSEE_DIRECTORY;SOURCE_TOTAL_AND_PAGINATION_RECONCILIATION;ISIN_LEI_MIC_LINKING,REVIEW_MARKET_TYPE_AND_REGULATORY_ROLE_NOT_EVERY_SITE_IS_EQUITY_EXCHANGE,404,UNKNOWN,AUTHORITATIVE_UNIVERSE_BOUNDARY_AND_ENTITY_IDENTIFICATION,PUBLIC_DIRECTORY_DISCOVERY_AND_FULL_EXPORT
HTTPS://TPICAP.COM/TPICAP/REGULATORY-HUB/TP-ICAP-EU-MTF,MIC_REGISTERED_SITE,ES|FR|GB|NL|SG|US,FULL_LISTED_ISSUER_AND_SECURITY_DIRECTORY;FULL_MEMBER_OR_LICENSEE_DIRECTORY;SOURCE_TOTAL_AND_PAGINATION_RECONCILIATION;ISIN_LEI_MIC_LINKING,REVIEW_MARKET_TYPE_AND_REGULATORY_ROLE_NOT_EVERY_SITE_IS_EQUITY_EXCHANGE,404,UNKNOWN,AUTHORITATIVE_UNIVERSE_BOUNDARY_AND_ENTITY_IDENTIFICATION,PUBLIC_DIRECTORY_DISCOVERY_AND_FULL_EXPORT
HTTPS://TPICAP.COM/TPICAP/REGULATORY-HUB/TP-ICAP-EUROPE-SA,MIC_REGISTERED_SITE,ES|FR|GB|NL|SG|US,FULL_LISTED_ISSUER_AND_SECURITY_DIRECTORY;FULL_MEMBER_OR_LICENSEE_DIRECTORY;SOURCE_TOTAL_AND_PAGINATION_RECONCILIATION;ISIN_LEI_MIC_LINKING,REVIEW_MARKET_TYPE_AND_REGULATORY_ROLE_NOT_EVERY_SITE_IS_EQUITY_EXCHANGE,404,UNKNOWN,AUTHORITATIVE_UNIVERSE_BOUNDARY_AND_ENTITY_IDENTIFICATION,PUBLIC_DIRECTORY_DISCOVERY_AND_FULL_EXPORT
HTTPS://TPICAP.COM/TPICAP/REGULATORY-HUB/TP-ICAP-SEF,MIC_REGISTERED_SITE,ES|FR|GB|NL|SG|US,FULL_LISTED_ISSUER_AND_SECURITY_DIRECTORY;FULL_MEMBER_OR_LICENSEE_DIRECTORY;SOURCE_TOTAL_AND_PAGINATION_RECONCILIATION;ISIN_LEI_MIC_LINKING,REVIEW_MARKET_TYPE_AND_REGULATORY_ROLE_NOT_EVERY_SITE_IS_EQUITY_EXCHANGE,404,UNKNOWN,AUTHORITATIVE_UNIVERSE_BOUNDARY_AND_ENTITY_IDENTIFICATION,PUBLIC_DIRECTORY_DISCOVERY_AND_FULL_EXPORT
HTTPS://TPICAP.COM/TPICAP/REGULATORY-HUB/TP-ICAP-UK-MTF,MIC_REGISTERED_SITE,ES|FR|GB|NL|SG|US,FULL_LISTED_ISSUER_AND_SECURITY_DIRECTORY;FULL_MEMBER_OR_LICENSEE_DIRECTORY;SOURCE_TOTAL_AND_PAGINATION_RECONCILIATION;ISIN_LEI_MIC_LINKING,REVIEW_MARKET_TYPE_AND_REGULATORY_ROLE_NOT_EVERY_SITE_IS_EQUITY_EXCHANGE,404,UNKNOWN,AUTHORITATIVE_UNIVERSE_BOUNDARY_AND_ENTITY_IDENTIFICATION,PUBLIC_DIRECTORY_DISCOVERY_AND_FULL_EXPORT
HTTPS://TPICAP.COM/TPICAP/REGULATORY-HUB/TULLETT-PREBON-EUROPE-MTF,MIC_REGISTERED_SITE,ES|FR|GB|NL|SG|US,FULL_LISTED_ISSUER_AND_SECURITY_DIRECTORY;FULL_MEMBER_OR_LICENSEE_DIRECTORY;SOURCE_TOTAL_AND_PAGINATION_RECONCILIATION;ISIN_LEI_MIC_LINKING,REVIEW_MARKET_TYPE_AND_REGULATORY_ROLE_NOT_EVERY_SITE_IS_EQUITY_EXCHANGE,404,UNKNOWN,AUTHORITATIVE_UNIVERSE_BOUNDARY_AND_ENTITY_IDENTIFICATION,PUBLIC_DIRECTORY_DISCOVERY_AND_FULL_EXPORT
HTTPS://TPICAP.COM/TPICAP/REGULATORY-HUB/TULLETT-PREBON-SECURITIES-MTF,MIC_REGISTERED_SITE,ES|FR|GB|NL|SG|US,FULL_LISTED_ISSUER_AND_SECURITY_DIRECTORY;FULL_MEMBER_OR_LICENSEE_DIRECTORY;SOURCE_TOTAL_AND_PAGINATION_RECONCILIATION;ISIN_LEI_MIC_LINKING,REVIEW_MARKET_TYPE_AND_REGULATORY_ROLE_NOT_EVERY_SITE_IS_EQUITY_EXCHANGE,404,UNKNOWN,AUTHORITATIVE_UNIVERSE_BOUNDARY_AND_ENTITY_IDENTIFICATION,PUBLIC_DIRECTORY_DISCOVERY_AND_FULL_EXPORT
HTTPS://TRADEVILLE.RO/,MIC_REGISTERED_SITE,RO,FULL_LISTED_ISSUER_AND_SECURITY_DIRECTORY;FULL_MEMBER_OR_LICENSEE_DIRECTORY;SOURCE_TOTAL_AND_PAGINATION_RECONCILIATION;ISIN_LEI_MIC_LINKING,REVIEW_MARKET_TYPE_AND_REGULATORY_ROLE_NOT_EVERY_SITE_IS_EQUITY_EXCHANGE,200,UNKNOWN,AUTHORITATIVE_UNIVERSE_BOUNDARY_AND_ENTITY_IDENTIFICATION,PUBLIC_DIRECTORY_DISCOVERY_AND_FULL_EXPORT
HTTPS://USA.BNPPARIBAS/EN/,MIC_REGISTERED_SITE,US,FULL_LISTED_ISSUER_AND_SECURITY_DIRECTORY;FULL_MEMBER_OR_LICENSEE_DIRECTORY;SOURCE_TOTAL_AND_PAGINATION_RECONCILIATION;ISIN_LEI_MIC_LINKING,REVIEW_MARKET_TYPE_AND_REGULATORY_ROLE_NOT_EVERY_SITE_IS_EQUITY_EXCHANGE,200,UNKNOWN,AUTHORITATIVE_UNIVERSE_BOUNDARY_AND_ENTITY_IDENTIFICATION,PUBLIC_DIRECTORY_DISCOVERY_AND_FULL_EXPORT
HTTPS://WEB.BEVSA.COM.UY/BEVSAINTRANET2008/INICIO/DEFAULT.ASPX,MIC_REGISTERED_SITE,UY,FULL_LISTED_ISSUER_AND_SECURITY_DIRECTORY;FULL_MEMBER_OR_LICENSEE_DIRECTORY;SOURCE_TOTAL_AND_PAGINATION_RECONCILIATION;ISIN_LEI_MIC_LINKING,REVIEW_MARKET_TYPE_AND_REGULATORY_ROLE_NOT_EVERY_SITE_IS_EQUITY_EXCHANGE,,UNKNOWN,AUTHORITATIVE_UNIVERSE_BOUNDARY_AND_ENTITY_IDENTIFICATION,PUBLIC_DIRECTORY_DISCOVERY_AND_FULL_EXPORT
HTTPS://WEMATCH.LIVE/,MIC_REGISTERED_SITE,GB|US,FULL_LISTED_ISSUER_AND_SECURITY_DIRECTORY;FULL_MEMBER_OR_LICENSEE_DIRECTORY;SOURCE_TOTAL_AND_PAGINATION_RECONCILIATION;ISIN_LEI_MIC_LINKING,REVIEW_MARKET_TYPE_AND_REGULATORY_ROLE_NOT_EVERY_SITE_IS_EQUITY_EXCHANGE,200,UNKNOWN,AUTHORITATIVE_UNIVERSE_BOUNDARY_AND_ENTITY_IDENTIFICATION,PUBLIC_DIRECTORY_DISCOVERY_AND_FULL_EXPORT
HTTPS://WHOLESALE.BANKING.SOCIETEGENERALE.COM/,MIC_REGISTERED_SITE,GB,FULL_LISTED_ISSUER_AND_SECURITY_DIRECTORY;FULL_MEMBER_OR_LICENSEE_DIRECTORY;SOURCE_TOTAL_AND_PAGINATION_RECONCILIATION;ISIN_LEI_MIC_LINKING,REVIEW_MARKET_TYPE_AND_REGULATORY_ROLE_NOT_EVERY_SITE_IS_EQUITY_EXCHANGE,200,UNKNOWN,AUTHORITATIVE_UNIVERSE_BOUNDARY_AND_ENTITY_IDENTIFICATION,PUBLIC_DIRECTORY_DISCOVERY_AND_FULL_EXPORT
HTTPS://WWW.FISGLOBAL.COM/EN/SOLUTIONS-LEGAL/PLATFORM-SECURITIES,MIC_REGISTERED_SITE,GB,FULL_LISTED_ISSUER_AND_SECURITY_DIRECTORY;FULL_MEMBER_OR_LICENSEE_DIRECTORY;SOURCE_TOTAL_AND_PAGINATION_RECONCILIATION;ISIN_LEI_MIC_LINKING,REVIEW_MARKET_TYPE_AND_REGULATORY_ROLE_NOT_EVERY_SITE_IS_EQUITY_EXCHANGE,,UNKNOWN,AUTHORITATIVE_UNIVERSE_BOUNDARY_AND_ENTITY_IDENTIFICATION,PUBLIC_DIRECTORY_DISCOVERY_AND_FULL_EXPORT
HTTPS://WWW.LONDONSTOCKEXCHANGE.COM/,MIC_REGISTERED_SITE,GB|NL,FULL_LISTED_ISSUER_AND_SECURITY_DIRECTORY;FULL_MEMBER_OR_LICENSEE_DIRECTORY;SOURCE_TOTAL_AND_PAGINATION_RECONCILIATION;ISIN_LEI_MIC_LINKING,REVIEW_MARKET_TYPE_AND_REGULATORY_ROLE_NOT_EVERY_SITE_IS_EQUITY_EXCHANGE,200,UNKNOWN,AUTHORITATIVE_UNIVERSE_BOUNDARY_AND_ENTITY_IDENTIFICATION,PUBLIC_DIRECTORY_DISCOVERY_AND_FULL_EXPORT
HTTPS://WWW.MCBSRESBANK.COM,MIC_REGISTERED_SITE,ZA,FULL_LISTED_ISSUER_AND_SECURITY_DIRECTORY;FULL_MEMBER_OR_LICENSEE_DIRECTORY;SOURCE_TOTAL_AND_PAGINATION_RECONCILIATION;ISIN_LEI_MIC_LINKING,REVIEW_MARKET_TYPE_AND_REGULATORY_ROLE_NOT_EVERY_SITE_IS_EQUITY_EXCHANGE,,UNKNOWN,AUTHORITATIVE_UNIVERSE_BOUNDARY_AND_ENTITY_IDENTIFICATION,PUBLIC_DIRECTORY_DISCOVERY_AND_FULL_EXPORT
HTTPS://XTRD.IO,MIC_REGISTERED_SITE,US,FULL_LISTED_ISSUER_AND_SECURITY_DIRECTORY;FULL_MEMBER_OR_LICENSEE_DIRECTORY;SOURCE_TOTAL_AND_PAGINATION_RECONCILIATION;ISIN_LEI_MIC_LINKING,REVIEW_MARKET_TYPE_AND_REGULATORY_ROLE_NOT_EVERY_SITE_IS_EQUITY_EXCHANGE,,UNKNOWN,AUTHORITATIVE_UNIVERSE_BOUNDARY_AND_ENTITY_IDENTIFICATION,PUBLIC_DIRECTORY_DISCOVERY_AND_FULL_EXPORT
HTTPS://ZEROHASH.COM/,MIC_REGISTERED_SITE,NL|US,FULL_LISTED_ISSUER_AND_SECURITY_DIRECTORY;FULL_MEMBER_OR_LICENSEE_DIRECTORY;SOURCE_TOTAL_AND_PAGINATION_RECONCILIATION;ISIN_LEI_MIC_LINKING,REVIEW_MARKET_TYPE_AND_REGULATORY_ROLE_NOT_EVERY_SITE_IS_EQUITY_EXCHANGE,200,UNKNOWN,AUTHORITATIVE_UNIVERSE_BOUNDARY_AND_ENTITY_IDENTIFICATION,PUBLIC_DIRECTORY_DISCOVERY_AND_FULL_EXPORT
HTTPS://ZEROHASH.COM/EU,MIC_REGISTERED_SITE,NL|US,FULL_LISTED_ISSUER_AND_SECURITY_DIRECTORY;FULL_MEMBER_OR_LICENSEE_DIRECTORY;SOURCE_TOTAL_AND_PAGINATION_RECONCILIATION;ISIN_LEI_MIC_LINKING,REVIEW_MARKET_TYPE_AND_REGULATORY_ROLE_NOT_EVERY_SITE_IS_EQUITY_EXCHANGE,404,UNKNOWN,AUTHORITATIVE_UNIVERSE_BOUNDARY_AND_ENTITY_IDENTIFICATION,PUBLIC_DIRECTORY_DISCOVERY_AND_FULL_EXPORT
Http://www.rse.rw,WFE_DIRECTORY_SITE,RW,FULL_LISTED_ISSUER_AND_SECURITY_DIRECTORY;FULL_MEMBER_OR_LICENSEE_DIRECTORY;SOURCE_TOTAL_AND_PAGINATION_RECONCILIATION;ISIN_LEI_MIC_LINKING,REVIEW_MARKET_TYPE_AND_REGULATORY_ROLE_NOT_EVERY_SITE_IS_EQUITY_EXCHANGE,,UNKNOWN,AUTHORITATIVE_UNIVERSE_BOUNDARY_AND_ENTITY_IDENTIFICATION,PUBLIC_DIRECTORY_DISCOVERY_AND_FULL_EXPORT
http://ec.europa.eu/internal_market/,IOSCO_MEMBER_WEBSITE,,FULL_LISTED_ISSUER_AND_SECURITY_DIRECTORY;FULL_MEMBER_OR_LICENSEE_DIRECTORY;SOURCE_TOTAL_AND_PAGINATION_RECONCILIATION;ISIN_LEI_MIC_LINKING,REVIEW_MARKET_TYPE_AND_REGULATORY_ROLE_NOT_EVERY_SITE_IS_EQUITY_EXCHANGE,,UNKNOWN,AUTHORITATIVE_UNIVERSE_BOUNDARY_AND_ENTITY_IDENTIFICATION,PUBLIC_DIRECTORY_DISCOVERY_AND_FULL_EXPORT
http://en.seo.ir,IOSCO_MEMBER_WEBSITE,,FULL_LISTED_ISSUER_AND_SECURITY_DIRECTORY;FULL_MEMBER_OR_LICENSEE_DIRECTORY;SOURCE_TOTAL_AND_PAGINATION_RECONCILIATION;ISIN_LEI_MIC_LINKING,REVIEW_MARKET_TYPE_AND_REGULATORY_ROLE_NOT_EVERY_SITE_IS_EQUITY_EXCHANGE,,UNKNOWN,AUTHORITATIVE_UNIVERSE_BOUNDARY_AND_ENTITY_IDENTIFICATION,PUBLIC_DIRECTORY_DISCOVERY_AND_FULL_EXPORT
http://english.fss.or.kr/fss/eng/main.jsp,IOSCO_MEMBER_WEBSITE,,FULL_LISTED_ISSUER_AND_SECURITY_DIRECTORY;FULL_MEMBER_OR_LICENSEE_DIRECTORY;SOURCE_TOTAL_AND_PAGINATION_RECONCILIATION;ISIN_LEI_MIC_LINKING,REVIEW_MARKET_TYPE_AND_REGULATORY_ROLE_NOT_EVERY_SITE_IS_EQUITY_EXCHANGE,200,UNKNOWN,AUTHORITATIVE_UNIVERSE_BOUNDARY_AND_ENTITY_IDENTIFICATION,PUBLIC_DIRECTORY_DISCOVERY_AND_FULL_EXPORT
http://global.krx.co.kr/,IOSCO_MEMBER_WEBSITE,,FULL_LISTED_ISSUER_AND_SECURITY_DIRECTORY;FULL_MEMBER_OR_LICENSEE_DIRECTORY;SOURCE_TOTAL_AND_PAGINATION_RECONCILIATION;ISIN_LEI_MIC_LINKING,REVIEW_MARKET_TYPE_AND_REGULATORY_ROLE_NOT_EVERY_SITE_IS_EQUITY_EXCHANGE,200,UNKNOWN,AUTHORITATIVE_UNIVERSE_BOUNDARY_AND_ENTITY_IDENTIFICATION,PUBLIC_DIRECTORY_DISCOVERY_AND_FULL_EXPORT
http://global.krx.co.kr/main/main.jsp,WFE_DIRECTORY_SITE,,FULL_LISTED_ISSUER_AND_SECURITY_DIRECTORY;FULL_MEMBER_OR_LICENSEE_DIRECTORY;SOURCE_TOTAL_AND_PAGINATION_RECONCILIATION;ISIN_LEI_MIC_LINKING,REVIEW_MARKET_TYPE_AND_REGULATORY_ROLE_NOT_EVERY_SITE_IS_EQUITY_EXCHANGE,200,UNKNOWN,AUTHORITATIVE_UNIVERSE_BOUNDARY_AND_ENTITY_IDENTIFICATION,PUBLIC_DIRECTORY_DISCOVERY_AND_FULL_EXPORT
http://www.adb.org/,IOSCO_MEMBER_WEBSITE,,FULL_LISTED_ISSUER_AND_SECURITY_DIRECTORY;FULL_MEMBER_OR_LICENSEE_DIRECTORY;SOURCE_TOTAL_AND_PAGINATION_RECONCILIATION;ISIN_LEI_MIC_LINKING,REVIEW_MARKET_TYPE_AND_REGULATORY_ROLE_NOT_EVERY_SITE_IS_EQUITY_EXCHANGE,403,UNKNOWN,AUTHORITATIVE_UNIVERSE_BOUNDARY_AND_ENTITY_IDENTIFICATION,PUBLIC_DIRECTORY_DISCOVERY_AND_FULL_EXPORT
http://www.adgm.com/,IOSCO_MEMBER_WEBSITE,,FULL_LISTED_ISSUER_AND_SECURITY_DIRECTORY;FULL_MEMBER_OR_LICENSEE_DIRECTORY;SOURCE_TOTAL_AND_PAGINATION_RECONCILIATION;ISIN_LEI_MIC_LINKING,REVIEW_MARKET_TYPE_AND_REGULATORY_ROLE_NOT_EVERY_SITE_IS_EQUITY_EXCHANGE,200,UNKNOWN,AUTHORITATIVE_UNIVERSE_BOUNDARY_AND_ENTITY_IDENTIFICATION,PUBLIC_DIRECTORY_DISCOVERY_AND_FULL_EXPORT
http://www.adx.ae/,WFE_DIRECTORY_SITE,AE,FULL_LISTED_ISSUER_AND_SECURITY_DIRECTORY;FULL_MEMBER_OR_LICENSEE_DIRECTORY;SOURCE_TOTAL_AND_PAGINATION_RECONCILIATION;ISIN_LEI_MIC_LINKING,REVIEW_MARKET_TYPE_AND_REGULATORY_ROLE_NOT_EVERY_SITE_IS_EQUITY_EXCHANGE,200,UNKNOWN,AUTHORITATIVE_UNIVERSE_BOUNDARY_AND_ENTITY_IDENTIFICATION,PUBLIC_DIRECTORY_DISCOVERY_AND_FULL_EXPORT
http://www.afa.ad/,IOSCO_MEMBER_WEBSITE,,FULL_LISTED_ISSUER_AND_SECURITY_DIRECTORY;FULL_MEMBER_OR_LICENSEE_DIRECTORY;SOURCE_TOTAL_AND_PAGINATION_RECONCILIATION;ISIN_LEI_MIC_LINKING,REVIEW_MARKET_TYPE_AND_REGULATORY_ROLE_NOT_EVERY_SITE_IS_EQUITY_EXCHANGE,,UNKNOWN,AUTHORITATIVE_UNIVERSE_BOUNDARY_AND_ENTITY_IDENTIFICATION,PUBLIC_DIRECTORY_DISCOVERY_AND_FULL_EXPORT
http://www.afm.nl/,IOSCO_MEMBER_WEBSITE,,FULL_LISTED_ISSUER_AND_SECURITY_DIRECTORY;FULL_MEMBER_OR_LICENSEE_DIRECTORY;SOURCE_TOTAL_AND_PAGINATION_RECONCILIATION;ISIN_LEI_MIC_LINKING,REVIEW_MARKET_TYPE_AND_REGULATORY_ROLE_NOT_EVERY_SITE_IS_EQUITY_EXCHANGE,,UNKNOWN,AUTHORITATIVE_UNIVERSE_BOUNDARY_AND_ENTITY_IDENTIFICATION,PUBLIC_DIRECTORY_DISCOVERY_AND_FULL_EXPORT
http://www.afrc.org.hk,IOSCO_MEMBER_WEBSITE,,FULL_LISTED_ISSUER_AND_SECURITY_DIRECTORY;FULL_MEMBER_OR_LICENSEE_DIRECTORY;SOURCE_TOTAL_AND_PAGINATION_RECONCILIATION;ISIN_LEI_MIC_LINKING,REVIEW_MARKET_TYPE_AND_REGULATORY_ROLE_NOT_EVERY_SITE_IS_EQUITY_EXCHANGE,200,UNKNOWN,AUTHORITATIVE_UNIVERSE_BOUNDARY_AND_ENTITY_IDENTIFICATION,PUBLIC_DIRECTORY_DISCOVERY_AND_FULL_EXPORT
http://www.afsa.kz,IOSCO_MEMBER_WEBSITE,,FULL_LISTED_ISSUER_AND_SECURITY_DIRECTORY;FULL_MEMBER_OR_LICENSEE_DIRECTORY;SOURCE_TOTAL_AND_PAGINATION_RECONCILIATION;ISIN_LEI_MIC_LINKING,REVIEW_MARKET_TYPE_AND_REGULATORY_ROLE_NOT_EVERY_SITE_IS_EQUITY_EXCHANGE,200,UNKNOWN,AUTHORITATIVE_UNIVERSE_BOUNDARY_AND_ENTITY_IDENTIFICATION,PUBLIC_DIRECTORY_DISCOVERY_AND_FULL_EXPORT
http://www.aix.kz,WFE_DIRECTORY_SITE,KZ,FULL_LISTED_ISSUER_AND_SECURITY_DIRECTORY;FULL_MEMBER_OR_LICENSEE_DIRECTORY;SOURCE_TOTAL_AND_PAGINATION_RECONCILIATION;ISIN_LEI_MIC_LINKING,REVIEW_MARKET_TYPE_AND_REGULATORY_ROLE_NOT_EVERY_SITE_IS_EQUITY_EXCHANGE,503,UNKNOWN,AUTHORITATIVE_UNIVERSE_BOUNDARY_AND_ENTITY_IDENTIFICATION,PUBLIC_DIRECTORY_DISCOVERY_AND_FULL_EXPORT
http://www.albertasecurities.com/,IOSCO_MEMBER_WEBSITE,,FULL_LISTED_ISSUER_AND_SECURITY_DIRECTORY;FULL_MEMBER_OR_LICENSEE_DIRECTORY;SOURCE_TOTAL_AND_PAGINATION_RECONCILIATION;ISIN_LEI_MIC_LINKING,REVIEW_MARKET_TYPE_AND_REGULATORY_ROLE_NOT_EVERY_SITE_IS_EQUITY_EXCHANGE,200,UNKNOWN,AUTHORITATIVE_UNIVERSE_BOUNDARY_AND_ENTITY_IDENTIFICATION,PUBLIC_DIRECTORY_DISCOVERY_AND_FULL_EXPORT
http://www.amac.org.cn/cms/site/preview?ID=23,IOSCO_MEMBER_WEBSITE,,FULL_LISTED_ISSUER_AND_SECURITY_DIRECTORY;FULL_MEMBER_OR_LICENSEE_DIRECTORY;SOURCE_TOTAL_AND_PAGINATION_RECONCILIATION;ISIN_LEI_MIC_LINKING,REVIEW_MARKET_TYPE_AND_REGULATORY_ROLE_NOT_EVERY_SITE_IS_EQUITY_EXCHANGE,,UNKNOWN,AUTHORITATIVE_UNIVERSE_BOUNDARY_AND_ENTITY_IDENTIFICATION,PUBLIC_DIRECTORY_DISCOVERY_AND_FULL_EXPORT
http://www.amf-france.org/,IOSCO_MEMBER_WEBSITE,,FULL_LISTED_ISSUER_AND_SECURITY_DIRECTORY;FULL_MEMBER_OR_LICENSEE_DIRECTORY;SOURCE_TOTAL_AND_PAGINATION_RECONCILIATION;ISIN_LEI_MIC_LINKING,REVIEW_MARKET_TYPE_AND_REGULATORY_ROLE_NOT_EVERY_SITE_IS_EQUITY_EXCHANGE,200,UNKNOWN,AUTHORITATIVE_UNIVERSE_BOUNDARY_AND_ENTITY_IDENTIFICATION,PUBLIC_DIRECTORY_DISCOVERY_AND_FULL_EXPORT
http://www.amf.gov.al/,IOSCO_MEMBER_WEBSITE,,FULL_LISTED_ISSUER_AND_SECURITY_DIRECTORY;FULL_MEMBER_OR_LICENSEE_DIRECTORY;SOURCE_TOTAL_AND_PAGINATION_RECONCILIATION;ISIN_LEI_MIC_LINKING,REVIEW_MARKET_TYPE_AND_REGULATORY_ROLE_NOT_EVERY_SITE_IS_EQUITY_EXCHANGE,403,UNKNOWN,AUTHORITATIVE_UNIVERSE_BOUNDARY_AND_ENTITY_IDENTIFICATION,PUBLIC_DIRECTORY_DISCOVERY_AND_FULL_EXPORT
http://www.ammc.ma/,IOSCO_MEMBER_WEBSITE,,FULL_LISTED_ISSUER_AND_SECURITY_DIRECTORY;FULL_MEMBER_OR_LICENSEE_DIRECTORY;SOURCE_TOTAL_AND_PAGINATION_RECONCILIATION;ISIN_LEI_MIC_LINKING,REVIEW_MARKET_TYPE_AND_REGULATORY_ROLE_NOT_EVERY_SITE_IS_EQUITY_EXCHANGE,,UNKNOWN,AUTHORITATIVE_UNIVERSE_BOUNDARY_AND_ENTITY_IDENTIFICATION,PUBLIC_DIRECTORY_DISCOVERY_AND_FULL_EXPORT
http://www.anbima.com.br,IOSCO_MEMBER_WEBSITE,,FULL_LISTED_ISSUER_AND_SECURITY_DIRECTORY;FULL_MEMBER_OR_LICENSEE_DIRECTORY;SOURCE_TOTAL_AND_PAGINATION_RECONCILIATION;ISIN_LEI_MIC_LINKING,REVIEW_MARKET_TYPE_AND_REGULATORY_ROLE_NOT_EVERY_SITE_IS_EQUITY_EXCHANGE,200,UNKNOWN,AUTHORITATIVE_UNIVERSE_BOUNDARY_AND_ENTITY_IDENTIFICATION,PUBLIC_DIRECTORY_DISCOVERY_AND_FULL_EXPORT
http://www.ase.com.jo,WFE_DIRECTORY_SITE,,FULL_LISTED_ISSUER_AND_SECURITY_DIRECTORY;FULL_MEMBER_OR_LICENSEE_DIRECTORY;SOURCE_TOTAL_AND_PAGINATION_RECONCILIATION;ISIN_LEI_MIC_LINKING,REVIEW_MARKET_TYPE_AND_REGULATORY_ROLE_NOT_EVERY_SITE_IS_EQUITY_EXCHANGE,,UNKNOWN,AUTHORITATIVE_UNIVERSE_BOUNDARY_AND_ENTITY_IDENTIFICATION,PUBLIC_DIRECTORY_DISCOVERY_AND_FULL_EXPORT
http://www.asfi.gob.bo,IOSCO_MEMBER_WEBSITE,,FULL_LISTED_ISSUER_AND_SECURITY_DIRECTORY;FULL_MEMBER_OR_LICENSEE_DIRECTORY;SOURCE_TOTAL_AND_PAGINATION_RECONCILIATION;ISIN_LEI_MIC_LINKING,REVIEW_MARKET_TYPE_AND_REGULATORY_ROLE_NOT_EVERY_SITE_IS_EQUITY_EXCHANGE,503,UNKNOWN,AUTHORITATIVE_UNIVERSE_BOUNDARY_AND_ENTITY_IDENTIFICATION,PUBLIC_DIRECTORY_DISCOVERY_AND_FULL_EXPORT
http://www.asfromania.ro/,IOSCO_MEMBER_WEBSITE,,FULL_LISTED_ISSUER_AND_SECURITY_DIRECTORY;FULL_MEMBER_OR_LICENSEE_DIRECTORY;SOURCE_TOTAL_AND_PAGINATION_RECONCILIATION;ISIN_LEI_MIC_LINKING,REVIEW_MARKET_TYPE_AND_REGULATORY_ROLE_NOT_EVERY_SITE_IS_EQUITY_EXCHANGE,,UNKNOWN,AUTHORITATIVE_UNIVERSE_BOUNDARY_AND_ENTITY_IDENTIFICATION,PUBLIC_DIRECTORY_DISCOVERY_AND_FULL_EXPORT
http://www.asic.gov.au/,IOSCO_MEMBER_WEBSITE,,FULL_LISTED_ISSUER_AND_SECURITY_DIRECTORY;FULL_MEMBER_OR_LICENSEE_DIRECTORY;SOURCE_TOTAL_AND_PAGINATION_RECONCILIATION;ISIN_LEI_MIC_LINKING,REVIEW_MARKET_TYPE_AND_REGULATORY_ROLE_NOT_EVERY_SITE_IS_EQUITY_EXCHANGE,200,UNKNOWN,AUTHORITATIVE_UNIVERSE_BOUNDARY_AND_ENTITY_IDENTIFICATION,PUBLIC_DIRECTORY_DISCOVERY_AND_FULL_EXPORT
http://www.asx.com.au,WFE_DIRECTORY_SITE,AU,FULL_LISTED_ISSUER_AND_SECURITY_DIRECTORY;FULL_MEMBER_OR_LICENSEE_DIRECTORY;SOURCE_TOTAL_AND_PAGINATION_RECONCILIATION;ISIN_LEI_MIC_LINKING,REVIEW_MARKET_TYPE_AND_REGULATORY_ROLE_NOT_EVERY_SITE_IS_EQUITY_EXCHANGE,200,UNKNOWN,AUTHORITATIVE_UNIVERSE_BOUNDARY_AND_ENTITY_IDENTIFICATION,PUBLIC_DIRECTORY_DISCOVERY_AND_FULL_EXPORT
http://www.atvp.si,IOSCO_MEMBER_WEBSITE,,FULL_LISTED_ISSUER_AND_SECURITY_DIRECTORY;FULL_MEMBER_OR_LICENSEE_DIRECTORY;SOURCE_TOTAL_AND_PAGINATION_RECONCILIATION;ISIN_LEI_MIC_LINKING,REVIEW_MARKET_TYPE_AND_REGULATORY_ROLE_NOT_EVERY_SITE_IS_EQUITY_EXCHANGE,403,UNKNOWN,AUTHORITATIVE_UNIVERSE_BOUNDARY_AND_ENTITY_IDENTIFICATION,PUBLIC_DIRECTORY_DISCOVERY_AND_FULL_EXPORT
http://www.b3.com.br/,IOSCO_MEMBER_WEBSITE,BR,FULL_LISTED_ISSUER_AND_SECURITY_DIRECTORY;FULL_MEMBER_OR_LICENSEE_DIRECTORY;SOURCE_TOTAL_AND_PAGINATION_RECONCILIATION;ISIN_LEI_MIC_LINKING,REVIEW_MARKET_TYPE_AND_REGULATORY_ROLE_NOT_EVERY_SITE_IS_EQUITY_EXCHANGE,200,UNKNOWN,AUTHORITATIVE_UNIVERSE_BOUNDARY_AND_ENTITY_IDENTIFICATION,PUBLIC_DIRECTORY_DISCOVERY_AND_FULL_EXPORT
http://www.b3.com.br/en_us/,WFE_DIRECTORY_SITE,BR,FULL_LISTED_ISSUER_AND_SECURITY_DIRECTORY;FULL_MEMBER_OR_LICENSEE_DIRECTORY;SOURCE_TOTAL_AND_PAGINATION_RECONCILIATION;ISIN_LEI_MIC_LINKING,REVIEW_MARKET_TYPE_AND_REGULATORY_ROLE_NOT_EVERY_SITE_IS_EQUITY_EXCHANGE,200,UNKNOWN,AUTHORITATIVE_UNIVERSE_BOUNDARY_AND_ENTITY_IDENTIFICATION,PUBLIC_DIRECTORY_DISCOVERY_AND_FULL_EXPORT
http://www.bafin.de/,IOSCO_MEMBER_WEBSITE,,FULL_LISTED_ISSUER_AND_SECURITY_DIRECTORY;FULL_MEMBER_OR_LICENSEE_DIRECTORY;SOURCE_TOTAL_AND_PAGINATION_RECONCILIATION;ISIN_LEI_MIC_LINKING,REVIEW_MARKET_TYPE_AND_REGULATORY_ROLE_NOT_EVERY_SITE_IS_EQUITY_EXCHANGE,,UNKNOWN,AUTHORITATIVE_UNIVERSE_BOUNDARY_AND_ENTITY_IDENTIFICATION,PUBLIC_DIRECTORY_DISCOVERY_AND_FULL_EXPORT
http://www.bahrainbourse.com/,WFE_DIRECTORY_SITE,,FULL_LISTED_ISSUER_AND_SECURITY_DIRECTORY;FULL_MEMBER_OR_LICENSEE_DIRECTORY;SOURCE_TOTAL_AND_PAGINATION_RECONCILIATION;ISIN_LEI_MIC_LINKING,REVIEW_MARKET_TYPE_AND_REGULATORY_ROLE_NOT_EVERY_SITE_IS_EQUITY_EXCHANGE,200,UNKNOWN,AUTHORITATIVE_UNIVERSE_BOUNDARY_AND_ENTITY_IDENTIFICATION,PUBLIC_DIRECTORY_DISCOVERY_AND_FULL_EXPORT
http://www.bahrainbourse.net/,IOSCO_MEMBER_WEBSITE,,FULL_LISTED_ISSUER_AND_SECURITY_DIRECTORY;FULL_MEMBER_OR_LICENSEE_DIRECTORY;SOURCE_TOTAL_AND_PAGINATION_RECONCILIATION;ISIN_LEI_MIC_LINKING,REVIEW_MARKET_TYPE_AND_REGULATORY_ROLE_NOT_EVERY_SITE_IS_EQUITY_EXCHANGE,200,UNKNOWN,AUTHORITATIVE_UNIVERSE_BOUNDARY_AND_ENTITY_IDENTIFICATION,PUBLIC_DIRECTORY_DISCOVERY_AND_FULL_EXPORT
http://www.bancomoc.mz/,IOSCO_MEMBER_WEBSITE,,FULL_LISTED_ISSUER_AND_SECURITY_DIRECTORY;FULL_MEMBER_OR_LICENSEE_DIRECTORY;SOURCE_TOTAL_AND_PAGINATION_RECONCILIATION;ISIN_LEI_MIC_LINKING,REVIEW_MARKET_TYPE_AND_REGULATORY_ROLE_NOT_EVERY_SITE_IS_EQUITY_EXCHANGE,,UNKNOWN,AUTHORITATIVE_UNIVERSE_BOUNDARY_AND_ENTITY_IDENTIFICATION,PUBLIC_DIRECTORY_DISCOVERY_AND_FULL_EXPORT
http://www.bcsc.bc.ca,IOSCO_MEMBER_WEBSITE,,FULL_LISTED_ISSUER_AND_SECURITY_DIRECTORY;FULL_MEMBER_OR_LICENSEE_DIRECTORY;SOURCE_TOTAL_AND_PAGINATION_RECONCILIATION;ISIN_LEI_MIC_LINKING,REVIEW_MARKET_TYPE_AND_REGULATORY_ROLE_NOT_EVERY_SITE_IS_EQUITY_EXCHANGE,200,UNKNOWN,AUTHORITATIVE_UNIVERSE_BOUNDARY_AND_ENTITY_IDENTIFICATION,PUBLIC_DIRECTORY_DISCOVERY_AND_FULL_EXPORT
http://www.bcu.gub.uy/,IOSCO_MEMBER_WEBSITE,,FULL_LISTED_ISSUER_AND_SECURITY_DIRECTORY;FULL_MEMBER_OR_LICENSEE_DIRECTORY;SOURCE_TOTAL_AND_PAGINATION_RECONCILIATION;ISIN_LEI_MIC_LINKING,REVIEW_MARKET_TYPE_AND_REGULATORY_ROLE_NOT_EVERY_SITE_IS_EQUITY_EXCHANGE,,UNKNOWN,AUTHORITATIVE_UNIVERSE_BOUNDARY_AND_ENTITY_IDENTIFICATION,PUBLIC_DIRECTORY_DISCOVERY_AND_FULL_EXPORT
http://www.bcv.cv,IOSCO_MEMBER_WEBSITE,,FULL_LISTED_ISSUER_AND_SECURITY_DIRECTORY;FULL_MEMBER_OR_LICENSEE_DIRECTORY;SOURCE_TOTAL_AND_PAGINATION_RECONCILIATION;ISIN_LEI_MIC_LINKING,REVIEW_MARKET_TYPE_AND_REGULATORY_ROLE_NOT_EVERY_SITE_IS_EQUITY_EXCHANGE,,UNKNOWN,AUTHORITATIVE_UNIVERSE_BOUNDARY_AND_ENTITY_IDENTIFICATION,PUBLIC_DIRECTORY_DISCOVERY_AND_FULL_EXPORT
http://www.bdcb.gov.bn,IOSCO_MEMBER_WEBSITE,,FULL_LISTED_ISSUER_AND_SECURITY_DIRECTORY;FULL_MEMBER_OR_LICENSEE_DIRECTORY;SOURCE_TOTAL_AND_PAGINATION_RECONCILIATION;ISIN_LEI_MIC_LINKING,REVIEW_MARKET_TYPE_AND_REGULATORY_ROLE_NOT_EVERY_SITE_IS_EQUITY_EXCHANGE,200,UNKNOWN,AUTHORITATIVE_UNIVERSE_BOUNDARY_AND_ENTITY_IDENTIFICATION,PUBLIC_DIRECTORY_DISCOVERY_AND_FULL_EXPORT
http://www.bfb.az,WFE_DIRECTORY_SITE,,FULL_LISTED_ISSUER_AND_SECURITY_DIRECTORY;FULL_MEMBER_OR_LICENSEE_DIRECTORY;SOURCE_TOTAL_AND_PAGINATION_RECONCILIATION;ISIN_LEI_MIC_LINKING,REVIEW_MARKET_TYPE_AND_REGULATORY_ROLE_NOT_EVERY_SITE_IS_EQUITY_EXCHANGE,200,UNKNOWN,AUTHORITATIVE_UNIVERSE_BOUNDARY_AND_ENTITY_IDENTIFICATION,PUBLIC_DIRECTORY_DISCOVERY_AND_FULL_EXPORT
http://www.bisxbahamas.com/,IOSCO_MEMBER_WEBSITE,BS,FULL_LISTED_ISSUER_AND_SECURITY_DIRECTORY;FULL_MEMBER_OR_LICENSEE_DIRECTORY;SOURCE_TOTAL_AND_PAGINATION_RECONCILIATION;ISIN_LEI_MIC_LINKING,REVIEW_MARKET_TYPE_AND_REGULATORY_ROLE_NOT_EVERY_SITE_IS_EQUITY_EXCHANGE,200,UNKNOWN,AUTHORITATIVE_UNIVERSE_BOUNDARY_AND_ENTITY_IDENTIFICATION,PUBLIC_DIRECTORY_DISCOVERY_AND_FULL_EXPORT
http://www.biva.mx,WFE_DIRECTORY_SITE,MX,FULL_LISTED_ISSUER_AND_SECURITY_DIRECTORY;FULL_MEMBER_OR_LICENSEE_DIRECTORY;SOURCE_TOTAL_AND_PAGINATION_RECONCILIATION;ISIN_LEI_MIC_LINKING,REVIEW_MARKET_TYPE_AND_REGULATORY_ROLE_NOT_EVERY_SITE_IS_EQUITY_EXCHANGE,403,UNKNOWN,AUTHORITATIVE_UNIVERSE_BOUNDARY_AND_ENTITY_IDENTIFICATION,PUBLIC_DIRECTORY_DISCOVERY_AND_FULL_EXPORT
http://www.bma.bm/,IOSCO_MEMBER_WEBSITE,,FULL_LISTED_ISSUER_AND_SECURITY_DIRECTORY;FULL_MEMBER_OR_LICENSEE_DIRECTORY;SOURCE_TOTAL_AND_PAGINATION_RECONCILIATION;ISIN_LEI_MIC_LINKING,REVIEW_MARKET_TYPE_AND_REGULATORY_ROLE_NOT_EVERY_SITE_IS_EQUITY_EXCHANGE,200,UNKNOWN,AUTHORITATIVE_UNIVERSE_BOUNDARY_AND_ENTITY_IDENTIFICATION,PUBLIC_DIRECTORY_DISCOVERY_AND_FULL_EXPORT
http://www.bmv.com.mx,WFE_DIRECTORY_SITE,MX,FULL_LISTED_ISSUER_AND_SECURITY_DIRECTORY;FULL_MEMBER_OR_LICENSEE_DIRECTORY;SOURCE_TOTAL_AND_PAGINATION_RECONCILIATION;ISIN_LEI_MIC_LINKING,REVIEW_MARKET_TYPE_AND_REGULATORY_ROLE_NOT_EVERY_SITE_IS_EQUITY_EXCHANGE,200,UNKNOWN,AUTHORITATIVE_UNIVERSE_BOUNDARY_AND_ENTITY_IDENTIFICATION,PUBLIC_DIRECTORY_DISCOVERY_AND_FULL_EXPORT
http://www.borsaistanbul.com,WFE_DIRECTORY_SITE,TR,FULL_LISTED_ISSUER_AND_SECURITY_DIRECTORY;FULL_MEMBER_OR_LICENSEE_DIRECTORY;SOURCE_TOTAL_AND_PAGINATION_RECONCILIATION;ISIN_LEI_MIC_LINKING,REVIEW_MARKET_TYPE_AND_REGULATORY_ROLE_NOT_EVERY_SITE_IS_EQUITY_EXCHANGE,200,UNKNOWN,AUTHORITATIVE_UNIVERSE_BOUNDARY_AND_ENTITY_IDENTIFICATION,PUBLIC_DIRECTORY_DISCOVERY_AND_FULL_EXPORT
http://www.boursakuwait.com.kw/,WFE_DIRECTORY_SITE,,FULL_LISTED_ISSUER_AND_SECURITY_DIRECTORY;FULL_MEMBER_OR_LICENSEE_DIRECTORY;SOURCE_TOTAL_AND_PAGINATION_RECONCILIATION;ISIN_LEI_MIC_LINKING,REVIEW_MARKET_TYPE_AND_REGULATORY_ROLE_NOT_EVERY_SITE_IS_EQUITY_EXCHANGE,403,UNKNOWN,AUTHORITATIVE_UNIVERSE_BOUNDARY_AND_ENTITY_IDENTIFICATION,PUBLIC_DIRECTORY_DISCOVERY_AND_FULL_EXPORT
http://www.brvm.org,WFE_DIRECTORY_SITE,CI,FULL_LISTED_ISSUER_AND_SECURITY_DIRECTORY;FULL_MEMBER_OR_LICENSEE_DIRECTORY;SOURCE_TOTAL_AND_PAGINATION_RECONCILIATION;ISIN_LEI_MIC_LINKING,REVIEW_MARKET_TYPE_AND_REGULATORY_ROLE_NOT_EVERY_SITE_IS_EQUITY_EXCHANGE,200,UNKNOWN,AUTHORITATIVE_UNIVERSE_BOUNDARY_AND_ENTITY_IDENTIFICATION,PUBLIC_DIRECTORY_DISCOVERY_AND_FULL_EXPORT
http://www.bse.co.bw/,WFE_DIRECTORY_SITE,BW,FULL_LISTED_ISSUER_AND_SECURITY_DIRECTORY;FULL_MEMBER_OR_LICENSEE_DIRECTORY;SOURCE_TOTAL_AND_PAGINATION_RECONCILIATION;ISIN_LEI_MIC_LINKING,REVIEW_MARKET_TYPE_AND_REGULATORY_ROLE_NOT_EVERY_SITE_IS_EQUITY_EXCHANGE,200,UNKNOWN,AUTHORITATIVE_UNIVERSE_BOUNDARY_AND_ENTITY_IDENTIFICATION,PUBLIC_DIRECTORY_DISCOVERY_AND_FULL_EXPORT
http://www.bseindia.com/,IOSCO_MEMBER_WEBSITE,IN,FULL_LISTED_ISSUER_AND_SECURITY_DIRECTORY;FULL_MEMBER_OR_LICENSEE_DIRECTORY;SOURCE_TOTAL_AND_PAGINATION_RECONCILIATION;ISIN_LEI_MIC_LINKING,REVIEW_MARKET_TYPE_AND_REGULATORY_ROLE_NOT_EVERY_SITE_IS_EQUITY_EXCHANGE,200,UNKNOWN,AUTHORITATIVE_UNIVERSE_BOUNDARY_AND_ENTITY_IDENTIFICATION,PUBLIC_DIRECTORY_DISCOVERY_AND_FULL_EXPORT
http://www.bsx.com,WFE_DIRECTORY_SITE|IOSCO_MEMBER_WEBSITE,BM,FULL_LISTED_ISSUER_AND_SECURITY_DIRECTORY;FULL_MEMBER_OR_LICENSEE_DIRECTORY;SOURCE_TOTAL_AND_PAGINATION_RECONCILIATION;ISIN_LEI_MIC_LINKING,REVIEW_MARKET_TYPE_AND_REGULATORY_ROLE_NOT_EVERY_SITE_IS_EQUITY_EXCHANGE,200,UNKNOWN,AUTHORITATIVE_UNIVERSE_BOUNDARY_AND_ENTITY_IDENTIFICATION,PUBLIC_DIRECTORY_DISCOVERY_AND_FULL_EXPORT
http://www.bursamalaysia.com,WFE_DIRECTORY_SITE|IOSCO_MEMBER_WEBSITE,MY,FULL_LISTED_ISSUER_AND_SECURITY_DIRECTORY;FULL_MEMBER_OR_LICENSEE_DIRECTORY;SOURCE_TOTAL_AND_PAGINATION_RECONCILIATION;ISIN_LEI_MIC_LINKING,REVIEW_MARKET_TYPE_AND_REGULATORY_ROLE_NOT_EVERY_SITE_IS_EQUITY_EXCHANGE,403,UNKNOWN,AUTHORITATIVE_UNIVERSE_BOUNDARY_AND_ENTITY_IDENTIFICATION,PUBLIC_DIRECTORY_DISCOVERY_AND_FULL_EXPORT
http://www.bvifsc.vg/,IOSCO_MEMBER_WEBSITE,,FULL_LISTED_ISSUER_AND_SECURITY_DIRECTORY;FULL_MEMBER_OR_LICENSEE_DIRECTORY;SOURCE_TOTAL_AND_PAGINATION_RECONCILIATION;ISIN_LEI_MIC_LINKING,REVIEW_MARKET_TYPE_AND_REGULATORY_ROLE_NOT_EVERY_SITE_IS_EQUITY_EXCHANGE,403,UNKNOWN,AUTHORITATIVE_UNIVERSE_BOUNDARY_AND_ENTITY_IDENTIFICATION,PUBLIC_DIRECTORY_DISCOVERY_AND_FULL_EXPORT
http://www.bvm.co.mz,WFE_DIRECTORY_SITE,,FULL_LISTED_ISSUER_AND_SECURITY_DIRECTORY;FULL_MEMBER_OR_LICENSEE_DIRECTORY;SOURCE_TOTAL_AND_PAGINATION_RECONCILIATION;ISIN_LEI_MIC_LINKING,REVIEW_MARKET_TYPE_AND_REGULATORY_ROLE_NOT_EVERY_SITE_IS_EQUITY_EXCHANGE,,UNKNOWN,AUTHORITATIVE_UNIVERSE_BOUNDARY_AND_ENTITY_IDENTIFICATION,PUBLIC_DIRECTORY_DISCOVERY_AND_FULL_EXPORT
http://www.bvmt.com.tn,WFE_DIRECTORY_SITE,TN,FULL_LISTED_ISSUER_AND_SECURITY_DIRECTORY;FULL_MEMBER_OR_LICENSEE_DIRECTORY;SOURCE_TOTAL_AND_PAGINATION_RECONCILIATION;ISIN_LEI_MIC_LINKING,REVIEW_MARKET_TYPE_AND_REGULATORY_ROLE_NOT_EVERY_SITE_IS_EQUITY_EXCHANGE,200,UNKNOWN,AUTHORITATIVE_UNIVERSE_BOUNDARY_AND_ENTITY_IDENTIFICATION,PUBLIC_DIRECTORY_DISCOVERY_AND_FULL_EXPORT
http://www.casablanca-bourse.com,WFE_DIRECTORY_SITE,MA,FULL_LISTED_ISSUER_AND_SECURITY_DIRECTORY;FULL_MEMBER_OR_LICENSEE_DIRECTORY;SOURCE_TOTAL_AND_PAGINATION_RECONCILIATION;ISIN_LEI_MIC_LINKING,REVIEW_MARKET_TYPE_AND_REGULATORY_ROLE_NOT_EVERY_SITE_IS_EQUITY_EXCHANGE,,UNKNOWN,AUTHORITATIVE_UNIVERSE_BOUNDARY_AND_ENTITY_IDENTIFICATION,PUBLIC_DIRECTORY_DISCOVERY_AND_FULL_EXPORT
http://www.cb.is/,IOSCO_MEMBER_WEBSITE,,FULL_LISTED_ISSUER_AND_SECURITY_DIRECTORY;FULL_MEMBER_OR_LICENSEE_DIRECTORY;SOURCE_TOTAL_AND_PAGINATION_RECONCILIATION;ISIN_LEI_MIC_LINKING,REVIEW_MARKET_TYPE_AND_REGULATORY_ROLE_NOT_EVERY_SITE_IS_EQUITY_EXCHANGE,200,UNKNOWN,AUTHORITATIVE_UNIVERSE_BOUNDARY_AND_ENTITY_IDENTIFICATION,PUBLIC_DIRECTORY_DISCOVERY_AND_FULL_EXPORT
http://www.cbb.gov.bh/,IOSCO_MEMBER_WEBSITE,,FULL_LISTED_ISSUER_AND_SECURITY_DIRECTORY;FULL_MEMBER_OR_LICENSEE_DIRECTORY;SOURCE_TOTAL_AND_PAGINATION_RECONCILIATION;ISIN_LEI_MIC_LINKING,REVIEW_MARKET_TYPE_AND_REGULATORY_ROLE_NOT_EVERY_SITE_IS_EQUITY_EXCHANGE,200,UNKNOWN,AUTHORITATIVE_UNIVERSE_BOUNDARY_AND_ENTITY_IDENTIFICATION,PUBLIC_DIRECTORY_DISCOVERY_AND_FULL_EXPORT
http://www.cbr.ru,IOSCO_MEMBER_WEBSITE,,FULL_LISTED_ISSUER_AND_SECURITY_DIRECTORY;FULL_MEMBER_OR_LICENSEE_DIRECTORY;SOURCE_TOTAL_AND_PAGINATION_RECONCILIATION;ISIN_LEI_MIC_LINKING,REVIEW_MARKET_TYPE_AND_REGULATORY_ROLE_NOT_EVERY_SITE_IS_EQUITY_EXCHANGE,200,UNKNOWN,AUTHORITATIVE_UNIVERSE_BOUNDARY_AND_ENTITY_IDENTIFICATION,PUBLIC_DIRECTORY_DISCOVERY_AND_FULL_EXPORT
http://www.ccaf.mc,IOSCO_MEMBER_WEBSITE,,FULL_LISTED_ISSUER_AND_SECURITY_DIRECTORY;FULL_MEMBER_OR_LICENSEE_DIRECTORY;SOURCE_TOTAL_AND_PAGINATION_RECONCILIATION;ISIN_LEI_MIC_LINKING,REVIEW_MARKET_TYPE_AND_REGULATORY_ROLE_NOT_EVERY_SITE_IS_EQUITY_EXCHANGE,200,UNKNOWN,AUTHORITATIVE_UNIVERSE_BOUNDARY_AND_ENTITY_IDENTIFICATION,PUBLIC_DIRECTORY_DISCOVERY_AND_FULL_EXPORT
http://www.centralbank.cw/,IOSCO_MEMBER_WEBSITE,,FULL_LISTED_ISSUER_AND_SECURITY_DIRECTORY;FULL_MEMBER_OR_LICENSEE_DIRECTORY;SOURCE_TOTAL_AND_PAGINATION_RECONCILIATION;ISIN_LEI_MIC_LINKING,REVIEW_MARKET_TYPE_AND_REGULATORY_ROLE_NOT_EVERY_SITE_IS_EQUITY_EXCHANGE,403,UNKNOWN,AUTHORITATIVE_UNIVERSE_BOUNDARY_AND_ENTITY_IDENTIFICATION,PUBLIC_DIRECTORY_DISCOVERY_AND_FULL_EXPORT
http://www.centralbank.ie/,IOSCO_MEMBER_WEBSITE,,FULL_LISTED_ISSUER_AND_SECURITY_DIRECTORY;FULL_MEMBER_OR_LICENSEE_DIRECTORY;SOURCE_TOTAL_AND_PAGINATION_RECONCILIATION;ISIN_LEI_MIC_LINKING,REVIEW_MARKET_TYPE_AND_REGULATORY_ROLE_NOT_EVERY_SITE_IS_EQUITY_EXCHANGE,200,UNKNOWN,AUTHORITATIVE_UNIVERSE_BOUNDARY_AND_ENTITY_IDENTIFICATION,PUBLIC_DIRECTORY_DISCOVERY_AND_FULL_EXPORT
http://www.cfainstitute.org/,IOSCO_MEMBER_WEBSITE,,FULL_LISTED_ISSUER_AND_SECURITY_DIRECTORY;FULL_MEMBER_OR_LICENSEE_DIRECTORY;SOURCE_TOTAL_AND_PAGINATION_RECONCILIATION;ISIN_LEI_MIC_LINKING,REVIEW_MARKET_TYPE_AND_REGULATORY_ROLE_NOT_EVERY_SITE_IS_EQUITY_EXCHANGE,200,UNKNOWN,AUTHORITATIVE_UNIVERSE_BOUNDARY_AND_ENTITY_IDENTIFICATION,PUBLIC_DIRECTORY_DISCOVERY_AND_FULL_EXPORT
http://www.cffex.com.cn,WFE_DIRECTORY_SITE|IOSCO_MEMBER_WEBSITE,CN,FULL_LISTED_ISSUER_AND_SECURITY_DIRECTORY;FULL_MEMBER_OR_LICENSEE_DIRECTORY;SOURCE_TOTAL_AND_PAGINATION_RECONCILIATION;ISIN_LEI_MIC_LINKING,REVIEW_MARKET_TYPE_AND_REGULATORY_ROLE_NOT_EVERY_SITE_IS_EQUITY_EXCHANGE,200,UNKNOWN,AUTHORITATIVE_UNIVERSE_BOUNDARY_AND_ENTITY_IDENTIFICATION,PUBLIC_DIRECTORY_DISCOVERY_AND_FULL_EXPORT
http://www.cftc.gov/,IOSCO_MEMBER_WEBSITE,,FULL_LISTED_ISSUER_AND_SECURITY_DIRECTORY;FULL_MEMBER_OR_LICENSEE_DIRECTORY;SOURCE_TOTAL_AND_PAGINATION_RECONCILIATION;ISIN_LEI_MIC_LINKING,REVIEW_MARKET_TYPE_AND_REGULATORY_ROLE_NOT_EVERY_SITE_IS_EQUITY_EXCHANGE,,UNKNOWN,AUTHORITATIVE_UNIVERSE_BOUNDARY_AND_ENTITY_IDENTIFICATION,PUBLIC_DIRECTORY_DISCOVERY_AND_FULL_EXPORT
http://www.chinaclear.cn/english/,IOSCO_MEMBER_WEBSITE,,FULL_LISTED_ISSUER_AND_SECURITY_DIRECTORY;FULL_MEMBER_OR_LICENSEE_DIRECTORY;SOURCE_TOTAL_AND_PAGINATION_RECONCILIATION;ISIN_LEI_MIC_LINKING,REVIEW_MARKET_TYPE_AND_REGULATORY_ROLE_NOT_EVERY_SITE_IS_EQUITY_EXCHANGE,200,UNKNOWN,AUTHORITATIVE_UNIVERSE_BOUNDARY_AND_ENTITY_IDENTIFICATION,PUBLIC_DIRECTORY_DISCOVERY_AND_FULL_EXPORT
http://www.chinaclear.cn/english/About/about_index.shtml,WFE_DIRECTORY_SITE,,FULL_LISTED_ISSUER_AND_SECURITY_DIRECTORY;FULL_MEMBER_OR_LICENSEE_DIRECTORY;SOURCE_TOTAL_AND_PAGINATION_RECONCILIATION;ISIN_LEI_MIC_LINKING,REVIEW_MARKET_TYPE_AND_REGULATORY_ROLE_NOT_EVERY_SITE_IS_EQUITY_EXCHANGE,200,UNKNOWN,AUTHORITATIVE_UNIVERSE_BOUNDARY_AND_ENTITY_IDENTIFICATION,PUBLIC_DIRECTORY_DISCOVERY_AND_FULL_EXPORT
http://www.cima.ky,IOSCO_MEMBER_WEBSITE,,FULL_LISTED_ISSUER_AND_SECURITY_DIRECTORY;FULL_MEMBER_OR_LICENSEE_DIRECTORY;SOURCE_TOTAL_AND_PAGINATION_RECONCILIATION;ISIN_LEI_MIC_LINKING,REVIEW_MARKET_TYPE_AND_REGULATORY_ROLE_NOT_EVERY_SITE_IS_EQUITY_EXCHANGE,200,UNKNOWN,AUTHORITATIVE_UNIVERSE_BOUNDARY_AND_ENTITY_IDENTIFICATION,PUBLIC_DIRECTORY_DISCOVERY_AND_FULL_EXPORT
http://www.cma.gov.kw,IOSCO_MEMBER_WEBSITE,,FULL_LISTED_ISSUER_AND_SECURITY_DIRECTORY;FULL_MEMBER_OR_LICENSEE_DIRECTORY;SOURCE_TOTAL_AND_PAGINATION_RECONCILIATION;ISIN_LEI_MIC_LINKING,REVIEW_MARKET_TYPE_AND_REGULATORY_ROLE_NOT_EVERY_SITE_IS_EQUITY_EXCHANGE,,UNKNOWN,AUTHORITATIVE_UNIVERSE_BOUNDARY_AND_ENTITY_IDENTIFICATION,PUBLIC_DIRECTORY_DISCOVERY_AND_FULL_EXPORT
http://www.cma.gov.lb,IOSCO_MEMBER_WEBSITE,,FULL_LISTED_ISSUER_AND_SECURITY_DIRECTORY;FULL_MEMBER_OR_LICENSEE_DIRECTORY;SOURCE_TOTAL_AND_PAGINATION_RECONCILIATION;ISIN_LEI_MIC_LINKING,REVIEW_MARKET_TYPE_AND_REGULATORY_ROLE_NOT_EVERY_SITE_IS_EQUITY_EXCHANGE,200,UNKNOWN,AUTHORITATIVE_UNIVERSE_BOUNDARY_AND_ENTITY_IDENTIFICATION,PUBLIC_DIRECTORY_DISCOVERY_AND_FULL_EXPORT
http://www.cma.or.ke/,IOSCO_MEMBER_WEBSITE,,FULL_LISTED_ISSUER_AND_SECURITY_DIRECTORY;FULL_MEMBER_OR_LICENSEE_DIRECTORY;SOURCE_TOTAL_AND_PAGINATION_RECONCILIATION;ISIN_LEI_MIC_LINKING,REVIEW_MARKET_TYPE_AND_REGULATORY_ROLE_NOT_EVERY_SITE_IS_EQUITY_EXCHANGE,404,UNKNOWN,AUTHORITATIVE_UNIVERSE_BOUNDARY_AND_ENTITY_IDENTIFICATION,PUBLIC_DIRECTORY_DISCOVERY_AND_FULL_EXPORT
http://www.cma.org.sa/,IOSCO_MEMBER_WEBSITE,,FULL_LISTED_ISSUER_AND_SECURITY_DIRECTORY;FULL_MEMBER_OR_LICENSEE_DIRECTORY;SOURCE_TOTAL_AND_PAGINATION_RECONCILIATION;ISIN_LEI_MIC_LINKING,REVIEW_MARKET_TYPE_AND_REGULATORY_ROLE_NOT_EVERY_SITE_IS_EQUITY_EXCHANGE,200,UNKNOWN,AUTHORITATIVE_UNIVERSE_BOUNDARY_AND_ENTITY_IDENTIFICATION,PUBLIC_DIRECTORY_DISCOVERY_AND_FULL_EXPORT
http://www.cma.rw,IOSCO_MEMBER_WEBSITE,,FULL_LISTED_ISSUER_AND_SECURITY_DIRECTORY;FULL_MEMBER_OR_LICENSEE_DIRECTORY;SOURCE_TOTAL_AND_PAGINATION_RECONCILIATION;ISIN_LEI_MIC_LINKING,REVIEW_MARKET_TYPE_AND_REGULATORY_ROLE_NOT_EVERY_SITE_IS_EQUITY_EXCHANGE,200,UNKNOWN,AUTHORITATIVE_UNIVERSE_BOUNDARY_AND_ENTITY_IDENTIFICATION,PUBLIC_DIRECTORY_DISCOVERY_AND_FULL_EXPORT
http://www.cmauganda.co.ug,IOSCO_MEMBER_WEBSITE,,FULL_LISTED_ISSUER_AND_SECURITY_DIRECTORY;FULL_MEMBER_OR_LICENSEE_DIRECTORY;SOURCE_TOTAL_AND_PAGINATION_RECONCILIATION;ISIN_LEI_MIC_LINKING,REVIEW_MARKET_TYPE_AND_REGULATORY_ROLE_NOT_EVERY_SITE_IS_EQUITY_EXCHANGE,200,UNKNOWN,AUTHORITATIVE_UNIVERSE_BOUNDARY_AND_ENTITY_IDENTIFICATION,PUBLIC_DIRECTORY_DISCOVERY_AND_FULL_EXPORT
http://www.cmb.gov.tr/,IOSCO_MEMBER_WEBSITE,,FULL_LISTED_ISSUER_AND_SECURITY_DIRECTORY;FULL_MEMBER_OR_LICENSEE_DIRECTORY;SOURCE_TOTAL_AND_PAGINATION_RECONCILIATION;ISIN_LEI_MIC_LINKING,REVIEW_MARKET_TYPE_AND_REGULATORY_ROLE_NOT_EVERY_SITE_IS_EQUITY_EXCHANGE,200,UNKNOWN,AUTHORITATIVE_UNIVERSE_BOUNDARY_AND_ENTITY_IDENTIFICATION,PUBLIC_DIRECTORY_DISCOVERY_AND_FULL_EXPORT
http://www.cmc.ao,IOSCO_MEMBER_WEBSITE,,FULL_LISTED_ISSUER_AND_SECURITY_DIRECTORY;FULL_MEMBER_OR_LICENSEE_DIRECTORY;SOURCE_TOTAL_AND_PAGINATION_RECONCILIATION;ISIN_LEI_MIC_LINKING,REVIEW_MARKET_TYPE_AND_REGULATORY_ROLE_NOT_EVERY_SITE_IS_EQUITY_EXCHANGE,200,UNKNOWN,AUTHORITATIVE_UNIVERSE_BOUNDARY_AND_ENTITY_IDENTIFICATION,PUBLIC_DIRECTORY_DISCOVERY_AND_FULL_EXPORT
http://www.cmegroup.com,WFE_DIRECTORY_SITE,CH|GB|NL|US,FULL_LISTED_ISSUER_AND_SECURITY_DIRECTORY;FULL_MEMBER_OR_LICENSEE_DIRECTORY;SOURCE_TOTAL_AND_PAGINATION_RECONCILIATION;ISIN_LEI_MIC_LINKING,REVIEW_MARKET_TYPE_AND_REGULATORY_ROLE_NOT_EVERY_SITE_IS_EQUITY_EXCHANGE,403,UNKNOWN,AUTHORITATIVE_UNIVERSE_BOUNDARY_AND_ENTITY_IDENTIFICATION,PUBLIC_DIRECTORY_DISCOVERY_AND_FULL_EXPORT
http://www.cmegroup.com/,IOSCO_MEMBER_WEBSITE,CH|GB|NL|US,FULL_LISTED_ISSUER_AND_SECURITY_DIRECTORY;FULL_MEMBER_OR_LICENSEE_DIRECTORY;SOURCE_TOTAL_AND_PAGINATION_RECONCILIATION;ISIN_LEI_MIC_LINKING,REVIEW_MARKET_TYPE_AND_REGULATORY_ROLE_NOT_EVERY_SITE_IS_EQUITY_EXCHANGE,403,UNKNOWN,AUTHORITATIVE_UNIVERSE_BOUNDARY_AND_ENTITY_IDENTIFICATION,PUBLIC_DIRECTORY_DISCOVERY_AND_FULL_EXPORT
http://www.cmf.tn/,IOSCO_MEMBER_WEBSITE,,FULL_LISTED_ISSUER_AND_SECURITY_DIRECTORY;FULL_MEMBER_OR_LICENSEE_DIRECTORY;SOURCE_TOTAL_AND_PAGINATION_RECONCILIATION;ISIN_LEI_MIC_LINKING,REVIEW_MARKET_TYPE_AND_REGULATORY_ROLE_NOT_EVERY_SITE_IS_EQUITY_EXCHANGE,200,UNKNOWN,AUTHORITATIVE_UNIVERSE_BOUNDARY_AND_ENTITY_IDENTIFICATION,PUBLIC_DIRECTORY_DISCOVERY_AND_FULL_EXPORT
http://www.cmfchile.cl,IOSCO_MEMBER_WEBSITE,,FULL_LISTED_ISSUER_AND_SECURITY_DIRECTORY;FULL_MEMBER_OR_LICENSEE_DIRECTORY;SOURCE_TOTAL_AND_PAGINATION_RECONCILIATION;ISIN_LEI_MIC_LINKING,REVIEW_MARKET_TYPE_AND_REGULATORY_ROLE_NOT_EVERY_SITE_IS_EQUITY_EXCHANGE,,UNKNOWN,AUTHORITATIVE_UNIVERSE_BOUNDARY_AND_ENTITY_IDENTIFICATION,PUBLIC_DIRECTORY_DISCOVERY_AND_FULL_EXPORT
http://www.cmsa-tz.org/,IOSCO_MEMBER_WEBSITE,,FULL_LISTED_ISSUER_AND_SECURITY_DIRECTORY;FULL_MEMBER_OR_LICENSEE_DIRECTORY;SOURCE_TOTAL_AND_PAGINATION_RECONCILIATION;ISIN_LEI_MIC_LINKING,REVIEW_MARKET_TYPE_AND_REGULATORY_ROLE_NOT_EVERY_SITE_IS_EQUITY_EXCHANGE,,UNKNOWN,AUTHORITATIVE_UNIVERSE_BOUNDARY_AND_ENTITY_IDENTIFICATION,PUBLIC_DIRECTORY_DISCOVERY_AND_FULL_EXPORT
http://www.cmvm.pt,IOSCO_MEMBER_WEBSITE,,FULL_LISTED_ISSUER_AND_SECURITY_DIRECTORY;FULL_MEMBER_OR_LICENSEE_DIRECTORY;SOURCE_TOTAL_AND_PAGINATION_RECONCILIATION;ISIN_LEI_MIC_LINKING,REVIEW_MARKET_TYPE_AND_REGULATORY_ROLE_NOT_EVERY_SITE_IS_EQUITY_EXCHANGE,200,UNKNOWN,AUTHORITATIVE_UNIVERSE_BOUNDARY_AND_ENTITY_IDENTIFICATION,PUBLIC_DIRECTORY_DISCOVERY_AND_FULL_EXPORT
http://www.cnb.cz/en/index.html/,IOSCO_MEMBER_WEBSITE,,FULL_LISTED_ISSUER_AND_SECURITY_DIRECTORY;FULL_MEMBER_OR_LICENSEE_DIRECTORY;SOURCE_TOTAL_AND_PAGINATION_RECONCILIATION;ISIN_LEI_MIC_LINKING,REVIEW_MARKET_TYPE_AND_REGULATORY_ROLE_NOT_EVERY_SITE_IS_EQUITY_EXCHANGE,404,UNKNOWN,AUTHORITATIVE_UNIVERSE_BOUNDARY_AND_ENTITY_IDENTIFICATION,PUBLIC_DIRECTORY_DISCOVERY_AND_FULL_EXPORT
http://www.cnbv.gob.mx/,IOSCO_MEMBER_WEBSITE,,FULL_LISTED_ISSUER_AND_SECURITY_DIRECTORY;FULL_MEMBER_OR_LICENSEE_DIRECTORY;SOURCE_TOTAL_AND_PAGINATION_RECONCILIATION;ISIN_LEI_MIC_LINKING,REVIEW_MARKET_TYPE_AND_REGULATORY_ROLE_NOT_EVERY_SITE_IS_EQUITY_EXCHANGE,,UNKNOWN,AUTHORITATIVE_UNIVERSE_BOUNDARY_AND_ENTITY_IDENTIFICATION,PUBLIC_DIRECTORY_DISCOVERY_AND_FULL_EXPORT
http://www.cnmv.es/,IOSCO_MEMBER_WEBSITE,,FULL_LISTED_ISSUER_AND_SECURITY_DIRECTORY;FULL_MEMBER_OR_LICENSEE_DIRECTORY;SOURCE_TOTAL_AND_PAGINATION_RECONCILIATION;ISIN_LEI_MIC_LINKING,REVIEW_MARKET_TYPE_AND_REGULATORY_ROLE_NOT_EVERY_SITE_IS_EQUITY_EXCHANGE,200,UNKNOWN,AUTHORITATIVE_UNIVERSE_BOUNDARY_AND_ENTITY_IDENTIFICATION,PUBLIC_DIRECTORY_DISCOVERY_AND_FULL_EXPORT
http://www.cnv.gob.ar/,IOSCO_MEMBER_WEBSITE,,FULL_LISTED_ISSUER_AND_SECURITY_DIRECTORY;FULL_MEMBER_OR_LICENSEE_DIRECTORY;SOURCE_TOTAL_AND_PAGINATION_RECONCILIATION;ISIN_LEI_MIC_LINKING,REVIEW_MARKET_TYPE_AND_REGULATORY_ROLE_NOT_EVERY_SITE_IS_EQUITY_EXCHANGE,,UNKNOWN,AUTHORITATIVE_UNIVERSE_BOUNDARY_AND_ENTITY_IDENTIFICATION,PUBLIC_DIRECTORY_DISCOVERY_AND_FULL_EXPORT
http://www.consob.it/,IOSCO_MEMBER_WEBSITE,,FULL_LISTED_ISSUER_AND_SECURITY_DIRECTORY;FULL_MEMBER_OR_LICENSEE_DIRECTORY;SOURCE_TOTAL_AND_PAGINATION_RECONCILIATION;ISIN_LEI_MIC_LINKING,REVIEW_MARKET_TYPE_AND_REGULATORY_ROLE_NOT_EVERY_SITE_IS_EQUITY_EXCHANGE,200,UNKNOWN,AUTHORITATIVE_UNIVERSE_BOUNDARY_AND_ENTITY_IDENTIFICATION,PUBLIC_DIRECTORY_DISCOVERY_AND_FULL_EXPORT
http://www.cosob.org,IOSCO_MEMBER_WEBSITE,,FULL_LISTED_ISSUER_AND_SECURITY_DIRECTORY;FULL_MEMBER_OR_LICENSEE_DIRECTORY;SOURCE_TOTAL_AND_PAGINATION_RECONCILIATION;ISIN_LEI_MIC_LINKING,REVIEW_MARKET_TYPE_AND_REGULATORY_ROLE_NOT_EVERY_SITE_IS_EQUITY_EXCHANGE,200,UNKNOWN,AUTHORITATIVE_UNIVERSE_BOUNDARY_AND_ENTITY_IDENTIFICATION,PUBLIC_DIRECTORY_DISCOVERY_AND_FULL_EXPORT
http://www.cosumaf.org,IOSCO_MEMBER_WEBSITE,,FULL_LISTED_ISSUER_AND_SECURITY_DIRECTORY;FULL_MEMBER_OR_LICENSEE_DIRECTORY;SOURCE_TOTAL_AND_PAGINATION_RECONCILIATION;ISIN_LEI_MIC_LINKING,REVIEW_MARKET_TYPE_AND_REGULATORY_ROLE_NOT_EVERY_SITE_IS_EQUITY_EXCHANGE,200,UNKNOWN,AUTHORITATIVE_UNIVERSE_BOUNDARY_AND_ENTITY_IDENTIFICATION,PUBLIC_DIRECTORY_DISCOVERY_AND_FULL_EXPORT
http://www.crepmf.org,IOSCO_MEMBER_WEBSITE,,FULL_LISTED_ISSUER_AND_SECURITY_DIRECTORY;FULL_MEMBER_OR_LICENSEE_DIRECTORY;SOURCE_TOTAL_AND_PAGINATION_RECONCILIATION;ISIN_LEI_MIC_LINKING,REVIEW_MARKET_TYPE_AND_REGULATORY_ROLE_NOT_EVERY_SITE_IS_EQUITY_EXCHANGE,,UNKNOWN,AUTHORITATIVE_UNIVERSE_BOUNDARY_AND_ENTITY_IDENTIFICATION,PUBLIC_DIRECTORY_DISCOVERY_AND_FULL_EXPORT
http://www.cse.com.bd,WFE_DIRECTORY_SITE,,FULL_LISTED_ISSUER_AND_SECURITY_DIRECTORY;FULL_MEMBER_OR_LICENSEE_DIRECTORY;SOURCE_TOTAL_AND_PAGINATION_RECONCILIATION;ISIN_LEI_MIC_LINKING,REVIEW_MARKET_TYPE_AND_REGULATORY_ROLE_NOT_EVERY_SITE_IS_EQUITY_EXCHANGE,,UNKNOWN,AUTHORITATIVE_UNIVERSE_BOUNDARY_AND_ENTITY_IDENTIFICATION,PUBLIC_DIRECTORY_DISCOVERY_AND_FULL_EXPORT
http://www.cse.com.cy,WFE_DIRECTORY_SITE,CY,FULL_LISTED_ISSUER_AND_SECURITY_DIRECTORY;FULL_MEMBER_OR_LICENSEE_DIRECTORY;SOURCE_TOTAL_AND_PAGINATION_RECONCILIATION;ISIN_LEI_MIC_LINKING,REVIEW_MARKET_TYPE_AND_REGULATORY_ROLE_NOT_EVERY_SITE_IS_EQUITY_EXCHANGE,,UNKNOWN,AUTHORITATIVE_UNIVERSE_BOUNDARY_AND_ENTITY_IDENTIFICATION,PUBLIC_DIRECTORY_DISCOVERY_AND_FULL_EXPORT
http://www.cse.lk,WFE_DIRECTORY_SITE,LK,FULL_LISTED_ISSUER_AND_SECURITY_DIRECTORY;FULL_MEMBER_OR_LICENSEE_DIRECTORY;SOURCE_TOTAL_AND_PAGINATION_RECONCILIATION;ISIN_LEI_MIC_LINKING,REVIEW_MARKET_TYPE_AND_REGULATORY_ROLE_NOT_EVERY_SITE_IS_EQUITY_EXCHANGE,200,UNKNOWN,AUTHORITATIVE_UNIVERSE_BOUNDARY_AND_ENTITY_IDENTIFICATION,PUBLIC_DIRECTORY_DISCOVERY_AND_FULL_EXPORT
http://www.csrc.gov.cn/pub/csrc_en/,IOSCO_MEMBER_WEBSITE,,FULL_LISTED_ISSUER_AND_SECURITY_DIRECTORY;FULL_MEMBER_OR_LICENSEE_DIRECTORY;SOURCE_TOTAL_AND_PAGINATION_RECONCILIATION;ISIN_LEI_MIC_LINKING,REVIEW_MARKET_TYPE_AND_REGULATORY_ROLE_NOT_EVERY_SITE_IS_EQUITY_EXCHANGE,,UNKNOWN,AUTHORITATIVE_UNIVERSE_BOUNDARY_AND_ENTITY_IDENTIFICATION,PUBLIC_DIRECTORY_DISCOVERY_AND_FULL_EXPORT
http://www.cssf.lu/,IOSCO_MEMBER_WEBSITE,,FULL_LISTED_ISSUER_AND_SECURITY_DIRECTORY;FULL_MEMBER_OR_LICENSEE_DIRECTORY;SOURCE_TOTAL_AND_PAGINATION_RECONCILIATION;ISIN_LEI_MIC_LINKING,REVIEW_MARKET_TYPE_AND_REGULATORY_ROLE_NOT_EVERY_SITE_IS_EQUITY_EXCHANGE,200,UNKNOWN,AUTHORITATIVE_UNIVERSE_BOUNDARY_AND_ENTITY_IDENTIFICATION,PUBLIC_DIRECTORY_DISCOVERY_AND_FULL_EXPORT
http://www.cvm.gov.br/,IOSCO_MEMBER_WEBSITE,,FULL_LISTED_ISSUER_AND_SECURITY_DIRECTORY;FULL_MEMBER_OR_LICENSEE_DIRECTORY;SOURCE_TOTAL_AND_PAGINATION_RECONCILIATION;ISIN_LEI_MIC_LINKING,REVIEW_MARKET_TYPE_AND_REGULATORY_ROLE_NOT_EVERY_SITE_IS_EQUITY_EXCHANGE,200,UNKNOWN,AUTHORITATIVE_UNIVERSE_BOUNDARY_AND_ENTITY_IDENTIFICATION,PUBLIC_DIRECTORY_DISCOVERY_AND_FULL_EXPORT
http://www.cysec.gov.cy/,IOSCO_MEMBER_WEBSITE,,FULL_LISTED_ISSUER_AND_SECURITY_DIRECTORY;FULL_MEMBER_OR_LICENSEE_DIRECTORY;SOURCE_TOTAL_AND_PAGINATION_RECONCILIATION;ISIN_LEI_MIC_LINKING,REVIEW_MARKET_TYPE_AND_REGULATORY_ROLE_NOT_EVERY_SITE_IS_EQUITY_EXCHANGE,200,UNKNOWN,AUTHORITATIVE_UNIVERSE_BOUNDARY_AND_ENTITY_IDENTIFICATION,PUBLIC_DIRECTORY_DISCOVERY_AND_FULL_EXPORT
http://www.czce.com.cn,WFE_DIRECTORY_SITE,CN,FULL_LISTED_ISSUER_AND_SECURITY_DIRECTORY;FULL_MEMBER_OR_LICENSEE_DIRECTORY;SOURCE_TOTAL_AND_PAGINATION_RECONCILIATION;ISIN_LEI_MIC_LINKING,REVIEW_MARKET_TYPE_AND_REGULATORY_ROLE_NOT_EVERY_SITE_IS_EQUITY_EXCHANGE,,UNKNOWN,AUTHORITATIVE_UNIVERSE_BOUNDARY_AND_ENTITY_IDENTIFICATION,PUBLIC_DIRECTORY_DISCOVERY_AND_FULL_EXPORT
http://www.dce.com.cn,WFE_DIRECTORY_SITE,,FULL_LISTED_ISSUER_AND_SECURITY_DIRECTORY;FULL_MEMBER_OR_LICENSEE_DIRECTORY;SOURCE_TOTAL_AND_PAGINATION_RECONCILIATION;ISIN_LEI_MIC_LINKING,REVIEW_MARKET_TYPE_AND_REGULATORY_ROLE_NOT_EVERY_SITE_IS_EQUITY_EXCHANGE,412,UNKNOWN,AUTHORITATIVE_UNIVERSE_BOUNDARY_AND_ENTITY_IDENTIFICATION,PUBLIC_DIRECTORY_DISCOVERY_AND_FULL_EXPORT
http://www.dcsx.cw,WFE_DIRECTORY_SITE,,FULL_LISTED_ISSUER_AND_SECURITY_DIRECTORY;FULL_MEMBER_OR_LICENSEE_DIRECTORY;SOURCE_TOTAL_AND_PAGINATION_RECONCILIATION;ISIN_LEI_MIC_LINKING,REVIEW_MARKET_TYPE_AND_REGULATORY_ROLE_NOT_EVERY_SITE_IS_EQUITY_EXCHANGE,200,UNKNOWN,AUTHORITATIVE_UNIVERSE_BOUNDARY_AND_ENTITY_IDENTIFICATION,PUBLIC_DIRECTORY_DISCOVERY_AND_FULL_EXPORT
http://www.deutsche-boerse.com,WFE_DIRECTORY_SITE,DE,FULL_LISTED_ISSUER_AND_SECURITY_DIRECTORY;FULL_MEMBER_OR_LICENSEE_DIRECTORY;SOURCE_TOTAL_AND_PAGINATION_RECONCILIATION;ISIN_LEI_MIC_LINKING,REVIEW_MARKET_TYPE_AND_REGULATORY_ROLE_NOT_EVERY_SITE_IS_EQUITY_EXCHANGE,200,UNKNOWN,AUTHORITATIVE_UNIVERSE_BOUNDARY_AND_ENTITY_IDENTIFICATION,PUBLIC_DIRECTORY_DISCOVERY_AND_FULL_EXPORT
http://www.dfm.ae,WFE_DIRECTORY_SITE,,FULL_LISTED_ISSUER_AND_SECURITY_DIRECTORY;FULL_MEMBER_OR_LICENSEE_DIRECTORY;SOURCE_TOTAL_AND_PAGINATION_RECONCILIATION;ISIN_LEI_MIC_LINKING,REVIEW_MARKET_TYPE_AND_REGULATORY_ROLE_NOT_EVERY_SITE_IS_EQUITY_EXCHANGE,200,UNKNOWN,AUTHORITATIVE_UNIVERSE_BOUNDARY_AND_ENTITY_IDENTIFICATION,PUBLIC_DIRECTORY_DISCOVERY_AND_FULL_EXPORT
http://www.dfsa.ae,IOSCO_MEMBER_WEBSITE,,FULL_LISTED_ISSUER_AND_SECURITY_DIRECTORY;FULL_MEMBER_OR_LICENSEE_DIRECTORY;SOURCE_TOTAL_AND_PAGINATION_RECONCILIATION;ISIN_LEI_MIC_LINKING,REVIEW_MARKET_TYPE_AND_REGULATORY_ROLE_NOT_EVERY_SITE_IS_EQUITY_EXCHANGE,200,UNKNOWN,AUTHORITATIVE_UNIVERSE_BOUNDARY_AND_ENTITY_IDENTIFICATION,PUBLIC_DIRECTORY_DISCOVERY_AND_FULL_EXPORT
http://www.dgcx.ae,IOSCO_MEMBER_WEBSITE,AE,FULL_LISTED_ISSUER_AND_SECURITY_DIRECTORY;FULL_MEMBER_OR_LICENSEE_DIRECTORY;SOURCE_TOTAL_AND_PAGINATION_RECONCILIATION;ISIN_LEI_MIC_LINKING,REVIEW_MARKET_TYPE_AND_REGULATORY_ROLE_NOT_EVERY_SITE_IS_EQUITY_EXCHANGE,403,UNKNOWN,AUTHORITATIVE_UNIVERSE_BOUNDARY_AND_ENTITY_IDENTIFICATION,PUBLIC_DIRECTORY_DISCOVERY_AND_FULL_EXPORT
http://www.dse.co.tz,WFE_DIRECTORY_SITE,,FULL_LISTED_ISSUER_AND_SECURITY_DIRECTORY;FULL_MEMBER_OR_LICENSEE_DIRECTORY;SOURCE_TOTAL_AND_PAGINATION_RECONCILIATION;ISIN_LEI_MIC_LINKING,REVIEW_MARKET_TYPE_AND_REGULATORY_ROLE_NOT_EVERY_SITE_IS_EQUITY_EXCHANGE,200,UNKNOWN,AUTHORITATIVE_UNIVERSE_BOUNDARY_AND_ENTITY_IDENTIFICATION,PUBLIC_DIRECTORY_DISCOVERY_AND_FULL_EXPORT
http://www.dsebd.org,WFE_DIRECTORY_SITE,BD,FULL_LISTED_ISSUER_AND_SECURITY_DIRECTORY;FULL_MEMBER_OR_LICENSEE_DIRECTORY;SOURCE_TOTAL_AND_PAGINATION_RECONCILIATION;ISIN_LEI_MIC_LINKING,REVIEW_MARKET_TYPE_AND_REGULATORY_ROLE_NOT_EVERY_SITE_IS_EQUITY_EXCHANGE,200,UNKNOWN,AUTHORITATIVE_UNIVERSE_BOUNDARY_AND_ENTITY_IDENTIFICATION,PUBLIC_DIRECTORY_DISCOVERY_AND_FULL_EXPORT
http://www.dtcc.com,WFE_DIRECTORY_SITE,,FULL_LISTED_ISSUER_AND_SECURITY_DIRECTORY;FULL_MEMBER_OR_LICENSEE_DIRECTORY;SOURCE_TOTAL_AND_PAGINATION_RECONCILIATION;ISIN_LEI_MIC_LINKING,REVIEW_MARKET_TYPE_AND_REGULATORY_ROLE_NOT_EVERY_SITE_IS_EQUITY_EXCHANGE,200,UNKNOWN,AUTHORITATIVE_UNIVERSE_BOUNDARY_AND_ENTITY_IDENTIFICATION,PUBLIC_DIRECTORY_DISCOVERY_AND_FULL_EXPORT
http://www.efama.org/,IOSCO_MEMBER_WEBSITE,,FULL_LISTED_ISSUER_AND_SECURITY_DIRECTORY;FULL_MEMBER_OR_LICENSEE_DIRECTORY;SOURCE_TOTAL_AND_PAGINATION_RECONCILIATION;ISIN_LEI_MIC_LINKING,REVIEW_MARKET_TYPE_AND_REGULATORY_ROLE_NOT_EVERY_SITE_IS_EQUITY_EXCHANGE,200,UNKNOWN,AUTHORITATIVE_UNIVERSE_BOUNDARY_AND_ENTITY_IDENTIFICATION,PUBLIC_DIRECTORY_DISCOVERY_AND_FULL_EXPORT
http://www.esma.europa.eu/,IOSCO_MEMBER_WEBSITE,,FULL_LISTED_ISSUER_AND_SECURITY_DIRECTORY;FULL_MEMBER_OR_LICENSEE_DIRECTORY;SOURCE_TOTAL_AND_PAGINATION_RECONCILIATION;ISIN_LEI_MIC_LINKING,REVIEW_MARKET_TYPE_AND_REGULATORY_ROLE_NOT_EVERY_SITE_IS_EQUITY_EXCHANGE,200,UNKNOWN,AUTHORITATIVE_UNIVERSE_BOUNDARY_AND_ENTITY_IDENTIFICATION,PUBLIC_DIRECTORY_DISCOVERY_AND_FULL_EXPORT
http://www.fca.org.uk,IOSCO_MEMBER_WEBSITE,,FULL_LISTED_ISSUER_AND_SECURITY_DIRECTORY;FULL_MEMBER_OR_LICENSEE_DIRECTORY;SOURCE_TOTAL_AND_PAGINATION_RECONCILIATION;ISIN_LEI_MIC_LINKING,REVIEW_MARKET_TYPE_AND_REGULATORY_ROLE_NOT_EVERY_SITE_IS_EQUITY_EXCHANGE,200,UNKNOWN,AUTHORITATIVE_UNIVERSE_BOUNDARY_AND_ENTITY_IDENTIFICATION,PUBLIC_DIRECTORY_DISCOVERY_AND_FULL_EXPORT
http://www.fi.ee/,IOSCO_MEMBER_WEBSITE,,FULL_LISTED_ISSUER_AND_SECURITY_DIRECTORY;FULL_MEMBER_OR_LICENSEE_DIRECTORY;SOURCE_TOTAL_AND_PAGINATION_RECONCILIATION;ISIN_LEI_MIC_LINKING,REVIEW_MARKET_TYPE_AND_REGULATORY_ROLE_NOT_EVERY_SITE_IS_EQUITY_EXCHANGE,200,UNKNOWN,AUTHORITATIVE_UNIVERSE_BOUNDARY_AND_ENTITY_IDENTIFICATION,PUBLIC_DIRECTORY_DISCOVERY_AND_FULL_EXPORT
http://www.fi.se/,IOSCO_MEMBER_WEBSITE,,FULL_LISTED_ISSUER_AND_SECURITY_DIRECTORY;FULL_MEMBER_OR_LICENSEE_DIRECTORY;SOURCE_TOTAL_AND_PAGINATION_RECONCILIATION;ISIN_LEI_MIC_LINKING,REVIEW_MARKET_TYPE_AND_REGULATORY_ROLE_NOT_EVERY_SITE_IS_EQUITY_EXCHANGE,200,UNKNOWN,AUTHORITATIVE_UNIVERSE_BOUNDARY_AND_ENTITY_IDENTIFICATION,PUBLIC_DIRECTORY_DISCOVERY_AND_FULL_EXPORT
http://www.fia.org,IOSCO_MEMBER_WEBSITE,,FULL_LISTED_ISSUER_AND_SECURITY_DIRECTORY;FULL_MEMBER_OR_LICENSEE_DIRECTORY;SOURCE_TOTAL_AND_PAGINATION_RECONCILIATION;ISIN_LEI_MIC_LINKING,REVIEW_MARKET_TYPE_AND_REGULATORY_ROLE_NOT_EVERY_SITE_IS_EQUITY_EXCHANGE,200,UNKNOWN,AUTHORITATIVE_UNIVERSE_BOUNDARY_AND_ENTITY_IDENTIFICATION,PUBLIC_DIRECTORY_DISCOVERY_AND_FULL_EXPORT
http://www.finanssivalvonta.fi/,IOSCO_MEMBER_WEBSITE,,FULL_LISTED_ISSUER_AND_SECURITY_DIRECTORY;FULL_MEMBER_OR_LICENSEE_DIRECTORY;SOURCE_TOTAL_AND_PAGINATION_RECONCILIATION;ISIN_LEI_MIC_LINKING,REVIEW_MARKET_TYPE_AND_REGULATORY_ROLE_NOT_EVERY_SITE_IS_EQUITY_EXCHANGE,,UNKNOWN,AUTHORITATIVE_UNIVERSE_BOUNDARY_AND_ENTITY_IDENTIFICATION,PUBLIC_DIRECTORY_DISCOVERY_AND_FULL_EXPORT
http://www.finanstilsynet.dk/,IOSCO_MEMBER_WEBSITE,,FULL_LISTED_ISSUER_AND_SECURITY_DIRECTORY;FULL_MEMBER_OR_LICENSEE_DIRECTORY;SOURCE_TOTAL_AND_PAGINATION_RECONCILIATION;ISIN_LEI_MIC_LINKING,REVIEW_MARKET_TYPE_AND_REGULATORY_ROLE_NOT_EVERY_SITE_IS_EQUITY_EXCHANGE,200,UNKNOWN,AUTHORITATIVE_UNIVERSE_BOUNDARY_AND_ENTITY_IDENTIFICATION,PUBLIC_DIRECTORY_DISCOVERY_AND_FULL_EXPORT
http://www.finanstilsynet.no/,IOSCO_MEMBER_WEBSITE,,FULL_LISTED_ISSUER_AND_SECURITY_DIRECTORY;FULL_MEMBER_OR_LICENSEE_DIRECTORY;SOURCE_TOTAL_AND_PAGINATION_RECONCILIATION;ISIN_LEI_MIC_LINKING,REVIEW_MARKET_TYPE_AND_REGULATORY_ROLE_NOT_EVERY_SITE_IS_EQUITY_EXCHANGE,200,UNKNOWN,AUTHORITATIVE_UNIVERSE_BOUNDARY_AND_ENTITY_IDENTIFICATION,PUBLIC_DIRECTORY_DISCOVERY_AND_FULL_EXPORT
http://www.finma.ch/,IOSCO_MEMBER_WEBSITE,,FULL_LISTED_ISSUER_AND_SECURITY_DIRECTORY;FULL_MEMBER_OR_LICENSEE_DIRECTORY;SOURCE_TOTAL_AND_PAGINATION_RECONCILIATION;ISIN_LEI_MIC_LINKING,REVIEW_MARKET_TYPE_AND_REGULATORY_ROLE_NOT_EVERY_SITE_IS_EQUITY_EXCHANGE,200,UNKNOWN,AUTHORITATIVE_UNIVERSE_BOUNDARY_AND_ENTITY_IDENTIFICATION,PUBLIC_DIRECTORY_DISCOVERY_AND_FULL_EXPORT
http://www.finra.org/index.htm,IOSCO_MEMBER_WEBSITE,US,FULL_LISTED_ISSUER_AND_SECURITY_DIRECTORY;FULL_MEMBER_OR_LICENSEE_DIRECTORY;SOURCE_TOTAL_AND_PAGINATION_RECONCILIATION;ISIN_LEI_MIC_LINKING,REVIEW_MARKET_TYPE_AND_REGULATORY_ROLE_NOT_EVERY_SITE_IS_EQUITY_EXCHANGE,200,UNKNOWN,AUTHORITATIVE_UNIVERSE_BOUNDARY_AND_ENTITY_IDENTIFICATION,PUBLIC_DIRECTORY_DISCOVERY_AND_FULL_EXPORT
http://www.finreg.kz/,IOSCO_MEMBER_WEBSITE,,FULL_LISTED_ISSUER_AND_SECURITY_DIRECTORY;FULL_MEMBER_OR_LICENSEE_DIRECTORY;SOURCE_TOTAL_AND_PAGINATION_RECONCILIATION;ISIN_LEI_MIC_LINKING,REVIEW_MARKET_TYPE_AND_REGULATORY_ROLE_NOT_EVERY_SITE_IS_EQUITY_EXCHANGE,,UNKNOWN,AUTHORITATIVE_UNIVERSE_BOUNDARY_AND_ENTITY_IDENTIFICATION,PUBLIC_DIRECTORY_DISCOVERY_AND_FULL_EXPORT
http://www.fma-li.li/,IOSCO_MEMBER_WEBSITE,,FULL_LISTED_ISSUER_AND_SECURITY_DIRECTORY;FULL_MEMBER_OR_LICENSEE_DIRECTORY;SOURCE_TOTAL_AND_PAGINATION_RECONCILIATION;ISIN_LEI_MIC_LINKING,REVIEW_MARKET_TYPE_AND_REGULATORY_ROLE_NOT_EVERY_SITE_IS_EQUITY_EXCHANGE,200,UNKNOWN,AUTHORITATIVE_UNIVERSE_BOUNDARY_AND_ENTITY_IDENTIFICATION,PUBLIC_DIRECTORY_DISCOVERY_AND_FULL_EXPORT
http://www.fma.gv.at/,IOSCO_MEMBER_WEBSITE,,FULL_LISTED_ISSUER_AND_SECURITY_DIRECTORY;FULL_MEMBER_OR_LICENSEE_DIRECTORY;SOURCE_TOTAL_AND_PAGINATION_RECONCILIATION;ISIN_LEI_MIC_LINKING,REVIEW_MARKET_TYPE_AND_REGULATORY_ROLE_NOT_EVERY_SITE_IS_EQUITY_EXCHANGE,200,UNKNOWN,AUTHORITATIVE_UNIVERSE_BOUNDARY_AND_ENTITY_IDENTIFICATION,PUBLIC_DIRECTORY_DISCOVERY_AND_FULL_EXPORT
http://www.fmdqgroup.com,WFE_DIRECTORY_SITE|IOSCO_MEMBER_WEBSITE,,FULL_LISTED_ISSUER_AND_SECURITY_DIRECTORY;FULL_MEMBER_OR_LICENSEE_DIRECTORY;SOURCE_TOTAL_AND_PAGINATION_RECONCILIATION;ISIN_LEI_MIC_LINKING,REVIEW_MARKET_TYPE_AND_REGULATORY_ROLE_NOT_EVERY_SITE_IS_EQUITY_EXCHANGE,,UNKNOWN,AUTHORITATIVE_UNIVERSE_BOUNDARY_AND_ENTITY_IDENTIFICATION,PUBLIC_DIRECTORY_DISCOVERY_AND_FULL_EXPORT
http://www.fpsb.org,IOSCO_MEMBER_WEBSITE,,FULL_LISTED_ISSUER_AND_SECURITY_DIRECTORY;FULL_MEMBER_OR_LICENSEE_DIRECTORY;SOURCE_TOTAL_AND_PAGINATION_RECONCILIATION;ISIN_LEI_MIC_LINKING,REVIEW_MARKET_TYPE_AND_REGULATORY_ROLE_NOT_EVERY_SITE_IS_EQUITY_EXCHANGE,200,UNKNOWN,AUTHORITATIVE_UNIVERSE_BOUNDARY_AND_ENTITY_IDENTIFICATION,PUBLIC_DIRECTORY_DISCOVERY_AND_FULL_EXPORT
http://www.fra.gov.eg/,IOSCO_MEMBER_WEBSITE,,FULL_LISTED_ISSUER_AND_SECURITY_DIRECTORY;FULL_MEMBER_OR_LICENSEE_DIRECTORY;SOURCE_TOTAL_AND_PAGINATION_RECONCILIATION;ISIN_LEI_MIC_LINKING,REVIEW_MARKET_TYPE_AND_REGULATORY_ROLE_NOT_EVERY_SITE_IS_EQUITY_EXCHANGE,,UNKNOWN,AUTHORITATIVE_UNIVERSE_BOUNDARY_AND_ENTITY_IDENTIFICATION,PUBLIC_DIRECTORY_DISCOVERY_AND_FULL_EXPORT
http://www.frc.mn/,IOSCO_MEMBER_WEBSITE,,FULL_LISTED_ISSUER_AND_SECURITY_DIRECTORY;FULL_MEMBER_OR_LICENSEE_DIRECTORY;SOURCE_TOTAL_AND_PAGINATION_RECONCILIATION;ISIN_LEI_MIC_LINKING,REVIEW_MARKET_TYPE_AND_REGULATORY_ROLE_NOT_EVERY_SITE_IS_EQUITY_EXCHANGE,200,UNKNOWN,AUTHORITATIVE_UNIVERSE_BOUNDARY_AND_ENTITY_IDENTIFICATION,PUBLIC_DIRECTORY_DISCOVERY_AND_FULL_EXPORT
http://www.fsa.go.jp/,IOSCO_MEMBER_WEBSITE,,FULL_LISTED_ISSUER_AND_SECURITY_DIRECTORY;FULL_MEMBER_OR_LICENSEE_DIRECTORY;SOURCE_TOTAL_AND_PAGINATION_RECONCILIATION;ISIN_LEI_MIC_LINKING,REVIEW_MARKET_TYPE_AND_REGULATORY_ROLE_NOT_EVERY_SITE_IS_EQUITY_EXCHANGE,200,UNKNOWN,AUTHORITATIVE_UNIVERSE_BOUNDARY_AND_ENTITY_IDENTIFICATION,PUBLIC_DIRECTORY_DISCOVERY_AND_FULL_EXPORT
http://www.fsa.go.jp/sesc/english/,IOSCO_MEMBER_WEBSITE,,FULL_LISTED_ISSUER_AND_SECURITY_DIRECTORY;FULL_MEMBER_OR_LICENSEE_DIRECTORY;SOURCE_TOTAL_AND_PAGINATION_RECONCILIATION;ISIN_LEI_MIC_LINKING,REVIEW_MARKET_TYPE_AND_REGULATORY_ROLE_NOT_EVERY_SITE_IS_EQUITY_EXCHANGE,200,UNKNOWN,AUTHORITATIVE_UNIVERSE_BOUNDARY_AND_ENTITY_IDENTIFICATION,PUBLIC_DIRECTORY_DISCOVERY_AND_FULL_EXPORT
http://www.fsaseychelles.sc,IOSCO_MEMBER_WEBSITE,,FULL_LISTED_ISSUER_AND_SECURITY_DIRECTORY;FULL_MEMBER_OR_LICENSEE_DIRECTORY;SOURCE_TOTAL_AND_PAGINATION_RECONCILIATION;ISIN_LEI_MIC_LINKING,REVIEW_MARKET_TYPE_AND_REGULATORY_ROLE_NOT_EVERY_SITE_IS_EQUITY_EXCHANGE,200,UNKNOWN,AUTHORITATIVE_UNIVERSE_BOUNDARY_AND_ENTITY_IDENTIFICATION,PUBLIC_DIRECTORY_DISCOVERY_AND_FULL_EXPORT
http://www.fsc.bg/,IOSCO_MEMBER_WEBSITE,,FULL_LISTED_ISSUER_AND_SECURITY_DIRECTORY;FULL_MEMBER_OR_LICENSEE_DIRECTORY;SOURCE_TOTAL_AND_PAGINATION_RECONCILIATION;ISIN_LEI_MIC_LINKING,REVIEW_MARKET_TYPE_AND_REGULATORY_ROLE_NOT_EVERY_SITE_IS_EQUITY_EXCHANGE,,UNKNOWN,AUTHORITATIVE_UNIVERSE_BOUNDARY_AND_ENTITY_IDENTIFICATION,PUBLIC_DIRECTORY_DISCOVERY_AND_FULL_EXPORT
http://www.fsc.gi/,IOSCO_MEMBER_WEBSITE,,FULL_LISTED_ISSUER_AND_SECURITY_DIRECTORY;FULL_MEMBER_OR_LICENSEE_DIRECTORY;SOURCE_TOTAL_AND_PAGINATION_RECONCILIATION;ISIN_LEI_MIC_LINKING,REVIEW_MARKET_TYPE_AND_REGULATORY_ROLE_NOT_EVERY_SITE_IS_EQUITY_EXCHANGE,403,UNKNOWN,AUTHORITATIVE_UNIVERSE_BOUNDARY_AND_ENTITY_IDENTIFICATION,PUBLIC_DIRECTORY_DISCOVERY_AND_FULL_EXPORT
http://www.fsc.go.kr/eng,IOSCO_MEMBER_WEBSITE,,FULL_LISTED_ISSUER_AND_SECURITY_DIRECTORY;FULL_MEMBER_OR_LICENSEE_DIRECTORY;SOURCE_TOTAL_AND_PAGINATION_RECONCILIATION;ISIN_LEI_MIC_LINKING,REVIEW_MARKET_TYPE_AND_REGULATORY_ROLE_NOT_EVERY_SITE_IS_EQUITY_EXCHANGE,200,UNKNOWN,AUTHORITATIVE_UNIVERSE_BOUNDARY_AND_ENTITY_IDENTIFICATION,PUBLIC_DIRECTORY_DISCOVERY_AND_FULL_EXPORT
http://www.fsc.gov.bb/,IOSCO_MEMBER_WEBSITE,,FULL_LISTED_ISSUER_AND_SECURITY_DIRECTORY;FULL_MEMBER_OR_LICENSEE_DIRECTORY;SOURCE_TOTAL_AND_PAGINATION_RECONCILIATION;ISIN_LEI_MIC_LINKING,REVIEW_MARKET_TYPE_AND_REGULATORY_ROLE_NOT_EVERY_SITE_IS_EQUITY_EXCHANGE,200,UNKNOWN,AUTHORITATIVE_UNIVERSE_BOUNDARY_AND_ENTITY_IDENTIFICATION,PUBLIC_DIRECTORY_DISCOVERY_AND_FULL_EXPORT
http://www.fsc.gov.tw/,IOSCO_MEMBER_WEBSITE,,FULL_LISTED_ISSUER_AND_SECURITY_DIRECTORY;FULL_MEMBER_OR_LICENSEE_DIRECTORY;SOURCE_TOTAL_AND_PAGINATION_RECONCILIATION;ISIN_LEI_MIC_LINKING,REVIEW_MARKET_TYPE_AND_REGULATORY_ROLE_NOT_EVERY_SITE_IS_EQUITY_EXCHANGE,200,UNKNOWN,AUTHORITATIVE_UNIVERSE_BOUNDARY_AND_ENTITY_IDENTIFICATION,PUBLIC_DIRECTORY_DISCOVERY_AND_FULL_EXPORT
http://www.fscjamaica.org/,IOSCO_MEMBER_WEBSITE,,FULL_LISTED_ISSUER_AND_SECURITY_DIRECTORY;FULL_MEMBER_OR_LICENSEE_DIRECTORY;SOURCE_TOTAL_AND_PAGINATION_RECONCILIATION;ISIN_LEI_MIC_LINKING,REVIEW_MARKET_TYPE_AND_REGULATORY_ROLE_NOT_EVERY_SITE_IS_EQUITY_EXCHANGE,200,UNKNOWN,AUTHORITATIVE_UNIVERSE_BOUNDARY_AND_ENTITY_IDENTIFICATION,PUBLIC_DIRECTORY_DISCOVERY_AND_FULL_EXPORT
http://www.fscmauritius.org,IOSCO_MEMBER_WEBSITE,,FULL_LISTED_ISSUER_AND_SECURITY_DIRECTORY;FULL_MEMBER_OR_LICENSEE_DIRECTORY;SOURCE_TOTAL_AND_PAGINATION_RECONCILIATION;ISIN_LEI_MIC_LINKING,REVIEW_MARKET_TYPE_AND_REGULATORY_ROLE_NOT_EVERY_SITE_IS_EQUITY_EXCHANGE,200,UNKNOWN,AUTHORITATIVE_UNIVERSE_BOUNDARY_AND_ENTITY_IDENTIFICATION,PUBLIC_DIRECTORY_DISCOVERY_AND_FULL_EXPORT
http://www.fsma.be/,IOSCO_MEMBER_WEBSITE,,FULL_LISTED_ISSUER_AND_SECURITY_DIRECTORY;FULL_MEMBER_OR_LICENSEE_DIRECTORY;SOURCE_TOTAL_AND_PAGINATION_RECONCILIATION;ISIN_LEI_MIC_LINKING,REVIEW_MARKET_TYPE_AND_REGULATORY_ROLE_NOT_EVERY_SITE_IS_EQUITY_EXCHANGE,200,UNKNOWN,AUTHORITATIVE_UNIVERSE_BOUNDARY_AND_ENTITY_IDENTIFICATION,PUBLIC_DIRECTORY_DISCOVERY_AND_FULL_EXPORT
http://www.fsra.co.sz,IOSCO_MEMBER_WEBSITE,,FULL_LISTED_ISSUER_AND_SECURITY_DIRECTORY;FULL_MEMBER_OR_LICENSEE_DIRECTORY;SOURCE_TOTAL_AND_PAGINATION_RECONCILIATION;ISIN_LEI_MIC_LINKING,REVIEW_MARKET_TYPE_AND_REGULATORY_ROLE_NOT_EVERY_SITE_IS_EQUITY_EXCHANGE,200,UNKNOWN,AUTHORITATIVE_UNIVERSE_BOUNDARY_AND_ENTITY_IDENTIFICATION,PUBLIC_DIRECTORY_DISCOVERY_AND_FULL_EXPORT
http://www.gfsc.gg/,IOSCO_MEMBER_WEBSITE,,FULL_LISTED_ISSUER_AND_SECURITY_DIRECTORY;FULL_MEMBER_OR_LICENSEE_DIRECTORY;SOURCE_TOTAL_AND_PAGINATION_RECONCILIATION;ISIN_LEI_MIC_LINKING,REVIEW_MARKET_TYPE_AND_REGULATORY_ROLE_NOT_EVERY_SITE_IS_EQUITY_EXCHANGE,200,UNKNOWN,AUTHORITATIVE_UNIVERSE_BOUNDARY_AND_ENTITY_IDENTIFICATION,PUBLIC_DIRECTORY_DISCOVERY_AND_FULL_EXPORT
http://www.gse.com.gh,WFE_DIRECTORY_SITE,GH,FULL_LISTED_ISSUER_AND_SECURITY_DIRECTORY;FULL_MEMBER_OR_LICENSEE_DIRECTORY;SOURCE_TOTAL_AND_PAGINATION_RECONCILIATION;ISIN_LEI_MIC_LINKING,REVIEW_MARKET_TYPE_AND_REGULATORY_ROLE_NOT_EVERY_SITE_IS_EQUITY_EXCHANGE,200,UNKNOWN,AUTHORITATIVE_UNIVERSE_BOUNDARY_AND_ENTITY_IDENTIFICATION,PUBLIC_DIRECTORY_DISCOVERY_AND_FULL_EXPORT
http://www.hanfa.hr/,IOSCO_MEMBER_WEBSITE,,FULL_LISTED_ISSUER_AND_SECURITY_DIRECTORY;FULL_MEMBER_OR_LICENSEE_DIRECTORY;SOURCE_TOTAL_AND_PAGINATION_RECONCILIATION;ISIN_LEI_MIC_LINKING,REVIEW_MARKET_TYPE_AND_REGULATORY_ROLE_NOT_EVERY_SITE_IS_EQUITY_EXCHANGE,,UNKNOWN,AUTHORITATIVE_UNIVERSE_BOUNDARY_AND_ENTITY_IDENTIFICATION,PUBLIC_DIRECTORY_DISCOVERY_AND_FULL_EXPORT
http://www.hcmc.gr/,IOSCO_MEMBER_WEBSITE,,FULL_LISTED_ISSUER_AND_SECURITY_DIRECTORY;FULL_MEMBER_OR_LICENSEE_DIRECTORY;SOURCE_TOTAL_AND_PAGINATION_RECONCILIATION;ISIN_LEI_MIC_LINKING,REVIEW_MARKET_TYPE_AND_REGULATORY_ROLE_NOT_EVERY_SITE_IS_EQUITY_EXCHANGE,200,UNKNOWN,AUTHORITATIVE_UNIVERSE_BOUNDARY_AND_ENTITY_IDENTIFICATION,PUBLIC_DIRECTORY_DISCOVERY_AND_FULL_EXPORT
http://www.hkex.com.hk,WFE_DIRECTORY_SITE,HK,FULL_LISTED_ISSUER_AND_SECURITY_DIRECTORY;FULL_MEMBER_OR_LICENSEE_DIRECTORY;SOURCE_TOTAL_AND_PAGINATION_RECONCILIATION;ISIN_LEI_MIC_LINKING,REVIEW_MARKET_TYPE_AND_REGULATORY_ROLE_NOT_EVERY_SITE_IS_EQUITY_EXCHANGE,200,UNKNOWN,AUTHORITATIVE_UNIVERSE_BOUNDARY_AND_ENTITY_IDENTIFICATION,PUBLIC_DIRECTORY_DISCOVERY_AND_FULL_EXPORT
http://www.hkex.com.hk/,IOSCO_MEMBER_WEBSITE,HK,FULL_LISTED_ISSUER_AND_SECURITY_DIRECTORY;FULL_MEMBER_OR_LICENSEE_DIRECTORY;SOURCE_TOTAL_AND_PAGINATION_RECONCILIATION;ISIN_LEI_MIC_LINKING,REVIEW_MARKET_TYPE_AND_REGULATORY_ROLE_NOT_EVERY_SITE_IS_EQUITY_EXCHANGE,200,UNKNOWN,AUTHORITATIVE_UNIVERSE_BOUNDARY_AND_ENTITY_IDENTIFICATION,PUBLIC_DIRECTORY_DISCOVERY_AND_FULL_EXPORT
http://www.iciglobal.org,IOSCO_MEMBER_WEBSITE,,FULL_LISTED_ISSUER_AND_SECURITY_DIRECTORY;FULL_MEMBER_OR_LICENSEE_DIRECTORY;SOURCE_TOTAL_AND_PAGINATION_RECONCILIATION;ISIN_LEI_MIC_LINKING,REVIEW_MARKET_TYPE_AND_REGULATORY_ROLE_NOT_EVERY_SITE_IS_EQUITY_EXCHANGE,403,UNKNOWN,AUTHORITATIVE_UNIVERSE_BOUNDARY_AND_ENTITY_IDENTIFICATION,PUBLIC_DIRECTORY_DISCOVERY_AND_FULL_EXPORT
http://www.icmagroup.org,IOSCO_MEMBER_WEBSITE,,FULL_LISTED_ISSUER_AND_SECURITY_DIRECTORY;FULL_MEMBER_OR_LICENSEE_DIRECTORY;SOURCE_TOTAL_AND_PAGINATION_RECONCILIATION;ISIN_LEI_MIC_LINKING,REVIEW_MARKET_TYPE_AND_REGULATORY_ROLE_NOT_EVERY_SITE_IS_EQUITY_EXCHANGE,200,UNKNOWN,AUTHORITATIVE_UNIVERSE_BOUNDARY_AND_ENTITY_IDENTIFICATION,PUBLIC_DIRECTORY_DISCOVERY_AND_FULL_EXPORT
http://www.idx.co.id,WFE_DIRECTORY_SITE,ID,FULL_LISTED_ISSUER_AND_SECURITY_DIRECTORY;FULL_MEMBER_OR_LICENSEE_DIRECTORY;SOURCE_TOTAL_AND_PAGINATION_RECONCILIATION;ISIN_LEI_MIC_LINKING,REVIEW_MARKET_TYPE_AND_REGULATORY_ROLE_NOT_EVERY_SITE_IS_EQUITY_EXCHANGE,403,UNKNOWN,AUTHORITATIVE_UNIVERSE_BOUNDARY_AND_ENTITY_IDENTIFICATION,PUBLIC_DIRECTORY_DISCOVERY_AND_FULL_EXPORT
http://www.idx.co.id/index-En.html,IOSCO_MEMBER_WEBSITE,ID,FULL_LISTED_ISSUER_AND_SECURITY_DIRECTORY;FULL_MEMBER_OR_LICENSEE_DIRECTORY;SOURCE_TOTAL_AND_PAGINATION_RECONCILIATION;ISIN_LEI_MIC_LINKING,REVIEW_MARKET_TYPE_AND_REGULATORY_ROLE_NOT_EVERY_SITE_IS_EQUITY_EXCHANGE,403,UNKNOWN,AUTHORITATIVE_UNIVERSE_BOUNDARY_AND_ENTITY_IDENTIFICATION,PUBLIC_DIRECTORY_DISCOVERY_AND_FULL_EXPORT
http://www.ifsca.gov.in/,IOSCO_MEMBER_WEBSITE,,FULL_LISTED_ISSUER_AND_SECURITY_DIRECTORY;FULL_MEMBER_OR_LICENSEE_DIRECTORY;SOURCE_TOTAL_AND_PAGINATION_RECONCILIATION;ISIN_LEI_MIC_LINKING,REVIEW_MARKET_TYPE_AND_REGULATORY_ROLE_NOT_EVERY_SITE_IS_EQUITY_EXCHANGE,200,UNKNOWN,AUTHORITATIVE_UNIVERSE_BOUNDARY_AND_ENTITY_IDENTIFICATION,PUBLIC_DIRECTORY_DISCOVERY_AND_FULL_EXPORT
http://www.imf.org/,IOSCO_MEMBER_WEBSITE,,FULL_LISTED_ISSUER_AND_SECURITY_DIRECTORY;FULL_MEMBER_OR_LICENSEE_DIRECTORY;SOURCE_TOTAL_AND_PAGINATION_RECONCILIATION;ISIN_LEI_MIC_LINKING,REVIEW_MARKET_TYPE_AND_REGULATORY_ROLE_NOT_EVERY_SITE_IS_EQUITY_EXCHANGE,403,UNKNOWN,AUTHORITATIVE_UNIVERSE_BOUNDARY_AND_ENTITY_IDENTIFICATION,PUBLIC_DIRECTORY_DISCOVERY_AND_FULL_EXPORT
http://www.iomfsa.im,IOSCO_MEMBER_WEBSITE,,FULL_LISTED_ISSUER_AND_SECURITY_DIRECTORY;FULL_MEMBER_OR_LICENSEE_DIRECTORY;SOURCE_TOTAL_AND_PAGINATION_RECONCILIATION;ISIN_LEI_MIC_LINKING,REVIEW_MARKET_TYPE_AND_REGULATORY_ROLE_NOT_EVERY_SITE_IS_EQUITY_EXCHANGE,200,UNKNOWN,AUTHORITATIVE_UNIVERSE_BOUNDARY_AND_ENTITY_IDENTIFICATION,PUBLIC_DIRECTORY_DISCOVERY_AND_FULL_EXPORT
http://www.isa.gov.il/,IOSCO_MEMBER_WEBSITE,,FULL_LISTED_ISSUER_AND_SECURITY_DIRECTORY;FULL_MEMBER_OR_LICENSEE_DIRECTORY;SOURCE_TOTAL_AND_PAGINATION_RECONCILIATION;ISIN_LEI_MIC_LINKING,REVIEW_MARKET_TYPE_AND_REGULATORY_ROLE_NOT_EVERY_SITE_IS_EQUITY_EXCHANGE,403,UNKNOWN,AUTHORITATIVE_UNIVERSE_BOUNDARY_AND_ENTITY_IDENTIFICATION,PUBLIC_DIRECTORY_DISCOVERY_AND_FULL_EXPORT
http://www.isc.gov.iq/,IOSCO_MEMBER_WEBSITE,,FULL_LISTED_ISSUER_AND_SECURITY_DIRECTORY;FULL_MEMBER_OR_LICENSEE_DIRECTORY;SOURCE_TOTAL_AND_PAGINATION_RECONCILIATION;ISIN_LEI_MIC_LINKING,REVIEW_MARKET_TYPE_AND_REGULATORY_ROLE_NOT_EVERY_SITE_IS_EQUITY_EXCHANGE,200,UNKNOWN,AUTHORITATIVE_UNIVERSE_BOUNDARY_AND_ENTITY_IDENTIFICATION,PUBLIC_DIRECTORY_DISCOVERY_AND_FULL_EXPORT
http://www.jamstockex.com,WFE_DIRECTORY_SITE,JM,FULL_LISTED_ISSUER_AND_SECURITY_DIRECTORY;FULL_MEMBER_OR_LICENSEE_DIRECTORY;SOURCE_TOTAL_AND_PAGINATION_RECONCILIATION;ISIN_LEI_MIC_LINKING,REVIEW_MARKET_TYPE_AND_REGULATORY_ROLE_NOT_EVERY_SITE_IS_EQUITY_EXCHANGE,403,UNKNOWN,AUTHORITATIVE_UNIVERSE_BOUNDARY_AND_ENTITY_IDENTIFICATION,PUBLIC_DIRECTORY_DISCOVERY_AND_FULL_EXPORT
http://www.jpx.co.jp/english/,IOSCO_MEMBER_WEBSITE,JP,FULL_LISTED_ISSUER_AND_SECURITY_DIRECTORY;FULL_MEMBER_OR_LICENSEE_DIRECTORY;SOURCE_TOTAL_AND_PAGINATION_RECONCILIATION;ISIN_LEI_MIC_LINKING,REVIEW_MARKET_TYPE_AND_REGULATORY_ROLE_NOT_EVERY_SITE_IS_EQUITY_EXCHANGE,200,UNKNOWN,AUTHORITATIVE_UNIVERSE_BOUNDARY_AND_ENTITY_IDENTIFICATION,PUBLIC_DIRECTORY_DISCOVERY_AND_FULL_EXPORT
http://www.jsc.gov.jo/,IOSCO_MEMBER_WEBSITE,,FULL_LISTED_ISSUER_AND_SECURITY_DIRECTORY;FULL_MEMBER_OR_LICENSEE_DIRECTORY;SOURCE_TOTAL_AND_PAGINATION_RECONCILIATION;ISIN_LEI_MIC_LINKING,REVIEW_MARKET_TYPE_AND_REGULATORY_ROLE_NOT_EVERY_SITE_IS_EQUITY_EXCHANGE,302,UNKNOWN,AUTHORITATIVE_UNIVERSE_BOUNDARY_AND_ENTITY_IDENTIFICATION,PUBLIC_DIRECTORY_DISCOVERY_AND_FULL_EXPORT
http://www.jsda.or.jp/en/index.html,IOSCO_MEMBER_WEBSITE,,FULL_LISTED_ISSUER_AND_SECURITY_DIRECTORY;FULL_MEMBER_OR_LICENSEE_DIRECTORY;SOURCE_TOTAL_AND_PAGINATION_RECONCILIATION;ISIN_LEI_MIC_LINKING,REVIEW_MARKET_TYPE_AND_REGULATORY_ROLE_NOT_EVERY_SITE_IS_EQUITY_EXCHANGE,,UNKNOWN,AUTHORITATIVE_UNIVERSE_BOUNDARY_AND_ENTITY_IDENTIFICATION,PUBLIC_DIRECTORY_DISCOVERY_AND_FULL_EXPORT
http://www.jse.co.za,WFE_DIRECTORY_SITE,ZA,FULL_LISTED_ISSUER_AND_SECURITY_DIRECTORY;FULL_MEMBER_OR_LICENSEE_DIRECTORY;SOURCE_TOTAL_AND_PAGINATION_RECONCILIATION;ISIN_LEI_MIC_LINKING,REVIEW_MARKET_TYPE_AND_REGULATORY_ROLE_NOT_EVERY_SITE_IS_EQUITY_EXCHANGE,403,UNKNOWN,AUTHORITATIVE_UNIVERSE_BOUNDARY_AND_ENTITY_IDENTIFICATION,PUBLIC_DIRECTORY_DISCOVERY_AND_FULL_EXPORT
http://www.kase.kz,WFE_DIRECTORY_SITE,KZ,FULL_LISTED_ISSUER_AND_SECURITY_DIRECTORY;FULL_MEMBER_OR_LICENSEE_DIRECTORY;SOURCE_TOTAL_AND_PAGINATION_RECONCILIATION;ISIN_LEI_MIC_LINKING,REVIEW_MARKET_TYPE_AND_REGULATORY_ROLE_NOT_EVERY_SITE_IS_EQUITY_EXCHANGE,200,UNKNOWN,AUTHORITATIVE_UNIVERSE_BOUNDARY_AND_ENTITY_IDENTIFICATION,PUBLIC_DIRECTORY_DISCOVERY_AND_FULL_EXPORT
http://www.knf.gov.pl/,IOSCO_MEMBER_WEBSITE,,FULL_LISTED_ISSUER_AND_SECURITY_DIRECTORY;FULL_MEMBER_OR_LICENSEE_DIRECTORY;SOURCE_TOTAL_AND_PAGINATION_RECONCILIATION;ISIN_LEI_MIC_LINKING,REVIEW_MARKET_TYPE_AND_REGULATORY_ROLE_NOT_EVERY_SITE_IS_EQUITY_EXCHANGE,,UNKNOWN,AUTHORITATIVE_UNIVERSE_BOUNDARY_AND_ENTITY_IDENTIFICATION,PUBLIC_DIRECTORY_DISCOVERY_AND_FULL_EXPORT
http://www.komvp.gov.ba/,IOSCO_MEMBER_WEBSITE,,FULL_LISTED_ISSUER_AND_SECURITY_DIRECTORY;FULL_MEMBER_OR_LICENSEE_DIRECTORY;SOURCE_TOTAL_AND_PAGINATION_RECONCILIATION;ISIN_LEI_MIC_LINKING,REVIEW_MARKET_TYPE_AND_REGULATORY_ROLE_NOT_EVERY_SITE_IS_EQUITY_EXCHANGE,200,UNKNOWN,AUTHORITATIVE_UNIVERSE_BOUNDARY_AND_ENTITY_IDENTIFICATION,PUBLIC_DIRECTORY_DISCOVERY_AND_FULL_EXPORT
http://www.lautorite.qc.ca/,IOSCO_MEMBER_WEBSITE,,FULL_LISTED_ISSUER_AND_SECURITY_DIRECTORY;FULL_MEMBER_OR_LICENSEE_DIRECTORY;SOURCE_TOTAL_AND_PAGINATION_RECONCILIATION;ISIN_LEI_MIC_LINKING,REVIEW_MARKET_TYPE_AND_REGULATORY_ROLE_NOT_EVERY_SITE_IS_EQUITY_EXCHANGE,403,UNKNOWN,AUTHORITATIVE_UNIVERSE_BOUNDARY_AND_ENTITY_IDENTIFICATION,PUBLIC_DIRECTORY_DISCOVERY_AND_FULL_EXPORT
http://www.lb.lt/,IOSCO_MEMBER_WEBSITE,,FULL_LISTED_ISSUER_AND_SECURITY_DIRECTORY;FULL_MEMBER_OR_LICENSEE_DIRECTORY;SOURCE_TOTAL_AND_PAGINATION_RECONCILIATION;ISIN_LEI_MIC_LINKING,REVIEW_MARKET_TYPE_AND_REGULATORY_ROLE_NOT_EVERY_SITE_IS_EQUITY_EXCHANGE,403,UNKNOWN,AUTHORITATIVE_UNIVERSE_BOUNDARY_AND_ENTITY_IDENTIFICATION,PUBLIC_DIRECTORY_DISCOVERY_AND_FULL_EXPORT
http://www.maff.go.jp/,IOSCO_MEMBER_WEBSITE,,FULL_LISTED_ISSUER_AND_SECURITY_DIRECTORY;FULL_MEMBER_OR_LICENSEE_DIRECTORY;SOURCE_TOTAL_AND_PAGINATION_RECONCILIATION;ISIN_LEI_MIC_LINKING,REVIEW_MARKET_TYPE_AND_REGULATORY_ROLE_NOT_EVERY_SITE_IS_EQUITY_EXCHANGE,200,UNKNOWN,AUTHORITATIVE_UNIVERSE_BOUNDARY_AND_ENTITY_IDENTIFICATION,PUBLIC_DIRECTORY_DISCOVERY_AND_FULL_EXPORT
http://www.mas.gov.sg/,IOSCO_MEMBER_WEBSITE,,FULL_LISTED_ISSUER_AND_SECURITY_DIRECTORY;FULL_MEMBER_OR_LICENSEE_DIRECTORY;SOURCE_TOTAL_AND_PAGINATION_RECONCILIATION;ISIN_LEI_MIC_LINKING,REVIEW_MARKET_TYPE_AND_REGULATORY_ROLE_NOT_EVERY_SITE_IS_EQUITY_EXCHANGE,200,UNKNOWN,AUTHORITATIVE_UNIVERSE_BOUNDARY_AND_ENTITY_IDENTIFICATION,PUBLIC_DIRECTORY_DISCOVERY_AND_FULL_EXPORT
http://www.mcsd.com.eg/,IOSCO_MEMBER_WEBSITE,,FULL_LISTED_ISSUER_AND_SECURITY_DIRECTORY;FULL_MEMBER_OR_LICENSEE_DIRECTORY;SOURCE_TOTAL_AND_PAGINATION_RECONCILIATION;ISIN_LEI_MIC_LINKING,REVIEW_MARKET_TYPE_AND_REGULATORY_ROLE_NOT_EVERY_SITE_IS_EQUITY_EXCHANGE,,UNKNOWN,AUTHORITATIVE_UNIVERSE_BOUNDARY_AND_ENTITY_IDENTIFICATION,PUBLIC_DIRECTORY_DISCOVERY_AND_FULL_EXPORT
http://www.mcxindia.com,IOSCO_MEMBER_WEBSITE,IN,FULL_LISTED_ISSUER_AND_SECURITY_DIRECTORY;FULL_MEMBER_OR_LICENSEE_DIRECTORY;SOURCE_TOTAL_AND_PAGINATION_RECONCILIATION;ISIN_LEI_MIC_LINKING,REVIEW_MARKET_TYPE_AND_REGULATORY_ROLE_NOT_EVERY_SITE_IS_EQUITY_EXCHANGE,403,UNKNOWN,AUTHORITATIVE_UNIVERSE_BOUNDARY_AND_ENTITY_IDENTIFICATION,PUBLIC_DIRECTORY_DISCOVERY_AND_FULL_EXPORT
http://www.memx.com,WFE_DIRECTORY_SITE,US,FULL_LISTED_ISSUER_AND_SECURITY_DIRECTORY;FULL_MEMBER_OR_LICENSEE_DIRECTORY;SOURCE_TOTAL_AND_PAGINATION_RECONCILIATION;ISIN_LEI_MIC_LINKING,REVIEW_MARKET_TYPE_AND_REGULATORY_ROLE_NOT_EVERY_SITE_IS_EQUITY_EXCHANGE,200,UNKNOWN,AUTHORITATIVE_UNIVERSE_BOUNDARY_AND_ENTITY_IDENTIFICATION,PUBLIC_DIRECTORY_DISCOVERY_AND_FULL_EXPORT
http://www.minfin.gov.by,IOSCO_MEMBER_WEBSITE,,FULL_LISTED_ISSUER_AND_SECURITY_DIRECTORY;FULL_MEMBER_OR_LICENSEE_DIRECTORY;SOURCE_TOTAL_AND_PAGINATION_RECONCILIATION;ISIN_LEI_MIC_LINKING,REVIEW_MARKET_TYPE_AND_REGULATORY_ROLE_NOT_EVERY_SITE_IS_EQUITY_EXCHANGE,,UNKNOWN,AUTHORITATIVE_UNIVERSE_BOUNDARY_AND_ENTITY_IDENTIFICATION,PUBLIC_DIRECTORY_DISCOVERY_AND_FULL_EXPORT
http://www.mnb.hu/,IOSCO_MEMBER_WEBSITE,,FULL_LISTED_ISSUER_AND_SECURITY_DIRECTORY;FULL_MEMBER_OR_LICENSEE_DIRECTORY;SOURCE_TOTAL_AND_PAGINATION_RECONCILIATION;ISIN_LEI_MIC_LINKING,REVIEW_MARKET_TYPE_AND_REGULATORY_ROLE_NOT_EVERY_SITE_IS_EQUITY_EXCHANGE,,UNKNOWN,AUTHORITATIVE_UNIVERSE_BOUNDARY_AND_ENTITY_IDENTIFICATION,PUBLIC_DIRECTORY_DISCOVERY_AND_FULL_EXPORT
http://www.namfisa.com.na,IOSCO_MEMBER_WEBSITE,,FULL_LISTED_ISSUER_AND_SECURITY_DIRECTORY;FULL_MEMBER_OR_LICENSEE_DIRECTORY;SOURCE_TOTAL_AND_PAGINATION_RECONCILIATION;ISIN_LEI_MIC_LINKING,REVIEW_MARKET_TYPE_AND_REGULATORY_ROLE_NOT_EVERY_SITE_IS_EQUITY_EXCHANGE,200,UNKNOWN,AUTHORITATIVE_UNIVERSE_BOUNDARY_AND_ENTITY_IDENTIFICATION,PUBLIC_DIRECTORY_DISCOVERY_AND_FULL_EXPORT
http://www.nasdaqomx.com,WFE_DIRECTORY_SITE,NO|SE|US,FULL_LISTED_ISSUER_AND_SECURITY_DIRECTORY;FULL_MEMBER_OR_LICENSEE_DIRECTORY;SOURCE_TOTAL_AND_PAGINATION_RECONCILIATION;ISIN_LEI_MIC_LINKING,REVIEW_MARKET_TYPE_AND_REGULATORY_ROLE_NOT_EVERY_SITE_IS_EQUITY_EXCHANGE,200,UNKNOWN,AUTHORITATIVE_UNIVERSE_BOUNDARY_AND_ENTITY_IDENTIFICATION,PUBLIC_DIRECTORY_DISCOVERY_AND_FULL_EXPORT
http://www.naufor.ru/,IOSCO_MEMBER_WEBSITE,,FULL_LISTED_ISSUER_AND_SECURITY_DIRECTORY;FULL_MEMBER_OR_LICENSEE_DIRECTORY;SOURCE_TOTAL_AND_PAGINATION_RECONCILIATION;ISIN_LEI_MIC_LINKING,REVIEW_MARKET_TYPE_AND_REGULATORY_ROLE_NOT_EVERY_SITE_IS_EQUITY_EXCHANGE,200,UNKNOWN,AUTHORITATIVE_UNIVERSE_BOUNDARY_AND_ENTITY_IDENTIFICATION,PUBLIC_DIRECTORY_DISCOVERY_AND_FULL_EXPORT
http://www.nbfira.org.bw,IOSCO_MEMBER_WEBSITE,,FULL_LISTED_ISSUER_AND_SECURITY_DIRECTORY;FULL_MEMBER_OR_LICENSEE_DIRECTORY;SOURCE_TOTAL_AND_PAGINATION_RECONCILIATION;ISIN_LEI_MIC_LINKING,REVIEW_MARKET_TYPE_AND_REGULATORY_ROLE_NOT_EVERY_SITE_IS_EQUITY_EXCHANGE,200,UNKNOWN,AUTHORITATIVE_UNIVERSE_BOUNDARY_AND_ENTITY_IDENTIFICATION,PUBLIC_DIRECTORY_DISCOVERY_AND_FULL_EXPORT
http://www.nbg.ge/,IOSCO_MEMBER_WEBSITE,,FULL_LISTED_ISSUER_AND_SECURITY_DIRECTORY;FULL_MEMBER_OR_LICENSEE_DIRECTORY;SOURCE_TOTAL_AND_PAGINATION_RECONCILIATION;ISIN_LEI_MIC_LINKING,REVIEW_MARKET_TYPE_AND_REGULATORY_ROLE_NOT_EVERY_SITE_IS_EQUITY_EXCHANGE,,UNKNOWN,AUTHORITATIVE_UNIVERSE_BOUNDARY_AND_ENTITY_IDENTIFICATION,PUBLIC_DIRECTORY_DISCOVERY_AND_FULL_EXPORT
http://www.neeq.com.cn/,WFE_DIRECTORY_SITE,CN,FULL_LISTED_ISSUER_AND_SECURITY_DIRECTORY;FULL_MEMBER_OR_LICENSEE_DIRECTORY;SOURCE_TOTAL_AND_PAGINATION_RECONCILIATION;ISIN_LEI_MIC_LINKING,REVIEW_MARKET_TYPE_AND_REGULATORY_ROLE_NOT_EVERY_SITE_IS_EQUITY_EXCHANGE,,UNKNOWN,AUTHORITATIVE_UNIVERSE_BOUNDARY_AND_ENTITY_IDENTIFICATION,PUBLIC_DIRECTORY_DISCOVERY_AND_FULL_EXPORT
http://www.nepalstock.com.np,WFE_DIRECTORY_SITE,,FULL_LISTED_ISSUER_AND_SECURITY_DIRECTORY;FULL_MEMBER_OR_LICENSEE_DIRECTORY;SOURCE_TOTAL_AND_PAGINATION_RECONCILIATION;ISIN_LEI_MIC_LINKING,REVIEW_MARKET_TYPE_AND_REGULATORY_ROLE_NOT_EVERY_SITE_IS_EQUITY_EXCHANGE,200,UNKNOWN,AUTHORITATIVE_UNIVERSE_BOUNDARY_AND_ENTITY_IDENTIFICATION,PUBLIC_DIRECTORY_DISCOVERY_AND_FULL_EXPORT
http://www.nfa.futures.org/,IOSCO_MEMBER_WEBSITE,,FULL_LISTED_ISSUER_AND_SECURITY_DIRECTORY;FULL_MEMBER_OR_LICENSEE_DIRECTORY;SOURCE_TOTAL_AND_PAGINATION_RECONCILIATION;ISIN_LEI_MIC_LINKING,REVIEW_MARKET_TYPE_AND_REGULATORY_ROLE_NOT_EVERY_SITE_IS_EQUITY_EXCHANGE,200,UNKNOWN,AUTHORITATIVE_UNIVERSE_BOUNDARY_AND_ENTITY_IDENTIFICATION,PUBLIC_DIRECTORY_DISCOVERY_AND_FULL_EXPORT
http://www.nse-india.com/,IOSCO_MEMBER_WEBSITE,,FULL_LISTED_ISSUER_AND_SECURITY_DIRECTORY;FULL_MEMBER_OR_LICENSEE_DIRECTORY;SOURCE_TOTAL_AND_PAGINATION_RECONCILIATION;ISIN_LEI_MIC_LINKING,REVIEW_MARKET_TYPE_AND_REGULATORY_ROLE_NOT_EVERY_SITE_IS_EQUITY_EXCHANGE,403,UNKNOWN,AUTHORITATIVE_UNIVERSE_BOUNDARY_AND_ENTITY_IDENTIFICATION,PUBLIC_DIRECTORY_DISCOVERY_AND_FULL_EXPORT
http://www.nseindia.com,WFE_DIRECTORY_SITE,IN,FULL_LISTED_ISSUER_AND_SECURITY_DIRECTORY;FULL_MEMBER_OR_LICENSEE_DIRECTORY;SOURCE_TOTAL_AND_PAGINATION_RECONCILIATION;ISIN_LEI_MIC_LINKING,REVIEW_MARKET_TYPE_AND_REGULATORY_ROLE_NOT_EVERY_SITE_IS_EQUITY_EXCHANGE,403,UNKNOWN,AUTHORITATIVE_UNIVERSE_BOUNDARY_AND_ENTITY_IDENTIFICATION,PUBLIC_DIRECTORY_DISCOVERY_AND_FULL_EXPORT
http://www.nssmc.gov.ua,IOSCO_MEMBER_WEBSITE,,FULL_LISTED_ISSUER_AND_SECURITY_DIRECTORY;FULL_MEMBER_OR_LICENSEE_DIRECTORY;SOURCE_TOTAL_AND_PAGINATION_RECONCILIATION;ISIN_LEI_MIC_LINKING,REVIEW_MARKET_TYPE_AND_REGULATORY_ROLE_NOT_EVERY_SITE_IS_EQUITY_EXCHANGE,200,UNKNOWN,AUTHORITATIVE_UNIVERSE_BOUNDARY_AND_ENTITY_IDENTIFICATION,PUBLIC_DIRECTORY_DISCOVERY_AND_FULL_EXPORT
http://www.nsx.com.na,WFE_DIRECTORY_SITE,NA,FULL_LISTED_ISSUER_AND_SECURITY_DIRECTORY;FULL_MEMBER_OR_LICENSEE_DIRECTORY;SOURCE_TOTAL_AND_PAGINATION_RECONCILIATION;ISIN_LEI_MIC_LINKING,REVIEW_MARKET_TYPE_AND_REGULATORY_ROLE_NOT_EVERY_SITE_IS_EQUITY_EXCHANGE,200,UNKNOWN,AUTHORITATIVE_UNIVERSE_BOUNDARY_AND_ENTITY_IDENTIFICATION,PUBLIC_DIRECTORY_DISCOVERY_AND_FULL_EXPORT
http://www.nuamx.com,WFE_DIRECTORY_SITE,,FULL_LISTED_ISSUER_AND_SECURITY_DIRECTORY;FULL_MEMBER_OR_LICENSEE_DIRECTORY;SOURCE_TOTAL_AND_PAGINATION_RECONCILIATION;ISIN_LEI_MIC_LINKING,REVIEW_MARKET_TYPE_AND_REGULATORY_ROLE_NOT_EVERY_SITE_IS_EQUITY_EXCHANGE,,UNKNOWN,AUTHORITATIVE_UNIVERSE_BOUNDARY_AND_ENTITY_IDENTIFICATION,PUBLIC_DIRECTORY_DISCOVERY_AND_FULL_EXPORT
http://www.optionsclearing.com/,IOSCO_MEMBER_WEBSITE,,FULL_LISTED_ISSUER_AND_SECURITY_DIRECTORY;FULL_MEMBER_OR_LICENSEE_DIRECTORY;SOURCE_TOTAL_AND_PAGINATION_RECONCILIATION;ISIN_LEI_MIC_LINKING,REVIEW_MARKET_TYPE_AND_REGULATORY_ROLE_NOT_EVERY_SITE_IS_EQUITY_EXCHANGE,200,UNKNOWN,AUTHORITATIVE_UNIVERSE_BOUNDARY_AND_ENTITY_IDENTIFICATION,PUBLIC_DIRECTORY_DISCOVERY_AND_FULL_EXPORT
http://www.osc.ca/,IOSCO_MEMBER_WEBSITE,,FULL_LISTED_ISSUER_AND_SECURITY_DIRECTORY;FULL_MEMBER_OR_LICENSEE_DIRECTORY;SOURCE_TOTAL_AND_PAGINATION_RECONCILIATION;ISIN_LEI_MIC_LINKING,REVIEW_MARKET_TYPE_AND_REGULATORY_ROLE_NOT_EVERY_SITE_IS_EQUITY_EXCHANGE,200,UNKNOWN,AUTHORITATIVE_UNIVERSE_BOUNDARY_AND_ENTITY_IDENTIFICATION,PUBLIC_DIRECTORY_DISCOVERY_AND_FULL_EXPORT
http://www.pcma.ps,IOSCO_MEMBER_WEBSITE,,FULL_LISTED_ISSUER_AND_SECURITY_DIRECTORY;FULL_MEMBER_OR_LICENSEE_DIRECTORY;SOURCE_TOTAL_AND_PAGINATION_RECONCILIATION;ISIN_LEI_MIC_LINKING,REVIEW_MARKET_TYPE_AND_REGULATORY_ROLE_NOT_EVERY_SITE_IS_EQUITY_EXCHANGE,200,UNKNOWN,AUTHORITATIVE_UNIVERSE_BOUNDARY_AND_ENTITY_IDENTIFICATION,PUBLIC_DIRECTORY_DISCOVERY_AND_FULL_EXPORT
http://www.pex.ps,WFE_DIRECTORY_SITE,PS,FULL_LISTED_ISSUER_AND_SECURITY_DIRECTORY;FULL_MEMBER_OR_LICENSEE_DIRECTORY;SOURCE_TOTAL_AND_PAGINATION_RECONCILIATION;ISIN_LEI_MIC_LINKING,REVIEW_MARKET_TYPE_AND_REGULATORY_ROLE_NOT_EVERY_SITE_IS_EQUITY_EXCHANGE,200,UNKNOWN,AUTHORITATIVE_UNIVERSE_BOUNDARY_AND_ENTITY_IDENTIFICATION,PUBLIC_DIRECTORY_DISCOVERY_AND_FULL_EXPORT
http://www.pse.com.ph,WFE_DIRECTORY_SITE,PH,FULL_LISTED_ISSUER_AND_SECURITY_DIRECTORY;FULL_MEMBER_OR_LICENSEE_DIRECTORY;SOURCE_TOTAL_AND_PAGINATION_RECONCILIATION;ISIN_LEI_MIC_LINKING,REVIEW_MARKET_TYPE_AND_REGULATORY_ROLE_NOT_EVERY_SITE_IS_EQUITY_EXCHANGE,200,UNKNOWN,AUTHORITATIVE_UNIVERSE_BOUNDARY_AND_ENTITY_IDENTIFICATION,PUBLIC_DIRECTORY_DISCOVERY_AND_FULL_EXPORT
http://www.qe.com.qa,WFE_DIRECTORY_SITE,,FULL_LISTED_ISSUER_AND_SECURITY_DIRECTORY;FULL_MEMBER_OR_LICENSEE_DIRECTORY;SOURCE_TOTAL_AND_PAGINATION_RECONCILIATION;ISIN_LEI_MIC_LINKING,REVIEW_MARKET_TYPE_AND_REGULATORY_ROLE_NOT_EVERY_SITE_IS_EQUITY_EXCHANGE,200,UNKNOWN,AUTHORITATIVE_UNIVERSE_BOUNDARY_AND_ENTITY_IDENTIFICATION,PUBLIC_DIRECTORY_DISCOVERY_AND_FULL_EXPORT
http://www.qfcra.com,IOSCO_MEMBER_WEBSITE,,FULL_LISTED_ISSUER_AND_SECURITY_DIRECTORY;FULL_MEMBER_OR_LICENSEE_DIRECTORY;SOURCE_TOTAL_AND_PAGINATION_RECONCILIATION;ISIN_LEI_MIC_LINKING,REVIEW_MARKET_TYPE_AND_REGULATORY_ROLE_NOT_EVERY_SITE_IS_EQUITY_EXCHANGE,200,UNKNOWN,AUTHORITATIVE_UNIVERSE_BOUNDARY_AND_ENTITY_IDENTIFICATION,PUBLIC_DIRECTORY_DISCOVERY_AND_FULL_EXPORT
http://www.qfma.org.qa/,IOSCO_MEMBER_WEBSITE,,FULL_LISTED_ISSUER_AND_SECURITY_DIRECTORY;FULL_MEMBER_OR_LICENSEE_DIRECTORY;SOURCE_TOTAL_AND_PAGINATION_RECONCILIATION;ISIN_LEI_MIC_LINKING,REVIEW_MARKET_TYPE_AND_REGULATORY_ROLE_NOT_EVERY_SITE_IS_EQUITY_EXCHANGE,,UNKNOWN,AUTHORITATIVE_UNIVERSE_BOUNDARY_AND_ENTITY_IDENTIFICATION,PUBLIC_DIRECTORY_DISCOVERY_AND_FULL_EXPORT
http://www.rbm.mw/,IOSCO_MEMBER_WEBSITE,,FULL_LISTED_ISSUER_AND_SECURITY_DIRECTORY;FULL_MEMBER_OR_LICENSEE_DIRECTORY;SOURCE_TOTAL_AND_PAGINATION_RECONCILIATION;ISIN_LEI_MIC_LINKING,REVIEW_MARKET_TYPE_AND_REGULATORY_ROLE_NOT_EVERY_SITE_IS_EQUITY_EXCHANGE,200,UNKNOWN,AUTHORITATIVE_UNIVERSE_BOUNDARY_AND_ENTITY_IDENTIFICATION,PUBLIC_DIRECTORY_DISCOVERY_AND_FULL_EXPORT
http://www.sac.net.cn,IOSCO_MEMBER_WEBSITE,,FULL_LISTED_ISSUER_AND_SECURITY_DIRECTORY;FULL_MEMBER_OR_LICENSEE_DIRECTORY;SOURCE_TOTAL_AND_PAGINATION_RECONCILIATION;ISIN_LEI_MIC_LINKING,REVIEW_MARKET_TYPE_AND_REGULATORY_ROLE_NOT_EVERY_SITE_IS_EQUITY_EXCHANGE,567,UNKNOWN,AUTHORITATIVE_UNIVERSE_BOUNDARY_AND_ENTITY_IDENTIFICATION,PUBLIC_DIRECTORY_DISCOVERY_AND_FULL_EXPORT
http://www.sbai.org/,IOSCO_MEMBER_WEBSITE,,FULL_LISTED_ISSUER_AND_SECURITY_DIRECTORY;FULL_MEMBER_OR_LICENSEE_DIRECTORY;SOURCE_TOTAL_AND_PAGINATION_RECONCILIATION;ISIN_LEI_MIC_LINKING,REVIEW_MARKET_TYPE_AND_REGULATORY_ROLE_NOT_EVERY_SITE_IS_EQUITY_EXCHANGE,200,UNKNOWN,AUTHORITATIVE_UNIVERSE_BOUNDARY_AND_ENTITY_IDENTIFICATION,PUBLIC_DIRECTORY_DISCOVERY_AND_FULL_EXPORT
http://www.sc.com.my/,IOSCO_MEMBER_WEBSITE,,FULL_LISTED_ISSUER_AND_SECURITY_DIRECTORY;FULL_MEMBER_OR_LICENSEE_DIRECTORY;SOURCE_TOTAL_AND_PAGINATION_RECONCILIATION;ISIN_LEI_MIC_LINKING,REVIEW_MARKET_TYPE_AND_REGULATORY_ROLE_NOT_EVERY_SITE_IS_EQUITY_EXCHANGE,200,UNKNOWN,AUTHORITATIVE_UNIVERSE_BOUNDARY_AND_ENTITY_IDENTIFICATION,PUBLIC_DIRECTORY_DISCOVERY_AND_FULL_EXPORT
http://www.sca.ae,IOSCO_MEMBER_WEBSITE,,FULL_LISTED_ISSUER_AND_SECURITY_DIRECTORY;FULL_MEMBER_OR_LICENSEE_DIRECTORY;SOURCE_TOTAL_AND_PAGINATION_RECONCILIATION;ISIN_LEI_MIC_LINKING,REVIEW_MARKET_TYPE_AND_REGULATORY_ROLE_NOT_EVERY_SITE_IS_EQUITY_EXCHANGE,,UNKNOWN,AUTHORITATIVE_UNIVERSE_BOUNDARY_AND_ENTITY_IDENTIFICATION,PUBLIC_DIRECTORY_DISCOVERY_AND_FULL_EXPORT
http://www.scb.gov.bs/,IOSCO_MEMBER_WEBSITE,,FULL_LISTED_ISSUER_AND_SECURITY_DIRECTORY;FULL_MEMBER_OR_LICENSEE_DIRECTORY;SOURCE_TOTAL_AND_PAGINATION_RECONCILIATION;ISIN_LEI_MIC_LINKING,REVIEW_MARKET_TYPE_AND_REGULATORY_ROLE_NOT_EVERY_SITE_IS_EQUITY_EXCHANGE,200,UNKNOWN,AUTHORITATIVE_UNIVERSE_BOUNDARY_AND_ENTITY_IDENTIFICATION,PUBLIC_DIRECTORY_DISCOVERY_AND_FULL_EXPORT
http://www.scfms.sy/,IOSCO_MEMBER_WEBSITE,,FULL_LISTED_ISSUER_AND_SECURITY_DIRECTORY;FULL_MEMBER_OR_LICENSEE_DIRECTORY;SOURCE_TOTAL_AND_PAGINATION_RECONCILIATION;ISIN_LEI_MIC_LINKING,REVIEW_MARKET_TYPE_AND_REGULATORY_ROLE_NOT_EVERY_SITE_IS_EQUITY_EXCHANGE,200,UNKNOWN,AUTHORITATIVE_UNIVERSE_BOUNDARY_AND_ENTITY_IDENTIFICATION,PUBLIC_DIRECTORY_DISCOVERY_AND_FULL_EXPORT
http://www.scmn.me/,IOSCO_MEMBER_WEBSITE,,FULL_LISTED_ISSUER_AND_SECURITY_DIRECTORY;FULL_MEMBER_OR_LICENSEE_DIRECTORY;SOURCE_TOTAL_AND_PAGINATION_RECONCILIATION;ISIN_LEI_MIC_LINKING,REVIEW_MARKET_TYPE_AND_REGULATORY_ROLE_NOT_EVERY_SITE_IS_EQUITY_EXCHANGE,200,UNKNOWN,AUTHORITATIVE_UNIVERSE_BOUNDARY_AND_ENTITY_IDENTIFICATION,PUBLIC_DIRECTORY_DISCOVERY_AND_FULL_EXPORT
http://www.scpng.gov.pg,IOSCO_MEMBER_WEBSITE,,FULL_LISTED_ISSUER_AND_SECURITY_DIRECTORY;FULL_MEMBER_OR_LICENSEE_DIRECTORY;SOURCE_TOTAL_AND_PAGINATION_RECONCILIATION;ISIN_LEI_MIC_LINKING,REVIEW_MARKET_TYPE_AND_REGULATORY_ROLE_NOT_EVERY_SITE_IS_EQUITY_EXCHANGE,200,UNKNOWN,AUTHORITATIVE_UNIVERSE_BOUNDARY_AND_ENTITY_IDENTIFICATION,PUBLIC_DIRECTORY_DISCOVERY_AND_FULL_EXPORT
http://www.sebi.gov.in/,IOSCO_MEMBER_WEBSITE,,FULL_LISTED_ISSUER_AND_SECURITY_DIRECTORY;FULL_MEMBER_OR_LICENSEE_DIRECTORY;SOURCE_TOTAL_AND_PAGINATION_RECONCILIATION;ISIN_LEI_MIC_LINKING,REVIEW_MARKET_TYPE_AND_REGULATORY_ROLE_NOT_EVERY_SITE_IS_EQUITY_EXCHANGE,,UNKNOWN,AUTHORITATIVE_UNIVERSE_BOUNDARY_AND_ENTITY_IDENTIFICATION,PUBLIC_DIRECTORY_DISCOVERY_AND_FULL_EXPORT
http://www.sebon.gov.np,IOSCO_MEMBER_WEBSITE,,FULL_LISTED_ISSUER_AND_SECURITY_DIRECTORY;FULL_MEMBER_OR_LICENSEE_DIRECTORY;SOURCE_TOTAL_AND_PAGINATION_RECONCILIATION;ISIN_LEI_MIC_LINKING,REVIEW_MARKET_TYPE_AND_REGULATORY_ROLE_NOT_EVERY_SITE_IS_EQUITY_EXCHANGE,200,UNKNOWN,AUTHORITATIVE_UNIVERSE_BOUNDARY_AND_ENTITY_IDENTIFICATION,PUBLIC_DIRECTORY_DISCOVERY_AND_FULL_EXPORT
http://www.sec.gov.bd/,IOSCO_MEMBER_WEBSITE,,FULL_LISTED_ISSUER_AND_SECURITY_DIRECTORY;FULL_MEMBER_OR_LICENSEE_DIRECTORY;SOURCE_TOTAL_AND_PAGINATION_RECONCILIATION;ISIN_LEI_MIC_LINKING,REVIEW_MARKET_TYPE_AND_REGULATORY_ROLE_NOT_EVERY_SITE_IS_EQUITY_EXCHANGE,,UNKNOWN,AUTHORITATIVE_UNIVERSE_BOUNDARY_AND_ENTITY_IDENTIFICATION,PUBLIC_DIRECTORY_DISCOVERY_AND_FULL_EXPORT
http://www.sec.gov.gh,IOSCO_MEMBER_WEBSITE,,FULL_LISTED_ISSUER_AND_SECURITY_DIRECTORY;FULL_MEMBER_OR_LICENSEE_DIRECTORY;SOURCE_TOTAL_AND_PAGINATION_RECONCILIATION;ISIN_LEI_MIC_LINKING,REVIEW_MARKET_TYPE_AND_REGULATORY_ROLE_NOT_EVERY_SITE_IS_EQUITY_EXCHANGE,404,UNKNOWN,AUTHORITATIVE_UNIVERSE_BOUNDARY_AND_ENTITY_IDENTIFICATION,PUBLIC_DIRECTORY_DISCOVERY_AND_FULL_EXPORT
http://www.sec.gov.lk/,IOSCO_MEMBER_WEBSITE,,FULL_LISTED_ISSUER_AND_SECURITY_DIRECTORY;FULL_MEMBER_OR_LICENSEE_DIRECTORY;SOURCE_TOTAL_AND_PAGINATION_RECONCILIATION;ISIN_LEI_MIC_LINKING,REVIEW_MARKET_TYPE_AND_REGULATORY_ROLE_NOT_EVERY_SITE_IS_EQUITY_EXCHANGE,200,UNKNOWN,AUTHORITATIVE_UNIVERSE_BOUNDARY_AND_ENTITY_IDENTIFICATION,PUBLIC_DIRECTORY_DISCOVERY_AND_FULL_EXPORT
http://www.sec.gov.mk/,IOSCO_MEMBER_WEBSITE,,FULL_LISTED_ISSUER_AND_SECURITY_DIRECTORY;FULL_MEMBER_OR_LICENSEE_DIRECTORY;SOURCE_TOTAL_AND_PAGINATION_RECONCILIATION;ISIN_LEI_MIC_LINKING,REVIEW_MARKET_TYPE_AND_REGULATORY_ROLE_NOT_EVERY_SITE_IS_EQUITY_EXCHANGE,200,UNKNOWN,AUTHORITATIVE_UNIVERSE_BOUNDARY_AND_ENTITY_IDENTIFICATION,PUBLIC_DIRECTORY_DISCOVERY_AND_FULL_EXPORT
http://www.sec.gov.ng,IOSCO_MEMBER_WEBSITE,,FULL_LISTED_ISSUER_AND_SECURITY_DIRECTORY;FULL_MEMBER_OR_LICENSEE_DIRECTORY;SOURCE_TOTAL_AND_PAGINATION_RECONCILIATION;ISIN_LEI_MIC_LINKING,REVIEW_MARKET_TYPE_AND_REGULATORY_ROLE_NOT_EVERY_SITE_IS_EQUITY_EXCHANGE,200,UNKNOWN,AUTHORITATIVE_UNIVERSE_BOUNDARY_AND_ENTITY_IDENTIFICATION,PUBLIC_DIRECTORY_DISCOVERY_AND_FULL_EXPORT
http://www.sec.gov.ph/,IOSCO_MEMBER_WEBSITE,,FULL_LISTED_ISSUER_AND_SECURITY_DIRECTORY;FULL_MEMBER_OR_LICENSEE_DIRECTORY;SOURCE_TOTAL_AND_PAGINATION_RECONCILIATION;ISIN_LEI_MIC_LINKING,REVIEW_MARKET_TYPE_AND_REGULATORY_ROLE_NOT_EVERY_SITE_IS_EQUITY_EXCHANGE,403,UNKNOWN,AUTHORITATIVE_UNIVERSE_BOUNDARY_AND_ENTITY_IDENTIFICATION,PUBLIC_DIRECTORY_DISCOVERY_AND_FULL_EXPORT
http://www.sec.gov.rs,IOSCO_MEMBER_WEBSITE,,FULL_LISTED_ISSUER_AND_SECURITY_DIRECTORY;FULL_MEMBER_OR_LICENSEE_DIRECTORY;SOURCE_TOTAL_AND_PAGINATION_RECONCILIATION;ISIN_LEI_MIC_LINKING,REVIEW_MARKET_TYPE_AND_REGULATORY_ROLE_NOT_EVERY_SITE_IS_EQUITY_EXCHANGE,200,UNKNOWN,AUTHORITATIVE_UNIVERSE_BOUNDARY_AND_ENTITY_IDENTIFICATION,PUBLIC_DIRECTORY_DISCOVERY_AND_FULL_EXPORT
http://www.sec.gov/,IOSCO_MEMBER_WEBSITE,,FULL_LISTED_ISSUER_AND_SECURITY_DIRECTORY;FULL_MEMBER_OR_LICENSEE_DIRECTORY;SOURCE_TOTAL_AND_PAGINATION_RECONCILIATION;ISIN_LEI_MIC_LINKING,REVIEW_MARKET_TYPE_AND_REGULATORY_ROLE_NOT_EVERY_SITE_IS_EQUITY_EXCHANGE,403,UNKNOWN,AUTHORITATIVE_UNIVERSE_BOUNDARY_AND_ENTITY_IDENTIFICATION,PUBLIC_DIRECTORY_DISCOVERY_AND_FULL_EXPORT
http://www.sec.or.th/,IOSCO_MEMBER_WEBSITE,,FULL_LISTED_ISSUER_AND_SECURITY_DIRECTORY;FULL_MEMBER_OR_LICENSEE_DIRECTORY;SOURCE_TOTAL_AND_PAGINATION_RECONCILIATION;ISIN_LEI_MIC_LINKING,REVIEW_MARKET_TYPE_AND_REGULATORY_ROLE_NOT_EVERY_SITE_IS_EQUITY_EXCHANGE,403,UNKNOWN,AUTHORITATIVE_UNIVERSE_BOUNDARY_AND_ENTITY_IDENTIFICATION,PUBLIC_DIRECTORY_DISCOVERY_AND_FULL_EXPORT
http://www.secrs.gov.ba/,IOSCO_MEMBER_WEBSITE,,FULL_LISTED_ISSUER_AND_SECURITY_DIRECTORY;FULL_MEMBER_OR_LICENSEE_DIRECTORY;SOURCE_TOTAL_AND_PAGINATION_RECONCILIATION;ISIN_LEI_MIC_LINKING,REVIEW_MARKET_TYPE_AND_REGULATORY_ROLE_NOT_EVERY_SITE_IS_EQUITY_EXCHANGE,,UNKNOWN,AUTHORITATIVE_UNIVERSE_BOUNDARY_AND_ENTITY_IDENTIFICATION,PUBLIC_DIRECTORY_DISCOVERY_AND_FULL_EXPORT
http://www.seczambia.org.zm,IOSCO_MEMBER_WEBSITE,,FULL_LISTED_ISSUER_AND_SECURITY_DIRECTORY;FULL_MEMBER_OR_LICENSEE_DIRECTORY;SOURCE_TOTAL_AND_PAGINATION_RECONCILIATION;ISIN_LEI_MIC_LINKING,REVIEW_MARKET_TYPE_AND_REGULATORY_ROLE_NOT_EVERY_SITE_IS_EQUITY_EXCHANGE,200,UNKNOWN,AUTHORITATIVE_UNIVERSE_BOUNDARY_AND_ENTITY_IDENTIFICATION,PUBLIC_DIRECTORY_DISCOVERY_AND_FULL_EXPORT
http://www.ser-ag.com/,IOSCO_MEMBER_WEBSITE,,FULL_LISTED_ISSUER_AND_SECURITY_DIRECTORY;FULL_MEMBER_OR_LICENSEE_DIRECTORY;SOURCE_TOTAL_AND_PAGINATION_RECONCILIATION;ISIN_LEI_MIC_LINKING,REVIEW_MARKET_TYPE_AND_REGULATORY_ROLE_NOT_EVERY_SITE_IS_EQUITY_EXCHANGE,200,UNKNOWN,AUTHORITATIVE_UNIVERSE_BOUNDARY_AND_ENTITY_IDENTIFICATION,PUBLIC_DIRECTORY_DISCOVERY_AND_FULL_EXPORT
http://www.serc.gov.kh,IOSCO_MEMBER_WEBSITE,,FULL_LISTED_ISSUER_AND_SECURITY_DIRECTORY;FULL_MEMBER_OR_LICENSEE_DIRECTORY;SOURCE_TOTAL_AND_PAGINATION_RECONCILIATION;ISIN_LEI_MIC_LINKING,REVIEW_MARKET_TYPE_AND_REGULATORY_ROLE_NOT_EVERY_SITE_IS_EQUITY_EXCHANGE,200,UNKNOWN,AUTHORITATIVE_UNIVERSE_BOUNDARY_AND_ENTITY_IDENTIFICATION,PUBLIC_DIRECTORY_DISCOVERY_AND_FULL_EXPORT
http://www.set.or.th,WFE_DIRECTORY_SITE,TH,FULL_LISTED_ISSUER_AND_SECURITY_DIRECTORY;FULL_MEMBER_OR_LICENSEE_DIRECTORY;SOURCE_TOTAL_AND_PAGINATION_RECONCILIATION;ISIN_LEI_MIC_LINKING,REVIEW_MARKET_TYPE_AND_REGULATORY_ROLE_NOT_EVERY_SITE_IS_EQUITY_EXCHANGE,200,UNKNOWN,AUTHORITATIVE_UNIVERSE_BOUNDARY_AND_ENTITY_IDENTIFICATION,PUBLIC_DIRECTORY_DISCOVERY_AND_FULL_EXPORT
http://www.set.or.th/,IOSCO_MEMBER_WEBSITE,TH,FULL_LISTED_ISSUER_AND_SECURITY_DIRECTORY;FULL_MEMBER_OR_LICENSEE_DIRECTORY;SOURCE_TOTAL_AND_PAGINATION_RECONCILIATION;ISIN_LEI_MIC_LINKING,REVIEW_MARKET_TYPE_AND_REGULATORY_ROLE_NOT_EVERY_SITE_IS_EQUITY_EXCHANGE,200,UNKNOWN,AUTHORITATIVE_UNIVERSE_BOUNDARY_AND_ENTITY_IDENTIFICATION,PUBLIC_DIRECTORY_DISCOVERY_AND_FULL_EXPORT
http://www.sgx.com,WFE_DIRECTORY_SITE,GB|NL|SG,FULL_LISTED_ISSUER_AND_SECURITY_DIRECTORY;FULL_MEMBER_OR_LICENSEE_DIRECTORY;SOURCE_TOTAL_AND_PAGINATION_RECONCILIATION;ISIN_LEI_MIC_LINKING,REVIEW_MARKET_TYPE_AND_REGULATORY_ROLE_NOT_EVERY_SITE_IS_EQUITY_EXCHANGE,200,UNKNOWN,AUTHORITATIVE_UNIVERSE_BOUNDARY_AND_ENTITY_IDENTIFICATION,PUBLIC_DIRECTORY_DISCOVERY_AND_FULL_EXPORT
http://www.sgx.com/,IOSCO_MEMBER_WEBSITE,GB|NL|SG,FULL_LISTED_ISSUER_AND_SECURITY_DIRECTORY;FULL_MEMBER_OR_LICENSEE_DIRECTORY;SOURCE_TOTAL_AND_PAGINATION_RECONCILIATION;ISIN_LEI_MIC_LINKING,REVIEW_MARKET_TYPE_AND_REGULATORY_ROLE_NOT_EVERY_SITE_IS_EQUITY_EXCHANGE,200,UNKNOWN,AUTHORITATIVE_UNIVERSE_BOUNDARY_AND_ENTITY_IDENTIFICATION,PUBLIC_DIRECTORY_DISCOVERY_AND_FULL_EXPORT
http://www.shfe.com.cn,WFE_DIRECTORY_SITE,CN,FULL_LISTED_ISSUER_AND_SECURITY_DIRECTORY;FULL_MEMBER_OR_LICENSEE_DIRECTORY;SOURCE_TOTAL_AND_PAGINATION_RECONCILIATION;ISIN_LEI_MIC_LINKING,REVIEW_MARKET_TYPE_AND_REGULATORY_ROLE_NOT_EVERY_SITE_IS_EQUITY_EXCHANGE,,UNKNOWN,AUTHORITATIVE_UNIVERSE_BOUNDARY_AND_ENTITY_IDENTIFICATION,PUBLIC_DIRECTORY_DISCOVERY_AND_FULL_EXPORT
http://www.simv.gob.do,IOSCO_MEMBER_WEBSITE,,FULL_LISTED_ISSUER_AND_SECURITY_DIRECTORY;FULL_MEMBER_OR_LICENSEE_DIRECTORY;SOURCE_TOTAL_AND_PAGINATION_RECONCILIATION;ISIN_LEI_MIC_LINKING,REVIEW_MARKET_TYPE_AND_REGULATORY_ROLE_NOT_EVERY_SITE_IS_EQUITY_EXCHANGE,403,UNKNOWN,AUTHORITATIVE_UNIVERSE_BOUNDARY_AND_ENTITY_IDENTIFICATION,PUBLIC_DIRECTORY_DISCOVERY_AND_FULL_EXPORT
http://www.sipc.org/,IOSCO_MEMBER_WEBSITE,,FULL_LISTED_ISSUER_AND_SECURITY_DIRECTORY;FULL_MEMBER_OR_LICENSEE_DIRECTORY;SOURCE_TOTAL_AND_PAGINATION_RECONCILIATION;ISIN_LEI_MIC_LINKING,REVIEW_MARKET_TYPE_AND_REGULATORY_ROLE_NOT_EVERY_SITE_IS_EQUITY_EXCHANGE,,UNKNOWN,AUTHORITATIVE_UNIVERSE_BOUNDARY_AND_ENTITY_IDENTIFICATION,PUBLIC_DIRECTORY_DISCOVERY_AND_FULL_EXPORT
http://www.sipf.com.cn/NewEN/informationdisclosure/InternationalConferences/index.shtml,IOSCO_MEMBER_WEBSITE,,FULL_LISTED_ISSUER_AND_SECURITY_DIRECTORY;FULL_MEMBER_OR_LICENSEE_DIRECTORY;SOURCE_TOTAL_AND_PAGINATION_RECONCILIATION;ISIN_LEI_MIC_LINKING,REVIEW_MARKET_TYPE_AND_REGULATORY_ROLE_NOT_EVERY_SITE_IS_EQUITY_EXCHANGE,200,UNKNOWN,AUTHORITATIVE_UNIVERSE_BOUNDARY_AND_ENTITY_IDENTIFICATION,PUBLIC_DIRECTORY_DISCOVERY_AND_FULL_EXPORT
http://www.smv.gob.pe/,IOSCO_MEMBER_WEBSITE,,FULL_LISTED_ISSUER_AND_SECURITY_DIRECTORY;FULL_MEMBER_OR_LICENSEE_DIRECTORY;SOURCE_TOTAL_AND_PAGINATION_RECONCILIATION;ISIN_LEI_MIC_LINKING,REVIEW_MARKET_TYPE_AND_REGULATORY_ROLE_NOT_EVERY_SITE_IS_EQUITY_EXCHANGE,200,UNKNOWN,AUTHORITATIVE_UNIVERSE_BOUNDARY_AND_ENTITY_IDENTIFICATION,PUBLIC_DIRECTORY_DISCOVERY_AND_FULL_EXPORT
http://www.sse.com.cn,WFE_DIRECTORY_SITE,CN,FULL_LISTED_ISSUER_AND_SECURITY_DIRECTORY;FULL_MEMBER_OR_LICENSEE_DIRECTORY;SOURCE_TOTAL_AND_PAGINATION_RECONCILIATION;ISIN_LEI_MIC_LINKING,REVIEW_MARKET_TYPE_AND_REGULATORY_ROLE_NOT_EVERY_SITE_IS_EQUITY_EXCHANGE,200,UNKNOWN,AUTHORITATIVE_UNIVERSE_BOUNDARY_AND_ENTITY_IDENTIFICATION,PUBLIC_DIRECTORY_DISCOVERY_AND_FULL_EXPORT
http://www.sse.com.cn/,IOSCO_MEMBER_WEBSITE,CN,FULL_LISTED_ISSUER_AND_SECURITY_DIRECTORY;FULL_MEMBER_OR_LICENSEE_DIRECTORY;SOURCE_TOTAL_AND_PAGINATION_RECONCILIATION;ISIN_LEI_MIC_LINKING,REVIEW_MARKET_TYPE_AND_REGULATORY_ROLE_NOT_EVERY_SITE_IS_EQUITY_EXCHANGE,200,UNKNOWN,AUTHORITATIVE_UNIVERSE_BOUNDARY_AND_ENTITY_IDENTIFICATION,PUBLIC_DIRECTORY_DISCOVERY_AND_FULL_EXPORT
http://www.ssf.gob.sv,IOSCO_MEMBER_WEBSITE,,FULL_LISTED_ISSUER_AND_SECURITY_DIRECTORY;FULL_MEMBER_OR_LICENSEE_DIRECTORY;SOURCE_TOTAL_AND_PAGINATION_RECONCILIATION;ISIN_LEI_MIC_LINKING,REVIEW_MARKET_TYPE_AND_REGULATORY_ROLE_NOT_EVERY_SITE_IS_EQUITY_EXCHANGE,,UNKNOWN,AUTHORITATIVE_UNIVERSE_BOUNDARY_AND_ENTITY_IDENTIFICATION,PUBLIC_DIRECTORY_DISCOVERY_AND_FULL_EXPORT
http://www.stockexchangeofmauritius.com,WFE_DIRECTORY_SITE,MU,FULL_LISTED_ISSUER_AND_SECURITY_DIRECTORY;FULL_MEMBER_OR_LICENSEE_DIRECTORY;SOURCE_TOTAL_AND_PAGINATION_RECONCILIATION;ISIN_LEI_MIC_LINKING,REVIEW_MARKET_TYPE_AND_REGULATORY_ROLE_NOT_EVERY_SITE_IS_EQUITY_EXCHANGE,200,UNKNOWN,AUTHORITATIVE_UNIVERSE_BOUNDARY_AND_ENTITY_IDENTIFICATION,PUBLIC_DIRECTORY_DISCOVERY_AND_FULL_EXPORT
http://www.sugeval.fi.cr/,IOSCO_MEMBER_WEBSITE,,FULL_LISTED_ISSUER_AND_SECURITY_DIRECTORY;FULL_MEMBER_OR_LICENSEE_DIRECTORY;SOURCE_TOTAL_AND_PAGINATION_RECONCILIATION;ISIN_LEI_MIC_LINKING,REVIEW_MARKET_TYPE_AND_REGULATORY_ROLE_NOT_EVERY_SITE_IS_EQUITY_EXCHANGE,200,UNKNOWN,AUTHORITATIVE_UNIVERSE_BOUNDARY_AND_ENTITY_IDENTIFICATION,PUBLIC_DIRECTORY_DISCOVERY_AND_FULL_EXPORT
http://www.supercias.gob.ec,IOSCO_MEMBER_WEBSITE,,FULL_LISTED_ISSUER_AND_SECURITY_DIRECTORY;FULL_MEMBER_OR_LICENSEE_DIRECTORY;SOURCE_TOTAL_AND_PAGINATION_RECONCILIATION;ISIN_LEI_MIC_LINKING,REVIEW_MARKET_TYPE_AND_REGULATORY_ROLE_NOT_EVERY_SITE_IS_EQUITY_EXCHANGE,,UNKNOWN,AUTHORITATIVE_UNIVERSE_BOUNDARY_AND_ENTITY_IDENTIFICATION,PUBLIC_DIRECTORY_DISCOVERY_AND_FULL_EXPORT
http://www.superfinanciera.gov.co,IOSCO_MEMBER_WEBSITE,,FULL_LISTED_ISSUER_AND_SECURITY_DIRECTORY;FULL_MEMBER_OR_LICENSEE_DIRECTORY;SOURCE_TOTAL_AND_PAGINATION_RECONCILIATION;ISIN_LEI_MIC_LINKING,REVIEW_MARKET_TYPE_AND_REGULATORY_ROLE_NOT_EVERY_SITE_IS_EQUITY_EXCHANGE,200,UNKNOWN,AUTHORITATIVE_UNIVERSE_BOUNDARY_AND_ENTITY_IDENTIFICATION,PUBLIC_DIRECTORY_DISCOVERY_AND_FULL_EXPORT
http://www.supervalores.gob.pa/,IOSCO_MEMBER_WEBSITE,,FULL_LISTED_ISSUER_AND_SECURITY_DIRECTORY;FULL_MEMBER_OR_LICENSEE_DIRECTORY;SOURCE_TOTAL_AND_PAGINATION_RECONCILIATION;ISIN_LEI_MIC_LINKING,REVIEW_MARKET_TYPE_AND_REGULATORY_ROLE_NOT_EVERY_SITE_IS_EQUITY_EXCHANGE,200,UNKNOWN,AUTHORITATIVE_UNIVERSE_BOUNDARY_AND_ENTITY_IDENTIFICATION,PUBLIC_DIRECTORY_DISCOVERY_AND_FULL_EXPORT
http://www.szse.cn,WFE_DIRECTORY_SITE,CN,FULL_LISTED_ISSUER_AND_SECURITY_DIRECTORY;FULL_MEMBER_OR_LICENSEE_DIRECTORY;SOURCE_TOTAL_AND_PAGINATION_RECONCILIATION;ISIN_LEI_MIC_LINKING,REVIEW_MARKET_TYPE_AND_REGULATORY_ROLE_NOT_EVERY_SITE_IS_EQUITY_EXCHANGE,,UNKNOWN,AUTHORITATIVE_UNIVERSE_BOUNDARY_AND_ENTITY_IDENTIFICATION,PUBLIC_DIRECTORY_DISCOVERY_AND_FULL_EXPORT
http://www.szse.cn/,IOSCO_MEMBER_WEBSITE,CN,FULL_LISTED_ISSUER_AND_SECURITY_DIRECTORY;FULL_MEMBER_OR_LICENSEE_DIRECTORY;SOURCE_TOTAL_AND_PAGINATION_RECONCILIATION;ISIN_LEI_MIC_LINKING,REVIEW_MARKET_TYPE_AND_REGULATORY_ROLE_NOT_EVERY_SITE_IS_EQUITY_EXCHANGE,200,UNKNOWN,AUTHORITATIVE_UNIVERSE_BOUNDARY_AND_ENTITY_IDENTIFICATION,PUBLIC_DIRECTORY_DISCOVERY_AND_FULL_EXPORT
http://www.tadawul.com.sa,WFE_DIRECTORY_SITE|IOSCO_MEMBER_WEBSITE,SA,FULL_LISTED_ISSUER_AND_SECURITY_DIRECTORY;FULL_MEMBER_OR_LICENSEE_DIRECTORY;SOURCE_TOTAL_AND_PAGINATION_RECONCILIATION;ISIN_LEI_MIC_LINKING,REVIEW_MARKET_TYPE_AND_REGULATORY_ROLE_NOT_EVERY_SITE_IS_EQUITY_EXCHANGE,,UNKNOWN,AUTHORITATIVE_UNIVERSE_BOUNDARY_AND_ENTITY_IDENTIFICATION,PUBLIC_DIRECTORY_DISCOVERY_AND_FULL_EXPORT
http://www.taifex.com.tw,WFE_DIRECTORY_SITE,TW,FULL_LISTED_ISSUER_AND_SECURITY_DIRECTORY;FULL_MEMBER_OR_LICENSEE_DIRECTORY;SOURCE_TOTAL_AND_PAGINATION_RECONCILIATION;ISIN_LEI_MIC_LINKING,REVIEW_MARKET_TYPE_AND_REGULATORY_ROLE_NOT_EVERY_SITE_IS_EQUITY_EXCHANGE,200,UNKNOWN,AUTHORITATIVE_UNIVERSE_BOUNDARY_AND_ENTITY_IDENTIFICATION,PUBLIC_DIRECTORY_DISCOVERY_AND_FULL_EXPORT
http://www.taifex.com.tw/,IOSCO_MEMBER_WEBSITE,TW,FULL_LISTED_ISSUER_AND_SECURITY_DIRECTORY;FULL_MEMBER_OR_LICENSEE_DIRECTORY;SOURCE_TOTAL_AND_PAGINATION_RECONCILIATION;ISIN_LEI_MIC_LINKING,REVIEW_MARKET_TYPE_AND_REGULATORY_ROLE_NOT_EVERY_SITE_IS_EQUITY_EXCHANGE,200,UNKNOWN,AUTHORITATIVE_UNIVERSE_BOUNDARY_AND_ENTITY_IDENTIFICATION,PUBLIC_DIRECTORY_DISCOVERY_AND_FULL_EXPORT
http://www.tase.co.il,WFE_DIRECTORY_SITE,IL,FULL_LISTED_ISSUER_AND_SECURITY_DIRECTORY;FULL_MEMBER_OR_LICENSEE_DIRECTORY;SOURCE_TOTAL_AND_PAGINATION_RECONCILIATION;ISIN_LEI_MIC_LINKING,REVIEW_MARKET_TYPE_AND_REGULATORY_ROLE_NOT_EVERY_SITE_IS_EQUITY_EXCHANGE,200,UNKNOWN,AUTHORITATIVE_UNIVERSE_BOUNDARY_AND_ENTITY_IDENTIFICATION,PUBLIC_DIRECTORY_DISCOVERY_AND_FULL_EXPORT
http://www.tcifsc.tc/,IOSCO_MEMBER_WEBSITE,,FULL_LISTED_ISSUER_AND_SECURITY_DIRECTORY;FULL_MEMBER_OR_LICENSEE_DIRECTORY;SOURCE_TOTAL_AND_PAGINATION_RECONCILIATION;ISIN_LEI_MIC_LINKING,REVIEW_MARKET_TYPE_AND_REGULATORY_ROLE_NOT_EVERY_SITE_IS_EQUITY_EXCHANGE,200,UNKNOWN,AUTHORITATIVE_UNIVERSE_BOUNDARY_AND_ENTITY_IDENTIFICATION,PUBLIC_DIRECTORY_DISCOVERY_AND_FULL_EXPORT
http://www.tisegroup.com,IOSCO_MEMBER_WEBSITE,GG,FULL_LISTED_ISSUER_AND_SECURITY_DIRECTORY;FULL_MEMBER_OR_LICENSEE_DIRECTORY;SOURCE_TOTAL_AND_PAGINATION_RECONCILIATION;ISIN_LEI_MIC_LINKING,REVIEW_MARKET_TYPE_AND_REGULATORY_ROLE_NOT_EVERY_SITE_IS_EQUITY_EXCHANGE,200,UNKNOWN,AUTHORITATIVE_UNIVERSE_BOUNDARY_AND_ENTITY_IDENTIFICATION,PUBLIC_DIRECTORY_DISCOVERY_AND_FULL_EXPORT
http://www.tpex.org.tw,WFE_DIRECTORY_SITE|IOSCO_MEMBER_WEBSITE,TW,FULL_LISTED_ISSUER_AND_SECURITY_DIRECTORY;FULL_MEMBER_OR_LICENSEE_DIRECTORY;SOURCE_TOTAL_AND_PAGINATION_RECONCILIATION;ISIN_LEI_MIC_LINKING,REVIEW_MARKET_TYPE_AND_REGULATORY_ROLE_NOT_EVERY_SITE_IS_EQUITY_EXCHANGE,200,UNKNOWN,AUTHORITATIVE_UNIVERSE_BOUNDARY_AND_ENTITY_IDENTIFICATION,PUBLIC_DIRECTORY_DISCOVERY_AND_FULL_EXPORT
http://www.tsx.com,WFE_DIRECTORY_SITE,CA,FULL_LISTED_ISSUER_AND_SECURITY_DIRECTORY;FULL_MEMBER_OR_LICENSEE_DIRECTORY;SOURCE_TOTAL_AND_PAGINATION_RECONCILIATION;ISIN_LEI_MIC_LINKING,REVIEW_MARKET_TYPE_AND_REGULATORY_ROLE_NOT_EVERY_SITE_IS_EQUITY_EXCHANGE,200,UNKNOWN,AUTHORITATIVE_UNIVERSE_BOUNDARY_AND_ENTITY_IDENTIFICATION,PUBLIC_DIRECTORY_DISCOVERY_AND_FULL_EXPORT
http://www.ttsec.org.tt/,IOSCO_MEMBER_WEBSITE,,FULL_LISTED_ISSUER_AND_SECURITY_DIRECTORY;FULL_MEMBER_OR_LICENSEE_DIRECTORY;SOURCE_TOTAL_AND_PAGINATION_RECONCILIATION;ISIN_LEI_MIC_LINKING,REVIEW_MARKET_TYPE_AND_REGULATORY_ROLE_NOT_EVERY_SITE_IS_EQUITY_EXCHANGE,200,UNKNOWN,AUTHORITATIVE_UNIVERSE_BOUNDARY_AND_ENTITY_IDENTIFICATION,PUBLIC_DIRECTORY_DISCOVERY_AND_FULL_EXPORT
http://www.twse.com.tw,WFE_DIRECTORY_SITE,TW,FULL_LISTED_ISSUER_AND_SECURITY_DIRECTORY;FULL_MEMBER_OR_LICENSEE_DIRECTORY;SOURCE_TOTAL_AND_PAGINATION_RECONCILIATION;ISIN_LEI_MIC_LINKING,REVIEW_MARKET_TYPE_AND_REGULATORY_ROLE_NOT_EVERY_SITE_IS_EQUITY_EXCHANGE,200,UNKNOWN,AUTHORITATIVE_UNIVERSE_BOUNDARY_AND_ENTITY_IDENTIFICATION,PUBLIC_DIRECTORY_DISCOVERY_AND_FULL_EXPORT
http://www.twse.com.tw/,IOSCO_MEMBER_WEBSITE,TW,FULL_LISTED_ISSUER_AND_SECURITY_DIRECTORY;FULL_MEMBER_OR_LICENSEE_DIRECTORY;SOURCE_TOTAL_AND_PAGINATION_RECONCILIATION;ISIN_LEI_MIC_LINKING,REVIEW_MARKET_TYPE_AND_REGULATORY_ROLE_NOT_EVERY_SITE_IS_EQUITY_EXCHANGE,200,UNKNOWN,AUTHORITATIVE_UNIVERSE_BOUNDARY_AND_ENTITY_IDENTIFICATION,PUBLIC_DIRECTORY_DISCOVERY_AND_FULL_EXPORT
http://www.uasa.ae,IOSCO_MEMBER_WEBSITE,,FULL_LISTED_ISSUER_AND_SECURITY_DIRECTORY;FULL_MEMBER_OR_LICENSEE_DIRECTORY;SOURCE_TOTAL_AND_PAGINATION_RECONCILIATION;ISIN_LEI_MIC_LINKING,REVIEW_MARKET_TYPE_AND_REGULATORY_ROLE_NOT_EVERY_SITE_IS_EQUITY_EXCHANGE,200,UNKNOWN,AUTHORITATIVE_UNIVERSE_BOUNDARY_AND_ENTITY_IDENTIFICATION,PUBLIC_DIRECTORY_DISCOVERY_AND_FULL_EXPORT
http://www.world-exchanges.org,IOSCO_MEMBER_WEBSITE,,FULL_LISTED_ISSUER_AND_SECURITY_DIRECTORY;FULL_MEMBER_OR_LICENSEE_DIRECTORY;SOURCE_TOTAL_AND_PAGINATION_RECONCILIATION;ISIN_LEI_MIC_LINKING,REVIEW_MARKET_TYPE_AND_REGULATORY_ROLE_NOT_EVERY_SITE_IS_EQUITY_EXCHANGE,200,UNKNOWN,AUTHORITATIVE_UNIVERSE_BOUNDARY_AND_ENTITY_IDENTIFICATION,PUBLIC_DIRECTORY_DISCOVERY_AND_FULL_EXPORT
http://www.worldbank.org/,IOSCO_MEMBER_WEBSITE,,FULL_LISTED_ISSUER_AND_SECURITY_DIRECTORY;FULL_MEMBER_OR_LICENSEE_DIRECTORY;SOURCE_TOTAL_AND_PAGINATION_RECONCILIATION;ISIN_LEI_MIC_LINKING,REVIEW_MARKET_TYPE_AND_REGULATORY_ROLE_NOT_EVERY_SITE_IS_EQUITY_EXCHANGE,200,UNKNOWN,AUTHORITATIVE_UNIVERSE_BOUNDARY_AND_ENTITY_IDENTIFICATION,PUBLIC_DIRECTORY_DISCOVERY_AND_FULL_EXPORT
http://www2.isda.org/,IOSCO_MEMBER_WEBSITE,US,FULL_LISTED_ISSUER_AND_SECURITY_DIRECTORY;FULL_MEMBER_OR_LICENSEE_DIRECTORY;SOURCE_TOTAL_AND_PAGINATION_RECONCILIATION;ISIN_LEI_MIC_LINKING,REVIEW_MARKET_TYPE_AND_REGULATORY_ROLE_NOT_EVERY_SITE_IS_EQUITY_EXCHANGE,200,UNKNOWN,AUTHORITATIVE_UNIVERSE_BOUNDARY_AND_ENTITY_IDENTIFICATION,PUBLIC_DIRECTORY_DISCOVERY_AND_FULL_EXPORT
https://FBP.COM.UA,MIC_REGISTERED_SITE,UA,FULL_LISTED_ISSUER_AND_SECURITY_DIRECTORY;FULL_MEMBER_OR_LICENSEE_DIRECTORY;SOURCE_TOTAL_AND_PAGINATION_RECONCILIATION;ISIN_LEI_MIC_LINKING,REVIEW_MARKET_TYPE_AND_REGULATORY_ROLE_NOT_EVERY_SITE_IS_EQUITY_EXCHANGE,200,UNKNOWN,AUTHORITATIVE_UNIVERSE_BOUNDARY_AND_ENTITY_IDENTIFICATION,PUBLIC_DIRECTORY_DISCOVERY_AND_FULL_EXPORT
https://KCM.KRX.CO.KR,MIC_REGISTERED_SITE,KR,FULL_LISTED_ISSUER_AND_SECURITY_DIRECTORY;FULL_MEMBER_OR_LICENSEE_DIRECTORY;SOURCE_TOTAL_AND_PAGINATION_RECONCILIATION;ISIN_LEI_MIC_LINKING,REVIEW_MARKET_TYPE_AND_REGULATORY_ROLE_NOT_EVERY_SITE_IS_EQUITY_EXCHANGE,,UNKNOWN,AUTHORITATIVE_UNIVERSE_BOUNDARY_AND_ENTITY_IDENTIFICATION,PUBLIC_DIRECTORY_DISCOVERY_AND_FULL_EXPORT
https://LFXSYS.LFX.COM.MY,MIC_REGISTERED_SITE,MY,FULL_LISTED_ISSUER_AND_SECURITY_DIRECTORY;FULL_MEMBER_OR_LICENSEE_DIRECTORY;SOURCE_TOTAL_AND_PAGINATION_RECONCILIATION;ISIN_LEI_MIC_LINKING,REVIEW_MARKET_TYPE_AND_REGULATORY_ROLE_NOT_EVERY_SITE_IS_EQUITY_EXCHANGE,,UNKNOWN,AUTHORITATIVE_UNIVERSE_BOUNDARY_AND_ENTITY_IDENTIFICATION,PUBLIC_DIRECTORY_DISCOVERY_AND_FULL_EXPORT
https://NASDAQ.COM,MIC_REGISTERED_SITE,DK|NO|SE|US,FULL_LISTED_ISSUER_AND_SECURITY_DIRECTORY;FULL_MEMBER_OR_LICENSEE_DIRECTORY;SOURCE_TOTAL_AND_PAGINATION_RECONCILIATION;ISIN_LEI_MIC_LINKING,REVIEW_MARKET_TYPE_AND_REGULATORY_ROLE_NOT_EVERY_SITE_IS_EQUITY_EXCHANGE,200,UNKNOWN,AUTHORITATIVE_UNIVERSE_BOUNDARY_AND_ENTITY_IDENTIFICATION,PUBLIC_DIRECTORY_DISCOVERY_AND_FULL_EXPORT
https://NASDAQOMXNORDIC.COM,MIC_REGISTERED_SITE,DK|FI|IS|SE,FULL_LISTED_ISSUER_AND_SECURITY_DIRECTORY;FULL_MEMBER_OR_LICENSEE_DIRECTORY;SOURCE_TOTAL_AND_PAGINATION_RECONCILIATION;ISIN_LEI_MIC_LINKING,REVIEW_MARKET_TYPE_AND_REGULATORY_ROLE_NOT_EVERY_SITE_IS_EQUITY_EXCHANGE,200,UNKNOWN,AUTHORITATIVE_UNIVERSE_BOUNDARY_AND_ENTITY_IDENTIFICATION,PUBLIC_DIRECTORY_DISCOVERY_AND_FULL_EXPORT
https://NASDAQOMXNORDIC.COM/FIRSTNORTH,MIC_REGISTERED_SITE,DK|FI|IS|SE,FULL_LISTED_ISSUER_AND_SECURITY_DIRECTORY;FULL_MEMBER_OR_LICENSEE_DIRECTORY;SOURCE_TOTAL_AND_PAGINATION_RECONCILIATION;ISIN_LEI_MIC_LINKING,REVIEW_MARKET_TYPE_AND_REGULATORY_ROLE_NOT_EVERY_SITE_IS_EQUITY_EXCHANGE,200,UNKNOWN,AUTHORITATIVE_UNIVERSE_BOUNDARY_AND_ENTITY_IDENTIFICATION,PUBLIC_DIRECTORY_DISCOVERY_AND_FULL_EXPORT
https://WW.BRAEMARSECURITIESLIMITED.COM,MIC_REGISTERED_SITE,GB,FULL_LISTED_ISSUER_AND_SECURITY_DIRECTORY;FULL_MEMBER_OR_LICENSEE_DIRECTORY;SOURCE_TOTAL_AND_PAGINATION_RECONCILIATION;ISIN_LEI_MIC_LINKING,REVIEW_MARKET_TYPE_AND_REGULATORY_ROLE_NOT_EVERY_SITE_IS_EQUITY_EXCHANGE,,UNKNOWN,AUTHORITATIVE_UNIVERSE_BOUNDARY_AND_ENTITY_IDENTIFICATION,PUBLIC_DIRECTORY_DISCOVERY_AND_FULL_EXPORT
https://WW.LGT.COM,MIC_REGISTERED_SITE,LI,FULL_LISTED_ISSUER_AND_SECURITY_DIRECTORY;FULL_MEMBER_OR_LICENSEE_DIRECTORY;SOURCE_TOTAL_AND_PAGINATION_RECONCILIATION;ISIN_LEI_MIC_LINKING,REVIEW_MARKET_TYPE_AND_REGULATORY_ROLE_NOT_EVERY_SITE_IS_EQUITY_EXCHANGE,,UNKNOWN,AUTHORITATIVE_UNIVERSE_BOUNDARY_AND_ENTITY_IDENTIFICATION,PUBLIC_DIRECTORY_DISCOVERY_AND_FULL_EXPORT
https://WWW.21X.EU,MIC_REGISTERED_SITE,DE,FULL_LISTED_ISSUER_AND_SECURITY_DIRECTORY;FULL_MEMBER_OR_LICENSEE_DIRECTORY;SOURCE_TOTAL_AND_PAGINATION_RECONCILIATION;ISIN_LEI_MIC_LINKING,REVIEW_MARKET_TYPE_AND_REGULATORY_ROLE_NOT_EVERY_SITE_IS_EQUITY_EXCHANGE,200,UNKNOWN,AUTHORITATIVE_UNIVERSE_BOUNDARY_AND_ENTITY_IDENTIFICATION,PUBLIC_DIRECTORY_DISCOVERY_AND_FULL_EXPORT
https://WWW.24EXCHANGE.NET,MIC_REGISTERED_SITE,BM|US,FULL_LISTED_ISSUER_AND_SECURITY_DIRECTORY;FULL_MEMBER_OR_LICENSEE_DIRECTORY;SOURCE_TOTAL_AND_PAGINATION_RECONCILIATION;ISIN_LEI_MIC_LINKING,REVIEW_MARKET_TYPE_AND_REGULATORY_ROLE_NOT_EVERY_SITE_IS_EQUITY_EXCHANGE,,UNKNOWN,AUTHORITATIVE_UNIVERSE_BOUNDARY_AND_ENTITY_IDENTIFICATION,PUBLIC_DIRECTORY_DISCOVERY_AND_FULL_EXPORT
https://WWW.360T.COM,MIC_REGISTERED_SITE,DE|GB|SG|US,FULL_LISTED_ISSUER_AND_SECURITY_DIRECTORY;FULL_MEMBER_OR_LICENSEE_DIRECTORY;SOURCE_TOTAL_AND_PAGINATION_RECONCILIATION;ISIN_LEI_MIC_LINKING,REVIEW_MARKET_TYPE_AND_REGULATORY_ROLE_NOT_EVERY_SITE_IS_EQUITY_EXCHANGE,200,UNKNOWN,AUTHORITATIVE_UNIVERSE_BOUNDARY_AND_ENTITY_IDENTIFICATION,PUBLIC_DIRECTORY_DISCOVERY_AND_FULL_EXPORT
https://WWW.360X.COM,MIC_REGISTERED_SITE,DE,FULL_LISTED_ISSUER_AND_SECURITY_DIRECTORY;FULL_MEMBER_OR_LICENSEE_DIRECTORY;SOURCE_TOTAL_AND_PAGINATION_RECONCILIATION;ISIN_LEI_MIC_LINKING,REVIEW_MARKET_TYPE_AND_REGULATORY_ROLE_NOT_EVERY_SITE_IS_EQUITY_EXCHANGE,200,UNKNOWN,AUTHORITATIVE_UNIVERSE_BOUNDARY_AND_ENTITY_IDENTIFICATION,PUBLIC_DIRECTORY_DISCOVERY_AND_FULL_EXPORT
https://WWW.42FS.COM,MIC_REGISTERED_SITE,CZ,FULL_LISTED_ISSUER_AND_SECURITY_DIRECTORY;FULL_MEMBER_OR_LICENSEE_DIRECTORY;SOURCE_TOTAL_AND_PAGINATION_RECONCILIATION;ISIN_LEI_MIC_LINKING,REVIEW_MARKET_TYPE_AND_REGULATORY_ROLE_NOT_EVERY_SITE_IS_EQUITY_EXCHANGE,,UNKNOWN,AUTHORITATIVE_UNIVERSE_BOUNDARY_AND_ENTITY_IDENTIFICATION,PUBLIC_DIRECTORY_DISCOVERY_AND_FULL_EXPORT
https://WWW.4CASTEX.COM,MIC_REGISTERED_SITE,US,FULL_LISTED_ISSUER_AND_SECURITY_DIRECTORY;FULL_MEMBER_OR_LICENSEE_DIRECTORY;SOURCE_TOTAL_AND_PAGINATION_RECONCILIATION;ISIN_LEI_MIC_LINKING,REVIEW_MARKET_TYPE_AND_REGULATORY_ROLE_NOT_EVERY_SITE_IS_EQUITY_EXCHANGE,200,UNKNOWN,AUTHORITATIVE_UNIVERSE_BOUNDARY_AND_ENTITY_IDENTIFICATION,PUBLIC_DIRECTORY_DISCOVERY_AND_FULL_EXPORT
https://WWW.A2X.CO.ZA,MIC_REGISTERED_SITE,ZA,FULL_LISTED_ISSUER_AND_SECURITY_DIRECTORY;FULL_MEMBER_OR_LICENSEE_DIRECTORY;SOURCE_TOTAL_AND_PAGINATION_RECONCILIATION;ISIN_LEI_MIC_LINKING,REVIEW_MARKET_TYPE_AND_REGULATORY_ROLE_NOT_EVERY_SITE_IS_EQUITY_EXCHANGE,,UNKNOWN,AUTHORITATIVE_UNIVERSE_BOUNDARY_AND_ENTITY_IDENTIFICATION,PUBLIC_DIRECTORY_DISCOVERY_AND_FULL_EXPORT
https://WWW.A3MERCADOS.COM.AR,MIC_REGISTERED_SITE,AR,FULL_LISTED_ISSUER_AND_SECURITY_DIRECTORY;FULL_MEMBER_OR_LICENSEE_DIRECTORY;SOURCE_TOTAL_AND_PAGINATION_RECONCILIATION;ISIN_LEI_MIC_LINKING,REVIEW_MARKET_TYPE_AND_REGULATORY_ROLE_NOT_EVERY_SITE_IS_EQUITY_EXCHANGE,200,UNKNOWN,AUTHORITATIVE_UNIVERSE_BOUNDARY_AND_ENTITY_IDENTIFICATION,PUBLIC_DIRECTORY_DISCOVERY_AND_FULL_EXPORT
https://WWW.A5X.COM.BR,MIC_REGISTERED_SITE,BR,FULL_LISTED_ISSUER_AND_SECURITY_DIRECTORY;FULL_MEMBER_OR_LICENSEE_DIRECTORY;SOURCE_TOTAL_AND_PAGINATION_RECONCILIATION;ISIN_LEI_MIC_LINKING,REVIEW_MARKET_TYPE_AND_REGULATORY_ROLE_NOT_EVERY_SITE_IS_EQUITY_EXCHANGE,200,UNKNOWN,AUTHORITATIVE_UNIVERSE_BOUNDARY_AND_ENTITY_IDENTIFICATION,PUBLIC_DIRECTORY_DISCOVERY_AND_FULL_EXPORT
https://WWW.ABANCA.COM,MIC_REGISTERED_SITE,ES,FULL_LISTED_ISSUER_AND_SECURITY_DIRECTORY;FULL_MEMBER_OR_LICENSEE_DIRECTORY;SOURCE_TOTAL_AND_PAGINATION_RECONCILIATION;ISIN_LEI_MIC_LINKING,REVIEW_MARKET_TYPE_AND_REGULATORY_ROLE_NOT_EVERY_SITE_IS_EQUITY_EXCHANGE,404,UNKNOWN,AUTHORITATIVE_UNIVERSE_BOUNDARY_AND_ENTITY_IDENTIFICATION,PUBLIC_DIRECTORY_DISCOVERY_AND_FULL_EXPORT
https://WWW.ABAXX.EXCHANGE,MIC_REGISTERED_SITE,SG,FULL_LISTED_ISSUER_AND_SECURITY_DIRECTORY;FULL_MEMBER_OR_LICENSEE_DIRECTORY;SOURCE_TOTAL_AND_PAGINATION_RECONCILIATION;ISIN_LEI_MIC_LINKING,REVIEW_MARKET_TYPE_AND_REGULATORY_ROLE_NOT_EVERY_SITE_IS_EQUITY_EXCHANGE,200,UNKNOWN,AUTHORITATIVE_UNIVERSE_BOUNDARY_AND_ENTITY_IDENTIFICATION,PUBLIC_DIRECTORY_DISCOVERY_AND_FULL_EXPORT
https://WWW.ABGSC.COM,MIC_REGISTERED_SITE,NO|SE,FULL_LISTED_ISSUER_AND_SECURITY_DIRECTORY;FULL_MEMBER_OR_LICENSEE_DIRECTORY;SOURCE_TOTAL_AND_PAGINATION_RECONCILIATION;ISIN_LEI_MIC_LINKING,REVIEW_MARKET_TYPE_AND_REGULATORY_ROLE_NOT_EVERY_SITE_IS_EQUITY_EXCHANGE,,UNKNOWN,AUTHORITATIVE_UNIVERSE_BOUNDARY_AND_ENTITY_IDENTIFICATION,PUBLIC_DIRECTORY_DISCOVERY_AND_FULL_EXPORT
https://WWW.ABIDE-FINANCIAL.COM,MIC_REGISTERED_SITE,GB,FULL_LISTED_ISSUER_AND_SECURITY_DIRECTORY;FULL_MEMBER_OR_LICENSEE_DIRECTORY;SOURCE_TOTAL_AND_PAGINATION_RECONCILIATION;ISIN_LEI_MIC_LINKING,REVIEW_MARKET_TYPE_AND_REGULATORY_ROLE_NOT_EVERY_SITE_IS_EQUITY_EXCHANGE,,UNKNOWN,AUTHORITATIVE_UNIVERSE_BOUNDARY_AND_ENTITY_IDENTIFICATION,PUBLIC_DIRECTORY_DISCOVERY_AND_FULL_EXPORT
https://WWW.ABNAMRO.COM,MIC_REGISTERED_SITE,NL,FULL_LISTED_ISSUER_AND_SECURITY_DIRECTORY;FULL_MEMBER_OR_LICENSEE_DIRECTORY;SOURCE_TOTAL_AND_PAGINATION_RECONCILIATION;ISIN_LEI_MIC_LINKING,REVIEW_MARKET_TYPE_AND_REGULATORY_ROLE_NOT_EVERY_SITE_IS_EQUITY_EXCHANGE,200,UNKNOWN,AUTHORITATIVE_UNIVERSE_BOUNDARY_AND_ENTITY_IDENTIFICATION,PUBLIC_DIRECTORY_DISCOVERY_AND_FULL_EXPORT
https://WWW.ABNAMROCLEARING.COM,MIC_REGISTERED_SITE,NL,FULL_LISTED_ISSUER_AND_SECURITY_DIRECTORY;FULL_MEMBER_OR_LICENSEE_DIRECTORY;SOURCE_TOTAL_AND_PAGINATION_RECONCILIATION;ISIN_LEI_MIC_LINKING,REVIEW_MARKET_TYPE_AND_REGULATORY_ROLE_NOT_EVERY_SITE_IS_EQUITY_EXCHANGE,200,UNKNOWN,AUTHORITATIVE_UNIVERSE_BOUNDARY_AND_ENTITY_IDENTIFICATION,PUBLIC_DIRECTORY_DISCOVERY_AND_FULL_EXPORT
https://WWW.ACBIMPACTMARKETS.COM,MIC_REGISTERED_SITE,GB,FULL_LISTED_ISSUER_AND_SECURITY_DIRECTORY;FULL_MEMBER_OR_LICENSEE_DIRECTORY;SOURCE_TOTAL_AND_PAGINATION_RECONCILIATION;ISIN_LEI_MIC_LINKING,REVIEW_MARKET_TYPE_AND_REGULATORY_ROLE_NOT_EVERY_SITE_IS_EQUITY_EXCHANGE,,UNKNOWN,AUTHORITATIVE_UNIVERSE_BOUNDARY_AND_ENTITY_IDENTIFICATION,PUBLIC_DIRECTORY_DISCOVERY_AND_FULL_EXPORT
https://WWW.ACCESSFINTECH.COM,MIC_REGISTERED_SITE,GB,FULL_LISTED_ISSUER_AND_SECURITY_DIRECTORY;FULL_MEMBER_OR_LICENSEE_DIRECTORY;SOURCE_TOTAL_AND_PAGINATION_RECONCILIATION;ISIN_LEI_MIC_LINKING,REVIEW_MARKET_TYPE_AND_REGULATORY_ROLE_NOT_EVERY_SITE_IS_EQUITY_EXCHANGE,200,UNKNOWN,AUTHORITATIVE_UNIVERSE_BOUNDARY_AND_ENTITY_IDENTIFICATION,PUBLIC_DIRECTORY_DISCOVERY_AND_FULL_EXPORT
https://WWW.ACCXGROUP.COM,MIC_REGISTERED_SITE,GB,FULL_LISTED_ISSUER_AND_SECURITY_DIRECTORY;FULL_MEMBER_OR_LICENSEE_DIRECTORY;SOURCE_TOTAL_AND_PAGINATION_RECONCILIATION;ISIN_LEI_MIC_LINKING,REVIEW_MARKET_TYPE_AND_REGULATORY_ROLE_NOT_EVERY_SITE_IS_EQUITY_EXCHANGE,,UNKNOWN,AUTHORITATIVE_UNIVERSE_BOUNDARY_AND_ENTITY_IDENTIFICATION,PUBLIC_DIRECTORY_DISCOVERY_AND_FULL_EXPORT
https://WWW.ACEINDIA.COM,MIC_REGISTERED_SITE,IN,FULL_LISTED_ISSUER_AND_SECURITY_DIRECTORY;FULL_MEMBER_OR_LICENSEE_DIRECTORY;SOURCE_TOTAL_AND_PAGINATION_RECONCILIATION;ISIN_LEI_MIC_LINKING,REVIEW_MARKET_TYPE_AND_REGULATORY_ROLE_NOT_EVERY_SITE_IS_EQUITY_EXCHANGE,200,UNKNOWN,AUTHORITATIVE_UNIVERSE_BOUNDARY_AND_ENTITY_IDENTIFICATION,PUBLIC_DIRECTORY_DISCOVERY_AND_FULL_EXPORT
https://WWW.ACX.AE,MIC_REGISTERED_SITE,AE,FULL_LISTED_ISSUER_AND_SECURITY_DIRECTORY;FULL_MEMBER_OR_LICENSEE_DIRECTORY;SOURCE_TOTAL_AND_PAGINATION_RECONCILIATION;ISIN_LEI_MIC_LINKING,REVIEW_MARKET_TYPE_AND_REGULATORY_ROLE_NOT_EVERY_SITE_IS_EQUITY_EXCHANGE,,UNKNOWN,AUTHORITATIVE_UNIVERSE_BOUNDARY_AND_ENTITY_IDENTIFICATION,PUBLIC_DIRECTORY_DISCOVERY_AND_FULL_EXPORT
https://WWW.ADVISETECHNOLOGIES.COM,MIC_REGISTERED_SITE,US,FULL_LISTED_ISSUER_AND_SECURITY_DIRECTORY;FULL_MEMBER_OR_LICENSEE_DIRECTORY;SOURCE_TOTAL_AND_PAGINATION_RECONCILIATION;ISIN_LEI_MIC_LINKING,REVIEW_MARKET_TYPE_AND_REGULATORY_ROLE_NOT_EVERY_SITE_IS_EQUITY_EXCHANGE,200,UNKNOWN,AUTHORITATIVE_UNIVERSE_BOUNDARY_AND_ENTITY_IDENTIFICATION,PUBLIC_DIRECTORY_DISCOVERY_AND_FULL_EXPORT
https://WWW.ADX.AE,MIC_REGISTERED_SITE,AE,FULL_LISTED_ISSUER_AND_SECURITY_DIRECTORY;FULL_MEMBER_OR_LICENSEE_DIRECTORY;SOURCE_TOTAL_AND_PAGINATION_RECONCILIATION;ISIN_LEI_MIC_LINKING,REVIEW_MARKET_TYPE_AND_REGULATORY_ROLE_NOT_EVERY_SITE_IS_EQUITY_EXCHANGE,200,UNKNOWN,AUTHORITATIVE_UNIVERSE_BOUNDARY_AND_ENTITY_IDENTIFICATION,PUBLIC_DIRECTORY_DISCOVERY_AND_FULL_EXPORT
https://WWW.AFET.OR.TH,MIC_REGISTERED_SITE,TH,FULL_LISTED_ISSUER_AND_SECURITY_DIRECTORY;FULL_MEMBER_OR_LICENSEE_DIRECTORY;SOURCE_TOTAL_AND_PAGINATION_RECONCILIATION;ISIN_LEI_MIC_LINKING,REVIEW_MARKET_TYPE_AND_REGULATORY_ROLE_NOT_EVERY_SITE_IS_EQUITY_EXCHANGE,,UNKNOWN,AUTHORITATIVE_UNIVERSE_BOUNDARY_AND_ENTITY_IDENTIFICATION,PUBLIC_DIRECTORY_DISCOVERY_AND_FULL_EXPORT
https://WWW.AFRINEXEXCHANGE.COM,MIC_REGISTERED_SITE,MU,FULL_LISTED_ISSUER_AND_SECURITY_DIRECTORY;FULL_MEMBER_OR_LICENSEE_DIRECTORY;SOURCE_TOTAL_AND_PAGINATION_RECONCILIATION;ISIN_LEI_MIC_LINKING,REVIEW_MARKET_TYPE_AND_REGULATORY_ROLE_NOT_EVERY_SITE_IS_EQUITY_EXCHANGE,200,UNKNOWN,AUTHORITATIVE_UNIVERSE_BOUNDARY_AND_ENTITY_IDENTIFICATION,PUBLIC_DIRECTORY_DISCOVERY_AND_FULL_EXPORT
https://WWW.AFSBLUE.NL,MIC_REGISTERED_SITE,NL,FULL_LISTED_ISSUER_AND_SECURITY_DIRECTORY;FULL_MEMBER_OR_LICENSEE_DIRECTORY;SOURCE_TOTAL_AND_PAGINATION_RECONCILIATION;ISIN_LEI_MIC_LINKING,REVIEW_MARKET_TYPE_AND_REGULATORY_ROLE_NOT_EVERY_SITE_IS_EQUITY_EXCHANGE,,UNKNOWN,AUTHORITATIVE_UNIVERSE_BOUNDARY_AND_ENTITY_IDENTIFICATION,PUBLIC_DIRECTORY_DISCOVERY_AND_FULL_EXPORT
https://WWW.AFSGROUP.NL,MIC_REGISTERED_SITE,NL,FULL_LISTED_ISSUER_AND_SECURITY_DIRECTORY;FULL_MEMBER_OR_LICENSEE_DIRECTORY;SOURCE_TOTAL_AND_PAGINATION_RECONCILIATION;ISIN_LEI_MIC_LINKING,REVIEW_MARKET_TYPE_AND_REGULATORY_ROLE_NOT_EVERY_SITE_IS_EQUITY_EXCHANGE,200,UNKNOWN,AUTHORITATIVE_UNIVERSE_BOUNDARY_AND_ENTITY_IDENTIFICATION,PUBLIC_DIRECTORY_DISCOVERY_AND_FULL_EXPORT
https://WWW.AIAF.ES,MIC_REGISTERED_SITE,ES,FULL_LISTED_ISSUER_AND_SECURITY_DIRECTORY;FULL_MEMBER_OR_LICENSEE_DIRECTORY;SOURCE_TOTAL_AND_PAGINATION_RECONCILIATION;ISIN_LEI_MIC_LINKING,REVIEW_MARKET_TYPE_AND_REGULATORY_ROLE_NOT_EVERY_SITE_IS_EQUITY_EXCHANGE,200,UNKNOWN,AUTHORITATIVE_UNIVERSE_BOUNDARY_AND_ENTITY_IDENTIFICATION,PUBLIC_DIRECTORY_DISCOVERY_AND_FULL_EXPORT
https://WWW.AIX.KZ,MIC_REGISTERED_SITE,KZ,FULL_LISTED_ISSUER_AND_SECURITY_DIRECTORY;FULL_MEMBER_OR_LICENSEE_DIRECTORY;SOURCE_TOTAL_AND_PAGINATION_RECONCILIATION;ISIN_LEI_MIC_LINKING,REVIEW_MARKET_TYPE_AND_REGULATORY_ROLE_NOT_EVERY_SITE_IS_EQUITY_EXCHANGE,503,UNKNOWN,AUTHORITATIVE_UNIVERSE_BOUNDARY_AND_ENTITY_IDENTIFICATION,PUBLIC_DIRECTORY_DISCOVERY_AND_FULL_EXPORT
https://WWW.AL-BANK.DK,MIC_REGISTERED_SITE,DK,FULL_LISTED_ISSUER_AND_SECURITY_DIRECTORY;FULL_MEMBER_OR_LICENSEE_DIRECTORY;SOURCE_TOTAL_AND_PAGINATION_RECONCILIATION;ISIN_LEI_MIC_LINKING,REVIEW_MARKET_TYPE_AND_REGULATORY_ROLE_NOT_EVERY_SITE_IS_EQUITY_EXCHANGE,200,UNKNOWN,AUTHORITATIVE_UNIVERSE_BOUNDARY_AND_ENTITY_IDENTIFICATION,PUBLIC_DIRECTORY_DISCOVERY_AND_FULL_EXPORT
https://WWW.ALEXANDRIA.FI,MIC_REGISTERED_SITE,FI,FULL_LISTED_ISSUER_AND_SECURITY_DIRECTORY;FULL_MEMBER_OR_LICENSEE_DIRECTORY;SOURCE_TOTAL_AND_PAGINATION_RECONCILIATION;ISIN_LEI_MIC_LINKING,REVIEW_MARKET_TYPE_AND_REGULATORY_ROLE_NOT_EVERY_SITE_IS_EQUITY_EXCHANGE,200,UNKNOWN,AUTHORITATIVE_UNIVERSE_BOUNDARY_AND_ENTITY_IDENTIFICATION,PUBLIC_DIRECTORY_DISCOVERY_AND_FULL_EXPORT
https://WWW.ALIORBANK.PL,MIC_REGISTERED_SITE,PL,FULL_LISTED_ISSUER_AND_SECURITY_DIRECTORY;FULL_MEMBER_OR_LICENSEE_DIRECTORY;SOURCE_TOTAL_AND_PAGINATION_RECONCILIATION;ISIN_LEI_MIC_LINKING,REVIEW_MARKET_TYPE_AND_REGULATORY_ROLE_NOT_EVERY_SITE_IS_EQUITY_EXCHANGE,404,UNKNOWN,AUTHORITATIVE_UNIVERSE_BOUNDARY_AND_ENTITY_IDENTIFICATION,PUBLIC_DIRECTORY_DISCOVERY_AND_FULL_EXPORT
https://WWW.ALLIANCEBERNSTEIN.COM,MIC_REGISTERED_SITE,GB,FULL_LISTED_ISSUER_AND_SECURITY_DIRECTORY;FULL_MEMBER_OR_LICENSEE_DIRECTORY;SOURCE_TOTAL_AND_PAGINATION_RECONCILIATION;ISIN_LEI_MIC_LINKING,REVIEW_MARKET_TYPE_AND_REGULATORY_ROLE_NOT_EVERY_SITE_IS_EQUITY_EXCHANGE,,UNKNOWN,AUTHORITATIVE_UNIVERSE_BOUNDARY_AND_ENTITY_IDENTIFICATION,PUBLIC_DIRECTORY_DISCOVERY_AND_FULL_EXPORT
https://WWW.ALLTRADING.COM,MIC_REGISTERED_SITE,ES,FULL_LISTED_ISSUER_AND_SECURITY_DIRECTORY;FULL_MEMBER_OR_LICENSEE_DIRECTORY;SOURCE_TOTAL_AND_PAGINATION_RECONCILIATION;ISIN_LEI_MIC_LINKING,REVIEW_MARKET_TYPE_AND_REGULATORY_ROLE_NOT_EVERY_SITE_IS_EQUITY_EXCHANGE,200,UNKNOWN,AUTHORITATIVE_UNIVERSE_BOUNDARY_AND_ENTITY_IDENTIFICATION,PUBLIC_DIRECTORY_DISCOVERY_AND_FULL_EXPORT
https://WWW.ALMBRAND.DK,MIC_REGISTERED_SITE,DK,FULL_LISTED_ISSUER_AND_SECURITY_DIRECTORY;FULL_MEMBER_OR_LICENSEE_DIRECTORY;SOURCE_TOTAL_AND_PAGINATION_RECONCILIATION;ISIN_LEI_MIC_LINKING,REVIEW_MARKET_TYPE_AND_REGULATORY_ROLE_NOT_EVERY_SITE_IS_EQUITY_EXCHANGE,200,UNKNOWN,AUTHORITATIVE_UNIVERSE_BOUNDARY_AND_ENTITY_IDENTIFICATION,PUBLIC_DIRECTORY_DISCOVERY_AND_FULL_EXPORT
https://WWW.ALPHA.GR,MIC_REGISTERED_SITE,GR,FULL_LISTED_ISSUER_AND_SECURITY_DIRECTORY;FULL_MEMBER_OR_LICENSEE_DIRECTORY;SOURCE_TOTAL_AND_PAGINATION_RECONCILIATION;ISIN_LEI_MIC_LINKING,REVIEW_MARKET_TYPE_AND_REGULATORY_ROLE_NOT_EVERY_SITE_IS_EQUITY_EXCHANGE,403,UNKNOWN,AUTHORITATIVE_UNIVERSE_BOUNDARY_AND_ENTITY_IDENTIFICATION,PUBLIC_DIRECTORY_DISCOVERY_AND_FULL_EXPORT
https://WWW.ALSE.AL,MIC_REGISTERED_SITE,AL,FULL_LISTED_ISSUER_AND_SECURITY_DIRECTORY;FULL_MEMBER_OR_LICENSEE_DIRECTORY;SOURCE_TOTAL_AND_PAGINATION_RECONCILIATION;ISIN_LEI_MIC_LINKING,REVIEW_MARKET_TYPE_AND_REGULATORY_ROLE_NOT_EVERY_SITE_IS_EQUITY_EXCHANGE,200,UNKNOWN,AUTHORITATIVE_UNIVERSE_BOUNDARY_AND_ENTITY_IDENTIFICATION,PUBLIC_DIRECTORY_DISCOVERY_AND_FULL_EXPORT
https://WWW.ALTERNATIVA.FR,MIC_REGISTERED_SITE,FR,FULL_LISTED_ISSUER_AND_SECURITY_DIRECTORY;FULL_MEMBER_OR_LICENSEE_DIRECTORY;SOURCE_TOTAL_AND_PAGINATION_RECONCILIATION;ISIN_LEI_MIC_LINKING,REVIEW_MARKET_TYPE_AND_REGULATORY_ROLE_NOT_EVERY_SITE_IS_EQUITY_EXCHANGE,200,UNKNOWN,AUTHORITATIVE_UNIVERSE_BOUNDARY_AND_ENTITY_IDENTIFICATION,PUBLIC_DIRECTORY_DISCOVERY_AND_FULL_EXPORT
https://WWW.ALTEX-ATS.CO.UK,MIC_REGISTERED_SITE,GB,FULL_LISTED_ISSUER_AND_SECURITY_DIRECTORY;FULL_MEMBER_OR_LICENSEE_DIRECTORY;SOURCE_TOTAL_AND_PAGINATION_RECONCILIATION;ISIN_LEI_MIC_LINKING,REVIEW_MARKET_TYPE_AND_REGULATORY_ROLE_NOT_EVERY_SITE_IS_EQUITY_EXCHANGE,,UNKNOWN,AUTHORITATIVE_UNIVERSE_BOUNDARY_AND_ENTITY_IDENTIFICATION,PUBLIC_DIRECTORY_DISCOVERY_AND_FULL_EXPORT
https://WWW.ALTXUG.COM,MIC_REGISTERED_SITE,UG,FULL_LISTED_ISSUER_AND_SECURITY_DIRECTORY;FULL_MEMBER_OR_LICENSEE_DIRECTORY;SOURCE_TOTAL_AND_PAGINATION_RECONCILIATION;ISIN_LEI_MIC_LINKING,REVIEW_MARKET_TYPE_AND_REGULATORY_ROLE_NOT_EVERY_SITE_IS_EQUITY_EXCHANGE,,UNKNOWN,AUTHORITATIVE_UNIVERSE_BOUNDARY_AND_ENTITY_IDENTIFICATION,PUBLIC_DIRECTORY_DISCOVERY_AND_FULL_EXPORT
https://WWW.AMERICANLEDGER.COM,MIC_REGISTERED_SITE,US,FULL_LISTED_ISSUER_AND_SECURITY_DIRECTORY;FULL_MEMBER_OR_LICENSEE_DIRECTORY;SOURCE_TOTAL_AND_PAGINATION_RECONCILIATION;ISIN_LEI_MIC_LINKING,REVIEW_MARKET_TYPE_AND_REGULATORY_ROLE_NOT_EVERY_SITE_IS_EQUITY_EXCHANGE,,UNKNOWN,AUTHORITATIVE_UNIVERSE_BOUNDARY_AND_ENTITY_IDENTIFICATION,PUBLIC_DIRECTORY_DISCOVERY_AND_FULL_EXPORT
https://WWW.AMX.AM,MIC_REGISTERED_SITE,AM,FULL_LISTED_ISSUER_AND_SECURITY_DIRECTORY;FULL_MEMBER_OR_LICENSEE_DIRECTORY;SOURCE_TOTAL_AND_PAGINATION_RECONCILIATION;ISIN_LEI_MIC_LINKING,REVIEW_MARKET_TYPE_AND_REGULATORY_ROLE_NOT_EVERY_SITE_IS_EQUITY_EXCHANGE,404,UNKNOWN,AUTHORITATIVE_UNIVERSE_BOUNDARY_AND_ENTITY_IDENTIFICATION,PUBLIC_DIRECTORY_DISCOVERY_AND_FULL_EXPORT
https://WWW.ANZ.COM.AU,MIC_REGISTERED_SITE,GB,FULL_LISTED_ISSUER_AND_SECURITY_DIRECTORY;FULL_MEMBER_OR_LICENSEE_DIRECTORY;SOURCE_TOTAL_AND_PAGINATION_RECONCILIATION;ISIN_LEI_MIC_LINKING,REVIEW_MARKET_TYPE_AND_REGULATORY_ROLE_NOT_EVERY_SITE_IS_EQUITY_EXCHANGE,200,UNKNOWN,AUTHORITATIVE_UNIVERSE_BOUNDARY_AND_ENTITY_IDENTIFICATION,PUBLIC_DIRECTORY_DISCOVERY_AND_FULL_EXPORT
https://WWW.APXGROUP.COM,MIC_REGISTERED_SITE,NL,FULL_LISTED_ISSUER_AND_SECURITY_DIRECTORY;FULL_MEMBER_OR_LICENSEE_DIRECTORY;SOURCE_TOTAL_AND_PAGINATION_RECONCILIATION;ISIN_LEI_MIC_LINKING,REVIEW_MARKET_TYPE_AND_REGULATORY_ROLE_NOT_EVERY_SITE_IS_EQUITY_EXCHANGE,,UNKNOWN,AUTHORITATIVE_UNIVERSE_BOUNDARY_AND_ENTITY_IDENTIFICATION,PUBLIC_DIRECTORY_DISCOVERY_AND_FULL_EXPORT
https://WWW.AQUAEQUITIES.COM,MIC_REGISTERED_SITE,US,FULL_LISTED_ISSUER_AND_SECURITY_DIRECTORY;FULL_MEMBER_OR_LICENSEE_DIRECTORY;SOURCE_TOTAL_AND_PAGINATION_RECONCILIATION;ISIN_LEI_MIC_LINKING,REVIEW_MARKET_TYPE_AND_REGULATORY_ROLE_NOT_EVERY_SITE_IS_EQUITY_EXCHANGE,,UNKNOWN,AUTHORITATIVE_UNIVERSE_BOUNDARY_AND_ENTITY_IDENTIFICATION,PUBLIC_DIRECTORY_DISCOVERY_AND_FULL_EXPORT
https://WWW.AQUIS.EU,MIC_REGISTERED_SITE,FR|GB,FULL_LISTED_ISSUER_AND_SECURITY_DIRECTORY;FULL_MEMBER_OR_LICENSEE_DIRECTORY;SOURCE_TOTAL_AND_PAGINATION_RECONCILIATION;ISIN_LEI_MIC_LINKING,REVIEW_MARKET_TYPE_AND_REGULATORY_ROLE_NOT_EVERY_SITE_IS_EQUITY_EXCHANGE,429,UNKNOWN,AUTHORITATIVE_UNIVERSE_BOUNDARY_AND_ENTITY_IDENTIFICATION,PUBLIC_DIRECTORY_DISCOVERY_AND_FULL_EXPORT
https://WWW.ARCHAX.COM,MIC_REGISTERED_SITE,ES|GB,FULL_LISTED_ISSUER_AND_SECURITY_DIRECTORY;FULL_MEMBER_OR_LICENSEE_DIRECTORY;SOURCE_TOTAL_AND_PAGINATION_RECONCILIATION;ISIN_LEI_MIC_LINKING,REVIEW_MARKET_TYPE_AND_REGULATORY_ROLE_NOT_EVERY_SITE_IS_EQUITY_EXCHANGE,200,UNKNOWN,AUTHORITATIVE_UNIVERSE_BOUNDARY_AND_ENTITY_IDENTIFICATION,PUBLIC_DIRECTORY_DISCOVERY_AND_FULL_EXPORT
https://WWW.ARIANFINANCIAL.CO.UK,MIC_REGISTERED_SITE,GB,FULL_LISTED_ISSUER_AND_SECURITY_DIRECTORY;FULL_MEMBER_OR_LICENSEE_DIRECTORY;SOURCE_TOTAL_AND_PAGINATION_RECONCILIATION;ISIN_LEI_MIC_LINKING,REVIEW_MARKET_TYPE_AND_REGULATORY_ROLE_NOT_EVERY_SITE_IS_EQUITY_EXCHANGE,,UNKNOWN,AUTHORITATIVE_UNIVERSE_BOUNDARY_AND_ENTITY_IDENTIFICATION,PUBLIC_DIRECTORY_DISCOVERY_AND_FULL_EXPORT
https://WWW.ARRACO.COM,MIC_REGISTERED_SITE,GB|IE,FULL_LISTED_ISSUER_AND_SECURITY_DIRECTORY;FULL_MEMBER_OR_LICENSEE_DIRECTORY;SOURCE_TOTAL_AND_PAGINATION_RECONCILIATION;ISIN_LEI_MIC_LINKING,REVIEW_MARKET_TYPE_AND_REGULATORY_ROLE_NOT_EVERY_SITE_IS_EQUITY_EXCHANGE,,UNKNOWN,AUTHORITATIVE_UNIVERSE_BOUNDARY_AND_ENTITY_IDENTIFICATION,PUBLIC_DIRECTORY_DISCOVERY_AND_FULL_EXPORT
https://WWW.ARTEXGM.COM,MIC_REGISTERED_SITE,LI,FULL_LISTED_ISSUER_AND_SECURITY_DIRECTORY;FULL_MEMBER_OR_LICENSEE_DIRECTORY;SOURCE_TOTAL_AND_PAGINATION_RECONCILIATION;ISIN_LEI_MIC_LINKING,REVIEW_MARKET_TYPE_AND_REGULATORY_ROLE_NOT_EVERY_SITE_IS_EQUITY_EXCHANGE,200,UNKNOWN,AUTHORITATIVE_UNIVERSE_BOUNDARY_AND_ENTITY_IDENTIFICATION,PUBLIC_DIRECTORY_DISCOVERY_AND_FULL_EXPORT
https://WWW.ASE.GR,MIC_REGISTERED_SITE,GR,FULL_LISTED_ISSUER_AND_SECURITY_DIRECTORY;FULL_MEMBER_OR_LICENSEE_DIRECTORY;SOURCE_TOTAL_AND_PAGINATION_RECONCILIATION;ISIN_LEI_MIC_LINKING,REVIEW_MARKET_TYPE_AND_REGULATORY_ROLE_NOT_EVERY_SITE_IS_EQUITY_EXCHANGE,,UNKNOWN,AUTHORITATIVE_UNIVERSE_BOUNDARY_AND_ENTITY_IDENTIFICATION,PUBLIC_DIRECTORY_DISCOVERY_AND_FULL_EXPORT
https://WWW.ASIANEXT.COM,MIC_REGISTERED_SITE,SG,FULL_LISTED_ISSUER_AND_SECURITY_DIRECTORY;FULL_MEMBER_OR_LICENSEE_DIRECTORY;SOURCE_TOTAL_AND_PAGINATION_RECONCILIATION;ISIN_LEI_MIC_LINKING,REVIEW_MARKET_TYPE_AND_REGULATORY_ROLE_NOT_EVERY_SITE_IS_EQUITY_EXCHANGE,200,UNKNOWN,AUTHORITATIVE_UNIVERSE_BOUNDARY_AND_ENTITY_IDENTIFICATION,PUBLIC_DIRECTORY_DISCOVERY_AND_FULL_EXPORT
https://WWW.ASIAPACIFICEX.COM,MIC_REGISTERED_SITE,SG,FULL_LISTED_ISSUER_AND_SECURITY_DIRECTORY;FULL_MEMBER_OR_LICENSEE_DIRECTORY;SOURCE_TOTAL_AND_PAGINATION_RECONCILIATION;ISIN_LEI_MIC_LINKING,REVIEW_MARKET_TYPE_AND_REGULATORY_ROLE_NOT_EVERY_SITE_IS_EQUITY_EXCHANGE,,UNKNOWN,AUTHORITATIVE_UNIVERSE_BOUNDARY_AND_ENTITY_IDENTIFICATION,PUBLIC_DIRECTORY_DISCOVERY_AND_FULL_EXPORT
https://WWW.ASSETMATCH.COM,MIC_REGISTERED_SITE,GB,FULL_LISTED_ISSUER_AND_SECURITY_DIRECTORY;FULL_MEMBER_OR_LICENSEE_DIRECTORY;SOURCE_TOTAL_AND_PAGINATION_RECONCILIATION;ISIN_LEI_MIC_LINKING,REVIEW_MARKET_TYPE_AND_REGULATORY_ROLE_NOT_EVERY_SITE_IS_EQUITY_EXCHANGE,,UNKNOWN,AUTHORITATIVE_UNIVERSE_BOUNDARY_AND_ENTITY_IDENTIFICATION,PUBLIC_DIRECTORY_DISCOVERY_AND_FULL_EXPORT
https://WWW.ASX.COM.AU,MIC_REGISTERED_SITE,AU,FULL_LISTED_ISSUER_AND_SECURITY_DIRECTORY;FULL_MEMBER_OR_LICENSEE_DIRECTORY;SOURCE_TOTAL_AND_PAGINATION_RECONCILIATION;ISIN_LEI_MIC_LINKING,REVIEW_MARKET_TYPE_AND_REGULATORY_ROLE_NOT_EVERY_SITE_IS_EQUITY_EXCHANGE,200,UNKNOWN,AUTHORITATIVE_UNIVERSE_BOUNDARY_AND_ENTITY_IDENTIFICATION,PUBLIC_DIRECTORY_DISCOVERY_AND_FULL_EXPORT
https://WWW.ASX.COM.AU/TRADING_SERVICES/ASX-TRADE.HTM,MIC_REGISTERED_SITE,AU,FULL_LISTED_ISSUER_AND_SECURITY_DIRECTORY;FULL_MEMBER_OR_LICENSEE_DIRECTORY;SOURCE_TOTAL_AND_PAGINATION_RECONCILIATION;ISIN_LEI_MIC_LINKING,REVIEW_MARKET_TYPE_AND_REGULATORY_ROLE_NOT_EVERY_SITE_IS_EQUITY_EXCHANGE,404,UNKNOWN,AUTHORITATIVE_UNIVERSE_BOUNDARY_AND_ENTITY_IDENTIFICATION,PUBLIC_DIRECTORY_DISCOVERY_AND_FULL_EXPORT
https://WWW.ATADELFUND.COM,MIC_REGISTERED_SITE,CZ,FULL_LISTED_ISSUER_AND_SECURITY_DIRECTORY;FULL_MEMBER_OR_LICENSEE_DIRECTORY;SOURCE_TOTAL_AND_PAGINATION_RECONCILIATION;ISIN_LEI_MIC_LINKING,REVIEW_MARKET_TYPE_AND_REGULATORY_ROLE_NOT_EVERY_SITE_IS_EQUITY_EXCHANGE,200,UNKNOWN,AUTHORITATIVE_UNIVERSE_BOUNDARY_AND_ENTITY_IDENTIFICATION,PUBLIC_DIRECTORY_DISCOVERY_AND_FULL_EXPORT
https://WWW.ATDESK.COM,MIC_REGISTERED_SITE,US,FULL_LISTED_ISSUER_AND_SECURITY_DIRECTORY;FULL_MEMBER_OR_LICENSEE_DIRECTORY;SOURCE_TOTAL_AND_PAGINATION_RECONCILIATION;ISIN_LEI_MIC_LINKING,REVIEW_MARKET_TYPE_AND_REGULATORY_ROLE_NOT_EVERY_SITE_IS_EQUITY_EXCHANGE,200,UNKNOWN,AUTHORITATIVE_UNIVERSE_BOUNDARY_AND_ENTITY_IDENTIFICATION,PUBLIC_DIRECTORY_DISCOVERY_AND_FULL_EXPORT
https://WWW.ATHEX.GR/DEFAULT_EN.ASP,MIC_REGISTERED_SITE,GR,FULL_LISTED_ISSUER_AND_SECURITY_DIRECTORY;FULL_MEMBER_OR_LICENSEE_DIRECTORY;SOURCE_TOTAL_AND_PAGINATION_RECONCILIATION;ISIN_LEI_MIC_LINKING,REVIEW_MARKET_TYPE_AND_REGULATORY_ROLE_NOT_EVERY_SITE_IS_EQUITY_EXCHANGE,,UNKNOWN,AUTHORITATIVE_UNIVERSE_BOUNDARY_AND_ENTITY_IDENTIFICATION,PUBLIC_DIRECTORY_DISCOVERY_AND_FULL_EXPORT
https://WWW.ATHEXGROUP.GR,MIC_REGISTERED_SITE,GR,FULL_LISTED_ISSUER_AND_SECURITY_DIRECTORY;FULL_MEMBER_OR_LICENSEE_DIRECTORY;SOURCE_TOTAL_AND_PAGINATION_RECONCILIATION;ISIN_LEI_MIC_LINKING,REVIEW_MARKET_TYPE_AND_REGULATORY_ROLE_NOT_EVERY_SITE_IS_EQUITY_EXCHANGE,200,UNKNOWN,AUTHORITATIVE_UNIVERSE_BOUNDARY_AND_ENTITY_IDENTIFICATION,PUBLIC_DIRECTORY_DISCOVERY_AND_FULL_EXPORT
https://WWW.ATHLOSCAPITAL.COM,MIC_REGISTERED_SITE,CY,FULL_LISTED_ISSUER_AND_SECURITY_DIRECTORY;FULL_MEMBER_OR_LICENSEE_DIRECTORY;SOURCE_TOTAL_AND_PAGINATION_RECONCILIATION;ISIN_LEI_MIC_LINKING,REVIEW_MARKET_TYPE_AND_REGULATORY_ROLE_NOT_EVERY_SITE_IS_EQUITY_EXCHANGE,200,UNKNOWN,AUTHORITATIVE_UNIVERSE_BOUNDARY_AND_ENTITY_IDENTIFICATION,PUBLIC_DIRECTORY_DISCOVERY_AND_FULL_EXPORT
https://WWW.ATONINT.COM,MIC_REGISTERED_SITE,CY,FULL_LISTED_ISSUER_AND_SECURITY_DIRECTORY;FULL_MEMBER_OR_LICENSEE_DIRECTORY;SOURCE_TOTAL_AND_PAGINATION_RECONCILIATION;ISIN_LEI_MIC_LINKING,REVIEW_MARKET_TYPE_AND_REGULATORY_ROLE_NOT_EVERY_SITE_IS_EQUITY_EXCHANGE,,UNKNOWN,AUTHORITATIVE_UNIVERSE_BOUNDARY_AND_ENTITY_IDENTIFICATION,PUBLIC_DIRECTORY_DISCOVERY_AND_FULL_EXPORT
https://WWW.AUREL-BGC.COM,MIC_REGISTERED_SITE,FR,FULL_LISTED_ISSUER_AND_SECURITY_DIRECTORY;FULL_MEMBER_OR_LICENSEE_DIRECTORY;SOURCE_TOTAL_AND_PAGINATION_RECONCILIATION;ISIN_LEI_MIC_LINKING,REVIEW_MARKET_TYPE_AND_REGULATORY_ROLE_NOT_EVERY_SITE_IS_EQUITY_EXCHANGE,403,UNKNOWN,AUTHORITATIVE_UNIVERSE_BOUNDARY_AND_ENTITY_IDENTIFICATION,PUBLIC_DIRECTORY_DISCOVERY_AND_FULL_EXPORT
https://WWW.AUTILLA.COM,MIC_REGISTERED_SITE,GB,FULL_LISTED_ISSUER_AND_SECURITY_DIRECTORY;FULL_MEMBER_OR_LICENSEE_DIRECTORY;SOURCE_TOTAL_AND_PAGINATION_RECONCILIATION;ISIN_LEI_MIC_LINKING,REVIEW_MARKET_TYPE_AND_REGULATORY_ROLE_NOT_EVERY_SITE_IS_EQUITY_EXCHANGE,403,UNKNOWN,AUTHORITATIVE_UNIVERSE_BOUNDARY_AND_ENTITY_IDENTIFICATION,PUBLIC_DIRECTORY_DISCOVERY_AND_FULL_EXPORT
https://WWW.AUTOBAHNFX.DB.COM,MIC_REGISTERED_SITE,DE,FULL_LISTED_ISSUER_AND_SECURITY_DIRECTORY;FULL_MEMBER_OR_LICENSEE_DIRECTORY;SOURCE_TOTAL_AND_PAGINATION_RECONCILIATION;ISIN_LEI_MIC_LINKING,REVIEW_MARKET_TYPE_AND_REGULATORY_ROLE_NOT_EVERY_SITE_IS_EQUITY_EXCHANGE,,UNKNOWN,AUTHORITATIVE_UNIVERSE_BOUNDARY_AND_ENTITY_IDENTIFICATION,PUBLIC_DIRECTORY_DISCOVERY_AND_FULL_EXPORT
https://WWW.AWB.COM.AU,MIC_REGISTERED_SITE,AU,FULL_LISTED_ISSUER_AND_SECURITY_DIRECTORY;FULL_MEMBER_OR_LICENSEE_DIRECTORY;SOURCE_TOTAL_AND_PAGINATION_RECONCILIATION;ISIN_LEI_MIC_LINKING,REVIEW_MARKET_TYPE_AND_REGULATORY_ROLE_NOT_EVERY_SITE_IS_EQUITY_EXCHANGE,200,UNKNOWN,AUTHORITATIVE_UNIVERSE_BOUNDARY_AND_ENTITY_IDENTIFICATION,PUBLIC_DIRECTORY_DISCOVERY_AND_FULL_EXPORT
https://WWW.AWEX.COM.AU,MIC_REGISTERED_SITE,AU,FULL_LISTED_ISSUER_AND_SECURITY_DIRECTORY;FULL_MEMBER_OR_LICENSEE_DIRECTORY;SOURCE_TOTAL_AND_PAGINATION_RECONCILIATION;ISIN_LEI_MIC_LINKING,REVIEW_MARKET_TYPE_AND_REGULATORY_ROLE_NOT_EVERY_SITE_IS_EQUITY_EXCHANGE,200,UNKNOWN,AUTHORITATIVE_UNIVERSE_BOUNDARY_AND_ENTITY_IDENTIFICATION,PUBLIC_DIRECTORY_DISCOVERY_AND_FULL_EXPORT
https://WWW.AXIOLOGY.XYZ,MIC_REGISTERED_SITE,LT,FULL_LISTED_ISSUER_AND_SECURITY_DIRECTORY;FULL_MEMBER_OR_LICENSEE_DIRECTORY;SOURCE_TOTAL_AND_PAGINATION_RECONCILIATION;ISIN_LEI_MIC_LINKING,REVIEW_MARKET_TYPE_AND_REGULATORY_ROLE_NOT_EVERY_SITE_IS_EQUITY_EXCHANGE,200,UNKNOWN,AUTHORITATIVE_UNIVERSE_BOUNDARY_AND_ENTITY_IDENTIFICATION,PUBLIC_DIRECTORY_DISCOVERY_AND_FULL_EXPORT
https://WWW.B3.COM.BR,MIC_REGISTERED_SITE,BR,FULL_LISTED_ISSUER_AND_SECURITY_DIRECTORY;FULL_MEMBER_OR_LICENSEE_DIRECTORY;SOURCE_TOTAL_AND_PAGINATION_RECONCILIATION;ISIN_LEI_MIC_LINKING,REVIEW_MARKET_TYPE_AND_REGULATORY_ROLE_NOT_EVERY_SITE_IS_EQUITY_EXCHANGE,200,UNKNOWN,AUTHORITATIVE_UNIVERSE_BOUNDARY_AND_ENTITY_IDENTIFICATION,PUBLIC_DIRECTORY_DISCOVERY_AND_FULL_EXPORT
https://WWW.BAADERBANK.DE,MIC_REGISTERED_SITE,DE,FULL_LISTED_ISSUER_AND_SECURITY_DIRECTORY;FULL_MEMBER_OR_LICENSEE_DIRECTORY;SOURCE_TOTAL_AND_PAGINATION_RECONCILIATION;ISIN_LEI_MIC_LINKING,REVIEW_MARKET_TYPE_AND_REGULATORY_ROLE_NOT_EVERY_SITE_IS_EQUITY_EXCHANGE,200,UNKNOWN,AUTHORITATIVE_UNIVERSE_BOUNDARY_AND_ENTITY_IDENTIFICATION,PUBLIC_DIRECTORY_DISCOVERY_AND_FULL_EXPORT
https://WWW.BAHRAINBOURSE.COM.BH,MIC_REGISTERED_SITE,BH,FULL_LISTED_ISSUER_AND_SECURITY_DIRECTORY;FULL_MEMBER_OR_LICENSEE_DIRECTORY;SOURCE_TOTAL_AND_PAGINATION_RECONCILIATION;ISIN_LEI_MIC_LINKING,REVIEW_MARKET_TYPE_AND_REGULATORY_ROLE_NOT_EVERY_SITE_IS_EQUITY_EXCHANGE,,UNKNOWN,AUTHORITATIVE_UNIVERSE_BOUNDARY_AND_ENTITY_IDENTIFICATION,PUBLIC_DIRECTORY_DISCOVERY_AND_FULL_EXPORT
https://WWW.BAKKT.COM,MIC_REGISTERED_SITE,US,FULL_LISTED_ISSUER_AND_SECURITY_DIRECTORY;FULL_MEMBER_OR_LICENSEE_DIRECTORY;SOURCE_TOTAL_AND_PAGINATION_RECONCILIATION;ISIN_LEI_MIC_LINKING,REVIEW_MARKET_TYPE_AND_REGULATORY_ROLE_NOT_EVERY_SITE_IS_EQUITY_EXCHANGE,200,UNKNOWN,AUTHORITATIVE_UNIVERSE_BOUNDARY_AND_ENTITY_IDENTIFICATION,PUBLIC_DIRECTORY_DISCOVERY_AND_FULL_EXPORT
https://WWW.BALKANGASHUB.BG,MIC_REGISTERED_SITE,BG,FULL_LISTED_ISSUER_AND_SECURITY_DIRECTORY;FULL_MEMBER_OR_LICENSEE_DIRECTORY;SOURCE_TOTAL_AND_PAGINATION_RECONCILIATION;ISIN_LEI_MIC_LINKING,REVIEW_MARKET_TYPE_AND_REGULATORY_ROLE_NOT_EVERY_SITE_IS_EQUITY_EXCHANGE,200,UNKNOWN,AUTHORITATIVE_UNIVERSE_BOUNDARY_AND_ENTITY_IDENTIFICATION,PUBLIC_DIRECTORY_DISCOVERY_AND_FULL_EXPORT
https://WWW.BALTICEXCHANGE.COM,MIC_REGISTERED_SITE,GB,FULL_LISTED_ISSUER_AND_SECURITY_DIRECTORY;FULL_MEMBER_OR_LICENSEE_DIRECTORY;SOURCE_TOTAL_AND_PAGINATION_RECONCILIATION;ISIN_LEI_MIC_LINKING,REVIEW_MARKET_TYPE_AND_REGULATORY_ROLE_NOT_EVERY_SITE_IS_EQUITY_EXCHANGE,200,UNKNOWN,AUTHORITATIVE_UNIVERSE_BOUNDARY_AND_ENTITY_IDENTIFICATION,PUBLIC_DIRECTORY_DISCOVERY_AND_FULL_EXPORT
https://WWW.BALTPOOL.LT,MIC_REGISTERED_SITE,LT,FULL_LISTED_ISSUER_AND_SECURITY_DIRECTORY;FULL_MEMBER_OR_LICENSEE_DIRECTORY;SOURCE_TOTAL_AND_PAGINATION_RECONCILIATION;ISIN_LEI_MIC_LINKING,REVIEW_MARKET_TYPE_AND_REGULATORY_ROLE_NOT_EVERY_SITE_IS_EQUITY_EXCHANGE,200,UNKNOWN,AUTHORITATIVE_UNIVERSE_BOUNDARY_AND_ENTITY_IDENTIFICATION,PUBLIC_DIRECTORY_DISCOVERY_AND_FULL_EXPORT
https://WWW.BANCADIASTI.IT,MIC_REGISTERED_SITE,IT,FULL_LISTED_ISSUER_AND_SECURITY_DIRECTORY;FULL_MEMBER_OR_LICENSEE_DIRECTORY;SOURCE_TOTAL_AND_PAGINATION_RECONCILIATION;ISIN_LEI_MIC_LINKING,REVIEW_MARKET_TYPE_AND_REGULATORY_ROLE_NOT_EVERY_SITE_IS_EQUITY_EXCHANGE,200,UNKNOWN,AUTHORITATIVE_UNIVERSE_BOUNDARY_AND_ENTITY_IDENTIFICATION,PUBLIC_DIRECTORY_DISCOVERY_AND_FULL_EXPORT
https://WWW.BANCAETICA.IT,MIC_REGISTERED_SITE,IT,FULL_LISTED_ISSUER_AND_SECURITY_DIRECTORY;FULL_MEMBER_OR_LICENSEE_DIRECTORY;SOURCE_TOTAL_AND_PAGINATION_RECONCILIATION;ISIN_LEI_MIC_LINKING,REVIEW_MARKET_TYPE_AND_REGULATORY_ROLE_NOT_EVERY_SITE_IS_EQUITY_EXCHANGE,200,UNKNOWN,AUTHORITATIVE_UNIVERSE_BOUNDARY_AND_ENTITY_IDENTIFICATION,PUBLIC_DIRECTORY_DISCOVERY_AND_FULL_EXPORT
https://WWW.BANCAMARCH.ES,MIC_REGISTERED_SITE,ES,FULL_LISTED_ISSUER_AND_SECURITY_DIRECTORY;FULL_MEMBER_OR_LICENSEE_DIRECTORY;SOURCE_TOTAL_AND_PAGINATION_RECONCILIATION;ISIN_LEI_MIC_LINKING,REVIEW_MARKET_TYPE_AND_REGULATORY_ROLE_NOT_EVERY_SITE_IS_EQUITY_EXCHANGE,200,UNKNOWN,AUTHORITATIVE_UNIVERSE_BOUNDARY_AND_ENTITY_IDENTIFICATION,PUBLIC_DIRECTORY_DISCOVERY_AND_FULL_EXPORT
https://WWW.BANCAPASSADORE.IT,MIC_REGISTERED_SITE,IT,FULL_LISTED_ISSUER_AND_SECURITY_DIRECTORY;FULL_MEMBER_OR_LICENSEE_DIRECTORY;SOURCE_TOTAL_AND_PAGINATION_RECONCILIATION;ISIN_LEI_MIC_LINKING,REVIEW_MARKET_TYPE_AND_REGULATORY_ROLE_NOT_EVERY_SITE_IS_EQUITY_EXCHANGE,200,UNKNOWN,AUTHORITATIVE_UNIVERSE_BOUNDARY_AND_ENTITY_IDENTIFICATION,PUBLIC_DIRECTORY_DISCOVERY_AND_FULL_EXPORT
https://WWW.BANCAREALE.IT,MIC_REGISTERED_SITE,IT,FULL_LISTED_ISSUER_AND_SECURITY_DIRECTORY;FULL_MEMBER_OR_LICENSEE_DIRECTORY;SOURCE_TOTAL_AND_PAGINATION_RECONCILIATION;ISIN_LEI_MIC_LINKING,REVIEW_MARKET_TYPE_AND_REGULATORY_ROLE_NOT_EVERY_SITE_IS_EQUITY_EXCHANGE,200,UNKNOWN,AUTHORITATIVE_UNIVERSE_BOUNDARY_AND_ENTITY_IDENTIFICATION,PUBLIC_DIRECTORY_DISCOVERY_AND_FULL_EXPORT
https://WWW.BANCATRANSILVANIA.RO,MIC_REGISTERED_SITE,RO,FULL_LISTED_ISSUER_AND_SECURITY_DIRECTORY;FULL_MEMBER_OR_LICENSEE_DIRECTORY;SOURCE_TOTAL_AND_PAGINATION_RECONCILIATION;ISIN_LEI_MIC_LINKING,REVIEW_MARKET_TYPE_AND_REGULATORY_ROLE_NOT_EVERY_SITE_IS_EQUITY_EXCHANGE,403,UNKNOWN,AUTHORITATIVE_UNIVERSE_BOUNDARY_AND_ENTITY_IDENTIFICATION,PUBLIC_DIRECTORY_DISCOVERY_AND_FULL_EXPORT
https://WWW.BANCSABADELL.COM,MIC_REGISTERED_SITE,ES,FULL_LISTED_ISSUER_AND_SECURITY_DIRECTORY;FULL_MEMBER_OR_LICENSEE_DIRECTORY;SOURCE_TOTAL_AND_PAGINATION_RECONCILIATION;ISIN_LEI_MIC_LINKING,REVIEW_MARKET_TYPE_AND_REGULATORY_ROLE_NOT_EVERY_SITE_IS_EQUITY_EXCHANGE,200,UNKNOWN,AUTHORITATIVE_UNIVERSE_BOUNDARY_AND_ENTITY_IDENTIFICATION,PUBLIC_DIRECTORY_DISCOVERY_AND_FULL_EXPORT
https://WWW.BANKAUSTRIA.AT,MIC_REGISTERED_SITE,AT,FULL_LISTED_ISSUER_AND_SECURITY_DIRECTORY;FULL_MEMBER_OR_LICENSEE_DIRECTORY;SOURCE_TOTAL_AND_PAGINATION_RECONCILIATION;ISIN_LEI_MIC_LINKING,REVIEW_MARKET_TYPE_AND_REGULATORY_ROLE_NOT_EVERY_SITE_IS_EQUITY_EXCHANGE,,UNKNOWN,AUTHORITATIVE_UNIVERSE_BOUNDARY_AND_ENTITY_IDENTIFICATION,PUBLIC_DIRECTORY_DISCOVERY_AND_FULL_EXPORT
https://WWW.BANKOFCHINA.COM,MIC_REGISTERED_SITE,DE,FULL_LISTED_ISSUER_AND_SECURITY_DIRECTORY;FULL_MEMBER_OR_LICENSEE_DIRECTORY;SOURCE_TOTAL_AND_PAGINATION_RECONCILIATION;ISIN_LEI_MIC_LINKING,REVIEW_MARKET_TYPE_AND_REGULATORY_ROLE_NOT_EVERY_SITE_IS_EQUITY_EXCHANGE,200,UNKNOWN,AUTHORITATIVE_UNIVERSE_BOUNDARY_AND_ENTITY_IDENTIFICATION,PUBLIC_DIRECTORY_DISCOVERY_AND_FULL_EXPORT
https://WWW.BANKOFGREECE.GR,MIC_REGISTERED_SITE,GR,FULL_LISTED_ISSUER_AND_SECURITY_DIRECTORY;FULL_MEMBER_OR_LICENSEE_DIRECTORY;SOURCE_TOTAL_AND_PAGINATION_RECONCILIATION;ISIN_LEI_MIC_LINKING,REVIEW_MARKET_TYPE_AND_REGULATORY_ROLE_NOT_EVERY_SITE_IS_EQUITY_EXCHANGE,403,UNKNOWN,AUTHORITATIVE_UNIVERSE_BOUNDARY_AND_ENTITY_IDENTIFICATION,PUBLIC_DIRECTORY_DISCOVERY_AND_FULL_EXPORT
https://WWW.BANKOFSCOTLAND.CO.UK,MIC_REGISTERED_SITE,GB,FULL_LISTED_ISSUER_AND_SECURITY_DIRECTORY;FULL_MEMBER_OR_LICENSEE_DIRECTORY;SOURCE_TOTAL_AND_PAGINATION_RECONCILIATION;ISIN_LEI_MIC_LINKING,REVIEW_MARKET_TYPE_AND_REGULATORY_ROLE_NOT_EVERY_SITE_IS_EQUITY_EXCHANGE,200,UNKNOWN,AUTHORITATIVE_UNIVERSE_BOUNDARY_AND_ENTITY_IDENTIFICATION,PUBLIC_DIRECTORY_DISCOVERY_AND_FULL_EXPORT
https://WWW.BANQUEDELUXEMBOURG.COM,MIC_REGISTERED_SITE,LU,FULL_LISTED_ISSUER_AND_SECURITY_DIRECTORY;FULL_MEMBER_OR_LICENSEE_DIRECTORY;SOURCE_TOTAL_AND_PAGINATION_RECONCILIATION;ISIN_LEI_MIC_LINKING,REVIEW_MARKET_TYPE_AND_REGULATORY_ROLE_NOT_EVERY_SITE_IS_EQUITY_EXCHANGE,200,UNKNOWN,AUTHORITATIVE_UNIVERSE_BOUNDARY_AND_ENTITY_IDENTIFICATION,PUBLIC_DIRECTORY_DISCOVERY_AND_FULL_EXPORT
https://WWW.BARCAP.COM,MIC_REGISTERED_SITE,US,FULL_LISTED_ISSUER_AND_SECURITY_DIRECTORY;FULL_MEMBER_OR_LICENSEE_DIRECTORY;SOURCE_TOTAL_AND_PAGINATION_RECONCILIATION;ISIN_LEI_MIC_LINKING,REVIEW_MARKET_TYPE_AND_REGULATORY_ROLE_NOT_EVERY_SITE_IS_EQUITY_EXCHANGE,200,UNKNOWN,AUTHORITATIVE_UNIVERSE_BOUNDARY_AND_ENTITY_IDENTIFICATION,PUBLIC_DIRECTORY_DISCOVERY_AND_FULL_EXPORT
https://WWW.BARCLAYS.COM,MIC_REGISTERED_SITE,GB|JP,FULL_LISTED_ISSUER_AND_SECURITY_DIRECTORY;FULL_MEMBER_OR_LICENSEE_DIRECTORY;SOURCE_TOTAL_AND_PAGINATION_RECONCILIATION;ISIN_LEI_MIC_LINKING,REVIEW_MARKET_TYPE_AND_REGULATORY_ROLE_NOT_EVERY_SITE_IS_EQUITY_EXCHANGE,200,UNKNOWN,AUTHORITATIVE_UNIVERSE_BOUNDARY_AND_ENTITY_IDENTIFICATION,PUBLIC_DIRECTORY_DISCOVERY_AND_FULL_EXPORT
https://WWW.BARCLAYS.IE,MIC_REGISTERED_SITE,IE,FULL_LISTED_ISSUER_AND_SECURITY_DIRECTORY;FULL_MEMBER_OR_LICENSEE_DIRECTORY;SOURCE_TOTAL_AND_PAGINATION_RECONCILIATION;ISIN_LEI_MIC_LINKING,REVIEW_MARKET_TYPE_AND_REGULATORY_ROLE_NOT_EVERY_SITE_IS_EQUITY_EXCHANGE,200,UNKNOWN,AUTHORITATIVE_UNIVERSE_BOUNDARY_AND_ENTITY_IDENTIFICATION,PUBLIC_DIRECTORY_DISCOVERY_AND_FULL_EXPORT
https://WWW.BARX.COM/EQUITIES/LIQUIDITYCROSSING.HTML,MIC_REGISTERED_SITE,US,FULL_LISTED_ISSUER_AND_SECURITY_DIRECTORY;FULL_MEMBER_OR_LICENSEE_DIRECTORY;SOURCE_TOTAL_AND_PAGINATION_RECONCILIATION;ISIN_LEI_MIC_LINKING,REVIEW_MARKET_TYPE_AND_REGULATORY_ROLE_NOT_EVERY_SITE_IS_EQUITY_EXCHANGE,200,UNKNOWN,AUTHORITATIVE_UNIVERSE_BOUNDARY_AND_ENTITY_IDENTIFICATION,PUBLIC_DIRECTORY_DISCOVERY_AND_FULL_EXPORT
https://WWW.BARX.COM/FX/INDEX.HTML,MIC_REGISTERED_SITE,US,FULL_LISTED_ISSUER_AND_SECURITY_DIRECTORY;FULL_MEMBER_OR_LICENSEE_DIRECTORY;SOURCE_TOTAL_AND_PAGINATION_RECONCILIATION;ISIN_LEI_MIC_LINKING,REVIEW_MARKET_TYPE_AND_REGULATORY_ROLE_NOT_EVERY_SITE_IS_EQUITY_EXCHANGE,200,UNKNOWN,AUTHORITATIVE_UNIVERSE_BOUNDARY_AND_ENTITY_IDENTIFICATION,PUBLIC_DIRECTORY_DISCOVERY_AND_FULL_EXPORT
https://WWW.BATS.COM,MIC_REGISTERED_SITE,US,FULL_LISTED_ISSUER_AND_SECURITY_DIRECTORY;FULL_MEMBER_OR_LICENSEE_DIRECTORY;SOURCE_TOTAL_AND_PAGINATION_RECONCILIATION;ISIN_LEI_MIC_LINKING,REVIEW_MARKET_TYPE_AND_REGULATORY_ROLE_NOT_EVERY_SITE_IS_EQUITY_EXCHANGE,200,UNKNOWN,AUTHORITATIVE_UNIVERSE_BOUNDARY_AND_ENTITY_IDENTIFICATION,PUBLIC_DIRECTORY_DISCOVERY_AND_FULL_EXPORT
https://WWW.BATSTRADING.CO.UK,MIC_REGISTERED_SITE,GB,FULL_LISTED_ISSUER_AND_SECURITY_DIRECTORY;FULL_MEMBER_OR_LICENSEE_DIRECTORY;SOURCE_TOTAL_AND_PAGINATION_RECONCILIATION;ISIN_LEI_MIC_LINKING,REVIEW_MARKET_TYPE_AND_REGULATORY_ROLE_NOT_EVERY_SITE_IS_EQUITY_EXCHANGE,200,UNKNOWN,AUTHORITATIVE_UNIVERSE_BOUNDARY_AND_ENTITY_IDENTIFICATION,PUBLIC_DIRECTORY_DISCOVERY_AND_FULL_EXPORT
https://WWW.BAXTER-FX.COM,MIC_REGISTERED_SITE,IE,FULL_LISTED_ISSUER_AND_SECURITY_DIRECTORY;FULL_MEMBER_OR_LICENSEE_DIRECTORY;SOURCE_TOTAL_AND_PAGINATION_RECONCILIATION;ISIN_LEI_MIC_LINKING,REVIEW_MARKET_TYPE_AND_REGULATORY_ROLE_NOT_EVERY_SITE_IS_EQUITY_EXCHANGE,200,UNKNOWN,AUTHORITATIVE_UNIVERSE_BOUNDARY_AND_ENTITY_IDENTIFICATION,PUBLIC_DIRECTORY_DISCOVERY_AND_FULL_EXPORT
https://WWW.BAYERNLB.DE,MIC_REGISTERED_SITE,DE,FULL_LISTED_ISSUER_AND_SECURITY_DIRECTORY;FULL_MEMBER_OR_LICENSEE_DIRECTORY;SOURCE_TOTAL_AND_PAGINATION_RECONCILIATION;ISIN_LEI_MIC_LINKING,REVIEW_MARKET_TYPE_AND_REGULATORY_ROLE_NOT_EVERY_SITE_IS_EQUITY_EXCHANGE,,UNKNOWN,AUTHORITATIVE_UNIVERSE_BOUNDARY_AND_ENTITY_IDENTIFICATION,PUBLIC_DIRECTORY_DISCOVERY_AND_FULL_EXPORT
https://WWW.BBJ-JFX.COM,MIC_REGISTERED_SITE,ID,FULL_LISTED_ISSUER_AND_SECURITY_DIRECTORY;FULL_MEMBER_OR_LICENSEE_DIRECTORY;SOURCE_TOTAL_AND_PAGINATION_RECONCILIATION;ISIN_LEI_MIC_LINKING,REVIEW_MARKET_TYPE_AND_REGULATORY_ROLE_NOT_EVERY_SITE_IS_EQUITY_EXCHANGE,200,UNKNOWN,AUTHORITATIVE_UNIVERSE_BOUNDARY_AND_ENTITY_IDENTIFICATION,PUBLIC_DIRECTORY_DISCOVERY_AND_FULL_EXPORT
https://WWW.BBVA.COM,MIC_REGISTERED_SITE,ES,FULL_LISTED_ISSUER_AND_SECURITY_DIRECTORY;FULL_MEMBER_OR_LICENSEE_DIRECTORY;SOURCE_TOTAL_AND_PAGINATION_RECONCILIATION;ISIN_LEI_MIC_LINKING,REVIEW_MARKET_TYPE_AND_REGULATORY_ROLE_NOT_EVERY_SITE_IS_EQUITY_EXCHANGE,200,UNKNOWN,AUTHORITATIVE_UNIVERSE_BOUNDARY_AND_ENTITY_IDENTIFICATION,PUBLIC_DIRECTORY_DISCOVERY_AND_FULL_EXPORT
https://WWW.BBVACIB.COM,MIC_REGISTERED_SITE,GB,FULL_LISTED_ISSUER_AND_SECURITY_DIRECTORY;FULL_MEMBER_OR_LICENSEE_DIRECTORY;SOURCE_TOTAL_AND_PAGINATION_RECONCILIATION;ISIN_LEI_MIC_LINKING,REVIEW_MARKET_TYPE_AND_REGULATORY_ROLE_NOT_EVERY_SITE_IS_EQUITY_EXCHANGE,403,UNKNOWN,AUTHORITATIVE_UNIVERSE_BOUNDARY_AND_ENTITY_IDENTIFICATION,PUBLIC_DIRECTORY_DISCOVERY_AND_FULL_EXPORT
https://WWW.BBVB.ORG,MIC_REGISTERED_SITE,AZ,FULL_LISTED_ISSUER_AND_SECURITY_DIRECTORY;FULL_MEMBER_OR_LICENSEE_DIRECTORY;SOURCE_TOTAL_AND_PAGINATION_RECONCILIATION;ISIN_LEI_MIC_LINKING,REVIEW_MARKET_TYPE_AND_REGULATORY_ROLE_NOT_EVERY_SITE_IS_EQUITY_EXCHANGE,525,UNKNOWN,AUTHORITATIVE_UNIVERSE_BOUNDARY_AND_ENTITY_IDENTIFICATION,PUBLIC_DIRECTORY_DISCOVERY_AND_FULL_EXPORT
https://WWW.BCBA.SBA.COM.AR,MIC_REGISTERED_SITE,AR,FULL_LISTED_ISSUER_AND_SECURITY_DIRECTORY;FULL_MEMBER_OR_LICENSEE_DIRECTORY;SOURCE_TOTAL_AND_PAGINATION_RECONCILIATION;ISIN_LEI_MIC_LINKING,REVIEW_MARKET_TYPE_AND_REGULATORY_ROLE_NOT_EVERY_SITE_IS_EQUITY_EXCHANGE,,UNKNOWN,AUTHORITATIVE_UNIVERSE_BOUNDARY_AND_ENTITY_IDENTIFICATION,PUBLIC_DIRECTORY_DISCOVERY_AND_FULL_EXPORT
https://WWW.BCEE.LU,MIC_REGISTERED_SITE,LU,FULL_LISTED_ISSUER_AND_SECURITY_DIRECTORY;FULL_MEMBER_OR_LICENSEE_DIRECTORY;SOURCE_TOTAL_AND_PAGINATION_RECONCILIATION;ISIN_LEI_MIC_LINKING,REVIEW_MARKET_TYPE_AND_REGULATORY_ROLE_NOT_EVERY_SITE_IS_EQUITY_EXCHANGE,200,UNKNOWN,AUTHORITATIVE_UNIVERSE_BOUNDARY_AND_ENTITY_IDENTIFICATION,PUBLIC_DIRECTORY_DISCOVERY_AND_FULL_EXPORT
https://WWW.BCMM.COM.BR,MIC_REGISTERED_SITE,BR,FULL_LISTED_ISSUER_AND_SECURITY_DIRECTORY;FULL_MEMBER_OR_LICENSEE_DIRECTORY;SOURCE_TOTAL_AND_PAGINATION_RECONCILIATION;ISIN_LEI_MIC_LINKING,REVIEW_MARKET_TYPE_AND_REGULATORY_ROLE_NOT_EVERY_SITE_IS_EQUITY_EXCHANGE,200,UNKNOWN,AUTHORITATIVE_UNIVERSE_BOUNDARY_AND_ENTITY_IDENTIFICATION,PUBLIC_DIRECTORY_DISCOVERY_AND_FULL_EXPORT
https://WWW.BCR.COM.AR,MIC_REGISTERED_SITE,AR,FULL_LISTED_ISSUER_AND_SECURITY_DIRECTORY;FULL_MEMBER_OR_LICENSEE_DIRECTORY;SOURCE_TOTAL_AND_PAGINATION_RECONCILIATION;ISIN_LEI_MIC_LINKING,REVIEW_MARKET_TYPE_AND_REGULATORY_ROLE_NOT_EVERY_SITE_IS_EQUITY_EXCHANGE,200,UNKNOWN,AUTHORITATIVE_UNIVERSE_BOUNDARY_AND_ENTITY_IDENTIFICATION,PUBLIC_DIRECTORY_DISCOVERY_AND_FULL_EXPORT
https://WWW.BCSCYPRUS.COM,MIC_REGISTERED_SITE,CY,FULL_LISTED_ISSUER_AND_SECURITY_DIRECTORY;FULL_MEMBER_OR_LICENSEE_DIRECTORY;SOURCE_TOTAL_AND_PAGINATION_RECONCILIATION;ISIN_LEI_MIC_LINKING,REVIEW_MARKET_TYPE_AND_REGULATORY_ROLE_NOT_EVERY_SITE_IS_EQUITY_EXCHANGE,404,UNKNOWN,AUTHORITATIVE_UNIVERSE_BOUNDARY_AND_ENTITY_IDENTIFICATION,PUBLIC_DIRECTORY_DISCOVERY_AND_FULL_EXPORT
https://WWW.BCSE.BY,MIC_REGISTERED_SITE,BY,FULL_LISTED_ISSUER_AND_SECURITY_DIRECTORY;FULL_MEMBER_OR_LICENSEE_DIRECTORY;SOURCE_TOTAL_AND_PAGINATION_RECONCILIATION;ISIN_LEI_MIC_LINKING,REVIEW_MARKET_TYPE_AND_REGULATORY_ROLE_NOT_EVERY_SITE_IS_EQUITY_EXCHANGE,,UNKNOWN,AUTHORITATIVE_UNIVERSE_BOUNDARY_AND_ENTITY_IDENTIFICATION,PUBLIC_DIRECTORY_DISCOVERY_AND_FULL_EXPORT
https://WWW.BCSF.COM.AR,MIC_REGISTERED_SITE,AR,FULL_LISTED_ISSUER_AND_SECURITY_DIRECTORY;FULL_MEMBER_OR_LICENSEE_DIRECTORY;SOURCE_TOTAL_AND_PAGINATION_RECONCILIATION;ISIN_LEI_MIC_LINKING,REVIEW_MARKET_TYPE_AND_REGULATORY_ROLE_NOT_EVERY_SITE_IS_EQUITY_EXCHANGE,200,UNKNOWN,AUTHORITATIVE_UNIVERSE_BOUNDARY_AND_ENTITY_IDENTIFICATION,PUBLIC_DIRECTORY_DISCOVERY_AND_FULL_EXPORT
https://WWW.BCV.HN,MIC_REGISTERED_SITE,HN,FULL_LISTED_ISSUER_AND_SECURITY_DIRECTORY;FULL_MEMBER_OR_LICENSEE_DIRECTORY;SOURCE_TOTAL_AND_PAGINATION_RECONCILIATION;ISIN_LEI_MIC_LINKING,REVIEW_MARKET_TYPE_AND_REGULATORY_ROLE_NOT_EVERY_SITE_IS_EQUITY_EXCHANGE,200,UNKNOWN,AUTHORITATIVE_UNIVERSE_BOUNDARY_AND_ENTITY_IDENTIFICATION,PUBLIC_DIRECTORY_DISCOVERY_AND_FULL_EXPORT
https://WWW.BEKB.CH,MIC_REGISTERED_SITE,CH,FULL_LISTED_ISSUER_AND_SECURITY_DIRECTORY;FULL_MEMBER_OR_LICENSEE_DIRECTORY;SOURCE_TOTAL_AND_PAGINATION_RECONCILIATION;ISIN_LEI_MIC_LINKING,REVIEW_MARKET_TYPE_AND_REGULATORY_ROLE_NOT_EVERY_SITE_IS_EQUITY_EXCHANGE,200,UNKNOWN,AUTHORITATIVE_UNIVERSE_BOUNDARY_AND_ENTITY_IDENTIFICATION,PUBLIC_DIRECTORY_DISCOVERY_AND_FULL_EXPORT
https://WWW.BELFIUS.COM,MIC_REGISTERED_SITE,BE,FULL_LISTED_ISSUER_AND_SECURITY_DIRECTORY;FULL_MEMBER_OR_LICENSEE_DIRECTORY;SOURCE_TOTAL_AND_PAGINATION_RECONCILIATION;ISIN_LEI_MIC_LINKING,REVIEW_MARKET_TYPE_AND_REGULATORY_ROLE_NOT_EVERY_SITE_IS_EQUITY_EXCHANGE,200,UNKNOWN,AUTHORITATIVE_UNIVERSE_BOUNDARY_AND_ENTITY_IDENTIFICATION,PUBLIC_DIRECTORY_DISCOVERY_AND_FULL_EXPORT
https://WWW.BELPEX.BE,MIC_REGISTERED_SITE,BE,FULL_LISTED_ISSUER_AND_SECURITY_DIRECTORY;FULL_MEMBER_OR_LICENSEE_DIRECTORY;SOURCE_TOTAL_AND_PAGINATION_RECONCILIATION;ISIN_LEI_MIC_LINKING,REVIEW_MARKET_TYPE_AND_REGULATORY_ROLE_NOT_EVERY_SITE_IS_EQUITY_EXCHANGE,,UNKNOWN,AUTHORITATIVE_UNIVERSE_BOUNDARY_AND_ENTITY_IDENTIFICATION,PUBLIC_DIRECTORY_DISCOVERY_AND_FULL_EXPORT
https://WWW.BERENBERG.COM,MIC_REGISTERED_SITE,DE|GB,FULL_LISTED_ISSUER_AND_SECURITY_DIRECTORY;FULL_MEMBER_OR_LICENSEE_DIRECTORY;SOURCE_TOTAL_AND_PAGINATION_RECONCILIATION;ISIN_LEI_MIC_LINKING,REVIEW_MARKET_TYPE_AND_REGULATORY_ROLE_NOT_EVERY_SITE_IS_EQUITY_EXCHANGE,200,UNKNOWN,AUTHORITATIVE_UNIVERSE_BOUNDARY_AND_ENTITY_IDENTIFICATION,PUBLIC_DIRECTORY_DISCOVERY_AND_FULL_EXPORT
https://WWW.BERLIN-BOERSE.DE,MIC_REGISTERED_SITE,DE,FULL_LISTED_ISSUER_AND_SECURITY_DIRECTORY;FULL_MEMBER_OR_LICENSEE_DIRECTORY;SOURCE_TOTAL_AND_PAGINATION_RECONCILIATION;ISIN_LEI_MIC_LINKING,REVIEW_MARKET_TYPE_AND_REGULATORY_ROLE_NOT_EVERY_SITE_IS_EQUITY_EXCHANGE,,UNKNOWN,AUTHORITATIVE_UNIVERSE_BOUNDARY_AND_ENTITY_IDENTIFICATION,PUBLIC_DIRECTORY_DISCOVERY_AND_FULL_EXPORT
https://WWW.BET.HU,MIC_REGISTERED_SITE,HU,FULL_LISTED_ISSUER_AND_SECURITY_DIRECTORY;FULL_MEMBER_OR_LICENSEE_DIRECTORY;SOURCE_TOTAL_AND_PAGINATION_RECONCILIATION;ISIN_LEI_MIC_LINKING,REVIEW_MARKET_TYPE_AND_REGULATORY_ROLE_NOT_EVERY_SITE_IS_EQUITY_EXCHANGE,200,UNKNOWN,AUTHORITATIVE_UNIVERSE_BOUNDARY_AND_ENTITY_IDENTIFICATION,PUBLIC_DIRECTORY_DISCOVERY_AND_FULL_EXPORT
https://WWW.BETP.BG,MIC_REGISTERED_SITE,BG,FULL_LISTED_ISSUER_AND_SECURITY_DIRECTORY;FULL_MEMBER_OR_LICENSEE_DIRECTORY;SOURCE_TOTAL_AND_PAGINATION_RECONCILIATION;ISIN_LEI_MIC_LINKING,REVIEW_MARKET_TYPE_AND_REGULATORY_ROLE_NOT_EVERY_SITE_IS_EQUITY_EXCHANGE,200,UNKNOWN,AUTHORITATIVE_UNIVERSE_BOUNDARY_AND_ENTITY_IDENTIFICATION,PUBLIC_DIRECTORY_DISCOVERY_AND_FULL_EXPORT
https://WWW.BEX.OR.TH,MIC_REGISTERED_SITE,TH,FULL_LISTED_ISSUER_AND_SECURITY_DIRECTORY;FULL_MEMBER_OR_LICENSEE_DIRECTORY;SOURCE_TOTAL_AND_PAGINATION_RECONCILIATION;ISIN_LEI_MIC_LINKING,REVIEW_MARKET_TYPE_AND_REGULATORY_ROLE_NOT_EVERY_SITE_IS_EQUITY_EXCHANGE,,UNKNOWN,AUTHORITATIVE_UNIVERSE_BOUNDARY_AND_ENTITY_IDENTIFICATION,PUBLIC_DIRECTORY_DISCOVERY_AND_FULL_EXPORT
https://WWW.BFX.BH,MIC_REGISTERED_SITE,BH,FULL_LISTED_ISSUER_AND_SECURITY_DIRECTORY;FULL_MEMBER_OR_LICENSEE_DIRECTORY;SOURCE_TOTAL_AND_PAGINATION_RECONCILIATION;ISIN_LEI_MIC_LINKING,REVIEW_MARKET_TYPE_AND_REGULATORY_ROLE_NOT_EVERY_SITE_IS_EQUITY_EXCHANGE,,UNKNOWN,AUTHORITATIVE_UNIVERSE_BOUNDARY_AND_ENTITY_IDENTIFICATION,PUBLIC_DIRECTORY_DISCOVERY_AND_FULL_EXPORT
https://WWW.BGCG.COM,MIC_REGISTERED_SITE,FR|JP|SG,FULL_LISTED_ISSUER_AND_SECURITY_DIRECTORY;FULL_MEMBER_OR_LICENSEE_DIRECTORY;SOURCE_TOTAL_AND_PAGINATION_RECONCILIATION;ISIN_LEI_MIC_LINKING,REVIEW_MARKET_TYPE_AND_REGULATORY_ROLE_NOT_EVERY_SITE_IS_EQUITY_EXCHANGE,403,UNKNOWN,AUTHORITATIVE_UNIVERSE_BOUNDARY_AND_ENTITY_IDENTIFICATION,PUBLIC_DIRECTORY_DISCOVERY_AND_FULL_EXPORT
https://WWW.BGCG.COM/BGC/AUREL-2/,MIC_REGISTERED_SITE,FR|JP|SG,FULL_LISTED_ISSUER_AND_SECURITY_DIRECTORY;FULL_MEMBER_OR_LICENSEE_DIRECTORY;SOURCE_TOTAL_AND_PAGINATION_RECONCILIATION;ISIN_LEI_MIC_LINKING,REVIEW_MARKET_TYPE_AND_REGULATORY_ROLE_NOT_EVERY_SITE_IS_EQUITY_EXCHANGE,403,UNKNOWN,AUTHORITATIVE_UNIVERSE_BOUNDARY_AND_ENTITY_IDENTIFICATION,PUBLIC_DIRECTORY_DISCOVERY_AND_FULL_EXPORT
https://WWW.BGCPARTNERS.COM,MIC_REGISTERED_SITE,AU|GB|US,FULL_LISTED_ISSUER_AND_SECURITY_DIRECTORY;FULL_MEMBER_OR_LICENSEE_DIRECTORY;SOURCE_TOTAL_AND_PAGINATION_RECONCILIATION;ISIN_LEI_MIC_LINKING,REVIEW_MARKET_TYPE_AND_REGULATORY_ROLE_NOT_EVERY_SITE_IS_EQUITY_EXCHANGE,403,UNKNOWN,AUTHORITATIVE_UNIVERSE_BOUNDARY_AND_ENTITY_IDENTIFICATION,PUBLIC_DIRECTORY_DISCOVERY_AND_FULL_EXPORT
https://WWW.BGCSEF.COM,MIC_REGISTERED_SITE,US,FULL_LISTED_ISSUER_AND_SECURITY_DIRECTORY;FULL_MEMBER_OR_LICENSEE_DIRECTORY;SOURCE_TOTAL_AND_PAGINATION_RECONCILIATION;ISIN_LEI_MIC_LINKING,REVIEW_MARKET_TYPE_AND_REGULATORY_ROLE_NOT_EVERY_SITE_IS_EQUITY_EXCHANGE,403,UNKNOWN,AUTHORITATIVE_UNIVERSE_BOUNDARY_AND_ENTITY_IDENTIFICATION,PUBLIC_DIRECTORY_DISCOVERY_AND_FULL_EXPORT
https://WWW.BGL.LU,MIC_REGISTERED_SITE,LU,FULL_LISTED_ISSUER_AND_SECURITY_DIRECTORY;FULL_MEMBER_OR_LICENSEE_DIRECTORY;SOURCE_TOTAL_AND_PAGINATION_RECONCILIATION;ISIN_LEI_MIC_LINKING,REVIEW_MARKET_TYPE_AND_REGULATORY_ROLE_NOT_EVERY_SITE_IS_EQUITY_EXCHANGE,404,UNKNOWN,AUTHORITATIVE_UNIVERSE_BOUNDARY_AND_ENTITY_IDENTIFICATION,PUBLIC_DIRECTORY_DISCOVERY_AND_FULL_EXPORT
https://WWW.BGSE.CO.IN,MIC_REGISTERED_SITE,IN,FULL_LISTED_ISSUER_AND_SECURITY_DIRECTORY;FULL_MEMBER_OR_LICENSEE_DIRECTORY;SOURCE_TOTAL_AND_PAGINATION_RECONCILIATION;ISIN_LEI_MIC_LINKING,REVIEW_MARKET_TYPE_AND_REGULATORY_ROLE_NOT_EVERY_SITE_IS_EQUITY_EXCHANGE,200,UNKNOWN,AUTHORITATIVE_UNIVERSE_BOUNDARY_AND_ENTITY_IDENTIFICATION,PUBLIC_DIRECTORY_DISCOVERY_AND_FULL_EXPORT
https://WWW.BGZBNPPARIBAS.PL,MIC_REGISTERED_SITE,PL,FULL_LISTED_ISSUER_AND_SECURITY_DIRECTORY;FULL_MEMBER_OR_LICENSEE_DIRECTORY;SOURCE_TOTAL_AND_PAGINATION_RECONCILIATION;ISIN_LEI_MIC_LINKING,REVIEW_MARKET_TYPE_AND_REGULATORY_ROLE_NOT_EVERY_SITE_IS_EQUITY_EXCHANGE,200,UNKNOWN,AUTHORITATIVE_UNIVERSE_BOUNDARY_AND_ENTITY_IDENTIFICATION,PUBLIC_DIRECTORY_DISCOVERY_AND_FULL_EXPORT
https://WWW.BHUMISHQ.COM,MIC_REGISTERED_SITE,MU,FULL_LISTED_ISSUER_AND_SECURITY_DIRECTORY;FULL_MEMBER_OR_LICENSEE_DIRECTORY;SOURCE_TOTAL_AND_PAGINATION_RECONCILIATION;ISIN_LEI_MIC_LINKING,REVIEW_MARKET_TYPE_AND_REGULATORY_ROLE_NOT_EVERY_SITE_IS_EQUITY_EXCHANGE,,UNKNOWN,AUTHORITATIVE_UNIVERSE_BOUNDARY_AND_ENTITY_IDENTIFICATION,PUBLIC_DIRECTORY_DISCOVERY_AND_FULL_EXPORT
https://WWW.BIDSTRADING.COM,MIC_REGISTERED_SITE,US,FULL_LISTED_ISSUER_AND_SECURITY_DIRECTORY;FULL_MEMBER_OR_LICENSEE_DIRECTORY;SOURCE_TOTAL_AND_PAGINATION_RECONCILIATION;ISIN_LEI_MIC_LINKING,REVIEW_MARKET_TYPE_AND_REGULATORY_ROLE_NOT_EVERY_SITE_IS_EQUITY_EXCHANGE,200,UNKNOWN,AUTHORITATIVE_UNIVERSE_BOUNDARY_AND_ENTITY_IDENTIFICATION,PUBLIC_DIRECTORY_DISCOVERY_AND_FULL_EXPORT
https://WWW.BIL.COM,MIC_REGISTERED_SITE,LU,FULL_LISTED_ISSUER_AND_SECURITY_DIRECTORY;FULL_MEMBER_OR_LICENSEE_DIRECTORY;SOURCE_TOTAL_AND_PAGINATION_RECONCILIATION;ISIN_LEI_MIC_LINKING,REVIEW_MARKET_TYPE_AND_REGULATORY_ROLE_NOT_EVERY_SITE_IS_EQUITY_EXCHANGE,200,UNKNOWN,AUTHORITATIVE_UNIVERSE_BOUNDARY_AND_ENTITY_IDENTIFICATION,PUBLIC_DIRECTORY_DISCOVERY_AND_FULL_EXPORT
https://WWW.BINANCE.COM,MIC_REGISTERED_SITE,AE,FULL_LISTED_ISSUER_AND_SECURITY_DIRECTORY;FULL_MEMBER_OR_LICENSEE_DIRECTORY;SOURCE_TOTAL_AND_PAGINATION_RECONCILIATION;ISIN_LEI_MIC_LINKING,REVIEW_MARKET_TYPE_AND_REGULATORY_ROLE_NOT_EVERY_SITE_IS_EQUITY_EXCHANGE,202,UNKNOWN,AUTHORITATIVE_UNIVERSE_BOUNDARY_AND_ENTITY_IDENTIFICATION,PUBLIC_DIRECTORY_DISCOVERY_AND_FULL_EXPORT
https://WWW.BISXBAHAMAS.COM,MIC_REGISTERED_SITE,BS,FULL_LISTED_ISSUER_AND_SECURITY_DIRECTORY;FULL_MEMBER_OR_LICENSEE_DIRECTORY;SOURCE_TOTAL_AND_PAGINATION_RECONCILIATION;ISIN_LEI_MIC_LINKING,REVIEW_MARKET_TYPE_AND_REGULATORY_ROLE_NOT_EVERY_SITE_IS_EQUITY_EXCHANGE,200,UNKNOWN,AUTHORITATIVE_UNIVERSE_BOUNDARY_AND_ENTITY_IDENTIFICATION,PUBLIC_DIRECTORY_DISCOVERY_AND_FULL_EXPORT
https://WWW.BITNOMIAL.COM,MIC_REGISTERED_SITE,US,FULL_LISTED_ISSUER_AND_SECURITY_DIRECTORY;FULL_MEMBER_OR_LICENSEE_DIRECTORY;SOURCE_TOTAL_AND_PAGINATION_RECONCILIATION;ISIN_LEI_MIC_LINKING,REVIEW_MARKET_TYPE_AND_REGULATORY_ROLE_NOT_EVERY_SITE_IS_EQUITY_EXCHANGE,,UNKNOWN,AUTHORITATIVE_UNIVERSE_BOUNDARY_AND_ENTITY_IDENTIFICATION,PUBLIC_DIRECTORY_DISCOVERY_AND_FULL_EXPORT
https://WWW.BITSTAMP.NET,MIC_REGISTERED_SITE,GB|LU|SG|SI|US|VG,FULL_LISTED_ISSUER_AND_SECURITY_DIRECTORY;FULL_MEMBER_OR_LICENSEE_DIRECTORY;SOURCE_TOTAL_AND_PAGINATION_RECONCILIATION;ISIN_LEI_MIC_LINKING,REVIEW_MARKET_TYPE_AND_REGULATORY_ROLE_NOT_EVERY_SITE_IS_EQUITY_EXCHANGE,200,UNKNOWN,AUTHORITATIVE_UNIVERSE_BOUNDARY_AND_ENTITY_IDENTIFICATION,PUBLIC_DIRECTORY_DISCOVERY_AND_FULL_EXPORT
https://WWW.BITSTAMP.NET/,MIC_REGISTERED_SITE,GB|LU|SG|SI|US|VG,FULL_LISTED_ISSUER_AND_SECURITY_DIRECTORY;FULL_MEMBER_OR_LICENSEE_DIRECTORY;SOURCE_TOTAL_AND_PAGINATION_RECONCILIATION;ISIN_LEI_MIC_LINKING,REVIEW_MARKET_TYPE_AND_REGULATORY_ROLE_NOT_EVERY_SITE_IS_EQUITY_EXCHANGE,200,UNKNOWN,AUTHORITATIVE_UNIVERSE_BOUNDARY_AND_ENTITY_IDENTIFICATION,PUBLIC_DIRECTORY_DISCOVERY_AND_FULL_EXPORT
https://WWW.BIVA.MX,MIC_REGISTERED_SITE,MX,FULL_LISTED_ISSUER_AND_SECURITY_DIRECTORY;FULL_MEMBER_OR_LICENSEE_DIRECTORY;SOURCE_TOTAL_AND_PAGINATION_RECONCILIATION;ISIN_LEI_MIC_LINKING,REVIEW_MARKET_TYPE_AND_REGULATORY_ROLE_NOT_EVERY_SITE_IS_EQUITY_EXCHANGE,403,UNKNOWN,AUTHORITATIVE_UNIVERSE_BOUNDARY_AND_ENTITY_IDENTIFICATION,PUBLIC_DIRECTORY_DISCOVERY_AND_FULL_EXPORT
https://WWW.BIVERBANCA.IT,MIC_REGISTERED_SITE,IT,FULL_LISTED_ISSUER_AND_SECURITY_DIRECTORY;FULL_MEMBER_OR_LICENSEE_DIRECTORY;SOURCE_TOTAL_AND_PAGINATION_RECONCILIATION;ISIN_LEI_MIC_LINKING,REVIEW_MARKET_TYPE_AND_REGULATORY_ROLE_NOT_EVERY_SITE_IS_EQUITY_EXCHANGE,200,UNKNOWN,AUTHORITATIVE_UNIVERSE_BOUNDARY_AND_ENTITY_IDENTIFICATION,PUBLIC_DIRECTORY_DISCOVERY_AND_FULL_EXPORT
https://WWW.BK.MUFG.JP,MIC_REGISTERED_SITE,FR|GB|IT|NL,FULL_LISTED_ISSUER_AND_SECURITY_DIRECTORY;FULL_MEMBER_OR_LICENSEE_DIRECTORY;SOURCE_TOTAL_AND_PAGINATION_RECONCILIATION;ISIN_LEI_MIC_LINKING,REVIEW_MARKET_TYPE_AND_REGULATORY_ROLE_NOT_EVERY_SITE_IS_EQUITY_EXCHANGE,200,UNKNOWN,AUTHORITATIVE_UNIVERSE_BOUNDARY_AND_ENTITY_IDENTIFICATION,PUBLIC_DIRECTORY_DISCOVERY_AND_FULL_EXPORT
https://WWW.BKS.AT,MIC_REGISTERED_SITE,AT,FULL_LISTED_ISSUER_AND_SECURITY_DIRECTORY;FULL_MEMBER_OR_LICENSEE_DIRECTORY;SOURCE_TOTAL_AND_PAGINATION_RECONCILIATION;ISIN_LEI_MIC_LINKING,REVIEW_MARKET_TYPE_AND_REGULATORY_ROLE_NOT_EVERY_SITE_IS_EQUITY_EXCHANGE,200,UNKNOWN,AUTHORITATIVE_UNIVERSE_BOUNDARY_AND_ENTITY_IDENTIFICATION,PUBLIC_DIRECTORY_DISCOVERY_AND_FULL_EXPORT
https://WWW.BLBERZA.COM,MIC_REGISTERED_SITE,BA,FULL_LISTED_ISSUER_AND_SECURITY_DIRECTORY;FULL_MEMBER_OR_LICENSEE_DIRECTORY;SOURCE_TOTAL_AND_PAGINATION_RECONCILIATION;ISIN_LEI_MIC_LINKING,REVIEW_MARKET_TYPE_AND_REGULATORY_ROLE_NOT_EVERY_SITE_IS_EQUITY_EXCHANGE,200,UNKNOWN,AUTHORITATIVE_UNIVERSE_BOUNDARY_AND_ENTITY_IDENTIFICATION,PUBLIC_DIRECTORY_DISCOVERY_AND_FULL_EXPORT
https://WWW.BLOCKEVENT.COM,MIC_REGISTERED_SITE,AU,FULL_LISTED_ISSUER_AND_SECURITY_DIRECTORY;FULL_MEMBER_OR_LICENSEE_DIRECTORY;SOURCE_TOTAL_AND_PAGINATION_RECONCILIATION;ISIN_LEI_MIC_LINKING,REVIEW_MARKET_TYPE_AND_REGULATORY_ROLE_NOT_EVERY_SITE_IS_EQUITY_EXCHANGE,404,UNKNOWN,AUTHORITATIVE_UNIVERSE_BOUNDARY_AND_ENTITY_IDENTIFICATION,PUBLIC_DIRECTORY_DISCOVERY_AND_FULL_EXPORT
https://WWW.BLOCKMATCH.COM,MIC_REGISTERED_SITE,DE|GB,FULL_LISTED_ISSUER_AND_SECURITY_DIRECTORY;FULL_MEMBER_OR_LICENSEE_DIRECTORY;SOURCE_TOTAL_AND_PAGINATION_RECONCILIATION;ISIN_LEI_MIC_LINKING,REVIEW_MARKET_TYPE_AND_REGULATORY_ROLE_NOT_EVERY_SITE_IS_EQUITY_EXCHANGE,200,UNKNOWN,AUTHORITATIVE_UNIVERSE_BOUNDARY_AND_ENTITY_IDENTIFICATION,PUBLIC_DIRECTORY_DISCOVERY_AND_FULL_EXPORT
https://WWW.BLOOMBERG.COM,MIC_REGISTERED_SITE,GB|SG|US,FULL_LISTED_ISSUER_AND_SECURITY_DIRECTORY;FULL_MEMBER_OR_LICENSEE_DIRECTORY;SOURCE_TOTAL_AND_PAGINATION_RECONCILIATION;ISIN_LEI_MIC_LINKING,REVIEW_MARKET_TYPE_AND_REGULATORY_ROLE_NOT_EVERY_SITE_IS_EQUITY_EXCHANGE,403,UNKNOWN,AUTHORITATIVE_UNIVERSE_BOUNDARY_AND_ENTITY_IDENTIFICATION,PUBLIC_DIRECTORY_DISCOVERY_AND_FULL_EXPORT
https://WWW.BLOOMBERG.COM/PROFESSIONAL/SOLUTION/TRADEBOOK,MIC_REGISTERED_SITE,GB|SG|US,FULL_LISTED_ISSUER_AND_SECURITY_DIRECTORY;FULL_MEMBER_OR_LICENSEE_DIRECTORY;SOURCE_TOTAL_AND_PAGINATION_RECONCILIATION;ISIN_LEI_MIC_LINKING,REVIEW_MARKET_TYPE_AND_REGULATORY_ROLE_NOT_EVERY_SITE_IS_EQUITY_EXCHANGE,403,UNKNOWN,AUTHORITATIVE_UNIVERSE_BOUNDARY_AND_ENTITY_IDENTIFICATION,PUBLIC_DIRECTORY_DISCOVERY_AND_FULL_EXPORT
https://WWW.BLOOMBERGAPAE.COM,MIC_REGISTERED_SITE,NL,FULL_LISTED_ISSUER_AND_SECURITY_DIRECTORY;FULL_MEMBER_OR_LICENSEE_DIRECTORY;SOURCE_TOTAL_AND_PAGINATION_RECONCILIATION;ISIN_LEI_MIC_LINKING,REVIEW_MARKET_TYPE_AND_REGULATORY_ROLE_NOT_EVERY_SITE_IS_EQUITY_EXCHANGE,200,UNKNOWN,AUTHORITATIVE_UNIVERSE_BOUNDARY_AND_ENTITY_IDENTIFICATION,PUBLIC_DIRECTORY_DISCOVERY_AND_FULL_EXPORT
https://WWW.BLOOMBERGSEF.COM,MIC_REGISTERED_SITE,US,FULL_LISTED_ISSUER_AND_SECURITY_DIRECTORY;FULL_MEMBER_OR_LICENSEE_DIRECTORY;SOURCE_TOTAL_AND_PAGINATION_RECONCILIATION;ISIN_LEI_MIC_LINKING,REVIEW_MARKET_TYPE_AND_REGULATORY_ROLE_NOT_EVERY_SITE_IS_EQUITY_EXCHANGE,403,UNKNOWN,AUTHORITATIVE_UNIVERSE_BOUNDARY_AND_ENTITY_IDENTIFICATION,PUBLIC_DIRECTORY_DISCOVERY_AND_FULL_EXPORT
https://WWW.BLOOMBERGTFE.COM,MIC_REGISTERED_SITE,NL,FULL_LISTED_ISSUER_AND_SECURITY_DIRECTORY;FULL_MEMBER_OR_LICENSEE_DIRECTORY;SOURCE_TOTAL_AND_PAGINATION_RECONCILIATION;ISIN_LEI_MIC_LINKING,REVIEW_MARKET_TYPE_AND_REGULATORY_ROLE_NOT_EVERY_SITE_IS_EQUITY_EXCHANGE,,UNKNOWN,AUTHORITATIVE_UNIVERSE_BOUNDARY_AND_ENTITY_IDENTIFICATION,PUBLIC_DIRECTORY_DISCOVERY_AND_FULL_EXPORT
https://WWW.BLOOMBERGTRADEBOOK.COM,MIC_REGISTERED_SITE,JP|US,FULL_LISTED_ISSUER_AND_SECURITY_DIRECTORY;FULL_MEMBER_OR_LICENSEE_DIRECTORY;SOURCE_TOTAL_AND_PAGINATION_RECONCILIATION;ISIN_LEI_MIC_LINKING,REVIEW_MARKET_TYPE_AND_REGULATORY_ROLE_NOT_EVERY_SITE_IS_EQUITY_EXCHANGE,403,UNKNOWN,AUTHORITATIVE_UNIVERSE_BOUNDARY_AND_ENTITY_IDENTIFICATION,PUBLIC_DIRECTORY_DISCOVERY_AND_FULL_EXPORT
https://WWW.BLUENEXT.EU,MIC_REGISTERED_SITE,FR,FULL_LISTED_ISSUER_AND_SECURITY_DIRECTORY;FULL_MEMBER_OR_LICENSEE_DIRECTORY;SOURCE_TOTAL_AND_PAGINATION_RECONCILIATION;ISIN_LEI_MIC_LINKING,REVIEW_MARKET_TYPE_AND_REGULATORY_ROLE_NOT_EVERY_SITE_IS_EQUITY_EXCHANGE,200,UNKNOWN,AUTHORITATIVE_UNIVERSE_BOUNDARY_AND_ENTITY_IDENTIFICATION,PUBLIC_DIRECTORY_DISCOVERY_AND_FULL_EXPORT
https://WWW.BLUEOCEANATS.COM,MIC_REGISTERED_SITE,US,FULL_LISTED_ISSUER_AND_SECURITY_DIRECTORY;FULL_MEMBER_OR_LICENSEE_DIRECTORY;SOURCE_TOTAL_AND_PAGINATION_RECONCILIATION;ISIN_LEI_MIC_LINKING,REVIEW_MARKET_TYPE_AND_REGULATORY_ROLE_NOT_EVERY_SITE_IS_EQUITY_EXCHANGE,200,UNKNOWN,AUTHORITATIVE_UNIVERSE_BOUNDARY_AND_ENTITY_IDENTIFICATION,PUBLIC_DIRECTORY_DISCOVERY_AND_FULL_EXPORT
https://WWW.BMEGROWTH.ES,MIC_REGISTERED_SITE,ES,FULL_LISTED_ISSUER_AND_SECURITY_DIRECTORY;FULL_MEMBER_OR_LICENSEE_DIRECTORY;SOURCE_TOTAL_AND_PAGINATION_RECONCILIATION;ISIN_LEI_MIC_LINKING,REVIEW_MARKET_TYPE_AND_REGULATORY_ROLE_NOT_EVERY_SITE_IS_EQUITY_EXCHANGE,200,UNKNOWN,AUTHORITATIVE_UNIVERSE_BOUNDARY_AND_ENTITY_IDENTIFICATION,PUBLIC_DIRECTORY_DISCOVERY_AND_FULL_EXPORT
https://WWW.BMERF.ES,MIC_REGISTERED_SITE,ES,FULL_LISTED_ISSUER_AND_SECURITY_DIRECTORY;FULL_MEMBER_OR_LICENSEE_DIRECTORY;SOURCE_TOTAL_AND_PAGINATION_RECONCILIATION;ISIN_LEI_MIC_LINKING,REVIEW_MARKET_TYPE_AND_REGULATORY_ROLE_NOT_EVERY_SITE_IS_EQUITY_EXCHANGE,200,UNKNOWN,AUTHORITATIVE_UNIVERSE_BOUNDARY_AND_ENTITY_IDENTIFICATION,PUBLIC_DIRECTORY_DISCOVERY_AND_FULL_EXPORT
https://WWW.BMOCM.COM,MIC_REGISTERED_SITE,CA|GB,FULL_LISTED_ISSUER_AND_SECURITY_DIRECTORY;FULL_MEMBER_OR_LICENSEE_DIRECTORY;SOURCE_TOTAL_AND_PAGINATION_RECONCILIATION;ISIN_LEI_MIC_LINKING,REVIEW_MARKET_TYPE_AND_REGULATORY_ROLE_NOT_EVERY_SITE_IS_EQUITY_EXCHANGE,403,UNKNOWN,AUTHORITATIVE_UNIVERSE_BOUNDARY_AND_ENTITY_IDENTIFICATION,PUBLIC_DIRECTORY_DISCOVERY_AND_FULL_EXPORT
https://WWW.BMV.COM.MX,MIC_REGISTERED_SITE,MX,FULL_LISTED_ISSUER_AND_SECURITY_DIRECTORY;FULL_MEMBER_OR_LICENSEE_DIRECTORY;SOURCE_TOTAL_AND_PAGINATION_RECONCILIATION;ISIN_LEI_MIC_LINKING,REVIEW_MARKET_TYPE_AND_REGULATORY_ROLE_NOT_EVERY_SITE_IS_EQUITY_EXCHANGE,403,UNKNOWN,AUTHORITATIVE_UNIVERSE_BOUNDARY_AND_ENTITY_IDENTIFICATION,PUBLIC_DIRECTORY_DISCOVERY_AND_FULL_EXPORT
https://WWW.BNB.BE/RK/FONDS.HTM,MIC_REGISTERED_SITE,BE,FULL_LISTED_ISSUER_AND_SECURITY_DIRECTORY;FULL_MEMBER_OR_LICENSEE_DIRECTORY;SOURCE_TOTAL_AND_PAGINATION_RECONCILIATION;ISIN_LEI_MIC_LINKING,REVIEW_MARKET_TYPE_AND_REGULATORY_ROLE_NOT_EVERY_SITE_IS_EQUITY_EXCHANGE,,UNKNOWN,AUTHORITATIVE_UNIVERSE_BOUNDARY_AND_ENTITY_IDENTIFICATION,PUBLIC_DIRECTORY_DISCOVERY_AND_FULL_EXPORT
https://WWW.BNL.IT,MIC_REGISTERED_SITE,IT,FULL_LISTED_ISSUER_AND_SECURITY_DIRECTORY;FULL_MEMBER_OR_LICENSEE_DIRECTORY;SOURCE_TOTAL_AND_PAGINATION_RECONCILIATION;ISIN_LEI_MIC_LINKING,REVIEW_MARKET_TYPE_AND_REGULATORY_ROLE_NOT_EVERY_SITE_IS_EQUITY_EXCHANGE,200,UNKNOWN,AUTHORITATIVE_UNIVERSE_BOUNDARY_AND_ENTITY_IDENTIFICATION,PUBLIC_DIRECTORY_DISCOVERY_AND_FULL_EXPORT
https://WWW.BNPPARIBAS.JP/EN/,MIC_REGISTERED_SITE,JP,FULL_LISTED_ISSUER_AND_SECURITY_DIRECTORY;FULL_MEMBER_OR_LICENSEE_DIRECTORY;SOURCE_TOTAL_AND_PAGINATION_RECONCILIATION;ISIN_LEI_MIC_LINKING,REVIEW_MARKET_TYPE_AND_REGULATORY_ROLE_NOT_EVERY_SITE_IS_EQUITY_EXCHANGE,200,UNKNOWN,AUTHORITATIVE_UNIVERSE_BOUNDARY_AND_ENTITY_IDENTIFICATION,PUBLIC_DIRECTORY_DISCOVERY_AND_FULL_EXPORT
https://WWW.BNPPARIBASFORTIS.COM,MIC_REGISTERED_SITE,BE,FULL_LISTED_ISSUER_AND_SECURITY_DIRECTORY;FULL_MEMBER_OR_LICENSEE_DIRECTORY;SOURCE_TOTAL_AND_PAGINATION_RECONCILIATION;ISIN_LEI_MIC_LINKING,REVIEW_MARKET_TYPE_AND_REGULATORY_ROLE_NOT_EVERY_SITE_IS_EQUITY_EXCHANGE,503,UNKNOWN,AUTHORITATIVE_UNIVERSE_BOUNDARY_AND_ENTITY_IDENTIFICATION,PUBLIC_DIRECTORY_DISCOVERY_AND_FULL_EXPORT
https://WWW.BNYCONVERGEX.COM,MIC_REGISTERED_SITE,US,FULL_LISTED_ISSUER_AND_SECURITY_DIRECTORY;FULL_MEMBER_OR_LICENSEE_DIRECTORY;SOURCE_TOTAL_AND_PAGINATION_RECONCILIATION;ISIN_LEI_MIC_LINKING,REVIEW_MARKET_TYPE_AND_REGULATORY_ROLE_NOT_EVERY_SITE_IS_EQUITY_EXCHANGE,200,UNKNOWN,AUTHORITATIVE_UNIVERSE_BOUNDARY_AND_ENTITY_IDENTIFICATION,PUBLIC_DIRECTORY_DISCOVERY_AND_FULL_EXPORT
https://WWW.BNYMELLON.COM,MIC_REGISTERED_SITE,BE|GB|IE,FULL_LISTED_ISSUER_AND_SECURITY_DIRECTORY;FULL_MEMBER_OR_LICENSEE_DIRECTORY;SOURCE_TOTAL_AND_PAGINATION_RECONCILIATION;ISIN_LEI_MIC_LINKING,REVIEW_MARKET_TYPE_AND_REGULATORY_ROLE_NOT_EVERY_SITE_IS_EQUITY_EXCHANGE,200,UNKNOWN,AUTHORITATIVE_UNIVERSE_BOUNDARY_AND_ENTITY_IDENTIFICATION,PUBLIC_DIRECTORY_DISCOVERY_AND_FULL_EXPORT
https://WWW.BODIVA.AO,MIC_REGISTERED_SITE,AO,FULL_LISTED_ISSUER_AND_SECURITY_DIRECTORY;FULL_MEMBER_OR_LICENSEE_DIRECTORY;SOURCE_TOTAL_AND_PAGINATION_RECONCILIATION;ISIN_LEI_MIC_LINKING,REVIEW_MARKET_TYPE_AND_REGULATORY_ROLE_NOT_EVERY_SITE_IS_EQUITY_EXCHANGE,,UNKNOWN,AUTHORITATIVE_UNIVERSE_BOUNDARY_AND_ENTITY_IDENTIFICATION,PUBLIC_DIRECTORY_DISCOVERY_AND_FULL_EXPORT
https://WWW.BOERSE-BERLIN.DE,MIC_REGISTERED_SITE,DE,FULL_LISTED_ISSUER_AND_SECURITY_DIRECTORY;FULL_MEMBER_OR_LICENSEE_DIRECTORY;SOURCE_TOTAL_AND_PAGINATION_RECONCILIATION;ISIN_LEI_MIC_LINKING,REVIEW_MARKET_TYPE_AND_REGULATORY_ROLE_NOT_EVERY_SITE_IS_EQUITY_EXCHANGE,200,UNKNOWN,AUTHORITATIVE_UNIVERSE_BOUNDARY_AND_ENTITY_IDENTIFICATION,PUBLIC_DIRECTORY_DISCOVERY_AND_FULL_EXPORT
https://WWW.BOERSE-DUESSELDORF.DE,MIC_REGISTERED_SITE,DE,FULL_LISTED_ISSUER_AND_SECURITY_DIRECTORY;FULL_MEMBER_OR_LICENSEE_DIRECTORY;SOURCE_TOTAL_AND_PAGINATION_RECONCILIATION;ISIN_LEI_MIC_LINKING,REVIEW_MARKET_TYPE_AND_REGULATORY_ROLE_NOT_EVERY_SITE_IS_EQUITY_EXCHANGE,,UNKNOWN,AUTHORITATIVE_UNIVERSE_BOUNDARY_AND_ENTITY_IDENTIFICATION,PUBLIC_DIRECTORY_DISCOVERY_AND_FULL_EXPORT
https://WWW.BOERSE-HAMBURG.DE,MIC_REGISTERED_SITE,DE,FULL_LISTED_ISSUER_AND_SECURITY_DIRECTORY;FULL_MEMBER_OR_LICENSEE_DIRECTORY;SOURCE_TOTAL_AND_PAGINATION_RECONCILIATION;ISIN_LEI_MIC_LINKING,REVIEW_MARKET_TYPE_AND_REGULATORY_ROLE_NOT_EVERY_SITE_IS_EQUITY_EXCHANGE,,UNKNOWN,AUTHORITATIVE_UNIVERSE_BOUNDARY_AND_ENTITY_IDENTIFICATION,PUBLIC_DIRECTORY_DISCOVERY_AND_FULL_EXPORT
https://WWW.BOERSE-HANNOVER.DE,MIC_REGISTERED_SITE,DE,FULL_LISTED_ISSUER_AND_SECURITY_DIRECTORY;FULL_MEMBER_OR_LICENSEE_DIRECTORY;SOURCE_TOTAL_AND_PAGINATION_RECONCILIATION;ISIN_LEI_MIC_LINKING,REVIEW_MARKET_TYPE_AND_REGULATORY_ROLE_NOT_EVERY_SITE_IS_EQUITY_EXCHANGE,,UNKNOWN,AUTHORITATIVE_UNIVERSE_BOUNDARY_AND_ENTITY_IDENTIFICATION,PUBLIC_DIRECTORY_DISCOVERY_AND_FULL_EXPORT
https://WWW.BOERSE-MUENCHEN.DE,MIC_REGISTERED_SITE,DE,FULL_LISTED_ISSUER_AND_SECURITY_DIRECTORY;FULL_MEMBER_OR_LICENSEE_DIRECTORY;SOURCE_TOTAL_AND_PAGINATION_RECONCILIATION;ISIN_LEI_MIC_LINKING,REVIEW_MARKET_TYPE_AND_REGULATORY_ROLE_NOT_EVERY_SITE_IS_EQUITY_EXCHANGE,200,UNKNOWN,AUTHORITATIVE_UNIVERSE_BOUNDARY_AND_ENTITY_IDENTIFICATION,PUBLIC_DIRECTORY_DISCOVERY_AND_FULL_EXPORT
https://WWW.BOERSE-STUTTGART.DE,MIC_REGISTERED_SITE,DE,FULL_LISTED_ISSUER_AND_SECURITY_DIRECTORY;FULL_MEMBER_OR_LICENSEE_DIRECTORY;SOURCE_TOTAL_AND_PAGINATION_RECONCILIATION;ISIN_LEI_MIC_LINKING,REVIEW_MARKET_TYPE_AND_REGULATORY_ROLE_NOT_EVERY_SITE_IS_EQUITY_EXCHANGE,200,UNKNOWN,AUTHORITATIVE_UNIVERSE_BOUNDARY_AND_ENTITY_IDENTIFICATION,PUBLIC_DIRECTORY_DISCOVERY_AND_FULL_EXPORT
https://WWW.BOERSENAG.DE,MIC_REGISTERED_SITE,DE,FULL_LISTED_ISSUER_AND_SECURITY_DIRECTORY;FULL_MEMBER_OR_LICENSEE_DIRECTORY;SOURCE_TOTAL_AND_PAGINATION_RECONCILIATION;ISIN_LEI_MIC_LINKING,REVIEW_MARKET_TYPE_AND_REGULATORY_ROLE_NOT_EVERY_SITE_IS_EQUITY_EXCHANGE,,UNKNOWN,AUTHORITATIVE_UNIVERSE_BOUNDARY_AND_ENTITY_IDENTIFICATION,PUBLIC_DIRECTORY_DISCOVERY_AND_FULL_EXPORT
https://WWW.BOFAML.COM,MIC_REGISTERED_SITE,FR|GB|HK|IE|JP|US,FULL_LISTED_ISSUER_AND_SECURITY_DIRECTORY;FULL_MEMBER_OR_LICENSEE_DIRECTORY;SOURCE_TOTAL_AND_PAGINATION_RECONCILIATION;ISIN_LEI_MIC_LINKING,REVIEW_MARKET_TYPE_AND_REGULATORY_ROLE_NOT_EVERY_SITE_IS_EQUITY_EXCHANGE,200,UNKNOWN,AUTHORITATIVE_UNIVERSE_BOUNDARY_AND_ENTITY_IDENTIFICATION,PUBLIC_DIRECTORY_DISCOVERY_AND_FULL_EXPORT
https://WWW.BOFAML.COM/EMEA,MIC_REGISTERED_SITE,FR|GB|HK|IE|JP|US,FULL_LISTED_ISSUER_AND_SECURITY_DIRECTORY;FULL_MEMBER_OR_LICENSEE_DIRECTORY;SOURCE_TOTAL_AND_PAGINATION_RECONCILIATION;ISIN_LEI_MIC_LINKING,REVIEW_MARKET_TYPE_AND_REGULATORY_ROLE_NOT_EVERY_SITE_IS_EQUITY_EXCHANGE,200,UNKNOWN,AUTHORITATIVE_UNIVERSE_BOUNDARY_AND_ENTITY_IDENTIFICATION,PUBLIC_DIRECTORY_DISCOVERY_AND_FULL_EXPORT
https://WWW.BOFAML.COM/EN-US/CONTENT/HIGH-TOUCH-ELECTRONIC-TRADING.HTML,MIC_REGISTERED_SITE,FR|GB|HK|IE|JP|US,FULL_LISTED_ISSUER_AND_SECURITY_DIRECTORY;FULL_MEMBER_OR_LICENSEE_DIRECTORY;SOURCE_TOTAL_AND_PAGINATION_RECONCILIATION;ISIN_LEI_MIC_LINKING,REVIEW_MARKET_TYPE_AND_REGULATORY_ROLE_NOT_EVERY_SITE_IS_EQUITY_EXCHANGE,404,UNKNOWN,AUTHORITATIVE_UNIVERSE_BOUNDARY_AND_ENTITY_IDENTIFICATION,PUBLIC_DIRECTORY_DISCOVERY_AND_FULL_EXPORT
https://WWW.BOLCEREALES.COM.AR,MIC_REGISTERED_SITE,AR,FULL_LISTED_ISSUER_AND_SECURITY_DIRECTORY;FULL_MEMBER_OR_LICENSEE_DIRECTORY;SOURCE_TOTAL_AND_PAGINATION_RECONCILIATION;ISIN_LEI_MIC_LINKING,REVIEW_MARKET_TYPE_AND_REGULATORY_ROLE_NOT_EVERY_SITE_IS_EQUITY_EXCHANGE,200,UNKNOWN,AUTHORITATIVE_UNIVERSE_BOUNDARY_AND_ENTITY_IDENTIFICATION,PUBLIC_DIRECTORY_DISCOVERY_AND_FULL_EXPORT
https://WWW.BOLCHILE.CL,MIC_REGISTERED_SITE,CL,FULL_LISTED_ISSUER_AND_SECURITY_DIRECTORY;FULL_MEMBER_OR_LICENSEE_DIRECTORY;SOURCE_TOTAL_AND_PAGINATION_RECONCILIATION;ISIN_LEI_MIC_LINKING,REVIEW_MARKET_TYPE_AND_REGULATORY_ROLE_NOT_EVERY_SITE_IS_EQUITY_EXCHANGE,503,UNKNOWN,AUTHORITATIVE_UNIVERSE_BOUNDARY_AND_ENTITY_IDENTIFICATION,PUBLIC_DIRECTORY_DISCOVERY_AND_FULL_EXPORT
https://WWW.BOLSA-VALORES-BOLIVIA.COM,MIC_REGISTERED_SITE,BO,FULL_LISTED_ISSUER_AND_SECURITY_DIRECTORY;FULL_MEMBER_OR_LICENSEE_DIRECTORY;SOURCE_TOTAL_AND_PAGINATION_RECONCILIATION;ISIN_LEI_MIC_LINKING,REVIEW_MARKET_TYPE_AND_REGULATORY_ROLE_NOT_EVERY_SITE_IS_EQUITY_EXCHANGE,200,UNKNOWN,AUTHORITATIVE_UNIVERSE_BOUNDARY_AND_ENTITY_IDENTIFICATION,PUBLIC_DIRECTORY_DISCOVERY_AND_FULL_EXPORT
https://WWW.BOLSABILBAO.ES,MIC_REGISTERED_SITE,ES,FULL_LISTED_ISSUER_AND_SECURITY_DIRECTORY;FULL_MEMBER_OR_LICENSEE_DIRECTORY;SOURCE_TOTAL_AND_PAGINATION_RECONCILIATION;ISIN_LEI_MIC_LINKING,REVIEW_MARKET_TYPE_AND_REGULATORY_ROLE_NOT_EVERY_SITE_IS_EQUITY_EXCHANGE,200,UNKNOWN,AUTHORITATIVE_UNIVERSE_BOUNDARY_AND_ENTITY_IDENTIFICATION,PUBLIC_DIRECTORY_DISCOVERY_AND_FULL_EXPORT
https://WWW.BOLSACBA.COM.AR,MIC_REGISTERED_SITE,AR,FULL_LISTED_ISSUER_AND_SECURITY_DIRECTORY;FULL_MEMBER_OR_LICENSEE_DIRECTORY;SOURCE_TOTAL_AND_PAGINATION_RECONCILIATION;ISIN_LEI_MIC_LINKING,REVIEW_MARKET_TYPE_AND_REGULATORY_ROLE_NOT_EVERY_SITE_IS_EQUITY_EXCHANGE,200,UNKNOWN,AUTHORITATIVE_UNIVERSE_BOUNDARY_AND_ENTITY_IDENTIFICATION,PUBLIC_DIRECTORY_DISCOVERY_AND_FULL_EXPORT
https://WWW.BOLSACR.COM,MIC_REGISTERED_SITE,CR,FULL_LISTED_ISSUER_AND_SECURITY_DIRECTORY;FULL_MEMBER_OR_LICENSEE_DIRECTORY;SOURCE_TOTAL_AND_PAGINATION_RECONCILIATION;ISIN_LEI_MIC_LINKING,REVIEW_MARKET_TYPE_AND_REGULATORY_ROLE_NOT_EVERY_SITE_IS_EQUITY_EXCHANGE,200,UNKNOWN,AUTHORITATIVE_UNIVERSE_BOUNDARY_AND_ENTITY_IDENTIFICATION,PUBLIC_DIRECTORY_DISCOVERY_AND_FULL_EXPORT
https://WWW.BOLSADECARACAS.COM,MIC_REGISTERED_SITE,VE,FULL_LISTED_ISSUER_AND_SECURITY_DIRECTORY;FULL_MEMBER_OR_LICENSEE_DIRECTORY;SOURCE_TOTAL_AND_PAGINATION_RECONCILIATION;ISIN_LEI_MIC_LINKING,REVIEW_MARKET_TYPE_AND_REGULATORY_ROLE_NOT_EVERY_SITE_IS_EQUITY_EXCHANGE,200,UNKNOWN,AUTHORITATIVE_UNIVERSE_BOUNDARY_AND_ENTITY_IDENTIFICATION,PUBLIC_DIRECTORY_DISCOVERY_AND_FULL_EXPORT
https://WWW.BOLSADESANTIAGO.COM,MIC_REGISTERED_SITE,CL,FULL_LISTED_ISSUER_AND_SECURITY_DIRECTORY;FULL_MEMBER_OR_LICENSEE_DIRECTORY;SOURCE_TOTAL_AND_PAGINATION_RECONCILIATION;ISIN_LEI_MIC_LINKING,REVIEW_MARKET_TYPE_AND_REGULATORY_ROLE_NOT_EVERY_SITE_IS_EQUITY_EXCHANGE,200,UNKNOWN,AUTHORITATIVE_UNIVERSE_BOUNDARY_AND_ENTITY_IDENTIFICATION,PUBLIC_DIRECTORY_DISCOVERY_AND_FULL_EXPORT
https://WWW.BOLSADEVALORES.CO.MZ,MIC_REGISTERED_SITE,MZ,FULL_LISTED_ISSUER_AND_SECURITY_DIRECTORY;FULL_MEMBER_OR_LICENSEE_DIRECTORY;SOURCE_TOTAL_AND_PAGINATION_RECONCILIATION;ISIN_LEI_MIC_LINKING,REVIEW_MARKET_TYPE_AND_REGULATORY_ROLE_NOT_EVERY_SITE_IS_EQUITY_EXCHANGE,,UNKNOWN,AUTHORITATIVE_UNIVERSE_BOUNDARY_AND_ENTITY_IDENTIFICATION,PUBLIC_DIRECTORY_DISCOVERY_AND_FULL_EXPORT
https://WWW.BOLSAMADRID.ES,MIC_REGISTERED_SITE,ES,FULL_LISTED_ISSUER_AND_SECURITY_DIRECTORY;FULL_MEMBER_OR_LICENSEE_DIRECTORY;SOURCE_TOTAL_AND_PAGINATION_RECONCILIATION;ISIN_LEI_MIC_LINKING,REVIEW_MARKET_TYPE_AND_REGULATORY_ROLE_NOT_EVERY_SITE_IS_EQUITY_EXCHANGE,200,UNKNOWN,AUTHORITATIVE_UNIVERSE_BOUNDARY_AND_ENTITY_IDENTIFICATION,PUBLIC_DIRECTORY_DISCOVERY_AND_FULL_EXPORT
https://WWW.BOLSAMZA.COM.AR,MIC_REGISTERED_SITE,AR,FULL_LISTED_ISSUER_AND_SECURITY_DIRECTORY;FULL_MEMBER_OR_LICENSEE_DIRECTORY;SOURCE_TOTAL_AND_PAGINATION_RECONCILIATION;ISIN_LEI_MIC_LINKING,REVIEW_MARKET_TYPE_AND_REGULATORY_ROLE_NOT_EVERY_SITE_IS_EQUITY_EXCHANGE,,UNKNOWN,AUTHORITATIVE_UNIVERSE_BOUNDARY_AND_ENTITY_IDENTIFICATION,PUBLIC_DIRECTORY_DISCOVERY_AND_FULL_EXPORT
https://WWW.BOLSANIC.COM,MIC_REGISTERED_SITE,NI,FULL_LISTED_ISSUER_AND_SECURITY_DIRECTORY;FULL_MEMBER_OR_LICENSEE_DIRECTORY;SOURCE_TOTAL_AND_PAGINATION_RECONCILIATION;ISIN_LEI_MIC_LINKING,REVIEW_MARKET_TYPE_AND_REGULATORY_ROLE_NOT_EVERY_SITE_IS_EQUITY_EXCHANGE,503,UNKNOWN,AUTHORITATIVE_UNIVERSE_BOUNDARY_AND_ENTITY_IDENTIFICATION,PUBLIC_DIRECTORY_DISCOVERY_AND_FULL_EXPORT
https://WWW.BOLSANOR.COM,MIC_REGISTERED_SITE,AR,FULL_LISTED_ISSUER_AND_SECURITY_DIRECTORY;FULL_MEMBER_OR_LICENSEE_DIRECTORY;SOURCE_TOTAL_AND_PAGINATION_RECONCILIATION;ISIN_LEI_MIC_LINKING,REVIEW_MARKET_TYPE_AND_REGULATORY_ROLE_NOT_EVERY_SITE_IS_EQUITY_EXCHANGE,200,UNKNOWN,AUTHORITATIVE_UNIVERSE_BOUNDARY_AND_ENTITY_IDENTIFICATION,PUBLIC_DIRECTORY_DISCOVERY_AND_FULL_EXPORT
https://WWW.BOLSASYMERCADOS.ES,MIC_REGISTERED_SITE,ES,FULL_LISTED_ISSUER_AND_SECURITY_DIRECTORY;FULL_MEMBER_OR_LICENSEE_DIRECTORY;SOURCE_TOTAL_AND_PAGINATION_RECONCILIATION;ISIN_LEI_MIC_LINKING,REVIEW_MARKET_TYPE_AND_REGULATORY_ROLE_NOT_EVERY_SITE_IS_EQUITY_EXCHANGE,200,UNKNOWN,AUTHORITATIVE_UNIVERSE_BOUNDARY_AND_ENTITY_IDENTIFICATION,PUBLIC_DIRECTORY_DISCOVERY_AND_FULL_EXPORT
https://WWW.BOLSASYMERCADOS.ES/BME-EXCHANGE/,MIC_REGISTERED_SITE,ES,FULL_LISTED_ISSUER_AND_SECURITY_DIRECTORY;FULL_MEMBER_OR_LICENSEE_DIRECTORY;SOURCE_TOTAL_AND_PAGINATION_RECONCILIATION;ISIN_LEI_MIC_LINKING,REVIEW_MARKET_TYPE_AND_REGULATORY_ROLE_NOT_EVERY_SITE_IS_EQUITY_EXCHANGE,404,UNKNOWN,AUTHORITATIVE_UNIVERSE_BOUNDARY_AND_ENTITY_IDENTIFICATION,PUBLIC_DIRECTORY_DISCOVERY_AND_FULL_EXPORT
https://WWW.BOLSASYMERCADOS.ES/BME-EXCHANGE/ES/HOME,MIC_REGISTERED_SITE,ES,FULL_LISTED_ISSUER_AND_SECURITY_DIRECTORY;FULL_MEMBER_OR_LICENSEE_DIRECTORY;SOURCE_TOTAL_AND_PAGINATION_RECONCILIATION;ISIN_LEI_MIC_LINKING,REVIEW_MARKET_TYPE_AND_REGULATORY_ROLE_NOT_EVERY_SITE_IS_EQUITY_EXCHANGE,404,UNKNOWN,AUTHORITATIVE_UNIVERSE_BOUNDARY_AND_ENTITY_IDENTIFICATION,PUBLIC_DIRECTORY_DISCOVERY_AND_FULL_EXPORT
https://WWW.BOLSASYMERCADOS.ES/REGULATORY-SERVICES/ING/HOME,MIC_REGISTERED_SITE,ES,FULL_LISTED_ISSUER_AND_SECURITY_DIRECTORY;FULL_MEMBER_OR_LICENSEE_DIRECTORY;SOURCE_TOTAL_AND_PAGINATION_RECONCILIATION;ISIN_LEI_MIC_LINKING,REVIEW_MARKET_TYPE_AND_REGULATORY_ROLE_NOT_EVERY_SITE_IS_EQUITY_EXCHANGE,404,UNKNOWN,AUTHORITATIVE_UNIVERSE_BOUNDARY_AND_ENTITY_IDENTIFICATION,PUBLIC_DIRECTORY_DISCOVERY_AND_FULL_EXPORT
https://WWW.BOLSAVALENCIA.ES,MIC_REGISTERED_SITE,ES,FULL_LISTED_ISSUER_AND_SECURITY_DIRECTORY;FULL_MEMBER_OR_LICENSEE_DIRECTORY;SOURCE_TOTAL_AND_PAGINATION_RECONCILIATION;ISIN_LEI_MIC_LINKING,REVIEW_MARKET_TYPE_AND_REGULATORY_ROLE_NOT_EVERY_SITE_IS_EQUITY_EXCHANGE,200,UNKNOWN,AUTHORITATIVE_UNIVERSE_BOUNDARY_AND_ENTITY_IDENTIFICATION,PUBLIC_DIRECTORY_DISCOVERY_AND_FULL_EXPORT
https://WWW.BONDBLOX.COM,MIC_REGISTERED_SITE,SG,FULL_LISTED_ISSUER_AND_SECURITY_DIRECTORY;FULL_MEMBER_OR_LICENSEE_DIRECTORY;SOURCE_TOTAL_AND_PAGINATION_RECONCILIATION;ISIN_LEI_MIC_LINKING,REVIEW_MARKET_TYPE_AND_REGULATORY_ROLE_NOT_EVERY_SITE_IS_EQUITY_EXCHANGE,200,UNKNOWN,AUTHORITATIVE_UNIVERSE_BOUNDARY_AND_ENTITY_IDENTIFICATION,PUBLIC_DIRECTORY_DISCOVERY_AND_FULL_EXPORT
https://WWW.BONDINFO.BNM.GOV.MY,MIC_REGISTERED_SITE,MY,FULL_LISTED_ISSUER_AND_SECURITY_DIRECTORY;FULL_MEMBER_OR_LICENSEE_DIRECTORY;SOURCE_TOTAL_AND_PAGINATION_RECONCILIATION;ISIN_LEI_MIC_LINKING,REVIEW_MARKET_TYPE_AND_REGULATORY_ROLE_NOT_EVERY_SITE_IS_EQUITY_EXCHANGE,,UNKNOWN,AUTHORITATIVE_UNIVERSE_BOUNDARY_AND_ENTITY_IDENTIFICATION,PUBLIC_DIRECTORY_DISCOVERY_AND_FULL_EXPORT
https://WWW.BONDS.COM,MIC_REGISTERED_SITE,US,FULL_LISTED_ISSUER_AND_SECURITY_DIRECTORY;FULL_MEMBER_OR_LICENSEE_DIRECTORY;SOURCE_TOTAL_AND_PAGINATION_RECONCILIATION;ISIN_LEI_MIC_LINKING,REVIEW_MARKET_TYPE_AND_REGULATORY_ROLE_NOT_EVERY_SITE_IS_EQUITY_EXCHANGE,200,UNKNOWN,AUTHORITATIVE_UNIVERSE_BOUNDARY_AND_ENTITY_IDENTIFICATION,PUBLIC_DIRECTORY_DISCOVERY_AND_FULL_EXPORT
https://WWW.BONDSCAPE.NET,MIC_REGISTERED_SITE,GB,FULL_LISTED_ISSUER_AND_SECURITY_DIRECTORY;FULL_MEMBER_OR_LICENSEE_DIRECTORY;SOURCE_TOTAL_AND_PAGINATION_RECONCILIATION;ISIN_LEI_MIC_LINKING,REVIEW_MARKET_TYPE_AND_REGULATORY_ROLE_NOT_EVERY_SITE_IS_EQUITY_EXCHANGE,200,UNKNOWN,AUTHORITATIVE_UNIVERSE_BOUNDARY_AND_ENTITY_IDENTIFICATION,PUBLIC_DIRECTORY_DISCOVERY_AND_FULL_EXPORT
https://WWW.BONDSPOT.PL,MIC_REGISTERED_SITE,PL,FULL_LISTED_ISSUER_AND_SECURITY_DIRECTORY;FULL_MEMBER_OR_LICENSEE_DIRECTORY;SOURCE_TOTAL_AND_PAGINATION_RECONCILIATION;ISIN_LEI_MIC_LINKING,REVIEW_MARKET_TYPE_AND_REGULATORY_ROLE_NOT_EVERY_SITE_IS_EQUITY_EXCHANGE,,UNKNOWN,AUTHORITATIVE_UNIVERSE_BOUNDARY_AND_ENTITY_IDENTIFICATION,PUBLIC_DIRECTORY_DISCOVERY_AND_FULL_EXPORT
https://WWW.BORSABCN.ES,MIC_REGISTERED_SITE,ES,FULL_LISTED_ISSUER_AND_SECURITY_DIRECTORY;FULL_MEMBER_OR_LICENSEE_DIRECTORY;SOURCE_TOTAL_AND_PAGINATION_RECONCILIATION;ISIN_LEI_MIC_LINKING,REVIEW_MARKET_TYPE_AND_REGULATORY_ROLE_NOT_EVERY_SITE_IS_EQUITY_EXCHANGE,200,UNKNOWN,AUTHORITATIVE_UNIVERSE_BOUNDARY_AND_ENTITY_IDENTIFICATION,PUBLIC_DIRECTORY_DISCOVERY_AND_FULL_EXPORT
https://WWW.BORSAISTANBUL.COM,MIC_REGISTERED_SITE,TR,FULL_LISTED_ISSUER_AND_SECURITY_DIRECTORY;FULL_MEMBER_OR_LICENSEE_DIRECTORY;SOURCE_TOTAL_AND_PAGINATION_RECONCILIATION;ISIN_LEI_MIC_LINKING,REVIEW_MARKET_TYPE_AND_REGULATORY_ROLE_NOT_EVERY_SITE_IS_EQUITY_EXCHANGE,200,UNKNOWN,AUTHORITATIVE_UNIVERSE_BOUNDARY_AND_ENTITY_IDENTIFICATION,PUBLIC_DIRECTORY_DISCOVERY_AND_FULL_EXPORT
https://WWW.BORSAITALIANA.IT,MIC_REGISTERED_SITE,IT,FULL_LISTED_ISSUER_AND_SECURITY_DIRECTORY;FULL_MEMBER_OR_LICENSEE_DIRECTORY;SOURCE_TOTAL_AND_PAGINATION_RECONCILIATION;ISIN_LEI_MIC_LINKING,REVIEW_MARKET_TYPE_AND_REGULATORY_ROLE_NOT_EVERY_SITE_IS_EQUITY_EXCHANGE,200,UNKNOWN,AUTHORITATIVE_UNIVERSE_BOUNDARY_AND_ENTITY_IDENTIFICATION,PUBLIC_DIRECTORY_DISCOVERY_AND_FULL_EXPORT
https://WWW.BORZAMALTA.COM.MT,MIC_REGISTERED_SITE,MT,FULL_LISTED_ISSUER_AND_SECURITY_DIRECTORY;FULL_MEMBER_OR_LICENSEE_DIRECTORY;SOURCE_TOTAL_AND_PAGINATION_RECONCILIATION;ISIN_LEI_MIC_LINKING,REVIEW_MARKET_TYPE_AND_REGULATORY_ROLE_NOT_EVERY_SITE_IS_EQUITY_EXCHANGE,200,UNKNOWN,AUTHORITATIVE_UNIVERSE_BOUNDARY_AND_ENTITY_IDENTIFICATION,PUBLIC_DIRECTORY_DISCOVERY_AND_FULL_EXPORT
https://WWW.BOURSEAFRICA.COM,MIC_REGISTERED_SITE,MU,FULL_LISTED_ISSUER_AND_SECURITY_DIRECTORY;FULL_MEMBER_OR_LICENSEE_DIRECTORY;SOURCE_TOTAL_AND_PAGINATION_RECONCILIATION;ISIN_LEI_MIC_LINKING,REVIEW_MARKET_TYPE_AND_REGULATORY_ROLE_NOT_EVERY_SITE_IS_EQUITY_EXCHANGE,,UNKNOWN,AUTHORITATIVE_UNIVERSE_BOUNDARY_AND_ENTITY_IDENTIFICATION,PUBLIC_DIRECTORY_DISCOVERY_AND_FULL_EXPORT
https://WWW.BOVALPO.COM,MIC_REGISTERED_SITE,CL,FULL_LISTED_ISSUER_AND_SECURITY_DIRECTORY;FULL_MEMBER_OR_LICENSEE_DIRECTORY;SOURCE_TOTAL_AND_PAGINATION_RECONCILIATION;ISIN_LEI_MIC_LINKING,REVIEW_MARKET_TYPE_AND_REGULATORY_ROLE_NOT_EVERY_SITE_IS_EQUITY_EXCHANGE,,UNKNOWN,AUTHORITATIVE_UNIVERSE_BOUNDARY_AND_ENTITY_IDENTIFICATION,PUBLIC_DIRECTORY_DISCOVERY_AND_FULL_EXPORT
https://WWW.BOVMESB.COM.BR,MIC_REGISTERED_SITE,BR,FULL_LISTED_ISSUER_AND_SECURITY_DIRECTORY;FULL_MEMBER_OR_LICENSEE_DIRECTORY;SOURCE_TOTAL_AND_PAGINATION_RECONCILIATION;ISIN_LEI_MIC_LINKING,REVIEW_MARKET_TYPE_AND_REGULATORY_ROLE_NOT_EVERY_SITE_IS_EQUITY_EXCHANGE,,UNKNOWN,AUTHORITATIVE_UNIVERSE_BOUNDARY_AND_ENTITY_IDENTIFICATION,PUBLIC_DIRECTORY_DISCOVERY_AND_FULL_EXPORT
https://WWW.BOXOPTIONS.COM,MIC_REGISTERED_SITE,US,FULL_LISTED_ISSUER_AND_SECURITY_DIRECTORY;FULL_MEMBER_OR_LICENSEE_DIRECTORY;SOURCE_TOTAL_AND_PAGINATION_RECONCILIATION;ISIN_LEI_MIC_LINKING,REVIEW_MARKET_TYPE_AND_REGULATORY_ROLE_NOT_EVERY_SITE_IS_EQUITY_EXCHANGE,200,UNKNOWN,AUTHORITATIVE_UNIVERSE_BOUNDARY_AND_ENTITY_IDENTIFICATION,PUBLIC_DIRECTORY_DISCOVERY_AND_FULL_EXPORT
https://WWW.BP.COM/EN/GLOBAL/TRADING/,MIC_REGISTERED_SITE,GB,FULL_LISTED_ISSUER_AND_SECURITY_DIRECTORY;FULL_MEMBER_OR_LICENSEE_DIRECTORY;SOURCE_TOTAL_AND_PAGINATION_RECONCILIATION;ISIN_LEI_MIC_LINKING,REVIEW_MARKET_TYPE_AND_REGULATORY_ROLE_NOT_EVERY_SITE_IS_EQUITY_EXCHANGE,403,UNKNOWN,AUTHORITATIVE_UNIVERSE_BOUNDARY_AND_ENTITY_IDENTIFICATION,PUBLIC_DIRECTORY_DISCOVERY_AND_FULL_EXPORT
https://WWW.BRAEMARSECURITIESLIMITED.COM,MIC_REGISTERED_SITE,GB,FULL_LISTED_ISSUER_AND_SECURITY_DIRECTORY;FULL_MEMBER_OR_LICENSEE_DIRECTORY;SOURCE_TOTAL_AND_PAGINATION_RECONCILIATION;ISIN_LEI_MIC_LINKING,REVIEW_MARKET_TYPE_AND_REGULATORY_ROLE_NOT_EVERY_SITE_IS_EQUITY_EXCHANGE,200,UNKNOWN,AUTHORITATIVE_UNIVERSE_BOUNDARY_AND_ENTITY_IDENTIFICATION,PUBLIC_DIRECTORY_DISCOVERY_AND_FULL_EXPORT
https://WWW.BRD.RO,MIC_REGISTERED_SITE,RO,FULL_LISTED_ISSUER_AND_SECURITY_DIRECTORY;FULL_MEMBER_OR_LICENSEE_DIRECTORY;SOURCE_TOTAL_AND_PAGINATION_RECONCILIATION;ISIN_LEI_MIC_LINKING,REVIEW_MARKET_TYPE_AND_REGULATORY_ROLE_NOT_EVERY_SITE_IS_EQUITY_EXCHANGE,200,UNKNOWN,AUTHORITATIVE_UNIVERSE_BOUNDARY_AND_ENTITY_IDENTIFICATION,PUBLIC_DIRECTORY_DISCOVERY_AND_FULL_EXPORT
https://WWW.BRED.FR,MIC_REGISTERED_SITE,FR,FULL_LISTED_ISSUER_AND_SECURITY_DIRECTORY;FULL_MEMBER_OR_LICENSEE_DIRECTORY;SOURCE_TOTAL_AND_PAGINATION_RECONCILIATION;ISIN_LEI_MIC_LINKING,REVIEW_MARKET_TYPE_AND_REGULATORY_ROLE_NOT_EVERY_SITE_IS_EQUITY_EXCHANGE,200,UNKNOWN,AUTHORITATIVE_UNIVERSE_BOUNDARY_AND_ENTITY_IDENTIFICATION,PUBLIC_DIRECTORY_DISCOVERY_AND_FULL_EXPORT
https://WWW.BRM.RO,MIC_REGISTERED_SITE,RO,FULL_LISTED_ISSUER_AND_SECURITY_DIRECTORY;FULL_MEMBER_OR_LICENSEE_DIRECTORY;SOURCE_TOTAL_AND_PAGINATION_RECONCILIATION;ISIN_LEI_MIC_LINKING,REVIEW_MARKET_TYPE_AND_REGULATORY_ROLE_NOT_EVERY_SITE_IS_EQUITY_EXCHANGE,200,UNKNOWN,AUTHORITATIVE_UNIVERSE_BOUNDARY_AND_ENTITY_IDENTIFICATION,PUBLIC_DIRECTORY_DISCOVERY_AND_FULL_EXPORT
https://WWW.BROKERTEC.COM/,MIC_REGISTERED_SITE,GB,FULL_LISTED_ISSUER_AND_SECURITY_DIRECTORY;FULL_MEMBER_OR_LICENSEE_DIRECTORY;SOURCE_TOTAL_AND_PAGINATION_RECONCILIATION;ISIN_LEI_MIC_LINKING,REVIEW_MARKET_TYPE_AND_REGULATORY_ROLE_NOT_EVERY_SITE_IS_EQUITY_EXCHANGE,,UNKNOWN,AUTHORITATIVE_UNIVERSE_BOUNDARY_AND_ENTITY_IDENTIFICATION,PUBLIC_DIRECTORY_DISCOVERY_AND_FULL_EXPORT
https://WWW.BRUCEMARKETS.COM,MIC_REGISTERED_SITE,US,FULL_LISTED_ISSUER_AND_SECURITY_DIRECTORY;FULL_MEMBER_OR_LICENSEE_DIRECTORY;SOURCE_TOTAL_AND_PAGINATION_RECONCILIATION;ISIN_LEI_MIC_LINKING,REVIEW_MARKET_TYPE_AND_REGULATORY_ROLE_NOT_EVERY_SITE_IS_EQUITY_EXCHANGE,200,UNKNOWN,AUTHORITATIVE_UNIVERSE_BOUNDARY_AND_ENTITY_IDENTIFICATION,PUBLIC_DIRECTORY_DISCOVERY_AND_FULL_EXPORT
https://WWW.BRVM.ORG,MIC_REGISTERED_SITE,CI,FULL_LISTED_ISSUER_AND_SECURITY_DIRECTORY;FULL_MEMBER_OR_LICENSEE_DIRECTORY;SOURCE_TOTAL_AND_PAGINATION_RECONCILIATION;ISIN_LEI_MIC_LINKING,REVIEW_MARKET_TYPE_AND_REGULATORY_ROLE_NOT_EVERY_SITE_IS_EQUITY_EXCHANGE,200,UNKNOWN,AUTHORITATIVE_UNIVERSE_BOUNDARY_AND_ENTITY_IDENTIFICATION,PUBLIC_DIRECTORY_DISCOVERY_AND_FULL_EXPORT
https://WWW.BRYANGARNIER.COM,MIC_REGISTERED_SITE,GB,FULL_LISTED_ISSUER_AND_SECURITY_DIRECTORY;FULL_MEMBER_OR_LICENSEE_DIRECTORY;SOURCE_TOTAL_AND_PAGINATION_RECONCILIATION;ISIN_LEI_MIC_LINKING,REVIEW_MARKET_TYPE_AND_REGULATORY_ROLE_NOT_EVERY_SITE_IS_EQUITY_EXCHANGE,200,UNKNOWN,AUTHORITATIVE_UNIVERSE_BOUNDARY_AND_ENTITY_IDENTIFICATION,PUBLIC_DIRECTORY_DISCOVERY_AND_FULL_EXPORT
https://WWW.BS-CATS.COM,MIC_REGISTERED_SITE,CH|DE,FULL_LISTED_ISSUER_AND_SECURITY_DIRECTORY;FULL_MEMBER_OR_LICENSEE_DIRECTORY;SOURCE_TOTAL_AND_PAGINATION_RECONCILIATION;ISIN_LEI_MIC_LINKING,REVIEW_MARKET_TYPE_AND_REGULATORY_ROLE_NOT_EVERY_SITE_IS_EQUITY_EXCHANGE,200,UNKNOWN,AUTHORITATIVE_UNIVERSE_BOUNDARY_AND_ENTITY_IDENTIFICATION,PUBLIC_DIRECTORY_DISCOVERY_AND_FULL_EXPORT
https://WWW.BSE-SOFIA.BG,MIC_REGISTERED_SITE,BG,FULL_LISTED_ISSUER_AND_SECURITY_DIRECTORY;FULL_MEMBER_OR_LICENSEE_DIRECTORY;SOURCE_TOTAL_AND_PAGINATION_RECONCILIATION;ISIN_LEI_MIC_LINKING,REVIEW_MARKET_TYPE_AND_REGULATORY_ROLE_NOT_EVERY_SITE_IS_EQUITY_EXCHANGE,200,UNKNOWN,AUTHORITATIVE_UNIVERSE_BOUNDARY_AND_ENTITY_IDENTIFICATION,PUBLIC_DIRECTORY_DISCOVERY_AND_FULL_EXPORT
https://WWW.BSE.AZ,MIC_REGISTERED_SITE,AZ,FULL_LISTED_ISSUER_AND_SECURITY_DIRECTORY;FULL_MEMBER_OR_LICENSEE_DIRECTORY;SOURCE_TOTAL_AND_PAGINATION_RECONCILIATION;ISIN_LEI_MIC_LINKING,REVIEW_MARKET_TYPE_AND_REGULATORY_ROLE_NOT_EVERY_SITE_IS_EQUITY_EXCHANGE,200,UNKNOWN,AUTHORITATIVE_UNIVERSE_BOUNDARY_AND_ENTITY_IDENTIFICATION,PUBLIC_DIRECTORY_DISCOVERY_AND_FULL_EXPORT
https://WWW.BSE.CN,MIC_REGISTERED_SITE,CN,FULL_LISTED_ISSUER_AND_SECURITY_DIRECTORY;FULL_MEMBER_OR_LICENSEE_DIRECTORY;SOURCE_TOTAL_AND_PAGINATION_RECONCILIATION;ISIN_LEI_MIC_LINKING,REVIEW_MARKET_TYPE_AND_REGULATORY_ROLE_NOT_EVERY_SITE_IS_EQUITY_EXCHANGE,,UNKNOWN,AUTHORITATIVE_UNIVERSE_BOUNDARY_AND_ENTITY_IDENTIFICATION,PUBLIC_DIRECTORY_DISCOVERY_AND_FULL_EXPORT
https://WWW.BSE.CO.BW,MIC_REGISTERED_SITE,BW,FULL_LISTED_ISSUER_AND_SECURITY_DIRECTORY;FULL_MEMBER_OR_LICENSEE_DIRECTORY;SOURCE_TOTAL_AND_PAGINATION_RECONCILIATION;ISIN_LEI_MIC_LINKING,REVIEW_MARKET_TYPE_AND_REGULATORY_ROLE_NOT_EVERY_SITE_IS_EQUITY_EXCHANGE,200,UNKNOWN,AUTHORITATIVE_UNIVERSE_BOUNDARY_AND_ENTITY_IDENTIFICATION,PUBLIC_DIRECTORY_DISCOVERY_AND_FULL_EXPORT
https://WWW.BSE.COM.BB,MIC_REGISTERED_SITE,BB,FULL_LISTED_ISSUER_AND_SECURITY_DIRECTORY;FULL_MEMBER_OR_LICENSEE_DIRECTORY;SOURCE_TOTAL_AND_PAGINATION_RECONCILIATION;ISIN_LEI_MIC_LINKING,REVIEW_MARKET_TYPE_AND_REGULATORY_ROLE_NOT_EVERY_SITE_IS_EQUITY_EXCHANGE,200,UNKNOWN,AUTHORITATIVE_UNIVERSE_BOUNDARY_AND_ENTITY_IDENTIFICATION,PUBLIC_DIRECTORY_DISCOVERY_AND_FULL_EXPORT
https://WWW.BSE.COM.LB,MIC_REGISTERED_SITE,LB,FULL_LISTED_ISSUER_AND_SECURITY_DIRECTORY;FULL_MEMBER_OR_LICENSEE_DIRECTORY;SOURCE_TOTAL_AND_PAGINATION_RECONCILIATION;ISIN_LEI_MIC_LINKING,REVIEW_MARKET_TYPE_AND_REGULATORY_ROLE_NOT_EVERY_SITE_IS_EQUITY_EXCHANGE,,UNKNOWN,AUTHORITATIVE_UNIVERSE_BOUNDARY_AND_ENTITY_IDENTIFICATION,PUBLIC_DIRECTORY_DISCOVERY_AND_FULL_EXPORT
https://WWW.BSE.HU,MIC_REGISTERED_SITE,HU,FULL_LISTED_ISSUER_AND_SECURITY_DIRECTORY;FULL_MEMBER_OR_LICENSEE_DIRECTORY;SOURCE_TOTAL_AND_PAGINATION_RECONCILIATION;ISIN_LEI_MIC_LINKING,REVIEW_MARKET_TYPE_AND_REGULATORY_ROLE_NOT_EVERY_SITE_IS_EQUITY_EXCHANGE,200,UNKNOWN,AUTHORITATIVE_UNIVERSE_BOUNDARY_AND_ENTITY_IDENTIFICATION,PUBLIC_DIRECTORY_DISCOVERY_AND_FULL_EXPORT
https://WWW.BSEINDIA.COM,MIC_REGISTERED_SITE,IN,FULL_LISTED_ISSUER_AND_SECURITY_DIRECTORY;FULL_MEMBER_OR_LICENSEE_DIRECTORY;SOURCE_TOTAL_AND_PAGINATION_RECONCILIATION;ISIN_LEI_MIC_LINKING,REVIEW_MARKET_TYPE_AND_REGULATORY_ROLE_NOT_EVERY_SITE_IS_EQUITY_EXCHANGE,200,UNKNOWN,AUTHORITATIVE_UNIVERSE_BOUNDARY_AND_ENTITY_IDENTIFICATION,PUBLIC_DIRECTORY_DISCOVERY_AND_FULL_EXPORT
https://WWW.BSP-SOUTHPOOL.COM,MIC_REGISTERED_SITE,SI,FULL_LISTED_ISSUER_AND_SECURITY_DIRECTORY;FULL_MEMBER_OR_LICENSEE_DIRECTORY;SOURCE_TOTAL_AND_PAGINATION_RECONCILIATION;ISIN_LEI_MIC_LINKING,REVIEW_MARKET_TYPE_AND_REGULATORY_ROLE_NOT_EVERY_SITE_IS_EQUITY_EXCHANGE,200,UNKNOWN,AUTHORITATIVE_UNIVERSE_BOUNDARY_AND_ENTITY_IDENTIFICATION,PUBLIC_DIRECTORY_DISCOVERY_AND_FULL_EXPORT
https://WWW.BSSE.SK,MIC_REGISTERED_SITE,SK,FULL_LISTED_ISSUER_AND_SECURITY_DIRECTORY;FULL_MEMBER_OR_LICENSEE_DIRECTORY;SOURCE_TOTAL_AND_PAGINATION_RECONCILIATION;ISIN_LEI_MIC_LINKING,REVIEW_MARKET_TYPE_AND_REGULATORY_ROLE_NOT_EVERY_SITE_IS_EQUITY_EXCHANGE,,UNKNOWN,AUTHORITATIVE_UNIVERSE_BOUNDARY_AND_ENTITY_IDENTIFICATION,PUBLIC_DIRECTORY_DISCOVERY_AND_FULL_EXPORT
https://WWW.BSTX.COM,MIC_REGISTERED_SITE,US,FULL_LISTED_ISSUER_AND_SECURITY_DIRECTORY;FULL_MEMBER_OR_LICENSEE_DIRECTORY;SOURCE_TOTAL_AND_PAGINATION_RECONCILIATION;ISIN_LEI_MIC_LINKING,REVIEW_MARKET_TYPE_AND_REGULATORY_ROLE_NOT_EVERY_SITE_IS_EQUITY_EXCHANGE,200,UNKNOWN,AUTHORITATIVE_UNIVERSE_BOUNDARY_AND_ENTITY_IDENTIFICATION,PUBLIC_DIRECTORY_DISCOVERY_AND_FULL_EXPORT
https://WWW.BSX.COM,MIC_REGISTERED_SITE,BM,FULL_LISTED_ISSUER_AND_SECURITY_DIRECTORY;FULL_MEMBER_OR_LICENSEE_DIRECTORY;SOURCE_TOTAL_AND_PAGINATION_RECONCILIATION;ISIN_LEI_MIC_LINKING,REVIEW_MARKET_TYPE_AND_REGULATORY_ROLE_NOT_EVERY_SITE_IS_EQUITY_EXCHANGE,200,UNKNOWN,AUTHORITATIVE_UNIVERSE_BOUNDARY_AND_ENTITY_IDENTIFICATION,PUBLIC_DIRECTORY_DISCOVERY_AND_FULL_EXPORT
https://WWW.BSX.COM.AU,MIC_REGISTERED_SITE,AU,FULL_LISTED_ISSUER_AND_SECURITY_DIRECTORY;FULL_MEMBER_OR_LICENSEE_DIRECTORY;SOURCE_TOTAL_AND_PAGINATION_RECONCILIATION;ISIN_LEI_MIC_LINKING,REVIEW_MARKET_TYPE_AND_REGULATORY_ROLE_NOT_EVERY_SITE_IS_EQUITY_EXCHANGE,,UNKNOWN,AUTHORITATIVE_UNIVERSE_BOUNDARY_AND_ENTITY_IDENTIFICATION,PUBLIC_DIRECTORY_DISCOVERY_AND_FULL_EXPORT
https://WWW.BULLISH.COM,MIC_REGISTERED_SITE,GI,FULL_LISTED_ISSUER_AND_SECURITY_DIRECTORY;FULL_MEMBER_OR_LICENSEE_DIRECTORY;SOURCE_TOTAL_AND_PAGINATION_RECONCILIATION;ISIN_LEI_MIC_LINKING,REVIEW_MARKET_TYPE_AND_REGULATORY_ROLE_NOT_EVERY_SITE_IS_EQUITY_EXCHANGE,200,UNKNOWN,AUTHORITATIVE_UNIVERSE_BOUNDARY_AND_ENTITY_IDENTIFICATION,PUBLIC_DIRECTORY_DISCOVERY_AND_FULL_EXPORT
https://WWW.BURSAMALAYSIA.COM,MIC_REGISTERED_SITE,MY,FULL_LISTED_ISSUER_AND_SECURITY_DIRECTORY;FULL_MEMBER_OR_LICENSEE_DIRECTORY;SOURCE_TOTAL_AND_PAGINATION_RECONCILIATION;ISIN_LEI_MIC_LINKING,REVIEW_MARKET_TYPE_AND_REGULATORY_ROLE_NOT_EVERY_SITE_IS_EQUITY_EXCHANGE,,UNKNOWN,AUTHORITATIVE_UNIVERSE_BOUNDARY_AND_ENTITY_IDENTIFICATION,PUBLIC_DIRECTORY_DISCOVERY_AND_FULL_EXPORT
https://WWW.BVB.RO,MIC_REGISTERED_SITE,RO,FULL_LISTED_ISSUER_AND_SECURITY_DIRECTORY;FULL_MEMBER_OR_LICENSEE_DIRECTORY;SOURCE_TOTAL_AND_PAGINATION_RECONCILIATION;ISIN_LEI_MIC_LINKING,REVIEW_MARKET_TYPE_AND_REGULATORY_ROLE_NOT_EVERY_SITE_IS_EQUITY_EXCHANGE,200,UNKNOWN,AUTHORITATIVE_UNIVERSE_BOUNDARY_AND_ENTITY_IDENTIFICATION,PUBLIC_DIRECTORY_DISCOVERY_AND_FULL_EXPORT
https://WWW.BVC.COM.CO,MIC_REGISTERED_SITE,CO,FULL_LISTED_ISSUER_AND_SECURITY_DIRECTORY;FULL_MEMBER_OR_LICENSEE_DIRECTORY;SOURCE_TOTAL_AND_PAGINATION_RECONCILIATION;ISIN_LEI_MIC_LINKING,REVIEW_MARKET_TYPE_AND_REGULATORY_ROLE_NOT_EVERY_SITE_IS_EQUITY_EXCHANGE,403,UNKNOWN,AUTHORITATIVE_UNIVERSE_BOUNDARY_AND_ENTITY_IDENTIFICATION,PUBLIC_DIRECTORY_DISCOVERY_AND_FULL_EXPORT
https://WWW.BVC.CV,MIC_REGISTERED_SITE,CV,FULL_LISTED_ISSUER_AND_SECURITY_DIRECTORY;FULL_MEMBER_OR_LICENSEE_DIRECTORY;SOURCE_TOTAL_AND_PAGINATION_RECONCILIATION;ISIN_LEI_MIC_LINKING,REVIEW_MARKET_TYPE_AND_REGULATORY_ROLE_NOT_EVERY_SITE_IS_EQUITY_EXCHANGE,,UNKNOWN,AUTHORITATIVE_UNIVERSE_BOUNDARY_AND_ENTITY_IDENTIFICATION,PUBLIC_DIRECTORY_DISCOVERY_AND_FULL_EXPORT
https://WWW.BVES.COM.SV,MIC_REGISTERED_SITE,SV,FULL_LISTED_ISSUER_AND_SECURITY_DIRECTORY;FULL_MEMBER_OR_LICENSEE_DIRECTORY;SOURCE_TOTAL_AND_PAGINATION_RECONCILIATION;ISIN_LEI_MIC_LINKING,REVIEW_MARKET_TYPE_AND_REGULATORY_ROLE_NOT_EVERY_SITE_IS_EQUITY_EXCHANGE,,UNKNOWN,AUTHORITATIVE_UNIVERSE_BOUNDARY_AND_ENTITY_IDENTIFICATION,PUBLIC_DIRECTORY_DISCOVERY_AND_FULL_EXPORT
https://WWW.BVL.COM.PE,MIC_REGISTERED_SITE,PE,FULL_LISTED_ISSUER_AND_SECURITY_DIRECTORY;FULL_MEMBER_OR_LICENSEE_DIRECTORY;SOURCE_TOTAL_AND_PAGINATION_RECONCILIATION;ISIN_LEI_MIC_LINKING,REVIEW_MARKET_TYPE_AND_REGULATORY_ROLE_NOT_EVERY_SITE_IS_EQUITY_EXCHANGE,200,UNKNOWN,AUTHORITATIVE_UNIVERSE_BOUNDARY_AND_ENTITY_IDENTIFICATION,PUBLIC_DIRECTORY_DISCOVERY_AND_FULL_EXPORT
https://WWW.BVM.COM.UY,MIC_REGISTERED_SITE,UY,FULL_LISTED_ISSUER_AND_SECURITY_DIRECTORY;FULL_MEMBER_OR_LICENSEE_DIRECTORY;SOURCE_TOTAL_AND_PAGINATION_RECONCILIATION;ISIN_LEI_MIC_LINKING,REVIEW_MARKET_TYPE_AND_REGULATORY_ROLE_NOT_EVERY_SITE_IS_EQUITY_EXCHANGE,200,UNKNOWN,AUTHORITATIVE_UNIVERSE_BOUNDARY_AND_ENTITY_IDENTIFICATION,PUBLIC_DIRECTORY_DISCOVERY_AND_FULL_EXPORT
https://WWW.BVMT.COM.TN,MIC_REGISTERED_SITE,TN,FULL_LISTED_ISSUER_AND_SECURITY_DIRECTORY;FULL_MEMBER_OR_LICENSEE_DIRECTORY;SOURCE_TOTAL_AND_PAGINATION_RECONCILIATION;ISIN_LEI_MIC_LINKING,REVIEW_MARKET_TYPE_AND_REGULATORY_ROLE_NOT_EVERY_SITE_IS_EQUITY_EXCHANGE,200,UNKNOWN,AUTHORITATIVE_UNIVERSE_BOUNDARY_AND_ENTITY_IDENTIFICATION,PUBLIC_DIRECTORY_DISCOVERY_AND_FULL_EXPORT
https://WWW.BVNSA.COM.GT,MIC_REGISTERED_SITE,GT,FULL_LISTED_ISSUER_AND_SECURITY_DIRECTORY;FULL_MEMBER_OR_LICENSEE_DIRECTORY;SOURCE_TOTAL_AND_PAGINATION_RECONCILIATION;ISIN_LEI_MIC_LINKING,REVIEW_MARKET_TYPE_AND_REGULATORY_ROLE_NOT_EVERY_SITE_IS_EQUITY_EXCHANGE,,UNKNOWN,AUTHORITATIVE_UNIVERSE_BOUNDARY_AND_ENTITY_IDENTIFICATION,PUBLIC_DIRECTORY_DISCOVERY_AND_FULL_EXPORT
https://WWW.BVPASA.COM.PY,MIC_REGISTERED_SITE,PY,FULL_LISTED_ISSUER_AND_SECURITY_DIRECTORY;FULL_MEMBER_OR_LICENSEE_DIRECTORY;SOURCE_TOTAL_AND_PAGINATION_RECONCILIATION;ISIN_LEI_MIC_LINKING,REVIEW_MARKET_TYPE_AND_REGULATORY_ROLE_NOT_EVERY_SITE_IS_EQUITY_EXCHANGE,,UNKNOWN,AUTHORITATIVE_UNIVERSE_BOUNDARY_AND_ENTITY_IDENTIFICATION,PUBLIC_DIRECTORY_DISCOVERY_AND_FULL_EXPORT
https://WWW.BXDIGITAL.CH,MIC_REGISTERED_SITE,CH,FULL_LISTED_ISSUER_AND_SECURITY_DIRECTORY;FULL_MEMBER_OR_LICENSEE_DIRECTORY;SOURCE_TOTAL_AND_PAGINATION_RECONCILIATION;ISIN_LEI_MIC_LINKING,REVIEW_MARKET_TYPE_AND_REGULATORY_ROLE_NOT_EVERY_SITE_IS_EQUITY_EXCHANGE,,UNKNOWN,AUTHORITATIVE_UNIVERSE_BOUNDARY_AND_ENTITY_IDENTIFICATION,PUBLIC_DIRECTORY_DISCOVERY_AND_FULL_EXPORT
https://WWW.BXSWISS.COM,MIC_REGISTERED_SITE,CH,FULL_LISTED_ISSUER_AND_SECURITY_DIRECTORY;FULL_MEMBER_OR_LICENSEE_DIRECTORY;SOURCE_TOTAL_AND_PAGINATION_RECONCILIATION;ISIN_LEI_MIC_LINKING,REVIEW_MARKET_TYPE_AND_REGULATORY_ROLE_NOT_EVERY_SITE_IS_EQUITY_EXCHANGE,200,UNKNOWN,AUTHORITATIVE_UNIVERSE_BOUNDARY_AND_ENTITY_IDENTIFICATION,PUBLIC_DIRECTORY_DISCOVERY_AND_FULL_EXPORT
"https://WWW.BXSWISS.COM, WWW.BERNE-X.COM",MIC_REGISTERED_SITE,CH,FULL_LISTED_ISSUER_AND_SECURITY_DIRECTORY;FULL_MEMBER_OR_LICENSEE_DIRECTORY;SOURCE_TOTAL_AND_PAGINATION_RECONCILIATION;ISIN_LEI_MIC_LINKING,REVIEW_MARKET_TYPE_AND_REGULATORY_ROLE_NOT_EVERY_SITE_IS_EQUITY_EXCHANGE,,UNKNOWN,AUTHORITATIVE_UNIVERSE_BOUNDARY_AND_ENTITY_IDENTIFICATION,PUBLIC_DIRECTORY_DISCOVERY_AND_FULL_EXPORT
https://WWW.BZWBK.PL,MIC_REGISTERED_SITE,PL,FULL_LISTED_ISSUER_AND_SECURITY_DIRECTORY;FULL_MEMBER_OR_LICENSEE_DIRECTORY;SOURCE_TOTAL_AND_PAGINATION_RECONCILIATION;ISIN_LEI_MIC_LINKING,REVIEW_MARKET_TYPE_AND_REGULATORY_ROLE_NOT_EVERY_SITE_IS_EQUITY_EXCHANGE,,UNKNOWN,AUTHORITATIVE_UNIVERSE_BOUNDARY_AND_ENTITY_IDENTIFICATION,PUBLIC_DIRECTORY_DISCOVERY_AND_FULL_EXPORT
https://WWW.C-COM.OR.JP,MIC_REGISTERED_SITE,JP,FULL_LISTED_ISSUER_AND_SECURITY_DIRECTORY;FULL_MEMBER_OR_LICENSEE_DIRECTORY;SOURCE_TOTAL_AND_PAGINATION_RECONCILIATION;ISIN_LEI_MIC_LINKING,REVIEW_MARKET_TYPE_AND_REGULATORY_ROLE_NOT_EVERY_SITE_IS_EQUITY_EXCHANGE,,UNKNOWN,AUTHORITATIVE_UNIVERSE_BOUNDARY_AND_ENTITY_IDENTIFICATION,PUBLIC_DIRECTORY_DISCOVERY_AND_FULL_EXPORT
https://WWW.CA-CIB.COM,MIC_REGISTERED_SITE,FR|GB,FULL_LISTED_ISSUER_AND_SECURITY_DIRECTORY;FULL_MEMBER_OR_LICENSEE_DIRECTORY;SOURCE_TOTAL_AND_PAGINATION_RECONCILIATION;ISIN_LEI_MIC_LINKING,REVIEW_MARKET_TYPE_AND_REGULATORY_ROLE_NOT_EVERY_SITE_IS_EQUITY_EXCHANGE,200,UNKNOWN,AUTHORITATIVE_UNIVERSE_BOUNDARY_AND_ENTITY_IDENTIFICATION,PUBLIC_DIRECTORY_DISCOVERY_AND_FULL_EXPORT
https://WWW.CAIXABANK.COM,MIC_REGISTERED_SITE,ES,FULL_LISTED_ISSUER_AND_SECURITY_DIRECTORY;FULL_MEMBER_OR_LICENSEE_DIRECTORY;SOURCE_TOTAL_AND_PAGINATION_RECONCILIATION;ISIN_LEI_MIC_LINKING,REVIEW_MARKET_TYPE_AND_REGULATORY_ROLE_NOT_EVERY_SITE_IS_EQUITY_EXCHANGE,200,UNKNOWN,AUTHORITATIVE_UNIVERSE_BOUNDARY_AND_ENTITY_IDENTIFICATION,PUBLIC_DIRECTORY_DISCOVERY_AND_FULL_EXPORT
https://WWW.CANDEAL.COM,MIC_REGISTERED_SITE,CA,FULL_LISTED_ISSUER_AND_SECURITY_DIRECTORY;FULL_MEMBER_OR_LICENSEE_DIRECTORY;SOURCE_TOTAL_AND_PAGINATION_RECONCILIATION;ISIN_LEI_MIC_LINKING,REVIEW_MARKET_TYPE_AND_REGULATORY_ROLE_NOT_EVERY_SITE_IS_EQUITY_EXCHANGE,200,UNKNOWN,AUTHORITATIVE_UNIVERSE_BOUNDARY_AND_ENTITY_IDENTIFICATION,PUBLIC_DIRECTORY_DISCOVERY_AND_FULL_EXPORT
https://WWW.CANNEX.COM,MIC_REGISTERED_SITE,CA,FULL_LISTED_ISSUER_AND_SECURITY_DIRECTORY;FULL_MEMBER_OR_LICENSEE_DIRECTORY;SOURCE_TOTAL_AND_PAGINATION_RECONCILIATION;ISIN_LEI_MIC_LINKING,REVIEW_MARKET_TYPE_AND_REGULATORY_ROLE_NOT_EVERY_SITE_IS_EQUITY_EXCHANGE,200,UNKNOWN,AUTHORITATIVE_UNIVERSE_BOUNDARY_AND_ENTITY_IDENTIFICATION,PUBLIC_DIRECTORY_DISCOVERY_AND_FULL_EXPORT
https://WWW.CANTOR.COM,MIC_REGISTERED_SITE,US,FULL_LISTED_ISSUER_AND_SECURITY_DIRECTORY;FULL_MEMBER_OR_LICENSEE_DIRECTORY;SOURCE_TOTAL_AND_PAGINATION_RECONCILIATION;ISIN_LEI_MIC_LINKING,REVIEW_MARKET_TYPE_AND_REGULATORY_ROLE_NOT_EVERY_SITE_IS_EQUITY_EXCHANGE,403,UNKNOWN,AUTHORITATIVE_UNIVERSE_BOUNDARY_AND_ENTITY_IDENTIFICATION,PUBLIC_DIRECTORY_DISCOVERY_AND_FULL_EXPORT
https://WWW.CANTORCO2E.COM,MIC_REGISTERED_SITE,GB,FULL_LISTED_ISSUER_AND_SECURITY_DIRECTORY;FULL_MEMBER_OR_LICENSEE_DIRECTORY;SOURCE_TOTAL_AND_PAGINATION_RECONCILIATION;ISIN_LEI_MIC_LINKING,REVIEW_MARKET_TYPE_AND_REGULATORY_ROLE_NOT_EVERY_SITE_IS_EQUITY_EXCHANGE,403,UNKNOWN,AUTHORITATIVE_UNIVERSE_BOUNDARY_AND_ENTITY_IDENTIFICATION,PUBLIC_DIRECTORY_DISCOVERY_AND_FULL_EXPORT
https://WWW.CANTORFITZGERALDIRELAND.COM,MIC_REGISTERED_SITE,IE,FULL_LISTED_ISSUER_AND_SECURITY_DIRECTORY;FULL_MEMBER_OR_LICENSEE_DIRECTORY;SOURCE_TOTAL_AND_PAGINATION_RECONCILIATION;ISIN_LEI_MIC_LINKING,REVIEW_MARKET_TYPE_AND_REGULATORY_ROLE_NOT_EVERY_SITE_IS_EQUITY_EXCHANGE,,UNKNOWN,AUTHORITATIVE_UNIVERSE_BOUNDARY_AND_ENTITY_IDENTIFICATION,PUBLIC_DIRECTORY_DISCOVERY_AND_FULL_EXPORT
https://WWW.CAPI.ES,MIC_REGISTERED_SITE,ES,FULL_LISTED_ISSUER_AND_SECURITY_DIRECTORY;FULL_MEMBER_OR_LICENSEE_DIRECTORY;SOURCE_TOTAL_AND_PAGINATION_RECONCILIATION;ISIN_LEI_MIC_LINKING,REVIEW_MARKET_TYPE_AND_REGULATORY_ROLE_NOT_EVERY_SITE_IS_EQUITY_EXCHANGE,200,UNKNOWN,AUTHORITATIVE_UNIVERSE_BOUNDARY_AND_ENTITY_IDENTIFICATION,PUBLIC_DIRECTORY_DISCOVERY_AND_FULL_EXPORT
https://WWW.CAPITALMARKETS.FIDELITY.COM,MIC_REGISTERED_SITE,US,FULL_LISTED_ISSUER_AND_SECURITY_DIRECTORY;FULL_MEMBER_OR_LICENSEE_DIRECTORY;SOURCE_TOTAL_AND_PAGINATION_RECONCILIATION;ISIN_LEI_MIC_LINKING,REVIEW_MARKET_TYPE_AND_REGULATORY_ROLE_NOT_EVERY_SITE_IS_EQUITY_EXCHANGE,200,UNKNOWN,AUTHORITATIVE_UNIVERSE_BOUNDARY_AND_ENTITY_IDENTIFICATION,PUBLIC_DIRECTORY_DISCOVERY_AND_FULL_EXPORT
https://WWW.CAPMAN.BG,MIC_REGISTERED_SITE,BG,FULL_LISTED_ISSUER_AND_SECURITY_DIRECTORY;FULL_MEMBER_OR_LICENSEE_DIRECTORY;SOURCE_TOTAL_AND_PAGINATION_RECONCILIATION;ISIN_LEI_MIC_LINKING,REVIEW_MARKET_TYPE_AND_REGULATORY_ROLE_NOT_EVERY_SITE_IS_EQUITY_EXCHANGE,200,UNKNOWN,AUTHORITATIVE_UNIVERSE_BOUNDARY_AND_ENTITY_IDENTIFICATION,PUBLIC_DIRECTORY_DISCOVERY_AND_FULL_EXPORT
https://WWW.CAPTIN.NL,MIC_REGISTERED_SITE,NL,FULL_LISTED_ISSUER_AND_SECURITY_DIRECTORY;FULL_MEMBER_OR_LICENSEE_DIRECTORY;SOURCE_TOTAL_AND_PAGINATION_RECONCILIATION;ISIN_LEI_MIC_LINKING,REVIEW_MARKET_TYPE_AND_REGULATORY_ROLE_NOT_EVERY_SITE_IS_EQUITY_EXCHANGE,200,UNKNOWN,AUTHORITATIVE_UNIVERSE_BOUNDARY_AND_ENTITY_IDENTIFICATION,PUBLIC_DIRECTORY_DISCOVERY_AND_FULL_EXPORT
https://WWW.CARNEGIE.SE,MIC_REGISTERED_SITE,NO|SE,FULL_LISTED_ISSUER_AND_SECURITY_DIRECTORY;FULL_MEMBER_OR_LICENSEE_DIRECTORY;SOURCE_TOTAL_AND_PAGINATION_RECONCILIATION;ISIN_LEI_MIC_LINKING,REVIEW_MARKET_TYPE_AND_REGULATORY_ROLE_NOT_EVERY_SITE_IS_EQUITY_EXCHANGE,200,UNKNOWN,AUTHORITATIVE_UNIVERSE_BOUNDARY_AND_ENTITY_IDENTIFICATION,PUBLIC_DIRECTORY_DISCOVERY_AND_FULL_EXPORT
https://WWW.CARNEGIE.SE/EN/NO,MIC_REGISTERED_SITE,NO|SE,FULL_LISTED_ISSUER_AND_SECURITY_DIRECTORY;FULL_MEMBER_OR_LICENSEE_DIRECTORY;SOURCE_TOTAL_AND_PAGINATION_RECONCILIATION;ISIN_LEI_MIC_LINKING,REVIEW_MARKET_TYPE_AND_REGULATORY_ROLE_NOT_EVERY_SITE_IS_EQUITY_EXCHANGE,404,UNKNOWN,AUTHORITATIVE_UNIVERSE_BOUNDARY_AND_ENTITY_IDENTIFICATION,PUBLIC_DIRECTORY_DISCOVERY_AND_FULL_EXPORT
https://WWW.CASABLANCA-BOURSE.COM,MIC_REGISTERED_SITE,MA,FULL_LISTED_ISSUER_AND_SECURITY_DIRECTORY;FULL_MEMBER_OR_LICENSEE_DIRECTORY;SOURCE_TOTAL_AND_PAGINATION_RECONCILIATION;ISIN_LEI_MIC_LINKING,REVIEW_MARKET_TYPE_AND_REGULATORY_ROLE_NOT_EVERY_SITE_IS_EQUITY_EXCHANGE,,UNKNOWN,AUTHORITATIVE_UNIVERSE_BOUNDARY_AND_ENTITY_IDENTIFICATION,PUBLIC_DIRECTORY_DISCOVERY_AND_FULL_EXPORT
https://WWW.CATLEYLAKEMAN.COM,MIC_REGISTERED_SITE,GB,FULL_LISTED_ISSUER_AND_SECURITY_DIRECTORY;FULL_MEMBER_OR_LICENSEE_DIRECTORY;SOURCE_TOTAL_AND_PAGINATION_RECONCILIATION;ISIN_LEI_MIC_LINKING,REVIEW_MARKET_TYPE_AND_REGULATORY_ROLE_NOT_EVERY_SITE_IS_EQUITY_EXCHANGE,403,UNKNOWN,AUTHORITATIVE_UNIVERSE_BOUNDARY_AND_ENTITY_IDENTIFICATION,PUBLIC_DIRECTORY_DISCOVERY_AND_FULL_EXPORT
https://WWW.CAVENDISHMARKETS.COM,MIC_REGISTERED_SITE,NL,FULL_LISTED_ISSUER_AND_SECURITY_DIRECTORY;FULL_MEMBER_OR_LICENSEE_DIRECTORY;SOURCE_TOTAL_AND_PAGINATION_RECONCILIATION;ISIN_LEI_MIC_LINKING,REVIEW_MARKET_TYPE_AND_REGULATORY_ROLE_NOT_EVERY_SITE_IS_EQUITY_EXCHANGE,200,UNKNOWN,AUTHORITATIVE_UNIVERSE_BOUNDARY_AND_ENTITY_IDENTIFICATION,PUBLIC_DIRECTORY_DISCOVERY_AND_FULL_EXPORT
https://WWW.CBOE.CA,MIC_REGISTERED_SITE,CA,FULL_LISTED_ISSUER_AND_SECURITY_DIRECTORY;FULL_MEMBER_OR_LICENSEE_DIRECTORY;SOURCE_TOTAL_AND_PAGINATION_RECONCILIATION;ISIN_LEI_MIC_LINKING,REVIEW_MARKET_TYPE_AND_REGULATORY_ROLE_NOT_EVERY_SITE_IS_EQUITY_EXCHANGE,200,UNKNOWN,AUTHORITATIVE_UNIVERSE_BOUNDARY_AND_ENTITY_IDENTIFICATION,PUBLIC_DIRECTORY_DISCOVERY_AND_FULL_EXPORT
https://WWW.CBOE.CO.JP,MIC_REGISTERED_SITE,JP,FULL_LISTED_ISSUER_AND_SECURITY_DIRECTORY;FULL_MEMBER_OR_LICENSEE_DIRECTORY;SOURCE_TOTAL_AND_PAGINATION_RECONCILIATION;ISIN_LEI_MIC_LINKING,REVIEW_MARKET_TYPE_AND_REGULATORY_ROLE_NOT_EVERY_SITE_IS_EQUITY_EXCHANGE,200,UNKNOWN,AUTHORITATIVE_UNIVERSE_BOUNDARY_AND_ENTITY_IDENTIFICATION,PUBLIC_DIRECTORY_DISCOVERY_AND_FULL_EXPORT
https://WWW.CBOE.COM,MIC_REGISTERED_SITE,CA|NL|US,FULL_LISTED_ISSUER_AND_SECURITY_DIRECTORY;FULL_MEMBER_OR_LICENSEE_DIRECTORY;SOURCE_TOTAL_AND_PAGINATION_RECONCILIATION;ISIN_LEI_MIC_LINKING,REVIEW_MARKET_TYPE_AND_REGULATORY_ROLE_NOT_EVERY_SITE_IS_EQUITY_EXCHANGE,200,UNKNOWN,AUTHORITATIVE_UNIVERSE_BOUNDARY_AND_ENTITY_IDENTIFICATION,PUBLIC_DIRECTORY_DISCOVERY_AND_FULL_EXPORT
https://WWW.CBOE.COM/CA/EQUITIES/,MIC_REGISTERED_SITE,CA|NL|US,FULL_LISTED_ISSUER_AND_SECURITY_DIRECTORY;FULL_MEMBER_OR_LICENSEE_DIRECTORY;SOURCE_TOTAL_AND_PAGINATION_RECONCILIATION;ISIN_LEI_MIC_LINKING,REVIEW_MARKET_TYPE_AND_REGULATORY_ROLE_NOT_EVERY_SITE_IS_EQUITY_EXCHANGE,404,UNKNOWN,AUTHORITATIVE_UNIVERSE_BOUNDARY_AND_ENTITY_IDENTIFICATION,PUBLIC_DIRECTORY_DISCOVERY_AND_FULL_EXPORT
https://WWW.CBOE.COM/EUROPE/EQUITIES/,MIC_REGISTERED_SITE,CA|NL|US,FULL_LISTED_ISSUER_AND_SECURITY_DIRECTORY;FULL_MEMBER_OR_LICENSEE_DIRECTORY;SOURCE_TOTAL_AND_PAGINATION_RECONCILIATION;ISIN_LEI_MIC_LINKING,REVIEW_MARKET_TYPE_AND_REGULATORY_ROLE_NOT_EVERY_SITE_IS_EQUITY_EXCHANGE,404,UNKNOWN,AUTHORITATIVE_UNIVERSE_BOUNDARY_AND_ENTITY_IDENTIFICATION,PUBLIC_DIRECTORY_DISCOVERY_AND_FULL_EXPORT
https://WWW.CBOE.COM/GLOBAL/FX/SEF/,MIC_REGISTERED_SITE,CA|NL|US,FULL_LISTED_ISSUER_AND_SECURITY_DIRECTORY;FULL_MEMBER_OR_LICENSEE_DIRECTORY;SOURCE_TOTAL_AND_PAGINATION_RECONCILIATION;ISIN_LEI_MIC_LINKING,REVIEW_MARKET_TYPE_AND_REGULATORY_ROLE_NOT_EVERY_SITE_IS_EQUITY_EXCHANGE,404,UNKNOWN,AUTHORITATIVE_UNIVERSE_BOUNDARY_AND_ENTITY_IDENTIFICATION,PUBLIC_DIRECTORY_DISCOVERY_AND_FULL_EXPORT
https://WWW.CBOE.COM/MARKETS/EU/EQUITIES,MIC_REGISTERED_SITE,CA|NL|US,FULL_LISTED_ISSUER_AND_SECURITY_DIRECTORY;FULL_MEMBER_OR_LICENSEE_DIRECTORY;SOURCE_TOTAL_AND_PAGINATION_RECONCILIATION;ISIN_LEI_MIC_LINKING,REVIEW_MARKET_TYPE_AND_REGULATORY_ROLE_NOT_EVERY_SITE_IS_EQUITY_EXCHANGE,404,UNKNOWN,AUTHORITATIVE_UNIVERSE_BOUNDARY_AND_ENTITY_IDENTIFICATION,PUBLIC_DIRECTORY_DISCOVERY_AND_FULL_EXPORT
https://WWW.CBOE.COM/US/FIXED_INCOME/,MIC_REGISTERED_SITE,CA|NL|US,FULL_LISTED_ISSUER_AND_SECURITY_DIRECTORY;FULL_MEMBER_OR_LICENSEE_DIRECTORY;SOURCE_TOTAL_AND_PAGINATION_RECONCILIATION;ISIN_LEI_MIC_LINKING,REVIEW_MARKET_TYPE_AND_REGULATORY_ROLE_NOT_EVERY_SITE_IS_EQUITY_EXCHANGE,404,UNKNOWN,AUTHORITATIVE_UNIVERSE_BOUNDARY_AND_ENTITY_IDENTIFICATION,PUBLIC_DIRECTORY_DISCOVERY_AND_FULL_EXPORT
https://WWW.CBOEDIGITAL.COM,MIC_REGISTERED_SITE,US,FULL_LISTED_ISSUER_AND_SECURITY_DIRECTORY;FULL_MEMBER_OR_LICENSEE_DIRECTORY;SOURCE_TOTAL_AND_PAGINATION_RECONCILIATION;ISIN_LEI_MIC_LINKING,REVIEW_MARKET_TYPE_AND_REGULATORY_ROLE_NOT_EVERY_SITE_IS_EQUITY_EXCHANGE,200,UNKNOWN,AUTHORITATIVE_UNIVERSE_BOUNDARY_AND_ENTITY_IDENTIFICATION,PUBLIC_DIRECTORY_DISCOVERY_AND_FULL_EXPORT
https://WWW.CBOT.COM,MIC_REGISTERED_SITE,US,FULL_LISTED_ISSUER_AND_SECURITY_DIRECTORY;FULL_MEMBER_OR_LICENSEE_DIRECTORY;SOURCE_TOTAL_AND_PAGINATION_RECONCILIATION;ISIN_LEI_MIC_LINKING,REVIEW_MARKET_TYPE_AND_REGULATORY_ROLE_NOT_EVERY_SITE_IS_EQUITY_EXCHANGE,403,UNKNOWN,AUTHORITATIVE_UNIVERSE_BOUNDARY_AND_ENTITY_IDENTIFICATION,PUBLIC_DIRECTORY_DISCOVERY_AND_FULL_EXPORT
https://WWW.CCBVQ.COM,MIC_REGISTERED_SITE,EC,FULL_LISTED_ISSUER_AND_SECURITY_DIRECTORY;FULL_MEMBER_OR_LICENSEE_DIRECTORY;SOURCE_TOTAL_AND_PAGINATION_RECONCILIATION;ISIN_LEI_MIC_LINKING,REVIEW_MARKET_TYPE_AND_REGULATORY_ROLE_NOT_EVERY_SITE_IS_EQUITY_EXCHANGE,200,UNKNOWN,AUTHORITATIVE_UNIVERSE_BOUNDARY_AND_ENTITY_IDENTIFICATION,PUBLIC_DIRECTORY_DISCOVERY_AND_FULL_EXPORT
https://WWW.CCFE.COM,MIC_REGISTERED_SITE,US,FULL_LISTED_ISSUER_AND_SECURITY_DIRECTORY;FULL_MEMBER_OR_LICENSEE_DIRECTORY;SOURCE_TOTAL_AND_PAGINATION_RECONCILIATION;ISIN_LEI_MIC_LINKING,REVIEW_MARKET_TYPE_AND_REGULATORY_ROLE_NOT_EVERY_SITE_IS_EQUITY_EXCHANGE,200,UNKNOWN,AUTHORITATIVE_UNIVERSE_BOUNDARY_AND_ENTITY_IDENTIFICATION,PUBLIC_DIRECTORY_DISCOVERY_AND_FULL_EXPORT
https://WWW.CCG.IT,MIC_REGISTERED_SITE,IT,FULL_LISTED_ISSUER_AND_SECURITY_DIRECTORY;FULL_MEMBER_OR_LICENSEE_DIRECTORY;SOURCE_TOTAL_AND_PAGINATION_RECONCILIATION;ISIN_LEI_MIC_LINKING,REVIEW_MARKET_TYPE_AND_REGULATORY_ROLE_NOT_EVERY_SITE_IS_EQUITY_EXCHANGE,200,UNKNOWN,AUTHORITATIVE_UNIVERSE_BOUNDARY_AND_ENTITY_IDENTIFICATION,PUBLIC_DIRECTORY_DISCOVERY_AND_FULL_EXPORT
https://WWW.CCILINDIA.COM,MIC_REGISTERED_SITE,IN,FULL_LISTED_ISSUER_AND_SECURITY_DIRECTORY;FULL_MEMBER_OR_LICENSEE_DIRECTORY;SOURCE_TOTAL_AND_PAGINATION_RECONCILIATION;ISIN_LEI_MIC_LINKING,REVIEW_MARKET_TYPE_AND_REGULATORY_ROLE_NOT_EVERY_SITE_IS_EQUITY_EXCHANGE,403,UNKNOWN,AUTHORITATIVE_UNIVERSE_BOUNDARY_AND_ENTITY_IDENTIFICATION,PUBLIC_DIRECTORY_DISCOVERY_AND_FULL_EXPORT
https://WWW.CCLUX.LU,MIC_REGISTERED_SITE,LU,FULL_LISTED_ISSUER_AND_SECURITY_DIRECTORY;FULL_MEMBER_OR_LICENSEE_DIRECTORY;SOURCE_TOTAL_AND_PAGINATION_RECONCILIATION;ISIN_LEI_MIC_LINKING,REVIEW_MARKET_TYPE_AND_REGULATORY_ROLE_NOT_EVERY_SITE_IS_EQUITY_EXCHANGE,404,UNKNOWN,AUTHORITATIVE_UNIVERSE_BOUNDARY_AND_ENTITY_IDENTIFICATION,PUBLIC_DIRECTORY_DISCOVERY_AND_FULL_EXPORT
https://WWW.CECABANK.ES,MIC_REGISTERED_SITE,ES,FULL_LISTED_ISSUER_AND_SECURITY_DIRECTORY;FULL_MEMBER_OR_LICENSEE_DIRECTORY;SOURCE_TOTAL_AND_PAGINATION_RECONCILIATION;ISIN_LEI_MIC_LINKING,REVIEW_MARKET_TYPE_AND_REGULATORY_ROLE_NOT_EVERY_SITE_IS_EQUITY_EXCHANGE,200,UNKNOWN,AUTHORITATIVE_UNIVERSE_BOUNDARY_AND_ENTITY_IDENTIFICATION,PUBLIC_DIRECTORY_DISCOVERY_AND_FULL_EXPORT
https://WWW.CEEGEX.COM,MIC_REGISTERED_SITE,HU,FULL_LISTED_ISSUER_AND_SECURITY_DIRECTORY;FULL_MEMBER_OR_LICENSEE_DIRECTORY;SOURCE_TOTAL_AND_PAGINATION_RECONCILIATION;ISIN_LEI_MIC_LINKING,REVIEW_MARKET_TYPE_AND_REGULATORY_ROLE_NOT_EVERY_SITE_IS_EQUITY_EXCHANGE,,UNKNOWN,AUTHORITATIVE_UNIVERSE_BOUNDARY_AND_ENTITY_IDENTIFICATION,PUBLIC_DIRECTORY_DISCOVERY_AND_FULL_EXPORT
https://WWW.CEGHEX.COM,MIC_REGISTERED_SITE,AT,FULL_LISTED_ISSUER_AND_SECURITY_DIRECTORY;FULL_MEMBER_OR_LICENSEE_DIRECTORY;SOURCE_TOTAL_AND_PAGINATION_RECONCILIATION;ISIN_LEI_MIC_LINKING,REVIEW_MARKET_TYPE_AND_REGULATORY_ROLE_NOT_EVERY_SITE_IS_EQUITY_EXCHANGE,,UNKNOWN,AUTHORITATIVE_UNIVERSE_BOUNDARY_AND_ENTITY_IDENTIFICATION,PUBLIC_DIRECTORY_DISCOVERY_AND_FULL_EXPORT
https://WWW.CEVALDOM.COM,MIC_REGISTERED_SITE,DO,FULL_LISTED_ISSUER_AND_SECURITY_DIRECTORY;FULL_MEMBER_OR_LICENSEE_DIRECTORY;SOURCE_TOTAL_AND_PAGINATION_RECONCILIATION;ISIN_LEI_MIC_LINKING,REVIEW_MARKET_TYPE_AND_REGULATORY_ROLE_NOT_EVERY_SITE_IS_EQUITY_EXCHANGE,403,UNKNOWN,AUTHORITATIVE_UNIVERSE_BOUNDARY_AND_ENTITY_IDENTIFICATION,PUBLIC_DIRECTORY_DISCOVERY_AND_FULL_EXPORT
https://WWW.CFE.CBOE.COM,MIC_REGISTERED_SITE,US,FULL_LISTED_ISSUER_AND_SECURITY_DIRECTORY;FULL_MEMBER_OR_LICENSEE_DIRECTORY;SOURCE_TOTAL_AND_PAGINATION_RECONCILIATION;ISIN_LEI_MIC_LINKING,REVIEW_MARKET_TYPE_AND_REGULATORY_ROLE_NOT_EVERY_SITE_IS_EQUITY_EXCHANGE,,UNKNOWN,AUTHORITATIVE_UNIVERSE_BOUNDARY_AND_ENTITY_IDENTIFICATION,PUBLIC_DIRECTORY_DISCOVERY_AND_FULL_EXPORT
https://WWW.CFFEX.COM.CN,MIC_REGISTERED_SITE,CN,FULL_LISTED_ISSUER_AND_SECURITY_DIRECTORY;FULL_MEMBER_OR_LICENSEE_DIRECTORY;SOURCE_TOTAL_AND_PAGINATION_RECONCILIATION;ISIN_LEI_MIC_LINKING,REVIEW_MARKET_TYPE_AND_REGULATORY_ROLE_NOT_EVERY_SITE_IS_EQUITY_EXCHANGE,,UNKNOWN,AUTHORITATIVE_UNIVERSE_BOUNDARY_AND_ENTITY_IDENTIFICATION,PUBLIC_DIRECTORY_DISCOVERY_AND_FULL_EXPORT
https://WWW.CFIFINANCIAL.COM.CY,MIC_REGISTERED_SITE,CY,FULL_LISTED_ISSUER_AND_SECURITY_DIRECTORY;FULL_MEMBER_OR_LICENSEE_DIRECTORY;SOURCE_TOTAL_AND_PAGINATION_RECONCILIATION;ISIN_LEI_MIC_LINKING,REVIEW_MARKET_TYPE_AND_REGULATORY_ROLE_NOT_EVERY_SITE_IS_EQUITY_EXCHANGE,,UNKNOWN,AUTHORITATIVE_UNIVERSE_BOUNDARY_AND_ENTITY_IDENTIFICATION,PUBLIC_DIRECTORY_DISCOVERY_AND_FULL_EXPORT
https://WWW.CGSE.COM.HK,MIC_REGISTERED_SITE,HK,FULL_LISTED_ISSUER_AND_SECURITY_DIRECTORY;FULL_MEMBER_OR_LICENSEE_DIRECTORY;SOURCE_TOTAL_AND_PAGINATION_RECONCILIATION;ISIN_LEI_MIC_LINKING,REVIEW_MARKET_TYPE_AND_REGULATORY_ROLE_NOT_EVERY_SITE_IS_EQUITY_EXCHANGE,200,UNKNOWN,AUTHORITATIVE_UNIVERSE_BOUNDARY_AND_ENTITY_IDENTIFICATION,PUBLIC_DIRECTORY_DISCOVERY_AND_FULL_EXPORT
https://WWW.CHEUVREUX.COM,MIC_REGISTERED_SITE,GB,FULL_LISTED_ISSUER_AND_SECURITY_DIRECTORY;FULL_MEMBER_OR_LICENSEE_DIRECTORY;SOURCE_TOTAL_AND_PAGINATION_RECONCILIATION;ISIN_LEI_MIC_LINKING,REVIEW_MARKET_TYPE_AND_REGULATORY_ROLE_NOT_EVERY_SITE_IS_EQUITY_EXCHANGE,,UNKNOWN,AUTHORITATIVE_UNIVERSE_BOUNDARY_AND_ENTITY_IDENTIFICATION,PUBLIC_DIRECTORY_DISCOVERY_AND_FULL_EXPORT
https://WWW.CHI-EAST.COM,MIC_REGISTERED_SITE,SG,FULL_LISTED_ISSUER_AND_SECURITY_DIRECTORY;FULL_MEMBER_OR_LICENSEE_DIRECTORY;SOURCE_TOTAL_AND_PAGINATION_RECONCILIATION;ISIN_LEI_MIC_LINKING,REVIEW_MARKET_TYPE_AND_REGULATORY_ROLE_NOT_EVERY_SITE_IS_EQUITY_EXCHANGE,,UNKNOWN,AUTHORITATIVE_UNIVERSE_BOUNDARY_AND_ENTITY_IDENTIFICATION,PUBLIC_DIRECTORY_DISCOVERY_AND_FULL_EXPORT
https://WWW.CHI-X.COM/CA,MIC_REGISTERED_SITE,CA,FULL_LISTED_ISSUER_AND_SECURITY_DIRECTORY;FULL_MEMBER_OR_LICENSEE_DIRECTORY;SOURCE_TOTAL_AND_PAGINATION_RECONCILIATION;ISIN_LEI_MIC_LINKING,REVIEW_MARKET_TYPE_AND_REGULATORY_ROLE_NOT_EVERY_SITE_IS_EQUITY_EXCHANGE,200,UNKNOWN,AUTHORITATIVE_UNIVERSE_BOUNDARY_AND_ENTITY_IDENTIFICATION,PUBLIC_DIRECTORY_DISCOVERY_AND_FULL_EXPORT
https://WWW.CHI-XCANADA.COM,MIC_REGISTERED_SITE,CA,FULL_LISTED_ISSUER_AND_SECURITY_DIRECTORY;FULL_MEMBER_OR_LICENSEE_DIRECTORY;SOURCE_TOTAL_AND_PAGINATION_RECONCILIATION;ISIN_LEI_MIC_LINKING,REVIEW_MARKET_TYPE_AND_REGULATORY_ROLE_NOT_EVERY_SITE_IS_EQUITY_EXCHANGE,,UNKNOWN,AUTHORITATIVE_UNIVERSE_BOUNDARY_AND_ENTITY_IDENTIFICATION,PUBLIC_DIRECTORY_DISCOVERY_AND_FULL_EXPORT
https://WWW.CHICAGOCLIMATEEXCHANGE.COM,MIC_REGISTERED_SITE,US,FULL_LISTED_ISSUER_AND_SECURITY_DIRECTORY;FULL_MEMBER_OR_LICENSEE_DIRECTORY;SOURCE_TOTAL_AND_PAGINATION_RECONCILIATION;ISIN_LEI_MIC_LINKING,REVIEW_MARKET_TYPE_AND_REGULATORY_ROLE_NOT_EVERY_SITE_IS_EQUITY_EXCHANGE,,UNKNOWN,AUTHORITATIVE_UNIVERSE_BOUNDARY_AND_ENTITY_IDENTIFICATION,PUBLIC_DIRECTORY_DISCOVERY_AND_FULL_EXPORT
https://WWW.CHINAMONEY.COM.CN,MIC_REGISTERED_SITE,CN,FULL_LISTED_ISSUER_AND_SECURITY_DIRECTORY;FULL_MEMBER_OR_LICENSEE_DIRECTORY;SOURCE_TOTAL_AND_PAGINATION_RECONCILIATION;ISIN_LEI_MIC_LINKING,REVIEW_MARKET_TYPE_AND_REGULATORY_ROLE_NOT_EVERY_SITE_IS_EQUITY_EXCHANGE,200,UNKNOWN,AUTHORITATIVE_UNIVERSE_BOUNDARY_AND_ENTITY_IDENTIFICATION,PUBLIC_DIRECTORY_DISCOVERY_AND_FULL_EXPORT
https://WWW.CIB.BNPPARIBAS.COM,MIC_REGISTERED_SITE,FR|GB,FULL_LISTED_ISSUER_AND_SECURITY_DIRECTORY;FULL_MEMBER_OR_LICENSEE_DIRECTORY;SOURCE_TOTAL_AND_PAGINATION_RECONCILIATION;ISIN_LEI_MIC_LINKING,REVIEW_MARKET_TYPE_AND_REGULATORY_ROLE_NOT_EVERY_SITE_IS_EQUITY_EXCHANGE,,UNKNOWN,AUTHORITATIVE_UNIVERSE_BOUNDARY_AND_ENTITY_IDENTIFICATION,PUBLIC_DIRECTORY_DISCOVERY_AND_FULL_EXPORT
https://WWW.CIB.HU,MIC_REGISTERED_SITE,HU,FULL_LISTED_ISSUER_AND_SECURITY_DIRECTORY;FULL_MEMBER_OR_LICENSEE_DIRECTORY;SOURCE_TOTAL_AND_PAGINATION_RECONCILIATION;ISIN_LEI_MIC_LINKING,REVIEW_MARKET_TYPE_AND_REGULATORY_ROLE_NOT_EVERY_SITE_IS_EQUITY_EXCHANGE,200,UNKNOWN,AUTHORITATIVE_UNIVERSE_BOUNDARY_AND_ENTITY_IDENTIFICATION,PUBLIC_DIRECTORY_DISCOVERY_AND_FULL_EXPORT
https://WWW.CIBCWM.COM,MIC_REGISTERED_SITE,GB,FULL_LISTED_ISSUER_AND_SECURITY_DIRECTORY;FULL_MEMBER_OR_LICENSEE_DIRECTORY;SOURCE_TOTAL_AND_PAGINATION_RECONCILIATION;ISIN_LEI_MIC_LINKING,REVIEW_MARKET_TYPE_AND_REGULATORY_ROLE_NOT_EVERY_SITE_IS_EQUITY_EXCHANGE,,UNKNOWN,AUTHORITATIVE_UNIVERSE_BOUNDARY_AND_ENTITY_IDENTIFICATION,PUBLIC_DIRECTORY_DISCOVERY_AND_FULL_EXPORT
https://WWW.CIC.FR,MIC_REGISTERED_SITE,FR,FULL_LISTED_ISSUER_AND_SECURITY_DIRECTORY;FULL_MEMBER_OR_LICENSEE_DIRECTORY;SOURCE_TOTAL_AND_PAGINATION_RECONCILIATION;ISIN_LEI_MIC_LINKING,REVIEW_MARKET_TYPE_AND_REGULATORY_ROLE_NOT_EVERY_SITE_IS_EQUITY_EXCHANGE,200,UNKNOWN,AUTHORITATIVE_UNIVERSE_BOUNDARY_AND_ENTITY_IDENTIFICATION,PUBLIC_DIRECTORY_DISCOVERY_AND_FULL_EXPORT
https://WWW.CICADA.IO/,MIC_REGISTERED_SITE,US,FULL_LISTED_ISSUER_AND_SECURITY_DIRECTORY;FULL_MEMBER_OR_LICENSEE_DIRECTORY;SOURCE_TOTAL_AND_PAGINATION_RECONCILIATION;ISIN_LEI_MIC_LINKING,REVIEW_MARKET_TYPE_AND_REGULATORY_ROLE_NOT_EVERY_SITE_IS_EQUITY_EXCHANGE,200,UNKNOWN,AUTHORITATIVE_UNIVERSE_BOUNDARY_AND_ENTITY_IDENTIFICATION,PUBLIC_DIRECTORY_DISCOVERY_AND_FULL_EXPORT
https://WWW.CINNOBER.COM/BOAT-TRADE-REPORTING,MIC_REGISTERED_SITE,GB,FULL_LISTED_ISSUER_AND_SECURITY_DIRECTORY;FULL_MEMBER_OR_LICENSEE_DIRECTORY;SOURCE_TOTAL_AND_PAGINATION_RECONCILIATION;ISIN_LEI_MIC_LINKING,REVIEW_MARKET_TYPE_AND_REGULATORY_ROLE_NOT_EVERY_SITE_IS_EQUITY_EXCHANGE,200,UNKNOWN,AUTHORITATIVE_UNIVERSE_BOUNDARY_AND_ENTITY_IDENTIFICATION,PUBLIC_DIRECTORY_DISCOVERY_AND_FULL_EXPORT
https://WWW.CITADELGROUP.COM,MIC_REGISTERED_SITE,US,FULL_LISTED_ISSUER_AND_SECURITY_DIRECTORY;FULL_MEMBER_OR_LICENSEE_DIRECTORY;SOURCE_TOTAL_AND_PAGINATION_RECONCILIATION;ISIN_LEI_MIC_LINKING,REVIEW_MARKET_TYPE_AND_REGULATORY_ROLE_NOT_EVERY_SITE_IS_EQUITY_EXCHANGE,403,UNKNOWN,AUTHORITATIVE_UNIVERSE_BOUNDARY_AND_ENTITY_IDENTIFICATION,PUBLIC_DIRECTORY_DISCOVERY_AND_FULL_EXPORT
https://WWW.CITADELSECURITIES.COM,MIC_REGISTERED_SITE,GB|IE|US,FULL_LISTED_ISSUER_AND_SECURITY_DIRECTORY;FULL_MEMBER_OR_LICENSEE_DIRECTORY;SOURCE_TOTAL_AND_PAGINATION_RECONCILIATION;ISIN_LEI_MIC_LINKING,REVIEW_MARKET_TYPE_AND_REGULATORY_ROLE_NOT_EVERY_SITE_IS_EQUITY_EXCHANGE,403,UNKNOWN,AUTHORITATIVE_UNIVERSE_BOUNDARY_AND_ENTITY_IDENTIFICATION,PUBLIC_DIRECTORY_DISCOVERY_AND_FULL_EXPORT
https://WWW.CITI.COM/MSS/SOLUTIONS/EQUITIES/E-TRADING/LIQUIDITY/,MIC_REGISTERED_SITE,US,FULL_LISTED_ISSUER_AND_SECURITY_DIRECTORY;FULL_MEMBER_OR_LICENSEE_DIRECTORY;SOURCE_TOTAL_AND_PAGINATION_RECONCILIATION;ISIN_LEI_MIC_LINKING,REVIEW_MARKET_TYPE_AND_REGULATORY_ROLE_NOT_EVERY_SITE_IS_EQUITY_EXCHANGE,404,UNKNOWN,AUTHORITATIVE_UNIVERSE_BOUNDARY_AND_ENTITY_IDENTIFICATION,PUBLIC_DIRECTORY_DISCOVERY_AND_FULL_EXPORT
https://WWW.CITIBANK.COM/ICG/GLOBAL_MARKETS/UK_TERMS.JSP,MIC_REGISTERED_SITE,GB|US,FULL_LISTED_ISSUER_AND_SECURITY_DIRECTORY;FULL_MEMBER_OR_LICENSEE_DIRECTORY;SOURCE_TOTAL_AND_PAGINATION_RECONCILIATION;ISIN_LEI_MIC_LINKING,REVIEW_MARKET_TYPE_AND_REGULATORY_ROLE_NOT_EVERY_SITE_IS_EQUITY_EXCHANGE,404,UNKNOWN,AUTHORITATIVE_UNIVERSE_BOUNDARY_AND_ENTITY_IDENTIFICATION,PUBLIC_DIRECTORY_DISCOVERY_AND_FULL_EXPORT
https://WWW.CITIBANK.COM/MSS/PRODUCTS/EQUITIES/E_TRADING/LIQUIDITY.HTML,MIC_REGISTERED_SITE,GB|US,FULL_LISTED_ISSUER_AND_SECURITY_DIRECTORY;FULL_MEMBER_OR_LICENSEE_DIRECTORY;SOURCE_TOTAL_AND_PAGINATION_RECONCILIATION;ISIN_LEI_MIC_LINKING,REVIEW_MARKET_TYPE_AND_REGULATORY_ROLE_NOT_EVERY_SITE_IS_EQUITY_EXCHANGE,404,UNKNOWN,AUTHORITATIVE_UNIVERSE_BOUNDARY_AND_ENTITY_IDENTIFICATION,PUBLIC_DIRECTORY_DISCOVERY_AND_FULL_EXPORT
https://WWW.CITIBANK.PL,MIC_REGISTERED_SITE,PL,FULL_LISTED_ISSUER_AND_SECURITY_DIRECTORY;FULL_MEMBER_OR_LICENSEE_DIRECTORY;SOURCE_TOTAL_AND_PAGINATION_RECONCILIATION;ISIN_LEI_MIC_LINKING,REVIEW_MARKET_TYPE_AND_REGULATORY_ROLE_NOT_EVERY_SITE_IS_EQUITY_EXCHANGE,200,UNKNOWN,AUTHORITATIVE_UNIVERSE_BOUNDARY_AND_ENTITY_IDENTIFICATION,PUBLIC_DIRECTORY_DISCOVERY_AND_FULL_EXPORT
https://WWW.CITIGROUP.COM,MIC_REGISTERED_SITE,GB|HK|IE|MX|US,FULL_LISTED_ISSUER_AND_SECURITY_DIRECTORY;FULL_MEMBER_OR_LICENSEE_DIRECTORY;SOURCE_TOTAL_AND_PAGINATION_RECONCILIATION;ISIN_LEI_MIC_LINKING,REVIEW_MARKET_TYPE_AND_REGULATORY_ROLE_NOT_EVERY_SITE_IS_EQUITY_EXCHANGE,200,UNKNOWN,AUTHORITATIVE_UNIVERSE_BOUNDARY_AND_ENTITY_IDENTIFICATION,PUBLIC_DIRECTORY_DISCOVERY_AND_FULL_EXPORT
https://WWW.CITIGROUP.COM/CITI,MIC_REGISTERED_SITE,GB|HK|IE|MX|US,FULL_LISTED_ISSUER_AND_SECURITY_DIRECTORY;FULL_MEMBER_OR_LICENSEE_DIRECTORY;SOURCE_TOTAL_AND_PAGINATION_RECONCILIATION;ISIN_LEI_MIC_LINKING,REVIEW_MARKET_TYPE_AND_REGULATORY_ROLE_NOT_EVERY_SITE_IS_EQUITY_EXCHANGE,200,UNKNOWN,AUTHORITATIVE_UNIVERSE_BOUNDARY_AND_ENTITY_IDENTIFICATION,PUBLIC_DIRECTORY_DISCOVERY_AND_FULL_EXPORT
https://WWW.CITIGROUP.COM/CITI/,MIC_REGISTERED_SITE,GB|HK|IE|MX|US,FULL_LISTED_ISSUER_AND_SECURITY_DIRECTORY;FULL_MEMBER_OR_LICENSEE_DIRECTORY;SOURCE_TOTAL_AND_PAGINATION_RECONCILIATION;ISIN_LEI_MIC_LINKING,REVIEW_MARKET_TYPE_AND_REGULATORY_ROLE_NOT_EVERY_SITE_IS_EQUITY_EXCHANGE,404,UNKNOWN,AUTHORITATIVE_UNIVERSE_BOUNDARY_AND_ENTITY_IDENTIFICATION,PUBLIC_DIRECTORY_DISCOVERY_AND_FULL_EXPORT
https://WWW.CITIGROUP.DE,MIC_REGISTERED_SITE,DE,FULL_LISTED_ISSUER_AND_SECURITY_DIRECTORY;FULL_MEMBER_OR_LICENSEE_DIRECTORY;SOURCE_TOTAL_AND_PAGINATION_RECONCILIATION;ISIN_LEI_MIC_LINKING,REVIEW_MARKET_TYPE_AND_REGULATORY_ROLE_NOT_EVERY_SITE_IS_EQUITY_EXCHANGE,,UNKNOWN,AUTHORITATIVE_UNIVERSE_BOUNDARY_AND_ENTITY_IDENTIFICATION,PUBLIC_DIRECTORY_DISCOVERY_AND_FULL_EXPORT
https://WWW.CITIGROUP.JP,MIC_REGISTERED_SITE,JP,FULL_LISTED_ISSUER_AND_SECURITY_DIRECTORY;FULL_MEMBER_OR_LICENSEE_DIRECTORY;SOURCE_TOTAL_AND_PAGINATION_RECONCILIATION;ISIN_LEI_MIC_LINKING,REVIEW_MARKET_TYPE_AND_REGULATORY_ROLE_NOT_EVERY_SITE_IS_EQUITY_EXCHANGE,200,UNKNOWN,AUTHORITATIVE_UNIVERSE_BOUNDARY_AND_ENTITY_IDENTIFICATION,PUBLIC_DIRECTORY_DISCOVERY_AND_FULL_EXPORT
https://WWW.CITIVELOCITY.COM,MIC_REGISTERED_SITE,JP|US,FULL_LISTED_ISSUER_AND_SECURITY_DIRECTORY;FULL_MEMBER_OR_LICENSEE_DIRECTORY;SOURCE_TOTAL_AND_PAGINATION_RECONCILIATION;ISIN_LEI_MIC_LINKING,REVIEW_MARKET_TYPE_AND_REGULATORY_ROLE_NOT_EVERY_SITE_IS_EQUITY_EXCHANGE,200,UNKNOWN,AUTHORITATIVE_UNIVERSE_BOUNDARY_AND_ENTITY_IDENTIFICATION,PUBLIC_DIRECTORY_DISCOVERY_AND_FULL_EXPORT
https://WWW.CLEAR-MARKETS.COM,MIC_REGISTERED_SITE,GB|JP|US,FULL_LISTED_ISSUER_AND_SECURITY_DIRECTORY;FULL_MEMBER_OR_LICENSEE_DIRECTORY;SOURCE_TOTAL_AND_PAGINATION_RECONCILIATION;ISIN_LEI_MIC_LINKING,REVIEW_MARKET_TYPE_AND_REGULATORY_ROLE_NOT_EVERY_SITE_IS_EQUITY_EXCHANGE,200,UNKNOWN,AUTHORITATIVE_UNIVERSE_BOUNDARY_AND_ENTITY_IDENTIFICATION,PUBLIC_DIRECTORY_DISCOVERY_AND_FULL_EXPORT
https://WWW.CLEARPOOLGROUP.COM,MIC_REGISTERED_SITE,US,FULL_LISTED_ISSUER_AND_SECURITY_DIRECTORY;FULL_MEMBER_OR_LICENSEE_DIRECTORY;SOURCE_TOTAL_AND_PAGINATION_RECONCILIATION;ISIN_LEI_MIC_LINKING,REVIEW_MARKET_TYPE_AND_REGULATORY_ROLE_NOT_EVERY_SITE_IS_EQUITY_EXCHANGE,200,UNKNOWN,AUTHORITATIVE_UNIVERSE_BOUNDARY_AND_ENTITY_IDENTIFICATION,PUBLIC_DIRECTORY_DISCOVERY_AND_FULL_EXPORT
https://WWW.CLEARSTREAM.COM,MIC_REGISTERED_SITE,LU,FULL_LISTED_ISSUER_AND_SECURITY_DIRECTORY;FULL_MEMBER_OR_LICENSEE_DIRECTORY;SOURCE_TOTAL_AND_PAGINATION_RECONCILIATION;ISIN_LEI_MIC_LINKING,REVIEW_MARKET_TYPE_AND_REGULATORY_ROLE_NOT_EVERY_SITE_IS_EQUITY_EXCHANGE,404,UNKNOWN,AUTHORITATIVE_UNIVERSE_BOUNDARY_AND_ENTITY_IDENTIFICATION,PUBLIC_DIRECTORY_DISCOVERY_AND_FULL_EXPORT
https://WWW.CLIMATE-TRUST.COM,MIC_REGISTERED_SITE,CH,FULL_LISTED_ISSUER_AND_SECURITY_DIRECTORY;FULL_MEMBER_OR_LICENSEE_DIRECTORY;SOURCE_TOTAL_AND_PAGINATION_RECONCILIATION;ISIN_LEI_MIC_LINKING,REVIEW_MARKET_TYPE_AND_REGULATORY_ROLE_NOT_EVERY_SITE_IS_EQUITY_EXCHANGE,200,UNKNOWN,AUTHORITATIVE_UNIVERSE_BOUNDARY_AND_ENTITY_IDENTIFICATION,PUBLIC_DIRECTORY_DISCOVERY_AND_FULL_EXPORT
https://WWW.CLIMEX.COM,MIC_REGISTERED_SITE,NL,FULL_LISTED_ISSUER_AND_SECURITY_DIRECTORY;FULL_MEMBER_OR_LICENSEE_DIRECTORY;SOURCE_TOTAL_AND_PAGINATION_RECONCILIATION;ISIN_LEI_MIC_LINKING,REVIEW_MARKET_TYPE_AND_REGULATORY_ROLE_NOT_EVERY_SITE_IS_EQUITY_EXCHANGE,200,UNKNOWN,AUTHORITATIVE_UNIVERSE_BOUNDARY_AND_ENTITY_IDENTIFICATION,PUBLIC_DIRECTORY_DISCOVERY_AND_FULL_EXPORT
https://WWW.CLSA.COM,MIC_REGISTERED_SITE,AU|HK|JP|PH|US,FULL_LISTED_ISSUER_AND_SECURITY_DIRECTORY;FULL_MEMBER_OR_LICENSEE_DIRECTORY;SOURCE_TOTAL_AND_PAGINATION_RECONCILIATION;ISIN_LEI_MIC_LINKING,REVIEW_MARKET_TYPE_AND_REGULATORY_ROLE_NOT_EVERY_SITE_IS_EQUITY_EXCHANGE,200,UNKNOWN,AUTHORITATIVE_UNIVERSE_BOUNDARY_AND_ENTITY_IDENTIFICATION,PUBLIC_DIRECTORY_DISCOVERY_AND_FULL_EXPORT
https://WWW.CMCMARKETS.COM,MIC_REGISTERED_SITE,GB,FULL_LISTED_ISSUER_AND_SECURITY_DIRECTORY;FULL_MEMBER_OR_LICENSEE_DIRECTORY;SOURCE_TOTAL_AND_PAGINATION_RECONCILIATION;ISIN_LEI_MIC_LINKING,REVIEW_MARKET_TYPE_AND_REGULATORY_ROLE_NOT_EVERY_SITE_IS_EQUITY_EXCHANGE,200,UNKNOWN,AUTHORITATIVE_UNIVERSE_BOUNDARY_AND_ENTITY_IDENTIFICATION,PUBLIC_DIRECTORY_DISCOVERY_AND_FULL_EXPORT
https://WWW.CME.COM,MIC_REGISTERED_SITE,US,FULL_LISTED_ISSUER_AND_SECURITY_DIRECTORY;FULL_MEMBER_OR_LICENSEE_DIRECTORY;SOURCE_TOTAL_AND_PAGINATION_RECONCILIATION;ISIN_LEI_MIC_LINKING,REVIEW_MARKET_TYPE_AND_REGULATORY_ROLE_NOT_EVERY_SITE_IS_EQUITY_EXCHANGE,403,UNKNOWN,AUTHORITATIVE_UNIVERSE_BOUNDARY_AND_ENTITY_IDENTIFICATION,PUBLIC_DIRECTORY_DISCOVERY_AND_FULL_EXPORT
https://WWW.CMECLEARINGEUROPE.COM,MIC_REGISTERED_SITE,GB,FULL_LISTED_ISSUER_AND_SECURITY_DIRECTORY;FULL_MEMBER_OR_LICENSEE_DIRECTORY;SOURCE_TOTAL_AND_PAGINATION_RECONCILIATION;ISIN_LEI_MIC_LINKING,REVIEW_MARKET_TYPE_AND_REGULATORY_ROLE_NOT_EVERY_SITE_IS_EQUITY_EXCHANGE,403,UNKNOWN,AUTHORITATIVE_UNIVERSE_BOUNDARY_AND_ENTITY_IDENTIFICATION,PUBLIC_DIRECTORY_DISCOVERY_AND_FULL_EXPORT
https://WWW.CMEEUROPE.COM,MIC_REGISTERED_SITE,GB,FULL_LISTED_ISSUER_AND_SECURITY_DIRECTORY;FULL_MEMBER_OR_LICENSEE_DIRECTORY;SOURCE_TOTAL_AND_PAGINATION_RECONCILIATION;ISIN_LEI_MIC_LINKING,REVIEW_MARKET_TYPE_AND_REGULATORY_ROLE_NOT_EVERY_SITE_IS_EQUITY_EXCHANGE,403,UNKNOWN,AUTHORITATIVE_UNIVERSE_BOUNDARY_AND_ENTITY_IDENTIFICATION,PUBLIC_DIRECTORY_DISCOVERY_AND_FULL_EXPORT
https://WWW.CMEGROUP.COM,MIC_REGISTERED_SITE,CH|GB|NL|US,FULL_LISTED_ISSUER_AND_SECURITY_DIRECTORY;FULL_MEMBER_OR_LICENSEE_DIRECTORY;SOURCE_TOTAL_AND_PAGINATION_RECONCILIATION;ISIN_LEI_MIC_LINKING,REVIEW_MARKET_TYPE_AND_REGULATORY_ROLE_NOT_EVERY_SITE_IS_EQUITY_EXCHANGE,403,UNKNOWN,AUTHORITATIVE_UNIVERSE_BOUNDARY_AND_ENTITY_IDENTIFICATION,PUBLIC_DIRECTORY_DISCOVERY_AND_FULL_EXPORT
https://WWW.CMEGROUP.COM/EBS,MIC_REGISTERED_SITE,CH|GB|NL|US,FULL_LISTED_ISSUER_AND_SECURITY_DIRECTORY;FULL_MEMBER_OR_LICENSEE_DIRECTORY;SOURCE_TOTAL_AND_PAGINATION_RECONCILIATION;ISIN_LEI_MIC_LINKING,REVIEW_MARKET_TYPE_AND_REGULATORY_ROLE_NOT_EVERY_SITE_IS_EQUITY_EXCHANGE,403,UNKNOWN,AUTHORITATIVE_UNIVERSE_BOUNDARY_AND_ENTITY_IDENTIFICATION,PUBLIC_DIRECTORY_DISCOVERY_AND_FULL_EXPORT
https://WWW.CODAMARKETS.COM,MIC_REGISTERED_SITE,US,FULL_LISTED_ISSUER_AND_SECURITY_DIRECTORY;FULL_MEMBER_OR_LICENSEE_DIRECTORY;SOURCE_TOTAL_AND_PAGINATION_RECONCILIATION;ISIN_LEI_MIC_LINKING,REVIEW_MARKET_TYPE_AND_REGULATORY_ROLE_NOT_EVERY_SITE_IS_EQUITY_EXCHANGE,200,UNKNOWN,AUTHORITATIVE_UNIVERSE_BOUNDARY_AND_ENTITY_IDENTIFICATION,PUBLIC_DIRECTORY_DISCOVERY_AND_FULL_EXPORT
https://WWW.COINBASE.COM/DERIVATIVES,MIC_REGISTERED_SITE,US,FULL_LISTED_ISSUER_AND_SECURITY_DIRECTORY;FULL_MEMBER_OR_LICENSEE_DIRECTORY;SOURCE_TOTAL_AND_PAGINATION_RECONCILIATION;ISIN_LEI_MIC_LINKING,REVIEW_MARKET_TYPE_AND_REGULATORY_ROLE_NOT_EVERY_SITE_IS_EQUITY_EXCHANGE,200,UNKNOWN,AUTHORITATIVE_UNIVERSE_BOUNDARY_AND_ENTITY_IDENTIFICATION,PUBLIC_DIRECTORY_DISCOVERY_AND_FULL_EXPORT
https://WWW.COMEX.KZ,MIC_REGISTERED_SITE,KZ,FULL_LISTED_ISSUER_AND_SECURITY_DIRECTORY;FULL_MEMBER_OR_LICENSEE_DIRECTORY;SOURCE_TOTAL_AND_PAGINATION_RECONCILIATION;ISIN_LEI_MIC_LINKING,REVIEW_MARKET_TYPE_AND_REGULATORY_ROLE_NOT_EVERY_SITE_IS_EQUITY_EXCHANGE,,UNKNOWN,AUTHORITATIVE_UNIVERSE_BOUNDARY_AND_ENTITY_IDENTIFICATION,PUBLIC_DIRECTORY_DISCOVERY_AND_FULL_EXPORT
https://WWW.COMMBANK.COM.AU,MIC_REGISTERED_SITE,GB|NL,FULL_LISTED_ISSUER_AND_SECURITY_DIRECTORY;FULL_MEMBER_OR_LICENSEE_DIRECTORY;SOURCE_TOTAL_AND_PAGINATION_RECONCILIATION;ISIN_LEI_MIC_LINKING,REVIEW_MARKET_TYPE_AND_REGULATORY_ROLE_NOT_EVERY_SITE_IS_EQUITY_EXCHANGE,200,UNKNOWN,AUTHORITATIVE_UNIVERSE_BOUNDARY_AND_ENTITY_IDENTIFICATION,PUBLIC_DIRECTORY_DISCOVERY_AND_FULL_EXPORT
https://WWW.COMMBANK.COM.AU/ABOUT-US/OUR-COMPANY/INTERNATIONAL-BRANCHES/EUROPE.HTML,MIC_REGISTERED_SITE,GB|NL,FULL_LISTED_ISSUER_AND_SECURITY_DIRECTORY;FULL_MEMBER_OR_LICENSEE_DIRECTORY;SOURCE_TOTAL_AND_PAGINATION_RECONCILIATION;ISIN_LEI_MIC_LINKING,REVIEW_MARKET_TYPE_AND_REGULATORY_ROLE_NOT_EVERY_SITE_IS_EQUITY_EXCHANGE,404,UNKNOWN,AUTHORITATIVE_UNIVERSE_BOUNDARY_AND_ENTITY_IDENTIFICATION,PUBLIC_DIRECTORY_DISCOVERY_AND_FULL_EXPORT
https://WWW.COMMERG.COM,MIC_REGISTERED_SITE,MT|NL,FULL_LISTED_ISSUER_AND_SECURITY_DIRECTORY;FULL_MEMBER_OR_LICENSEE_DIRECTORY;SOURCE_TOTAL_AND_PAGINATION_RECONCILIATION;ISIN_LEI_MIC_LINKING,REVIEW_MARKET_TYPE_AND_REGULATORY_ROLE_NOT_EVERY_SITE_IS_EQUITY_EXCHANGE,200,UNKNOWN,AUTHORITATIVE_UNIVERSE_BOUNDARY_AND_ENTITY_IDENTIFICATION,PUBLIC_DIRECTORY_DISCOVERY_AND_FULL_EXPORT
https://WWW.COMMERZBANK.COM,MIC_REGISTERED_SITE,DE,FULL_LISTED_ISSUER_AND_SECURITY_DIRECTORY;FULL_MEMBER_OR_LICENSEE_DIRECTORY;SOURCE_TOTAL_AND_PAGINATION_RECONCILIATION;ISIN_LEI_MIC_LINKING,REVIEW_MARKET_TYPE_AND_REGULATORY_ROLE_NOT_EVERY_SITE_IS_EQUITY_EXCHANGE,,UNKNOWN,AUTHORITATIVE_UNIVERSE_BOUNDARY_AND_ENTITY_IDENTIFICATION,PUBLIC_DIRECTORY_DISCOVERY_AND_FULL_EXPORT
https://WWW.CON.HU,MIC_REGISTERED_SITE,HU,FULL_LISTED_ISSUER_AND_SECURITY_DIRECTORY;FULL_MEMBER_OR_LICENSEE_DIRECTORY;SOURCE_TOTAL_AND_PAGINATION_RECONCILIATION;ISIN_LEI_MIC_LINKING,REVIEW_MARKET_TYPE_AND_REGULATORY_ROLE_NOT_EVERY_SITE_IS_EQUITY_EXCHANGE,200,UNKNOWN,AUTHORITATIVE_UNIVERSE_BOUNDARY_AND_ENTITY_IDENTIFICATION,PUBLIC_DIRECTORY_DISCOVERY_AND_FULL_EXPORT
https://WWW.CONNECTED-MARKETS.COM,MIC_REGISTERED_SITE,HK,FULL_LISTED_ISSUER_AND_SECURITY_DIRECTORY;FULL_MEMBER_OR_LICENSEE_DIRECTORY;SOURCE_TOTAL_AND_PAGINATION_RECONCILIATION;ISIN_LEI_MIC_LINKING,REVIEW_MARKET_TYPE_AND_REGULATORY_ROLE_NOT_EVERY_SITE_IS_EQUITY_EXCHANGE,,UNKNOWN,AUTHORITATIVE_UNIVERSE_BOUNDARY_AND_ENTITY_IDENTIFICATION,PUBLIC_DIRECTORY_DISCOVERY_AND_FULL_EXPORT
https://WWW.CONTICAP.COM,MIC_REGISTERED_SITE,CH|GB,FULL_LISTED_ISSUER_AND_SECURITY_DIRECTORY;FULL_MEMBER_OR_LICENSEE_DIRECTORY;SOURCE_TOTAL_AND_PAGINATION_RECONCILIATION;ISIN_LEI_MIC_LINKING,REVIEW_MARKET_TYPE_AND_REGULATORY_ROLE_NOT_EVERY_SITE_IS_EQUITY_EXCHANGE,403,UNKNOWN,AUTHORITATIVE_UNIVERSE_BOUNDARY_AND_ENTITY_IDENTIFICATION,PUBLIC_DIRECTORY_DISCOVERY_AND_FULL_EXPORT
https://WWW.CONVERGEX.COM,MIC_REGISTERED_SITE,US,FULL_LISTED_ISSUER_AND_SECURITY_DIRECTORY;FULL_MEMBER_OR_LICENSEE_DIRECTORY;SOURCE_TOTAL_AND_PAGINATION_RECONCILIATION;ISIN_LEI_MIC_LINKING,REVIEW_MARKET_TYPE_AND_REGULATORY_ROLE_NOT_EVERY_SITE_IS_EQUITY_EXCHANGE,,UNKNOWN,AUTHORITATIVE_UNIVERSE_BOUNDARY_AND_ENTITY_IDENTIFICATION,PUBLIC_DIRECTORY_DISCOVERY_AND_FULL_EXPORT
https://WWW.COTE-ALPHA.FR,MIC_REGISTERED_SITE,FR,FULL_LISTED_ISSUER_AND_SECURITY_DIRECTORY;FULL_MEMBER_OR_LICENSEE_DIRECTORY;SOURCE_TOTAL_AND_PAGINATION_RECONCILIATION;ISIN_LEI_MIC_LINKING,REVIEW_MARKET_TYPE_AND_REGULATORY_ROLE_NOT_EVERY_SITE_IS_EQUITY_EXCHANGE,,UNKNOWN,AUTHORITATIVE_UNIVERSE_BOUNDARY_AND_ENTITY_IDENTIFICATION,PUBLIC_DIRECTORY_DISCOVERY_AND_FULL_EXPORT
https://WWW.CREDEM.IT,MIC_REGISTERED_SITE,IT,FULL_LISTED_ISSUER_AND_SECURITY_DIRECTORY;FULL_MEMBER_OR_LICENSEE_DIRECTORY;SOURCE_TOTAL_AND_PAGINATION_RECONCILIATION;ISIN_LEI_MIC_LINKING,REVIEW_MARKET_TYPE_AND_REGULATORY_ROLE_NOT_EVERY_SITE_IS_EQUITY_EXCHANGE,200,UNKNOWN,AUTHORITATIVE_UNIVERSE_BOUNDARY_AND_ENTITY_IDENTIFICATION,PUBLIC_DIRECTORY_DISCOVERY_AND_FULL_EXPORT
https://WWW.CREDIT-AGRICOLE.PL,MIC_REGISTERED_SITE,PL,FULL_LISTED_ISSUER_AND_SECURITY_DIRECTORY;FULL_MEMBER_OR_LICENSEE_DIRECTORY;SOURCE_TOTAL_AND_PAGINATION_RECONCILIATION;ISIN_LEI_MIC_LINKING,REVIEW_MARKET_TYPE_AND_REGULATORY_ROLE_NOT_EVERY_SITE_IS_EQUITY_EXCHANGE,,UNKNOWN,AUTHORITATIVE_UNIVERSE_BOUNDARY_AND_ENTITY_IDENTIFICATION,PUBLIC_DIRECTORY_DISCOVERY_AND_FULL_EXPORT
https://WWW.CREDIT-SUISSE.COM,MIC_REGISTERED_SITE,AU|CH|DE|ES|GB|HK|JP|TW|US,FULL_LISTED_ISSUER_AND_SECURITY_DIRECTORY;FULL_MEMBER_OR_LICENSEE_DIRECTORY;SOURCE_TOTAL_AND_PAGINATION_RECONCILIATION;ISIN_LEI_MIC_LINKING,REVIEW_MARKET_TYPE_AND_REGULATORY_ROLE_NOT_EVERY_SITE_IS_EQUITY_EXCHANGE,403,UNKNOWN,AUTHORITATIVE_UNIVERSE_BOUNDARY_AND_ENTITY_IDENTIFICATION,PUBLIC_DIRECTORY_DISCOVERY_AND_FULL_EXPORT
https://WWW.CREDIT-SUISSE.COM/HK/EN/INVESTMENT-BANKING/CLIENT-OFFERING/AES/CROSSFINDER.HTML,MIC_REGISTERED_SITE,AU|CH|DE|ES|GB|HK|JP|TW|US,FULL_LISTED_ISSUER_AND_SECURITY_DIRECTORY;FULL_MEMBER_OR_LICENSEE_DIRECTORY;SOURCE_TOTAL_AND_PAGINATION_RECONCILIATION;ISIN_LEI_MIC_LINKING,REVIEW_MARKET_TYPE_AND_REGULATORY_ROLE_NOT_EVERY_SITE_IS_EQUITY_EXCHANGE,403,UNKNOWN,AUTHORITATIVE_UNIVERSE_BOUNDARY_AND_ENTITY_IDENTIFICATION,PUBLIC_DIRECTORY_DISCOVERY_AND_FULL_EXPORT
https://WWW.CREDIT-SUISSE.COM/SITES/AES/EN/ASIA.HTML,MIC_REGISTERED_SITE,AU|CH|DE|ES|GB|HK|JP|TW|US,FULL_LISTED_ISSUER_AND_SECURITY_DIRECTORY;FULL_MEMBER_OR_LICENSEE_DIRECTORY;SOURCE_TOTAL_AND_PAGINATION_RECONCILIATION;ISIN_LEI_MIC_LINKING,REVIEW_MARKET_TYPE_AND_REGULATORY_ROLE_NOT_EVERY_SITE_IS_EQUITY_EXCHANGE,403,UNKNOWN,AUTHORITATIVE_UNIVERSE_BOUNDARY_AND_ENTITY_IDENTIFICATION,PUBLIC_DIRECTORY_DISCOVERY_AND_FULL_EXPORT
https://WWW.CROPEX.HR,MIC_REGISTERED_SITE,HR,FULL_LISTED_ISSUER_AND_SECURITY_DIRECTORY;FULL_MEMBER_OR_LICENSEE_DIRECTORY;SOURCE_TOTAL_AND_PAGINATION_RECONCILIATION;ISIN_LEI_MIC_LINKING,REVIEW_MARKET_TYPE_AND_REGULATORY_ROLE_NOT_EVERY_SITE_IS_EQUITY_EXCHANGE,200,UNKNOWN,AUTHORITATIVE_UNIVERSE_BOUNDARY_AND_ENTITY_IDENTIFICATION,PUBLIC_DIRECTORY_DISCOVERY_AND_FULL_EXPORT
https://WWW.CRYEX.COM,MIC_REGISTERED_SITE,SE,FULL_LISTED_ISSUER_AND_SECURITY_DIRECTORY;FULL_MEMBER_OR_LICENSEE_DIRECTORY;SOURCE_TOTAL_AND_PAGINATION_RECONCILIATION;ISIN_LEI_MIC_LINKING,REVIEW_MARKET_TYPE_AND_REGULATORY_ROLE_NOT_EVERY_SITE_IS_EQUITY_EXCHANGE,,UNKNOWN,AUTHORITATIVE_UNIVERSE_BOUNDARY_AND_ENTITY_IDENTIFICATION,PUBLIC_DIRECTORY_DISCOVERY_AND_FULL_EXPORT
https://WWW.CRYPTOFACILITIES.CO.UK,MIC_REGISTERED_SITE,GB,FULL_LISTED_ISSUER_AND_SECURITY_DIRECTORY;FULL_MEMBER_OR_LICENSEE_DIRECTORY;SOURCE_TOTAL_AND_PAGINATION_RECONCILIATION;ISIN_LEI_MIC_LINKING,REVIEW_MARKET_TYPE_AND_REGULATORY_ROLE_NOT_EVERY_SITE_IS_EQUITY_EXCHANGE,,UNKNOWN,AUTHORITATIVE_UNIVERSE_BOUNDARY_AND_ENTITY_IDENTIFICATION,PUBLIC_DIRECTORY_DISCOVERY_AND_FULL_EXPORT
https://WWW.CSAS.CZ,MIC_REGISTERED_SITE,CZ,FULL_LISTED_ISSUER_AND_SECURITY_DIRECTORY;FULL_MEMBER_OR_LICENSEE_DIRECTORY;SOURCE_TOTAL_AND_PAGINATION_RECONCILIATION;ISIN_LEI_MIC_LINKING,REVIEW_MARKET_TYPE_AND_REGULATORY_ROLE_NOT_EVERY_SITE_IS_EQUITY_EXCHANGE,404,UNKNOWN,AUTHORITATIVE_UNIVERSE_BOUNDARY_AND_ENTITY_IDENTIFICATION,PUBLIC_DIRECTORY_DISCOVERY_AND_FULL_EXPORT
https://WWW.CSD.UA,MIC_REGISTERED_SITE,UA,FULL_LISTED_ISSUER_AND_SECURITY_DIRECTORY;FULL_MEMBER_OR_LICENSEE_DIRECTORY;SOURCE_TOTAL_AND_PAGINATION_RECONCILIATION;ISIN_LEI_MIC_LINKING,REVIEW_MARKET_TYPE_AND_REGULATORY_ROLE_NOT_EVERY_SITE_IS_EQUITY_EXCHANGE,200,UNKNOWN,AUTHORITATIVE_UNIVERSE_BOUNDARY_AND_ENTITY_IDENTIFICATION,PUBLIC_DIRECTORY_DISCOVERY_AND_FULL_EXPORT
https://WWW.CSE-INDIA.COM,MIC_REGISTERED_SITE,IN,FULL_LISTED_ISSUER_AND_SECURITY_DIRECTORY;FULL_MEMBER_OR_LICENSEE_DIRECTORY;SOURCE_TOTAL_AND_PAGINATION_RECONCILIATION;ISIN_LEI_MIC_LINKING,REVIEW_MARKET_TYPE_AND_REGULATORY_ROLE_NOT_EVERY_SITE_IS_EQUITY_EXCHANGE,,UNKNOWN,AUTHORITATIVE_UNIVERSE_BOUNDARY_AND_ENTITY_IDENTIFICATION,PUBLIC_DIRECTORY_DISCOVERY_AND_FULL_EXPORT
https://WWW.CSE.COM.CY,MIC_REGISTERED_SITE,CY,FULL_LISTED_ISSUER_AND_SECURITY_DIRECTORY;FULL_MEMBER_OR_LICENSEE_DIRECTORY;SOURCE_TOTAL_AND_PAGINATION_RECONCILIATION;ISIN_LEI_MIC_LINKING,REVIEW_MARKET_TYPE_AND_REGULATORY_ROLE_NOT_EVERY_SITE_IS_EQUITY_EXCHANGE,,UNKNOWN,AUTHORITATIVE_UNIVERSE_BOUNDARY_AND_ENTITY_IDENTIFICATION,PUBLIC_DIRECTORY_DISCOVERY_AND_FULL_EXPORT
https://WWW.CSE.COM.CY/EN/DEFAULT.ASP,MIC_REGISTERED_SITE,CY,FULL_LISTED_ISSUER_AND_SECURITY_DIRECTORY;FULL_MEMBER_OR_LICENSEE_DIRECTORY;SOURCE_TOTAL_AND_PAGINATION_RECONCILIATION;ISIN_LEI_MIC_LINKING,REVIEW_MARKET_TYPE_AND_REGULATORY_ROLE_NOT_EVERY_SITE_IS_EQUITY_EXCHANGE,,UNKNOWN,AUTHORITATIVE_UNIVERSE_BOUNDARY_AND_ENTITY_IDENTIFICATION,PUBLIC_DIRECTORY_DISCOVERY_AND_FULL_EXPORT
https://WWW.CSE.LK,MIC_REGISTERED_SITE,LK,FULL_LISTED_ISSUER_AND_SECURITY_DIRECTORY;FULL_MEMBER_OR_LICENSEE_DIRECTORY;SOURCE_TOTAL_AND_PAGINATION_RECONCILIATION;ISIN_LEI_MIC_LINKING,REVIEW_MARKET_TYPE_AND_REGULATORY_ROLE_NOT_EVERY_SITE_IS_EQUITY_EXCHANGE,200,UNKNOWN,AUTHORITATIVE_UNIVERSE_BOUNDARY_AND_ENTITY_IDENTIFICATION,PUBLIC_DIRECTORY_DISCOVERY_AND_FULL_EXPORT
https://WWW.CSEBD.COM,MIC_REGISTERED_SITE,BD,FULL_LISTED_ISSUER_AND_SECURITY_DIRECTORY;FULL_MEMBER_OR_LICENSEE_DIRECTORY;SOURCE_TOTAL_AND_PAGINATION_RECONCILIATION;ISIN_LEI_MIC_LINKING,REVIEW_MARKET_TYPE_AND_REGULATORY_ROLE_NOT_EVERY_SITE_IS_EQUITY_EXCHANGE,503,UNKNOWN,AUTHORITATIVE_UNIVERSE_BOUNDARY_AND_ENTITY_IDENTIFICATION,PUBLIC_DIRECTORY_DISCOVERY_AND_FULL_EXPORT
https://WWW.CSOB.CZ,MIC_REGISTERED_SITE,CZ,FULL_LISTED_ISSUER_AND_SECURITY_DIRECTORY;FULL_MEMBER_OR_LICENSEE_DIRECTORY;SOURCE_TOTAL_AND_PAGINATION_RECONCILIATION;ISIN_LEI_MIC_LINKING,REVIEW_MARKET_TYPE_AND_REGULATORY_ROLE_NOT_EVERY_SITE_IS_EQUITY_EXCHANGE,200,UNKNOWN,AUTHORITATIVE_UNIVERSE_BOUNDARY_AND_ENTITY_IDENTIFICATION,PUBLIC_DIRECTORY_DISCOVERY_AND_FULL_EXPORT
https://WWW.CSOB.SK,MIC_REGISTERED_SITE,SK,FULL_LISTED_ISSUER_AND_SECURITY_DIRECTORY;FULL_MEMBER_OR_LICENSEE_DIRECTORY;SOURCE_TOTAL_AND_PAGINATION_RECONCILIATION;ISIN_LEI_MIC_LINKING,REVIEW_MARKET_TYPE_AND_REGULATORY_ROLE_NOT_EVERY_SITE_IS_EQUITY_EXCHANGE,200,UNKNOWN,AUTHORITATIVE_UNIVERSE_BOUNDARY_AND_ENTITY_IDENTIFICATION,PUBLIC_DIRECTORY_DISCOVERY_AND_FULL_EXPORT
https://WWW.CSX.COM.KH,MIC_REGISTERED_SITE,KH,FULL_LISTED_ISSUER_AND_SECURITY_DIRECTORY;FULL_MEMBER_OR_LICENSEE_DIRECTORY;SOURCE_TOTAL_AND_PAGINATION_RECONCILIATION;ISIN_LEI_MIC_LINKING,REVIEW_MARKET_TYPE_AND_REGULATORY_ROLE_NOT_EVERY_SITE_IS_EQUITY_EXCHANGE,,UNKNOWN,AUTHORITATIVE_UNIVERSE_BOUNDARY_AND_ENTITY_IDENTIFICATION,PUBLIC_DIRECTORY_DISCOVERY_AND_FULL_EXPORT
https://WWW.CSX.COM.KY,MIC_REGISTERED_SITE,KY,FULL_LISTED_ISSUER_AND_SECURITY_DIRECTORY;FULL_MEMBER_OR_LICENSEE_DIRECTORY;SOURCE_TOTAL_AND_PAGINATION_RECONCILIATION;ISIN_LEI_MIC_LINKING,REVIEW_MARKET_TYPE_AND_REGULATORY_ROLE_NOT_EVERY_SITE_IS_EQUITY_EXCHANGE,,UNKNOWN,AUTHORITATIVE_UNIVERSE_BOUNDARY_AND_ENTITY_IDENTIFICATION,PUBLIC_DIRECTORY_DISCOVERY_AND_FULL_EXPORT
https://WWW.CTEXCHANGE.CO.ZA,MIC_REGISTERED_SITE,ZA,FULL_LISTED_ISSUER_AND_SECURITY_DIRECTORY;FULL_MEMBER_OR_LICENSEE_DIRECTORY;SOURCE_TOTAL_AND_PAGINATION_RECONCILIATION;ISIN_LEI_MIC_LINKING,REVIEW_MARKET_TYPE_AND_REGULATORY_ROLE_NOT_EVERY_SITE_IS_EQUITY_EXCHANGE,200,UNKNOWN,AUTHORITATIVE_UNIVERSE_BOUNDARY_AND_ENTITY_IDENTIFICATION,PUBLIC_DIRECTORY_DISCOVERY_AND_FULL_EXPORT
https://WWW.CURRENEX.COM,MIC_REGISTERED_SITE,GB|US,FULL_LISTED_ISSUER_AND_SECURITY_DIRECTORY;FULL_MEMBER_OR_LICENSEE_DIRECTORY;SOURCE_TOTAL_AND_PAGINATION_RECONCILIATION;ISIN_LEI_MIC_LINKING,REVIEW_MARKET_TYPE_AND_REGULATORY_ROLE_NOT_EVERY_SITE_IS_EQUITY_EXCHANGE,200,UNKNOWN,AUTHORITATIVE_UNIVERSE_BOUNDARY_AND_ENTITY_IDENTIFICATION,PUBLIC_DIRECTORY_DISCOVERY_AND_FULL_EXPORT
https://WWW.CURRENEXMTF.COM/OUR-OFFERING,MIC_REGISTERED_SITE,IE,FULL_LISTED_ISSUER_AND_SECURITY_DIRECTORY;FULL_MEMBER_OR_LICENSEE_DIRECTORY;SOURCE_TOTAL_AND_PAGINATION_RECONCILIATION;ISIN_LEI_MIC_LINKING,REVIEW_MARKET_TYPE_AND_REGULATORY_ROLE_NOT_EVERY_SITE_IS_EQUITY_EXCHANGE,,UNKNOWN,AUTHORITATIVE_UNIVERSE_BOUNDARY_AND_ENTITY_IDENTIFICATION,PUBLIC_DIRECTORY_DISCOVERY_AND_FULL_EXPORT
https://WWW.CZCE.COM.CN,MIC_REGISTERED_SITE,CN,FULL_LISTED_ISSUER_AND_SECURITY_DIRECTORY;FULL_MEMBER_OR_LICENSEE_DIRECTORY;SOURCE_TOTAL_AND_PAGINATION_RECONCILIATION;ISIN_LEI_MIC_LINKING,REVIEW_MARKET_TYPE_AND_REGULATORY_ROLE_NOT_EVERY_SITE_IS_EQUITY_EXCHANGE,,UNKNOWN,AUTHORITATIVE_UNIVERSE_BOUNDARY_AND_ENTITY_IDENTIFICATION,PUBLIC_DIRECTORY_DISCOVERY_AND_FULL_EXPORT
https://WWW.DAIWA.JP,MIC_REGISTERED_SITE,JP,FULL_LISTED_ISSUER_AND_SECURITY_DIRECTORY;FULL_MEMBER_OR_LICENSEE_DIRECTORY;SOURCE_TOTAL_AND_PAGINATION_RECONCILIATION;ISIN_LEI_MIC_LINKING,REVIEW_MARKET_TYPE_AND_REGULATORY_ROLE_NOT_EVERY_SITE_IS_EQUITY_EXCHANGE,200,UNKNOWN,AUTHORITATIVE_UNIVERSE_BOUNDARY_AND_ENTITY_IDENTIFICATION,PUBLIC_DIRECTORY_DISCOVERY_AND_FULL_EXPORT
https://WWW.DANSKEBANK.CO.UK,MIC_REGISTERED_SITE,GB,FULL_LISTED_ISSUER_AND_SECURITY_DIRECTORY;FULL_MEMBER_OR_LICENSEE_DIRECTORY;SOURCE_TOTAL_AND_PAGINATION_RECONCILIATION;ISIN_LEI_MIC_LINKING,REVIEW_MARKET_TYPE_AND_REGULATORY_ROLE_NOT_EVERY_SITE_IS_EQUITY_EXCHANGE,200,UNKNOWN,AUTHORITATIVE_UNIVERSE_BOUNDARY_AND_ENTITY_IDENTIFICATION,PUBLIC_DIRECTORY_DISCOVERY_AND_FULL_EXPORT
https://WWW.DANSKEBANK.DK,MIC_REGISTERED_SITE,DK,FULL_LISTED_ISSUER_AND_SECURITY_DIRECTORY;FULL_MEMBER_OR_LICENSEE_DIRECTORY;SOURCE_TOTAL_AND_PAGINATION_RECONCILIATION;ISIN_LEI_MIC_LINKING,REVIEW_MARKET_TYPE_AND_REGULATORY_ROLE_NOT_EVERY_SITE_IS_EQUITY_EXCHANGE,200,UNKNOWN,AUTHORITATIVE_UNIVERSE_BOUNDARY_AND_ENTITY_IDENTIFICATION,PUBLIC_DIRECTORY_DISCOVERY_AND_FULL_EXPORT
https://WWW.DANSKOTC.DK,MIC_REGISTERED_SITE,DK,FULL_LISTED_ISSUER_AND_SECURITY_DIRECTORY;FULL_MEMBER_OR_LICENSEE_DIRECTORY;SOURCE_TOTAL_AND_PAGINATION_RECONCILIATION;ISIN_LEI_MIC_LINKING,REVIEW_MARKET_TYPE_AND_REGULATORY_ROLE_NOT_EVERY_SITE_IS_EQUITY_EXCHANGE,200,UNKNOWN,AUTHORITATIVE_UNIVERSE_BOUNDARY_AND_ENTITY_IDENTIFICATION,PUBLIC_DIRECTORY_DISCOVERY_AND_FULL_EXPORT
https://WWW.DARSTOCKEXCHANGE.COM,MIC_REGISTERED_SITE,TZ,FULL_LISTED_ISSUER_AND_SECURITY_DIRECTORY;FULL_MEMBER_OR_LICENSEE_DIRECTORY;SOURCE_TOTAL_AND_PAGINATION_RECONCILIATION;ISIN_LEI_MIC_LINKING,REVIEW_MARKET_TYPE_AND_REGULATORY_ROLE_NOT_EVERY_SITE_IS_EQUITY_EXCHANGE,200,UNKNOWN,AUTHORITATIVE_UNIVERSE_BOUNDARY_AND_ENTITY_IDENTIFICATION,PUBLIC_DIRECTORY_DISCOVERY_AND_FULL_EXPORT
https://WWW.DASE.COM,MIC_REGISTERED_SITE,CZ,FULL_LISTED_ISSUER_AND_SECURITY_DIRECTORY;FULL_MEMBER_OR_LICENSEE_DIRECTORY;SOURCE_TOTAL_AND_PAGINATION_RECONCILIATION;ISIN_LEI_MIC_LINKING,REVIEW_MARKET_TYPE_AND_REGULATORY_ROLE_NOT_EVERY_SITE_IS_EQUITY_EXCHANGE,200,UNKNOWN,AUTHORITATIVE_UNIVERSE_BOUNDARY_AND_ENTITY_IDENTIFICATION,PUBLIC_DIRECTORY_DISCOVERY_AND_FULL_EXPORT
https://WWW.DASHFINANCIAL.COM,MIC_REGISTERED_SITE,US,FULL_LISTED_ISSUER_AND_SECURITY_DIRECTORY;FULL_MEMBER_OR_LICENSEE_DIRECTORY;SOURCE_TOTAL_AND_PAGINATION_RECONCILIATION;ISIN_LEI_MIC_LINKING,REVIEW_MARKET_TYPE_AND_REGULATORY_ROLE_NOT_EVERY_SITE_IS_EQUITY_EXCHANGE,200,UNKNOWN,AUTHORITATIVE_UNIVERSE_BOUNDARY_AND_ENTITY_IDENTIFICATION,PUBLIC_DIRECTORY_DISCOVERY_AND_FULL_EXPORT
https://WWW.DAVY.IE,MIC_REGISTERED_SITE,IE,FULL_LISTED_ISSUER_AND_SECURITY_DIRECTORY;FULL_MEMBER_OR_LICENSEE_DIRECTORY;SOURCE_TOTAL_AND_PAGINATION_RECONCILIATION;ISIN_LEI_MIC_LINKING,REVIEW_MARKET_TYPE_AND_REGULATORY_ROLE_NOT_EVERY_SITE_IS_EQUITY_EXCHANGE,200,UNKNOWN,AUTHORITATIVE_UNIVERSE_BOUNDARY_AND_ENTITY_IDENTIFICATION,PUBLIC_DIRECTORY_DISCOVERY_AND_FULL_EXPORT
https://WWW.DB.COM,MIC_REGISTERED_SITE,DE|GB|HK|LU|US,FULL_LISTED_ISSUER_AND_SECURITY_DIRECTORY;FULL_MEMBER_OR_LICENSEE_DIRECTORY;SOURCE_TOTAL_AND_PAGINATION_RECONCILIATION;ISIN_LEI_MIC_LINKING,REVIEW_MARKET_TYPE_AND_REGULATORY_ROLE_NOT_EVERY_SITE_IS_EQUITY_EXCHANGE,200,UNKNOWN,AUTHORITATIVE_UNIVERSE_BOUNDARY_AND_ENTITY_IDENTIFICATION,PUBLIC_DIRECTORY_DISCOVERY_AND_FULL_EXPORT
https://WWW.DB.COM/HONGKONG/,MIC_REGISTERED_SITE,DE|GB|HK|LU|US,FULL_LISTED_ISSUER_AND_SECURITY_DIRECTORY;FULL_MEMBER_OR_LICENSEE_DIRECTORY;SOURCE_TOTAL_AND_PAGINATION_RECONCILIATION;ISIN_LEI_MIC_LINKING,REVIEW_MARKET_TYPE_AND_REGULATORY_ROLE_NOT_EVERY_SITE_IS_EQUITY_EXCHANGE,200,UNKNOWN,AUTHORITATIVE_UNIVERSE_BOUNDARY_AND_ENTITY_IDENTIFICATION,PUBLIC_DIRECTORY_DISCOVERY_AND_FULL_EXPORT
https://WWW.DB.COM/LUXEMBOURG,MIC_REGISTERED_SITE,DE|GB|HK|LU|US,FULL_LISTED_ISSUER_AND_SECURITY_DIRECTORY;FULL_MEMBER_OR_LICENSEE_DIRECTORY;SOURCE_TOTAL_AND_PAGINATION_RECONCILIATION;ISIN_LEI_MIC_LINKING,REVIEW_MARKET_TYPE_AND_REGULATORY_ROLE_NOT_EVERY_SITE_IS_EQUITY_EXCHANGE,200,UNKNOWN,AUTHORITATIVE_UNIVERSE_BOUNDARY_AND_ENTITY_IDENTIFICATION,PUBLIC_DIRECTORY_DISCOVERY_AND_FULL_EXPORT
https://WWW.DBOTTRADING.COM,MIC_REGISTERED_SITE,US,FULL_LISTED_ISSUER_AND_SECURITY_DIRECTORY;FULL_MEMBER_OR_LICENSEE_DIRECTORY;SOURCE_TOTAL_AND_PAGINATION_RECONCILIATION;ISIN_LEI_MIC_LINKING,REVIEW_MARKET_TYPE_AND_REGULATORY_ROLE_NOT_EVERY_SITE_IS_EQUITY_EXCHANGE,,UNKNOWN,AUTHORITATIVE_UNIVERSE_BOUNDARY_AND_ENTITY_IDENTIFICATION,PUBLIC_DIRECTORY_DISCOVERY_AND_FULL_EXPORT
https://WWW.DBV-X.COM,MIC_REGISTERED_SITE,GB,FULL_LISTED_ISSUER_AND_SECURITY_DIRECTORY;FULL_MEMBER_OR_LICENSEE_DIRECTORY;SOURCE_TOTAL_AND_PAGINATION_RECONCILIATION;ISIN_LEI_MIC_LINKING,REVIEW_MARKET_TYPE_AND_REGULATORY_ROLE_NOT_EVERY_SITE_IS_EQUITY_EXCHANGE,,UNKNOWN,AUTHORITATIVE_UNIVERSE_BOUNDARY_AND_ENTITY_IDENTIFICATION,PUBLIC_DIRECTORY_DISCOVERY_AND_FULL_EXPORT
https://WWW.DCSX.AN,MIC_REGISTERED_SITE,CW,FULL_LISTED_ISSUER_AND_SECURITY_DIRECTORY;FULL_MEMBER_OR_LICENSEE_DIRECTORY;SOURCE_TOTAL_AND_PAGINATION_RECONCILIATION;ISIN_LEI_MIC_LINKING,REVIEW_MARKET_TYPE_AND_REGULATORY_ROLE_NOT_EVERY_SITE_IS_EQUITY_EXCHANGE,,UNKNOWN,AUTHORITATIVE_UNIVERSE_BOUNDARY_AND_ENTITY_IDENTIFICATION,PUBLIC_DIRECTORY_DISCOVERY_AND_FULL_EXPORT
https://WWW.DEGROOFPETERCAM.COM/EN-LU,MIC_REGISTERED_SITE,LU,FULL_LISTED_ISSUER_AND_SECURITY_DIRECTORY;FULL_MEMBER_OR_LICENSEE_DIRECTORY;SOURCE_TOTAL_AND_PAGINATION_RECONCILIATION;ISIN_LEI_MIC_LINKING,REVIEW_MARKET_TYPE_AND_REGULATORY_ROLE_NOT_EVERY_SITE_IS_EQUITY_EXCHANGE,404,UNKNOWN,AUTHORITATIVE_UNIVERSE_BOUNDARY_AND_ENTITY_IDENTIFICATION,PUBLIC_DIRECTORY_DISCOVERY_AND_FULL_EXPORT
https://WWW.DEKA.DE,MIC_REGISTERED_SITE,DE,FULL_LISTED_ISSUER_AND_SECURITY_DIRECTORY;FULL_MEMBER_OR_LICENSEE_DIRECTORY;SOURCE_TOTAL_AND_PAGINATION_RECONCILIATION;ISIN_LEI_MIC_LINKING,REVIEW_MARKET_TYPE_AND_REGULATORY_ROLE_NOT_EVERY_SITE_IS_EQUITY_EXCHANGE,,UNKNOWN,AUTHORITATIVE_UNIVERSE_BOUNDARY_AND_ENTITY_IDENTIFICATION,PUBLIC_DIRECTORY_DISCOVERY_AND_FULL_EXPORT
https://WWW.DESHAW.COM,MIC_REGISTERED_SITE,US,FULL_LISTED_ISSUER_AND_SECURITY_DIRECTORY;FULL_MEMBER_OR_LICENSEE_DIRECTORY;SOURCE_TOTAL_AND_PAGINATION_RECONCILIATION;ISIN_LEI_MIC_LINKING,REVIEW_MARKET_TYPE_AND_REGULATORY_ROLE_NOT_EVERY_SITE_IS_EQUITY_EXCHANGE,200,UNKNOWN,AUTHORITATIVE_UNIVERSE_BOUNDARY_AND_ENTITY_IDENTIFICATION,PUBLIC_DIRECTORY_DISCOVERY_AND_FULL_EXPORT
https://WWW.DEUTSCHE-BOERSE.COM,MIC_REGISTERED_SITE,DE,FULL_LISTED_ISSUER_AND_SECURITY_DIRECTORY;FULL_MEMBER_OR_LICENSEE_DIRECTORY;SOURCE_TOTAL_AND_PAGINATION_RECONCILIATION;ISIN_LEI_MIC_LINKING,REVIEW_MARKET_TYPE_AND_REGULATORY_ROLE_NOT_EVERY_SITE_IS_EQUITY_EXCHANGE,404,UNKNOWN,AUTHORITATIVE_UNIVERSE_BOUNDARY_AND_ENTITY_IDENTIFICATION,PUBLIC_DIRECTORY_DISCOVERY_AND_FULL_EXPORT
https://WWW.DEX.AE,MIC_REGISTERED_SITE,AE,FULL_LISTED_ISSUER_AND_SECURITY_DIRECTORY;FULL_MEMBER_OR_LICENSEE_DIRECTORY;SOURCE_TOTAL_AND_PAGINATION_RECONCILIATION;ISIN_LEI_MIC_LINKING,REVIEW_MARKET_TYPE_AND_REGULATORY_ROLE_NOT_EVERY_SITE_IS_EQUITY_EXCHANGE,,UNKNOWN,AUTHORITATIVE_UNIVERSE_BOUNDARY_AND_ENTITY_IDENTIFICATION,PUBLIC_DIRECTORY_DISCOVERY_AND_FULL_EXPORT
https://WWW.DFM.CO.AE,MIC_REGISTERED_SITE,AE,FULL_LISTED_ISSUER_AND_SECURITY_DIRECTORY;FULL_MEMBER_OR_LICENSEE_DIRECTORY;SOURCE_TOTAL_AND_PAGINATION_RECONCILIATION;ISIN_LEI_MIC_LINKING,REVIEW_MARKET_TYPE_AND_REGULATORY_ROLE_NOT_EVERY_SITE_IS_EQUITY_EXCHANGE,,UNKNOWN,AUTHORITATIVE_UNIVERSE_BOUNDARY_AND_ENTITY_IDENTIFICATION,PUBLIC_DIRECTORY_DISCOVERY_AND_FULL_EXPORT
https://WWW.DGCX.AE,MIC_REGISTERED_SITE,AE,FULL_LISTED_ISSUER_AND_SECURITY_DIRECTORY;FULL_MEMBER_OR_LICENSEE_DIRECTORY;SOURCE_TOTAL_AND_PAGINATION_RECONCILIATION;ISIN_LEI_MIC_LINKING,REVIEW_MARKET_TYPE_AND_REGULATORY_ROLE_NOT_EVERY_SITE_IS_EQUITY_EXCHANGE,403,UNKNOWN,AUTHORITATIVE_UNIVERSE_BOUNDARY_AND_ENTITY_IDENTIFICATION,PUBLIC_DIRECTORY_DISCOVERY_AND_FULL_EXPORT
https://WWW.DIGITALVEGA.COM,MIC_REGISTERED_SITE,GB,FULL_LISTED_ISSUER_AND_SECURITY_DIRECTORY;FULL_MEMBER_OR_LICENSEE_DIRECTORY;SOURCE_TOTAL_AND_PAGINATION_RECONCILIATION;ISIN_LEI_MIC_LINKING,REVIEW_MARKET_TYPE_AND_REGULATORY_ROLE_NOT_EVERY_SITE_IS_EQUITY_EXCHANGE,200,UNKNOWN,AUTHORITATIVE_UNIVERSE_BOUNDARY_AND_ENTITY_IDENTIFICATION,PUBLIC_DIRECTORY_DISCOVERY_AND_FULL_EXPORT
https://WWW.DJS.DK,MIC_REGISTERED_SITE,DK,FULL_LISTED_ISSUER_AND_SECURITY_DIRECTORY;FULL_MEMBER_OR_LICENSEE_DIRECTORY;SOURCE_TOTAL_AND_PAGINATION_RECONCILIATION;ISIN_LEI_MIC_LINKING,REVIEW_MARKET_TYPE_AND_REGULATORY_ROLE_NOT_EVERY_SITE_IS_EQUITY_EXCHANGE,200,UNKNOWN,AUTHORITATIVE_UNIVERSE_BOUNDARY_AND_ENTITY_IDENTIFICATION,PUBLIC_DIRECTORY_DISCOVERY_AND_FULL_EXPORT
https://WWW.DNB.NO,MIC_REGISTERED_SITE,NO,FULL_LISTED_ISSUER_AND_SECURITY_DIRECTORY;FULL_MEMBER_OR_LICENSEE_DIRECTORY;SOURCE_TOTAL_AND_PAGINATION_RECONCILIATION;ISIN_LEI_MIC_LINKING,REVIEW_MARKET_TYPE_AND_REGULATORY_ROLE_NOT_EVERY_SITE_IS_EQUITY_EXCHANGE,200,UNKNOWN,AUTHORITATIVE_UNIVERSE_BOUNDARY_AND_ENTITY_IDENTIFICATION,PUBLIC_DIRECTORY_DISCOVERY_AND_FULL_EXPORT
https://WWW.DOUALA-STOCK-EXCHANGE.COM,MIC_REGISTERED_SITE,CM,FULL_LISTED_ISSUER_AND_SECURITY_DIRECTORY;FULL_MEMBER_OR_LICENSEE_DIRECTORY;SOURCE_TOTAL_AND_PAGINATION_RECONCILIATION;ISIN_LEI_MIC_LINKING,REVIEW_MARKET_TYPE_AND_REGULATORY_ROLE_NOT_EVERY_SITE_IS_EQUITY_EXCHANGE,,UNKNOWN,AUTHORITATIVE_UNIVERSE_BOUNDARY_AND_ENTITY_IDENTIFICATION,PUBLIC_DIRECTORY_DISCOVERY_AND_FULL_EXPORT
https://WWW.DOWGATE.COM,MIC_REGISTERED_SITE,GB,FULL_LISTED_ISSUER_AND_SECURITY_DIRECTORY;FULL_MEMBER_OR_LICENSEE_DIRECTORY;SOURCE_TOTAL_AND_PAGINATION_RECONCILIATION;ISIN_LEI_MIC_LINKING,REVIEW_MARKET_TYPE_AND_REGULATORY_ROLE_NOT_EVERY_SITE_IS_EQUITY_EXCHANGE,,UNKNOWN,AUTHORITATIVE_UNIVERSE_BOUNDARY_AND_ENTITY_IDENTIFICATION,PUBLIC_DIRECTORY_DISCOVERY_AND_FULL_EXPORT
https://WWW.DRIVEWEALTH.COM,MIC_REGISTERED_SITE,US,FULL_LISTED_ISSUER_AND_SECURITY_DIRECTORY;FULL_MEMBER_OR_LICENSEE_DIRECTORY;SOURCE_TOTAL_AND_PAGINATION_RECONCILIATION;ISIN_LEI_MIC_LINKING,REVIEW_MARKET_TYPE_AND_REGULATORY_ROLE_NOT_EVERY_SITE_IS_EQUITY_EXCHANGE,200,UNKNOWN,AUTHORITATIVE_UNIVERSE_BOUNDARY_AND_ENTITY_IDENTIFICATION,PUBLIC_DIRECTORY_DISCOVERY_AND_FULL_EXPORT
https://WWW.DSE.SY,MIC_REGISTERED_SITE,SY,FULL_LISTED_ISSUER_AND_SECURITY_DIRECTORY;FULL_MEMBER_OR_LICENSEE_DIRECTORY;SOURCE_TOTAL_AND_PAGINATION_RECONCILIATION;ISIN_LEI_MIC_LINKING,REVIEW_MARKET_TYPE_AND_REGULATORY_ROLE_NOT_EVERY_SITE_IS_EQUITY_EXCHANGE,,UNKNOWN,AUTHORITATIVE_UNIVERSE_BOUNDARY_AND_ENTITY_IDENTIFICATION,PUBLIC_DIRECTORY_DISCOVERY_AND_FULL_EXPORT
https://WWW.DSEBD.ORG,MIC_REGISTERED_SITE,BD,FULL_LISTED_ISSUER_AND_SECURITY_DIRECTORY;FULL_MEMBER_OR_LICENSEE_DIRECTORY;SOURCE_TOTAL_AND_PAGINATION_RECONCILIATION;ISIN_LEI_MIC_LINKING,REVIEW_MARKET_TYPE_AND_REGULATORY_ROLE_NOT_EVERY_SITE_IS_EQUITY_EXCHANGE,200,UNKNOWN,AUTHORITATIVE_UNIVERSE_BOUNDARY_AND_ENTITY_IDENTIFICATION,PUBLIC_DIRECTORY_DISCOVERY_AND_FULL_EXPORT
https://WWW.DZBANK.DE,MIC_REGISTERED_SITE,DE,FULL_LISTED_ISSUER_AND_SECURITY_DIRECTORY;FULL_MEMBER_OR_LICENSEE_DIRECTORY;SOURCE_TOTAL_AND_PAGINATION_RECONCILIATION;ISIN_LEI_MIC_LINKING,REVIEW_MARKET_TYPE_AND_REGULATORY_ROLE_NOT_EVERY_SITE_IS_EQUITY_EXCHANGE,200,UNKNOWN,AUTHORITATIVE_UNIVERSE_BOUNDARY_AND_ENTITY_IDENTIFICATION,PUBLIC_DIRECTORY_DISCOVERY_AND_FULL_EXPORT
https://WWW.E-MID.IT,MIC_REGISTERED_SITE,IT,FULL_LISTED_ISSUER_AND_SECURITY_DIRECTORY;FULL_MEMBER_OR_LICENSEE_DIRECTORY;SOURCE_TOTAL_AND_PAGINATION_RECONCILIATION;ISIN_LEI_MIC_LINKING,REVIEW_MARKET_TYPE_AND_REGULATORY_ROLE_NOT_EVERY_SITE_IS_EQUITY_EXCHANGE,,UNKNOWN,AUTHORITATIVE_UNIVERSE_BOUNDARY_AND_ENTITY_IDENTIFICATION,PUBLIC_DIRECTORY_DISCOVERY_AND_FULL_EXPORT
https://WWW.EBI.IE,MIC_REGISTERED_SITE,IE,FULL_LISTED_ISSUER_AND_SECURITY_DIRECTORY;FULL_MEMBER_OR_LICENSEE_DIRECTORY;SOURCE_TOTAL_AND_PAGINATION_RECONCILIATION;ISIN_LEI_MIC_LINKING,REVIEW_MARKET_TYPE_AND_REGULATORY_ROLE_NOT_EVERY_SITE_IS_EQUITY_EXCHANGE,200,UNKNOWN,AUTHORITATIVE_UNIVERSE_BOUNDARY_AND_ENTITY_IDENTIFICATION,PUBLIC_DIRECTORY_DISCOVERY_AND_FULL_EXPORT
https://WWW.EBS.COM,MIC_REGISTERED_SITE,CH|GB|NL,FULL_LISTED_ISSUER_AND_SECURITY_DIRECTORY;FULL_MEMBER_OR_LICENSEE_DIRECTORY;SOURCE_TOTAL_AND_PAGINATION_RECONCILIATION;ISIN_LEI_MIC_LINKING,REVIEW_MARKET_TYPE_AND_REGULATORY_ROLE_NOT_EVERY_SITE_IS_EQUITY_EXCHANGE,,UNKNOWN,AUTHORITATIVE_UNIVERSE_BOUNDARY_AND_ENTITY_IDENTIFICATION,PUBLIC_DIRECTORY_DISCOVERY_AND_FULL_EXPORT
https://WWW.ECB.EUROPA.EU,MIC_REGISTERED_SITE,DE,FULL_LISTED_ISSUER_AND_SECURITY_DIRECTORY;FULL_MEMBER_OR_LICENSEE_DIRECTORY;SOURCE_TOTAL_AND_PAGINATION_RECONCILIATION;ISIN_LEI_MIC_LINKING,REVIEW_MARKET_TYPE_AND_REGULATORY_ROLE_NOT_EVERY_SITE_IS_EQUITY_EXCHANGE,,UNKNOWN,AUTHORITATIVE_UNIVERSE_BOUNDARY_AND_ENTITY_IDENTIFICATION,PUBLIC_DIRECTORY_DISCOVERY_AND_FULL_EXPORT
https://WWW.ECC.DE,MIC_REGISTERED_SITE,DE,FULL_LISTED_ISSUER_AND_SECURITY_DIRECTORY;FULL_MEMBER_OR_LICENSEE_DIRECTORY;SOURCE_TOTAL_AND_PAGINATION_RECONCILIATION;ISIN_LEI_MIC_LINKING,REVIEW_MARKET_TYPE_AND_REGULATORY_ROLE_NOT_EVERY_SITE_IS_EQUITY_EXCHANGE,200,UNKNOWN,AUTHORITATIVE_UNIVERSE_BOUNDARY_AND_ENTITY_IDENTIFICATION,PUBLIC_DIRECTORY_DISCOVERY_AND_FULL_EXPORT
https://WWW.ECSEONLINE.COM,MIC_REGISTERED_SITE,KN,FULL_LISTED_ISSUER_AND_SECURITY_DIRECTORY;FULL_MEMBER_OR_LICENSEE_DIRECTORY;SOURCE_TOTAL_AND_PAGINATION_RECONCILIATION;ISIN_LEI_MIC_LINKING,REVIEW_MARKET_TYPE_AND_REGULATORY_ROLE_NOT_EVERY_SITE_IS_EQUITY_EXCHANGE,200,UNKNOWN,AUTHORITATIVE_UNIVERSE_BOUNDARY_AND_ENTITY_IDENTIFICATION,PUBLIC_DIRECTORY_DISCOVERY_AND_FULL_EXPORT
https://WWW.ECX.EU,MIC_REGISTERED_SITE,NL,FULL_LISTED_ISSUER_AND_SECURITY_DIRECTORY;FULL_MEMBER_OR_LICENSEE_DIRECTORY;SOURCE_TOTAL_AND_PAGINATION_RECONCILIATION;ISIN_LEI_MIC_LINKING,REVIEW_MARKET_TYPE_AND_REGULATORY_ROLE_NOT_EVERY_SITE_IS_EQUITY_EXCHANGE,,UNKNOWN,AUTHORITATIVE_UNIVERSE_BOUNDARY_AND_ENTITY_IDENTIFICATION,PUBLIC_DIRECTORY_DISCOVERY_AND_FULL_EXPORT
https://WWW.EDMOND-DE-ROTHSCHILD.COM,MIC_REGISTERED_SITE,FR,FULL_LISTED_ISSUER_AND_SECURITY_DIRECTORY;FULL_MEMBER_OR_LICENSEE_DIRECTORY;SOURCE_TOTAL_AND_PAGINATION_RECONCILIATION;ISIN_LEI_MIC_LINKING,REVIEW_MARKET_TYPE_AND_REGULATORY_ROLE_NOT_EVERY_SITE_IS_EQUITY_EXCHANGE,200,UNKNOWN,AUTHORITATIVE_UNIVERSE_BOUNDARY_AND_ENTITY_IDENTIFICATION,PUBLIC_DIRECTORY_DISCOVERY_AND_FULL_EXPORT
https://WWW.EDXMARKETS.COM,MIC_REGISTERED_SITE,US,FULL_LISTED_ISSUER_AND_SECURITY_DIRECTORY;FULL_MEMBER_OR_LICENSEE_DIRECTORY;SOURCE_TOTAL_AND_PAGINATION_RECONCILIATION;ISIN_LEI_MIC_LINKING,REVIEW_MARKET_TYPE_AND_REGULATORY_ROLE_NOT_EVERY_SITE_IS_EQUITY_EXCHANGE,200,UNKNOWN,AUTHORITATIVE_UNIVERSE_BOUNDARY_AND_ENTITY_IDENTIFICATION,PUBLIC_DIRECTORY_DISCOVERY_AND_FULL_EXPORT
https://WWW.EESE.CO.ZA,MIC_REGISTERED_SITE,ZA,FULL_LISTED_ISSUER_AND_SECURITY_DIRECTORY;FULL_MEMBER_OR_LICENSEE_DIRECTORY;SOURCE_TOTAL_AND_PAGINATION_RECONCILIATION;ISIN_LEI_MIC_LINKING,REVIEW_MARKET_TYPE_AND_REGULATORY_ROLE_NOT_EVERY_SITE_IS_EQUITY_EXCHANGE,,UNKNOWN,AUTHORITATIVE_UNIVERSE_BOUNDARY_AND_ENTITY_IDENTIFICATION,PUBLIC_DIRECTORY_DISCOVERY_AND_FULL_EXPORT
https://WWW.EESE.COM.UA,MIC_REGISTERED_SITE,UA,FULL_LISTED_ISSUER_AND_SECURITY_DIRECTORY;FULL_MEMBER_OR_LICENSEE_DIRECTORY;SOURCE_TOTAL_AND_PAGINATION_RECONCILIATION;ISIN_LEI_MIC_LINKING,REVIEW_MARKET_TYPE_AND_REGULATORY_ROLE_NOT_EVERY_SITE_IS_EQUITY_EXCHANGE,200,UNKNOWN,AUTHORITATIVE_UNIVERSE_BOUNDARY_AND_ENTITY_IDENTIFICATION,PUBLIC_DIRECTORY_DISCOVERY_AND_FULL_EXPORT
https://WWW.EEX.COM,MIC_REGISTERED_SITE,DE,FULL_LISTED_ISSUER_AND_SECURITY_DIRECTORY;FULL_MEMBER_OR_LICENSEE_DIRECTORY;SOURCE_TOTAL_AND_PAGINATION_RECONCILIATION;ISIN_LEI_MIC_LINKING,REVIEW_MARKET_TYPE_AND_REGULATORY_ROLE_NOT_EVERY_SITE_IS_EQUITY_EXCHANGE,200,UNKNOWN,AUTHORITATIVE_UNIVERSE_BOUNDARY_AND_ENTITY_IDENTIFICATION,PUBLIC_DIRECTORY_DISCOVERY_AND_FULL_EXPORT
https://WWW.EEXASIA.COM,MIC_REGISTERED_SITE,SG,FULL_LISTED_ISSUER_AND_SECURITY_DIRECTORY;FULL_MEMBER_OR_LICENSEE_DIRECTORY;SOURCE_TOTAL_AND_PAGINATION_RECONCILIATION;ISIN_LEI_MIC_LINKING,REVIEW_MARKET_TYPE_AND_REGULATORY_ROLE_NOT_EVERY_SITE_IS_EQUITY_EXCHANGE,200,UNKNOWN,AUTHORITATIVE_UNIVERSE_BOUNDARY_AND_ENTITY_IDENTIFICATION,PUBLIC_DIRECTORY_DISCOVERY_AND_FULL_EXPORT
https://WWW.EGLP.COM,MIC_REGISTERED_SITE,US,FULL_LISTED_ISSUER_AND_SECURITY_DIRECTORY;FULL_MEMBER_OR_LICENSEE_DIRECTORY;SOURCE_TOTAL_AND_PAGINATION_RECONCILIATION;ISIN_LEI_MIC_LINKING,REVIEW_MARKET_TYPE_AND_REGULATORY_ROLE_NOT_EVERY_SITE_IS_EQUITY_EXCHANGE,200,UNKNOWN,AUTHORITATIVE_UNIVERSE_BOUNDARY_AND_ENTITY_IDENTIFICATION,PUBLIC_DIRECTORY_DISCOVERY_AND_FULL_EXPORT
https://WWW.EGYPTSE.COM,MIC_REGISTERED_SITE,EG,FULL_LISTED_ISSUER_AND_SECURITY_DIRECTORY;FULL_MEMBER_OR_LICENSEE_DIRECTORY;SOURCE_TOTAL_AND_PAGINATION_RECONCILIATION;ISIN_LEI_MIC_LINKING,REVIEW_MARKET_TYPE_AND_REGULATORY_ROLE_NOT_EVERY_SITE_IS_EQUITY_EXCHANGE,,UNKNOWN,AUTHORITATIVE_UNIVERSE_BOUNDARY_AND_ENTITY_IDENTIFICATION,PUBLIC_DIRECTORY_DISCOVERY_AND_FULL_EXPORT
https://WWW.ELECTRONX.COM,MIC_REGISTERED_SITE,US,FULL_LISTED_ISSUER_AND_SECURITY_DIRECTORY;FULL_MEMBER_OR_LICENSEE_DIRECTORY;SOURCE_TOTAL_AND_PAGINATION_RECONCILIATION;ISIN_LEI_MIC_LINKING,REVIEW_MARKET_TYPE_AND_REGULATORY_ROLE_NOT_EVERY_SITE_IS_EQUITY_EXCHANGE,200,UNKNOWN,AUTHORITATIVE_UNIVERSE_BOUNDARY_AND_ENTITY_IDENTIFICATION,PUBLIC_DIRECTORY_DISCOVERY_AND_FULL_EXPORT
https://WWW.ELIXIUM.COM,MIC_REGISTERED_SITE,FR,FULL_LISTED_ISSUER_AND_SECURITY_DIRECTORY;FULL_MEMBER_OR_LICENSEE_DIRECTORY;SOURCE_TOTAL_AND_PAGINATION_RECONCILIATION;ISIN_LEI_MIC_LINKING,REVIEW_MARKET_TYPE_AND_REGULATORY_ROLE_NOT_EVERY_SITE_IS_EQUITY_EXCHANGE,,UNKNOWN,AUTHORITATIVE_UNIVERSE_BOUNDARY_AND_ENTITY_IDENTIFICATION,PUBLIC_DIRECTORY_DISCOVERY_AND_FULL_EXPORT
https://WWW.ELXFUTURES.COM,MIC_REGISTERED_SITE,US,FULL_LISTED_ISSUER_AND_SECURITY_DIRECTORY;FULL_MEMBER_OR_LICENSEE_DIRECTORY;SOURCE_TOTAL_AND_PAGINATION_RECONCILIATION;ISIN_LEI_MIC_LINKING,REVIEW_MARKET_TYPE_AND_REGULATORY_ROLE_NOT_EVERY_SITE_IS_EQUITY_EXCHANGE,,UNKNOWN,AUTHORITATIVE_UNIVERSE_BOUNDARY_AND_ENTITY_IDENTIFICATION,PUBLIC_DIRECTORY_DISCOVERY_AND_FULL_EXPORT
https://WWW.EMBONDS.COM,MIC_REGISTERED_SITE,GB,FULL_LISTED_ISSUER_AND_SECURITY_DIRECTORY;FULL_MEMBER_OR_LICENSEE_DIRECTORY;SOURCE_TOTAL_AND_PAGINATION_RECONCILIATION;ISIN_LEI_MIC_LINKING,REVIEW_MARKET_TYPE_AND_REGULATORY_ROLE_NOT_EVERY_SITE_IS_EQUITY_EXCHANGE,,UNKNOWN,AUTHORITATIVE_UNIVERSE_BOUNDARY_AND_ENTITY_IDENTIFICATION,PUBLIC_DIRECTORY_DISCOVERY_AND_FULL_EXPORT
https://WWW.EMEA.WF.COM,MIC_REGISTERED_SITE,GB,FULL_LISTED_ISSUER_AND_SECURITY_DIRECTORY;FULL_MEMBER_OR_LICENSEE_DIRECTORY;SOURCE_TOTAL_AND_PAGINATION_RECONCILIATION;ISIN_LEI_MIC_LINKING,REVIEW_MARKET_TYPE_AND_REGULATORY_ROLE_NOT_EVERY_SITE_IS_EQUITY_EXCHANGE,,UNKNOWN,AUTHORITATIVE_UNIVERSE_BOUNDARY_AND_ENTITY_IDENTIFICATION,PUBLIC_DIRECTORY_DISCOVERY_AND_FULL_EXPORT
https://WWW.ENERGIEFINANZ.EU,MIC_REGISTERED_SITE,DE,FULL_LISTED_ISSUER_AND_SECURITY_DIRECTORY;FULL_MEMBER_OR_LICENSEE_DIRECTORY;SOURCE_TOTAL_AND_PAGINATION_RECONCILIATION;ISIN_LEI_MIC_LINKING,REVIEW_MARKET_TYPE_AND_REGULATORY_ROLE_NOT_EVERY_SITE_IS_EQUITY_EXCHANGE,,UNKNOWN,AUTHORITATIVE_UNIVERSE_BOUNDARY_AND_ENTITY_IDENTIFICATION,PUBLIC_DIRECTORY_DISCOVERY_AND_FULL_EXPORT
https://WWW.ENEXGROUP.GR,MIC_REGISTERED_SITE,GR,FULL_LISTED_ISSUER_AND_SECURITY_DIRECTORY;FULL_MEMBER_OR_LICENSEE_DIRECTORY;SOURCE_TOTAL_AND_PAGINATION_RECONCILIATION;ISIN_LEI_MIC_LINKING,REVIEW_MARKET_TYPE_AND_REGULATORY_ROLE_NOT_EVERY_SITE_IS_EQUITY_EXCHANGE,200,UNKNOWN,AUTHORITATIVE_UNIVERSE_BOUNDARY_AND_ENTITY_IDENTIFICATION,PUBLIC_DIRECTORY_DISCOVERY_AND_FULL_EXPORT
https://WWW.ENTERPRISECOMMODITY.COM,MIC_REGISTERED_SITE,GB,FULL_LISTED_ISSUER_AND_SECURITY_DIRECTORY;FULL_MEMBER_OR_LICENSEE_DIRECTORY;SOURCE_TOTAL_AND_PAGINATION_RECONCILIATION;ISIN_LEI_MIC_LINKING,REVIEW_MARKET_TYPE_AND_REGULATORY_ROLE_NOT_EVERY_SITE_IS_EQUITY_EXCHANGE,200,UNKNOWN,AUTHORITATIVE_UNIVERSE_BOUNDARY_AND_ENTITY_IDENTIFICATION,PUBLIC_DIRECTORY_DISCOVERY_AND_FULL_EXPORT
https://WWW.EPEXSPOT.COM,MIC_REGISTERED_SITE,FR|GB,FULL_LISTED_ISSUER_AND_SECURITY_DIRECTORY;FULL_MEMBER_OR_LICENSEE_DIRECTORY;SOURCE_TOTAL_AND_PAGINATION_RECONCILIATION;ISIN_LEI_MIC_LINKING,REVIEW_MARKET_TYPE_AND_REGULATORY_ROLE_NOT_EVERY_SITE_IS_EQUITY_EXCHANGE,,UNKNOWN,AUTHORITATIVE_UNIVERSE_BOUNDARY_AND_ENTITY_IDENTIFICATION,PUBLIC_DIRECTORY_DISCOVERY_AND_FULL_EXPORT
https://WWW.EPIAS.COM.TR,MIC_REGISTERED_SITE,TR,FULL_LISTED_ISSUER_AND_SECURITY_DIRECTORY;FULL_MEMBER_OR_LICENSEE_DIRECTORY;SOURCE_TOTAL_AND_PAGINATION_RECONCILIATION;ISIN_LEI_MIC_LINKING,REVIEW_MARKET_TYPE_AND_REGULATORY_ROLE_NOT_EVERY_SITE_IS_EQUITY_EXCHANGE,200,UNKNOWN,AUTHORITATIVE_UNIVERSE_BOUNDARY_AND_ENTITY_IDENTIFICATION,PUBLIC_DIRECTORY_DISCOVERY_AND_FULL_EXPORT
https://WWW.EQUIDUCT-TRADING.DE,MIC_REGISTERED_SITE,DE,FULL_LISTED_ISSUER_AND_SECURITY_DIRECTORY;FULL_MEMBER_OR_LICENSEE_DIRECTORY;SOURCE_TOTAL_AND_PAGINATION_RECONCILIATION;ISIN_LEI_MIC_LINKING,REVIEW_MARKET_TYPE_AND_REGULATORY_ROLE_NOT_EVERY_SITE_IS_EQUITY_EXCHANGE,,UNKNOWN,AUTHORITATIVE_UNIVERSE_BOUNDARY_AND_ENTITY_IDENTIFICATION,PUBLIC_DIRECTORY_DISCOVERY_AND_FULL_EXPORT
https://WWW.EQUILEND.COM,MIC_REGISTERED_SITE,CA|GB|IE|US,FULL_LISTED_ISSUER_AND_SECURITY_DIRECTORY;FULL_MEMBER_OR_LICENSEE_DIRECTORY;SOURCE_TOTAL_AND_PAGINATION_RECONCILIATION;ISIN_LEI_MIC_LINKING,REVIEW_MARKET_TYPE_AND_REGULATORY_ROLE_NOT_EVERY_SITE_IS_EQUITY_EXCHANGE,200,UNKNOWN,AUTHORITATIVE_UNIVERSE_BOUNDARY_AND_ENTITY_IDENTIFICATION,PUBLIC_DIRECTORY_DISCOVERY_AND_FULL_EXPORT
https://WWW.ERSTEBANK.HU,MIC_REGISTERED_SITE,HU,FULL_LISTED_ISSUER_AND_SECURITY_DIRECTORY;FULL_MEMBER_OR_LICENSEE_DIRECTORY;SOURCE_TOTAL_AND_PAGINATION_RECONCILIATION;ISIN_LEI_MIC_LINKING,REVIEW_MARKET_TYPE_AND_REGULATORY_ROLE_NOT_EVERY_SITE_IS_EQUITY_EXCHANGE,200,UNKNOWN,AUTHORITATIVE_UNIVERSE_BOUNDARY_AND_ENTITY_IDENTIFICATION,PUBLIC_DIRECTORY_DISCOVERY_AND_FULL_EXPORT
https://WWW.ERSTEBROKER.HU,MIC_REGISTERED_SITE,HU,FULL_LISTED_ISSUER_AND_SECURITY_DIRECTORY;FULL_MEMBER_OR_LICENSEE_DIRECTORY;SOURCE_TOTAL_AND_PAGINATION_RECONCILIATION;ISIN_LEI_MIC_LINKING,REVIEW_MARKET_TYPE_AND_REGULATORY_ROLE_NOT_EVERY_SITE_IS_EQUITY_EXCHANGE,,UNKNOWN,AUTHORITATIVE_UNIVERSE_BOUNDARY_AND_ENTITY_IDENTIFICATION,PUBLIC_DIRECTORY_DISCOVERY_AND_FULL_EXPORT
https://WWW.ERSTEGROUP.COM,MIC_REGISTERED_SITE,AT,FULL_LISTED_ISSUER_AND_SECURITY_DIRECTORY;FULL_MEMBER_OR_LICENSEE_DIRECTORY;SOURCE_TOTAL_AND_PAGINATION_RECONCILIATION;ISIN_LEI_MIC_LINKING,REVIEW_MARKET_TYPE_AND_REGULATORY_ROLE_NOT_EVERY_SITE_IS_EQUITY_EXCHANGE,200,UNKNOWN,AUTHORITATIVE_UNIVERSE_BOUNDARY_AND_ENTITY_IDENTIFICATION,PUBLIC_DIRECTORY_DISCOVERY_AND_FULL_EXPORT
https://WWW.ESE.ORG.SZ,MIC_REGISTERED_SITE,SZ,FULL_LISTED_ISSUER_AND_SECURITY_DIRECTORY;FULL_MEMBER_OR_LICENSEE_DIRECTORY;SOURCE_TOTAL_AND_PAGINATION_RECONCILIATION;ISIN_LEI_MIC_LINKING,REVIEW_MARKET_TYPE_AND_REGULATORY_ROLE_NOT_EVERY_SITE_IS_EQUITY_EXCHANGE,,UNKNOWN,AUTHORITATIVE_UNIVERSE_BOUNDARY_AND_ENTITY_IDENTIFICATION,PUBLIC_DIRECTORY_DISCOVERY_AND_FULL_EXPORT
https://WWW.ESSEXRADEZ.COM,MIC_REGISTERED_SITE,US,FULL_LISTED_ISSUER_AND_SECURITY_DIRECTORY;FULL_MEMBER_OR_LICENSEE_DIRECTORY;SOURCE_TOTAL_AND_PAGINATION_RECONCILIATION;ISIN_LEI_MIC_LINKING,REVIEW_MARKET_TYPE_AND_REGULATORY_ROLE_NOT_EVERY_SITE_IS_EQUITY_EXCHANGE,,UNKNOWN,AUTHORITATIVE_UNIVERSE_BOUNDARY_AND_ENTITY_IDENTIFICATION,PUBLIC_DIRECTORY_DISCOVERY_AND_FULL_EXPORT
https://WWW.ETORO.COM,MIC_REGISTERED_SITE,CY,FULL_LISTED_ISSUER_AND_SECURITY_DIRECTORY;FULL_MEMBER_OR_LICENSEE_DIRECTORY;SOURCE_TOTAL_AND_PAGINATION_RECONCILIATION;ISIN_LEI_MIC_LINKING,REVIEW_MARKET_TYPE_AND_REGULATORY_ROLE_NOT_EVERY_SITE_IS_EQUITY_EXCHANGE,200,UNKNOWN,AUTHORITATIVE_UNIVERSE_BOUNDARY_AND_ENTITY_IDENTIFICATION,PUBLIC_DIRECTORY_DISCOVERY_AND_FULL_EXPORT
https://WWW.ETPA.NL,MIC_REGISTERED_SITE,NL,FULL_LISTED_ISSUER_AND_SECURITY_DIRECTORY;FULL_MEMBER_OR_LICENSEE_DIRECTORY;SOURCE_TOTAL_AND_PAGINATION_RECONCILIATION;ISIN_LEI_MIC_LINKING,REVIEW_MARKET_TYPE_AND_REGULATORY_ROLE_NOT_EVERY_SITE_IS_EQUITY_EXCHANGE,404,UNKNOWN,AUTHORITATIVE_UNIVERSE_BOUNDARY_AND_ENTITY_IDENTIFICATION,PUBLIC_DIRECTORY_DISCOVERY_AND_FULL_EXPORT
https://WWW.ETS.KZ/EN/,MIC_REGISTERED_SITE,KZ,FULL_LISTED_ISSUER_AND_SECURITY_DIRECTORY;FULL_MEMBER_OR_LICENSEE_DIRECTORY;SOURCE_TOTAL_AND_PAGINATION_RECONCILIATION;ISIN_LEI_MIC_LINKING,REVIEW_MARKET_TYPE_AND_REGULATORY_ROLE_NOT_EVERY_SITE_IS_EQUITY_EXCHANGE,,UNKNOWN,AUTHORITATIVE_UNIVERSE_BOUNDARY_AND_ENTITY_IDENTIFICATION,PUBLIC_DIRECTORY_DISCOVERY_AND_FULL_EXPORT
https://WWW.EUREX-BONDS.COM,MIC_REGISTERED_SITE,DE,FULL_LISTED_ISSUER_AND_SECURITY_DIRECTORY;FULL_MEMBER_OR_LICENSEE_DIRECTORY;SOURCE_TOTAL_AND_PAGINATION_RECONCILIATION;ISIN_LEI_MIC_LINKING,REVIEW_MARKET_TYPE_AND_REGULATORY_ROLE_NOT_EVERY_SITE_IS_EQUITY_EXCHANGE,,UNKNOWN,AUTHORITATIVE_UNIVERSE_BOUNDARY_AND_ENTITY_IDENTIFICATION,PUBLIC_DIRECTORY_DISCOVERY_AND_FULL_EXPORT
https://WWW.EUREXCHANGE.COM,MIC_REGISTERED_SITE,DE|SG,FULL_LISTED_ISSUER_AND_SECURITY_DIRECTORY;FULL_MEMBER_OR_LICENSEE_DIRECTORY;SOURCE_TOTAL_AND_PAGINATION_RECONCILIATION;ISIN_LEI_MIC_LINKING,REVIEW_MARKET_TYPE_AND_REGULATORY_ROLE_NOT_EVERY_SITE_IS_EQUITY_EXCHANGE,404,UNKNOWN,AUTHORITATIVE_UNIVERSE_BOUNDARY_AND_ENTITY_IDENTIFICATION,PUBLIC_DIRECTORY_DISCOVERY_AND_FULL_EXPORT
https://WWW.EUREXCHANGE.COM/EXCHANGE-EN/ABOUT-US/EUREXASIA,MIC_REGISTERED_SITE,DE|SG,FULL_LISTED_ISSUER_AND_SECURITY_DIRECTORY;FULL_MEMBER_OR_LICENSEE_DIRECTORY;SOURCE_TOTAL_AND_PAGINATION_RECONCILIATION;ISIN_LEI_MIC_LINKING,REVIEW_MARKET_TYPE_AND_REGULATORY_ROLE_NOT_EVERY_SITE_IS_EQUITY_EXCHANGE,404,UNKNOWN,AUTHORITATIVE_UNIVERSE_BOUNDARY_AND_ENTITY_IDENTIFICATION,PUBLIC_DIRECTORY_DISCOVERY_AND_FULL_EXPORT
https://WWW.EUREXCLEARING.COM,MIC_REGISTERED_SITE,DE,FULL_LISTED_ISSUER_AND_SECURITY_DIRECTORY;FULL_MEMBER_OR_LICENSEE_DIRECTORY;SOURCE_TOTAL_AND_PAGINATION_RECONCILIATION;ISIN_LEI_MIC_LINKING,REVIEW_MARKET_TYPE_AND_REGULATORY_ROLE_NOT_EVERY_SITE_IS_EQUITY_EXCHANGE,404,UNKNOWN,AUTHORITATIVE_UNIVERSE_BOUNDARY_AND_ENTITY_IDENTIFICATION,PUBLIC_DIRECTORY_DISCOVERY_AND_FULL_EXPORT
https://WWW.EUREXCLEARING.COM/CLEARING-EN/,MIC_REGISTERED_SITE,DE,FULL_LISTED_ISSUER_AND_SECURITY_DIRECTORY;FULL_MEMBER_OR_LICENSEE_DIRECTORY;SOURCE_TOTAL_AND_PAGINATION_RECONCILIATION;ISIN_LEI_MIC_LINKING,REVIEW_MARKET_TYPE_AND_REGULATORY_ROLE_NOT_EVERY_SITE_IS_EQUITY_EXCHANGE,404,UNKNOWN,AUTHORITATIVE_UNIVERSE_BOUNDARY_AND_ENTITY_IDENTIFICATION,PUBLIC_DIRECTORY_DISCOVERY_AND_FULL_EXPORT
https://WWW.EUREXREPO.COM,MIC_REGISTERED_SITE,CH|DE,FULL_LISTED_ISSUER_AND_SECURITY_DIRECTORY;FULL_MEMBER_OR_LICENSEE_DIRECTORY;SOURCE_TOTAL_AND_PAGINATION_RECONCILIATION;ISIN_LEI_MIC_LINKING,REVIEW_MARKET_TYPE_AND_REGULATORY_ROLE_NOT_EVERY_SITE_IS_EQUITY_EXCHANGE,404,UNKNOWN,AUTHORITATIVE_UNIVERSE_BOUNDARY_AND_ENTITY_IDENTIFICATION,PUBLIC_DIRECTORY_DISCOVERY_AND_FULL_EXPORT
https://WWW.EUROBANK.GR,MIC_REGISTERED_SITE,GR,FULL_LISTED_ISSUER_AND_SECURITY_DIRECTORY;FULL_MEMBER_OR_LICENSEE_DIRECTORY;SOURCE_TOTAL_AND_PAGINATION_RECONCILIATION;ISIN_LEI_MIC_LINKING,REVIEW_MARKET_TYPE_AND_REGULATORY_ROLE_NOT_EVERY_SITE_IS_EQUITY_EXCHANGE,403,UNKNOWN,AUTHORITATIVE_UNIVERSE_BOUNDARY_AND_ENTITY_IDENTIFICATION,PUBLIC_DIRECTORY_DISCOVERY_AND_FULL_EXPORT
https://WWW.EUROCREDITMTS.COM,MIC_REGISTERED_SITE,GB,FULL_LISTED_ISSUER_AND_SECURITY_DIRECTORY;FULL_MEMBER_OR_LICENSEE_DIRECTORY;SOURCE_TOTAL_AND_PAGINATION_RECONCILIATION;ISIN_LEI_MIC_LINKING,REVIEW_MARKET_TYPE_AND_REGULATORY_ROLE_NOT_EVERY_SITE_IS_EQUITY_EXCHANGE,200,UNKNOWN,AUTHORITATIVE_UNIVERSE_BOUNDARY_AND_ENTITY_IDENTIFICATION,PUBLIC_DIRECTORY_DISCOVERY_AND_FULL_EXPORT
https://WWW.EUROFINANCE.BG,MIC_REGISTERED_SITE,BG,FULL_LISTED_ISSUER_AND_SECURITY_DIRECTORY;FULL_MEMBER_OR_LICENSEE_DIRECTORY;SOURCE_TOTAL_AND_PAGINATION_RECONCILIATION;ISIN_LEI_MIC_LINKING,REVIEW_MARKET_TYPE_AND_REGULATORY_ROLE_NOT_EVERY_SITE_IS_EQUITY_EXCHANGE,200,UNKNOWN,AUTHORITATIVE_UNIVERSE_BOUNDARY_AND_ENTITY_IDENTIFICATION,PUBLIC_DIRECTORY_DISCOVERY_AND_FULL_EXPORT
https://WWW.EUROMTS-LTD.COM,MIC_REGISTERED_SITE,GB,FULL_LISTED_ISSUER_AND_SECURITY_DIRECTORY;FULL_MEMBER_OR_LICENSEE_DIRECTORY;SOURCE_TOTAL_AND_PAGINATION_RECONCILIATION;ISIN_LEI_MIC_LINKING,REVIEW_MARKET_TYPE_AND_REGULATORY_ROLE_NOT_EVERY_SITE_IS_EQUITY_EXCHANGE,,UNKNOWN,AUTHORITATIVE_UNIVERSE_BOUNDARY_AND_ENTITY_IDENTIFICATION,PUBLIC_DIRECTORY_DISCOVERY_AND_FULL_EXPORT
https://WWW.EURONEXT.COM,MIC_REGISTERED_SITE,BE|FR|GB|IE|NL|NO|PT|US,FULL_LISTED_ISSUER_AND_SECURITY_DIRECTORY;FULL_MEMBER_OR_LICENSEE_DIRECTORY;SOURCE_TOTAL_AND_PAGINATION_RECONCILIATION;ISIN_LEI_MIC_LINKING,REVIEW_MARKET_TYPE_AND_REGULATORY_ROLE_NOT_EVERY_SITE_IS_EQUITY_EXCHANGE,200,UNKNOWN,AUTHORITATIVE_UNIVERSE_BOUNDARY_AND_ENTITY_IDENTIFICATION,PUBLIC_DIRECTORY_DISCOVERY_AND_FULL_EXPORT
https://WWW.EURONEXT.COM/BLOCKMTF,MIC_REGISTERED_SITE,BE|FR|GB|IE|NL|NO|PT|US,FULL_LISTED_ISSUER_AND_SECURITY_DIRECTORY;FULL_MEMBER_OR_LICENSEE_DIRECTORY;SOURCE_TOTAL_AND_PAGINATION_RECONCILIATION;ISIN_LEI_MIC_LINKING,REVIEW_MARKET_TYPE_AND_REGULATORY_ROLE_NOT_EVERY_SITE_IS_EQUITY_EXCHANGE,404,UNKNOWN,AUTHORITATIVE_UNIVERSE_BOUNDARY_AND_ENTITY_IDENTIFICATION,PUBLIC_DIRECTORY_DISCOVERY_AND_FULL_EXPORT
https://WWW.EURONEXT.COM/EN,MIC_REGISTERED_SITE,BE|FR|GB|IE|NL|NO|PT|US,FULL_LISTED_ISSUER_AND_SECURITY_DIRECTORY;FULL_MEMBER_OR_LICENSEE_DIRECTORY;SOURCE_TOTAL_AND_PAGINATION_RECONCILIATION;ISIN_LEI_MIC_LINKING,REVIEW_MARKET_TYPE_AND_REGULATORY_ROLE_NOT_EVERY_SITE_IS_EQUITY_EXCHANGE,404,UNKNOWN,AUTHORITATIVE_UNIVERSE_BOUNDARY_AND_ENTITY_IDENTIFICATION,PUBLIC_DIRECTORY_DISCOVERY_AND_FULL_EXPORT
https://WWW.EURONEXT.COM/LANDING/EQUITIESOP-21363-EN.HTML,MIC_REGISTERED_SITE,BE|FR|GB|IE|NL|NO|PT|US,FULL_LISTED_ISSUER_AND_SECURITY_DIRECTORY;FULL_MEMBER_OR_LICENSEE_DIRECTORY;SOURCE_TOTAL_AND_PAGINATION_RECONCILIATION;ISIN_LEI_MIC_LINKING,REVIEW_MARKET_TYPE_AND_REGULATORY_ROLE_NOT_EVERY_SITE_IS_EQUITY_EXCHANGE,404,UNKNOWN,AUTHORITATIVE_UNIVERSE_BOUNDARY_AND_ENTITY_IDENTIFICATION,PUBLIC_DIRECTORY_DISCOVERY_AND_FULL_EXPORT
https://WWW.EURONEXTFX.COM,MIC_REGISTERED_SITE,SG|US,FULL_LISTED_ISSUER_AND_SECURITY_DIRECTORY;FULL_MEMBER_OR_LICENSEE_DIRECTORY;SOURCE_TOTAL_AND_PAGINATION_RECONCILIATION;ISIN_LEI_MIC_LINKING,REVIEW_MARKET_TYPE_AND_REGULATORY_ROLE_NOT_EVERY_SITE_IS_EQUITY_EXCHANGE,200,UNKNOWN,AUTHORITATIVE_UNIVERSE_BOUNDARY_AND_ENTITY_IDENTIFICATION,PUBLIC_DIRECTORY_DISCOVERY_AND_FULL_EXPORT
https://WWW.EURONEXTFX.COM/EURONEXT-SINGAPORE,MIC_REGISTERED_SITE,SG|US,FULL_LISTED_ISSUER_AND_SECURITY_DIRECTORY;FULL_MEMBER_OR_LICENSEE_DIRECTORY;SOURCE_TOTAL_AND_PAGINATION_RECONCILIATION;ISIN_LEI_MIC_LINKING,REVIEW_MARKET_TYPE_AND_REGULATORY_ROLE_NOT_EVERY_SITE_IS_EQUITY_EXCHANGE,404,UNKNOWN,AUTHORITATIVE_UNIVERSE_BOUNDARY_AND_ENTITY_IDENTIFICATION,PUBLIC_DIRECTORY_DISCOVERY_AND_FULL_EXPORT
https://WWW.EUWAX-AG.DE,MIC_REGISTERED_SITE,DE,FULL_LISTED_ISSUER_AND_SECURITY_DIRECTORY;FULL_MEMBER_OR_LICENSEE_DIRECTORY;SOURCE_TOTAL_AND_PAGINATION_RECONCILIATION;ISIN_LEI_MIC_LINKING,REVIEW_MARKET_TYPE_AND_REGULATORY_ROLE_NOT_EVERY_SITE_IS_EQUITY_EXCHANGE,200,UNKNOWN,AUTHORITATIVE_UNIVERSE_BOUNDARY_AND_ENTITY_IDENTIFICATION,PUBLIC_DIRECTORY_DISCOVERY_AND_FULL_EXPORT
https://WWW.EUWAX.DE,MIC_REGISTERED_SITE,DE,FULL_LISTED_ISSUER_AND_SECURITY_DIRECTORY;FULL_MEMBER_OR_LICENSEE_DIRECTORY;SOURCE_TOTAL_AND_PAGINATION_RECONCILIATION;ISIN_LEI_MIC_LINKING,REVIEW_MARKET_TYPE_AND_REGULATORY_ROLE_NOT_EVERY_SITE_IS_EQUITY_EXCHANGE,,UNKNOWN,AUTHORITATIVE_UNIVERSE_BOUNDARY_AND_ENTITY_IDENTIFICATION,PUBLIC_DIRECTORY_DISCOVERY_AND_FULL_EXPORT
https://WWW.EVOMARKETS.COM,MIC_REGISTERED_SITE,GB,FULL_LISTED_ISSUER_AND_SECURITY_DIRECTORY;FULL_MEMBER_OR_LICENSEE_DIRECTORY;SOURCE_TOTAL_AND_PAGINATION_RECONCILIATION;ISIN_LEI_MIC_LINKING,REVIEW_MARKET_TYPE_AND_REGULATORY_ROLE_NOT_EVERY_SITE_IS_EQUITY_EXCHANGE,200,UNKNOWN,AUTHORITATIVE_UNIVERSE_BOUNDARY_AND_ENTITY_IDENTIFICATION,PUBLIC_DIRECTORY_DISCOVERY_AND_FULL_EXPORT
https://WWW.EWSM.EU,MIC_REGISTERED_SITE,MT,FULL_LISTED_ISSUER_AND_SECURITY_DIRECTORY;FULL_MEMBER_OR_LICENSEE_DIRECTORY;SOURCE_TOTAL_AND_PAGINATION_RECONCILIATION;ISIN_LEI_MIC_LINKING,REVIEW_MARKET_TYPE_AND_REGULATORY_ROLE_NOT_EVERY_SITE_IS_EQUITY_EXCHANGE,,UNKNOWN,AUTHORITATIVE_UNIVERSE_BOUNDARY_AND_ENTITY_IDENTIFICATION,PUBLIC_DIRECTORY_DISCOVERY_AND_FULL_EXPORT
https://WWW.EXAA.AT,MIC_REGISTERED_SITE,AT,FULL_LISTED_ISSUER_AND_SECURITY_DIRECTORY;FULL_MEMBER_OR_LICENSEE_DIRECTORY;SOURCE_TOTAL_AND_PAGINATION_RECONCILIATION;ISIN_LEI_MIC_LINKING,REVIEW_MARKET_TYPE_AND_REGULATORY_ROLE_NOT_EVERY_SITE_IS_EQUITY_EXCHANGE,200,UNKNOWN,AUTHORITATIVE_UNIVERSE_BOUNDARY_AND_ENTITY_IDENTIFICATION,PUBLIC_DIRECTORY_DISCOVERY_AND_FULL_EXPORT
https://WWW.EXANE.COM,MIC_REGISTERED_SITE,FR|GB,FULL_LISTED_ISSUER_AND_SECURITY_DIRECTORY;FULL_MEMBER_OR_LICENSEE_DIRECTORY;SOURCE_TOTAL_AND_PAGINATION_RECONCILIATION;ISIN_LEI_MIC_LINKING,REVIEW_MARKET_TYPE_AND_REGULATORY_ROLE_NOT_EVERY_SITE_IS_EQUITY_EXCHANGE,,UNKNOWN,AUTHORITATIVE_UNIVERSE_BOUNDARY_AND_ENTITY_IDENTIFICATION,PUBLIC_DIRECTORY_DISCOVERY_AND_FULL_EXPORT
https://WWW.EXBXG.COM,MIC_REGISTERED_SITE,CN,FULL_LISTED_ISSUER_AND_SECURITY_DIRECTORY;FULL_MEMBER_OR_LICENSEE_DIRECTORY;SOURCE_TOTAL_AND_PAGINATION_RECONCILIATION;ISIN_LEI_MIC_LINKING,REVIEW_MARKET_TYPE_AND_REGULATORY_ROLE_NOT_EVERY_SITE_IS_EQUITY_EXCHANGE,,UNKNOWN,AUTHORITATIVE_UNIVERSE_BOUNDARY_AND_ENTITY_IDENTIFICATION,PUBLIC_DIRECTORY_DISCOVERY_AND_FULL_EXPORT
https://WWW.EXCHANGE.JO,MIC_REGISTERED_SITE,JO,FULL_LISTED_ISSUER_AND_SECURITY_DIRECTORY;FULL_MEMBER_OR_LICENSEE_DIRECTORY;SOURCE_TOTAL_AND_PAGINATION_RECONCILIATION;ISIN_LEI_MIC_LINKING,REVIEW_MARKET_TYPE_AND_REGULATORY_ROLE_NOT_EVERY_SITE_IS_EQUITY_EXCHANGE,200,UNKNOWN,AUTHORITATIVE_UNIVERSE_BOUNDARY_AND_ENTITY_IDENTIFICATION,PUBLIC_DIRECTORY_DISCOVERY_AND_FULL_EXPORT
https://WWW.EXOTIX.COM,MIC_REGISTERED_SITE,GB,FULL_LISTED_ISSUER_AND_SECURITY_DIRECTORY;FULL_MEMBER_OR_LICENSEE_DIRECTORY;SOURCE_TOTAL_AND_PAGINATION_RECONCILIATION;ISIN_LEI_MIC_LINKING,REVIEW_MARKET_TYPE_AND_REGULATORY_ROLE_NOT_EVERY_SITE_IS_EQUITY_EXCHANGE,200,UNKNOWN,AUTHORITATIVE_UNIVERSE_BOUNDARY_AND_ENTITY_IDENTIFICATION,PUBLIC_DIRECTORY_DISCOVERY_AND_FULL_EXPORT
https://WWW.FENICS.COM,MIC_REGISTERED_SITE,US,FULL_LISTED_ISSUER_AND_SECURITY_DIRECTORY;FULL_MEMBER_OR_LICENSEE_DIRECTORY;SOURCE_TOTAL_AND_PAGINATION_RECONCILIATION;ISIN_LEI_MIC_LINKING,REVIEW_MARKET_TYPE_AND_REGULATORY_ROLE_NOT_EVERY_SITE_IS_EQUITY_EXCHANGE,403,UNKNOWN,AUTHORITATIVE_UNIVERSE_BOUNDARY_AND_ENTITY_IDENTIFICATION,PUBLIC_DIRECTORY_DISCOVERY_AND_FULL_EXPORT
https://WWW.FENICSFX.COM,MIC_REGISTERED_SITE,US,FULL_LISTED_ISSUER_AND_SECURITY_DIRECTORY;FULL_MEMBER_OR_LICENSEE_DIRECTORY;SOURCE_TOTAL_AND_PAGINATION_RECONCILIATION;ISIN_LEI_MIC_LINKING,REVIEW_MARKET_TYPE_AND_REGULATORY_ROLE_NOT_EVERY_SITE_IS_EQUITY_EXCHANGE,403,UNKNOWN,AUTHORITATIVE_UNIVERSE_BOUNDARY_AND_ENTITY_IDENTIFICATION,PUBLIC_DIRECTORY_DISCOVERY_AND_FULL_EXPORT
https://WWW.FENICSUST.COM,MIC_REGISTERED_SITE,US,FULL_LISTED_ISSUER_AND_SECURITY_DIRECTORY;FULL_MEMBER_OR_LICENSEE_DIRECTORY;SOURCE_TOTAL_AND_PAGINATION_RECONCILIATION;ISIN_LEI_MIC_LINKING,REVIEW_MARKET_TYPE_AND_REGULATORY_ROLE_NOT_EVERY_SITE_IS_EQUITY_EXCHANGE,403,UNKNOWN,AUTHORITATIVE_UNIVERSE_BOUNDARY_AND_ENTITY_IDENTIFICATION,PUBLIC_DIRECTORY_DISCOVERY_AND_FULL_EXPORT
https://WWW.FEX.COM.AU,MIC_REGISTERED_SITE,AU,FULL_LISTED_ISSUER_AND_SECURITY_DIRECTORY;FULL_MEMBER_OR_LICENSEE_DIRECTORY;SOURCE_TOTAL_AND_PAGINATION_RECONCILIATION;ISIN_LEI_MIC_LINKING,REVIEW_MARKET_TYPE_AND_REGULATORY_ROLE_NOT_EVERY_SITE_IS_EQUITY_EXCHANGE,200,UNKNOWN,AUTHORITATIVE_UNIVERSE_BOUNDARY_AND_ENTITY_IDENTIFICATION,PUBLIC_DIRECTORY_DISCOVERY_AND_FULL_EXPORT
https://WWW.FICONEX.COM,MIC_REGISTERED_SITE,DE,FULL_LISTED_ISSUER_AND_SECURITY_DIRECTORY;FULL_MEMBER_OR_LICENSEE_DIRECTORY;SOURCE_TOTAL_AND_PAGINATION_RECONCILIATION;ISIN_LEI_MIC_LINKING,REVIEW_MARKET_TYPE_AND_REGULATORY_ROLE_NOT_EVERY_SITE_IS_EQUITY_EXCHANGE,,UNKNOWN,AUTHORITATIVE_UNIVERSE_BOUNDARY_AND_ENTITY_IDENTIFICATION,PUBLIC_DIRECTORY_DISCOVERY_AND_FULL_EXPORT
https://WWW.FIDELITYCAPITALMARKETS.COM,MIC_REGISTERED_SITE,US,FULL_LISTED_ISSUER_AND_SECURITY_DIRECTORY;FULL_MEMBER_OR_LICENSEE_DIRECTORY;SOURCE_TOTAL_AND_PAGINATION_RECONCILIATION;ISIN_LEI_MIC_LINKING,REVIEW_MARKET_TYPE_AND_REGULATORY_ROLE_NOT_EVERY_SITE_IS_EQUITY_EXCHANGE,200,UNKNOWN,AUTHORITATIVE_UNIVERSE_BOUNDARY_AND_ENTITY_IDENTIFICATION,PUBLIC_DIRECTORY_DISCOVERY_AND_FULL_EXPORT
https://WWW.FINANCIALCONTENT.COM,MIC_REGISTERED_SITE,US,FULL_LISTED_ISSUER_AND_SECURITY_DIRECTORY;FULL_MEMBER_OR_LICENSEE_DIRECTORY;SOURCE_TOTAL_AND_PAGINATION_RECONCILIATION;ISIN_LEI_MIC_LINKING,REVIEW_MARKET_TYPE_AND_REGULATORY_ROLE_NOT_EVERY_SITE_IS_EQUITY_EXCHANGE,200,UNKNOWN,AUTHORITATIVE_UNIVERSE_BOUNDARY_AND_ENTITY_IDENTIFICATION,PUBLIC_DIRECTORY_DISCOVERY_AND_FULL_EXPORT
https://WWW.FINANTIA.PT,MIC_REGISTERED_SITE,PT,FULL_LISTED_ISSUER_AND_SECURITY_DIRECTORY;FULL_MEMBER_OR_LICENSEE_DIRECTORY;SOURCE_TOTAL_AND_PAGINATION_RECONCILIATION;ISIN_LEI_MIC_LINKING,REVIEW_MARKET_TYPE_AND_REGULATORY_ROLE_NOT_EVERY_SITE_IS_EQUITY_EXCHANGE,200,UNKNOWN,AUTHORITATIVE_UNIVERSE_BOUNDARY_AND_ENTITY_IDENTIFICATION,PUBLIC_DIRECTORY_DISCOVERY_AND_FULL_EXPORT
https://WWW.FINECOBANK.COM,MIC_REGISTERED_SITE,IT,FULL_LISTED_ISSUER_AND_SECURITY_DIRECTORY;FULL_MEMBER_OR_LICENSEE_DIRECTORY;SOURCE_TOTAL_AND_PAGINATION_RECONCILIATION;ISIN_LEI_MIC_LINKING,REVIEW_MARKET_TYPE_AND_REGULATORY_ROLE_NOT_EVERY_SITE_IS_EQUITY_EXCHANGE,403,UNKNOWN,AUTHORITATIVE_UNIVERSE_BOUNDARY_AND_ENTITY_IDENTIFICATION,PUBLIC_DIRECTORY_DISCOVERY_AND_FULL_EXPORT
https://WWW.FINRA.ORG,MIC_REGISTERED_SITE,US,FULL_LISTED_ISSUER_AND_SECURITY_DIRECTORY;FULL_MEMBER_OR_LICENSEE_DIRECTORY;SOURCE_TOTAL_AND_PAGINATION_RECONCILIATION;ISIN_LEI_MIC_LINKING,REVIEW_MARKET_TYPE_AND_REGULATORY_ROLE_NOT_EVERY_SITE_IS_EQUITY_EXCHANGE,200,UNKNOWN,AUTHORITATIVE_UNIVERSE_BOUNDARY_AND_ENTITY_IDENTIFICATION,PUBLIC_DIRECTORY_DISCOVERY_AND_FULL_EXPORT
https://WWW.FINRA.ORG/INDUSTRY/COMPLIANCE/MARKETTRANSPARENCY/ADF/,MIC_REGISTERED_SITE,US,FULL_LISTED_ISSUER_AND_SECURITY_DIRECTORY;FULL_MEMBER_OR_LICENSEE_DIRECTORY;SOURCE_TOTAL_AND_PAGINATION_RECONCILIATION;ISIN_LEI_MIC_LINKING,REVIEW_MARKET_TYPE_AND_REGULATORY_ROLE_NOT_EVERY_SITE_IS_EQUITY_EXCHANGE,200,UNKNOWN,AUTHORITATIVE_UNIVERSE_BOUNDARY_AND_ENTITY_IDENTIFICATION,PUBLIC_DIRECTORY_DISCOVERY_AND_FULL_EXPORT
https://WWW.FINRA.ORG/INDUSTRY/COMPLIANCE/MARKETTRANSPARENCY/TRF/PARTICIPANTS/,MIC_REGISTERED_SITE,US,FULL_LISTED_ISSUER_AND_SECURITY_DIRECTORY;FULL_MEMBER_OR_LICENSEE_DIRECTORY;SOURCE_TOTAL_AND_PAGINATION_RECONCILIATION;ISIN_LEI_MIC_LINKING,REVIEW_MARKET_TYPE_AND_REGULATORY_ROLE_NOT_EVERY_SITE_IS_EQUITY_EXCHANGE,404,UNKNOWN,AUTHORITATIVE_UNIVERSE_BOUNDARY_AND_ENTITY_IDENTIFICATION,PUBLIC_DIRECTORY_DISCOVERY_AND_FULL_EXPORT
https://WWW.FINSTREET.AE,MIC_REGISTERED_SITE,AE,FULL_LISTED_ISSUER_AND_SECURITY_DIRECTORY;FULL_MEMBER_OR_LICENSEE_DIRECTORY;SOURCE_TOTAL_AND_PAGINATION_RECONCILIATION;ISIN_LEI_MIC_LINKING,REVIEW_MARKET_TYPE_AND_REGULATORY_ROLE_NOT_EVERY_SITE_IS_EQUITY_EXCHANGE,200,UNKNOWN,AUTHORITATIVE_UNIVERSE_BOUNDARY_AND_ENTITY_IDENTIFICATION,PUBLIC_DIRECTORY_DISCOVERY_AND_FULL_EXPORT
https://WWW.FISHEX.NO,MIC_REGISTERED_SITE,NO,FULL_LISTED_ISSUER_AND_SECURITY_DIRECTORY;FULL_MEMBER_OR_LICENSEE_DIRECTORY;SOURCE_TOTAL_AND_PAGINATION_RECONCILIATION;ISIN_LEI_MIC_LINKING,REVIEW_MARKET_TYPE_AND_REGULATORY_ROLE_NOT_EVERY_SITE_IS_EQUITY_EXCHANGE,,UNKNOWN,AUTHORITATIVE_UNIVERSE_BOUNDARY_AND_ENTITY_IDENTIFICATION,PUBLIC_DIRECTORY_DISCOVERY_AND_FULL_EXPORT
https://WWW.FISHPOOL.EU,MIC_REGISTERED_SITE,NO,FULL_LISTED_ISSUER_AND_SECURITY_DIRECTORY;FULL_MEMBER_OR_LICENSEE_DIRECTORY;SOURCE_TOTAL_AND_PAGINATION_RECONCILIATION;ISIN_LEI_MIC_LINKING,REVIEW_MARKET_TYPE_AND_REGULATORY_ROLE_NOT_EVERY_SITE_IS_EQUITY_EXCHANGE,,UNKNOWN,AUTHORITATIVE_UNIVERSE_BOUNDARY_AND_ENTITY_IDENTIFICATION,PUBLIC_DIRECTORY_DISCOVERY_AND_FULL_EXPORT
https://WWW.FLOWTRADERS.COM,MIC_REGISTERED_SITE,NL|US,FULL_LISTED_ISSUER_AND_SECURITY_DIRECTORY;FULL_MEMBER_OR_LICENSEE_DIRECTORY;SOURCE_TOTAL_AND_PAGINATION_RECONCILIATION;ISIN_LEI_MIC_LINKING,REVIEW_MARKET_TYPE_AND_REGULATORY_ROLE_NOT_EVERY_SITE_IS_EQUITY_EXCHANGE,200,UNKNOWN,AUTHORITATIVE_UNIVERSE_BOUNDARY_AND_ENTITY_IDENTIFICATION,PUBLIC_DIRECTORY_DISCOVERY_AND_FULL_EXPORT
https://WWW.FMX.COM,MIC_REGISTERED_SITE,US,FULL_LISTED_ISSUER_AND_SECURITY_DIRECTORY;FULL_MEMBER_OR_LICENSEE_DIRECTORY;SOURCE_TOTAL_AND_PAGINATION_RECONCILIATION;ISIN_LEI_MIC_LINKING,REVIEW_MARKET_TYPE_AND_REGULATORY_ROLE_NOT_EVERY_SITE_IS_EQUITY_EXCHANGE,403,UNKNOWN,AUTHORITATIVE_UNIVERSE_BOUNDARY_AND_ENTITY_IDENTIFICATION,PUBLIC_DIRECTORY_DISCOVERY_AND_FULL_EXPORT
https://WWW.FMXNDF.COM,MIC_REGISTERED_SITE,SG,FULL_LISTED_ISSUER_AND_SECURITY_DIRECTORY;FULL_MEMBER_OR_LICENSEE_DIRECTORY;SOURCE_TOTAL_AND_PAGINATION_RECONCILIATION;ISIN_LEI_MIC_LINKING,REVIEW_MARKET_TYPE_AND_REGULATORY_ROLE_NOT_EVERY_SITE_IS_EQUITY_EXCHANGE,403,UNKNOWN,AUTHORITATIVE_UNIVERSE_BOUNDARY_AND_ENTITY_IDENTIFICATION,PUBLIC_DIRECTORY_DISCOVERY_AND_FULL_EXPORT
https://WWW.FORTESECURITIES.COM,MIC_REGISTERED_SITE,GB,FULL_LISTED_ISSUER_AND_SECURITY_DIRECTORY;FULL_MEMBER_OR_LICENSEE_DIRECTORY;SOURCE_TOTAL_AND_PAGINATION_RECONCILIATION;ISIN_LEI_MIC_LINKING,REVIEW_MARKET_TYPE_AND_REGULATORY_ROLE_NOT_EVERY_SITE_IS_EQUITY_EXCHANGE,200,UNKNOWN,AUTHORITATIVE_UNIVERSE_BOUNDARY_AND_ENTITY_IDENTIFICATION,PUBLIC_DIRECTORY_DISCOVERY_AND_FULL_EXPORT
https://WWW.FREIGHTINVESTORSERVICES.COM,MIC_REGISTERED_SITE,GB,FULL_LISTED_ISSUER_AND_SECURITY_DIRECTORY;FULL_MEMBER_OR_LICENSEE_DIRECTORY;SOURCE_TOTAL_AND_PAGINATION_RECONCILIATION;ISIN_LEI_MIC_LINKING,REVIEW_MARKET_TYPE_AND_REGULATORY_ROLE_NOT_EVERY_SITE_IS_EQUITY_EXCHANGE,200,UNKNOWN,AUTHORITATIVE_UNIVERSE_BOUNDARY_AND_ENTITY_IDENTIFICATION,PUBLIC_DIRECTORY_DISCOVERY_AND_FULL_EXPORT
https://WWW.FSE.OR.JP,MIC_REGISTERED_SITE,JP,FULL_LISTED_ISSUER_AND_SECURITY_DIRECTORY;FULL_MEMBER_OR_LICENSEE_DIRECTORY;SOURCE_TOTAL_AND_PAGINATION_RECONCILIATION;ISIN_LEI_MIC_LINKING,REVIEW_MARKET_TYPE_AND_REGULATORY_ROLE_NOT_EVERY_SITE_IS_EQUITY_EXCHANGE,200,UNKNOWN,AUTHORITATIVE_UNIVERSE_BOUNDARY_AND_ENTITY_IDENTIFICATION,PUBLIC_DIRECTORY_DISCOVERY_AND_FULL_EXPORT
https://WWW.FTSEF.COM,MIC_REGISTERED_SITE,US,FULL_LISTED_ISSUER_AND_SECURITY_DIRECTORY;FULL_MEMBER_OR_LICENSEE_DIRECTORY;SOURCE_TOTAL_AND_PAGINATION_RECONCILIATION;ISIN_LEI_MIC_LINKING,REVIEW_MARKET_TYPE_AND_REGULATORY_ROLE_NOT_EVERY_SITE_IS_EQUITY_EXCHANGE,,UNKNOWN,AUTHORITATIVE_UNIVERSE_BOUNDARY_AND_ENTITY_IDENTIFICATION,PUBLIC_DIRECTORY_DISCOVERY_AND_FULL_EXPORT
https://WWW.FTX.COM,MIC_REGISTERED_SITE,AG,FULL_LISTED_ISSUER_AND_SECURITY_DIRECTORY;FULL_MEMBER_OR_LICENSEE_DIRECTORY;SOURCE_TOTAL_AND_PAGINATION_RECONCILIATION;ISIN_LEI_MIC_LINKING,REVIEW_MARKET_TYPE_AND_REGULATORY_ROLE_NOT_EVERY_SITE_IS_EQUITY_EXCHANGE,200,UNKNOWN,AUTHORITATIVE_UNIVERSE_BOUNDARY_AND_ENTITY_IDENTIFICATION,PUBLIC_DIRECTORY_DISCOVERY_AND_FULL_EXPORT
https://WWW.FX.CBOE.COM,MIC_REGISTERED_SITE,CH|US,FULL_LISTED_ISSUER_AND_SECURITY_DIRECTORY;FULL_MEMBER_OR_LICENSEE_DIRECTORY;SOURCE_TOTAL_AND_PAGINATION_RECONCILIATION;ISIN_LEI_MIC_LINKING,REVIEW_MARKET_TYPE_AND_REGULATORY_ROLE_NOT_EVERY_SITE_IS_EQUITY_EXCHANGE,,UNKNOWN,AUTHORITATIVE_UNIVERSE_BOUNDARY_AND_ENTITY_IDENTIFICATION,PUBLIC_DIRECTORY_DISCOVERY_AND_FULL_EXPORT
https://WWW.FXALL.COM,MIC_REGISTERED_SITE,US,FULL_LISTED_ISSUER_AND_SECURITY_DIRECTORY;FULL_MEMBER_OR_LICENSEE_DIRECTORY;SOURCE_TOTAL_AND_PAGINATION_RECONCILIATION;ISIN_LEI_MIC_LINKING,REVIEW_MARKET_TYPE_AND_REGULATORY_ROLE_NOT_EVERY_SITE_IS_EQUITY_EXCHANGE,,UNKNOWN,AUTHORITATIVE_UNIVERSE_BOUNDARY_AND_ENTITY_IDENTIFICATION,PUBLIC_DIRECTORY_DISCOVERY_AND_FULL_EXPORT
https://WWW.FXCM.COM,MIC_REGISTERED_SITE,GB|US,FULL_LISTED_ISSUER_AND_SECURITY_DIRECTORY;FULL_MEMBER_OR_LICENSEE_DIRECTORY;SOURCE_TOTAL_AND_PAGINATION_RECONCILIATION;ISIN_LEI_MIC_LINKING,REVIEW_MARKET_TYPE_AND_REGULATORY_ROLE_NOT_EVERY_SITE_IS_EQUITY_EXCHANGE,403,UNKNOWN,AUTHORITATIVE_UNIVERSE_BOUNDARY_AND_ENTITY_IDENTIFICATION,PUBLIC_DIRECTORY_DISCOVERY_AND_FULL_EXPORT
https://WWW.FXCMPRO.COM/DCX,MIC_REGISTERED_SITE,US,FULL_LISTED_ISSUER_AND_SECURITY_DIRECTORY;FULL_MEMBER_OR_LICENSEE_DIRECTORY;SOURCE_TOTAL_AND_PAGINATION_RECONCILIATION;ISIN_LEI_MIC_LINKING,REVIEW_MARKET_TYPE_AND_REGULATORY_ROLE_NOT_EVERY_SITE_IS_EQUITY_EXCHANGE,403,UNKNOWN,AUTHORITATIVE_UNIVERSE_BOUNDARY_AND_ENTITY_IDENTIFICATION,PUBLIC_DIRECTORY_DISCOVERY_AND_FULL_EXPORT
https://WWW.FXCONNECTMTF.COM,MIC_REGISTERED_SITE,GB|IE,FULL_LISTED_ISSUER_AND_SECURITY_DIRECTORY;FULL_MEMBER_OR_LICENSEE_DIRECTORY;SOURCE_TOTAL_AND_PAGINATION_RECONCILIATION;ISIN_LEI_MIC_LINKING,REVIEW_MARKET_TYPE_AND_REGULATORY_ROLE_NOT_EVERY_SITE_IS_EQUITY_EXCHANGE,200,UNKNOWN,AUTHORITATIVE_UNIVERSE_BOUNDARY_AND_ENTITY_IDENTIFICATION,PUBLIC_DIRECTORY_DISCOVERY_AND_FULL_EXPORT
https://WWW.FXCONNECTMTF.COM/OUR-SERVICES,MIC_REGISTERED_SITE,GB|IE,FULL_LISTED_ISSUER_AND_SECURITY_DIRECTORY;FULL_MEMBER_OR_LICENSEE_DIRECTORY;SOURCE_TOTAL_AND_PAGINATION_RECONCILIATION;ISIN_LEI_MIC_LINKING,REVIEW_MARKET_TYPE_AND_REGULATORY_ROLE_NOT_EVERY_SITE_IS_EQUITY_EXCHANGE,404,UNKNOWN,AUTHORITATIVE_UNIVERSE_BOUNDARY_AND_ENTITY_IDENTIFICATION,PUBLIC_DIRECTORY_DISCOVERY_AND_FULL_EXPORT
https://WWW.FXSWAPX.COM,MIC_REGISTERED_SITE,US,FULL_LISTED_ISSUER_AND_SECURITY_DIRECTORY;FULL_MEMBER_OR_LICENSEE_DIRECTORY;SOURCE_TOTAL_AND_PAGINATION_RECONCILIATION;ISIN_LEI_MIC_LINKING,REVIEW_MARKET_TYPE_AND_REGULATORY_ROLE_NOT_EVERY_SITE_IS_EQUITY_EXCHANGE,200,UNKNOWN,AUTHORITATIVE_UNIVERSE_BOUNDARY_AND_ENTITY_IDENTIFICATION,PUBLIC_DIRECTORY_DISCOVERY_AND_FULL_EXPORT
https://WWW.G1X.COM,MIC_REGISTERED_SITE,US,FULL_LISTED_ISSUER_AND_SECURITY_DIRECTORY;FULL_MEMBER_OR_LICENSEE_DIRECTORY;SOURCE_TOTAL_AND_PAGINATION_RECONCILIATION;ISIN_LEI_MIC_LINKING,REVIEW_MARKET_TYPE_AND_REGULATORY_ROLE_NOT_EVERY_SITE_IS_EQUITY_EXCHANGE,,UNKNOWN,AUTHORITATIVE_UNIVERSE_BOUNDARY_AND_ENTITY_IDENTIFICATION,PUBLIC_DIRECTORY_DISCOVERY_AND_FULL_EXPORT
https://WWW.GAINGTX.COM,MIC_REGISTERED_SITE,BM|US,FULL_LISTED_ISSUER_AND_SECURITY_DIRECTORY;FULL_MEMBER_OR_LICENSEE_DIRECTORY;SOURCE_TOTAL_AND_PAGINATION_RECONCILIATION;ISIN_LEI_MIC_LINKING,REVIEW_MARKET_TYPE_AND_REGULATORY_ROLE_NOT_EVERY_SITE_IS_EQUITY_EXCHANGE,,UNKNOWN,AUTHORITATIVE_UNIVERSE_BOUNDARY_AND_ENTITY_IDENTIFICATION,PUBLIC_DIRECTORY_DISCOVERY_AND_FULL_EXPORT
https://WWW.GAINGTX.COM/SEF.SHTML,MIC_REGISTERED_SITE,BM|US,FULL_LISTED_ISSUER_AND_SECURITY_DIRECTORY;FULL_MEMBER_OR_LICENSEE_DIRECTORY;SOURCE_TOTAL_AND_PAGINATION_RECONCILIATION;ISIN_LEI_MIC_LINKING,REVIEW_MARKET_TYPE_AND_REGULATORY_ROLE_NOT_EVERY_SITE_IS_EQUITY_EXCHANGE,,UNKNOWN,AUTHORITATIVE_UNIVERSE_BOUNDARY_AND_ENTITY_IDENTIFICATION,PUBLIC_DIRECTORY_DISCOVERY_AND_FULL_EXPORT
https://WWW.GALLARDOSECURITIES.COM,MIC_REGISTERED_SITE,GB,FULL_LISTED_ISSUER_AND_SECURITY_DIRECTORY;FULL_MEMBER_OR_LICENSEE_DIRECTORY;SOURCE_TOTAL_AND_PAGINATION_RECONCILIATION;ISIN_LEI_MIC_LINKING,REVIEW_MARKET_TYPE_AND_REGULATORY_ROLE_NOT_EVERY_SITE_IS_EQUITY_EXCHANGE,200,UNKNOWN,AUTHORITATIVE_UNIVERSE_BOUNDARY_AND_ENTITY_IDENTIFICATION,PUBLIC_DIRECTORY_DISCOVERY_AND_FULL_EXPORT
https://WWW.GARANTUM.SE,MIC_REGISTERED_SITE,SE,FULL_LISTED_ISSUER_AND_SECURITY_DIRECTORY;FULL_MEMBER_OR_LICENSEE_DIRECTORY;SOURCE_TOTAL_AND_PAGINATION_RECONCILIATION;ISIN_LEI_MIC_LINKING,REVIEW_MARKET_TYPE_AND_REGULATORY_ROLE_NOT_EVERY_SITE_IS_EQUITY_EXCHANGE,200,UNKNOWN,AUTHORITATIVE_UNIVERSE_BOUNDARY_AND_ENTITY_IDENTIFICATION,PUBLIC_DIRECTORY_DISCOVERY_AND_FULL_EXPORT
https://WWW.GASCI.COM,MIC_REGISTERED_SITE,GY,FULL_LISTED_ISSUER_AND_SECURITY_DIRECTORY;FULL_MEMBER_OR_LICENSEE_DIRECTORY;SOURCE_TOTAL_AND_PAGINATION_RECONCILIATION;ISIN_LEI_MIC_LINKING,REVIEW_MARKET_TYPE_AND_REGULATORY_ROLE_NOT_EVERY_SITE_IS_EQUITY_EXCHANGE,200,UNKNOWN,AUTHORITATIVE_UNIVERSE_BOUNDARY_AND_ENTITY_IDENTIFICATION,PUBLIC_DIRECTORY_DISCOVERY_AND_FULL_EXPORT
https://WWW.GASPOINTNORDIC.COM,MIC_REGISTERED_SITE,DK,FULL_LISTED_ISSUER_AND_SECURITY_DIRECTORY;FULL_MEMBER_OR_LICENSEE_DIRECTORY;SOURCE_TOTAL_AND_PAGINATION_RECONCILIATION;ISIN_LEI_MIC_LINKING,REVIEW_MARKET_TYPE_AND_REGULATORY_ROLE_NOT_EVERY_SITE_IS_EQUITY_EXCHANGE,,UNKNOWN,AUTHORITATIVE_UNIVERSE_BOUNDARY_AND_ENTITY_IDENTIFICATION,PUBLIC_DIRECTORY_DISCOVERY_AND_FULL_EXPORT
https://WWW.GATE.COM/EN-EU,MIC_REGISTERED_SITE,MT,FULL_LISTED_ISSUER_AND_SECURITY_DIRECTORY;FULL_MEMBER_OR_LICENSEE_DIRECTORY;SOURCE_TOTAL_AND_PAGINATION_RECONCILIATION;ISIN_LEI_MIC_LINKING,REVIEW_MARKET_TYPE_AND_REGULATORY_ROLE_NOT_EVERY_SITE_IS_EQUITY_EXCHANGE,403,UNKNOWN,AUTHORITATIVE_UNIVERSE_BOUNDARY_AND_ENTITY_IDENTIFICATION,PUBLIC_DIRECTORY_DISCOVERY_AND_FULL_EXPORT
https://WWW.GATEUS.COM,MIC_REGISTERED_SITE,US,FULL_LISTED_ISSUER_AND_SECURITY_DIRECTORY;FULL_MEMBER_OR_LICENSEE_DIRECTORY;SOURCE_TOTAL_AND_PAGINATION_RECONCILIATION;ISIN_LEI_MIC_LINKING,REVIEW_MARKET_TYPE_AND_REGULATORY_ROLE_NOT_EVERY_SITE_IS_EQUITY_EXCHANGE,200,UNKNOWN,AUTHORITATIVE_UNIVERSE_BOUNDARY_AND_ENTITY_IDENTIFICATION,PUBLIC_DIRECTORY_DISCOVERY_AND_FULL_EXPORT
https://WWW.GETBALTIC.LT,MIC_REGISTERED_SITE,LT,FULL_LISTED_ISSUER_AND_SECURITY_DIRECTORY;FULL_MEMBER_OR_LICENSEE_DIRECTORY;SOURCE_TOTAL_AND_PAGINATION_RECONCILIATION;ISIN_LEI_MIC_LINKING,REVIEW_MARKET_TYPE_AND_REGULATORY_ROLE_NOT_EVERY_SITE_IS_EQUITY_EXCHANGE,200,UNKNOWN,AUTHORITATIVE_UNIVERSE_BOUNDARY_AND_ENTITY_IDENTIFICATION,PUBLIC_DIRECTORY_DISCOVERY_AND_FULL_EXPORT
https://WWW.GETTEX.DE,MIC_REGISTERED_SITE,DE,FULL_LISTED_ISSUER_AND_SECURITY_DIRECTORY;FULL_MEMBER_OR_LICENSEE_DIRECTORY;SOURCE_TOTAL_AND_PAGINATION_RECONCILIATION;ISIN_LEI_MIC_LINKING,REVIEW_MARKET_TYPE_AND_REGULATORY_ROLE_NOT_EVERY_SITE_IS_EQUITY_EXCHANGE,200,UNKNOWN,AUTHORITATIVE_UNIVERSE_BOUNDARY_AND_ENTITY_IDENTIFICATION,PUBLIC_DIRECTORY_DISCOVERY_AND_FULL_EXPORT
https://WWW.GFEX.COM.CN,MIC_REGISTERED_SITE,CN,FULL_LISTED_ISSUER_AND_SECURITY_DIRECTORY;FULL_MEMBER_OR_LICENSEE_DIRECTORY;SOURCE_TOTAL_AND_PAGINATION_RECONCILIATION;ISIN_LEI_MIC_LINKING,REVIEW_MARKET_TYPE_AND_REGULATORY_ROLE_NOT_EVERY_SITE_IS_EQUITY_EXCHANGE,,UNKNOWN,AUTHORITATIVE_UNIVERSE_BOUNDARY_AND_ENTITY_IDENTIFICATION,PUBLIC_DIRECTORY_DISCOVERY_AND_FULL_EXPORT
https://WWW.GFIGROUP.CO.UK,MIC_REGISTERED_SITE,AU,FULL_LISTED_ISSUER_AND_SECURITY_DIRECTORY;FULL_MEMBER_OR_LICENSEE_DIRECTORY;SOURCE_TOTAL_AND_PAGINATION_RECONCILIATION;ISIN_LEI_MIC_LINKING,REVIEW_MARKET_TYPE_AND_REGULATORY_ROLE_NOT_EVERY_SITE_IS_EQUITY_EXCHANGE,403,UNKNOWN,AUTHORITATIVE_UNIVERSE_BOUNDARY_AND_ENTITY_IDENTIFICATION,PUBLIC_DIRECTORY_DISCOVERY_AND_FULL_EXPORT
https://WWW.GFIGROUP.COM,MIC_REGISTERED_SITE,GB|SG|US,FULL_LISTED_ISSUER_AND_SECURITY_DIRECTORY;FULL_MEMBER_OR_LICENSEE_DIRECTORY;SOURCE_TOTAL_AND_PAGINATION_RECONCILIATION;ISIN_LEI_MIC_LINKING,REVIEW_MARKET_TYPE_AND_REGULATORY_ROLE_NOT_EVERY_SITE_IS_EQUITY_EXCHANGE,403,UNKNOWN,AUTHORITATIVE_UNIVERSE_BOUNDARY_AND_ENTITY_IDENTIFICATION,PUBLIC_DIRECTORY_DISCOVERY_AND_FULL_EXPORT
https://WWW.GFIGROUP.COM/MARKETS/SWAPS-EXCHANGE/OVERVIEW.ASPX,MIC_REGISTERED_SITE,GB|SG|US,FULL_LISTED_ISSUER_AND_SECURITY_DIRECTORY;FULL_MEMBER_OR_LICENSEE_DIRECTORY;SOURCE_TOTAL_AND_PAGINATION_RECONCILIATION;ISIN_LEI_MIC_LINKING,REVIEW_MARKET_TYPE_AND_REGULATORY_ROLE_NOT_EVERY_SITE_IS_EQUITY_EXCHANGE,403,UNKNOWN,AUTHORITATIVE_UNIVERSE_BOUNDARY_AND_ENTITY_IDENTIFICATION,PUBLIC_DIRECTORY_DISCOVERY_AND_FULL_EXPORT
https://WWW.GFO-X.COM,MIC_REGISTERED_SITE,GB,FULL_LISTED_ISSUER_AND_SECURITY_DIRECTORY;FULL_MEMBER_OR_LICENSEE_DIRECTORY;SOURCE_TOTAL_AND_PAGINATION_RECONCILIATION;ISIN_LEI_MIC_LINKING,REVIEW_MARKET_TYPE_AND_REGULATORY_ROLE_NOT_EVERY_SITE_IS_EQUITY_EXCHANGE,200,UNKNOWN,AUTHORITATIVE_UNIVERSE_BOUNDARY_AND_ENTITY_IDENTIFICATION,PUBLIC_DIRECTORY_DISCOVERY_AND_FULL_EXPORT
https://WWW.GLMX.COM,MIC_REGISTERED_SITE,US,FULL_LISTED_ISSUER_AND_SECURITY_DIRECTORY;FULL_MEMBER_OR_LICENSEE_DIRECTORY;SOURCE_TOTAL_AND_PAGINATION_RECONCILIATION;ISIN_LEI_MIC_LINKING,REVIEW_MARKET_TYPE_AND_REGULATORY_ROLE_NOT_EVERY_SITE_IS_EQUITY_EXCHANGE,200,UNKNOWN,AUTHORITATIVE_UNIVERSE_BOUNDARY_AND_ENTITY_IDENTIFICATION,PUBLIC_DIRECTORY_DISCOVERY_AND_FULL_EXPORT
https://WWW.GLOBALCOAL.COM,MIC_REGISTERED_SITE,GB,FULL_LISTED_ISSUER_AND_SECURITY_DIRECTORY;FULL_MEMBER_OR_LICENSEE_DIRECTORY;SOURCE_TOTAL_AND_PAGINATION_RECONCILIATION;ISIN_LEI_MIC_LINKING,REVIEW_MARKET_TYPE_AND_REGULATORY_ROLE_NOT_EVERY_SITE_IS_EQUITY_EXCHANGE,200,UNKNOWN,AUTHORITATIVE_UNIVERSE_BOUNDARY_AND_ENTITY_IDENTIFICATION,PUBLIC_DIRECTORY_DISCOVERY_AND_FULL_EXPORT
https://WWW.GLOBALOTC.COM,MIC_REGISTERED_SITE,US,FULL_LISTED_ISSUER_AND_SECURITY_DIRECTORY;FULL_MEMBER_OR_LICENSEE_DIRECTORY;SOURCE_TOTAL_AND_PAGINATION_RECONCILIATION;ISIN_LEI_MIC_LINKING,REVIEW_MARKET_TYPE_AND_REGULATORY_ROLE_NOT_EVERY_SITE_IS_EQUITY_EXCHANGE,200,UNKNOWN,AUTHORITATIVE_UNIVERSE_BOUNDARY_AND_ENTITY_IDENTIFICATION,PUBLIC_DIRECTORY_DISCOVERY_AND_FULL_EXPORT
https://WWW.GLOMAX.COM,MIC_REGISTERED_SITE,AE,FULL_LISTED_ISSUER_AND_SECURITY_DIRECTORY;FULL_MEMBER_OR_LICENSEE_DIRECTORY;SOURCE_TOTAL_AND_PAGINATION_RECONCILIATION;ISIN_LEI_MIC_LINKING,REVIEW_MARKET_TYPE_AND_REGULATORY_ROLE_NOT_EVERY_SITE_IS_EQUITY_EXCHANGE,,UNKNOWN,AUTHORITATIVE_UNIVERSE_BOUNDARY_AND_ENTITY_IDENTIFICATION,PUBLIC_DIRECTORY_DISCOVERY_AND_FULL_EXPORT
https://WWW.GMEGROUP.US,MIC_REGISTERED_SITE,US,FULL_LISTED_ISSUER_AND_SECURITY_DIRECTORY;FULL_MEMBER_OR_LICENSEE_DIRECTORY;SOURCE_TOTAL_AND_PAGINATION_RECONCILIATION;ISIN_LEI_MIC_LINKING,REVIEW_MARKET_TYPE_AND_REGULATORY_ROLE_NOT_EVERY_SITE_IS_EQUITY_EXCHANGE,200,UNKNOWN,AUTHORITATIVE_UNIVERSE_BOUNDARY_AND_ENTITY_IDENTIFICATION,PUBLIC_DIRECTORY_DISCOVERY_AND_FULL_EXPORT
https://WWW.GMEX-GROUP.COM,MIC_REGISTERED_SITE,GB,FULL_LISTED_ISSUER_AND_SECURITY_DIRECTORY;FULL_MEMBER_OR_LICENSEE_DIRECTORY;SOURCE_TOTAL_AND_PAGINATION_RECONCILIATION;ISIN_LEI_MIC_LINKING,REVIEW_MARKET_TYPE_AND_REGULATORY_ROLE_NOT_EVERY_SITE_IS_EQUITY_EXCHANGE,200,UNKNOWN,AUTHORITATIVE_UNIVERSE_BOUNDARY_AND_ENTITY_IDENTIFICATION,PUBLIC_DIRECTORY_DISCOVERY_AND_FULL_EXPORT
https://WWW.GMG-BROKERS.COM,MIC_REGISTERED_SITE,AE|GB|NL,FULL_LISTED_ISSUER_AND_SECURITY_DIRECTORY;FULL_MEMBER_OR_LICENSEE_DIRECTORY;SOURCE_TOTAL_AND_PAGINATION_RECONCILIATION;ISIN_LEI_MIC_LINKING,REVIEW_MARKET_TYPE_AND_REGULATORY_ROLE_NOT_EVERY_SITE_IS_EQUITY_EXCHANGE,200,UNKNOWN,AUTHORITATIVE_UNIVERSE_BOUNDARY_AND_ENTITY_IDENTIFICATION,PUBLIC_DIRECTORY_DISCOVERY_AND_FULL_EXPORT
https://WWW.GOLDMANSACHS.COM,MIC_REGISTERED_SITE,DE|FR|GB|HK|US,FULL_LISTED_ISSUER_AND_SECURITY_DIRECTORY;FULL_MEMBER_OR_LICENSEE_DIRECTORY;SOURCE_TOTAL_AND_PAGINATION_RECONCILIATION;ISIN_LEI_MIC_LINKING,REVIEW_MARKET_TYPE_AND_REGULATORY_ROLE_NOT_EVERY_SITE_IS_EQUITY_EXCHANGE,200,UNKNOWN,AUTHORITATIVE_UNIVERSE_BOUNDARY_AND_ENTITY_IDENTIFICATION,PUBLIC_DIRECTORY_DISCOVERY_AND_FULL_EXPORT
https://WWW.GOLDMANSACHS.COM/GSET,MIC_REGISTERED_SITE,DE|FR|GB|HK|US,FULL_LISTED_ISSUER_AND_SECURITY_DIRECTORY;FULL_MEMBER_OR_LICENSEE_DIRECTORY;SOURCE_TOTAL_AND_PAGINATION_RECONCILIATION;ISIN_LEI_MIC_LINKING,REVIEW_MARKET_TYPE_AND_REGULATORY_ROLE_NOT_EVERY_SITE_IS_EQUITY_EXCHANGE,200,UNKNOWN,AUTHORITATIVE_UNIVERSE_BOUNDARY_AND_ENTITY_IDENTIFICATION,PUBLIC_DIRECTORY_DISCOVERY_AND_FULL_EXPORT
https://WWW.GOLDMANSACHS.COM/WHAT-WE-DO/FICC-AND-EQUITIES/INDEX.HTML,MIC_REGISTERED_SITE,DE|FR|GB|HK|US,FULL_LISTED_ISSUER_AND_SECURITY_DIRECTORY;FULL_MEMBER_OR_LICENSEE_DIRECTORY;SOURCE_TOTAL_AND_PAGINATION_RECONCILIATION;ISIN_LEI_MIC_LINKING,REVIEW_MARKET_TYPE_AND_REGULATORY_ROLE_NOT_EVERY_SITE_IS_EQUITY_EXCHANGE,404,UNKNOWN,AUTHORITATIVE_UNIVERSE_BOUNDARY_AND_ENTITY_IDENTIFICATION,PUBLIC_DIRECTORY_DISCOVERY_AND_FULL_EXPORT
https://WWW.GOODBODY.IE,MIC_REGISTERED_SITE,IE,FULL_LISTED_ISSUER_AND_SECURITY_DIRECTORY;FULL_MEMBER_OR_LICENSEE_DIRECTORY;SOURCE_TOTAL_AND_PAGINATION_RECONCILIATION;ISIN_LEI_MIC_LINKING,REVIEW_MARKET_TYPE_AND_REGULATORY_ROLE_NOT_EVERY_SITE_IS_EQUITY_EXCHANGE,200,UNKNOWN,AUTHORITATIVE_UNIVERSE_BOUNDARY_AND_ENTITY_IDENTIFICATION,PUBLIC_DIRECTORY_DISCOVERY_AND_FULL_EXPORT
https://WWW.GOVEX.COM,MIC_REGISTERED_SITE,US,FULL_LISTED_ISSUER_AND_SECURITY_DIRECTORY;FULL_MEMBER_OR_LICENSEE_DIRECTORY;SOURCE_TOTAL_AND_PAGINATION_RECONCILIATION;ISIN_LEI_MIC_LINKING,REVIEW_MARKET_TYPE_AND_REGULATORY_ROLE_NOT_EVERY_SITE_IS_EQUITY_EXCHANGE,,UNKNOWN,AUTHORITATIVE_UNIVERSE_BOUNDARY_AND_ENTITY_IDENTIFICATION,PUBLIC_DIRECTORY_DISCOVERY_AND_FULL_EXPORT
https://WWW.GPBFS.COM.CY,MIC_REGISTERED_SITE,CY,FULL_LISTED_ISSUER_AND_SECURITY_DIRECTORY;FULL_MEMBER_OR_LICENSEE_DIRECTORY;SOURCE_TOTAL_AND_PAGINATION_RECONCILIATION;ISIN_LEI_MIC_LINKING,REVIEW_MARKET_TYPE_AND_REGULATORY_ROLE_NOT_EVERY_SITE_IS_EQUITY_EXCHANGE,,UNKNOWN,AUTHORITATIVE_UNIVERSE_BOUNDARY_AND_ENTITY_IDENTIFICATION,PUBLIC_DIRECTORY_DISCOVERY_AND_FULL_EXPORT
https://WWW.GPW.PL,MIC_REGISTERED_SITE,PL,FULL_LISTED_ISSUER_AND_SECURITY_DIRECTORY;FULL_MEMBER_OR_LICENSEE_DIRECTORY;SOURCE_TOTAL_AND_PAGINATION_RECONCILIATION;ISIN_LEI_MIC_LINKING,REVIEW_MARKET_TYPE_AND_REGULATORY_ROLE_NOT_EVERY_SITE_IS_EQUITY_EXCHANGE,,UNKNOWN,AUTHORITATIVE_UNIVERSE_BOUNDARY_AND_ENTITY_IDENTIFICATION,PUBLIC_DIRECTORY_DISCOVERY_AND_FULL_EXPORT
https://WWW.GPWBENCHMARK.PL,MIC_REGISTERED_SITE,PL,FULL_LISTED_ISSUER_AND_SECURITY_DIRECTORY;FULL_MEMBER_OR_LICENSEE_DIRECTORY;SOURCE_TOTAL_AND_PAGINATION_RECONCILIATION;ISIN_LEI_MIC_LINKING,REVIEW_MARKET_TYPE_AND_REGULATORY_ROLE_NOT_EVERY_SITE_IS_EQUITY_EXCHANGE,,UNKNOWN,AUTHORITATIVE_UNIVERSE_BOUNDARY_AND_ENTITY_IDENTIFICATION,PUBLIC_DIRECTORY_DISCOVERY_AND_FULL_EXPORT
https://WWW.GPWCATALYST.PL,MIC_REGISTERED_SITE,PL,FULL_LISTED_ISSUER_AND_SECURITY_DIRECTORY;FULL_MEMBER_OR_LICENSEE_DIRECTORY;SOURCE_TOTAL_AND_PAGINATION_RECONCILIATION;ISIN_LEI_MIC_LINKING,REVIEW_MARKET_TYPE_AND_REGULATORY_ROLE_NOT_EVERY_SITE_IS_EQUITY_EXCHANGE,,UNKNOWN,AUTHORITATIVE_UNIVERSE_BOUNDARY_AND_ENTITY_IDENTIFICATION,PUBLIC_DIRECTORY_DISCOVERY_AND_FULL_EXPORT
https://WWW.GREENMARKET-EXCHANGE.COM,MIC_REGISTERED_SITE,DE,FULL_LISTED_ISSUER_AND_SECURITY_DIRECTORY;FULL_MEMBER_OR_LICENSEE_DIRECTORY;SOURCE_TOTAL_AND_PAGINATION_RECONCILIATION;ISIN_LEI_MIC_LINKING,REVIEW_MARKET_TYPE_AND_REGULATORY_ROLE_NOT_EVERY_SITE_IS_EQUITY_EXCHANGE,,UNKNOWN,AUTHORITATIVE_UNIVERSE_BOUNDARY_AND_ENTITY_IDENTIFICATION,PUBLIC_DIRECTORY_DISCOVERY_AND_FULL_EXPORT
https://WWW.GRIFFINMARKETS.COM,MIC_REGISTERED_SITE,FR|GB,FULL_LISTED_ISSUER_AND_SECURITY_DIRECTORY;FULL_MEMBER_OR_LICENSEE_DIRECTORY;SOURCE_TOTAL_AND_PAGINATION_RECONCILIATION;ISIN_LEI_MIC_LINKING,REVIEW_MARKET_TYPE_AND_REGULATORY_ROLE_NOT_EVERY_SITE_IS_EQUITY_EXCHANGE,200,UNKNOWN,AUTHORITATIVE_UNIVERSE_BOUNDARY_AND_ENTITY_IDENTIFICATION,PUBLIC_DIRECTORY_DISCOVERY_AND_FULL_EXPORT
https://WWW.GRUPOCIMD.COM/CIMD-SV/,MIC_REGISTERED_SITE,ES,FULL_LISTED_ISSUER_AND_SECURITY_DIRECTORY;FULL_MEMBER_OR_LICENSEE_DIRECTORY;SOURCE_TOTAL_AND_PAGINATION_RECONCILIATION;ISIN_LEI_MIC_LINKING,REVIEW_MARKET_TYPE_AND_REGULATORY_ROLE_NOT_EVERY_SITE_IS_EQUITY_EXCHANGE,200,UNKNOWN,AUTHORITATIVE_UNIVERSE_BOUNDARY_AND_ENTITY_IDENTIFICATION,PUBLIC_DIRECTORY_DISCOVERY_AND_FULL_EXPORT
https://WWW.GSE.COM.GH,MIC_REGISTERED_SITE,GH,FULL_LISTED_ISSUER_AND_SECURITY_DIRECTORY;FULL_MEMBER_OR_LICENSEE_DIRECTORY;SOURCE_TOTAL_AND_PAGINATION_RECONCILIATION;ISIN_LEI_MIC_LINKING,REVIEW_MARKET_TYPE_AND_REGULATORY_ROLE_NOT_EVERY_SITE_IS_EQUITY_EXCHANGE,200,UNKNOWN,AUTHORITATIVE_UNIVERSE_BOUNDARY_AND_ENTITY_IDENTIFICATION,PUBLIC_DIRECTORY_DISCOVERY_AND_FULL_EXPORT
https://WWW.GSE.GE,MIC_REGISTERED_SITE,GE,FULL_LISTED_ISSUER_AND_SECURITY_DIRECTORY;FULL_MEMBER_OR_LICENSEE_DIRECTORY;SOURCE_TOTAL_AND_PAGINATION_RECONCILIATION;ISIN_LEI_MIC_LINKING,REVIEW_MARKET_TYPE_AND_REGULATORY_ROLE_NOT_EVERY_SITE_IS_EQUITY_EXCHANGE,200,UNKNOWN,AUTHORITATIVE_UNIVERSE_BOUNDARY_AND_ENTITY_IDENTIFICATION,PUBLIC_DIRECTORY_DISCOVERY_AND_FULL_EXPORT
https://WWW.GSET.GS.COM,MIC_REGISTERED_SITE,AU|CN|FR|GB|HK|JP|KR|TW|US,FULL_LISTED_ISSUER_AND_SECURITY_DIRECTORY;FULL_MEMBER_OR_LICENSEE_DIRECTORY;SOURCE_TOTAL_AND_PAGINATION_RECONCILIATION;ISIN_LEI_MIC_LINKING,REVIEW_MARKET_TYPE_AND_REGULATORY_ROLE_NOT_EVERY_SITE_IS_EQUITY_EXCHANGE,,UNKNOWN,AUTHORITATIVE_UNIVERSE_BOUNDARY_AND_ENTITY_IDENTIFICATION,PUBLIC_DIRECTORY_DISCOVERY_AND_FULL_EXPORT
https://WWW.GSX.GI,MIC_REGISTERED_SITE,GI,FULL_LISTED_ISSUER_AND_SECURITY_DIRECTORY;FULL_MEMBER_OR_LICENSEE_DIRECTORY;SOURCE_TOTAL_AND_PAGINATION_RECONCILIATION;ISIN_LEI_MIC_LINKING,REVIEW_MARKET_TYPE_AND_REGULATORY_ROLE_NOT_EVERY_SITE_IS_EQUITY_EXCHANGE,,UNKNOWN,AUTHORITATIVE_UNIVERSE_BOUNDARY_AND_ENTITY_IDENTIFICATION,PUBLIC_DIRECTORY_DISCOVERY_AND_FULL_EXPORT
https://WWW.GTSX.COM,MIC_REGISTERED_SITE,US,FULL_LISTED_ISSUER_AND_SECURITY_DIRECTORY;FULL_MEMBER_OR_LICENSEE_DIRECTORY;SOURCE_TOTAL_AND_PAGINATION_RECONCILIATION;ISIN_LEI_MIC_LINKING,REVIEW_MARKET_TYPE_AND_REGULATORY_ROLE_NOT_EVERY_SITE_IS_EQUITY_EXCHANGE,200,UNKNOWN,AUTHORITATIVE_UNIVERSE_BOUNDARY_AND_ENTITY_IDENTIFICATION,PUBLIC_DIRECTORY_DISCOVERY_AND_FULL_EXPORT
https://WWW.GULFMERC.COM,MIC_REGISTERED_SITE,AE,FULL_LISTED_ISSUER_AND_SECURITY_DIRECTORY;FULL_MEMBER_OR_LICENSEE_DIRECTORY;SOURCE_TOTAL_AND_PAGINATION_RECONCILIATION;ISIN_LEI_MIC_LINKING,REVIEW_MARKET_TYPE_AND_REGULATORY_ROLE_NOT_EVERY_SITE_IS_EQUITY_EXCHANGE,200,UNKNOWN,AUTHORITATIVE_UNIVERSE_BOUNDARY_AND_ENTITY_IDENTIFICATION,PUBLIC_DIRECTORY_DISCOVERY_AND_FULL_EXPORT
https://WWW.GXGMARKETS.COM,MIC_REGISTERED_SITE,DK,FULL_LISTED_ISSUER_AND_SECURITY_DIRECTORY;FULL_MEMBER_OR_LICENSEE_DIRECTORY;SOURCE_TOTAL_AND_PAGINATION_RECONCILIATION;ISIN_LEI_MIC_LINKING,REVIEW_MARKET_TYPE_AND_REGULATORY_ROLE_NOT_EVERY_SITE_IS_EQUITY_EXCHANGE,403,UNKNOWN,AUTHORITATIVE_UNIVERSE_BOUNDARY_AND_ENTITY_IDENTIFICATION,PUBLIC_DIRECTORY_DISCOVERY_AND_FULL_EXPORT
https://WWW.HANDELSBANKEN.SE,MIC_REGISTERED_SITE,SE,FULL_LISTED_ISSUER_AND_SECURITY_DIRECTORY;FULL_MEMBER_OR_LICENSEE_DIRECTORY;SOURCE_TOTAL_AND_PAGINATION_RECONCILIATION;ISIN_LEI_MIC_LINKING,REVIEW_MARKET_TYPE_AND_REGULATORY_ROLE_NOT_EVERY_SITE_IS_EQUITY_EXCHANGE,,UNKNOWN,AUTHORITATIVE_UNIVERSE_BOUNDARY_AND_ENTITY_IDENTIFICATION,PUBLIC_DIRECTORY_DISCOVERY_AND_FULL_EXPORT
https://WWW.HELABA.COM.DE,MIC_REGISTERED_SITE,DE,FULL_LISTED_ISSUER_AND_SECURITY_DIRECTORY;FULL_MEMBER_OR_LICENSEE_DIRECTORY;SOURCE_TOTAL_AND_PAGINATION_RECONCILIATION;ISIN_LEI_MIC_LINKING,REVIEW_MARKET_TYPE_AND_REGULATORY_ROLE_NOT_EVERY_SITE_IS_EQUITY_EXCHANGE,,UNKNOWN,AUTHORITATIVE_UNIVERSE_BOUNDARY_AND_ENTITY_IDENTIFICATION,PUBLIC_DIRECTORY_DISCOVERY_AND_FULL_EXPORT
https://WWW.HKEX.COM.HK,MIC_REGISTERED_SITE,HK,FULL_LISTED_ISSUER_AND_SECURITY_DIRECTORY;FULL_MEMBER_OR_LICENSEE_DIRECTORY;SOURCE_TOTAL_AND_PAGINATION_RECONCILIATION;ISIN_LEI_MIC_LINKING,REVIEW_MARKET_TYPE_AND_REGULATORY_ROLE_NOT_EVERY_SITE_IS_EQUITY_EXCHANGE,200,UNKNOWN,AUTHORITATIVE_UNIVERSE_BOUNDARY_AND_ENTITY_IDENTIFICATION,PUBLIC_DIRECTORY_DISCOVERY_AND_FULL_EXPORT
https://WWW.HKGEM.COM,MIC_REGISTERED_SITE,HK,FULL_LISTED_ISSUER_AND_SECURITY_DIRECTORY;FULL_MEMBER_OR_LICENSEE_DIRECTORY;SOURCE_TOTAL_AND_PAGINATION_RECONCILIATION;ISIN_LEI_MIC_LINKING,REVIEW_MARKET_TYPE_AND_REGULATORY_ROLE_NOT_EVERY_SITE_IS_EQUITY_EXCHANGE,,UNKNOWN,AUTHORITATIVE_UNIVERSE_BOUNDARY_AND_ENTITY_IDENTIFICATION,PUBLIC_DIRECTORY_DISCOVERY_AND_FULL_EXPORT
https://WWW.HKMERC.COM,MIC_REGISTERED_SITE,HK,FULL_LISTED_ISSUER_AND_SECURITY_DIRECTORY;FULL_MEMBER_OR_LICENSEE_DIRECTORY;SOURCE_TOTAL_AND_PAGINATION_RECONCILIATION;ISIN_LEI_MIC_LINKING,REVIEW_MARKET_TYPE_AND_REGULATORY_ROLE_NOT_EVERY_SITE_IS_EQUITY_EXCHANGE,200,UNKNOWN,AUTHORITATIVE_UNIVERSE_BOUNDARY_AND_ENTITY_IDENTIFICATION,PUBLIC_DIRECTORY_DISCOVERY_AND_FULL_EXPORT
https://WWW.HNX.VN,MIC_REGISTERED_SITE,VN,FULL_LISTED_ISSUER_AND_SECURITY_DIRECTORY;FULL_MEMBER_OR_LICENSEE_DIRECTORY;SOURCE_TOTAL_AND_PAGINATION_RECONCILIATION;ISIN_LEI_MIC_LINKING,REVIEW_MARKET_TYPE_AND_REGULATORY_ROLE_NOT_EVERY_SITE_IS_EQUITY_EXCHANGE,,UNKNOWN,AUTHORITATIVE_UNIVERSE_BOUNDARY_AND_ENTITY_IDENTIFICATION,PUBLIC_DIRECTORY_DISCOVERY_AND_FULL_EXPORT
https://WWW.HOME.SAXO,MIC_REGISTERED_SITE,DK,FULL_LISTED_ISSUER_AND_SECURITY_DIRECTORY;FULL_MEMBER_OR_LICENSEE_DIRECTORY;SOURCE_TOTAL_AND_PAGINATION_RECONCILIATION;ISIN_LEI_MIC_LINKING,REVIEW_MARKET_TYPE_AND_REGULATORY_ROLE_NOT_EVERY_SITE_IS_EQUITY_EXCHANGE,200,UNKNOWN,AUTHORITATIVE_UNIVERSE_BOUNDARY_AND_ENTITY_IDENTIFICATION,PUBLIC_DIRECTORY_DISCOVERY_AND_FULL_EXPORT
https://WWW.HSBC.COM,MIC_REGISTERED_SITE,GB,FULL_LISTED_ISSUER_AND_SECURITY_DIRECTORY;FULL_MEMBER_OR_LICENSEE_DIRECTORY;SOURCE_TOTAL_AND_PAGINATION_RECONCILIATION;ISIN_LEI_MIC_LINKING,REVIEW_MARKET_TYPE_AND_REGULATORY_ROLE_NOT_EVERY_SITE_IS_EQUITY_EXCHANGE,200,UNKNOWN,AUTHORITATIVE_UNIVERSE_BOUNDARY_AND_ENTITY_IDENTIFICATION,PUBLIC_DIRECTORY_DISCOVERY_AND_FULL_EXPORT
https://WWW.HSBC.COM.HK,MIC_REGISTERED_SITE,HK,FULL_LISTED_ISSUER_AND_SECURITY_DIRECTORY;FULL_MEMBER_OR_LICENSEE_DIRECTORY;SOURCE_TOTAL_AND_PAGINATION_RECONCILIATION;ISIN_LEI_MIC_LINKING,REVIEW_MARKET_TYPE_AND_REGULATORY_ROLE_NOT_EVERY_SITE_IS_EQUITY_EXCHANGE,200,UNKNOWN,AUTHORITATIVE_UNIVERSE_BOUNDARY_AND_ENTITY_IDENTIFICATION,PUBLIC_DIRECTORY_DISCOVERY_AND_FULL_EXPORT
https://WWW.HSBC.DE,MIC_REGISTERED_SITE,DE,FULL_LISTED_ISSUER_AND_SECURITY_DIRECTORY;FULL_MEMBER_OR_LICENSEE_DIRECTORY;SOURCE_TOTAL_AND_PAGINATION_RECONCILIATION;ISIN_LEI_MIC_LINKING,REVIEW_MARKET_TYPE_AND_REGULATORY_ROLE_NOT_EVERY_SITE_IS_EQUITY_EXCHANGE,200,UNKNOWN,AUTHORITATIVE_UNIVERSE_BOUNDARY_AND_ENTITY_IDENTIFICATION,PUBLIC_DIRECTORY_DISCOVERY_AND_FULL_EXPORT
https://WWW.HSBC.FR,MIC_REGISTERED_SITE,FR,FULL_LISTED_ISSUER_AND_SECURITY_DIRECTORY;FULL_MEMBER_OR_LICENSEE_DIRECTORY;SOURCE_TOTAL_AND_PAGINATION_RECONCILIATION;ISIN_LEI_MIC_LINKING,REVIEW_MARKET_TYPE_AND_REGULATORY_ROLE_NOT_EVERY_SITE_IS_EQUITY_EXCHANGE,200,UNKNOWN,AUTHORITATIVE_UNIVERSE_BOUNDARY_AND_ENTITY_IDENTIFICATION,PUBLIC_DIRECTORY_DISCOVERY_AND_FULL_EXPORT
https://WWW.HSBC.PL,MIC_REGISTERED_SITE,PL,FULL_LISTED_ISSUER_AND_SECURITY_DIRECTORY;FULL_MEMBER_OR_LICENSEE_DIRECTORY;SOURCE_TOTAL_AND_PAGINATION_RECONCILIATION;ISIN_LEI_MIC_LINKING,REVIEW_MARKET_TYPE_AND_REGULATORY_ROLE_NOT_EVERY_SITE_IS_EQUITY_EXCHANGE,200,UNKNOWN,AUTHORITATIVE_UNIVERSE_BOUNDARY_AND_ENTITY_IDENTIFICATION,PUBLIC_DIRECTORY_DISCOVERY_AND_FULL_EXPORT
https://WWW.HSBCNET.COM,MIC_REGISTERED_SITE,GB,FULL_LISTED_ISSUER_AND_SECURITY_DIRECTORY;FULL_MEMBER_OR_LICENSEE_DIRECTORY;SOURCE_TOTAL_AND_PAGINATION_RECONCILIATION;ISIN_LEI_MIC_LINKING,REVIEW_MARKET_TYPE_AND_REGULATORY_ROLE_NOT_EVERY_SITE_IS_EQUITY_EXCHANGE,200,UNKNOWN,AUTHORITATIVE_UNIVERSE_BOUNDARY_AND_ENTITY_IDENTIFICATION,PUBLIC_DIRECTORY_DISCOVERY_AND_FULL_EXPORT
https://WWW.HSH-NORDBANK.DE,MIC_REGISTERED_SITE,DE,FULL_LISTED_ISSUER_AND_SECURITY_DIRECTORY;FULL_MEMBER_OR_LICENSEE_DIRECTORY;SOURCE_TOTAL_AND_PAGINATION_RECONCILIATION;ISIN_LEI_MIC_LINKING,REVIEW_MARKET_TYPE_AND_REGULATORY_ROLE_NOT_EVERY_SITE_IS_EQUITY_EXCHANGE,200,UNKNOWN,AUTHORITATIVE_UNIVERSE_BOUNDARY_AND_ENTITY_IDENTIFICATION,PUBLIC_DIRECTORY_DISCOVERY_AND_FULL_EXPORT
https://WWW.HSX.VN,MIC_REGISTERED_SITE,VN,FULL_LISTED_ISSUER_AND_SECURITY_DIRECTORY;FULL_MEMBER_OR_LICENSEE_DIRECTORY;SOURCE_TOTAL_AND_PAGINATION_RECONCILIATION;ISIN_LEI_MIC_LINKING,REVIEW_MARKET_TYPE_AND_REGULATORY_ROLE_NOT_EVERY_SITE_IS_EQUITY_EXCHANGE,200,UNKNOWN,AUTHORITATIVE_UNIVERSE_BOUNDARY_AND_ENTITY_IDENTIFICATION,PUBLIC_DIRECTORY_DISCOVERY_AND_FULL_EXPORT
https://WWW.HUDEX.HU,MIC_REGISTERED_SITE,HU,FULL_LISTED_ISSUER_AND_SECURITY_DIRECTORY;FULL_MEMBER_OR_LICENSEE_DIRECTORY;SOURCE_TOTAL_AND_PAGINATION_RECONCILIATION;ISIN_LEI_MIC_LINKING,REVIEW_MARKET_TYPE_AND_REGULATORY_ROLE_NOT_EVERY_SITE_IS_EQUITY_EXCHANGE,,UNKNOWN,AUTHORITATIVE_UNIVERSE_BOUNDARY_AND_ENTITY_IDENTIFICATION,PUBLIC_DIRECTORY_DISCOVERY_AND_FULL_EXPORT
https://WWW.HUDSON-TRADING.COM,MIC_REGISTERED_SITE,GB|IE|US,FULL_LISTED_ISSUER_AND_SECURITY_DIRECTORY;FULL_MEMBER_OR_LICENSEE_DIRECTORY;SOURCE_TOTAL_AND_PAGINATION_RECONCILIATION;ISIN_LEI_MIC_LINKING,REVIEW_MARKET_TYPE_AND_REGULATORY_ROLE_NOT_EVERY_SITE_IS_EQUITY_EXCHANGE,200,UNKNOWN,AUTHORITATIVE_UNIVERSE_BOUNDARY_AND_ENTITY_IDENTIFICATION,PUBLIC_DIRECTORY_DISCOVERY_AND_FULL_EXPORT
https://WWW.HUPX.HU,MIC_REGISTERED_SITE,HU,FULL_LISTED_ISSUER_AND_SECURITY_DIRECTORY;FULL_MEMBER_OR_LICENSEE_DIRECTORY;SOURCE_TOTAL_AND_PAGINATION_RECONCILIATION;ISIN_LEI_MIC_LINKING,REVIEW_MARKET_TYPE_AND_REGULATORY_ROLE_NOT_EVERY_SITE_IS_EQUITY_EXCHANGE,200,UNKNOWN,AUTHORITATIVE_UNIVERSE_BOUNDARY_AND_ENTITY_IDENTIFICATION,PUBLIC_DIRECTORY_DISCOVERY_AND_FULL_EXPORT
https://WWW.HWH.NO,MIC_REGISTERED_SITE,NO,FULL_LISTED_ISSUER_AND_SECURITY_DIRECTORY;FULL_MEMBER_OR_LICENSEE_DIRECTORY;SOURCE_TOTAL_AND_PAGINATION_RECONCILIATION;ISIN_LEI_MIC_LINKING,REVIEW_MARKET_TYPE_AND_REGULATORY_ROLE_NOT_EVERY_SITE_IS_EQUITY_EXCHANGE,,UNKNOWN,AUTHORITATIVE_UNIVERSE_BOUNDARY_AND_ENTITY_IDENTIFICATION,PUBLIC_DIRECTORY_DISCOVERY_AND_FULL_EXPORT
https://WWW.HYPOSALZBURG.AT,MIC_REGISTERED_SITE,AT,FULL_LISTED_ISSUER_AND_SECURITY_DIRECTORY;FULL_MEMBER_OR_LICENSEE_DIRECTORY;SOURCE_TOTAL_AND_PAGINATION_RECONCILIATION;ISIN_LEI_MIC_LINKING,REVIEW_MARKET_TYPE_AND_REGULATORY_ROLE_NOT_EVERY_SITE_IS_EQUITY_EXCHANGE,404,UNKNOWN,AUTHORITATIVE_UNIVERSE_BOUNDARY_AND_ENTITY_IDENTIFICATION,PUBLIC_DIRECTORY_DISCOVERY_AND_FULL_EXPORT
https://WWW.HYPOVEREINSBANK.DE,MIC_REGISTERED_SITE,DE|GB,FULL_LISTED_ISSUER_AND_SECURITY_DIRECTORY;FULL_MEMBER_OR_LICENSEE_DIRECTORY;SOURCE_TOTAL_AND_PAGINATION_RECONCILIATION;ISIN_LEI_MIC_LINKING,REVIEW_MARKET_TYPE_AND_REGULATORY_ROLE_NOT_EVERY_SITE_IS_EQUITY_EXCHANGE,,UNKNOWN,AUTHORITATIVE_UNIVERSE_BOUNDARY_AND_ENTITY_IDENTIFICATION,PUBLIC_DIRECTORY_DISCOVERY_AND_FULL_EXPORT
https://WWW.I-SWAP.COM,MIC_REGISTERED_SITE,GB,FULL_LISTED_ISSUER_AND_SECURITY_DIRECTORY;FULL_MEMBER_OR_LICENSEE_DIRECTORY;SOURCE_TOTAL_AND_PAGINATION_RECONCILIATION;ISIN_LEI_MIC_LINKING,REVIEW_MARKET_TYPE_AND_REGULATORY_ROLE_NOT_EVERY_SITE_IS_EQUITY_EXCHANGE,,UNKNOWN,AUTHORITATIVE_UNIVERSE_BOUNDARY_AND_ENTITY_IDENTIFICATION,PUBLIC_DIRECTORY_DISCOVERY_AND_FULL_EXPORT
https://WWW.IAB.GOV.TR,MIC_REGISTERED_SITE,TR,FULL_LISTED_ISSUER_AND_SECURITY_DIRECTORY;FULL_MEMBER_OR_LICENSEE_DIRECTORY;SOURCE_TOTAL_AND_PAGINATION_RECONCILIATION;ISIN_LEI_MIC_LINKING,REVIEW_MARKET_TYPE_AND_REGULATORY_ROLE_NOT_EVERY_SITE_IS_EQUITY_EXCHANGE,,UNKNOWN,AUTHORITATIVE_UNIVERSE_BOUNDARY_AND_ENTITY_IDENTIFICATION,PUBLIC_DIRECTORY_DISCOVERY_AND_FULL_EXPORT
https://WWW.IBERCAJA.ES,MIC_REGISTERED_SITE,ES,FULL_LISTED_ISSUER_AND_SECURITY_DIRECTORY;FULL_MEMBER_OR_LICENSEE_DIRECTORY;SOURCE_TOTAL_AND_PAGINATION_RECONCILIATION;ISIN_LEI_MIC_LINKING,REVIEW_MARKET_TYPE_AND_REGULATORY_ROLE_NOT_EVERY_SITE_IS_EQUITY_EXCHANGE,200,UNKNOWN,AUTHORITATIVE_UNIVERSE_BOUNDARY_AND_ENTITY_IDENTIFICATION,PUBLIC_DIRECTORY_DISCOVERY_AND_FULL_EXPORT
https://WWW.IBERIANGASHUB.COM,MIC_REGISTERED_SITE,ES,FULL_LISTED_ISSUER_AND_SECURITY_DIRECTORY;FULL_MEMBER_OR_LICENSEE_DIRECTORY;SOURCE_TOTAL_AND_PAGINATION_RECONCILIATION;ISIN_LEI_MIC_LINKING,REVIEW_MARKET_TYPE_AND_REGULATORY_ROLE_NOT_EVERY_SITE_IS_EQUITY_EXCHANGE,,UNKNOWN,AUTHORITATIVE_UNIVERSE_BOUNDARY_AND_ENTITY_IDENTIFICATION,PUBLIC_DIRECTORY_DISCOVERY_AND_FULL_EXPORT
https://WWW.IBEX.BG,MIC_REGISTERED_SITE,BG,FULL_LISTED_ISSUER_AND_SECURITY_DIRECTORY;FULL_MEMBER_OR_LICENSEE_DIRECTORY;SOURCE_TOTAL_AND_PAGINATION_RECONCILIATION;ISIN_LEI_MIC_LINKING,REVIEW_MARKET_TYPE_AND_REGULATORY_ROLE_NOT_EVERY_SITE_IS_EQUITY_EXCHANGE,200,UNKNOWN,AUTHORITATIVE_UNIVERSE_BOUNDARY_AND_ENTITY_IDENTIFICATION,PUBLIC_DIRECTORY_DISCOVERY_AND_FULL_EXPORT
https://WWW.ICAP.COM,MIC_REGISTERED_SITE,GB|NL|US,FULL_LISTED_ISSUER_AND_SECURITY_DIRECTORY;FULL_MEMBER_OR_LICENSEE_DIRECTORY;SOURCE_TOTAL_AND_PAGINATION_RECONCILIATION;ISIN_LEI_MIC_LINKING,REVIEW_MARKET_TYPE_AND_REGULATORY_ROLE_NOT_EVERY_SITE_IS_EQUITY_EXCHANGE,,UNKNOWN,AUTHORITATIVE_UNIVERSE_BOUNDARY_AND_ENTITY_IDENTIFICATION,PUBLIC_DIRECTORY_DISCOVERY_AND_FULL_EXPORT
https://WWW.ICAPENERGY.COM,MIC_REGISTERED_SITE,GB|NO,FULL_LISTED_ISSUER_AND_SECURITY_DIRECTORY;FULL_MEMBER_OR_LICENSEE_DIRECTORY;SOURCE_TOTAL_AND_PAGINATION_RECONCILIATION;ISIN_LEI_MIC_LINKING,REVIEW_MARKET_TYPE_AND_REGULATORY_ROLE_NOT_EVERY_SITE_IS_EQUITY_EXCHANGE,,UNKNOWN,AUTHORITATIVE_UNIVERSE_BOUNDARY_AND_ENTITY_IDENTIFICATION,PUBLIC_DIRECTORY_DISCOVERY_AND_FULL_EXPORT
https://WWW.ICAPENERGY.COM/EU,MIC_REGISTERED_SITE,GB|NO,FULL_LISTED_ISSUER_AND_SECURITY_DIRECTORY;FULL_MEMBER_OR_LICENSEE_DIRECTORY;SOURCE_TOTAL_AND_PAGINATION_RECONCILIATION;ISIN_LEI_MIC_LINKING,REVIEW_MARKET_TYPE_AND_REGULATORY_ROLE_NOT_EVERY_SITE_IS_EQUITY_EXCHANGE,,UNKNOWN,AUTHORITATIVE_UNIVERSE_BOUNDARY_AND_ENTITY_IDENTIFICATION,PUBLIC_DIRECTORY_DISCOVERY_AND_FULL_EXPORT
https://WWW.ICBCSTANDARDBANK.COM,MIC_REGISTERED_SITE,GB,FULL_LISTED_ISSUER_AND_SECURITY_DIRECTORY;FULL_MEMBER_OR_LICENSEE_DIRECTORY;SOURCE_TOTAL_AND_PAGINATION_RECONCILIATION;ISIN_LEI_MIC_LINKING,REVIEW_MARKET_TYPE_AND_REGULATORY_ROLE_NOT_EVERY_SITE_IS_EQUITY_EXCHANGE,200,UNKNOWN,AUTHORITATIVE_UNIVERSE_BOUNDARY_AND_ENTITY_IDENTIFICATION,PUBLIC_DIRECTORY_DISCOVERY_AND_FULL_EXPORT
https://WWW.ICDEXCHANGE.COM,MIC_REGISTERED_SITE,ID,FULL_LISTED_ISSUER_AND_SECURITY_DIRECTORY;FULL_MEMBER_OR_LICENSEE_DIRECTORY;SOURCE_TOTAL_AND_PAGINATION_RECONCILIATION;ISIN_LEI_MIC_LINKING,REVIEW_MARKET_TYPE_AND_REGULATORY_ROLE_NOT_EVERY_SITE_IS_EQUITY_EXCHANGE,200,UNKNOWN,AUTHORITATIVE_UNIVERSE_BOUNDARY_AND_ENTITY_IDENTIFICATION,PUBLIC_DIRECTORY_DISCOVERY_AND_FULL_EXPORT
https://WWW.ICE.COM/SERVICE/CREDITEX,MIC_REGISTERED_SITE,GB,FULL_LISTED_ISSUER_AND_SECURITY_DIRECTORY;FULL_MEMBER_OR_LICENSEE_DIRECTORY;SOURCE_TOTAL_AND_PAGINATION_RECONCILIATION;ISIN_LEI_MIC_LINKING,REVIEW_MARKET_TYPE_AND_REGULATORY_ROLE_NOT_EVERY_SITE_IS_EQUITY_EXCHANGE,200,UNKNOWN,AUTHORITATIVE_UNIVERSE_BOUNDARY_AND_ENTITY_IDENTIFICATION,PUBLIC_DIRECTORY_DISCOVERY_AND_FULL_EXPORT
https://WWW.ICEXINDIA.COM,MIC_REGISTERED_SITE,IN,FULL_LISTED_ISSUER_AND_SECURITY_DIRECTORY;FULL_MEMBER_OR_LICENSEE_DIRECTORY;SOURCE_TOTAL_AND_PAGINATION_RECONCILIATION;ISIN_LEI_MIC_LINKING,REVIEW_MARKET_TYPE_AND_REGULATORY_ROLE_NOT_EVERY_SITE_IS_EQUITY_EXCHANGE,200,UNKNOWN,AUTHORITATIVE_UNIVERSE_BOUNDARY_AND_ENTITY_IDENTIFICATION,PUBLIC_DIRECTORY_DISCOVERY_AND_FULL_EXPORT
https://WWW.ICMA-GROUP.ORG,MIC_REGISTERED_SITE,GB,FULL_LISTED_ISSUER_AND_SECURITY_DIRECTORY;FULL_MEMBER_OR_LICENSEE_DIRECTORY;SOURCE_TOTAL_AND_PAGINATION_RECONCILIATION;ISIN_LEI_MIC_LINKING,REVIEW_MARKET_TYPE_AND_REGULATORY_ROLE_NOT_EVERY_SITE_IS_EQUITY_EXCHANGE,,UNKNOWN,AUTHORITATIVE_UNIVERSE_BOUNDARY_AND_ENTITY_IDENTIFICATION,PUBLIC_DIRECTORY_DISCOVERY_AND_FULL_EXPORT
https://WWW.IDX.CO.ID,MIC_REGISTERED_SITE,ID,FULL_LISTED_ISSUER_AND_SECURITY_DIRECTORY;FULL_MEMBER_OR_LICENSEE_DIRECTORY;SOURCE_TOTAL_AND_PAGINATION_RECONCILIATION;ISIN_LEI_MIC_LINKING,REVIEW_MARKET_TYPE_AND_REGULATORY_ROLE_NOT_EVERY_SITE_IS_EQUITY_EXCHANGE,403,UNKNOWN,AUTHORITATIVE_UNIVERSE_BOUNDARY_AND_ENTITY_IDENTIFICATION,PUBLIC_DIRECTORY_DISCOVERY_AND_FULL_EXPORT
https://WWW.IDXMARKETS.COM,MIC_REGISTERED_SITE,US,FULL_LISTED_ISSUER_AND_SECURITY_DIRECTORY;FULL_MEMBER_OR_LICENSEE_DIRECTORY;SOURCE_TOTAL_AND_PAGINATION_RECONCILIATION;ISIN_LEI_MIC_LINKING,REVIEW_MARKET_TYPE_AND_REGULATORY_ROLE_NOT_EVERY_SITE_IS_EQUITY_EXCHANGE,200,UNKNOWN,AUTHORITATIVE_UNIVERSE_BOUNDARY_AND_ENTITY_IDENTIFICATION,PUBLIC_DIRECTORY_DISCOVERY_AND_FULL_EXPORT
https://WWW.IEX.IO,MIC_REGISTERED_SITE,US,FULL_LISTED_ISSUER_AND_SECURITY_DIRECTORY;FULL_MEMBER_OR_LICENSEE_DIRECTORY;SOURCE_TOTAL_AND_PAGINATION_RECONCILIATION;ISIN_LEI_MIC_LINKING,REVIEW_MARKET_TYPE_AND_REGULATORY_ROLE_NOT_EVERY_SITE_IS_EQUITY_EXCHANGE,200,UNKNOWN,AUTHORITATIVE_UNIVERSE_BOUNDARY_AND_ENTITY_IDENTIFICATION,PUBLIC_DIRECTORY_DISCOVERY_AND_FULL_EXPORT
https://WWW.IEX.IO/OPTIONS,MIC_REGISTERED_SITE,US,FULL_LISTED_ISSUER_AND_SECURITY_DIRECTORY;FULL_MEMBER_OR_LICENSEE_DIRECTORY;SOURCE_TOTAL_AND_PAGINATION_RECONCILIATION;ISIN_LEI_MIC_LINKING,REVIEW_MARKET_TYPE_AND_REGULATORY_ROLE_NOT_EVERY_SITE_IS_EQUITY_EXCHANGE,200,UNKNOWN,AUTHORITATIVE_UNIVERSE_BOUNDARY_AND_ENTITY_IDENTIFICATION,PUBLIC_DIRECTORY_DISCOVERY_AND_FULL_EXPORT
https://WWW.IFB.IR,MIC_REGISTERED_SITE,IR,FULL_LISTED_ISSUER_AND_SECURITY_DIRECTORY;FULL_MEMBER_OR_LICENSEE_DIRECTORY;SOURCE_TOTAL_AND_PAGINATION_RECONCILIATION;ISIN_LEI_MIC_LINKING,REVIEW_MARKET_TYPE_AND_REGULATORY_ROLE_NOT_EVERY_SITE_IS_EQUITY_EXCHANGE,,UNKNOWN,AUTHORITATIVE_UNIVERSE_BOUNDARY_AND_ENTITY_IDENTIFICATION,PUBLIC_DIRECTORY_DISCOVERY_AND_FULL_EXPORT
https://WWW.IKB.DE,MIC_REGISTERED_SITE,DE,FULL_LISTED_ISSUER_AND_SECURITY_DIRECTORY;FULL_MEMBER_OR_LICENSEE_DIRECTORY;SOURCE_TOTAL_AND_PAGINATION_RECONCILIATION;ISIN_LEI_MIC_LINKING,REVIEW_MARKET_TYPE_AND_REGULATORY_ROLE_NOT_EVERY_SITE_IS_EQUITY_EXCHANGE,200,UNKNOWN,AUTHORITATIVE_UNIVERSE_BOUNDARY_AND_ENTITY_IDENTIFICATION,PUBLIC_DIRECTORY_DISCOVERY_AND_FULL_EXPORT
https://WWW.IMAREX.COM,MIC_REGISTERED_SITE,NO,FULL_LISTED_ISSUER_AND_SECURITY_DIRECTORY;FULL_MEMBER_OR_LICENSEE_DIRECTORY;SOURCE_TOTAL_AND_PAGINATION_RECONCILIATION;ISIN_LEI_MIC_LINKING,REVIEW_MARKET_TYPE_AND_REGULATORY_ROLE_NOT_EVERY_SITE_IS_EQUITY_EXCHANGE,,UNKNOWN,AUTHORITATIVE_UNIVERSE_BOUNDARY_AND_ENTITY_IDENTIFICATION,PUBLIC_DIRECTORY_DISCOVERY_AND_FULL_EXPORT
https://WWW.IMC.COM,MIC_REGISTERED_SITE,NL|US,FULL_LISTED_ISSUER_AND_SECURITY_DIRECTORY;FULL_MEMBER_OR_LICENSEE_DIRECTORY;SOURCE_TOTAL_AND_PAGINATION_RECONCILIATION;ISIN_LEI_MIC_LINKING,REVIEW_MARKET_TYPE_AND_REGULATORY_ROLE_NOT_EVERY_SITE_IS_EQUITY_EXCHANGE,200,UNKNOWN,AUTHORITATIVE_UNIVERSE_BOUNDARY_AND_ENTITY_IDENTIFICATION,PUBLIC_DIRECTORY_DISCOVERY_AND_FULL_EXPORT
https://WWW.IME.CO.IR,MIC_REGISTERED_SITE,IR,FULL_LISTED_ISSUER_AND_SECURITY_DIRECTORY;FULL_MEMBER_OR_LICENSEE_DIRECTORY;SOURCE_TOTAL_AND_PAGINATION_RECONCILIATION;ISIN_LEI_MIC_LINKING,REVIEW_MARKET_TYPE_AND_REGULATORY_ROLE_NOT_EVERY_SITE_IS_EQUITY_EXCHANGE,,UNKNOWN,AUTHORITATIVE_UNIVERSE_BOUNDARY_AND_ENTITY_IDENTIFICATION,PUBLIC_DIRECTORY_DISCOVERY_AND_FULL_EXPORT
https://WWW.IMXHEALTH.COM,MIC_REGISTERED_SITE,US,FULL_LISTED_ISSUER_AND_SECURITY_DIRECTORY;FULL_MEMBER_OR_LICENSEE_DIRECTORY;SOURCE_TOTAL_AND_PAGINATION_RECONCILIATION;ISIN_LEI_MIC_LINKING,REVIEW_MARKET_TYPE_AND_REGULATORY_ROLE_NOT_EVERY_SITE_IS_EQUITY_EXCHANGE,,UNKNOWN,AUTHORITATIVE_UNIVERSE_BOUNDARY_AND_ENTITY_IDENTIFICATION,PUBLIC_DIRECTORY_DISCOVERY_AND_FULL_EXPORT
https://WWW.INDIAINX.COM,MIC_REGISTERED_SITE,IN,FULL_LISTED_ISSUER_AND_SECURITY_DIRECTORY;FULL_MEMBER_OR_LICENSEE_DIRECTORY;SOURCE_TOTAL_AND_PAGINATION_RECONCILIATION;ISIN_LEI_MIC_LINKING,REVIEW_MARKET_TYPE_AND_REGULATORY_ROLE_NOT_EVERY_SITE_IS_EQUITY_EXCHANGE,200,UNKNOWN,AUTHORITATIVE_UNIVERSE_BOUNDARY_AND_ENTITY_IDENTIFICATION,PUBLIC_DIRECTORY_DISCOVERY_AND_FULL_EXPORT
https://WWW.INDX.RU,MIC_REGISTERED_SITE,RU,FULL_LISTED_ISSUER_AND_SECURITY_DIRECTORY;FULL_MEMBER_OR_LICENSEE_DIRECTORY;SOURCE_TOTAL_AND_PAGINATION_RECONCILIATION;ISIN_LEI_MIC_LINKING,REVIEW_MARKET_TYPE_AND_REGULATORY_ROLE_NOT_EVERY_SITE_IS_EQUITY_EXCHANGE,200,UNKNOWN,AUTHORITATIVE_UNIVERSE_BOUNDARY_AND_ENTITY_IDENTIFICATION,PUBLIC_DIRECTORY_DISCOVERY_AND_FULL_EXPORT
https://WWW.INE.CN,MIC_REGISTERED_SITE,CN,FULL_LISTED_ISSUER_AND_SECURITY_DIRECTORY;FULL_MEMBER_OR_LICENSEE_DIRECTORY;SOURCE_TOTAL_AND_PAGINATION_RECONCILIATION;ISIN_LEI_MIC_LINKING,REVIEW_MARKET_TYPE_AND_REGULATORY_ROLE_NOT_EVERY_SITE_IS_EQUITY_EXCHANGE,,UNKNOWN,AUTHORITATIVE_UNIVERSE_BOUNDARY_AND_ENTITY_IDENTIFICATION,PUBLIC_DIRECTORY_DISCOVERY_AND_FULL_EXPORT
https://WWW.INFOENGINE.PL,MIC_REGISTERED_SITE,PL,FULL_LISTED_ISSUER_AND_SECURITY_DIRECTORY;FULL_MEMBER_OR_LICENSEE_DIRECTORY;SOURCE_TOTAL_AND_PAGINATION_RECONCILIATION;ISIN_LEI_MIC_LINKING,REVIEW_MARKET_TYPE_AND_REGULATORY_ROLE_NOT_EVERY_SITE_IS_EQUITY_EXCHANGE,,UNKNOWN,AUTHORITATIVE_UNIVERSE_BOUNDARY_AND_ENTITY_IDENTIFICATION,PUBLIC_DIRECTORY_DISCOVERY_AND_FULL_EXPORT
https://WWW.INFRONTFINANCE.COM,MIC_REGISTERED_SITE,NO,FULL_LISTED_ISSUER_AND_SECURITY_DIRECTORY;FULL_MEMBER_OR_LICENSEE_DIRECTORY;SOURCE_TOTAL_AND_PAGINATION_RECONCILIATION;ISIN_LEI_MIC_LINKING,REVIEW_MARKET_TYPE_AND_REGULATORY_ROLE_NOT_EVERY_SITE_IS_EQUITY_EXCHANGE,,UNKNOWN,AUTHORITATIVE_UNIVERSE_BOUNDARY_AND_ENTITY_IDENTIFICATION,PUBLIC_DIRECTORY_DISCOVERY_AND_FULL_EXPORT
https://WWW.ING.COM,MIC_REGISTERED_SITE,GB|NL,FULL_LISTED_ISSUER_AND_SECURITY_DIRECTORY;FULL_MEMBER_OR_LICENSEE_DIRECTORY;SOURCE_TOTAL_AND_PAGINATION_RECONCILIATION;ISIN_LEI_MIC_LINKING,REVIEW_MARKET_TYPE_AND_REGULATORY_ROLE_NOT_EVERY_SITE_IS_EQUITY_EXCHANGE,,UNKNOWN,AUTHORITATIVE_UNIVERSE_BOUNDARY_AND_ENTITY_IDENTIFICATION,PUBLIC_DIRECTORY_DISCOVERY_AND_FULL_EXPORT
https://WWW.INGBANK.PL,MIC_REGISTERED_SITE,PL,FULL_LISTED_ISSUER_AND_SECURITY_DIRECTORY;FULL_MEMBER_OR_LICENSEE_DIRECTORY;SOURCE_TOTAL_AND_PAGINATION_RECONCILIATION;ISIN_LEI_MIC_LINKING,REVIEW_MARKET_TYPE_AND_REGULATORY_ROLE_NOT_EVERY_SITE_IS_EQUITY_EXCHANGE,,UNKNOWN,AUTHORITATIVE_UNIVERSE_BOUNDARY_AND_ENTITY_IDENTIFICATION,PUBLIC_DIRECTORY_DISCOVERY_AND_FULL_EXPORT
https://WWW.INSTINET.COM,MIC_REGISTERED_SITE,AU|CA|DE|GB|HK|JP|US,FULL_LISTED_ISSUER_AND_SECURITY_DIRECTORY;FULL_MEMBER_OR_LICENSEE_DIRECTORY;SOURCE_TOTAL_AND_PAGINATION_RECONCILIATION;ISIN_LEI_MIC_LINKING,REVIEW_MARKET_TYPE_AND_REGULATORY_ROLE_NOT_EVERY_SITE_IS_EQUITY_EXCHANGE,200,UNKNOWN,AUTHORITATIVE_UNIVERSE_BOUNDARY_AND_ENTITY_IDENTIFICATION,PUBLIC_DIRECTORY_DISCOVERY_AND_FULL_EXPORT
https://WWW.INTEGRALMTF.COM,MIC_REGISTERED_SITE,GB,FULL_LISTED_ISSUER_AND_SECURITY_DIRECTORY;FULL_MEMBER_OR_LICENSEE_DIRECTORY;SOURCE_TOTAL_AND_PAGINATION_RECONCILIATION;ISIN_LEI_MIC_LINKING,REVIEW_MARKET_TYPE_AND_REGULATORY_ROLE_NOT_EVERY_SITE_IS_EQUITY_EXCHANGE,200,UNKNOWN,AUTHORITATIVE_UNIVERSE_BOUNDARY_AND_ENTITY_IDENTIFICATION,PUBLIC_DIRECTORY_DISCOVERY_AND_FULL_EXPORT
https://WWW.INTELLIGENTCROSS.COM,MIC_REGISTERED_SITE,US,FULL_LISTED_ISSUER_AND_SECURITY_DIRECTORY;FULL_MEMBER_OR_LICENSEE_DIRECTORY;SOURCE_TOTAL_AND_PAGINATION_RECONCILIATION;ISIN_LEI_MIC_LINKING,REVIEW_MARKET_TYPE_AND_REGULATORY_ROLE_NOT_EVERY_SITE_IS_EQUITY_EXCHANGE,200,UNKNOWN,AUTHORITATIVE_UNIVERSE_BOUNDARY_AND_ENTITY_IDENTIFICATION,PUBLIC_DIRECTORY_DISCOVERY_AND_FULL_EXPORT
https://WWW.INTERACTIVEBROKERS.COM,MIC_REGISTERED_SITE,US,FULL_LISTED_ISSUER_AND_SECURITY_DIRECTORY;FULL_MEMBER_OR_LICENSEE_DIRECTORY;SOURCE_TOTAL_AND_PAGINATION_RECONCILIATION;ISIN_LEI_MIC_LINKING,REVIEW_MARKET_TYPE_AND_REGULATORY_ROLE_NOT_EVERY_SITE_IS_EQUITY_EXCHANGE,200,UNKNOWN,AUTHORITATIVE_UNIVERSE_BOUNDARY_AND_ENTITY_IDENTIFICATION,PUBLIC_DIRECTORY_DISCOVERY_AND_FULL_EXPORT
https://WWW.INTERACTIVEBROKERS.IE,MIC_REGISTERED_SITE,IE,FULL_LISTED_ISSUER_AND_SECURITY_DIRECTORY;FULL_MEMBER_OR_LICENSEE_DIRECTORY;SOURCE_TOTAL_AND_PAGINATION_RECONCILIATION;ISIN_LEI_MIC_LINKING,REVIEW_MARKET_TYPE_AND_REGULATORY_ROLE_NOT_EVERY_SITE_IS_EQUITY_EXCHANGE,200,UNKNOWN,AUTHORITATIVE_UNIVERSE_BOUNDARY_AND_ENTITY_IDENTIFICATION,PUBLIC_DIRECTORY_DISCOVERY_AND_FULL_EXPORT
https://WWW.INTESASANPAOLO.COM,MIC_REGISTERED_SITE,IT,FULL_LISTED_ISSUER_AND_SECURITY_DIRECTORY;FULL_MEMBER_OR_LICENSEE_DIRECTORY;SOURCE_TOTAL_AND_PAGINATION_RECONCILIATION;ISIN_LEI_MIC_LINKING,REVIEW_MARKET_TYPE_AND_REGULATORY_ROLE_NOT_EVERY_SITE_IS_EQUITY_EXCHANGE,200,UNKNOWN,AUTHORITATIVE_UNIVERSE_BOUNDARY_AND_ENTITY_IDENTIFICATION,PUBLIC_DIRECTORY_DISCOVERY_AND_FULL_EXPORT
https://WWW.INTLFCSTONE.COM,MIC_REGISTERED_SITE,GB,FULL_LISTED_ISSUER_AND_SECURITY_DIRECTORY;FULL_MEMBER_OR_LICENSEE_DIRECTORY;SOURCE_TOTAL_AND_PAGINATION_RECONCILIATION;ISIN_LEI_MIC_LINKING,REVIEW_MARKET_TYPE_AND_REGULATORY_ROLE_NOT_EVERY_SITE_IS_EQUITY_EXCHANGE,,UNKNOWN,AUTHORITATIVE_UNIVERSE_BOUNDARY_AND_ENTITY_IDENTIFICATION,PUBLIC_DIRECTORY_DISCOVERY_AND_FULL_EXPORT
https://WWW.INVESCO.CA,MIC_REGISTERED_SITE,CA,FULL_LISTED_ISSUER_AND_SECURITY_DIRECTORY;FULL_MEMBER_OR_LICENSEE_DIRECTORY;SOURCE_TOTAL_AND_PAGINATION_RECONCILIATION;ISIN_LEI_MIC_LINKING,REVIEW_MARKET_TYPE_AND_REGULATORY_ROLE_NOT_EVERY_SITE_IS_EQUITY_EXCHANGE,200,UNKNOWN,AUTHORITATIVE_UNIVERSE_BOUNDARY_AND_ENTITY_IDENTIFICATION,PUBLIC_DIRECTORY_DISCOVERY_AND_FULL_EXPORT
https://WWW.INVESTBANCA.IT,MIC_REGISTERED_SITE,IT,FULL_LISTED_ISSUER_AND_SECURITY_DIRECTORY;FULL_MEMBER_OR_LICENSEE_DIRECTORY;SOURCE_TOTAL_AND_PAGINATION_RECONCILIATION;ISIN_LEI_MIC_LINKING,REVIEW_MARKET_TYPE_AND_REGULATORY_ROLE_NOT_EVERY_SITE_IS_EQUITY_EXCHANGE,500,UNKNOWN,AUTHORITATIVE_UNIVERSE_BOUNDARY_AND_ENTITY_IDENTIFICATION,PUBLIC_DIRECTORY_DISCOVERY_AND_FULL_EXPORT
https://WWW.INVESTEC.COM,MIC_REGISTERED_SITE,GB,FULL_LISTED_ISSUER_AND_SECURITY_DIRECTORY;FULL_MEMBER_OR_LICENSEE_DIRECTORY;SOURCE_TOTAL_AND_PAGINATION_RECONCILIATION;ISIN_LEI_MIC_LINKING,REVIEW_MARKET_TYPE_AND_REGULATORY_ROLE_NOT_EVERY_SITE_IS_EQUITY_EXCHANGE,403,UNKNOWN,AUTHORITATIVE_UNIVERSE_BOUNDARY_AND_ENTITY_IDENTIFICATION,PUBLIC_DIRECTORY_DISCOVERY_AND_FULL_EXPORT
https://WWW.INVESTMENTBANK.BARCLAYS.COM/MARKETS/EQUITIES-LIQUID-MARKETS.HTML,MIC_REGISTERED_SITE,US,FULL_LISTED_ISSUER_AND_SECURITY_DIRECTORY;FULL_MEMBER_OR_LICENSEE_DIRECTORY;SOURCE_TOTAL_AND_PAGINATION_RECONCILIATION;ISIN_LEI_MIC_LINKING,REVIEW_MARKET_TYPE_AND_REGULATORY_ROLE_NOT_EVERY_SITE_IS_EQUITY_EXCHANGE,200,UNKNOWN,AUTHORITATIVE_UNIVERSE_BOUNDARY_AND_ENTITY_IDENTIFICATION,PUBLIC_DIRECTORY_DISCOVERY_AND_FULL_EXPORT
https://WWW.INVESTRO.DE,MIC_REGISTERED_SITE,DE,FULL_LISTED_ISSUER_AND_SECURITY_DIRECTORY;FULL_MEMBER_OR_LICENSEE_DIRECTORY;SOURCE_TOTAL_AND_PAGINATION_RECONCILIATION;ISIN_LEI_MIC_LINKING,REVIEW_MARKET_TYPE_AND_REGULATORY_ROLE_NOT_EVERY_SITE_IS_EQUITY_EXCHANGE,400,UNKNOWN,AUTHORITATIVE_UNIVERSE_BOUNDARY_AND_ENTITY_IDENTIFICATION,PUBLIC_DIRECTORY_DISCOVERY_AND_FULL_EXPORT
https://WWW.IPSX.COM,MIC_REGISTERED_SITE,GB,FULL_LISTED_ISSUER_AND_SECURITY_DIRECTORY;FULL_MEMBER_OR_LICENSEE_DIRECTORY;SOURCE_TOTAL_AND_PAGINATION_RECONCILIATION;ISIN_LEI_MIC_LINKING,REVIEW_MARKET_TYPE_AND_REGULATORY_ROLE_NOT_EVERY_SITE_IS_EQUITY_EXCHANGE,,UNKNOWN,AUTHORITATIVE_UNIVERSE_BOUNDARY_AND_ENTITY_IDENTIFICATION,PUBLIC_DIRECTORY_DISCOVERY_AND_FULL_EXPORT
https://WWW.ISDX.COM,MIC_REGISTERED_SITE,GB,FULL_LISTED_ISSUER_AND_SECURITY_DIRECTORY;FULL_MEMBER_OR_LICENSEE_DIRECTORY;SOURCE_TOTAL_AND_PAGINATION_RECONCILIATION;ISIN_LEI_MIC_LINKING,REVIEW_MARKET_TYPE_AND_REGULATORY_ROLE_NOT_EVERY_SITE_IS_EQUITY_EXCHANGE,,UNKNOWN,AUTHORITATIVE_UNIVERSE_BOUNDARY_AND_ENTITY_IDENTIFICATION,PUBLIC_DIRECTORY_DISCOVERY_AND_FULL_EXPORT
https://WWW.ISE.COM,MIC_REGISTERED_SITE,US,FULL_LISTED_ISSUER_AND_SECURITY_DIRECTORY;FULL_MEMBER_OR_LICENSEE_DIRECTORY;SOURCE_TOTAL_AND_PAGINATION_RECONCILIATION;ISIN_LEI_MIC_LINKING,REVIEW_MARKET_TYPE_AND_REGULATORY_ROLE_NOT_EVERY_SITE_IS_EQUITY_EXCHANGE,,UNKNOWN,AUTHORITATIVE_UNIVERSE_BOUNDARY_AND_ENTITY_IDENTIFICATION,PUBLIC_DIRECTORY_DISCOVERY_AND_FULL_EXPORT
https://WWW.ISE.COM.PK,MIC_REGISTERED_SITE,PK,FULL_LISTED_ISSUER_AND_SECURITY_DIRECTORY;FULL_MEMBER_OR_LICENSEE_DIRECTORY;SOURCE_TOTAL_AND_PAGINATION_RECONCILIATION;ISIN_LEI_MIC_LINKING,REVIEW_MARKET_TYPE_AND_REGULATORY_ROLE_NOT_EVERY_SITE_IS_EQUITY_EXCHANGE,,UNKNOWN,AUTHORITATIVE_UNIVERSE_BOUNDARY_AND_ENTITY_IDENTIFICATION,PUBLIC_DIRECTORY_DISCOVERY_AND_FULL_EXPORT
https://WWW.ISE.IE,MIC_REGISTERED_SITE,IE,FULL_LISTED_ISSUER_AND_SECURITY_DIRECTORY;FULL_MEMBER_OR_LICENSEE_DIRECTORY;SOURCE_TOTAL_AND_PAGINATION_RECONCILIATION;ISIN_LEI_MIC_LINKING,REVIEW_MARKET_TYPE_AND_REGULATORY_ROLE_NOT_EVERY_SITE_IS_EQUITY_EXCHANGE,200,UNKNOWN,AUTHORITATIVE_UNIVERSE_BOUNDARY_AND_ENTITY_IDENTIFICATION,PUBLIC_DIRECTORY_DISCOVERY_AND_FULL_EXPORT
https://WWW.ISEINDIA.COM,MIC_REGISTERED_SITE,IN,FULL_LISTED_ISSUER_AND_SECURITY_DIRECTORY;FULL_MEMBER_OR_LICENSEE_DIRECTORY;SOURCE_TOTAL_AND_PAGINATION_RECONCILIATION;ISIN_LEI_MIC_LINKING,REVIEW_MARKET_TYPE_AND_REGULATORY_ROLE_NOT_EVERY_SITE_IS_EQUITY_EXCHANGE,,UNKNOWN,AUTHORITATIVE_UNIVERSE_BOUNDARY_AND_ENTITY_IDENTIFICATION,PUBLIC_DIRECTORY_DISCOVERY_AND_FULL_EXPORT
https://WWW.ISLAND.COM,MIC_REGISTERED_SITE,US,FULL_LISTED_ISSUER_AND_SECURITY_DIRECTORY;FULL_MEMBER_OR_LICENSEE_DIRECTORY;SOURCE_TOTAL_AND_PAGINATION_RECONCILIATION;ISIN_LEI_MIC_LINKING,REVIEW_MARKET_TYPE_AND_REGULATORY_ROLE_NOT_EVERY_SITE_IS_EQUITY_EXCHANGE,200,UNKNOWN,AUTHORITATIVE_UNIVERSE_BOUNDARY_AND_ENTITY_IDENTIFICATION,PUBLIC_DIRECTORY_DISCOVERY_AND_FULL_EXPORT
https://WWW.ISX-IQ.NET,MIC_REGISTERED_SITE,IQ,FULL_LISTED_ISSUER_AND_SECURITY_DIRECTORY;FULL_MEMBER_OR_LICENSEE_DIRECTORY;SOURCE_TOTAL_AND_PAGINATION_RECONCILIATION;ISIN_LEI_MIC_LINKING,REVIEW_MARKET_TYPE_AND_REGULATORY_ROLE_NOT_EVERY_SITE_IS_EQUITY_EXCHANGE,,UNKNOWN,AUTHORITATIVE_UNIVERSE_BOUNDARY_AND_ENTITY_IDENTIFICATION,PUBLIC_DIRECTORY_DISCOVERY_AND_FULL_EXPORT
https://WWW.ITG.COM,MIC_REGISTERED_SITE,GB|HK|IE,FULL_LISTED_ISSUER_AND_SECURITY_DIRECTORY;FULL_MEMBER_OR_LICENSEE_DIRECTORY;SOURCE_TOTAL_AND_PAGINATION_RECONCILIATION;ISIN_LEI_MIC_LINKING,REVIEW_MARKET_TYPE_AND_REGULATORY_ROLE_NOT_EVERY_SITE_IS_EQUITY_EXCHANGE,200,UNKNOWN,AUTHORITATIVE_UNIVERSE_BOUNDARY_AND_ENTITY_IDENTIFICATION,PUBLIC_DIRECTORY_DISCOVERY_AND_FULL_EXPORT
https://WWW.IXSP.RU,MIC_REGISTERED_SITE,RU,FULL_LISTED_ISSUER_AND_SECURITY_DIRECTORY;FULL_MEMBER_OR_LICENSEE_DIRECTORY;SOURCE_TOTAL_AND_PAGINATION_RECONCILIATION;ISIN_LEI_MIC_LINKING,REVIEW_MARKET_TYPE_AND_REGULATORY_ROLE_NOT_EVERY_SITE_IS_EQUITY_EXCHANGE,,UNKNOWN,AUTHORITATIVE_UNIVERSE_BOUNDARY_AND_ENTITY_IDENTIFICATION,PUBLIC_DIRECTORY_DISCOVERY_AND_FULL_EXPORT
https://WWW.JADEEXCHANGE.COM,MIC_REGISTERED_SITE,SG,FULL_LISTED_ISSUER_AND_SECURITY_DIRECTORY;FULL_MEMBER_OR_LICENSEE_DIRECTORY;SOURCE_TOTAL_AND_PAGINATION_RECONCILIATION;ISIN_LEI_MIC_LINKING,REVIEW_MARKET_TYPE_AND_REGULATORY_ROLE_NOT_EVERY_SITE_IS_EQUITY_EXCHANGE,200,UNKNOWN,AUTHORITATIVE_UNIVERSE_BOUNDARY_AND_ENTITY_IDENTIFICATION,PUBLIC_DIRECTORY_DISCOVERY_AND_FULL_EXPORT
https://WWW.JAMSTOCKEX.COM,MIC_REGISTERED_SITE,JM,FULL_LISTED_ISSUER_AND_SECURITY_DIRECTORY;FULL_MEMBER_OR_LICENSEE_DIRECTORY;SOURCE_TOTAL_AND_PAGINATION_RECONCILIATION;ISIN_LEI_MIC_LINKING,REVIEW_MARKET_TYPE_AND_REGULATORY_ROLE_NOT_EVERY_SITE_IS_EQUITY_EXCHANGE,403,UNKNOWN,AUTHORITATIVE_UNIVERSE_BOUNDARY_AND_ENTITY_IDENTIFICATION,PUBLIC_DIRECTORY_DISCOVERY_AND_FULL_EXPORT
https://WWW.JANESTREET.COM,MIC_REGISTERED_SITE,GB|NL|US,FULL_LISTED_ISSUER_AND_SECURITY_DIRECTORY;FULL_MEMBER_OR_LICENSEE_DIRECTORY;SOURCE_TOTAL_AND_PAGINATION_RECONCILIATION;ISIN_LEI_MIC_LINKING,REVIEW_MARKET_TYPE_AND_REGULATORY_ROLE_NOT_EVERY_SITE_IS_EQUITY_EXCHANGE,200,UNKNOWN,AUTHORITATIVE_UNIVERSE_BOUNDARY_AND_ENTITY_IDENTIFICATION,PUBLIC_DIRECTORY_DISCOVERY_AND_FULL_EXPORT
https://WWW.JAPAN.ML.COM/JAPAN_OVERVIEW/MLJS_OVERVIEW.ASP,MIC_REGISTERED_SITE,JP,FULL_LISTED_ISSUER_AND_SECURITY_DIRECTORY;FULL_MEMBER_OR_LICENSEE_DIRECTORY;SOURCE_TOTAL_AND_PAGINATION_RECONCILIATION;ISIN_LEI_MIC_LINKING,REVIEW_MARKET_TYPE_AND_REGULATORY_ROLE_NOT_EVERY_SITE_IS_EQUITY_EXCHANGE,,UNKNOWN,AUTHORITATIVE_UNIVERSE_BOUNDARY_AND_ENTITY_IDENTIFICATION,PUBLIC_DIRECTORY_DISCOVERY_AND_FULL_EXPORT
https://WWW.JAPANALTERNATIVEX.CO.JP,MIC_REGISTERED_SITE,JP,FULL_LISTED_ISSUER_AND_SECURITY_DIRECTORY;FULL_MEMBER_OR_LICENSEE_DIRECTORY;SOURCE_TOTAL_AND_PAGINATION_RECONCILIATION;ISIN_LEI_MIC_LINKING,REVIEW_MARKET_TYPE_AND_REGULATORY_ROLE_NOT_EVERY_SITE_IS_EQUITY_EXCHANGE,200,UNKNOWN,AUTHORITATIVE_UNIVERSE_BOUNDARY_AND_ENTITY_IDENTIFICATION,PUBLIC_DIRECTORY_DISCOVERY_AND_FULL_EXPORT
https://WWW.JAPANNEXT.CO.JP,MIC_REGISTERED_SITE,JP,FULL_LISTED_ISSUER_AND_SECURITY_DIRECTORY;FULL_MEMBER_OR_LICENSEE_DIRECTORY;SOURCE_TOTAL_AND_PAGINATION_RECONCILIATION;ISIN_LEI_MIC_LINKING,REVIEW_MARKET_TYPE_AND_REGULATORY_ROLE_NOT_EVERY_SITE_IS_EQUITY_EXCHANGE,200,UNKNOWN,AUTHORITATIVE_UNIVERSE_BOUNDARY_AND_ENTITY_IDENTIFICATION,PUBLIC_DIRECTORY_DISCOVERY_AND_FULL_EXPORT
https://WWW.JEFFERIES.COM,MIC_REGISTERED_SITE,DE|GB|JP|US,FULL_LISTED_ISSUER_AND_SECURITY_DIRECTORY;FULL_MEMBER_OR_LICENSEE_DIRECTORY;SOURCE_TOTAL_AND_PAGINATION_RECONCILIATION;ISIN_LEI_MIC_LINKING,REVIEW_MARKET_TYPE_AND_REGULATORY_ROLE_NOT_EVERY_SITE_IS_EQUITY_EXCHANGE,200,UNKNOWN,AUTHORITATIVE_UNIVERSE_BOUNDARY_AND_ENTITY_IDENTIFICATION,PUBLIC_DIRECTORY_DISCOVERY_AND_FULL_EXPORT
https://WWW.JPMORGAN.COM,MIC_REGISTERED_SITE,DE|GB|HK|US,FULL_LISTED_ISSUER_AND_SECURITY_DIRECTORY;FULL_MEMBER_OR_LICENSEE_DIRECTORY;SOURCE_TOTAL_AND_PAGINATION_RECONCILIATION;ISIN_LEI_MIC_LINKING,REVIEW_MARKET_TYPE_AND_REGULATORY_ROLE_NOT_EVERY_SITE_IS_EQUITY_EXCHANGE,200,UNKNOWN,AUTHORITATIVE_UNIVERSE_BOUNDARY_AND_ENTITY_IDENTIFICATION,PUBLIC_DIRECTORY_DISCOVERY_AND_FULL_EXPORT
https://WWW.JPMORGAN.COM/COUNTRY/US/EN/CIB/MARKETS-INVESTOR-SERVICES/AQUA,MIC_REGISTERED_SITE,DE|GB|HK|US,FULL_LISTED_ISSUER_AND_SECURITY_DIRECTORY;FULL_MEMBER_OR_LICENSEE_DIRECTORY;SOURCE_TOTAL_AND_PAGINATION_RECONCILIATION;ISIN_LEI_MIC_LINKING,REVIEW_MARKET_TYPE_AND_REGULATORY_ROLE_NOT_EVERY_SITE_IS_EQUITY_EXCHANGE,404,UNKNOWN,AUTHORITATIVE_UNIVERSE_BOUNDARY_AND_ENTITY_IDENTIFICATION,PUBLIC_DIRECTORY_DISCOVERY_AND_FULL_EXPORT
https://WWW.JPMORGANCAZENOVE.COM,MIC_REGISTERED_SITE,GB,FULL_LISTED_ISSUER_AND_SECURITY_DIRECTORY;FULL_MEMBER_OR_LICENSEE_DIRECTORY;SOURCE_TOTAL_AND_PAGINATION_RECONCILIATION;ISIN_LEI_MIC_LINKING,REVIEW_MARKET_TYPE_AND_REGULATORY_ROLE_NOT_EVERY_SITE_IS_EQUITY_EXCHANGE,,UNKNOWN,AUTHORITATIVE_UNIVERSE_BOUNDARY_AND_ENTITY_IDENTIFICATION,PUBLIC_DIRECTORY_DISCOVERY_AND_FULL_EXPORT
https://WWW.JPX.CO.JP,MIC_REGISTERED_SITE,JP,FULL_LISTED_ISSUER_AND_SECURITY_DIRECTORY;FULL_MEMBER_OR_LICENSEE_DIRECTORY;SOURCE_TOTAL_AND_PAGINATION_RECONCILIATION;ISIN_LEI_MIC_LINKING,REVIEW_MARKET_TYPE_AND_REGULATORY_ROLE_NOT_EVERY_SITE_IS_EQUITY_EXCHANGE,200,UNKNOWN,AUTHORITATIVE_UNIVERSE_BOUNDARY_AND_ENTITY_IDENTIFICATION,PUBLIC_DIRECTORY_DISCOVERY_AND_FULL_EXPORT
https://WWW.JSE.CO.ZA,MIC_REGISTERED_SITE,ZA,FULL_LISTED_ISSUER_AND_SECURITY_DIRECTORY;FULL_MEMBER_OR_LICENSEE_DIRECTORY;SOURCE_TOTAL_AND_PAGINATION_RECONCILIATION;ISIN_LEI_MIC_LINKING,REVIEW_MARKET_TYPE_AND_REGULATORY_ROLE_NOT_EVERY_SITE_IS_EQUITY_EXCHANGE,403,UNKNOWN,AUTHORITATIVE_UNIVERSE_BOUNDARY_AND_ENTITY_IDENTIFICATION,PUBLIC_DIRECTORY_DISCOVERY_AND_FULL_EXPORT
https://WWW.JSE.CO.ZA/MARKETS/ALTX.ASPX,MIC_REGISTERED_SITE,ZA,FULL_LISTED_ISSUER_AND_SECURITY_DIRECTORY;FULL_MEMBER_OR_LICENSEE_DIRECTORY;SOURCE_TOTAL_AND_PAGINATION_RECONCILIATION;ISIN_LEI_MIC_LINKING,REVIEW_MARKET_TYPE_AND_REGULATORY_ROLE_NOT_EVERY_SITE_IS_EQUITY_EXCHANGE,403,UNKNOWN,AUTHORITATIVE_UNIVERSE_BOUNDARY_AND_ENTITY_IDENTIFICATION,PUBLIC_DIRECTORY_DISCOVERY_AND_FULL_EXPORT
https://WWW.JUICEX.COM,MIC_REGISTERED_SITE,US,FULL_LISTED_ISSUER_AND_SECURITY_DIRECTORY;FULL_MEMBER_OR_LICENSEE_DIRECTORY;SOURCE_TOTAL_AND_PAGINATION_RECONCILIATION;ISIN_LEI_MIC_LINKING,REVIEW_MARKET_TYPE_AND_REGULATORY_ROLE_NOT_EVERY_SITE_IS_EQUITY_EXCHANGE,200,UNKNOWN,AUTHORITATIVE_UNIVERSE_BOUNDARY_AND_ENTITY_IDENTIFICATION,PUBLIC_DIRECTORY_DISCOVERY_AND_FULL_EXPORT
https://WWW.JUMPTRADING.COM,MIC_REGISTERED_SITE,GB|NL|US,FULL_LISTED_ISSUER_AND_SECURITY_DIRECTORY;FULL_MEMBER_OR_LICENSEE_DIRECTORY;SOURCE_TOTAL_AND_PAGINATION_RECONCILIATION;ISIN_LEI_MIC_LINKING,REVIEW_MARKET_TYPE_AND_REGULATORY_ROLE_NOT_EVERY_SITE_IS_EQUITY_EXCHANGE,200,UNKNOWN,AUTHORITATIVE_UNIVERSE_BOUNDARY_AND_ENTITY_IDENTIFICATION,PUBLIC_DIRECTORY_DISCOVERY_AND_FULL_EXPORT
https://WWW.JYSKEBANK.DK,MIC_REGISTERED_SITE,DK,FULL_LISTED_ISSUER_AND_SECURITY_DIRECTORY;FULL_MEMBER_OR_LICENSEE_DIRECTORY;SOURCE_TOTAL_AND_PAGINATION_RECONCILIATION;ISIN_LEI_MIC_LINKING,REVIEW_MARKET_TYPE_AND_REGULATORY_ROLE_NOT_EVERY_SITE_IS_EQUITY_EXCHANGE,403,UNKNOWN,AUTHORITATIVE_UNIVERSE_BOUNDARY_AND_ENTITY_IDENTIFICATION,PUBLIC_DIRECTORY_DISCOVERY_AND_FULL_EXPORT
https://WWW.KAASUPORSSI.COM,MIC_REGISTERED_SITE,FI,FULL_LISTED_ISSUER_AND_SECURITY_DIRECTORY;FULL_MEMBER_OR_LICENSEE_DIRECTORY;SOURCE_TOTAL_AND_PAGINATION_RECONCILIATION;ISIN_LEI_MIC_LINKING,REVIEW_MARKET_TYPE_AND_REGULATORY_ROLE_NOT_EVERY_SITE_IS_EQUITY_EXCHANGE,,UNKNOWN,AUTHORITATIVE_UNIVERSE_BOUNDARY_AND_ENTITY_IDENTIFICATION,PUBLIC_DIRECTORY_DISCOVERY_AND_FULL_EXPORT
https://WWW.KABU.COM,MIC_REGISTERED_SITE,JP,FULL_LISTED_ISSUER_AND_SECURITY_DIRECTORY;FULL_MEMBER_OR_LICENSEE_DIRECTORY;SOURCE_TOTAL_AND_PAGINATION_RECONCILIATION;ISIN_LEI_MIC_LINKING,REVIEW_MARKET_TYPE_AND_REGULATORY_ROLE_NOT_EVERY_SITE_IS_EQUITY_EXCHANGE,200,UNKNOWN,AUTHORITATIVE_UNIVERSE_BOUNDARY_AND_ENTITY_IDENTIFICATION,PUBLIC_DIRECTORY_DISCOVERY_AND_FULL_EXPORT
https://WWW.KALSHI.COM,MIC_REGISTERED_SITE,US,FULL_LISTED_ISSUER_AND_SECURITY_DIRECTORY;FULL_MEMBER_OR_LICENSEE_DIRECTORY;SOURCE_TOTAL_AND_PAGINATION_RECONCILIATION;ISIN_LEI_MIC_LINKING,REVIEW_MARKET_TYPE_AND_REGULATORY_ROLE_NOT_EVERY_SITE_IS_EQUITY_EXCHANGE,429,UNKNOWN,AUTHORITATIVE_UNIVERSE_BOUNDARY_AND_ENTITY_IDENTIFICATION,PUBLIC_DIRECTORY_DISCOVERY_AND_FULL_EXPORT
https://WWW.KASE.KZ,MIC_REGISTERED_SITE,KZ,FULL_LISTED_ISSUER_AND_SECURITY_DIRECTORY;FULL_MEMBER_OR_LICENSEE_DIRECTORY;SOURCE_TOTAL_AND_PAGINATION_RECONCILIATION;ISIN_LEI_MIC_LINKING,REVIEW_MARKET_TYPE_AND_REGULATORY_ROLE_NOT_EVERY_SITE_IS_EQUITY_EXCHANGE,200,UNKNOWN,AUTHORITATIVE_UNIVERSE_BOUNDARY_AND_ENTITY_IDENTIFICATION,PUBLIC_DIRECTORY_DISCOVERY_AND_FULL_EXPORT
https://WWW.KB.CZ,MIC_REGISTERED_SITE,CZ,FULL_LISTED_ISSUER_AND_SECURITY_DIRECTORY;FULL_MEMBER_OR_LICENSEE_DIRECTORY;SOURCE_TOTAL_AND_PAGINATION_RECONCILIATION;ISIN_LEI_MIC_LINKING,REVIEW_MARKET_TYPE_AND_REGULATORY_ROLE_NOT_EVERY_SITE_IS_EQUITY_EXCHANGE,200,UNKNOWN,AUTHORITATIVE_UNIVERSE_BOUNDARY_AND_ENTITY_IDENTIFICATION,PUBLIC_DIRECTORY_DISCOVERY_AND_FULL_EXPORT
https://WWW.KBC.COM,MIC_REGISTERED_SITE,BE,FULL_LISTED_ISSUER_AND_SECURITY_DIRECTORY;FULL_MEMBER_OR_LICENSEE_DIRECTORY;SOURCE_TOTAL_AND_PAGINATION_RECONCILIATION;ISIN_LEI_MIC_LINKING,REVIEW_MARKET_TYPE_AND_REGULATORY_ROLE_NOT_EVERY_SITE_IS_EQUITY_EXCHANGE,200,UNKNOWN,AUTHORITATIVE_UNIVERSE_BOUNDARY_AND_ENTITY_IDENTIFICATION,PUBLIC_DIRECTORY_DISCOVERY_AND_FULL_EXPORT
https://WWW.KCBT.COM,MIC_REGISTERED_SITE,US,FULL_LISTED_ISSUER_AND_SECURITY_DIRECTORY;FULL_MEMBER_OR_LICENSEE_DIRECTORY;SOURCE_TOTAL_AND_PAGINATION_RECONCILIATION;ISIN_LEI_MIC_LINKING,REVIEW_MARKET_TYPE_AND_REGULATORY_ROLE_NOT_EVERY_SITE_IS_EQUITY_EXCHANGE,403,UNKNOWN,AUTHORITATIVE_UNIVERSE_BOUNDARY_AND_ENTITY_IDENTIFICATION,PUBLIC_DIRECTORY_DISCOVERY_AND_FULL_EXPORT
https://WWW.KCG.COM,MIC_REGISTERED_SITE,US,FULL_LISTED_ISSUER_AND_SECURITY_DIRECTORY;FULL_MEMBER_OR_LICENSEE_DIRECTORY;SOURCE_TOTAL_AND_PAGINATION_RECONCILIATION;ISIN_LEI_MIC_LINKING,REVIEW_MARKET_TYPE_AND_REGULATORY_ROLE_NOT_EVERY_SITE_IS_EQUITY_EXCHANGE,,UNKNOWN,AUTHORITATIVE_UNIVERSE_BOUNDARY_AND_ENTITY_IDENTIFICATION,PUBLIC_DIRECTORY_DISCOVERY_AND_FULL_EXPORT
https://WWW.KDPWCCP.PL,MIC_REGISTERED_SITE,PL,FULL_LISTED_ISSUER_AND_SECURITY_DIRECTORY;FULL_MEMBER_OR_LICENSEE_DIRECTORY;SOURCE_TOTAL_AND_PAGINATION_RECONCILIATION;ISIN_LEI_MIC_LINKING,REVIEW_MARKET_TYPE_AND_REGULATORY_ROLE_NOT_EVERY_SITE_IS_EQUITY_EXCHANGE,200,UNKNOWN,AUTHORITATIVE_UNIVERSE_BOUNDARY_AND_ENTITY_IDENTIFICATION,PUBLIC_DIRECTORY_DISCOVERY_AND_FULL_EXPORT
https://WWW.KELER.HU,MIC_REGISTERED_SITE,HU,FULL_LISTED_ISSUER_AND_SECURITY_DIRECTORY;FULL_MEMBER_OR_LICENSEE_DIRECTORY;SOURCE_TOTAL_AND_PAGINATION_RECONCILIATION;ISIN_LEI_MIC_LINKING,REVIEW_MARKET_TYPE_AND_REGULATORY_ROLE_NOT_EVERY_SITE_IS_EQUITY_EXCHANGE,,UNKNOWN,AUTHORITATIVE_UNIVERSE_BOUNDARY_AND_ENTITY_IDENTIFICATION,PUBLIC_DIRECTORY_DISCOVERY_AND_FULL_EXPORT
https://WWW.KELERKSZF.HU,MIC_REGISTERED_SITE,HU,FULL_LISTED_ISSUER_AND_SECURITY_DIRECTORY;FULL_MEMBER_OR_LICENSEE_DIRECTORY;SOURCE_TOTAL_AND_PAGINATION_RECONCILIATION;ISIN_LEI_MIC_LINKING,REVIEW_MARKET_TYPE_AND_REGULATORY_ROLE_NOT_EVERY_SITE_IS_EQUITY_EXCHANGE,,UNKNOWN,AUTHORITATIVE_UNIVERSE_BOUNDARY_AND_ENTITY_IDENTIFICATION,PUBLIC_DIRECTORY_DISCOVERY_AND_FULL_EXPORT
https://WWW.KEPLERCHEUVREUX.COM,MIC_REGISTERED_SITE,FR,FULL_LISTED_ISSUER_AND_SECURITY_DIRECTORY;FULL_MEMBER_OR_LICENSEE_DIRECTORY;SOURCE_TOTAL_AND_PAGINATION_RECONCILIATION;ISIN_LEI_MIC_LINKING,REVIEW_MARKET_TYPE_AND_REGULATORY_ROLE_NOT_EVERY_SITE_IS_EQUITY_EXCHANGE,200,UNKNOWN,AUTHORITATIVE_UNIVERSE_BOUNDARY_AND_ENTITY_IDENTIFICATION,PUBLIC_DIRECTORY_DISCOVERY_AND_FULL_EXPORT
https://WWW.KH.HU,MIC_REGISTERED_SITE,HU,FULL_LISTED_ISSUER_AND_SECURITY_DIRECTORY;FULL_MEMBER_OR_LICENSEE_DIRECTORY;SOURCE_TOTAL_AND_PAGINATION_RECONCILIATION;ISIN_LEI_MIC_LINKING,REVIEW_MARKET_TYPE_AND_REGULATORY_ROLE_NOT_EVERY_SITE_IS_EQUITY_EXCHANGE,403,UNKNOWN,AUTHORITATIVE_UNIVERSE_BOUNDARY_AND_ENTITY_IDENTIFICATION,PUBLIC_DIRECTORY_DISCOVERY_AND_FULL_EXPORT
https://WWW.KISE-UA.COM,MIC_REGISTERED_SITE,UA,FULL_LISTED_ISSUER_AND_SECURITY_DIRECTORY;FULL_MEMBER_OR_LICENSEE_DIRECTORY;SOURCE_TOTAL_AND_PAGINATION_RECONCILIATION;ISIN_LEI_MIC_LINKING,REVIEW_MARKET_TYPE_AND_REGULATORY_ROLE_NOT_EVERY_SITE_IS_EQUITY_EXCHANGE,200,UNKNOWN,AUTHORITATIVE_UNIVERSE_BOUNDARY_AND_ENTITY_IDENTIFICATION,PUBLIC_DIRECTORY_DISCOVERY_AND_FULL_EXPORT
https://WWW.KNIGHT.COM,MIC_REGISTERED_SITE,GB|US,FULL_LISTED_ISSUER_AND_SECURITY_DIRECTORY;FULL_MEMBER_OR_LICENSEE_DIRECTORY;SOURCE_TOTAL_AND_PAGINATION_RECONCILIATION;ISIN_LEI_MIC_LINKING,REVIEW_MARKET_TYPE_AND_REGULATORY_ROLE_NOT_EVERY_SITE_IS_EQUITY_EXCHANGE,,UNKNOWN,AUTHORITATIVE_UNIVERSE_BOUNDARY_AND_ENTITY_IDENTIFICATION,PUBLIC_DIRECTORY_DISCOVERY_AND_FULL_EXPORT
https://WWW.KRAKEN.COM,MIC_REGISTERED_SITE,AE|IE|SG|US,FULL_LISTED_ISSUER_AND_SECURITY_DIRECTORY;FULL_MEMBER_OR_LICENSEE_DIRECTORY;SOURCE_TOTAL_AND_PAGINATION_RECONCILIATION;ISIN_LEI_MIC_LINKING,REVIEW_MARKET_TYPE_AND_REGULATORY_ROLE_NOT_EVERY_SITE_IS_EQUITY_EXCHANGE,200,UNKNOWN,AUTHORITATIVE_UNIVERSE_BOUNDARY_AND_ENTITY_IDENTIFICATION,PUBLIC_DIRECTORY_DISCOVERY_AND_FULL_EXPORT
https://WWW.KSCM.ES,MIC_REGISTERED_SITE,ES,FULL_LISTED_ISSUER_AND_SECURITY_DIRECTORY;FULL_MEMBER_OR_LICENSEE_DIRECTORY;SOURCE_TOTAL_AND_PAGINATION_RECONCILIATION;ISIN_LEI_MIC_LINKING,REVIEW_MARKET_TYPE_AND_REGULATORY_ROLE_NOT_EVERY_SITE_IS_EQUITY_EXCHANGE,,UNKNOWN,AUTHORITATIVE_UNIVERSE_BOUNDARY_AND_ENTITY_IDENTIFICATION,PUBLIC_DIRECTORY_DISCOVERY_AND_FULL_EXPORT
https://WWW.KSDA.OR.KR/ENGLISH/INVEST/OTC_OVERVIEW.CFM,MIC_REGISTERED_SITE,KR,FULL_LISTED_ISSUER_AND_SECURITY_DIRECTORY;FULL_MEMBER_OR_LICENSEE_DIRECTORY;SOURCE_TOTAL_AND_PAGINATION_RECONCILIATION;ISIN_LEI_MIC_LINKING,REVIEW_MARKET_TYPE_AND_REGULATORY_ROLE_NOT_EVERY_SITE_IS_EQUITY_EXCHANGE,,UNKNOWN,AUTHORITATIVE_UNIVERSE_BOUNDARY_AND_ENTITY_IDENTIFICATION,PUBLIC_DIRECTORY_DISCOVERY_AND_FULL_EXPORT
https://WWW.KSE.COM.SD,MIC_REGISTERED_SITE,SD,FULL_LISTED_ISSUER_AND_SECURITY_DIRECTORY;FULL_MEMBER_OR_LICENSEE_DIRECTORY;SOURCE_TOTAL_AND_PAGINATION_RECONCILIATION;ISIN_LEI_MIC_LINKING,REVIEW_MARKET_TYPE_AND_REGULATORY_ROLE_NOT_EVERY_SITE_IS_EQUITY_EXCHANGE,,UNKNOWN,AUTHORITATIVE_UNIVERSE_BOUNDARY_AND_ENTITY_IDENTIFICATION,PUBLIC_DIRECTORY_DISCOVERY_AND_FULL_EXPORT
https://WWW.KSE.KG,MIC_REGISTERED_SITE,KG,FULL_LISTED_ISSUER_AND_SECURITY_DIRECTORY;FULL_MEMBER_OR_LICENSEE_DIRECTORY;SOURCE_TOTAL_AND_PAGINATION_RECONCILIATION;ISIN_LEI_MIC_LINKING,REVIEW_MARKET_TYPE_AND_REGULATORY_ROLE_NOT_EVERY_SITE_IS_EQUITY_EXCHANGE,,UNKNOWN,AUTHORITATIVE_UNIVERSE_BOUNDARY_AND_ENTITY_IDENTIFICATION,PUBLIC_DIRECTORY_DISCOVERY_AND_FULL_EXPORT
https://WWW.KUE.KIEV.UA,MIC_REGISTERED_SITE,UA,FULL_LISTED_ISSUER_AND_SECURITY_DIRECTORY;FULL_MEMBER_OR_LICENSEE_DIRECTORY;SOURCE_TOTAL_AND_PAGINATION_RECONCILIATION;ISIN_LEI_MIC_LINKING,REVIEW_MARKET_TYPE_AND_REGULATORY_ROLE_NOT_EVERY_SITE_IS_EQUITY_EXCHANGE,,UNKNOWN,AUTHORITATIVE_UNIVERSE_BOUNDARY_AND_ENTITY_IDENTIFICATION,PUBLIC_DIRECTORY_DISCOVERY_AND_FULL_EXPORT
https://WWW.KUWAITSE.COM,MIC_REGISTERED_SITE,KW,FULL_LISTED_ISSUER_AND_SECURITY_DIRECTORY;FULL_MEMBER_OR_LICENSEE_DIRECTORY;SOURCE_TOTAL_AND_PAGINATION_RECONCILIATION;ISIN_LEI_MIC_LINKING,REVIEW_MARKET_TYPE_AND_REGULATORY_ROLE_NOT_EVERY_SITE_IS_EQUITY_EXCHANGE,200,UNKNOWN,AUTHORITATIVE_UNIVERSE_BOUNDARY_AND_ENTITY_IDENTIFICATION,PUBLIC_DIRECTORY_DISCOVERY_AND_FULL_EXPORT
https://WWW.KYTEBROKING.COM,MIC_REGISTERED_SITE,GB,FULL_LISTED_ISSUER_AND_SECURITY_DIRECTORY;FULL_MEMBER_OR_LICENSEE_DIRECTORY;SOURCE_TOTAL_AND_PAGINATION_RECONCILIATION;ISIN_LEI_MIC_LINKING,REVIEW_MARKET_TYPE_AND_REGULATORY_ROLE_NOT_EVERY_SITE_IS_EQUITY_EXCHANGE,,UNKNOWN,AUTHORITATIVE_UNIVERSE_BOUNDARY_AND_ENTITY_IDENTIFICATION,PUBLIC_DIRECTORY_DISCOVERY_AND_FULL_EXPORT
https://WWW.LAHORESTOCK.COM,MIC_REGISTERED_SITE,PK,FULL_LISTED_ISSUER_AND_SECURITY_DIRECTORY;FULL_MEMBER_OR_LICENSEE_DIRECTORY;SOURCE_TOTAL_AND_PAGINATION_RECONCILIATION;ISIN_LEI_MIC_LINKING,REVIEW_MARKET_TYPE_AND_REGULATORY_ROLE_NOT_EVERY_SITE_IS_EQUITY_EXCHANGE,200,UNKNOWN,AUTHORITATIVE_UNIVERSE_BOUNDARY_AND_ENTITY_IDENTIFICATION,PUBLIC_DIRECTORY_DISCOVERY_AND_FULL_EXPORT
https://WWW.LATAMSEF.COM,MIC_REGISTERED_SITE,US,FULL_LISTED_ISSUER_AND_SECURITY_DIRECTORY;FULL_MEMBER_OR_LICENSEE_DIRECTORY;SOURCE_TOTAL_AND_PAGINATION_RECONCILIATION;ISIN_LEI_MIC_LINKING,REVIEW_MARKET_TYPE_AND_REGULATORY_ROLE_NOT_EVERY_SITE_IS_EQUITY_EXCHANGE,403,UNKNOWN,AUTHORITATIVE_UNIVERSE_BOUNDARY_AND_ENTITY_IDENTIFICATION,PUBLIC_DIRECTORY_DISCOVERY_AND_FULL_EXPORT
https://WWW.LATIBEX.COM,MIC_REGISTERED_SITE,ES,FULL_LISTED_ISSUER_AND_SECURITY_DIRECTORY;FULL_MEMBER_OR_LICENSEE_DIRECTORY;SOURCE_TOTAL_AND_PAGINATION_RECONCILIATION;ISIN_LEI_MIC_LINKING,REVIEW_MARKET_TYPE_AND_REGULATORY_ROLE_NOT_EVERY_SITE_IS_EQUITY_EXCHANGE,200,UNKNOWN,AUTHORITATIVE_UNIVERSE_BOUNDARY_AND_ENTITY_IDENTIFICATION,PUBLIC_DIRECTORY_DISCOVERY_AND_FULL_EXPORT
https://WWW.LATINEXBOLSA.COM,MIC_REGISTERED_SITE,PA,FULL_LISTED_ISSUER_AND_SECURITY_DIRECTORY;FULL_MEMBER_OR_LICENSEE_DIRECTORY;SOURCE_TOTAL_AND_PAGINATION_RECONCILIATION;ISIN_LEI_MIC_LINKING,REVIEW_MARKET_TYPE_AND_REGULATORY_ROLE_NOT_EVERY_SITE_IS_EQUITY_EXCHANGE,200,UNKNOWN,AUTHORITATIVE_UNIVERSE_BOUNDARY_AND_ENTITY_IDENTIFICATION,PUBLIC_DIRECTORY_DISCOVERY_AND_FULL_EXPORT
https://WWW.LAVAFLOWECN.COM,MIC_REGISTERED_SITE,US,FULL_LISTED_ISSUER_AND_SECURITY_DIRECTORY;FULL_MEMBER_OR_LICENSEE_DIRECTORY;SOURCE_TOTAL_AND_PAGINATION_RECONCILIATION;ISIN_LEI_MIC_LINKING,REVIEW_MARKET_TYPE_AND_REGULATORY_ROLE_NOT_EVERY_SITE_IS_EQUITY_EXCHANGE,,UNKNOWN,AUTHORITATIVE_UNIVERSE_BOUNDARY_AND_ENTITY_IDENTIFICATION,PUBLIC_DIRECTORY_DISCOVERY_AND_FULL_EXPORT
https://WWW.LAVAFX.COM,MIC_REGISTERED_SITE,US,FULL_LISTED_ISSUER_AND_SECURITY_DIRECTORY;FULL_MEMBER_OR_LICENSEE_DIRECTORY;SOURCE_TOTAL_AND_PAGINATION_RECONCILIATION;ISIN_LEI_MIC_LINKING,REVIEW_MARKET_TYPE_AND_REGULATORY_ROLE_NOT_EVERY_SITE_IS_EQUITY_EXCHANGE,,UNKNOWN,AUTHORITATIVE_UNIVERSE_BOUNDARY_AND_ENTITY_IDENTIFICATION,PUBLIC_DIRECTORY_DISCOVERY_AND_FULL_EXPORT
https://WWW.LAVATRADING.COM,MIC_REGISTERED_SITE,US,FULL_LISTED_ISSUER_AND_SECURITY_DIRECTORY;FULL_MEMBER_OR_LICENSEE_DIRECTORY;SOURCE_TOTAL_AND_PAGINATION_RECONCILIATION;ISIN_LEI_MIC_LINKING,REVIEW_MARKET_TYPE_AND_REGULATORY_ROLE_NOT_EVERY_SITE_IS_EQUITY_EXCHANGE,,UNKNOWN,AUTHORITATIVE_UNIVERSE_BOUNDARY_AND_ENTITY_IDENTIFICATION,PUBLIC_DIRECTORY_DISCOVERY_AND_FULL_EXPORT
https://WWW.LBBW.DE,MIC_REGISTERED_SITE,DE,FULL_LISTED_ISSUER_AND_SECURITY_DIRECTORY;FULL_MEMBER_OR_LICENSEE_DIRECTORY;SOURCE_TOTAL_AND_PAGINATION_RECONCILIATION;ISIN_LEI_MIC_LINKING,REVIEW_MARKET_TYPE_AND_REGULATORY_ROLE_NOT_EVERY_SITE_IS_EQUITY_EXCHANGE,200,UNKNOWN,AUTHORITATIVE_UNIVERSE_BOUNDARY_AND_ENTITY_IDENTIFICATION,PUBLIC_DIRECTORY_DISCOVERY_AND_FULL_EXPORT
https://WWW.LBMA.ORG.UK,MIC_REGISTERED_SITE,GB,FULL_LISTED_ISSUER_AND_SECURITY_DIRECTORY;FULL_MEMBER_OR_LICENSEE_DIRECTORY;SOURCE_TOTAL_AND_PAGINATION_RECONCILIATION;ISIN_LEI_MIC_LINKING,REVIEW_MARKET_TYPE_AND_REGULATORY_ROLE_NOT_EVERY_SITE_IS_EQUITY_EXCHANGE,200,UNKNOWN,AUTHORITATIVE_UNIVERSE_BOUNDARY_AND_ENTITY_IDENTIFICATION,PUBLIC_DIRECTORY_DISCOVERY_AND_FULL_EXPORT
https://WWW.LCH.COM,MIC_REGISTERED_SITE,GB,FULL_LISTED_ISSUER_AND_SECURITY_DIRECTORY;FULL_MEMBER_OR_LICENSEE_DIRECTORY;SOURCE_TOTAL_AND_PAGINATION_RECONCILIATION;ISIN_LEI_MIC_LINKING,REVIEW_MARKET_TYPE_AND_REGULATORY_ROLE_NOT_EVERY_SITE_IS_EQUITY_EXCHANGE,200,UNKNOWN,AUTHORITATIVE_UNIVERSE_BOUNDARY_AND_ENTITY_IDENTIFICATION,PUBLIC_DIRECTORY_DISCOVERY_AND_FULL_EXPORT
https://WWW.LCHCLEARNET.COM,MIC_REGISTERED_SITE,FR|GB,FULL_LISTED_ISSUER_AND_SECURITY_DIRECTORY;FULL_MEMBER_OR_LICENSEE_DIRECTORY;SOURCE_TOTAL_AND_PAGINATION_RECONCILIATION;ISIN_LEI_MIC_LINKING,REVIEW_MARKET_TYPE_AND_REGULATORY_ROLE_NOT_EVERY_SITE_IS_EQUITY_EXCHANGE,,UNKNOWN,AUTHORITATIVE_UNIVERSE_BOUNDARY_AND_ENTITY_IDENTIFICATION,PUBLIC_DIRECTORY_DISCOVERY_AND_FULL_EXPORT
https://WWW.LCX.COM,MIC_REGISTERED_SITE,LI,FULL_LISTED_ISSUER_AND_SECURITY_DIRECTORY;FULL_MEMBER_OR_LICENSEE_DIRECTORY;SOURCE_TOTAL_AND_PAGINATION_RECONCILIATION;ISIN_LEI_MIC_LINKING,REVIEW_MARKET_TYPE_AND_REGULATORY_ROLE_NOT_EVERY_SITE_IS_EQUITY_EXCHANGE,200,UNKNOWN,AUTHORITATIVE_UNIVERSE_BOUNDARY_AND_ENTITY_IDENTIFICATION,PUBLIC_DIRECTORY_DISCOVERY_AND_FULL_EXPORT
https://WWW.LEDGEREDGE.COM,MIC_REGISTERED_SITE,GB|NL|US,FULL_LISTED_ISSUER_AND_SECURITY_DIRECTORY;FULL_MEMBER_OR_LICENSEE_DIRECTORY;SOURCE_TOTAL_AND_PAGINATION_RECONCILIATION;ISIN_LEI_MIC_LINKING,REVIEW_MARKET_TYPE_AND_REGULATORY_ROLE_NOT_EVERY_SITE_IS_EQUITY_EXCHANGE,200,UNKNOWN,AUTHORITATIVE_UNIVERSE_BOUNDARY_AND_ENTITY_IDENTIFICATION,PUBLIC_DIRECTORY_DISCOVERY_AND_FULL_EXPORT
https://WWW.LEDGERX.COM,MIC_REGISTERED_SITE,US,FULL_LISTED_ISSUER_AND_SECURITY_DIRECTORY;FULL_MEMBER_OR_LICENSEE_DIRECTORY;SOURCE_TOTAL_AND_PAGINATION_RECONCILIATION;ISIN_LEI_MIC_LINKING,REVIEW_MARKET_TYPE_AND_REGULATORY_ROLE_NOT_EVERY_SITE_IS_EQUITY_EXCHANGE,404,UNKNOWN,AUTHORITATIVE_UNIVERSE_BOUNDARY_AND_ENTITY_IDENTIFICATION,PUBLIC_DIRECTORY_DISCOVERY_AND_FULL_EXPORT
https://WWW.LEVELMARKETS.COM/LEVEL-ATS/,MIC_REGISTERED_SITE,US,FULL_LISTED_ISSUER_AND_SECURITY_DIRECTORY;FULL_MEMBER_OR_LICENSEE_DIRECTORY;SOURCE_TOTAL_AND_PAGINATION_RECONCILIATION;ISIN_LEI_MIC_LINKING,REVIEW_MARKET_TYPE_AND_REGULATORY_ROLE_NOT_EVERY_SITE_IS_EQUITY_EXCHANGE,200,UNKNOWN,AUTHORITATIVE_UNIVERSE_BOUNDARY_AND_ENTITY_IDENTIFICATION,PUBLIC_DIRECTORY_DISCOVERY_AND_FULL_EXPORT
https://WWW.LIGABANK.DE,MIC_REGISTERED_SITE,DE,FULL_LISTED_ISSUER_AND_SECURITY_DIRECTORY;FULL_MEMBER_OR_LICENSEE_DIRECTORY;SOURCE_TOTAL_AND_PAGINATION_RECONCILIATION;ISIN_LEI_MIC_LINKING,REVIEW_MARKET_TYPE_AND_REGULATORY_ROLE_NOT_EVERY_SITE_IS_EQUITY_EXCHANGE,,UNKNOWN,AUTHORITATIVE_UNIVERSE_BOUNDARY_AND_ENTITY_IDENTIFICATION,PUBLIC_DIRECTORY_DISCOVERY_AND_FULL_EXPORT
https://WWW.LIQUIDITYCUBE.COM,MIC_REGISTERED_SITE,AU,FULL_LISTED_ISSUER_AND_SECURITY_DIRECTORY;FULL_MEMBER_OR_LICENSEE_DIRECTORY;SOURCE_TOTAL_AND_PAGINATION_RECONCILIATION;ISIN_LEI_MIC_LINKING,REVIEW_MARKET_TYPE_AND_REGULATORY_ROLE_NOT_EVERY_SITE_IS_EQUITY_EXCHANGE,200,UNKNOWN,AUTHORITATIVE_UNIVERSE_BOUNDARY_AND_ENTITY_IDENTIFICATION,PUBLIC_DIRECTORY_DISCOVERY_AND_FULL_EXPORT
https://WWW.LIQUIDITYEDGE.TRADE,MIC_REGISTERED_SITE,US,FULL_LISTED_ISSUER_AND_SECURITY_DIRECTORY;FULL_MEMBER_OR_LICENSEE_DIRECTORY;SOURCE_TOTAL_AND_PAGINATION_RECONCILIATION;ISIN_LEI_MIC_LINKING,REVIEW_MARKET_TYPE_AND_REGULATORY_ROLE_NOT_EVERY_SITE_IS_EQUITY_EXCHANGE,,UNKNOWN,AUTHORITATIVE_UNIVERSE_BOUNDARY_AND_ENTITY_IDENTIFICATION,PUBLIC_DIRECTORY_DISCOVERY_AND_FULL_EXPORT
https://WWW.LIQUIDNET.COM,MIC_REGISTERED_SITE,CA|GB|IE|US,FULL_LISTED_ISSUER_AND_SECURITY_DIRECTORY;FULL_MEMBER_OR_LICENSEE_DIRECTORY;SOURCE_TOTAL_AND_PAGINATION_RECONCILIATION;ISIN_LEI_MIC_LINKING,REVIEW_MARKET_TYPE_AND_REGULATORY_ROLE_NOT_EVERY_SITE_IS_EQUITY_EXCHANGE,200,UNKNOWN,AUTHORITATIVE_UNIVERSE_BOUNDARY_AND_ENTITY_IDENTIFICATION,PUBLIC_DIRECTORY_DISCOVERY_AND_FULL_EXPORT
https://WWW.LISE.COM,MIC_REGISTERED_SITE,FR,FULL_LISTED_ISSUER_AND_SECURITY_DIRECTORY;FULL_MEMBER_OR_LICENSEE_DIRECTORY;SOURCE_TOTAL_AND_PAGINATION_RECONCILIATION;ISIN_LEI_MIC_LINKING,REVIEW_MARKET_TYPE_AND_REGULATORY_ROLE_NOT_EVERY_SITE_IS_EQUITY_EXCHANGE,200,UNKNOWN,AUTHORITATIVE_UNIVERSE_BOUNDARY_AND_ENTITY_IDENTIFICATION,PUBLIC_DIRECTORY_DISCOVERY_AND_FULL_EXPORT
https://WWW.LJSE.SI,MIC_REGISTERED_SITE,SI,FULL_LISTED_ISSUER_AND_SECURITY_DIRECTORY;FULL_MEMBER_OR_LICENSEE_DIRECTORY;SOURCE_TOTAL_AND_PAGINATION_RECONCILIATION;ISIN_LEI_MIC_LINKING,REVIEW_MARKET_TYPE_AND_REGULATORY_ROLE_NOT_EVERY_SITE_IS_EQUITY_EXCHANGE,200,UNKNOWN,AUTHORITATIVE_UNIVERSE_BOUNDARY_AND_ENTITY_IDENTIFICATION,PUBLIC_DIRECTORY_DISCOVERY_AND_FULL_EXPORT
https://WWW.LLB.AT,MIC_REGISTERED_SITE,AT,FULL_LISTED_ISSUER_AND_SECURITY_DIRECTORY;FULL_MEMBER_OR_LICENSEE_DIRECTORY;SOURCE_TOTAL_AND_PAGINATION_RECONCILIATION;ISIN_LEI_MIC_LINKING,REVIEW_MARKET_TYPE_AND_REGULATORY_ROLE_NOT_EVERY_SITE_IS_EQUITY_EXCHANGE,200,UNKNOWN,AUTHORITATIVE_UNIVERSE_BOUNDARY_AND_ENTITY_IDENTIFICATION,PUBLIC_DIRECTORY_DISCOVERY_AND_FULL_EXPORT
https://WWW.LLB.LI,MIC_REGISTERED_SITE,LI,FULL_LISTED_ISSUER_AND_SECURITY_DIRECTORY;FULL_MEMBER_OR_LICENSEE_DIRECTORY;SOURCE_TOTAL_AND_PAGINATION_RECONCILIATION;ISIN_LEI_MIC_LINKING,REVIEW_MARKET_TYPE_AND_REGULATORY_ROLE_NOT_EVERY_SITE_IS_EQUITY_EXCHANGE,,UNKNOWN,AUTHORITATIVE_UNIVERSE_BOUNDARY_AND_ENTITY_IDENTIFICATION,PUBLIC_DIRECTORY_DISCOVERY_AND_FULL_EXPORT
https://WWW.LLOYDSBANK.COM,MIC_REGISTERED_SITE,DE|GB,FULL_LISTED_ISSUER_AND_SECURITY_DIRECTORY;FULL_MEMBER_OR_LICENSEE_DIRECTORY;SOURCE_TOTAL_AND_PAGINATION_RECONCILIATION;ISIN_LEI_MIC_LINKING,REVIEW_MARKET_TYPE_AND_REGULATORY_ROLE_NOT_EVERY_SITE_IS_EQUITY_EXCHANGE,200,UNKNOWN,AUTHORITATIVE_UNIVERSE_BOUNDARY_AND_ENTITY_IDENTIFICATION,PUBLIC_DIRECTORY_DISCOVERY_AND_FULL_EXPORT
https://WWW.LLOYDSBANKCORPORATEMARKETS.COM,MIC_REGISTERED_SITE,GB,FULL_LISTED_ISSUER_AND_SECURITY_DIRECTORY;FULL_MEMBER_OR_LICENSEE_DIRECTORY;SOURCE_TOTAL_AND_PAGINATION_RECONCILIATION;ISIN_LEI_MIC_LINKING,REVIEW_MARKET_TYPE_AND_REGULATORY_ROLE_NOT_EVERY_SITE_IS_EQUITY_EXCHANGE,,UNKNOWN,AUTHORITATIVE_UNIVERSE_BOUNDARY_AND_ENTITY_IDENTIFICATION,PUBLIC_DIRECTORY_DISCOVERY_AND_FULL_EXPORT
https://WWW.LMAX.COM,MIC_REGISTERED_SITE,GB|SG|US,FULL_LISTED_ISSUER_AND_SECURITY_DIRECTORY;FULL_MEMBER_OR_LICENSEE_DIRECTORY;SOURCE_TOTAL_AND_PAGINATION_RECONCILIATION;ISIN_LEI_MIC_LINKING,REVIEW_MARKET_TYPE_AND_REGULATORY_ROLE_NOT_EVERY_SITE_IS_EQUITY_EXCHANGE,200,UNKNOWN,AUTHORITATIVE_UNIVERSE_BOUNDARY_AND_ENTITY_IDENTIFICATION,PUBLIC_DIRECTORY_DISCOVERY_AND_FULL_EXPORT
https://WWW.LMAX.COM/EXCHANGE,MIC_REGISTERED_SITE,GB|SG|US,FULL_LISTED_ISSUER_AND_SECURITY_DIRECTORY;FULL_MEMBER_OR_LICENSEE_DIRECTORY;SOURCE_TOTAL_AND_PAGINATION_RECONCILIATION;ISIN_LEI_MIC_LINKING,REVIEW_MARKET_TYPE_AND_REGULATORY_ROLE_NOT_EVERY_SITE_IS_EQUITY_EXCHANGE,200,UNKNOWN,AUTHORITATIVE_UNIVERSE_BOUNDARY_AND_ENTITY_IDENTIFICATION,PUBLIC_DIRECTORY_DISCOVERY_AND_FULL_EXPORT
https://WWW.LME.CO.UK,MIC_REGISTERED_SITE,GB,FULL_LISTED_ISSUER_AND_SECURITY_DIRECTORY;FULL_MEMBER_OR_LICENSEE_DIRECTORY;SOURCE_TOTAL_AND_PAGINATION_RECONCILIATION;ISIN_LEI_MIC_LINKING,REVIEW_MARKET_TYPE_AND_REGULATORY_ROLE_NOT_EVERY_SITE_IS_EQUITY_EXCHANGE,,UNKNOWN,AUTHORITATIVE_UNIVERSE_BOUNDARY_AND_ENTITY_IDENTIFICATION,PUBLIC_DIRECTORY_DISCOVERY_AND_FULL_EXPORT
https://WWW.LME.COM,MIC_REGISTERED_SITE,GB,FULL_LISTED_ISSUER_AND_SECURITY_DIRECTORY;FULL_MEMBER_OR_LICENSEE_DIRECTORY;SOURCE_TOTAL_AND_PAGINATION_RECONCILIATION;ISIN_LEI_MIC_LINKING,REVIEW_MARKET_TYPE_AND_REGULATORY_ROLE_NOT_EVERY_SITE_IS_EQUITY_EXCHANGE,403,UNKNOWN,AUTHORITATIVE_UNIVERSE_BOUNDARY_AND_ENTITY_IDENTIFICATION,PUBLIC_DIRECTORY_DISCOVERY_AND_FULL_EXPORT
https://WWW.LONDONSTOCKEXCHANGE.COM,MIC_REGISTERED_SITE,GB|NL,FULL_LISTED_ISSUER_AND_SECURITY_DIRECTORY;FULL_MEMBER_OR_LICENSEE_DIRECTORY;SOURCE_TOTAL_AND_PAGINATION_RECONCILIATION;ISIN_LEI_MIC_LINKING,REVIEW_MARKET_TYPE_AND_REGULATORY_ROLE_NOT_EVERY_SITE_IS_EQUITY_EXCHANGE,200,UNKNOWN,AUTHORITATIVE_UNIVERSE_BOUNDARY_AND_ENTITY_IDENTIFICATION,PUBLIC_DIRECTORY_DISCOVERY_AND_FULL_EXPORT
https://WWW.LONDONSTOCKEXCHANGE.COM/EQUITIES-TRADING/TURQUOISE/TURQUOISE-TRADING-SERVICES,MIC_REGISTERED_SITE,GB|NL,FULL_LISTED_ISSUER_AND_SECURITY_DIRECTORY;FULL_MEMBER_OR_LICENSEE_DIRECTORY;SOURCE_TOTAL_AND_PAGINATION_RECONCILIATION;ISIN_LEI_MIC_LINKING,REVIEW_MARKET_TYPE_AND_REGULATORY_ROLE_NOT_EVERY_SITE_IS_EQUITY_EXCHANGE,200,UNKNOWN,AUTHORITATIVE_UNIVERSE_BOUNDARY_AND_ENTITY_IDENTIFICATION,PUBLIC_DIRECTORY_DISCOVERY_AND_FULL_EXPORT
https://WWW.LONGTERMSTOCKEXCHANGE.COM,MIC_REGISTERED_SITE,US,FULL_LISTED_ISSUER_AND_SECURITY_DIRECTORY;FULL_MEMBER_OR_LICENSEE_DIRECTORY;SOURCE_TOTAL_AND_PAGINATION_RECONCILIATION;ISIN_LEI_MIC_LINKING,REVIEW_MARKET_TYPE_AND_REGULATORY_ROLE_NOT_EVERY_SITE_IS_EQUITY_EXCHANGE,,UNKNOWN,AUTHORITATIVE_UNIVERSE_BOUNDARY_AND_ENTITY_IDENTIFICATION,PUBLIC_DIRECTORY_DISCOVERY_AND_FULL_EXPORT
https://WWW.LOTCE.COM,MIC_REGISTERED_SITE,GB,FULL_LISTED_ISSUER_AND_SECURITY_DIRECTORY;FULL_MEMBER_OR_LICENSEE_DIRECTORY;SOURCE_TOTAL_AND_PAGINATION_RECONCILIATION;ISIN_LEI_MIC_LINKING,REVIEW_MARKET_TYPE_AND_REGULATORY_ROLE_NOT_EVERY_SITE_IS_EQUITY_EXCHANGE,,UNKNOWN,AUTHORITATIVE_UNIVERSE_BOUNDARY_AND_ENTITY_IDENTIFICATION,PUBLIC_DIRECTORY_DISCOVERY_AND_FULL_EXPORT
https://WWW.LOUISCAPITAL.COM,MIC_REGISTERED_SITE,GB,FULL_LISTED_ISSUER_AND_SECURITY_DIRECTORY;FULL_MEMBER_OR_LICENSEE_DIRECTORY;SOURCE_TOTAL_AND_PAGINATION_RECONCILIATION;ISIN_LEI_MIC_LINKING,REVIEW_MARKET_TYPE_AND_REGULATORY_ROLE_NOT_EVERY_SITE_IS_EQUITY_EXCHANGE,200,UNKNOWN,AUTHORITATIVE_UNIVERSE_BOUNDARY_AND_ENTITY_IDENTIFICATION,PUBLIC_DIRECTORY_DISCOVERY_AND_FULL_EXPORT
https://WWW.LPPM.ORG.UK,MIC_REGISTERED_SITE,GB,FULL_LISTED_ISSUER_AND_SECURITY_DIRECTORY;FULL_MEMBER_OR_LICENSEE_DIRECTORY;SOURCE_TOTAL_AND_PAGINATION_RECONCILIATION;ISIN_LEI_MIC_LINKING,REVIEW_MARKET_TYPE_AND_REGULATORY_ROLE_NOT_EVERY_SITE_IS_EQUITY_EXCHANGE,200,UNKNOWN,AUTHORITATIVE_UNIVERSE_BOUNDARY_AND_ENTITY_IDENTIFICATION,PUBLIC_DIRECTORY_DISCOVERY_AND_FULL_EXPORT
https://WWW.LPSPLLC.COM,MIC_REGISTERED_SITE,US,FULL_LISTED_ISSUER_AND_SECURITY_DIRECTORY;FULL_MEMBER_OR_LICENSEE_DIRECTORY;SOURCE_TOTAL_AND_PAGINATION_RECONCILIATION;ISIN_LEI_MIC_LINKING,REVIEW_MARKET_TYPE_AND_REGULATORY_ROLE_NOT_EVERY_SITE_IS_EQUITY_EXCHANGE,200,UNKNOWN,AUTHORITATIVE_UNIVERSE_BOUNDARY_AND_ENTITY_IDENTIFICATION,PUBLIC_DIRECTORY_DISCOVERY_AND_FULL_EXPORT
https://WWW.LS-TC.DE,MIC_REGISTERED_SITE,DE,FULL_LISTED_ISSUER_AND_SECURITY_DIRECTORY;FULL_MEMBER_OR_LICENSEE_DIRECTORY;SOURCE_TOTAL_AND_PAGINATION_RECONCILIATION;ISIN_LEI_MIC_LINKING,REVIEW_MARKET_TYPE_AND_REGULATORY_ROLE_NOT_EVERY_SITE_IS_EQUITY_EXCHANGE,200,UNKNOWN,AUTHORITATIVE_UNIVERSE_BOUNDARY_AND_ENTITY_IDENTIFICATION,PUBLIC_DIRECTORY_DISCOVERY_AND_FULL_EXPORT
https://WWW.LS-X.DE,MIC_REGISTERED_SITE,DE,FULL_LISTED_ISSUER_AND_SECURITY_DIRECTORY;FULL_MEMBER_OR_LICENSEE_DIRECTORY;SOURCE_TOTAL_AND_PAGINATION_RECONCILIATION;ISIN_LEI_MIC_LINKING,REVIEW_MARKET_TYPE_AND_REGULATORY_ROLE_NOT_EVERY_SITE_IS_EQUITY_EXCHANGE,200,UNKNOWN,AUTHORITATIVE_UNIVERSE_BOUNDARY_AND_ENTITY_IDENTIFICATION,PUBLIC_DIRECTORY_DISCOVERY_AND_FULL_EXPORT
https://WWW.LSB.DK,MIC_REGISTERED_SITE,DK,FULL_LISTED_ISSUER_AND_SECURITY_DIRECTORY;FULL_MEMBER_OR_LICENSEE_DIRECTORY;SOURCE_TOTAL_AND_PAGINATION_RECONCILIATION;ISIN_LEI_MIC_LINKING,REVIEW_MARKET_TYPE_AND_REGULATORY_ROLE_NOT_EVERY_SITE_IS_EQUITY_EXCHANGE,200,UNKNOWN,AUTHORITATIVE_UNIVERSE_BOUNDARY_AND_ENTITY_IDENTIFICATION,PUBLIC_DIRECTORY_DISCOVERY_AND_FULL_EXPORT
https://WWW.LSEG.COM/AREAS-EXPERTISE/OUR-MARKETS/TURQUOISE,MIC_REGISTERED_SITE,GB|ID|NL,FULL_LISTED_ISSUER_AND_SECURITY_DIRECTORY;FULL_MEMBER_OR_LICENSEE_DIRECTORY;SOURCE_TOTAL_AND_PAGINATION_RECONCILIATION;ISIN_LEI_MIC_LINKING,REVIEW_MARKET_TYPE_AND_REGULATORY_ROLE_NOT_EVERY_SITE_IS_EQUITY_EXCHANGE,404,UNKNOWN,AUTHORITATIVE_UNIVERSE_BOUNDARY_AND_ENTITY_IDENTIFICATION,PUBLIC_DIRECTORY_DISCOVERY_AND_FULL_EXPORT
https://WWW.LSEG.COM/EN/FX,MIC_REGISTERED_SITE,GB|ID|NL,FULL_LISTED_ISSUER_AND_SECURITY_DIRECTORY;FULL_MEMBER_OR_LICENSEE_DIRECTORY;SOURCE_TOTAL_AND_PAGINATION_RECONCILIATION;ISIN_LEI_MIC_LINKING,REVIEW_MARKET_TYPE_AND_REGULATORY_ROLE_NOT_EVERY_SITE_IS_EQUITY_EXCHANGE,404,UNKNOWN,AUTHORITATIVE_UNIVERSE_BOUNDARY_AND_ENTITY_IDENTIFICATION,PUBLIC_DIRECTORY_DISCOVERY_AND_FULL_EXPORT
https://WWW.LSEG.COM/EN/FX/VENUES/MTF-MULTILATERAL-TRADING-FACILITY,MIC_REGISTERED_SITE,GB|ID|NL,FULL_LISTED_ISSUER_AND_SECURITY_DIRECTORY;FULL_MEMBER_OR_LICENSEE_DIRECTORY;SOURCE_TOTAL_AND_PAGINATION_RECONCILIATION;ISIN_LEI_MIC_LINKING,REVIEW_MARKET_TYPE_AND_REGULATORY_ROLE_NOT_EVERY_SITE_IS_EQUITY_EXCHANGE,404,UNKNOWN,AUTHORITATIVE_UNIVERSE_BOUNDARY_AND_ENTITY_IDENTIFICATION,PUBLIC_DIRECTORY_DISCOVERY_AND_FULL_EXPORT
https://WWW.LSM.GOV.LY,MIC_REGISTERED_SITE,LY,FULL_LISTED_ISSUER_AND_SECURITY_DIRECTORY;FULL_MEMBER_OR_LICENSEE_DIRECTORY;SOURCE_TOTAL_AND_PAGINATION_RECONCILIATION;ISIN_LEI_MIC_LINKING,REVIEW_MARKET_TYPE_AND_REGULATORY_ROLE_NOT_EVERY_SITE_IS_EQUITY_EXCHANGE,200,UNKNOWN,AUTHORITATIVE_UNIVERSE_BOUNDARY_AND_ENTITY_IDENTIFICATION,PUBLIC_DIRECTORY_DISCOVERY_AND_FULL_EXPORT
https://WWW.LSX.COM.LA,MIC_REGISTERED_SITE,LA,FULL_LISTED_ISSUER_AND_SECURITY_DIRECTORY;FULL_MEMBER_OR_LICENSEE_DIRECTORY;SOURCE_TOTAL_AND_PAGINATION_RECONCILIATION;ISIN_LEI_MIC_LINKING,REVIEW_MARKET_TYPE_AND_REGULATORY_ROLE_NOT_EVERY_SITE_IS_EQUITY_EXCHANGE,,UNKNOWN,AUTHORITATIVE_UNIVERSE_BOUNDARY_AND_ENTITY_IDENTIFICATION,PUBLIC_DIRECTORY_DISCOVERY_AND_FULL_EXPORT
https://WWW.LU.TR.MUFG.JP,MIC_REGISTERED_SITE,LU,FULL_LISTED_ISSUER_AND_SECURITY_DIRECTORY;FULL_MEMBER_OR_LICENSEE_DIRECTORY;SOURCE_TOTAL_AND_PAGINATION_RECONCILIATION;ISIN_LEI_MIC_LINKING,REVIEW_MARKET_TYPE_AND_REGULATORY_ROLE_NOT_EVERY_SITE_IS_EQUITY_EXCHANGE,,UNKNOWN,AUTHORITATIVE_UNIVERSE_BOUNDARY_AND_ENTITY_IDENTIFICATION,PUBLIC_DIRECTORY_DISCOVERY_AND_FULL_EXPORT
https://WWW.LUMINEXTRADING.COM,MIC_REGISTERED_SITE,US,FULL_LISTED_ISSUER_AND_SECURITY_DIRECTORY;FULL_MEMBER_OR_LICENSEE_DIRECTORY;SOURCE_TOTAL_AND_PAGINATION_RECONCILIATION;ISIN_LEI_MIC_LINKING,REVIEW_MARKET_TYPE_AND_REGULATORY_ROLE_NOT_EVERY_SITE_IS_EQUITY_EXCHANGE,200,UNKNOWN,AUTHORITATIVE_UNIVERSE_BOUNDARY_AND_ENTITY_IDENTIFICATION,PUBLIC_DIRECTORY_DISCOVERY_AND_FULL_EXPORT
https://WWW.LUMINOR.EE,MIC_REGISTERED_SITE,EE,FULL_LISTED_ISSUER_AND_SECURITY_DIRECTORY;FULL_MEMBER_OR_LICENSEE_DIRECTORY;SOURCE_TOTAL_AND_PAGINATION_RECONCILIATION;ISIN_LEI_MIC_LINKING,REVIEW_MARKET_TYPE_AND_REGULATORY_ROLE_NOT_EVERY_SITE_IS_EQUITY_EXCHANGE,403,UNKNOWN,AUTHORITATIVE_UNIVERSE_BOUNDARY_AND_ENTITY_IDENTIFICATION,PUBLIC_DIRECTORY_DISCOVERY_AND_FULL_EXPORT
https://WWW.LUSE.CO.ZM,MIC_REGISTERED_SITE,ZM,FULL_LISTED_ISSUER_AND_SECURITY_DIRECTORY;FULL_MEMBER_OR_LICENSEE_DIRECTORY;SOURCE_TOTAL_AND_PAGINATION_RECONCILIATION;ISIN_LEI_MIC_LINKING,REVIEW_MARKET_TYPE_AND_REGULATORY_ROLE_NOT_EVERY_SITE_IS_EQUITY_EXCHANGE,403,UNKNOWN,AUTHORITATIVE_UNIVERSE_BOUNDARY_AND_ENTITY_IDENTIFICATION,PUBLIC_DIRECTORY_DISCOVERY_AND_FULL_EXPORT
https://WWW.LUXSE.COM,MIC_REGISTERED_SITE,LU,FULL_LISTED_ISSUER_AND_SECURITY_DIRECTORY;FULL_MEMBER_OR_LICENSEE_DIRECTORY;SOURCE_TOTAL_AND_PAGINATION_RECONCILIATION;ISIN_LEI_MIC_LINKING,REVIEW_MARKET_TYPE_AND_REGULATORY_ROLE_NOT_EVERY_SITE_IS_EQUITY_EXCHANGE,200,UNKNOWN,AUTHORITATIVE_UNIVERSE_BOUNDARY_AND_ENTITY_IDENTIFICATION,PUBLIC_DIRECTORY_DISCOVERY_AND_FULL_EXPORT
https://WWW.M-X.CA,MIC_REGISTERED_SITE,CA,FULL_LISTED_ISSUER_AND_SECURITY_DIRECTORY;FULL_MEMBER_OR_LICENSEE_DIRECTORY;SOURCE_TOTAL_AND_PAGINATION_RECONCILIATION;ISIN_LEI_MIC_LINKING,REVIEW_MARKET_TYPE_AND_REGULATORY_ROLE_NOT_EVERY_SITE_IS_EQUITY_EXCHANGE,200,UNKNOWN,AUTHORITATIVE_UNIVERSE_BOUNDARY_AND_ENTITY_IDENTIFICATION,PUBLIC_DIRECTORY_DISCOVERY_AND_FULL_EXPORT
https://WWW.M2.COM,MIC_REGISTERED_SITE,AE,FULL_LISTED_ISSUER_AND_SECURITY_DIRECTORY;FULL_MEMBER_OR_LICENSEE_DIRECTORY;SOURCE_TOTAL_AND_PAGINATION_RECONCILIATION;ISIN_LEI_MIC_LINKING,REVIEW_MARKET_TYPE_AND_REGULATORY_ROLE_NOT_EVERY_SITE_IS_EQUITY_EXCHANGE,200,UNKNOWN,AUTHORITATIVE_UNIVERSE_BOUNDARY_AND_ENTITY_IDENTIFICATION,PUBLIC_DIRECTORY_DISCOVERY_AND_FULL_EXPORT
https://WWW.MACQUARIE.COM,MIC_REGISTERED_SITE,AU|GB|HK|IE|JP,FULL_LISTED_ISSUER_AND_SECURITY_DIRECTORY;FULL_MEMBER_OR_LICENSEE_DIRECTORY;SOURCE_TOTAL_AND_PAGINATION_RECONCILIATION;ISIN_LEI_MIC_LINKING,REVIEW_MARKET_TYPE_AND_REGULATORY_ROLE_NOT_EVERY_SITE_IS_EQUITY_EXCHANGE,200,UNKNOWN,AUTHORITATIVE_UNIVERSE_BOUNDARY_AND_ENTITY_IDENTIFICATION,PUBLIC_DIRECTORY_DISCOVERY_AND_FULL_EXPORT
https://WWW.MACQUARIE.COM/UK,MIC_REGISTERED_SITE,AU|GB|HK|IE|JP,FULL_LISTED_ISSUER_AND_SECURITY_DIRECTORY;FULL_MEMBER_OR_LICENSEE_DIRECTORY;SOURCE_TOTAL_AND_PAGINATION_RECONCILIATION;ISIN_LEI_MIC_LINKING,REVIEW_MARKET_TYPE_AND_REGULATORY_ROLE_NOT_EVERY_SITE_IS_EQUITY_EXCHANGE,404,UNKNOWN,AUTHORITATIVE_UNIVERSE_BOUNDARY_AND_ENTITY_IDENTIFICATION,PUBLIC_DIRECTORY_DISCOVERY_AND_FULL_EXPORT
https://WWW.MAE.COM.AR,MIC_REGISTERED_SITE,AR,FULL_LISTED_ISSUER_AND_SECURITY_DIRECTORY;FULL_MEMBER_OR_LICENSEE_DIRECTORY;SOURCE_TOTAL_AND_PAGINATION_RECONCILIATION;ISIN_LEI_MIC_LINKING,REVIEW_MARKET_TYPE_AND_REGULATORY_ROLE_NOT_EVERY_SITE_IS_EQUITY_EXCHANGE,,UNKNOWN,AUTHORITATIVE_UNIVERSE_BOUNDARY_AND_ENTITY_IDENTIFICATION,PUBLIC_DIRECTORY_DISCOVERY_AND_FULL_EXPORT
https://WWW.MAKOR-CAPITAL.COM,MIC_REGISTERED_SITE,GB,FULL_LISTED_ISSUER_AND_SECURITY_DIRECTORY;FULL_MEMBER_OR_LICENSEE_DIRECTORY;SOURCE_TOTAL_AND_PAGINATION_RECONCILIATION;ISIN_LEI_MIC_LINKING,REVIEW_MARKET_TYPE_AND_REGULATORY_ROLE_NOT_EVERY_SITE_IS_EQUITY_EXCHANGE,200,UNKNOWN,AUTHORITATIVE_UNIVERSE_BOUNDARY_AND_ENTITY_IDENTIFICATION,PUBLIC_DIRECTORY_DISCOVERY_AND_FULL_EXPORT
https://WWW.MAREX.COM,MIC_REGISTERED_SITE,FR|GB|IE,FULL_LISTED_ISSUER_AND_SECURITY_DIRECTORY;FULL_MEMBER_OR_LICENSEE_DIRECTORY;SOURCE_TOTAL_AND_PAGINATION_RECONCILIATION;ISIN_LEI_MIC_LINKING,REVIEW_MARKET_TYPE_AND_REGULATORY_ROLE_NOT_EVERY_SITE_IS_EQUITY_EXCHANGE,200,UNKNOWN,AUTHORITATIVE_UNIVERSE_BOUNDARY_AND_ENTITY_IDENTIFICATION,PUBLIC_DIRECTORY_DISCOVERY_AND_FULL_EXPORT
https://WWW.MARIANAINVESTMENTS.COM,MIC_REGISTERED_SITE,GB,FULL_LISTED_ISSUER_AND_SECURITY_DIRECTORY;FULL_MEMBER_OR_LICENSEE_DIRECTORY;SOURCE_TOTAL_AND_PAGINATION_RECONCILIATION;ISIN_LEI_MIC_LINKING,REVIEW_MARKET_TYPE_AND_REGULATORY_ROLE_NOT_EVERY_SITE_IS_EQUITY_EXCHANGE,200,UNKNOWN,AUTHORITATIVE_UNIVERSE_BOUNDARY_AND_ENTITY_IDENTIFICATION,PUBLIC_DIRECTORY_DISCOVERY_AND_FULL_EXPORT
https://WWW.MARKET-SECURITIES.COM,MIC_REGISTERED_SITE,FR,FULL_LISTED_ISSUER_AND_SECURITY_DIRECTORY;FULL_MEMBER_OR_LICENSEE_DIRECTORY;SOURCE_TOTAL_AND_PAGINATION_RECONCILIATION;ISIN_LEI_MIC_LINKING,REVIEW_MARKET_TYPE_AND_REGULATORY_ROLE_NOT_EVERY_SITE_IS_EQUITY_EXCHANGE,200,UNKNOWN,AUTHORITATIVE_UNIVERSE_BOUNDARY_AND_ENTITY_IDENTIFICATION,PUBLIC_DIRECTORY_DISCOVERY_AND_FULL_EXPORT
https://WWW.MARKETAXESS.COM,MIC_REGISTERED_SITE,GB|NL|SG|US,FULL_LISTED_ISSUER_AND_SECURITY_DIRECTORY;FULL_MEMBER_OR_LICENSEE_DIRECTORY;SOURCE_TOTAL_AND_PAGINATION_RECONCILIATION;ISIN_LEI_MIC_LINKING,REVIEW_MARKET_TYPE_AND_REGULATORY_ROLE_NOT_EVERY_SITE_IS_EQUITY_EXCHANGE,200,UNKNOWN,AUTHORITATIVE_UNIVERSE_BOUNDARY_AND_ENTITY_IDENTIFICATION,PUBLIC_DIRECTORY_DISCOVERY_AND_FULL_EXPORT
https://WWW.MARKETS.CBOE.COM/EUROPE/EQUITIES/OVERVIEW/,MIC_REGISTERED_SITE,GB|NL|US,FULL_LISTED_ISSUER_AND_SECURITY_DIRECTORY;FULL_MEMBER_OR_LICENSEE_DIRECTORY;SOURCE_TOTAL_AND_PAGINATION_RECONCILIATION;ISIN_LEI_MIC_LINKING,REVIEW_MARKET_TYPE_AND_REGULATORY_ROLE_NOT_EVERY_SITE_IS_EQUITY_EXCHANGE,,UNKNOWN,AUTHORITATIVE_UNIVERSE_BOUNDARY_AND_ENTITY_IDENTIFICATION,PUBLIC_DIRECTORY_DISCOVERY_AND_FULL_EXPORT
https://WWW.MATRIX.CO,MIC_REGISTERED_SITE,AE,FULL_LISTED_ISSUER_AND_SECURITY_DIRECTORY;FULL_MEMBER_OR_LICENSEE_DIRECTORY;SOURCE_TOTAL_AND_PAGINATION_RECONCILIATION;ISIN_LEI_MIC_LINKING,REVIEW_MARKET_TYPE_AND_REGULATORY_ROLE_NOT_EVERY_SITE_IS_EQUITY_EXCHANGE,,UNKNOWN,AUTHORITATIVE_UNIVERSE_BOUNDARY_AND_ENTITY_IDENTIFICATION,PUBLIC_DIRECTORY_DISCOVERY_AND_FULL_EXPORT
https://WWW.MAXMARKETS.NET,MIC_REGISTERED_SITE,GB,FULL_LISTED_ISSUER_AND_SECURITY_DIRECTORY;FULL_MEMBER_OR_LICENSEE_DIRECTORY;SOURCE_TOTAL_AND_PAGINATION_RECONCILIATION;ISIN_LEI_MIC_LINKING,REVIEW_MARKET_TYPE_AND_REGULATORY_ROLE_NOT_EVERY_SITE_IS_EQUITY_EXCHANGE,,UNKNOWN,AUTHORITATIVE_UNIVERSE_BOUNDARY_AND_ENTITY_IDENTIFICATION,PUBLIC_DIRECTORY_DISCOVERY_AND_FULL_EXPORT
https://WWW.MBANK.PL,MIC_REGISTERED_SITE,PL,FULL_LISTED_ISSUER_AND_SECURITY_DIRECTORY;FULL_MEMBER_OR_LICENSEE_DIRECTORY;SOURCE_TOTAL_AND_PAGINATION_RECONCILIATION;ISIN_LEI_MIC_LINKING,REVIEW_MARKET_TYPE_AND_REGULATORY_ROLE_NOT_EVERY_SITE_IS_EQUITY_EXCHANGE,200,UNKNOWN,AUTHORITATIVE_UNIVERSE_BOUNDARY_AND_ENTITY_IDENTIFICATION,PUBLIC_DIRECTORY_DISCOVERY_AND_FULL_EXPORT
https://WWW.MCXINDIA.COM,MIC_REGISTERED_SITE,IN,FULL_LISTED_ISSUER_AND_SECURITY_DIRECTORY;FULL_MEMBER_OR_LICENSEE_DIRECTORY;SOURCE_TOTAL_AND_PAGINATION_RECONCILIATION;ISIN_LEI_MIC_LINKING,REVIEW_MARKET_TYPE_AND_REGULATORY_ROLE_NOT_EVERY_SITE_IS_EQUITY_EXCHANGE,403,UNKNOWN,AUTHORITATIVE_UNIVERSE_BOUNDARY_AND_ENTITY_IDENTIFICATION,PUBLIC_DIRECTORY_DISCOVERY_AND_FULL_EXPORT
https://WWW.MEFF.COM,MIC_REGISTERED_SITE,ES,FULL_LISTED_ISSUER_AND_SECURITY_DIRECTORY;FULL_MEMBER_OR_LICENSEE_DIRECTORY;SOURCE_TOTAL_AND_PAGINATION_RECONCILIATION;ISIN_LEI_MIC_LINKING,REVIEW_MARKET_TYPE_AND_REGULATORY_ROLE_NOT_EVERY_SITE_IS_EQUITY_EXCHANGE,,UNKNOWN,AUTHORITATIVE_UNIVERSE_BOUNDARY_AND_ENTITY_IDENTIFICATION,PUBLIC_DIRECTORY_DISCOVERY_AND_FULL_EXPORT
https://WWW.MEFF.ES,MIC_REGISTERED_SITE,ES,FULL_LISTED_ISSUER_AND_SECURITY_DIRECTORY;FULL_MEMBER_OR_LICENSEE_DIRECTORY;SOURCE_TOTAL_AND_PAGINATION_RECONCILIATION;ISIN_LEI_MIC_LINKING,REVIEW_MARKET_TYPE_AND_REGULATORY_ROLE_NOT_EVERY_SITE_IS_EQUITY_EXCHANGE,200,UNKNOWN,AUTHORITATIVE_UNIVERSE_BOUNDARY_AND_ENTITY_IDENTIFICATION,PUBLIC_DIRECTORY_DISCOVERY_AND_FULL_EXPORT
https://WWW.MERCADOSGAS.OMIE.ES,MIC_REGISTERED_SITE,ES,FULL_LISTED_ISSUER_AND_SECURITY_DIRECTORY;FULL_MEMBER_OR_LICENSEE_DIRECTORY;SOURCE_TOTAL_AND_PAGINATION_RECONCILIATION;ISIN_LEI_MIC_LINKING,REVIEW_MARKET_TYPE_AND_REGULATORY_ROLE_NOT_EVERY_SITE_IS_EQUITY_EXCHANGE,,UNKNOWN,AUTHORITATIVE_UNIVERSE_BOUNDARY_AND_ENTITY_IDENTIFICATION,PUBLIC_DIRECTORY_DISCOVERY_AND_FULL_EXPORT
https://WWW.MERCATOELETTRICO.ORG,MIC_REGISTERED_SITE,IT,FULL_LISTED_ISSUER_AND_SECURITY_DIRECTORY;FULL_MEMBER_OR_LICENSEE_DIRECTORY;SOURCE_TOTAL_AND_PAGINATION_RECONCILIATION;ISIN_LEI_MIC_LINKING,REVIEW_MARKET_TYPE_AND_REGULATORY_ROLE_NOT_EVERY_SITE_IS_EQUITY_EXCHANGE,,UNKNOWN,AUTHORITATIVE_UNIVERSE_BOUNDARY_AND_ENTITY_IDENTIFICATION,PUBLIC_DIRECTORY_DISCOVERY_AND_FULL_EXPORT
https://WWW.MERITKAPITAL.COM,MIC_REGISTERED_SITE,CY,FULL_LISTED_ISSUER_AND_SECURITY_DIRECTORY;FULL_MEMBER_OR_LICENSEE_DIRECTORY;SOURCE_TOTAL_AND_PAGINATION_RECONCILIATION;ISIN_LEI_MIC_LINKING,REVIEW_MARKET_TYPE_AND_REGULATORY_ROLE_NOT_EVERY_SITE_IS_EQUITY_EXCHANGE,200,UNKNOWN,AUTHORITATIVE_UNIVERSE_BOUNDARY_AND_ENTITY_IDENTIFICATION,PUBLIC_DIRECTORY_DISCOVERY_AND_FULL_EXPORT
https://WWW.MERJ.EXCHANGE,MIC_REGISTERED_SITE,SC,FULL_LISTED_ISSUER_AND_SECURITY_DIRECTORY;FULL_MEMBER_OR_LICENSEE_DIRECTORY;SOURCE_TOTAL_AND_PAGINATION_RECONCILIATION;ISIN_LEI_MIC_LINKING,REVIEW_MARKET_TYPE_AND_REGULATORY_ROLE_NOT_EVERY_SITE_IS_EQUITY_EXCHANGE,200,UNKNOWN,AUTHORITATIVE_UNIVERSE_BOUNDARY_AND_ENTITY_IDENTIFICATION,PUBLIC_DIRECTORY_DISCOVERY_AND_FULL_EXPORT
https://WWW.MERVAL.SBA.COM.AR,MIC_REGISTERED_SITE,AR,FULL_LISTED_ISSUER_AND_SECURITY_DIRECTORY;FULL_MEMBER_OR_LICENSEE_DIRECTORY;SOURCE_TOTAL_AND_PAGINATION_RECONCILIATION;ISIN_LEI_MIC_LINKING,REVIEW_MARKET_TYPE_AND_REGULATORY_ROLE_NOT_EVERY_SITE_IS_EQUITY_EXCHANGE,,UNKNOWN,AUTHORITATIVE_UNIVERSE_BOUNDARY_AND_ENTITY_IDENTIFICATION,PUBLIC_DIRECTORY_DISCOVERY_AND_FULL_EXPORT
https://WWW.MERVALCORDOBA.COM.AR,MIC_REGISTERED_SITE,AR,FULL_LISTED_ISSUER_AND_SECURITY_DIRECTORY;FULL_MEMBER_OR_LICENSEE_DIRECTORY;SOURCE_TOTAL_AND_PAGINATION_RECONCILIATION;ISIN_LEI_MIC_LINKING,REVIEW_MARKET_TYPE_AND_REGULATORY_ROLE_NOT_EVERY_SITE_IS_EQUITY_EXCHANGE,,UNKNOWN,AUTHORITATIVE_UNIVERSE_BOUNDARY_AND_ENTITY_IDENTIFICATION,PUBLIC_DIRECTORY_DISCOVERY_AND_FULL_EXPORT
https://WWW.MERVALMZA.COM.AR,MIC_REGISTERED_SITE,AR,FULL_LISTED_ISSUER_AND_SECURITY_DIRECTORY;FULL_MEMBER_OR_LICENSEE_DIRECTORY;SOURCE_TOTAL_AND_PAGINATION_RECONCILIATION;ISIN_LEI_MIC_LINKING,REVIEW_MARKET_TYPE_AND_REGULATORY_ROLE_NOT_EVERY_SITE_IS_EQUITY_EXCHANGE,,UNKNOWN,AUTHORITATIVE_UNIVERSE_BOUNDARY_AND_ENTITY_IDENTIFICATION,PUBLIC_DIRECTORY_DISCOVERY_AND_FULL_EXPORT
https://WWW.MERVAROS.COM.AR,MIC_REGISTERED_SITE,AR,FULL_LISTED_ISSUER_AND_SECURITY_DIRECTORY;FULL_MEMBER_OR_LICENSEE_DIRECTORY;SOURCE_TOTAL_AND_PAGINATION_RECONCILIATION;ISIN_LEI_MIC_LINKING,REVIEW_MARKET_TYPE_AND_REGULATORY_ROLE_NOT_EVERY_SITE_IS_EQUITY_EXCHANGE,,UNKNOWN,AUTHORITATIVE_UNIVERSE_BOUNDARY_AND_ENTITY_IDENTIFICATION,PUBLIC_DIRECTORY_DISCOVERY_AND_FULL_EXPORT
https://WWW.METZURICH.COM,MIC_REGISTERED_SITE,GB,FULL_LISTED_ISSUER_AND_SECURITY_DIRECTORY;FULL_MEMBER_OR_LICENSEE_DIRECTORY;SOURCE_TOTAL_AND_PAGINATION_RECONCILIATION;ISIN_LEI_MIC_LINKING,REVIEW_MARKET_TYPE_AND_REGULATORY_ROLE_NOT_EVERY_SITE_IS_EQUITY_EXCHANGE,,UNKNOWN,AUTHORITATIVE_UNIVERSE_BOUNDARY_AND_ENTITY_IDENTIFICATION,PUBLIC_DIRECTORY_DISCOVERY_AND_FULL_EXPORT
https://WWW.MEXDER.COM.MX,MIC_REGISTERED_SITE,MX,FULL_LISTED_ISSUER_AND_SECURITY_DIRECTORY;FULL_MEMBER_OR_LICENSEE_DIRECTORY;SOURCE_TOTAL_AND_PAGINATION_RECONCILIATION;ISIN_LEI_MIC_LINKING,REVIEW_MARKET_TYPE_AND_REGULATORY_ROLE_NOT_EVERY_SITE_IS_EQUITY_EXCHANGE,,UNKNOWN,AUTHORITATIVE_UNIVERSE_BOUNDARY_AND_ENTITY_IDENTIFICATION,PUBLIC_DIRECTORY_DISCOVERY_AND_FULL_EXPORT
https://WWW.MFAO.ES,MIC_REGISTERED_SITE,ES,FULL_LISTED_ISSUER_AND_SECURITY_DIRECTORY;FULL_MEMBER_OR_LICENSEE_DIRECTORY;SOURCE_TOTAL_AND_PAGINATION_RECONCILIATION;ISIN_LEI_MIC_LINKING,REVIEW_MARKET_TYPE_AND_REGULATORY_ROLE_NOT_EVERY_SITE_IS_EQUITY_EXCHANGE,200,UNKNOWN,AUTHORITATIVE_UNIVERSE_BOUNDARY_AND_ENTITY_IDENTIFICATION,PUBLIC_DIRECTORY_DISCOVERY_AND_FULL_EXPORT
https://WWW.MFGLOBAL.COM,MIC_REGISTERED_SITE,GB,FULL_LISTED_ISSUER_AND_SECURITY_DIRECTORY;FULL_MEMBER_OR_LICENSEE_DIRECTORY;SOURCE_TOTAL_AND_PAGINATION_RECONCILIATION;ISIN_LEI_MIC_LINKING,REVIEW_MARKET_TYPE_AND_REGULATORY_ROLE_NOT_EVERY_SITE_IS_EQUITY_EXCHANGE,,UNKNOWN,AUTHORITATIVE_UNIVERSE_BOUNDARY_AND_ENTITY_IDENTIFICATION,PUBLIC_DIRECTORY_DISCOVERY_AND_FULL_EXPORT
https://WWW.MIAXGLOBAL.COM,MIC_REGISTERED_SITE,US,FULL_LISTED_ISSUER_AND_SECURITY_DIRECTORY;FULL_MEMBER_OR_LICENSEE_DIRECTORY;SOURCE_TOTAL_AND_PAGINATION_RECONCILIATION;ISIN_LEI_MIC_LINKING,REVIEW_MARKET_TYPE_AND_REGULATORY_ROLE_NOT_EVERY_SITE_IS_EQUITY_EXCHANGE,200,UNKNOWN,AUTHORITATIVE_UNIVERSE_BOUNDARY_AND_ENTITY_IDENTIFICATION,PUBLIC_DIRECTORY_DISCOVERY_AND_FULL_EXPORT
https://WWW.MIBGASDERIVATIVES.ES,MIC_REGISTERED_SITE,ES,FULL_LISTED_ISSUER_AND_SECURITY_DIRECTORY;FULL_MEMBER_OR_LICENSEE_DIRECTORY;SOURCE_TOTAL_AND_PAGINATION_RECONCILIATION;ISIN_LEI_MIC_LINKING,REVIEW_MARKET_TYPE_AND_REGULATORY_ROLE_NOT_EVERY_SITE_IS_EQUITY_EXCHANGE,,UNKNOWN,AUTHORITATIVE_UNIVERSE_BOUNDARY_AND_ENTITY_IDENTIFICATION,PUBLIC_DIRECTORY_DISCOVERY_AND_FULL_EXPORT
https://WWW.MICEX-PFO.RU,MIC_REGISTERED_SITE,RU,FULL_LISTED_ISSUER_AND_SECURITY_DIRECTORY;FULL_MEMBER_OR_LICENSEE_DIRECTORY;SOURCE_TOTAL_AND_PAGINATION_RECONCILIATION;ISIN_LEI_MIC_LINKING,REVIEW_MARKET_TYPE_AND_REGULATORY_ROLE_NOT_EVERY_SITE_IS_EQUITY_EXCHANGE,,UNKNOWN,AUTHORITATIVE_UNIVERSE_BOUNDARY_AND_ENTITY_IDENTIFICATION,PUBLIC_DIRECTORY_DISCOVERY_AND_FULL_EXPORT
https://WWW.MIDCHAINS.COM,MIC_REGISTERED_SITE,AE,FULL_LISTED_ISSUER_AND_SECURITY_DIRECTORY;FULL_MEMBER_OR_LICENSEE_DIRECTORY;SOURCE_TOTAL_AND_PAGINATION_RECONCILIATION;ISIN_LEI_MIC_LINKING,REVIEW_MARKET_TYPE_AND_REGULATORY_ROLE_NOT_EVERY_SITE_IS_EQUITY_EXCHANGE,200,UNKNOWN,AUTHORITATIVE_UNIVERSE_BOUNDARY_AND_ENTITY_IDENTIFICATION,PUBLIC_DIRECTORY_DISCOVERY_AND_FULL_EXPORT
https://WWW.MIZUHO-EMEA.COM,MIC_REGISTERED_SITE,DE|GB|NL,FULL_LISTED_ISSUER_AND_SECURITY_DIRECTORY;FULL_MEMBER_OR_LICENSEE_DIRECTORY;SOURCE_TOTAL_AND_PAGINATION_RECONCILIATION;ISIN_LEI_MIC_LINKING,REVIEW_MARKET_TYPE_AND_REGULATORY_ROLE_NOT_EVERY_SITE_IS_EQUITY_EXCHANGE,,UNKNOWN,AUTHORITATIVE_UNIVERSE_BOUNDARY_AND_ENTITY_IDENTIFICATION,PUBLIC_DIRECTORY_DISCOVERY_AND_FULL_EXPORT
https://WWW.MIZUHO-SC.COM,MIC_REGISTERED_SITE,JP,FULL_LISTED_ISSUER_AND_SECURITY_DIRECTORY;FULL_MEMBER_OR_LICENSEE_DIRECTORY;SOURCE_TOTAL_AND_PAGINATION_RECONCILIATION;ISIN_LEI_MIC_LINKING,REVIEW_MARKET_TYPE_AND_REGULATORY_ROLE_NOT_EVERY_SITE_IS_EQUITY_EXCHANGE,403,UNKNOWN,AUTHORITATIVE_UNIVERSE_BOUNDARY_AND_ENTITY_IDENTIFICATION,PUBLIC_DIRECTORY_DISCOVERY_AND_FULL_EXPORT
https://WWW.MIZUHOBANK.COM,MIC_REGISTERED_SITE,FR,FULL_LISTED_ISSUER_AND_SECURITY_DIRECTORY;FULL_MEMBER_OR_LICENSEE_DIRECTORY;SOURCE_TOTAL_AND_PAGINATION_RECONCILIATION;ISIN_LEI_MIC_LINKING,REVIEW_MARKET_TYPE_AND_REGULATORY_ROLE_NOT_EVERY_SITE_IS_EQUITY_EXCHANGE,,UNKNOWN,AUTHORITATIVE_UNIVERSE_BOUNDARY_AND_ENTITY_IDENTIFICATION,PUBLIC_DIRECTORY_DISCOVERY_AND_FULL_EXPORT
https://WWW.MMVBDV.RU,MIC_REGISTERED_SITE,RU,FULL_LISTED_ISSUER_AND_SECURITY_DIRECTORY;FULL_MEMBER_OR_LICENSEE_DIRECTORY;SOURCE_TOTAL_AND_PAGINATION_RECONCILIATION;ISIN_LEI_MIC_LINKING,REVIEW_MARKET_TYPE_AND_REGULATORY_ROLE_NOT_EVERY_SITE_IS_EQUITY_EXCHANGE,,UNKNOWN,AUTHORITATIVE_UNIVERSE_BOUNDARY_AND_ENTITY_IDENTIFICATION,PUBLIC_DIRECTORY_DISCOVERY_AND_FULL_EXPORT
https://WWW.MNSE.ME,MIC_REGISTERED_SITE,ME,FULL_LISTED_ISSUER_AND_SECURITY_DIRECTORY;FULL_MEMBER_OR_LICENSEE_DIRECTORY;SOURCE_TOTAL_AND_PAGINATION_RECONCILIATION;ISIN_LEI_MIC_LINKING,REVIEW_MARKET_TYPE_AND_REGULATORY_ROLE_NOT_EVERY_SITE_IS_EQUITY_EXCHANGE,200,UNKNOWN,AUTHORITATIVE_UNIVERSE_BOUNDARY_AND_ENTITY_IDENTIFICATION,PUBLIC_DIRECTORY_DISCOVERY_AND_FULL_EXPORT
https://WWW.MOEX.COM,MIC_REGISTERED_SITE,RU,FULL_LISTED_ISSUER_AND_SECURITY_DIRECTORY;FULL_MEMBER_OR_LICENSEE_DIRECTORY;SOURCE_TOTAL_AND_PAGINATION_RECONCILIATION;ISIN_LEI_MIC_LINKING,REVIEW_MARKET_TYPE_AND_REGULATORY_ROLE_NOT_EVERY_SITE_IS_EQUITY_EXCHANGE,,UNKNOWN,AUTHORITATIVE_UNIVERSE_BOUNDARY_AND_ENTITY_IDENTIFICATION,PUBLIC_DIRECTORY_DISCOVERY_AND_FULL_EXPORT
https://WWW.MOLDSE.MD,MIC_REGISTERED_SITE,MD,FULL_LISTED_ISSUER_AND_SECURITY_DIRECTORY;FULL_MEMBER_OR_LICENSEE_DIRECTORY;SOURCE_TOTAL_AND_PAGINATION_RECONCILIATION;ISIN_LEI_MIC_LINKING,REVIEW_MARKET_TYPE_AND_REGULATORY_ROLE_NOT_EVERY_SITE_IS_EQUITY_EXCHANGE,,UNKNOWN,AUTHORITATIVE_UNIVERSE_BOUNDARY_AND_ENTITY_IDENTIFICATION,PUBLIC_DIRECTORY_DISCOVERY_AND_FULL_EXPORT
https://WWW.MORGANSTANLEY.COM,MIC_REGISTERED_SITE,AU|DE|FR|GB|US,FULL_LISTED_ISSUER_AND_SECURITY_DIRECTORY;FULL_MEMBER_OR_LICENSEE_DIRECTORY;SOURCE_TOTAL_AND_PAGINATION_RECONCILIATION;ISIN_LEI_MIC_LINKING,REVIEW_MARKET_TYPE_AND_REGULATORY_ROLE_NOT_EVERY_SITE_IS_EQUITY_EXCHANGE,200,UNKNOWN,AUTHORITATIVE_UNIVERSE_BOUNDARY_AND_ENTITY_IDENTIFICATION,PUBLIC_DIRECTORY_DISCOVERY_AND_FULL_EXPORT
https://WWW.MORGANSTANLEYMUFG.COM,MIC_REGISTERED_SITE,JP,FULL_LISTED_ISSUER_AND_SECURITY_DIRECTORY;FULL_MEMBER_OR_LICENSEE_DIRECTORY;SOURCE_TOTAL_AND_PAGINATION_RECONCILIATION;ISIN_LEI_MIC_LINKING,REVIEW_MARKET_TYPE_AND_REGULATORY_ROLE_NOT_EVERY_SITE_IS_EQUITY_EXCHANGE,200,UNKNOWN,AUTHORITATIVE_UNIVERSE_BOUNDARY_AND_ENTITY_IDENTIFICATION,PUBLIC_DIRECTORY_DISCOVERY_AND_FULL_EXPORT
https://WWW.MOSAICPLATFORMS.COM,MIC_REGISTERED_SITE,US,FULL_LISTED_ISSUER_AND_SECURITY_DIRECTORY;FULL_MEMBER_OR_LICENSEE_DIRECTORY;SOURCE_TOTAL_AND_PAGINATION_RECONCILIATION;ISIN_LEI_MIC_LINKING,REVIEW_MARKET_TYPE_AND_REGULATORY_ROLE_NOT_EVERY_SITE_IS_EQUITY_EXCHANGE,,UNKNOWN,AUTHORITATIVE_UNIVERSE_BOUNDARY_AND_ENTITY_IDENTIFICATION,PUBLIC_DIRECTORY_DISCOVERY_AND_FULL_EXPORT
https://WWW.MOSENEX.RU,MIC_REGISTERED_SITE,RU,FULL_LISTED_ISSUER_AND_SECURITY_DIRECTORY;FULL_MEMBER_OR_LICENSEE_DIRECTORY;SOURCE_TOTAL_AND_PAGINATION_RECONCILIATION;ISIN_LEI_MIC_LINKING,REVIEW_MARKET_TYPE_AND_REGULATORY_ROLE_NOT_EVERY_SITE_IS_EQUITY_EXCHANGE,200,UNKNOWN,AUTHORITATIVE_UNIVERSE_BOUNDARY_AND_ENTITY_IDENTIFICATION,PUBLIC_DIRECTORY_DISCOVERY_AND_FULL_EXPORT
https://WWW.MPSCAPITALSERVICES.IT,MIC_REGISTERED_SITE,IT,FULL_LISTED_ISSUER_AND_SECURITY_DIRECTORY;FULL_MEMBER_OR_LICENSEE_DIRECTORY;SOURCE_TOTAL_AND_PAGINATION_RECONCILIATION;ISIN_LEI_MIC_LINKING,REVIEW_MARKET_TYPE_AND_REGULATORY_ROLE_NOT_EVERY_SITE_IS_EQUITY_EXCHANGE,200,UNKNOWN,AUTHORITATIVE_UNIVERSE_BOUNDARY_AND_ENTITY_IDENTIFICATION,PUBLIC_DIRECTORY_DISCOVERY_AND_FULL_EXPORT
https://WWW.MSE.CO.MW,MIC_REGISTERED_SITE,MW,FULL_LISTED_ISSUER_AND_SECURITY_DIRECTORY;FULL_MEMBER_OR_LICENSEE_DIRECTORY;SOURCE_TOTAL_AND_PAGINATION_RECONCILIATION;ISIN_LEI_MIC_LINKING,REVIEW_MARKET_TYPE_AND_REGULATORY_ROLE_NOT_EVERY_SITE_IS_EQUITY_EXCHANGE,200,UNKNOWN,AUTHORITATIVE_UNIVERSE_BOUNDARY_AND_ENTITY_IDENTIFICATION,PUBLIC_DIRECTORY_DISCOVERY_AND_FULL_EXPORT
https://WWW.MSE.COM.MV,MIC_REGISTERED_SITE,MV,FULL_LISTED_ISSUER_AND_SECURITY_DIRECTORY;FULL_MEMBER_OR_LICENSEE_DIRECTORY;SOURCE_TOTAL_AND_PAGINATION_RECONCILIATION;ISIN_LEI_MIC_LINKING,REVIEW_MARKET_TYPE_AND_REGULATORY_ROLE_NOT_EVERY_SITE_IS_EQUITY_EXCHANGE,,UNKNOWN,AUTHORITATIVE_UNIVERSE_BOUNDARY_AND_ENTITY_IDENTIFICATION,PUBLIC_DIRECTORY_DISCOVERY_AND_FULL_EXPORT
https://WWW.MSE.MN,MIC_REGISTERED_SITE,MN,FULL_LISTED_ISSUER_AND_SECURITY_DIRECTORY;FULL_MEMBER_OR_LICENSEE_DIRECTORY;SOURCE_TOTAL_AND_PAGINATION_RECONCILIATION;ISIN_LEI_MIC_LINKING,REVIEW_MARKET_TYPE_AND_REGULATORY_ROLE_NOT_EVERY_SITE_IS_EQUITY_EXCHANGE,200,UNKNOWN,AUTHORITATIVE_UNIVERSE_BOUNDARY_AND_ENTITY_IDENTIFICATION,PUBLIC_DIRECTORY_DISCOVERY_AND_FULL_EXPORT
https://WWW.MSE.ORG.MK,MIC_REGISTERED_SITE,MK,FULL_LISTED_ISSUER_AND_SECURITY_DIRECTORY;FULL_MEMBER_OR_LICENSEE_DIRECTORY;SOURCE_TOTAL_AND_PAGINATION_RECONCILIATION;ISIN_LEI_MIC_LINKING,REVIEW_MARKET_TYPE_AND_REGULATORY_ROLE_NOT_EVERY_SITE_IS_EQUITY_EXCHANGE,,UNKNOWN,AUTHORITATIVE_UNIVERSE_BOUNDARY_AND_ENTITY_IDENTIFICATION,PUBLIC_DIRECTORY_DISCOVERY_AND_FULL_EXPORT
https://WWW.MSEI.IN,MIC_REGISTERED_SITE,IN,FULL_LISTED_ISSUER_AND_SECURITY_DIRECTORY;FULL_MEMBER_OR_LICENSEE_DIRECTORY;SOURCE_TOTAL_AND_PAGINATION_RECONCILIATION;ISIN_LEI_MIC_LINKING,REVIEW_MARKET_TYPE_AND_REGULATORY_ROLE_NOT_EVERY_SITE_IS_EQUITY_EXCHANGE,,UNKNOWN,AUTHORITATIVE_UNIVERSE_BOUNDARY_AND_ENTITY_IDENTIFICATION,PUBLIC_DIRECTORY_DISCOVERY_AND_FULL_EXPORT
https://WWW.MSX.OM,MIC_REGISTERED_SITE,OM,FULL_LISTED_ISSUER_AND_SECURITY_DIRECTORY;FULL_MEMBER_OR_LICENSEE_DIRECTORY;SOURCE_TOTAL_AND_PAGINATION_RECONCILIATION;ISIN_LEI_MIC_LINKING,REVIEW_MARKET_TYPE_AND_REGULATORY_ROLE_NOT_EVERY_SITE_IS_EQUITY_EXCHANGE,200,UNKNOWN,AUTHORITATIVE_UNIVERSE_BOUNDARY_AND_ENTITY_IDENTIFICATION,PUBLIC_DIRECTORY_DISCOVERY_AND_FULL_EXPORT
https://WWW.MTF.LMAX.COM/,MIC_REGISTERED_SITE,GB,FULL_LISTED_ISSUER_AND_SECURITY_DIRECTORY;FULL_MEMBER_OR_LICENSEE_DIRECTORY;SOURCE_TOTAL_AND_PAGINATION_RECONCILIATION;ISIN_LEI_MIC_LINKING,REVIEW_MARKET_TYPE_AND_REGULATORY_ROLE_NOT_EVERY_SITE_IS_EQUITY_EXCHANGE,,UNKNOWN,AUTHORITATIVE_UNIVERSE_BOUNDARY_AND_ENTITY_IDENTIFICATION,PUBLIC_DIRECTORY_DISCOVERY_AND_FULL_EXPORT
https://WWW.MTSAUSTRIA.COM,MIC_REGISTERED_SITE,GB,FULL_LISTED_ISSUER_AND_SECURITY_DIRECTORY;FULL_MEMBER_OR_LICENSEE_DIRECTORY;SOURCE_TOTAL_AND_PAGINATION_RECONCILIATION;ISIN_LEI_MIC_LINKING,REVIEW_MARKET_TYPE_AND_REGULATORY_ROLE_NOT_EVERY_SITE_IS_EQUITY_EXCHANGE,200,UNKNOWN,AUTHORITATIVE_UNIVERSE_BOUNDARY_AND_ENTITY_IDENTIFICATION,PUBLIC_DIRECTORY_DISCOVERY_AND_FULL_EXPORT
https://WWW.MTSBELGIUM.COM,MIC_REGISTERED_SITE,BE,FULL_LISTED_ISSUER_AND_SECURITY_DIRECTORY;FULL_MEMBER_OR_LICENSEE_DIRECTORY;SOURCE_TOTAL_AND_PAGINATION_RECONCILIATION;ISIN_LEI_MIC_LINKING,REVIEW_MARKET_TYPE_AND_REGULATORY_ROLE_NOT_EVERY_SITE_IS_EQUITY_EXCHANGE,200,UNKNOWN,AUTHORITATIVE_UNIVERSE_BOUNDARY_AND_ENTITY_IDENTIFICATION,PUBLIC_DIRECTORY_DISCOVERY_AND_FULL_EXPORT
https://WWW.MTSDENMARK.COM,MIC_REGISTERED_SITE,BE,FULL_LISTED_ISSUER_AND_SECURITY_DIRECTORY;FULL_MEMBER_OR_LICENSEE_DIRECTORY;SOURCE_TOTAL_AND_PAGINATION_RECONCILIATION;ISIN_LEI_MIC_LINKING,REVIEW_MARKET_TYPE_AND_REGULATORY_ROLE_NOT_EVERY_SITE_IS_EQUITY_EXCHANGE,,UNKNOWN,AUTHORITATIVE_UNIVERSE_BOUNDARY_AND_ENTITY_IDENTIFICATION,PUBLIC_DIRECTORY_DISCOVERY_AND_FULL_EXPORT
https://WWW.MTSFINLAND.COM,MIC_REGISTERED_SITE,BE,FULL_LISTED_ISSUER_AND_SECURITY_DIRECTORY;FULL_MEMBER_OR_LICENSEE_DIRECTORY;SOURCE_TOTAL_AND_PAGINATION_RECONCILIATION;ISIN_LEI_MIC_LINKING,REVIEW_MARKET_TYPE_AND_REGULATORY_ROLE_NOT_EVERY_SITE_IS_EQUITY_EXCHANGE,,UNKNOWN,AUTHORITATIVE_UNIVERSE_BOUNDARY_AND_ENTITY_IDENTIFICATION,PUBLIC_DIRECTORY_DISCOVERY_AND_FULL_EXPORT
https://WWW.MTSFRANCE.COM,MIC_REGISTERED_SITE,FR,FULL_LISTED_ISSUER_AND_SECURITY_DIRECTORY;FULL_MEMBER_OR_LICENSEE_DIRECTORY;SOURCE_TOTAL_AND_PAGINATION_RECONCILIATION;ISIN_LEI_MIC_LINKING,REVIEW_MARKET_TYPE_AND_REGULATORY_ROLE_NOT_EVERY_SITE_IS_EQUITY_EXCHANGE,503,UNKNOWN,AUTHORITATIVE_UNIVERSE_BOUNDARY_AND_ENTITY_IDENTIFICATION,PUBLIC_DIRECTORY_DISCOVERY_AND_FULL_EXPORT
https://WWW.MTSGERMANY.COM,MIC_REGISTERED_SITE,GB,FULL_LISTED_ISSUER_AND_SECURITY_DIRECTORY;FULL_MEMBER_OR_LICENSEE_DIRECTORY;SOURCE_TOTAL_AND_PAGINATION_RECONCILIATION;ISIN_LEI_MIC_LINKING,REVIEW_MARKET_TYPE_AND_REGULATORY_ROLE_NOT_EVERY_SITE_IS_EQUITY_EXCHANGE,,UNKNOWN,AUTHORITATIVE_UNIVERSE_BOUNDARY_AND_ENTITY_IDENTIFICATION,PUBLIC_DIRECTORY_DISCOVERY_AND_FULL_EXPORT
https://WWW.MTSGREECE.COM,MIC_REGISTERED_SITE,GB,FULL_LISTED_ISSUER_AND_SECURITY_DIRECTORY;FULL_MEMBER_OR_LICENSEE_DIRECTORY;SOURCE_TOTAL_AND_PAGINATION_RECONCILIATION;ISIN_LEI_MIC_LINKING,REVIEW_MARKET_TYPE_AND_REGULATORY_ROLE_NOT_EVERY_SITE_IS_EQUITY_EXCHANGE,,UNKNOWN,AUTHORITATIVE_UNIVERSE_BOUNDARY_AND_ENTITY_IDENTIFICATION,PUBLIC_DIRECTORY_DISCOVERY_AND_FULL_EXPORT
https://WWW.MTSIRELAND.COM,MIC_REGISTERED_SITE,GB,FULL_LISTED_ISSUER_AND_SECURITY_DIRECTORY;FULL_MEMBER_OR_LICENSEE_DIRECTORY;SOURCE_TOTAL_AND_PAGINATION_RECONCILIATION;ISIN_LEI_MIC_LINKING,REVIEW_MARKET_TYPE_AND_REGULATORY_ROLE_NOT_EVERY_SITE_IS_EQUITY_EXCHANGE,,UNKNOWN,AUTHORITATIVE_UNIVERSE_BOUNDARY_AND_ENTITY_IDENTIFICATION,PUBLIC_DIRECTORY_DISCOVERY_AND_FULL_EXPORT
https://WWW.MTSISRAEL.COM,MIC_REGISTERED_SITE,GB,FULL_LISTED_ISSUER_AND_SECURITY_DIRECTORY;FULL_MEMBER_OR_LICENSEE_DIRECTORY;SOURCE_TOTAL_AND_PAGINATION_RECONCILIATION;ISIN_LEI_MIC_LINKING,REVIEW_MARKET_TYPE_AND_REGULATORY_ROLE_NOT_EVERY_SITE_IS_EQUITY_EXCHANGE,,UNKNOWN,AUTHORITATIVE_UNIVERSE_BOUNDARY_AND_ENTITY_IDENTIFICATION,PUBLIC_DIRECTORY_DISCOVERY_AND_FULL_EXPORT
https://WWW.MTSMARKETS.COM,MIC_REGISTERED_SITE,GB|IT|US,FULL_LISTED_ISSUER_AND_SECURITY_DIRECTORY;FULL_MEMBER_OR_LICENSEE_DIRECTORY;SOURCE_TOTAL_AND_PAGINATION_RECONCILIATION;ISIN_LEI_MIC_LINKING,REVIEW_MARKET_TYPE_AND_REGULATORY_ROLE_NOT_EVERY_SITE_IS_EQUITY_EXCHANGE,200,UNKNOWN,AUTHORITATIVE_UNIVERSE_BOUNDARY_AND_ENTITY_IDENTIFICATION,PUBLIC_DIRECTORY_DISCOVERY_AND_FULL_EXPORT
https://WWW.MTSMARKETS.COM/PRODUCTS/MTS-BONDS-COM,MIC_REGISTERED_SITE,GB|IT|US,FULL_LISTED_ISSUER_AND_SECURITY_DIRECTORY;FULL_MEMBER_OR_LICENSEE_DIRECTORY;SOURCE_TOTAL_AND_PAGINATION_RECONCILIATION;ISIN_LEI_MIC_LINKING,REVIEW_MARKET_TYPE_AND_REGULATORY_ROLE_NOT_EVERY_SITE_IS_EQUITY_EXCHANGE,200,UNKNOWN,AUTHORITATIVE_UNIVERSE_BOUNDARY_AND_ENTITY_IDENTIFICATION,PUBLIC_DIRECTORY_DISCOVERY_AND_FULL_EXPORT
https://WWW.MTSPORTUGAL.COM,MIC_REGISTERED_SITE,PT,FULL_LISTED_ISSUER_AND_SECURITY_DIRECTORY;FULL_MEMBER_OR_LICENSEE_DIRECTORY;SOURCE_TOTAL_AND_PAGINATION_RECONCILIATION;ISIN_LEI_MIC_LINKING,REVIEW_MARKET_TYPE_AND_REGULATORY_ROLE_NOT_EVERY_SITE_IS_EQUITY_EXCHANGE,,UNKNOWN,AUTHORITATIVE_UNIVERSE_BOUNDARY_AND_ENTITY_IDENTIFICATION,PUBLIC_DIRECTORY_DISCOVERY_AND_FULL_EXPORT
https://WWW.MTSSLOVENIA.COM,MIC_REGISTERED_SITE,GB,FULL_LISTED_ISSUER_AND_SECURITY_DIRECTORY;FULL_MEMBER_OR_LICENSEE_DIRECTORY;SOURCE_TOTAL_AND_PAGINATION_RECONCILIATION;ISIN_LEI_MIC_LINKING,REVIEW_MARKET_TYPE_AND_REGULATORY_ROLE_NOT_EVERY_SITE_IS_EQUITY_EXCHANGE,,UNKNOWN,AUTHORITATIVE_UNIVERSE_BOUNDARY_AND_ENTITY_IDENTIFICATION,PUBLIC_DIRECTORY_DISCOVERY_AND_FULL_EXPORT
https://WWW.MTSSPAIN.COM,MIC_REGISTERED_SITE,GB,FULL_LISTED_ISSUER_AND_SECURITY_DIRECTORY;FULL_MEMBER_OR_LICENSEE_DIRECTORY;SOURCE_TOTAL_AND_PAGINATION_RECONCILIATION;ISIN_LEI_MIC_LINKING,REVIEW_MARKET_TYPE_AND_REGULATORY_ROLE_NOT_EVERY_SITE_IS_EQUITY_EXCHANGE,,UNKNOWN,AUTHORITATIVE_UNIVERSE_BOUNDARY_AND_ENTITY_IDENTIFICATION,PUBLIC_DIRECTORY_DISCOVERY_AND_FULL_EXPORT
https://WWW.MUFGEMEA.COM,MIC_REGISTERED_SITE,GB|NL,FULL_LISTED_ISSUER_AND_SECURITY_DIRECTORY;FULL_MEMBER_OR_LICENSEE_DIRECTORY;SOURCE_TOTAL_AND_PAGINATION_RECONCILIATION;ISIN_LEI_MIC_LINKING,REVIEW_MARKET_TYPE_AND_REGULATORY_ROLE_NOT_EVERY_SITE_IS_EQUITY_EXCHANGE,200,UNKNOWN,AUTHORITATIVE_UNIVERSE_BOUNDARY_AND_ENTITY_IDENTIFICATION,PUBLIC_DIRECTORY_DISCOVERY_AND_FULL_EXPORT
https://WWW.MUMSS.COM,MIC_REGISTERED_SITE,JP,FULL_LISTED_ISSUER_AND_SECURITY_DIRECTORY;FULL_MEMBER_OR_LICENSEE_DIRECTORY;SOURCE_TOTAL_AND_PAGINATION_RECONCILIATION;ISIN_LEI_MIC_LINKING,REVIEW_MARKET_TYPE_AND_REGULATORY_ROLE_NOT_EVERY_SITE_IS_EQUITY_EXCHANGE,200,UNKNOWN,AUTHORITATIVE_UNIVERSE_BOUNDARY_AND_ENTITY_IDENTIFICATION,PUBLIC_DIRECTORY_DISCOVERY_AND_FULL_EXPORT
https://WWW.MUNDOBVG.COM,MIC_REGISTERED_SITE,EC,FULL_LISTED_ISSUER_AND_SECURITY_DIRECTORY;FULL_MEMBER_OR_LICENSEE_DIRECTORY;SOURCE_TOTAL_AND_PAGINATION_RECONCILIATION;ISIN_LEI_MIC_LINKING,REVIEW_MARKET_TYPE_AND_REGULATORY_ROLE_NOT_EVERY_SITE_IS_EQUITY_EXCHANGE,,UNKNOWN,AUTHORITATIVE_UNIVERSE_BOUNDARY_AND_ENTITY_IDENTIFICATION,PUBLIC_DIRECTORY_DISCOVERY_AND_FULL_EXPORT
https://WWW.MVL.COM.AR,MIC_REGISTERED_SITE,AR,FULL_LISTED_ISSUER_AND_SECURITY_DIRECTORY;FULL_MEMBER_OR_LICENSEE_DIRECTORY;SOURCE_TOTAL_AND_PAGINATION_RECONCILIATION;ISIN_LEI_MIC_LINKING,REVIEW_MARKET_TYPE_AND_REGULATORY_ROLE_NOT_EVERY_SITE_IS_EQUITY_EXCHANGE,,UNKNOWN,AUTHORITATIVE_UNIVERSE_BOUNDARY_AND_ENTITY_IDENTIFICATION,PUBLIC_DIRECTORY_DISCOVERY_AND_FULL_EXPORT
https://WWW.MYTREASURY.COM,MIC_REGISTERED_SITE,GB,FULL_LISTED_ISSUER_AND_SECURITY_DIRECTORY;FULL_MEMBER_OR_LICENSEE_DIRECTORY;SOURCE_TOTAL_AND_PAGINATION_RECONCILIATION;ISIN_LEI_MIC_LINKING,REVIEW_MARKET_TYPE_AND_REGULATORY_ROLE_NOT_EVERY_SITE_IS_EQUITY_EXCHANGE,200,UNKNOWN,AUTHORITATIVE_UNIVERSE_BOUNDARY_AND_ENTITY_IDENTIFICATION,PUBLIC_DIRECTORY_DISCOVERY_AND_FULL_EXPORT
https://WWW.N2EX.COM,MIC_REGISTERED_SITE,GB,FULL_LISTED_ISSUER_AND_SECURITY_DIRECTORY;FULL_MEMBER_OR_LICENSEE_DIRECTORY;SOURCE_TOTAL_AND_PAGINATION_RECONCILIATION;ISIN_LEI_MIC_LINKING,REVIEW_MARKET_TYPE_AND_REGULATORY_ROLE_NOT_EVERY_SITE_IS_EQUITY_EXCHANGE,,UNKNOWN,AUTHORITATIVE_UNIVERSE_BOUNDARY_AND_ENTITY_IDENTIFICATION,PUBLIC_DIRECTORY_DISCOVERY_AND_FULL_EXPORT
https://WWW.NAB.COM.AU,MIC_REGISTERED_SITE,GB,FULL_LISTED_ISSUER_AND_SECURITY_DIRECTORY;FULL_MEMBER_OR_LICENSEE_DIRECTORY;SOURCE_TOTAL_AND_PAGINATION_RECONCILIATION;ISIN_LEI_MIC_LINKING,REVIEW_MARKET_TYPE_AND_REGULATORY_ROLE_NOT_EVERY_SITE_IS_EQUITY_EXCHANGE,200,UNKNOWN,AUTHORITATIVE_UNIVERSE_BOUNDARY_AND_ENTITY_IDENTIFICATION,PUBLIC_DIRECTORY_DISCOVERY_AND_FULL_EXPORT
https://WWW.NABEUROPE.COM,MIC_REGISTERED_SITE,FR,FULL_LISTED_ISSUER_AND_SECURITY_DIRECTORY;FULL_MEMBER_OR_LICENSEE_DIRECTORY;SOURCE_TOTAL_AND_PAGINATION_RECONCILIATION;ISIN_LEI_MIC_LINKING,REVIEW_MARKET_TYPE_AND_REGULATORY_ROLE_NOT_EVERY_SITE_IS_EQUITY_EXCHANGE,200,UNKNOWN,AUTHORITATIVE_UNIVERSE_BOUNDARY_AND_ENTITY_IDENTIFICATION,PUBLIC_DIRECTORY_DISCOVERY_AND_FULL_EXPORT
https://WWW.NADEX.COM,MIC_REGISTERED_SITE,US,FULL_LISTED_ISSUER_AND_SECURITY_DIRECTORY;FULL_MEMBER_OR_LICENSEE_DIRECTORY;SOURCE_TOTAL_AND_PAGINATION_RECONCILIATION;ISIN_LEI_MIC_LINKING,REVIEW_MARKET_TYPE_AND_REGULATORY_ROLE_NOT_EVERY_SITE_IS_EQUITY_EXCHANGE,403,UNKNOWN,AUTHORITATIVE_UNIVERSE_BOUNDARY_AND_ENTITY_IDENTIFICATION,PUBLIC_DIRECTORY_DISCOVERY_AND_FULL_EXPORT
https://WWW.NAMEX.ORG,MIC_REGISTERED_SITE,RU,FULL_LISTED_ISSUER_AND_SECURITY_DIRECTORY;FULL_MEMBER_OR_LICENSEE_DIRECTORY;SOURCE_TOTAL_AND_PAGINATION_RECONCILIATION;ISIN_LEI_MIC_LINKING,REVIEW_MARKET_TYPE_AND_REGULATORY_ROLE_NOT_EVERY_SITE_IS_EQUITY_EXCHANGE,,UNKNOWN,AUTHORITATIVE_UNIVERSE_BOUNDARY_AND_ENTITY_IDENTIFICATION,PUBLIC_DIRECTORY_DISCOVERY_AND_FULL_EXPORT
https://WWW.NASDAQ.COM,MIC_REGISTERED_SITE,DK|NO|SE|US,FULL_LISTED_ISSUER_AND_SECURITY_DIRECTORY;FULL_MEMBER_OR_LICENSEE_DIRECTORY;SOURCE_TOTAL_AND_PAGINATION_RECONCILIATION;ISIN_LEI_MIC_LINKING,REVIEW_MARKET_TYPE_AND_REGULATORY_ROLE_NOT_EVERY_SITE_IS_EQUITY_EXCHANGE,200,UNKNOWN,AUTHORITATIVE_UNIVERSE_BOUNDARY_AND_ENTITY_IDENTIFICATION,PUBLIC_DIRECTORY_DISCOVERY_AND_FULL_EXPORT
https://WWW.NASDAQ.COM/NASDAQ-TEXAS,MIC_REGISTERED_SITE,DK|NO|SE|US,FULL_LISTED_ISSUER_AND_SECURITY_DIRECTORY;FULL_MEMBER_OR_LICENSEE_DIRECTORY;SOURCE_TOTAL_AND_PAGINATION_RECONCILIATION;ISIN_LEI_MIC_LINKING,REVIEW_MARKET_TYPE_AND_REGULATORY_ROLE_NOT_EVERY_SITE_IS_EQUITY_EXCHANGE,200,UNKNOWN,AUTHORITATIVE_UNIVERSE_BOUNDARY_AND_ENTITY_IDENTIFICATION,PUBLIC_DIRECTORY_DISCOVERY_AND_FULL_EXPORT
https://WWW.NASDAQ.COM/SOLUTIONS/EUROPEAN-COMMODITIES,MIC_REGISTERED_SITE,DK|NO|SE|US,FULL_LISTED_ISSUER_AND_SECURITY_DIRECTORY;FULL_MEMBER_OR_LICENSEE_DIRECTORY;SOURCE_TOTAL_AND_PAGINATION_RECONCILIATION;ISIN_LEI_MIC_LINKING,REVIEW_MARKET_TYPE_AND_REGULATORY_ROLE_NOT_EVERY_SITE_IS_EQUITY_EXCHANGE,200,UNKNOWN,AUTHORITATIVE_UNIVERSE_BOUNDARY_AND_ENTITY_IDENTIFICATION,PUBLIC_DIRECTORY_DISCOVERY_AND_FULL_EXPORT
https://WWW.NASDAQBALTIC.COM,MIC_REGISTERED_SITE,EE|LT|LV,FULL_LISTED_ISSUER_AND_SECURITY_DIRECTORY;FULL_MEMBER_OR_LICENSEE_DIRECTORY;SOURCE_TOTAL_AND_PAGINATION_RECONCILIATION;ISIN_LEI_MIC_LINKING,REVIEW_MARKET_TYPE_AND_REGULATORY_ROLE_NOT_EVERY_SITE_IS_EQUITY_EXCHANGE,200,UNKNOWN,AUTHORITATIVE_UNIVERSE_BOUNDARY_AND_ENTITY_IDENTIFICATION,PUBLIC_DIRECTORY_DISCOVERY_AND_FULL_EXPORT
https://WWW.NASDAQDUBAI.COM,MIC_REGISTERED_SITE,AE,FULL_LISTED_ISSUER_AND_SECURITY_DIRECTORY;FULL_MEMBER_OR_LICENSEE_DIRECTORY;SOURCE_TOTAL_AND_PAGINATION_RECONCILIATION;ISIN_LEI_MIC_LINKING,REVIEW_MARKET_TYPE_AND_REGULATORY_ROLE_NOT_EVERY_SITE_IS_EQUITY_EXCHANGE,200,UNKNOWN,AUTHORITATIVE_UNIVERSE_BOUNDARY_AND_ENTITY_IDENTIFICATION,PUBLIC_DIRECTORY_DISCOVERY_AND_FULL_EXPORT
https://WWW.NASDAQOMX.COM,MIC_REGISTERED_SITE,NO|SE|US,FULL_LISTED_ISSUER_AND_SECURITY_DIRECTORY;FULL_MEMBER_OR_LICENSEE_DIRECTORY;SOURCE_TOTAL_AND_PAGINATION_RECONCILIATION;ISIN_LEI_MIC_LINKING,REVIEW_MARKET_TYPE_AND_REGULATORY_ROLE_NOT_EVERY_SITE_IS_EQUITY_EXCHANGE,200,UNKNOWN,AUTHORITATIVE_UNIVERSE_BOUNDARY_AND_ENTITY_IDENTIFICATION,PUBLIC_DIRECTORY_DISCOVERY_AND_FULL_EXPORT
https://WWW.NASDAQOMX.COM/COMMODITIES/,MIC_REGISTERED_SITE,NO|SE|US,FULL_LISTED_ISSUER_AND_SECURITY_DIRECTORY;FULL_MEMBER_OR_LICENSEE_DIRECTORY;SOURCE_TOTAL_AND_PAGINATION_RECONCILIATION;ISIN_LEI_MIC_LINKING,REVIEW_MARKET_TYPE_AND_REGULATORY_ROLE_NOT_EVERY_SITE_IS_EQUITY_EXCHANGE,200,UNKNOWN,AUTHORITATIVE_UNIVERSE_BOUNDARY_AND_ENTITY_IDENTIFICATION,PUBLIC_DIRECTORY_DISCOVERY_AND_FULL_EXPORT
https://WWW.NASDAQOMX.COM/EUROPEANCLEARING,MIC_REGISTERED_SITE,NO|SE|US,FULL_LISTED_ISSUER_AND_SECURITY_DIRECTORY;FULL_MEMBER_OR_LICENSEE_DIRECTORY;SOURCE_TOTAL_AND_PAGINATION_RECONCILIATION;ISIN_LEI_MIC_LINKING,REVIEW_MARKET_TYPE_AND_REGULATORY_ROLE_NOT_EVERY_SITE_IS_EQUITY_EXCHANGE,200,UNKNOWN,AUTHORITATIVE_UNIVERSE_BOUNDARY_AND_ENTITY_IDENTIFICATION,PUBLIC_DIRECTORY_DISCOVERY_AND_FULL_EXPORT
https://WWW.NASDAQOMXEUROPE.COM,MIC_REGISTERED_SITE,GB,FULL_LISTED_ISSUER_AND_SECURITY_DIRECTORY;FULL_MEMBER_OR_LICENSEE_DIRECTORY;SOURCE_TOTAL_AND_PAGINATION_RECONCILIATION;ISIN_LEI_MIC_LINKING,REVIEW_MARKET_TYPE_AND_REGULATORY_ROLE_NOT_EVERY_SITE_IS_EQUITY_EXCHANGE,200,UNKNOWN,AUTHORITATIVE_UNIVERSE_BOUNDARY_AND_ENTITY_IDENTIFICATION,PUBLIC_DIRECTORY_DISCOVERY_AND_FULL_EXPORT
https://WWW.NASDAQOMXNORDIC.COM,MIC_REGISTERED_SITE,DK|FI|IS|SE,FULL_LISTED_ISSUER_AND_SECURITY_DIRECTORY;FULL_MEMBER_OR_LICENSEE_DIRECTORY;SOURCE_TOTAL_AND_PAGINATION_RECONCILIATION;ISIN_LEI_MIC_LINKING,REVIEW_MARKET_TYPE_AND_REGULATORY_ROLE_NOT_EVERY_SITE_IS_EQUITY_EXCHANGE,200,UNKNOWN,AUTHORITATIVE_UNIVERSE_BOUNDARY_AND_ENTITY_IDENTIFICATION,PUBLIC_DIRECTORY_DISCOVERY_AND_FULL_EXPORT
https://WWW.NASDAQOMXTRADER.COM,MIC_REGISTERED_SITE,US,FULL_LISTED_ISSUER_AND_SECURITY_DIRECTORY;FULL_MEMBER_OR_LICENSEE_DIRECTORY;SOURCE_TOTAL_AND_PAGINATION_RECONCILIATION;ISIN_LEI_MIC_LINKING,REVIEW_MARKET_TYPE_AND_REGULATORY_ROLE_NOT_EVERY_SITE_IS_EQUITY_EXCHANGE,,UNKNOWN,AUTHORITATIVE_UNIVERSE_BOUNDARY_AND_ENTITY_IDENTIFICATION,PUBLIC_DIRECTORY_DISCOVERY_AND_FULL_EXPORT
https://WWW.NASDAQPORTALMARKET.COM,MIC_REGISTERED_SITE,US,FULL_LISTED_ISSUER_AND_SECURITY_DIRECTORY;FULL_MEMBER_OR_LICENSEE_DIRECTORY;SOURCE_TOTAL_AND_PAGINATION_RECONCILIATION;ISIN_LEI_MIC_LINKING,REVIEW_MARKET_TYPE_AND_REGULATORY_ROLE_NOT_EVERY_SITE_IS_EQUITY_EXCHANGE,,UNKNOWN,AUTHORITATIVE_UNIVERSE_BOUNDARY_AND_ENTITY_IDENTIFICATION,PUBLIC_DIRECTORY_DISCOVERY_AND_FULL_EXPORT
https://WWW.NASDAQPRIVATEMARKET.COM,MIC_REGISTERED_SITE,US,FULL_LISTED_ISSUER_AND_SECURITY_DIRECTORY;FULL_MEMBER_OR_LICENSEE_DIRECTORY;SOURCE_TOTAL_AND_PAGINATION_RECONCILIATION;ISIN_LEI_MIC_LINKING,REVIEW_MARKET_TYPE_AND_REGULATORY_ROLE_NOT_EVERY_SITE_IS_EQUITY_EXCHANGE,200,UNKNOWN,AUTHORITATIVE_UNIVERSE_BOUNDARY_AND_ENTITY_IDENTIFICATION,PUBLIC_DIRECTORY_DISCOVERY_AND_FULL_EXPORT
https://WWW.NASDAQTRADER.COM,MIC_REGISTERED_SITE,US,FULL_LISTED_ISSUER_AND_SECURITY_DIRECTORY;FULL_MEMBER_OR_LICENSEE_DIRECTORY;SOURCE_TOTAL_AND_PAGINATION_RECONCILIATION;ISIN_LEI_MIC_LINKING,REVIEW_MARKET_TYPE_AND_REGULATORY_ROLE_NOT_EVERY_SITE_IS_EQUITY_EXCHANGE,200,UNKNOWN,AUTHORITATIVE_UNIVERSE_BOUNDARY_AND_ENTITY_IDENTIFICATION,PUBLIC_DIRECTORY_DISCOVERY_AND_FULL_EXPORT
https://WWW.NASDNG.COM,MIC_REGISTERED_SITE,NG,FULL_LISTED_ISSUER_AND_SECURITY_DIRECTORY;FULL_MEMBER_OR_LICENSEE_DIRECTORY;SOURCE_TOTAL_AND_PAGINATION_RECONCILIATION;ISIN_LEI_MIC_LINKING,REVIEW_MARKET_TYPE_AND_REGULATORY_ROLE_NOT_EVERY_SITE_IS_EQUITY_EXCHANGE,200,UNKNOWN,AUTHORITATIVE_UNIVERSE_BOUNDARY_AND_ENTITY_IDENTIFICATION,PUBLIC_DIRECTORY_DISCOVERY_AND_FULL_EXPORT
https://WWW.NATIXIS.COM,MIC_REGISTERED_SITE,FR|GB,FULL_LISTED_ISSUER_AND_SECURITY_DIRECTORY;FULL_MEMBER_OR_LICENSEE_DIRECTORY;SOURCE_TOTAL_AND_PAGINATION_RECONCILIATION;ISIN_LEI_MIC_LINKING,REVIEW_MARKET_TYPE_AND_REGULATORY_ROLE_NOT_EVERY_SITE_IS_EQUITY_EXCHANGE,200,UNKNOWN,AUTHORITATIVE_UNIVERSE_BOUNDARY_AND_ENTITY_IDENTIFICATION,PUBLIC_DIRECTORY_DISCOVERY_AND_FULL_EXPORT
https://WWW.NATWESTGROUP.COM,MIC_REGISTERED_SITE,GB,FULL_LISTED_ISSUER_AND_SECURITY_DIRECTORY;FULL_MEMBER_OR_LICENSEE_DIRECTORY;SOURCE_TOTAL_AND_PAGINATION_RECONCILIATION;ISIN_LEI_MIC_LINKING,REVIEW_MARKET_TYPE_AND_REGULATORY_ROLE_NOT_EVERY_SITE_IS_EQUITY_EXCHANGE,200,UNKNOWN,AUTHORITATIVE_UNIVERSE_BOUNDARY_AND_ENTITY_IDENTIFICATION,PUBLIC_DIRECTORY_DISCOVERY_AND_FULL_EXPORT
https://WWW.NBCT.COM.AR,MIC_REGISTERED_SITE,AR,FULL_LISTED_ISSUER_AND_SECURITY_DIRECTORY;FULL_MEMBER_OR_LICENSEE_DIRECTORY;SOURCE_TOTAL_AND_PAGINATION_RECONCILIATION;ISIN_LEI_MIC_LINKING,REVIEW_MARKET_TYPE_AND_REGULATORY_ROLE_NOT_EVERY_SITE_IS_EQUITY_EXCHANGE,,UNKNOWN,AUTHORITATIVE_UNIVERSE_BOUNDARY_AND_ENTITY_IDENTIFICATION,PUBLIC_DIRECTORY_DISCOVERY_AND_FULL_EXPORT
https://WWW.NBOTIND.ORG,MIC_REGISTERED_SITE,IN,FULL_LISTED_ISSUER_AND_SECURITY_DIRECTORY;FULL_MEMBER_OR_LICENSEE_DIRECTORY;SOURCE_TOTAL_AND_PAGINATION_RECONCILIATION;ISIN_LEI_MIC_LINKING,REVIEW_MARKET_TYPE_AND_REGULATORY_ROLE_NOT_EVERY_SITE_IS_EQUITY_EXCHANGE,,UNKNOWN,AUTHORITATIVE_UNIVERSE_BOUNDARY_AND_ENTITY_IDENTIFICATION,PUBLIC_DIRECTORY_DISCOVERY_AND_FULL_EXPORT
https://WWW.NCDEX.COM,MIC_REGISTERED_SITE,IN,FULL_LISTED_ISSUER_AND_SECURITY_DIRECTORY;FULL_MEMBER_OR_LICENSEE_DIRECTORY;SOURCE_TOTAL_AND_PAGINATION_RECONCILIATION;ISIN_LEI_MIC_LINKING,REVIEW_MARKET_TYPE_AND_REGULATORY_ROLE_NOT_EVERY_SITE_IS_EQUITY_EXCHANGE,200,UNKNOWN,AUTHORITATIVE_UNIVERSE_BOUNDARY_AND_ENTITY_IDENTIFICATION,PUBLIC_DIRECTORY_DISCOVERY_AND_FULL_EXPORT
https://WWW.NDX.SE,MIC_REGISTERED_SITE,SE,FULL_LISTED_ISSUER_AND_SECURITY_DIRECTORY;FULL_MEMBER_OR_LICENSEE_DIRECTORY;SOURCE_TOTAL_AND_PAGINATION_RECONCILIATION;ISIN_LEI_MIC_LINKING,REVIEW_MARKET_TYPE_AND_REGULATORY_ROLE_NOT_EVERY_SITE_IS_EQUITY_EXCHANGE,,UNKNOWN,AUTHORITATIVE_UNIVERSE_BOUNDARY_AND_ENTITY_IDENTIFICATION,PUBLIC_DIRECTORY_DISCOVERY_AND_FULL_EXPORT
https://WWW.NEEQ.COM.CN,MIC_REGISTERED_SITE,CN,FULL_LISTED_ISSUER_AND_SECURITY_DIRECTORY;FULL_MEMBER_OR_LICENSEE_DIRECTORY;SOURCE_TOTAL_AND_PAGINATION_RECONCILIATION;ISIN_LEI_MIC_LINKING,REVIEW_MARKET_TYPE_AND_REGULATORY_ROLE_NOT_EVERY_SITE_IS_EQUITY_EXCHANGE,,UNKNOWN,AUTHORITATIVE_UNIVERSE_BOUNDARY_AND_ENTITY_IDENTIFICATION,PUBLIC_DIRECTORY_DISCOVERY_AND_FULL_EXPORT
https://WWW.NEPALSTOCK.COM,MIC_REGISTERED_SITE,NP,FULL_LISTED_ISSUER_AND_SECURITY_DIRECTORY;FULL_MEMBER_OR_LICENSEE_DIRECTORY;SOURCE_TOTAL_AND_PAGINATION_RECONCILIATION;ISIN_LEI_MIC_LINKING,REVIEW_MARKET_TYPE_AND_REGULATORY_ROLE_NOT_EVERY_SITE_IS_EQUITY_EXCHANGE,200,UNKNOWN,AUTHORITATIVE_UNIVERSE_BOUNDARY_AND_ENTITY_IDENTIFICATION,PUBLIC_DIRECTORY_DISCOVERY_AND_FULL_EXPORT
https://WWW.NEWCONNECT.PL,MIC_REGISTERED_SITE,PL,FULL_LISTED_ISSUER_AND_SECURITY_DIRECTORY;FULL_MEMBER_OR_LICENSEE_DIRECTORY;SOURCE_TOTAL_AND_PAGINATION_RECONCILIATION;ISIN_LEI_MIC_LINKING,REVIEW_MARKET_TYPE_AND_REGULATORY_ROLE_NOT_EVERY_SITE_IS_EQUITY_EXCHANGE,,UNKNOWN,AUTHORITATIVE_UNIVERSE_BOUNDARY_AND_ENTITY_IDENTIFICATION,PUBLIC_DIRECTORY_DISCOVERY_AND_FULL_EXPORT
https://WWW.NEWEUROMTS.COM,MIC_REGISTERED_SITE,GB,FULL_LISTED_ISSUER_AND_SECURITY_DIRECTORY;FULL_MEMBER_OR_LICENSEE_DIRECTORY;SOURCE_TOTAL_AND_PAGINATION_RECONCILIATION;ISIN_LEI_MIC_LINKING,REVIEW_MARKET_TYPE_AND_REGULATORY_ROLE_NOT_EVERY_SITE_IS_EQUITY_EXCHANGE,,UNKNOWN,AUTHORITATIVE_UNIVERSE_BOUNDARY_AND_ENTITY_IDENTIFICATION,PUBLIC_DIRECTORY_DISCOVERY_AND_FULL_EXPORT
https://WWW.NEWEX.COM,MIC_REGISTERED_SITE,DE,FULL_LISTED_ISSUER_AND_SECURITY_DIRECTORY;FULL_MEMBER_OR_LICENSEE_DIRECTORY;SOURCE_TOTAL_AND_PAGINATION_RECONCILIATION;ISIN_LEI_MIC_LINKING,REVIEW_MARKET_TYPE_AND_REGULATORY_ROLE_NOT_EVERY_SITE_IS_EQUITY_EXCHANGE,,UNKNOWN,AUTHORITATIVE_UNIVERSE_BOUNDARY_AND_ENTITY_IDENTIFICATION,PUBLIC_DIRECTORY_DISCOVERY_AND_FULL_EXPORT
https://WWW.NEX.COM,MIC_REGISTERED_SITE,NL,FULL_LISTED_ISSUER_AND_SECURITY_DIRECTORY;FULL_MEMBER_OR_LICENSEE_DIRECTORY;SOURCE_TOTAL_AND_PAGINATION_RECONCILIATION;ISIN_LEI_MIC_LINKING,REVIEW_MARKET_TYPE_AND_REGULATORY_ROLE_NOT_EVERY_SITE_IS_EQUITY_EXCHANGE,,UNKNOWN,AUTHORITATIVE_UNIVERSE_BOUNDARY_AND_ENTITY_IDENTIFICATION,PUBLIC_DIRECTORY_DISCOVERY_AND_FULL_EXPORT
https://WWW.NEXSMART.COM,MIC_REGISTERED_SITE,US,FULL_LISTED_ISSUER_AND_SECURITY_DIRECTORY;FULL_MEMBER_OR_LICENSEE_DIRECTORY;SOURCE_TOTAL_AND_PAGINATION_RECONCILIATION;ISIN_LEI_MIC_LINKING,REVIEW_MARKET_TYPE_AND_REGULATORY_ROLE_NOT_EVERY_SITE_IS_EQUITY_EXCHANGE,,UNKNOWN,AUTHORITATIVE_UNIVERSE_BOUNDARY_AND_ENTITY_IDENTIFICATION,PUBLIC_DIRECTORY_DISCOVERY_AND_FULL_EXPORT
https://WWW.NEXTRADE.CO.KR/ENG/,MIC_REGISTERED_SITE,KR,FULL_LISTED_ISSUER_AND_SECURITY_DIRECTORY;FULL_MEMBER_OR_LICENSEE_DIRECTORY;SOURCE_TOTAL_AND_PAGINATION_RECONCILIATION;ISIN_LEI_MIC_LINKING,REVIEW_MARKET_TYPE_AND_REGULATORY_ROLE_NOT_EVERY_SITE_IS_EQUITY_EXCHANGE,404,UNKNOWN,AUTHORITATIVE_UNIVERSE_BOUNDARY_AND_ENTITY_IDENTIFICATION,PUBLIC_DIRECTORY_DISCOVERY_AND_FULL_EXPORT
https://WWW.NGM.SE,MIC_REGISTERED_SITE,SE,FULL_LISTED_ISSUER_AND_SECURITY_DIRECTORY;FULL_MEMBER_OR_LICENSEE_DIRECTORY;SOURCE_TOTAL_AND_PAGINATION_RECONCILIATION;ISIN_LEI_MIC_LINKING,REVIEW_MARKET_TYPE_AND_REGULATORY_ROLE_NOT_EVERY_SITE_IS_EQUITY_EXCHANGE,200,UNKNOWN,AUTHORITATIVE_UNIVERSE_BOUNDARY_AND_ENTITY_IDENTIFICATION,PUBLIC_DIRECTORY_DISCOVERY_AND_FULL_EXPORT
https://WWW.NGX.COM,MIC_REGISTERED_SITE,CA,FULL_LISTED_ISSUER_AND_SECURITY_DIRECTORY;FULL_MEMBER_OR_LICENSEE_DIRECTORY;SOURCE_TOTAL_AND_PAGINATION_RECONCILIATION;ISIN_LEI_MIC_LINKING,REVIEW_MARKET_TYPE_AND_REGULATORY_ROLE_NOT_EVERY_SITE_IS_EQUITY_EXCHANGE,,UNKNOWN,AUTHORITATIVE_UNIVERSE_BOUNDARY_AND_ENTITY_IDENTIFICATION,PUBLIC_DIRECTORY_DISCOVERY_AND_FULL_EXPORT
https://WWW.NIBC.COM,MIC_REGISTERED_SITE,NL,FULL_LISTED_ISSUER_AND_SECURITY_DIRECTORY;FULL_MEMBER_OR_LICENSEE_DIRECTORY;SOURCE_TOTAL_AND_PAGINATION_RECONCILIATION;ISIN_LEI_MIC_LINKING,REVIEW_MARKET_TYPE_AND_REGULATORY_ROLE_NOT_EVERY_SITE_IS_EQUITY_EXCHANGE,,UNKNOWN,AUTHORITATIVE_UNIVERSE_BOUNDARY_AND_ENTITY_IDENTIFICATION,PUBLIC_DIRECTORY_DISCOVERY_AND_FULL_EXPORT
https://WWW.NILEX.EGYPTSE.COM,MIC_REGISTERED_SITE,EG,FULL_LISTED_ISSUER_AND_SECURITY_DIRECTORY;FULL_MEMBER_OR_LICENSEE_DIRECTORY;SOURCE_TOTAL_AND_PAGINATION_RECONCILIATION;ISIN_LEI_MIC_LINKING,REVIEW_MARKET_TYPE_AND_REGULATORY_ROLE_NOT_EVERY_SITE_IS_EQUITY_EXCHANGE,,UNKNOWN,AUTHORITATIVE_UNIVERSE_BOUNDARY_AND_ENTITY_IDENTIFICATION,PUBLIC_DIRECTORY_DISCOVERY_AND_FULL_EXPORT
https://WWW.NLX.CO.UK,MIC_REGISTERED_SITE,GB,FULL_LISTED_ISSUER_AND_SECURITY_DIRECTORY;FULL_MEMBER_OR_LICENSEE_DIRECTORY;SOURCE_TOTAL_AND_PAGINATION_RECONCILIATION;ISIN_LEI_MIC_LINKING,REVIEW_MARKET_TYPE_AND_REGULATORY_ROLE_NOT_EVERY_SITE_IS_EQUITY_EXCHANGE,200,UNKNOWN,AUTHORITATIVE_UNIVERSE_BOUNDARY_AND_ENTITY_IDENTIFICATION,PUBLIC_DIRECTORY_DISCOVERY_AND_FULL_EXPORT
https://WWW.NMCE.COM,MIC_REGISTERED_SITE,IN,FULL_LISTED_ISSUER_AND_SECURITY_DIRECTORY;FULL_MEMBER_OR_LICENSEE_DIRECTORY;SOURCE_TOTAL_AND_PAGINATION_RECONCILIATION;ISIN_LEI_MIC_LINKING,REVIEW_MARKET_TYPE_AND_REGULATORY_ROLE_NOT_EVERY_SITE_IS_EQUITY_EXCHANGE,200,UNKNOWN,AUTHORITATIVE_UNIVERSE_BOUNDARY_AND_ENTITY_IDENTIFICATION,PUBLIC_DIRECTORY_DISCOVERY_AND_FULL_EXPORT
https://WWW.NOBLESECURITIES.PL,MIC_REGISTERED_SITE,PL,FULL_LISTED_ISSUER_AND_SECURITY_DIRECTORY;FULL_MEMBER_OR_LICENSEE_DIRECTORY;SOURCE_TOTAL_AND_PAGINATION_RECONCILIATION;ISIN_LEI_MIC_LINKING,REVIEW_MARKET_TYPE_AND_REGULATORY_ROLE_NOT_EVERY_SITE_IS_EQUITY_EXCHANGE,,UNKNOWN,AUTHORITATIVE_UNIVERSE_BOUNDARY_AND_ENTITY_IDENTIFICATION,PUBLIC_DIRECTORY_DISCOVERY_AND_FULL_EXPORT
https://WWW.NOBLEX.IO,MIC_REGISTERED_SITE,US,FULL_LISTED_ISSUER_AND_SECURITY_DIRECTORY;FULL_MEMBER_OR_LICENSEE_DIRECTORY;SOURCE_TOTAL_AND_PAGINATION_RECONCILIATION;ISIN_LEI_MIC_LINKING,REVIEW_MARKET_TYPE_AND_REGULATORY_ROLE_NOT_EVERY_SITE_IS_EQUITY_EXCHANGE,200,UNKNOWN,AUTHORITATIVE_UNIVERSE_BOUNDARY_AND_ENTITY_IDENTIFICATION,PUBLIC_DIRECTORY_DISCOVERY_AND_FULL_EXPORT
https://WWW.NODALEXCHANGE.COM,MIC_REGISTERED_SITE,US,FULL_LISTED_ISSUER_AND_SECURITY_DIRECTORY;FULL_MEMBER_OR_LICENSEE_DIRECTORY;SOURCE_TOTAL_AND_PAGINATION_RECONCILIATION;ISIN_LEI_MIC_LINKING,REVIEW_MARKET_TYPE_AND_REGULATORY_ROLE_NOT_EVERY_SITE_IS_EQUITY_EXCHANGE,200,UNKNOWN,AUTHORITATIVE_UNIVERSE_BOUNDARY_AND_ENTITY_IDENTIFICATION,PUBLIC_DIRECTORY_DISCOVERY_AND_FULL_EXPORT
https://WWW.NOMURA.COM,MIC_REGISTERED_SITE,DE|GB|JP|US,FULL_LISTED_ISSUER_AND_SECURITY_DIRECTORY;FULL_MEMBER_OR_LICENSEE_DIRECTORY;SOURCE_TOTAL_AND_PAGINATION_RECONCILIATION;ISIN_LEI_MIC_LINKING,REVIEW_MARKET_TYPE_AND_REGULATORY_ROLE_NOT_EVERY_SITE_IS_EQUITY_EXCHANGE,200,UNKNOWN,AUTHORITATIVE_UNIVERSE_BOUNDARY_AND_ENTITY_IDENTIFICATION,PUBLIC_DIRECTORY_DISCOVERY_AND_FULL_EXPORT
https://WWW.NORDEA.COM,MIC_REGISTERED_SITE,FI,FULL_LISTED_ISSUER_AND_SECURITY_DIRECTORY;FULL_MEMBER_OR_LICENSEE_DIRECTORY;SOURCE_TOTAL_AND_PAGINATION_RECONCILIATION;ISIN_LEI_MIC_LINKING,REVIEW_MARKET_TYPE_AND_REGULATORY_ROLE_NOT_EVERY_SITE_IS_EQUITY_EXCHANGE,200,UNKNOWN,AUTHORITATIVE_UNIVERSE_BOUNDARY_AND_ENTITY_IDENTIFICATION,PUBLIC_DIRECTORY_DISCOVERY_AND_FULL_EXPORT
https://WWW.NORDICMTF.SE,MIC_REGISTERED_SITE,SE,FULL_LISTED_ISSUER_AND_SECURITY_DIRECTORY;FULL_MEMBER_OR_LICENSEE_DIRECTORY;SOURCE_TOTAL_AND_PAGINATION_RECONCILIATION;ISIN_LEI_MIC_LINKING,REVIEW_MARKET_TYPE_AND_REGULATORY_ROLE_NOT_EVERY_SITE_IS_EQUITY_EXCHANGE,,UNKNOWN,AUTHORITATIVE_UNIVERSE_BOUNDARY_AND_ENTITY_IDENTIFICATION,PUBLIC_DIRECTORY_DISCOVERY_AND_FULL_EXPORT
https://WWW.NORDLB.DE,MIC_REGISTERED_SITE,DE,FULL_LISTED_ISSUER_AND_SECURITY_DIRECTORY;FULL_MEMBER_OR_LICENSEE_DIRECTORY;SOURCE_TOTAL_AND_PAGINATION_RECONCILIATION;ISIN_LEI_MIC_LINKING,REVIEW_MARKET_TYPE_AND_REGULATORY_ROLE_NOT_EVERY_SITE_IS_EQUITY_EXCHANGE,,UNKNOWN,AUTHORITATIVE_UNIVERSE_BOUNDARY_AND_ENTITY_IDENTIFICATION,PUBLIC_DIRECTORY_DISCOVERY_AND_FULL_EXPORT
https://WWW.NORDPOOLSPOT.COM,MIC_REGISTERED_SITE,NO,FULL_LISTED_ISSUER_AND_SECURITY_DIRECTORY;FULL_MEMBER_OR_LICENSEE_DIRECTORY;SOURCE_TOTAL_AND_PAGINATION_RECONCILIATION;ISIN_LEI_MIC_LINKING,REVIEW_MARKET_TYPE_AND_REGULATORY_ROLE_NOT_EVERY_SITE_IS_EQUITY_EXCHANGE,,UNKNOWN,AUTHORITATIVE_UNIVERSE_BOUNDARY_AND_ENTITY_IDENTIFICATION,PUBLIC_DIRECTORY_DISCOVERY_AND_FULL_EXPORT
https://WWW.NOREXECO.COM,MIC_REGISTERED_SITE,NO,FULL_LISTED_ISSUER_AND_SECURITY_DIRECTORY;FULL_MEMBER_OR_LICENSEE_DIRECTORY;SOURCE_TOTAL_AND_PAGINATION_RECONCILIATION;ISIN_LEI_MIC_LINKING,REVIEW_MARKET_TYPE_AND_REGULATORY_ROLE_NOT_EVERY_SITE_IS_EQUITY_EXCHANGE,,UNKNOWN,AUTHORITATIVE_UNIVERSE_BOUNDARY_AND_ENTITY_IDENTIFICATION,PUBLIC_DIRECTORY_DISCOVERY_AND_FULL_EXPORT
https://WWW.NOSCLEARING.COM,MIC_REGISTERED_SITE,NO,FULL_LISTED_ISSUER_AND_SECURITY_DIRECTORY;FULL_MEMBER_OR_LICENSEE_DIRECTORY;SOURCE_TOTAL_AND_PAGINATION_RECONCILIATION;ISIN_LEI_MIC_LINKING,REVIEW_MARKET_TYPE_AND_REGULATORY_ROLE_NOT_EVERY_SITE_IS_EQUITY_EXCHANGE,403,UNKNOWN,AUTHORITATIVE_UNIVERSE_BOUNDARY_AND_ENTITY_IDENTIFICATION,PUBLIC_DIRECTORY_DISCOVERY_AND_FULL_EXPORT
https://WWW.NOTC.NO,MIC_REGISTERED_SITE,NO,FULL_LISTED_ISSUER_AND_SECURITY_DIRECTORY;FULL_MEMBER_OR_LICENSEE_DIRECTORY;SOURCE_TOTAL_AND_PAGINATION_RECONCILIATION;ISIN_LEI_MIC_LINKING,REVIEW_MARKET_TYPE_AND_REGULATORY_ROLE_NOT_EVERY_SITE_IS_EQUITY_EXCHANGE,200,UNKNOWN,AUTHORITATIVE_UNIVERSE_BOUNDARY_AND_ENTITY_IDENTIFICATION,PUBLIC_DIRECTORY_DISCOVERY_AND_FULL_EXPORT
https://WWW.NOWCP.EU,MIC_REGISTERED_SITE,FR,FULL_LISTED_ISSUER_AND_SECURITY_DIRECTORY;FULL_MEMBER_OR_LICENSEE_DIRECTORY;SOURCE_TOTAL_AND_PAGINATION_RECONCILIATION;ISIN_LEI_MIC_LINKING,REVIEW_MARKET_TYPE_AND_REGULATORY_ROLE_NOT_EVERY_SITE_IS_EQUITY_EXCHANGE,,UNKNOWN,AUTHORITATIVE_UNIVERSE_BOUNDARY_AND_ENTITY_IDENTIFICATION,PUBLIC_DIRECTORY_DISCOVERY_AND_FULL_EXPORT
https://WWW.NPEX.NL,MIC_REGISTERED_SITE,NL,FULL_LISTED_ISSUER_AND_SECURITY_DIRECTORY;FULL_MEMBER_OR_LICENSEE_DIRECTORY;SOURCE_TOTAL_AND_PAGINATION_RECONCILIATION;ISIN_LEI_MIC_LINKING,REVIEW_MARKET_TYPE_AND_REGULATORY_ROLE_NOT_EVERY_SITE_IS_EQUITY_EXCHANGE,200,UNKNOWN,AUTHORITATIVE_UNIVERSE_BOUNDARY_AND_ENTITY_IDENTIFICATION,PUBLIC_DIRECTORY_DISCOVERY_AND_FULL_EXPORT
https://WWW.NPRTS.RU,MIC_REGISTERED_SITE,RU,FULL_LISTED_ISSUER_AND_SECURITY_DIRECTORY;FULL_MEMBER_OR_LICENSEE_DIRECTORY;SOURCE_TOTAL_AND_PAGINATION_RECONCILIATION;ISIN_LEI_MIC_LINKING,REVIEW_MARKET_TYPE_AND_REGULATORY_ROLE_NOT_EVERY_SITE_IS_EQUITY_EXCHANGE,,UNKNOWN,AUTHORITATIVE_UNIVERSE_BOUNDARY_AND_ENTITY_IDENTIFICATION,PUBLIC_DIRECTORY_DISCOVERY_AND_FULL_EXPORT
https://WWW.NSE.CO.KE,MIC_REGISTERED_SITE,KE,FULL_LISTED_ISSUER_AND_SECURITY_DIRECTORY;FULL_MEMBER_OR_LICENSEE_DIRECTORY;SOURCE_TOTAL_AND_PAGINATION_RECONCILIATION;ISIN_LEI_MIC_LINKING,REVIEW_MARKET_TYPE_AND_REGULATORY_ROLE_NOT_EVERY_SITE_IS_EQUITY_EXCHANGE,200,UNKNOWN,AUTHORITATIVE_UNIVERSE_BOUNDARY_AND_ENTITY_IDENTIFICATION,PUBLIC_DIRECTORY_DISCOVERY_AND_FULL_EXPORT
https://WWW.NSE.COM.NG,MIC_REGISTERED_SITE,NG,FULL_LISTED_ISSUER_AND_SECURITY_DIRECTORY;FULL_MEMBER_OR_LICENSEE_DIRECTORY;SOURCE_TOTAL_AND_PAGINATION_RECONCILIATION;ISIN_LEI_MIC_LINKING,REVIEW_MARKET_TYPE_AND_REGULATORY_ROLE_NOT_EVERY_SITE_IS_EQUITY_EXCHANGE,200,UNKNOWN,AUTHORITATIVE_UNIVERSE_BOUNDARY_AND_ENTITY_IDENTIFICATION,PUBLIC_DIRECTORY_DISCOVERY_AND_FULL_EXPORT
https://WWW.NSE.OR.JP,MIC_REGISTERED_SITE,JP,FULL_LISTED_ISSUER_AND_SECURITY_DIRECTORY;FULL_MEMBER_OR_LICENSEE_DIRECTORY;SOURCE_TOTAL_AND_PAGINATION_RECONCILIATION;ISIN_LEI_MIC_LINKING,REVIEW_MARKET_TYPE_AND_REGULATORY_ROLE_NOT_EVERY_SITE_IS_EQUITY_EXCHANGE,200,UNKNOWN,AUTHORITATIVE_UNIVERSE_BOUNDARY_AND_ENTITY_IDENTIFICATION,PUBLIC_DIRECTORY_DISCOVERY_AND_FULL_EXPORT
https://WWW.NSEIFSC.COM,MIC_REGISTERED_SITE,IN,FULL_LISTED_ISSUER_AND_SECURITY_DIRECTORY;FULL_MEMBER_OR_LICENSEE_DIRECTORY;SOURCE_TOTAL_AND_PAGINATION_RECONCILIATION;ISIN_LEI_MIC_LINKING,REVIEW_MARKET_TYPE_AND_REGULATORY_ROLE_NOT_EVERY_SITE_IS_EQUITY_EXCHANGE,,UNKNOWN,AUTHORITATIVE_UNIVERSE_BOUNDARY_AND_ENTITY_IDENTIFICATION,PUBLIC_DIRECTORY_DISCOVERY_AND_FULL_EXPORT
https://WWW.NSEINDIA.COM,MIC_REGISTERED_SITE,IN,FULL_LISTED_ISSUER_AND_SECURITY_DIRECTORY;FULL_MEMBER_OR_LICENSEE_DIRECTORY;SOURCE_TOTAL_AND_PAGINATION_RECONCILIATION;ISIN_LEI_MIC_LINKING,REVIEW_MARKET_TYPE_AND_REGULATORY_ROLE_NOT_EVERY_SITE_IS_EQUITY_EXCHANGE,403,UNKNOWN,AUTHORITATIVE_UNIVERSE_BOUNDARY_AND_ENTITY_IDENTIFICATION,PUBLIC_DIRECTORY_DISCOVERY_AND_FULL_EXPORT
https://WWW.NSX.COM.NA,MIC_REGISTERED_SITE,NA,FULL_LISTED_ISSUER_AND_SECURITY_DIRECTORY;FULL_MEMBER_OR_LICENSEE_DIRECTORY;SOURCE_TOTAL_AND_PAGINATION_RECONCILIATION;ISIN_LEI_MIC_LINKING,REVIEW_MARKET_TYPE_AND_REGULATORY_ROLE_NOT_EVERY_SITE_IS_EQUITY_EXCHANGE,200,UNKNOWN,AUTHORITATIVE_UNIVERSE_BOUNDARY_AND_ENTITY_IDENTIFICATION,PUBLIC_DIRECTORY_DISCOVERY_AND_FULL_EXPORT
https://WWW.NSXA.COM.AU,MIC_REGISTERED_SITE,AU,FULL_LISTED_ISSUER_AND_SECURITY_DIRECTORY;FULL_MEMBER_OR_LICENSEE_DIRECTORY;SOURCE_TOTAL_AND_PAGINATION_RECONCILIATION;ISIN_LEI_MIC_LINKING,REVIEW_MARKET_TYPE_AND_REGULATORY_ROLE_NOT_EVERY_SITE_IS_EQUITY_EXCHANGE,200,UNKNOWN,AUTHORITATIVE_UNIVERSE_BOUNDARY_AND_ENTITY_IDENTIFICATION,PUBLIC_DIRECTORY_DISCOVERY_AND_FULL_EXPORT
https://WWW.NXCHANGE.COM,MIC_REGISTERED_SITE,NL,FULL_LISTED_ISSUER_AND_SECURITY_DIRECTORY;FULL_MEMBER_OR_LICENSEE_DIRECTORY;SOURCE_TOTAL_AND_PAGINATION_RECONCILIATION;ISIN_LEI_MIC_LINKING,REVIEW_MARKET_TYPE_AND_REGULATORY_ROLE_NOT_EVERY_SITE_IS_EQUITY_EXCHANGE,200,UNKNOWN,AUTHORITATIVE_UNIVERSE_BOUNDARY_AND_ENTITY_IDENTIFICATION,PUBLIC_DIRECTORY_DISCOVERY_AND_FULL_EXPORT
https://WWW.NYKREDIT.COM,MIC_REGISTERED_SITE,DK,FULL_LISTED_ISSUER_AND_SECURITY_DIRECTORY;FULL_MEMBER_OR_LICENSEE_DIRECTORY;SOURCE_TOTAL_AND_PAGINATION_RECONCILIATION;ISIN_LEI_MIC_LINKING,REVIEW_MARKET_TYPE_AND_REGULATORY_ROLE_NOT_EVERY_SITE_IS_EQUITY_EXCHANGE,200,UNKNOWN,AUTHORITATIVE_UNIVERSE_BOUNDARY_AND_ENTITY_IDENTIFICATION,PUBLIC_DIRECTORY_DISCOVERY_AND_FULL_EXPORT
https://WWW.NYMEX.COM,MIC_REGISTERED_SITE,US,FULL_LISTED_ISSUER_AND_SECURITY_DIRECTORY;FULL_MEMBER_OR_LICENSEE_DIRECTORY;SOURCE_TOTAL_AND_PAGINATION_RECONCILIATION;ISIN_LEI_MIC_LINKING,REVIEW_MARKET_TYPE_AND_REGULATORY_ROLE_NOT_EVERY_SITE_IS_EQUITY_EXCHANGE,403,UNKNOWN,AUTHORITATIVE_UNIVERSE_BOUNDARY_AND_ENTITY_IDENTIFICATION,PUBLIC_DIRECTORY_DISCOVERY_AND_FULL_EXPORT
https://WWW.NYMEX.GREENFUTURES.COM/,MIC_REGISTERED_SITE,US,FULL_LISTED_ISSUER_AND_SECURITY_DIRECTORY;FULL_MEMBER_OR_LICENSEE_DIRECTORY;SOURCE_TOTAL_AND_PAGINATION_RECONCILIATION;ISIN_LEI_MIC_LINKING,REVIEW_MARKET_TYPE_AND_REGULATORY_ROLE_NOT_EVERY_SITE_IS_EQUITY_EXCHANGE,,UNKNOWN,AUTHORITATIVE_UNIVERSE_BOUNDARY_AND_ENTITY_IDENTIFICATION,PUBLIC_DIRECTORY_DISCOVERY_AND_FULL_EXPORT
https://WWW.NYMEXONLCHCLEARNET.COM,MIC_REGISTERED_SITE,US,FULL_LISTED_ISSUER_AND_SECURITY_DIRECTORY;FULL_MEMBER_OR_LICENSEE_DIRECTORY;SOURCE_TOTAL_AND_PAGINATION_RECONCILIATION;ISIN_LEI_MIC_LINKING,REVIEW_MARKET_TYPE_AND_REGULATORY_ROLE_NOT_EVERY_SITE_IS_EQUITY_EXCHANGE,,UNKNOWN,AUTHORITATIVE_UNIVERSE_BOUNDARY_AND_ENTITY_IDENTIFICATION,PUBLIC_DIRECTORY_DISCOVERY_AND_FULL_EXPORT
https://WWW.NYPCLEAR.COM,MIC_REGISTERED_SITE,US,FULL_LISTED_ISSUER_AND_SECURITY_DIRECTORY;FULL_MEMBER_OR_LICENSEE_DIRECTORY;SOURCE_TOTAL_AND_PAGINATION_RECONCILIATION;ISIN_LEI_MIC_LINKING,REVIEW_MARKET_TYPE_AND_REGULATORY_ROLE_NOT_EVERY_SITE_IS_EQUITY_EXCHANGE,,UNKNOWN,AUTHORITATIVE_UNIVERSE_BOUNDARY_AND_ENTITY_IDENTIFICATION,PUBLIC_DIRECTORY_DISCOVERY_AND_FULL_EXPORT
https://WWW.NYSE.COM,MIC_REGISTERED_SITE,US,FULL_LISTED_ISSUER_AND_SECURITY_DIRECTORY;FULL_MEMBER_OR_LICENSEE_DIRECTORY;SOURCE_TOTAL_AND_PAGINATION_RECONCILIATION;ISIN_LEI_MIC_LINKING,REVIEW_MARKET_TYPE_AND_REGULATORY_ROLE_NOT_EVERY_SITE_IS_EQUITY_EXCHANGE,200,UNKNOWN,AUTHORITATIVE_UNIVERSE_BOUNDARY_AND_ENTITY_IDENTIFICATION,PUBLIC_DIRECTORY_DISCOVERY_AND_FULL_EXPORT
https://WWW.NZX.COM,MIC_REGISTERED_SITE,NZ,FULL_LISTED_ISSUER_AND_SECURITY_DIRECTORY;FULL_MEMBER_OR_LICENSEE_DIRECTORY;SOURCE_TOTAL_AND_PAGINATION_RECONCILIATION;ISIN_LEI_MIC_LINKING,REVIEW_MARKET_TYPE_AND_REGULATORY_ROLE_NOT_EVERY_SITE_IS_EQUITY_EXCHANGE,200,UNKNOWN,AUTHORITATIVE_UNIVERSE_BOUNDARY_AND_ENTITY_IDENTIFICATION,PUBLIC_DIRECTORY_DISCOVERY_AND_FULL_EXPORT
https://WWW.OBERBANK.AT,MIC_REGISTERED_SITE,AT,FULL_LISTED_ISSUER_AND_SECURITY_DIRECTORY;FULL_MEMBER_OR_LICENSEE_DIRECTORY;SOURCE_TOTAL_AND_PAGINATION_RECONCILIATION;ISIN_LEI_MIC_LINKING,REVIEW_MARKET_TYPE_AND_REGULATORY_ROLE_NOT_EVERY_SITE_IS_EQUITY_EXCHANGE,200,UNKNOWN,AUTHORITATIVE_UNIVERSE_BOUNDARY_AND_ENTITY_IDENTIFICATION,PUBLIC_DIRECTORY_DISCOVERY_AND_FULL_EXPORT
https://WWW.OCTAURA.COM,MIC_REGISTERED_SITE,US,FULL_LISTED_ISSUER_AND_SECURITY_DIRECTORY;FULL_MEMBER_OR_LICENSEE_DIRECTORY;SOURCE_TOTAL_AND_PAGINATION_RECONCILIATION;ISIN_LEI_MIC_LINKING,REVIEW_MARKET_TYPE_AND_REGULATORY_ROLE_NOT_EVERY_SITE_IS_EQUITY_EXCHANGE,200,UNKNOWN,AUTHORITATIVE_UNIVERSE_BOUNDARY_AND_ENTITY_IDENTIFICATION,PUBLIC_DIRECTORY_DISCOVERY_AND_FULL_EXPORT
https://WWW.ODDO-BHF.COM,MIC_REGISTERED_SITE,FR,FULL_LISTED_ISSUER_AND_SECURITY_DIRECTORY;FULL_MEMBER_OR_LICENSEE_DIRECTORY;SOURCE_TOTAL_AND_PAGINATION_RECONCILIATION;ISIN_LEI_MIC_LINKING,REVIEW_MARKET_TYPE_AND_REGULATORY_ROLE_NOT_EVERY_SITE_IS_EQUITY_EXCHANGE,200,UNKNOWN,AUTHORITATIVE_UNIVERSE_BOUNDARY_AND_ENTITY_IDENTIFICATION,PUBLIC_DIRECTORY_DISCOVERY_AND_FULL_EXPORT
https://WWW.ODE.OR.JP,MIC_REGISTERED_SITE,JP,FULL_LISTED_ISSUER_AND_SECURITY_DIRECTORY;FULL_MEMBER_OR_LICENSEE_DIRECTORY;SOURCE_TOTAL_AND_PAGINATION_RECONCILIATION;ISIN_LEI_MIC_LINKING,REVIEW_MARKET_TYPE_AND_REGULATORY_ROLE_NOT_EVERY_SITE_IS_EQUITY_EXCHANGE,,UNKNOWN,AUTHORITATIVE_UNIVERSE_BOUNDARY_AND_ENTITY_IDENTIFICATION,PUBLIC_DIRECTORY_DISCOVERY_AND_FULL_EXPORT
https://WWW.ODX.CO.JP,MIC_REGISTERED_SITE,JP,FULL_LISTED_ISSUER_AND_SECURITY_DIRECTORY;FULL_MEMBER_OR_LICENSEE_DIRECTORY;SOURCE_TOTAL_AND_PAGINATION_RECONCILIATION;ISIN_LEI_MIC_LINKING,REVIEW_MARKET_TYPE_AND_REGULATORY_ROLE_NOT_EVERY_SITE_IS_EQUITY_EXCHANGE,200,UNKNOWN,AUTHORITATIVE_UNIVERSE_BOUNDARY_AND_ENTITY_IDENTIFICATION,PUBLIC_DIRECTORY_DISCOVERY_AND_FULL_EXPORT
https://WWW.OHV.NL,MIC_REGISTERED_SITE,NL,FULL_LISTED_ISSUER_AND_SECURITY_DIRECTORY;FULL_MEMBER_OR_LICENSEE_DIRECTORY;SOURCE_TOTAL_AND_PAGINATION_RECONCILIATION;ISIN_LEI_MIC_LINKING,REVIEW_MARKET_TYPE_AND_REGULATORY_ROLE_NOT_EVERY_SITE_IS_EQUITY_EXCHANGE,200,UNKNOWN,AUTHORITATIVE_UNIVERSE_BOUNDARY_AND_ENTITY_IDENTIFICATION,PUBLIC_DIRECTORY_DISCOVERY_AND_FULL_EXPORT
https://WWW.OILBROKERAGE.COM,MIC_REGISTERED_SITE,GB,FULL_LISTED_ISSUER_AND_SECURITY_DIRECTORY;FULL_MEMBER_OR_LICENSEE_DIRECTORY;SOURCE_TOTAL_AND_PAGINATION_RECONCILIATION;ISIN_LEI_MIC_LINKING,REVIEW_MARKET_TYPE_AND_REGULATORY_ROLE_NOT_EVERY_SITE_IS_EQUITY_EXCHANGE,200,UNKNOWN,AUTHORITATIVE_UNIVERSE_BOUNDARY_AND_ENTITY_IDENTIFICATION,PUBLIC_DIRECTORY_DISCOVERY_AND_FULL_EXPORT
https://WWW.OKX.COM,MIC_REGISTERED_SITE,MT,FULL_LISTED_ISSUER_AND_SECURITY_DIRECTORY;FULL_MEMBER_OR_LICENSEE_DIRECTORY;SOURCE_TOTAL_AND_PAGINATION_RECONCILIATION;ISIN_LEI_MIC_LINKING,REVIEW_MARKET_TYPE_AND_REGULATORY_ROLE_NOT_EVERY_SITE_IS_EQUITY_EXCHANGE,200,UNKNOWN,AUTHORITATIVE_UNIVERSE_BOUNDARY_AND_ENTITY_IDENTIFICATION,PUBLIC_DIRECTORY_DISCOVERY_AND_FULL_EXPORT
https://WWW.OLB.DE,MIC_REGISTERED_SITE,DE,FULL_LISTED_ISSUER_AND_SECURITY_DIRECTORY;FULL_MEMBER_OR_LICENSEE_DIRECTORY;SOURCE_TOTAL_AND_PAGINATION_RECONCILIATION;ISIN_LEI_MIC_LINKING,REVIEW_MARKET_TYPE_AND_REGULATORY_ROLE_NOT_EVERY_SITE_IS_EQUITY_EXCHANGE,,UNKNOWN,AUTHORITATIVE_UNIVERSE_BOUNDARY_AND_ENTITY_IDENTIFICATION,PUBLIC_DIRECTORY_DISCOVERY_AND_FULL_EXPORT
https://WWW.OLDMISSIONCAPITAL.COM,MIC_REGISTERED_SITE,US,FULL_LISTED_ISSUER_AND_SECURITY_DIRECTORY;FULL_MEMBER_OR_LICENSEE_DIRECTORY;SOURCE_TOTAL_AND_PAGINATION_RECONCILIATION;ISIN_LEI_MIC_LINKING,REVIEW_MARKET_TYPE_AND_REGULATORY_ROLE_NOT_EVERY_SITE_IS_EQUITY_EXCHANGE,200,UNKNOWN,AUTHORITATIVE_UNIVERSE_BOUNDARY_AND_ENTITY_IDENTIFICATION,PUBLIC_DIRECTORY_DISCOVERY_AND_FULL_EXPORT
https://WWW.OM-ETRADING.COM,MIC_REGISTERED_SITE,US,FULL_LISTED_ISSUER_AND_SECURITY_DIRECTORY;FULL_MEMBER_OR_LICENSEE_DIRECTORY;SOURCE_TOTAL_AND_PAGINATION_RECONCILIATION;ISIN_LEI_MIC_LINKING,REVIEW_MARKET_TYPE_AND_REGULATORY_ROLE_NOT_EVERY_SITE_IS_EQUITY_EXCHANGE,200,UNKNOWN,AUTHORITATIVE_UNIVERSE_BOUNDARY_AND_ENTITY_IDENTIFICATION,PUBLIC_DIRECTORY_DISCOVERY_AND_FULL_EXPORT
https://WWW.OMEGAATS.COM,MIC_REGISTERED_SITE,CA,FULL_LISTED_ISSUER_AND_SECURITY_DIRECTORY;FULL_MEMBER_OR_LICENSEE_DIRECTORY;SOURCE_TOTAL_AND_PAGINATION_RECONCILIATION;ISIN_LEI_MIC_LINKING,REVIEW_MARKET_TYPE_AND_REGULATORY_ROLE_NOT_EVERY_SITE_IS_EQUITY_EXCHANGE,,UNKNOWN,AUTHORITATIVE_UNIVERSE_BOUNDARY_AND_ENTITY_IDENTIFICATION,PUBLIC_DIRECTORY_DISCOVERY_AND_FULL_EXPORT
https://WWW.OMICLEAR.PT,MIC_REGISTERED_SITE,PT,FULL_LISTED_ISSUER_AND_SECURITY_DIRECTORY;FULL_MEMBER_OR_LICENSEE_DIRECTORY;SOURCE_TOTAL_AND_PAGINATION_RECONCILIATION;ISIN_LEI_MIC_LINKING,REVIEW_MARKET_TYPE_AND_REGULATORY_ROLE_NOT_EVERY_SITE_IS_EQUITY_EXCHANGE,200,UNKNOWN,AUTHORITATIVE_UNIVERSE_BOUNDARY_AND_ENTITY_IDENTIFICATION,PUBLIC_DIRECTORY_DISCOVERY_AND_FULL_EXPORT
https://WWW.OMIE.ES,MIC_REGISTERED_SITE,ES,FULL_LISTED_ISSUER_AND_SECURITY_DIRECTORY;FULL_MEMBER_OR_LICENSEE_DIRECTORY;SOURCE_TOTAL_AND_PAGINATION_RECONCILIATION;ISIN_LEI_MIC_LINKING,REVIEW_MARKET_TYPE_AND_REGULATORY_ROLE_NOT_EVERY_SITE_IS_EQUITY_EXCHANGE,200,UNKNOWN,AUTHORITATIVE_UNIVERSE_BOUNDARY_AND_ENTITY_IDENTIFICATION,PUBLIC_DIRECTORY_DISCOVERY_AND_FULL_EXPORT
https://WWW.OMIP.PT,MIC_REGISTERED_SITE,PT,FULL_LISTED_ISSUER_AND_SECURITY_DIRECTORY;FULL_MEMBER_OR_LICENSEE_DIRECTORY;SOURCE_TOTAL_AND_PAGINATION_RECONCILIATION;ISIN_LEI_MIC_LINKING,REVIEW_MARKET_TYPE_AND_REGULATORY_ROLE_NOT_EVERY_SITE_IS_EQUITY_EXCHANGE,200,UNKNOWN,AUTHORITATIVE_UNIVERSE_BOUNDARY_AND_ENTITY_IDENTIFICATION,PUBLIC_DIRECTORY_DISCOVERY_AND_FULL_EXPORT
https://WWW.OMXNORDICEXCHANGE.COM,MIC_REGISTERED_SITE,DK,FULL_LISTED_ISSUER_AND_SECURITY_DIRECTORY;FULL_MEMBER_OR_LICENSEE_DIRECTORY;SOURCE_TOTAL_AND_PAGINATION_RECONCILIATION;ISIN_LEI_MIC_LINKING,REVIEW_MARKET_TYPE_AND_REGULATORY_ROLE_NOT_EVERY_SITE_IS_EQUITY_EXCHANGE,,UNKNOWN,AUTHORITATIVE_UNIVERSE_BOUNDARY_AND_ENTITY_IDENTIFICATION,PUBLIC_DIRECTORY_DISCOVERY_AND_FULL_EXPORT
https://WWW.ONECHICAGO.COM,MIC_REGISTERED_SITE,US,FULL_LISTED_ISSUER_AND_SECURITY_DIRECTORY;FULL_MEMBER_OR_LICENSEE_DIRECTORY;SOURCE_TOTAL_AND_PAGINATION_RECONCILIATION;ISIN_LEI_MIC_LINKING,REVIEW_MARKET_TYPE_AND_REGULATORY_ROLE_NOT_EVERY_SITE_IS_EQUITY_EXCHANGE,,UNKNOWN,AUTHORITATIVE_UNIVERSE_BOUNDARY_AND_ENTITY_IDENTIFICATION,PUBLIC_DIRECTORY_DISCOVERY_AND_FULL_EXPORT
https://WWW.ONECHRONOS.COM,MIC_REGISTERED_SITE,GB|NL|US,FULL_LISTED_ISSUER_AND_SECURITY_DIRECTORY;FULL_MEMBER_OR_LICENSEE_DIRECTORY;SOURCE_TOTAL_AND_PAGINATION_RECONCILIATION;ISIN_LEI_MIC_LINKING,REVIEW_MARKET_TYPE_AND_REGULATORY_ROLE_NOT_EVERY_SITE_IS_EQUITY_EXCHANGE,200,UNKNOWN,AUTHORITATIVE_UNIVERSE_BOUNDARY_AND_ENTITY_IDENTIFICATION,PUBLIC_DIRECTORY_DISCOVERY_AND_FULL_EXPORT
https://WWW.ONEMIZUHO.EU,MIC_REGISTERED_SITE,GB,FULL_LISTED_ISSUER_AND_SECURITY_DIRECTORY;FULL_MEMBER_OR_LICENSEE_DIRECTORY;SOURCE_TOTAL_AND_PAGINATION_RECONCILIATION;ISIN_LEI_MIC_LINKING,REVIEW_MARKET_TYPE_AND_REGULATORY_ROLE_NOT_EVERY_SITE_IS_EQUITY_EXCHANGE,,UNKNOWN,AUTHORITATIVE_UNIVERSE_BOUNDARY_AND_ENTITY_IDENTIFICATION,PUBLIC_DIRECTORY_DISCOVERY_AND_FULL_EXPORT
https://WWW.ONETRADING.COM,MIC_REGISTERED_SITE,NL,FULL_LISTED_ISSUER_AND_SECURITY_DIRECTORY;FULL_MEMBER_OR_LICENSEE_DIRECTORY;SOURCE_TOTAL_AND_PAGINATION_RECONCILIATION;ISIN_LEI_MIC_LINKING,REVIEW_MARKET_TYPE_AND_REGULATORY_ROLE_NOT_EVERY_SITE_IS_EQUITY_EXCHANGE,200,UNKNOWN,AUTHORITATIVE_UNIVERSE_BOUNDARY_AND_ENTITY_IDENTIFICATION,PUBLIC_DIRECTORY_DISCOVERY_AND_FULL_EXPORT
https://WWW.OP.FI,MIC_REGISTERED_SITE,FI,FULL_LISTED_ISSUER_AND_SECURITY_DIRECTORY;FULL_MEMBER_OR_LICENSEE_DIRECTORY;SOURCE_TOTAL_AND_PAGINATION_RECONCILIATION;ISIN_LEI_MIC_LINKING,REVIEW_MARKET_TYPE_AND_REGULATORY_ROLE_NOT_EVERY_SITE_IS_EQUITY_EXCHANGE,200,UNKNOWN,AUTHORITATIVE_UNIVERSE_BOUNDARY_AND_ENTITY_IDENTIFICATION,PUBLIC_DIRECTORY_DISCOVERY_AND_FULL_EXPORT
https://WWW.OPCOM.RO,MIC_REGISTERED_SITE,RO,FULL_LISTED_ISSUER_AND_SECURITY_DIRECTORY;FULL_MEMBER_OR_LICENSEE_DIRECTORY;SOURCE_TOTAL_AND_PAGINATION_RECONCILIATION;ISIN_LEI_MIC_LINKING,REVIEW_MARKET_TYPE_AND_REGULATORY_ROLE_NOT_EVERY_SITE_IS_EQUITY_EXCHANGE,,UNKNOWN,AUTHORITATIVE_UNIVERSE_BOUNDARY_AND_ENTITY_IDENTIFICATION,PUBLIC_DIRECTORY_DISCOVERY_AND_FULL_EXPORT
https://WWW.OPEX.PT,MIC_REGISTERED_SITE,PT,FULL_LISTED_ISSUER_AND_SECURITY_DIRECTORY;FULL_MEMBER_OR_LICENSEE_DIRECTORY;SOURCE_TOTAL_AND_PAGINATION_RECONCILIATION;ISIN_LEI_MIC_LINKING,REVIEW_MARKET_TYPE_AND_REGULATORY_ROLE_NOT_EVERY_SITE_IS_EQUITY_EXCHANGE,,UNKNOWN,AUTHORITATIVE_UNIVERSE_BOUNDARY_AND_ENTITY_IDENTIFICATION,PUBLIC_DIRECTORY_DISCOVERY_AND_FULL_EXPORT
https://WWW.OPRADATA.COM,MIC_REGISTERED_SITE,US,FULL_LISTED_ISSUER_AND_SECURITY_DIRECTORY;FULL_MEMBER_OR_LICENSEE_DIRECTORY;SOURCE_TOTAL_AND_PAGINATION_RECONCILIATION;ISIN_LEI_MIC_LINKING,REVIEW_MARKET_TYPE_AND_REGULATORY_ROLE_NOT_EVERY_SITE_IS_EQUITY_EXCHANGE,,UNKNOWN,AUTHORITATIVE_UNIVERSE_BOUNDARY_AND_ENTITY_IDENTIFICATION,PUBLIC_DIRECTORY_DISCOVERY_AND_FULL_EXPORT
https://WWW.OPTAXE.COM,MIC_REGISTERED_SITE,GB,FULL_LISTED_ISSUER_AND_SECURITY_DIRECTORY;FULL_MEMBER_OR_LICENSEE_DIRECTORY;SOURCE_TOTAL_AND_PAGINATION_RECONCILIATION;ISIN_LEI_MIC_LINKING,REVIEW_MARKET_TYPE_AND_REGULATORY_ROLE_NOT_EVERY_SITE_IS_EQUITY_EXCHANGE,200,UNKNOWN,AUTHORITATIVE_UNIVERSE_BOUNDARY_AND_ENTITY_IDENTIFICATION,PUBLIC_DIRECTORY_DISCOVERY_AND_FULL_EXPORT
https://WWW.OPTEXMARKETS.COM,MIC_REGISTERED_SITE,US,FULL_LISTED_ISSUER_AND_SECURITY_DIRECTORY;FULL_MEMBER_OR_LICENSEE_DIRECTORY;SOURCE_TOTAL_AND_PAGINATION_RECONCILIATION;ISIN_LEI_MIC_LINKING,REVIEW_MARKET_TYPE_AND_REGULATORY_ROLE_NOT_EVERY_SITE_IS_EQUITY_EXCHANGE,200,UNKNOWN,AUTHORITATIVE_UNIVERSE_BOUNDARY_AND_ENTITY_IDENTIFICATION,PUBLIC_DIRECTORY_DISCOVERY_AND_FULL_EXPORT
https://WWW.OPTIMX.COM,MIC_REGISTERED_SITE,US,FULL_LISTED_ISSUER_AND_SECURITY_DIRECTORY;FULL_MEMBER_OR_LICENSEE_DIRECTORY;SOURCE_TOTAL_AND_PAGINATION_RECONCILIATION;ISIN_LEI_MIC_LINKING,REVIEW_MARKET_TYPE_AND_REGULATORY_ROLE_NOT_EVERY_SITE_IS_EQUITY_EXCHANGE,200,UNKNOWN,AUTHORITATIVE_UNIVERSE_BOUNDARY_AND_ENTITY_IDENTIFICATION,PUBLIC_DIRECTORY_DISCOVERY_AND_FULL_EXPORT
https://WWW.OSLOBORS.NO,MIC_REGISTERED_SITE,NO,FULL_LISTED_ISSUER_AND_SECURITY_DIRECTORY;FULL_MEMBER_OR_LICENSEE_DIRECTORY;SOURCE_TOTAL_AND_PAGINATION_RECONCILIATION;ISIN_LEI_MIC_LINKING,REVIEW_MARKET_TYPE_AND_REGULATORY_ROLE_NOT_EVERY_SITE_IS_EQUITY_EXCHANGE,200,UNKNOWN,AUTHORITATIVE_UNIVERSE_BOUNDARY_AND_ENTITY_IDENTIFICATION,PUBLIC_DIRECTORY_DISCOVERY_AND_FULL_EXPORT
https://WWW.OTB.ODESSA.UA,MIC_REGISTERED_SITE,UA,FULL_LISTED_ISSUER_AND_SECURITY_DIRECTORY;FULL_MEMBER_OR_LICENSEE_DIRECTORY;SOURCE_TOTAL_AND_PAGINATION_RECONCILIATION;ISIN_LEI_MIC_LINKING,REVIEW_MARKET_TYPE_AND_REGULATORY_ROLE_NOT_EVERY_SITE_IS_EQUITY_EXCHANGE,,UNKNOWN,AUTHORITATIVE_UNIVERSE_BOUNDARY_AND_ENTITY_IDENTIFICATION,PUBLIC_DIRECTORY_DISCOVERY_AND_FULL_EXPORT
https://WWW.OTC-X.CH,MIC_REGISTERED_SITE,CH,FULL_LISTED_ISSUER_AND_SECURITY_DIRECTORY;FULL_MEMBER_OR_LICENSEE_DIRECTORY;SOURCE_TOTAL_AND_PAGINATION_RECONCILIATION;ISIN_LEI_MIC_LINKING,REVIEW_MARKET_TYPE_AND_REGULATORY_ROLE_NOT_EVERY_SITE_IS_EQUITY_EXCHANGE,200,UNKNOWN,AUTHORITATIVE_UNIVERSE_BOUNDARY_AND_ENTITY_IDENTIFICATION,PUBLIC_DIRECTORY_DISCOVERY_AND_FULL_EXPORT
https://WWW.OTCBB.COM,MIC_REGISTERED_SITE,US,FULL_LISTED_ISSUER_AND_SECURITY_DIRECTORY;FULL_MEMBER_OR_LICENSEE_DIRECTORY;SOURCE_TOTAL_AND_PAGINATION_RECONCILIATION;ISIN_LEI_MIC_LINKING,REVIEW_MARKET_TYPE_AND_REGULATORY_ROLE_NOT_EVERY_SITE_IS_EQUITY_EXCHANGE,,UNKNOWN,AUTHORITATIVE_UNIVERSE_BOUNDARY_AND_ENTITY_IDENTIFICATION,PUBLIC_DIRECTORY_DISCOVERY_AND_FULL_EXPORT
https://WWW.OTCEI.NET,MIC_REGISTERED_SITE,IN,FULL_LISTED_ISSUER_AND_SECURITY_DIRECTORY;FULL_MEMBER_OR_LICENSEE_DIRECTORY;SOURCE_TOTAL_AND_PAGINATION_RECONCILIATION;ISIN_LEI_MIC_LINKING,REVIEW_MARKET_TYPE_AND_REGULATORY_ROLE_NOT_EVERY_SITE_IS_EQUITY_EXCHANGE,,UNKNOWN,AUTHORITATIVE_UNIVERSE_BOUNDARY_AND_ENTITY_IDENTIFICATION,PUBLIC_DIRECTORY_DISCOVERY_AND_FULL_EXPORT
https://WWW.OTCEXGROUP.COM,MIC_REGISTERED_SITE,GB|US,FULL_LISTED_ISSUER_AND_SECURITY_DIRECTORY;FULL_MEMBER_OR_LICENSEE_DIRECTORY;SOURCE_TOTAL_AND_PAGINATION_RECONCILIATION;ISIN_LEI_MIC_LINKING,REVIEW_MARKET_TYPE_AND_REGULATORY_ROLE_NOT_EVERY_SITE_IS_EQUITY_EXCHANGE,200,UNKNOWN,AUTHORITATIVE_UNIVERSE_BOUNDARY_AND_ENTITY_IDENTIFICATION,PUBLIC_DIRECTORY_DISCOVERY_AND_FULL_EXPORT
https://WWW.OTCMARKETS.COM,MIC_REGISTERED_SITE,US,FULL_LISTED_ISSUER_AND_SECURITY_DIRECTORY;FULL_MEMBER_OR_LICENSEE_DIRECTORY;SOURCE_TOTAL_AND_PAGINATION_RECONCILIATION;ISIN_LEI_MIC_LINKING,REVIEW_MARKET_TYPE_AND_REGULATORY_ROLE_NOT_EVERY_SITE_IS_EQUITY_EXCHANGE,200,UNKNOWN,AUTHORITATIVE_UNIVERSE_BOUNDARY_AND_ENTITY_IDENTIFICATION,PUBLIC_DIRECTORY_DISCOVERY_AND_FULL_EXPORT
https://WWW.OTCXTRADING.COM,MIC_REGISTERED_SITE,GB|NL,FULL_LISTED_ISSUER_AND_SECURITY_DIRECTORY;FULL_MEMBER_OR_LICENSEE_DIRECTORY;SOURCE_TOTAL_AND_PAGINATION_RECONCILIATION;ISIN_LEI_MIC_LINKING,REVIEW_MARKET_TYPE_AND_REGULATORY_ROLE_NOT_EVERY_SITE_IS_EQUITY_EXCHANGE,200,UNKNOWN,AUTHORITATIVE_UNIVERSE_BOUNDARY_AND_ENTITY_IDENTIFICATION,PUBLIC_DIRECTORY_DISCOVERY_AND_FULL_EXPORT
https://WWW.OTPBANK.HU,MIC_REGISTERED_SITE,HU,FULL_LISTED_ISSUER_AND_SECURITY_DIRECTORY;FULL_MEMBER_OR_LICENSEE_DIRECTORY;SOURCE_TOTAL_AND_PAGINATION_RECONCILIATION;ISIN_LEI_MIC_LINKING,REVIEW_MARKET_TYPE_AND_REGULATORY_ROLE_NOT_EVERY_SITE_IS_EQUITY_EXCHANGE,200,UNKNOWN,AUTHORITATIVE_UNIVERSE_BOUNDARY_AND_ENTITY_IDENTIFICATION,PUBLIC_DIRECTORY_DISCOVERY_AND_FULL_EXPORT
https://WWW.OTPBANK.RO,MIC_REGISTERED_SITE,RO,FULL_LISTED_ISSUER_AND_SECURITY_DIRECTORY;FULL_MEMBER_OR_LICENSEE_DIRECTORY;SOURCE_TOTAL_AND_PAGINATION_RECONCILIATION;ISIN_LEI_MIC_LINKING,REVIEW_MARKET_TYPE_AND_REGULATORY_ROLE_NOT_EVERY_SITE_IS_EQUITY_EXCHANGE,,UNKNOWN,AUTHORITATIVE_UNIVERSE_BOUNDARY_AND_ENTITY_IDENTIFICATION,PUBLIC_DIRECTORY_DISCOVERY_AND_FULL_EXPORT
https://WWW.OTPBANKA.HR,MIC_REGISTERED_SITE,HR,FULL_LISTED_ISSUER_AND_SECURITY_DIRECTORY;FULL_MEMBER_OR_LICENSEE_DIRECTORY;SOURCE_TOTAL_AND_PAGINATION_RECONCILIATION;ISIN_LEI_MIC_LINKING,REVIEW_MARKET_TYPE_AND_REGULATORY_ROLE_NOT_EVERY_SITE_IS_EQUITY_EXCHANGE,403,UNKNOWN,AUTHORITATIVE_UNIVERSE_BOUNDARY_AND_ENTITY_IDENTIFICATION,PUBLIC_DIRECTORY_DISCOVERY_AND_FULL_EXPORT
https://WWW.PACIFICOTC.COM,MIC_REGISTERED_SITE,VU,FULL_LISTED_ISSUER_AND_SECURITY_DIRECTORY;FULL_MEMBER_OR_LICENSEE_DIRECTORY;SOURCE_TOTAL_AND_PAGINATION_RECONCILIATION;ISIN_LEI_MIC_LINKING,REVIEW_MARKET_TYPE_AND_REGULATORY_ROLE_NOT_EVERY_SITE_IS_EQUITY_EXCHANGE,200,UNKNOWN,AUTHORITATIVE_UNIVERSE_BOUNDARY_AND_ENTITY_IDENTIFICATION,PUBLIC_DIRECTORY_DISCOVERY_AND_FULL_EXPORT
https://WWW.PARFX.COM,MIC_REGISTERED_SITE,GB,FULL_LISTED_ISSUER_AND_SECURITY_DIRECTORY;FULL_MEMBER_OR_LICENSEE_DIRECTORY;SOURCE_TOTAL_AND_PAGINATION_RECONCILIATION;ISIN_LEI_MIC_LINKING,REVIEW_MARKET_TYPE_AND_REGULATORY_ROLE_NOT_EVERY_SITE_IS_EQUITY_EXCHANGE,200,UNKNOWN,AUTHORITATIVE_UNIVERSE_BOUNDARY_AND_ENTITY_IDENTIFICATION,PUBLIC_DIRECTORY_DISCOVERY_AND_FULL_EXPORT
https://WWW.PARKER.COM.PL,MIC_REGISTERED_SITE,PL,FULL_LISTED_ISSUER_AND_SECURITY_DIRECTORY;FULL_MEMBER_OR_LICENSEE_DIRECTORY;SOURCE_TOTAL_AND_PAGINATION_RECONCILIATION;ISIN_LEI_MIC_LINKING,REVIEW_MARKET_TYPE_AND_REGULATORY_ROLE_NOT_EVERY_SITE_IS_EQUITY_EXCHANGE,,UNKNOWN,AUTHORITATIVE_UNIVERSE_BOUNDARY_AND_ENTITY_IDENTIFICATION,PUBLIC_DIRECTORY_DISCOVERY_AND_FULL_EXPORT
https://WWW.PAVEPLATFORM.COM,MIC_REGISTERED_SITE,ES,FULL_LISTED_ISSUER_AND_SECURITY_DIRECTORY;FULL_MEMBER_OR_LICENSEE_DIRECTORY;SOURCE_TOTAL_AND_PAGINATION_RECONCILIATION;ISIN_LEI_MIC_LINKING,REVIEW_MARKET_TYPE_AND_REGULATORY_ROLE_NOT_EVERY_SITE_IS_EQUITY_EXCHANGE,,UNKNOWN,AUTHORITATIVE_UNIVERSE_BOUNDARY_AND_ENTITY_IDENTIFICATION,PUBLIC_DIRECTORY_DISCOVERY_AND_FULL_EXPORT
https://WWW.PAYMIUM.COM,MIC_REGISTERED_SITE,FR,FULL_LISTED_ISSUER_AND_SECURITY_DIRECTORY;FULL_MEMBER_OR_LICENSEE_DIRECTORY;SOURCE_TOTAL_AND_PAGINATION_RECONCILIATION;ISIN_LEI_MIC_LINKING,REVIEW_MARKET_TYPE_AND_REGULATORY_ROLE_NOT_EVERY_SITE_IS_EQUITY_EXCHANGE,,UNKNOWN,AUTHORITATIVE_UNIVERSE_BOUNDARY_AND_ENTITY_IDENTIFICATION,PUBLIC_DIRECTORY_DISCOVERY_AND_FULL_EXPORT
https://WWW.PDEX.COM.PH,MIC_REGISTERED_SITE,PH,FULL_LISTED_ISSUER_AND_SECURITY_DIRECTORY;FULL_MEMBER_OR_LICENSEE_DIRECTORY;SOURCE_TOTAL_AND_PAGINATION_RECONCILIATION;ISIN_LEI_MIC_LINKING,REVIEW_MARKET_TYPE_AND_REGULATORY_ROLE_NOT_EVERY_SITE_IS_EQUITY_EXCHANGE,200,UNKNOWN,AUTHORITATIVE_UNIVERSE_BOUNDARY_AND_ENTITY_IDENTIFICATION,PUBLIC_DIRECTORY_DISCOVERY_AND_FULL_EXPORT
https://WWW.PDQENTERPRISES.COM,MIC_REGISTERED_SITE,US,FULL_LISTED_ISSUER_AND_SECURITY_DIRECTORY;FULL_MEMBER_OR_LICENSEE_DIRECTORY;SOURCE_TOTAL_AND_PAGINATION_RECONCILIATION;ISIN_LEI_MIC_LINKING,REVIEW_MARKET_TYPE_AND_REGULATORY_ROLE_NOT_EVERY_SITE_IS_EQUITY_EXCHANGE,200,UNKNOWN,AUTHORITATIVE_UNIVERSE_BOUNDARY_AND_ENTITY_IDENTIFICATION,PUBLIC_DIRECTORY_DISCOVERY_AND_FULL_EXPORT
https://WWW.PEELHUNT.COM,MIC_REGISTERED_SITE,GB,FULL_LISTED_ISSUER_AND_SECURITY_DIRECTORY;FULL_MEMBER_OR_LICENSEE_DIRECTORY;SOURCE_TOTAL_AND_PAGINATION_RECONCILIATION;ISIN_LEI_MIC_LINKING,REVIEW_MARKET_TYPE_AND_REGULATORY_ROLE_NOT_EVERY_SITE_IS_EQUITY_EXCHANGE,403,UNKNOWN,AUTHORITATIVE_UNIVERSE_BOUNDARY_AND_ENTITY_IDENTIFICATION,PUBLIC_DIRECTORY_DISCOVERY_AND_FULL_EXPORT
https://WWW.PEKAO.COM.PL,MIC_REGISTERED_SITE,PL,FULL_LISTED_ISSUER_AND_SECURITY_DIRECTORY;FULL_MEMBER_OR_LICENSEE_DIRECTORY;SOURCE_TOTAL_AND_PAGINATION_RECONCILIATION;ISIN_LEI_MIC_LINKING,REVIEW_MARKET_TYPE_AND_REGULATORY_ROLE_NOT_EVERY_SITE_IS_EQUITY_EXCHANGE,404,UNKNOWN,AUTHORITATIVE_UNIVERSE_BOUNDARY_AND_ENTITY_IDENTIFICATION,PUBLIC_DIRECTORY_DISCOVERY_AND_FULL_EXPORT
https://WWW.PEPINS.COM,MIC_REGISTERED_SITE,SE,FULL_LISTED_ISSUER_AND_SECURITY_DIRECTORY;FULL_MEMBER_OR_LICENSEE_DIRECTORY;SOURCE_TOTAL_AND_PAGINATION_RECONCILIATION;ISIN_LEI_MIC_LINKING,REVIEW_MARKET_TYPE_AND_REGULATORY_ROLE_NOT_EVERY_SITE_IS_EQUITY_EXCHANGE,421,UNKNOWN,AUTHORITATIVE_UNIVERSE_BOUNDARY_AND_ENTITY_IDENTIFICATION,PUBLIC_DIRECTORY_DISCOVERY_AND_FULL_EXPORT
https://WWW.PERPETUALS.COM,MIC_REGISTERED_SITE,CY,FULL_LISTED_ISSUER_AND_SECURITY_DIRECTORY;FULL_MEMBER_OR_LICENSEE_DIRECTORY;SOURCE_TOTAL_AND_PAGINATION_RECONCILIATION;ISIN_LEI_MIC_LINKING,REVIEW_MARKET_TYPE_AND_REGULATORY_ROLE_NOT_EVERY_SITE_IS_EQUITY_EXCHANGE,200,UNKNOWN,AUTHORITATIVE_UNIVERSE_BOUNDARY_AND_ENTITY_IDENTIFICATION,PUBLIC_DIRECTORY_DISCOVERY_AND_FULL_EXPORT
https://WWW.PEX.PS,MIC_REGISTERED_SITE,PS,FULL_LISTED_ISSUER_AND_SECURITY_DIRECTORY;FULL_MEMBER_OR_LICENSEE_DIRECTORY;SOURCE_TOTAL_AND_PAGINATION_RECONCILIATION;ISIN_LEI_MIC_LINKING,REVIEW_MARKET_TYPE_AND_REGULATORY_ROLE_NOT_EVERY_SITE_IS_EQUITY_EXCHANGE,200,UNKNOWN,AUTHORITATIVE_UNIVERSE_BOUNDARY_AND_ENTITY_IDENTIFICATION,PUBLIC_DIRECTORY_DISCOVERY_AND_FULL_EXPORT
https://WWW.PFIN.CA,MIC_REGISTERED_SITE,CA,FULL_LISTED_ISSUER_AND_SECURITY_DIRECTORY;FULL_MEMBER_OR_LICENSEE_DIRECTORY;SOURCE_TOTAL_AND_PAGINATION_RECONCILIATION;ISIN_LEI_MIC_LINKING,REVIEW_MARKET_TYPE_AND_REGULATORY_ROLE_NOT_EVERY_SITE_IS_EQUITY_EXCHANGE,403,UNKNOWN,AUTHORITATIVE_UNIVERSE_BOUNDARY_AND_ENTITY_IDENTIFICATION,PUBLIC_DIRECTORY_DISCOVERY_AND_FULL_EXPORT
https://WWW.PICTET.COM,MIC_REGISTERED_SITE,DE,FULL_LISTED_ISSUER_AND_SECURITY_DIRECTORY;FULL_MEMBER_OR_LICENSEE_DIRECTORY;SOURCE_TOTAL_AND_PAGINATION_RECONCILIATION;ISIN_LEI_MIC_LINKING,REVIEW_MARKET_TYPE_AND_REGULATORY_ROLE_NOT_EVERY_SITE_IS_EQUITY_EXCHANGE,200,UNKNOWN,AUTHORITATIVE_UNIVERSE_BOUNDARY_AND_ENTITY_IDENTIFICATION,PUBLIC_DIRECTORY_DISCOVERY_AND_FULL_EXPORT
https://WWW.PIPELINETRADING.COM,MIC_REGISTERED_SITE,GB|US,FULL_LISTED_ISSUER_AND_SECURITY_DIRECTORY;FULL_MEMBER_OR_LICENSEE_DIRECTORY;SOURCE_TOTAL_AND_PAGINATION_RECONCILIATION;ISIN_LEI_MIC_LINKING,REVIEW_MARKET_TYPE_AND_REGULATORY_ROLE_NOT_EVERY_SITE_IS_EQUITY_EXCHANGE,200,UNKNOWN,AUTHORITATIVE_UNIVERSE_BOUNDARY_AND_ENTITY_IDENTIFICATION,PUBLIC_DIRECTORY_DISCOVERY_AND_FULL_EXPORT
https://WWW.PIPERSANDLER.COM,MIC_REGISTERED_SITE,US,FULL_LISTED_ISSUER_AND_SECURITY_DIRECTORY;FULL_MEMBER_OR_LICENSEE_DIRECTORY;SOURCE_TOTAL_AND_PAGINATION_RECONCILIATION;ISIN_LEI_MIC_LINKING,REVIEW_MARKET_TYPE_AND_REGULATORY_ROLE_NOT_EVERY_SITE_IS_EQUITY_EXCHANGE,200,UNKNOWN,AUTHORITATIVE_UNIVERSE_BOUNDARY_AND_ENTITY_IDENTIFICATION,PUBLIC_DIRECTORY_DISCOVERY_AND_FULL_EXPORT
https://WWW.PIRAEUSBANK.GR,MIC_REGISTERED_SITE,GR,FULL_LISTED_ISSUER_AND_SECURITY_DIRECTORY;FULL_MEMBER_OR_LICENSEE_DIRECTORY;SOURCE_TOTAL_AND_PAGINATION_RECONCILIATION;ISIN_LEI_MIC_LINKING,REVIEW_MARKET_TYPE_AND_REGULATORY_ROLE_NOT_EVERY_SITE_IS_EQUITY_EXCHANGE,200,UNKNOWN,AUTHORITATIVE_UNIVERSE_BOUNDARY_AND_ENTITY_IDENTIFICATION,PUBLIC_DIRECTORY_DISCOVERY_AND_FULL_EXPORT
https://WWW.PIRUM.COM,MIC_REGISTERED_SITE,GB,FULL_LISTED_ISSUER_AND_SECURITY_DIRECTORY;FULL_MEMBER_OR_LICENSEE_DIRECTORY;SOURCE_TOTAL_AND_PAGINATION_RECONCILIATION;ISIN_LEI_MIC_LINKING,REVIEW_MARKET_TYPE_AND_REGULATORY_ROLE_NOT_EVERY_SITE_IS_EQUITY_EXCHANGE,200,UNKNOWN,AUTHORITATIVE_UNIVERSE_BOUNDARY_AND_ENTITY_IDENTIFICATION,PUBLIC_DIRECTORY_DISCOVERY_AND_FULL_EXPORT
https://WWW.PKOBP.PL,MIC_REGISTERED_SITE,PL,FULL_LISTED_ISSUER_AND_SECURITY_DIRECTORY;FULL_MEMBER_OR_LICENSEE_DIRECTORY;SOURCE_TOTAL_AND_PAGINATION_RECONCILIATION;ISIN_LEI_MIC_LINKING,REVIEW_MARKET_TYPE_AND_REGULATORY_ROLE_NOT_EVERY_SITE_IS_EQUITY_EXCHANGE,,UNKNOWN,AUTHORITATIVE_UNIVERSE_BOUNDARY_AND_ENTITY_IDENTIFICATION,PUBLIC_DIRECTORY_DISCOVERY_AND_FULL_EXPORT
https://WWW.PLUS-DX.COM,MIC_REGISTERED_SITE,GB,FULL_LISTED_ISSUER_AND_SECURITY_DIRECTORY;FULL_MEMBER_OR_LICENSEE_DIRECTORY;SOURCE_TOTAL_AND_PAGINATION_RECONCILIATION;ISIN_LEI_MIC_LINKING,REVIEW_MARKET_TYPE_AND_REGULATORY_ROLE_NOT_EVERY_SITE_IS_EQUITY_EXCHANGE,,UNKNOWN,AUTHORITATIVE_UNIVERSE_BOUNDARY_AND_ENTITY_IDENTIFICATION,PUBLIC_DIRECTORY_DISCOVERY_AND_FULL_EXPORT
https://WWW.PLUS-SX.COM,MIC_REGISTERED_SITE,GB,FULL_LISTED_ISSUER_AND_SECURITY_DIRECTORY;FULL_MEMBER_OR_LICENSEE_DIRECTORY;SOURCE_TOTAL_AND_PAGINATION_RECONCILIATION;ISIN_LEI_MIC_LINKING,REVIEW_MARKET_TYPE_AND_REGULATORY_ROLE_NOT_EVERY_SITE_IS_EQUITY_EXCHANGE,,UNKNOWN,AUTHORITATIVE_UNIVERSE_BOUNDARY_AND_ENTITY_IDENTIFICATION,PUBLIC_DIRECTORY_DISCOVERY_AND_FULL_EXPORT
https://WWW.PMEX.COM.PK,MIC_REGISTERED_SITE,PK,FULL_LISTED_ISSUER_AND_SECURITY_DIRECTORY;FULL_MEMBER_OR_LICENSEE_DIRECTORY;SOURCE_TOTAL_AND_PAGINATION_RECONCILIATION;ISIN_LEI_MIC_LINKING,REVIEW_MARKET_TYPE_AND_REGULATORY_ROLE_NOT_EVERY_SITE_IS_EQUITY_EXCHANGE,403,UNKNOWN,AUTHORITATIVE_UNIVERSE_BOUNDARY_AND_ENTITY_IDENTIFICATION,PUBLIC_DIRECTORY_DISCOVERY_AND_FULL_EXPORT
https://WWW.PNGX.COM.PG,MIC_REGISTERED_SITE,PG,FULL_LISTED_ISSUER_AND_SECURITY_DIRECTORY;FULL_MEMBER_OR_LICENSEE_DIRECTORY;SOURCE_TOTAL_AND_PAGINATION_RECONCILIATION;ISIN_LEI_MIC_LINKING,REVIEW_MARKET_TYPE_AND_REGULATORY_ROLE_NOT_EVERY_SITE_IS_EQUITY_EXCHANGE,200,UNKNOWN,AUTHORITATIVE_UNIVERSE_BOUNDARY_AND_ENTITY_IDENTIFICATION,PUBLIC_DIRECTORY_DISCOVERY_AND_FULL_EXPORT
https://WWW.POCAPITAL.COM.AU,MIC_REGISTERED_SITE,AU,FULL_LISTED_ISSUER_AND_SECURITY_DIRECTORY;FULL_MEMBER_OR_LICENSEE_DIRECTORY;SOURCE_TOTAL_AND_PAGINATION_RECONCILIATION;ISIN_LEI_MIC_LINKING,REVIEW_MARKET_TYPE_AND_REGULATORY_ROLE_NOT_EVERY_SITE_IS_EQUITY_EXCHANGE,,UNKNOWN,AUTHORITATIVE_UNIVERSE_BOUNDARY_AND_ENTITY_IDENTIFICATION,PUBLIC_DIRECTORY_DISCOVERY_AND_FULL_EXPORT
https://WWW.POCHODNE.GPW.PL,MIC_REGISTERED_SITE,PL,FULL_LISTED_ISSUER_AND_SECURITY_DIRECTORY;FULL_MEMBER_OR_LICENSEE_DIRECTORY;SOURCE_TOTAL_AND_PAGINATION_RECONCILIATION;ISIN_LEI_MIC_LINKING,REVIEW_MARKET_TYPE_AND_REGULATORY_ROLE_NOT_EVERY_SITE_IS_EQUITY_EXCHANGE,,UNKNOWN,AUTHORITATIVE_UNIVERSE_BOUNDARY_AND_ENTITY_IDENTIFICATION,PUBLIC_DIRECTORY_DISCOVERY_AND_FULL_EXPORT
https://WWW.POEE.GPW.PL,MIC_REGISTERED_SITE,PL,FULL_LISTED_ISSUER_AND_SECURITY_DIRECTORY;FULL_MEMBER_OR_LICENSEE_DIRECTORY;SOURCE_TOTAL_AND_PAGINATION_RECONCILIATION;ISIN_LEI_MIC_LINKING,REVIEW_MARKET_TYPE_AND_REGULATORY_ROLE_NOT_EVERY_SITE_IS_EQUITY_EXCHANGE,,UNKNOWN,AUTHORITATIVE_UNIVERSE_BOUNDARY_AND_ENTITY_IDENTIFICATION,PUBLIC_DIRECTORY_DISCOVERY_AND_FULL_EXPORT
https://WWW.POLISHTRADINGPOINT.COM,MIC_REGISTERED_SITE,PL,FULL_LISTED_ISSUER_AND_SECURITY_DIRECTORY;FULL_MEMBER_OR_LICENSEE_DIRECTORY;SOURCE_TOTAL_AND_PAGINATION_RECONCILIATION;ISIN_LEI_MIC_LINKING,REVIEW_MARKET_TYPE_AND_REGULATORY_ROLE_NOT_EVERY_SITE_IS_EQUITY_EXCHANGE,,UNKNOWN,AUTHORITATIVE_UNIVERSE_BOUNDARY_AND_ENTITY_IDENTIFICATION,PUBLIC_DIRECTORY_DISCOVERY_AND_FULL_EXPORT
https://WWW.PORTFOLIO.EXCHANGE,MIC_REGISTERED_SITE,ES,FULL_LISTED_ISSUER_AND_SECURITY_DIRECTORY;FULL_MEMBER_OR_LICENSEE_DIRECTORY;SOURCE_TOTAL_AND_PAGINATION_RECONCILIATION;ISIN_LEI_MIC_LINKING,REVIEW_MARKET_TYPE_AND_REGULATORY_ROLE_NOT_EVERY_SITE_IS_EQUITY_EXCHANGE,200,UNKNOWN,AUTHORITATIVE_UNIVERSE_BOUNDARY_AND_ENTITY_IDENTIFICATION,PUBLIC_DIRECTORY_DISCOVERY_AND_FULL_EXPORT
https://WWW.POTAMUSTRADING.COM,MIC_REGISTERED_SITE,US,FULL_LISTED_ISSUER_AND_SECURITY_DIRECTORY;FULL_MEMBER_OR_LICENSEE_DIRECTORY;SOURCE_TOTAL_AND_PAGINATION_RECONCILIATION;ISIN_LEI_MIC_LINKING,REVIEW_MARKET_TYPE_AND_REGULATORY_ROLE_NOT_EVERY_SITE_IS_EQUITY_EXCHANGE,200,UNKNOWN,AUTHORITATIVE_UNIVERSE_BOUNDARY_AND_ENTITY_IDENTIFICATION,PUBLIC_DIRECTORY_DISCOVERY_AND_FULL_EXPORT
https://WWW.POWEREXINDIA.COM,MIC_REGISTERED_SITE,IN,FULL_LISTED_ISSUER_AND_SECURITY_DIRECTORY;FULL_MEMBER_OR_LICENSEE_DIRECTORY;SOURCE_TOTAL_AND_PAGINATION_RECONCILIATION;ISIN_LEI_MIC_LINKING,REVIEW_MARKET_TYPE_AND_REGULATORY_ROLE_NOT_EVERY_SITE_IS_EQUITY_EXCHANGE,403,UNKNOWN,AUTHORITATIVE_UNIVERSE_BOUNDARY_AND_ENTITY_IDENTIFICATION,PUBLIC_DIRECTORY_DISCOVERY_AND_FULL_EXPORT
https://WWW.POWERNEXT.FR,MIC_REGISTERED_SITE,FR,FULL_LISTED_ISSUER_AND_SECURITY_DIRECTORY;FULL_MEMBER_OR_LICENSEE_DIRECTORY;SOURCE_TOTAL_AND_PAGINATION_RECONCILIATION;ISIN_LEI_MIC_LINKING,REVIEW_MARKET_TYPE_AND_REGULATORY_ROLE_NOT_EVERY_SITE_IS_EQUITY_EXCHANGE,,UNKNOWN,AUTHORITATIVE_UNIVERSE_BOUNDARY_AND_ENTITY_IDENTIFICATION,PUBLIC_DIRECTORY_DISCOVERY_AND_FULL_EXPORT
https://WWW.PRAGMATRADING.COM,MIC_REGISTERED_SITE,US,FULL_LISTED_ISSUER_AND_SECURITY_DIRECTORY;FULL_MEMBER_OR_LICENSEE_DIRECTORY;SOURCE_TOTAL_AND_PAGINATION_RECONCILIATION;ISIN_LEI_MIC_LINKING,REVIEW_MARKET_TYPE_AND_REGULATORY_ROLE_NOT_EVERY_SITE_IS_EQUITY_EXCHANGE,200,UNKNOWN,AUTHORITATIVE_UNIVERSE_BOUNDARY_AND_ENTITY_IDENTIFICATION,PUBLIC_DIRECTORY_DISCOVERY_AND_FULL_EXPORT
https://WWW.PROPERTYPARTNER.CO,MIC_REGISTERED_SITE,GB,FULL_LISTED_ISSUER_AND_SECURITY_DIRECTORY;FULL_MEMBER_OR_LICENSEE_DIRECTORY;SOURCE_TOTAL_AND_PAGINATION_RECONCILIATION;ISIN_LEI_MIC_LINKING,REVIEW_MARKET_TYPE_AND_REGULATORY_ROLE_NOT_EVERY_SITE_IS_EQUITY_EXCHANGE,200,UNKNOWN,AUTHORITATIVE_UNIVERSE_BOUNDARY_AND_ENTITY_IDENTIFICATION,PUBLIC_DIRECTORY_DISCOVERY_AND_FULL_EXPORT
https://WWW.PROPEX.CO.UK,MIC_REGISTERED_SITE,GB,FULL_LISTED_ISSUER_AND_SECURITY_DIRECTORY;FULL_MEMBER_OR_LICENSEE_DIRECTORY;SOURCE_TOTAL_AND_PAGINATION_RECONCILIATION;ISIN_LEI_MIC_LINKING,REVIEW_MARKET_TYPE_AND_REGULATORY_ROLE_NOT_EVERY_SITE_IS_EQUITY_EXCHANGE,403,UNKNOWN,AUTHORITATIVE_UNIVERSE_BOUNDARY_AND_ENTITY_IDENTIFICATION,PUBLIC_DIRECTORY_DISCOVERY_AND_FULL_EXPORT
https://WWW.PROVABLEMARKETS.COM,MIC_REGISTERED_SITE,US,FULL_LISTED_ISSUER_AND_SECURITY_DIRECTORY;FULL_MEMBER_OR_LICENSEE_DIRECTORY;SOURCE_TOTAL_AND_PAGINATION_RECONCILIATION;ISIN_LEI_MIC_LINKING,REVIEW_MARKET_TYPE_AND_REGULATORY_ROLE_NOT_EVERY_SITE_IS_EQUITY_EXCHANGE,200,UNKNOWN,AUTHORITATIVE_UNIVERSE_BOUNDARY_AND_ENTITY_IDENTIFICATION,PUBLIC_DIRECTORY_DISCOVERY_AND_FULL_EXPORT
https://WWW.PSE.COM.PH,MIC_REGISTERED_SITE,PH,FULL_LISTED_ISSUER_AND_SECURITY_DIRECTORY;FULL_MEMBER_OR_LICENSEE_DIRECTORY;SOURCE_TOTAL_AND_PAGINATION_RECONCILIATION;ISIN_LEI_MIC_LINKING,REVIEW_MARKET_TYPE_AND_REGULATORY_ROLE_NOT_EVERY_SITE_IS_EQUITY_EXCHANGE,200,UNKNOWN,AUTHORITATIVE_UNIVERSE_BOUNDARY_AND_ENTITY_IDENTIFICATION,PUBLIC_DIRECTORY_DISCOVERY_AND_FULL_EXPORT
https://WWW.PSE.CZ,MIC_REGISTERED_SITE,CZ,FULL_LISTED_ISSUER_AND_SECURITY_DIRECTORY;FULL_MEMBER_OR_LICENSEE_DIRECTORY;SOURCE_TOTAL_AND_PAGINATION_RECONCILIATION;ISIN_LEI_MIC_LINKING,REVIEW_MARKET_TYPE_AND_REGULATORY_ROLE_NOT_EVERY_SITE_IS_EQUITY_EXCHANGE,,UNKNOWN,AUTHORITATIVE_UNIVERSE_BOUNDARY_AND_ENTITY_IDENTIFICATION,PUBLIC_DIRECTORY_DISCOVERY_AND_FULL_EXPORT
https://WWW.PSX.COM.PK,MIC_REGISTERED_SITE,PK,FULL_LISTED_ISSUER_AND_SECURITY_DIRECTORY;FULL_MEMBER_OR_LICENSEE_DIRECTORY;SOURCE_TOTAL_AND_PAGINATION_RECONCILIATION;ISIN_LEI_MIC_LINKING,REVIEW_MARKET_TYPE_AND_REGULATORY_ROLE_NOT_EVERY_SITE_IS_EQUITY_EXCHANGE,200,UNKNOWN,AUTHORITATIVE_UNIVERSE_BOUNDARY_AND_ENTITY_IDENTIFICATION,PUBLIC_DIRECTORY_DISCOVERY_AND_FULL_EXPORT
https://WWW.PUMACAP.COM,MIC_REGISTERED_SITE,US,FULL_LISTED_ISSUER_AND_SECURITY_DIRECTORY;FULL_MEMBER_OR_LICENSEE_DIRECTORY;SOURCE_TOTAL_AND_PAGINATION_RECONCILIATION;ISIN_LEI_MIC_LINKING,REVIEW_MARKET_TYPE_AND_REGULATORY_ROLE_NOT_EVERY_SITE_IS_EQUITY_EXCHANGE,200,UNKNOWN,AUTHORITATIVE_UNIVERSE_BOUNDARY_AND_ENTITY_IDENTIFICATION,PUBLIC_DIRECTORY_DISCOVERY_AND_FULL_EXPORT
https://WWW.PUNDION.COM,MIC_REGISTERED_SITE,US,FULL_LISTED_ISSUER_AND_SECURITY_DIRECTORY;FULL_MEMBER_OR_LICENSEE_DIRECTORY;SOURCE_TOTAL_AND_PAGINATION_RECONCILIATION;ISIN_LEI_MIC_LINKING,REVIEW_MARKET_TYPE_AND_REGULATORY_ROLE_NOT_EVERY_SITE_IS_EQUITY_EXCHANGE,,UNKNOWN,AUTHORITATIVE_UNIVERSE_BOUNDARY_AND_ENTITY_IDENTIFICATION,PUBLIC_DIRECTORY_DISCOVERY_AND_FULL_EXPORT
https://WWW.PURESTREAM.TECH,MIC_REGISTERED_SITE,US,FULL_LISTED_ISSUER_AND_SECURITY_DIRECTORY;FULL_MEMBER_OR_LICENSEE_DIRECTORY;SOURCE_TOTAL_AND_PAGINATION_RECONCILIATION;ISIN_LEI_MIC_LINKING,REVIEW_MARKET_TYPE_AND_REGULATORY_ROLE_NOT_EVERY_SITE_IS_EQUITY_EXCHANGE,200,UNKNOWN,AUTHORITATIVE_UNIVERSE_BOUNDARY_AND_ENTITY_IDENTIFICATION,PUBLIC_DIRECTORY_DISCOVERY_AND_FULL_EXPORT
https://WWW.PXE.CZ,MIC_REGISTERED_SITE,CZ,FULL_LISTED_ISSUER_AND_SECURITY_DIRECTORY;FULL_MEMBER_OR_LICENSEE_DIRECTORY;SOURCE_TOTAL_AND_PAGINATION_RECONCILIATION;ISIN_LEI_MIC_LINKING,REVIEW_MARKET_TYPE_AND_REGULATORY_ROLE_NOT_EVERY_SITE_IS_EQUITY_EXCHANGE,200,UNKNOWN,AUTHORITATIVE_UNIVERSE_BOUNDARY_AND_ENTITY_IDENTIFICATION,PUBLIC_DIRECTORY_DISCOVERY_AND_FULL_EXPORT
https://WWW.QATAREXCHANGE.QA,MIC_REGISTERED_SITE,QA,FULL_LISTED_ISSUER_AND_SECURITY_DIRECTORY;FULL_MEMBER_OR_LICENSEE_DIRECTORY;SOURCE_TOTAL_AND_PAGINATION_RECONCILIATION;ISIN_LEI_MIC_LINKING,REVIEW_MARKET_TYPE_AND_REGULATORY_ROLE_NOT_EVERY_SITE_IS_EQUITY_EXCHANGE,,UNKNOWN,AUTHORITATIVE_UNIVERSE_BOUNDARY_AND_ENTITY_IDENTIFICATION,PUBLIC_DIRECTORY_DISCOVERY_AND_FULL_EXPORT
https://WWW.QUADRISERV.COM,MIC_REGISTERED_SITE,US,FULL_LISTED_ISSUER_AND_SECURITY_DIRECTORY;FULL_MEMBER_OR_LICENSEE_DIRECTORY;SOURCE_TOTAL_AND_PAGINATION_RECONCILIATION;ISIN_LEI_MIC_LINKING,REVIEW_MARKET_TYPE_AND_REGULATORY_ROLE_NOT_EVERY_SITE_IS_EQUITY_EXCHANGE,,UNKNOWN,AUTHORITATIVE_UNIVERSE_BOUNDARY_AND_ENTITY_IDENTIFICATION,PUBLIC_DIRECTORY_DISCOVERY_AND_FULL_EXPORT
https://WWW.QUINTET.COM,MIC_REGISTERED_SITE,LU,FULL_LISTED_ISSUER_AND_SECURITY_DIRECTORY;FULL_MEMBER_OR_LICENSEE_DIRECTORY;SOURCE_TOTAL_AND_PAGINATION_RECONCILIATION;ISIN_LEI_MIC_LINKING,REVIEW_MARKET_TYPE_AND_REGULATORY_ROLE_NOT_EVERY_SITE_IS_EQUITY_EXCHANGE,200,UNKNOWN,AUTHORITATIVE_UNIVERSE_BOUNDARY_AND_ENTITY_IDENTIFICATION,PUBLIC_DIRECTORY_DISCOVERY_AND_FULL_EXPORT
https://WWW.QUOTEMTF.COM,MIC_REGISTERED_SITE,HU,FULL_LISTED_ISSUER_AND_SECURITY_DIRECTORY;FULL_MEMBER_OR_LICENSEE_DIRECTORY;SOURCE_TOTAL_AND_PAGINATION_RECONCILIATION;ISIN_LEI_MIC_LINKING,REVIEW_MARKET_TYPE_AND_REGULATORY_ROLE_NOT_EVERY_SITE_IS_EQUITY_EXCHANGE,,UNKNOWN,AUTHORITATIVE_UNIVERSE_BOUNDARY_AND_ENTITY_IDENTIFICATION,PUBLIC_DIRECTORY_DISCOVERY_AND_FULL_EXPORT
https://WWW.QWICKROUTE.COM,MIC_REGISTERED_SITE,US,FULL_LISTED_ISSUER_AND_SECURITY_DIRECTORY;FULL_MEMBER_OR_LICENSEE_DIRECTORY;SOURCE_TOTAL_AND_PAGINATION_RECONCILIATION;ISIN_LEI_MIC_LINKING,REVIEW_MARKET_TYPE_AND_REGULATORY_ROLE_NOT_EVERY_SITE_IS_EQUITY_EXCHANGE,404,UNKNOWN,AUTHORITATIVE_UNIVERSE_BOUNDARY_AND_ENTITY_IDENTIFICATION,PUBLIC_DIRECTORY_DISCOVERY_AND_FULL_EXPORT
https://WWW.QWIXX.COM,MIC_REGISTERED_SITE,GB,FULL_LISTED_ISSUER_AND_SECURITY_DIRECTORY;FULL_MEMBER_OR_LICENSEE_DIRECTORY;SOURCE_TOTAL_AND_PAGINATION_RECONCILIATION;ISIN_LEI_MIC_LINKING,REVIEW_MARKET_TYPE_AND_REGULATORY_ROLE_NOT_EVERY_SITE_IS_EQUITY_EXCHANGE,200,UNKNOWN,AUTHORITATIVE_UNIVERSE_BOUNDARY_AND_ENTITY_IDENTIFICATION,PUBLIC_DIRECTORY_DISCOVERY_AND_FULL_EXPORT
https://WWW.R5FX.COM,MIC_REGISTERED_SITE,GB,FULL_LISTED_ISSUER_AND_SECURITY_DIRECTORY;FULL_MEMBER_OR_LICENSEE_DIRECTORY;SOURCE_TOTAL_AND_PAGINATION_RECONCILIATION;ISIN_LEI_MIC_LINKING,REVIEW_MARKET_TYPE_AND_REGULATORY_ROLE_NOT_EVERY_SITE_IS_EQUITY_EXCHANGE,,UNKNOWN,AUTHORITATIVE_UNIVERSE_BOUNDARY_AND_ENTITY_IDENTIFICATION,PUBLIC_DIRECTORY_DISCOVERY_AND_FULL_EXPORT
https://WWW.RABOBANK.COM,MIC_REGISTERED_SITE,GB|NL,FULL_LISTED_ISSUER_AND_SECURITY_DIRECTORY;FULL_MEMBER_OR_LICENSEE_DIRECTORY;SOURCE_TOTAL_AND_PAGINATION_RECONCILIATION;ISIN_LEI_MIC_LINKING,REVIEW_MARKET_TYPE_AND_REGULATORY_ROLE_NOT_EVERY_SITE_IS_EQUITY_EXCHANGE,403,UNKNOWN,AUTHORITATIVE_UNIVERSE_BOUNDARY_AND_ENTITY_IDENTIFICATION,PUBLIC_DIRECTORY_DISCOVERY_AND_FULL_EXPORT
https://WWW.RAIFFEISEN.HU,MIC_REGISTERED_SITE,HU,FULL_LISTED_ISSUER_AND_SECURITY_DIRECTORY;FULL_MEMBER_OR_LICENSEE_DIRECTORY;SOURCE_TOTAL_AND_PAGINATION_RECONCILIATION;ISIN_LEI_MIC_LINKING,REVIEW_MARKET_TYPE_AND_REGULATORY_ROLE_NOT_EVERY_SITE_IS_EQUITY_EXCHANGE,200,UNKNOWN,AUTHORITATIVE_UNIVERSE_BOUNDARY_AND_ENTITY_IDENTIFICATION,PUBLIC_DIRECTORY_DISCOVERY_AND_FULL_EXPORT
https://WWW.RAIFFEISEN.RO,MIC_REGISTERED_SITE,RO,FULL_LISTED_ISSUER_AND_SECURITY_DIRECTORY;FULL_MEMBER_OR_LICENSEE_DIRECTORY;SOURCE_TOTAL_AND_PAGINATION_RECONCILIATION;ISIN_LEI_MIC_LINKING,REVIEW_MARKET_TYPE_AND_REGULATORY_ROLE_NOT_EVERY_SITE_IS_EQUITY_EXCHANGE,200,UNKNOWN,AUTHORITATIVE_UNIVERSE_BOUNDARY_AND_ENTITY_IDENTIFICATION,PUBLIC_DIRECTORY_DISCOVERY_AND_FULL_EXPORT
https://WWW.RAILBIRDEXCHANGE.COM,MIC_REGISTERED_SITE,US,FULL_LISTED_ISSUER_AND_SECURITY_DIRECTORY;FULL_MEMBER_OR_LICENSEE_DIRECTORY;SOURCE_TOTAL_AND_PAGINATION_RECONCILIATION;ISIN_LEI_MIC_LINKING,REVIEW_MARKET_TYPE_AND_REGULATORY_ROLE_NOT_EVERY_SITE_IS_EQUITY_EXCHANGE,200,UNKNOWN,AUTHORITATIVE_UNIVERSE_BOUNDARY_AND_ENTITY_IDENTIFICATION,PUBLIC_DIRECTORY_DISCOVERY_AND_FULL_EXPORT
https://WWW.RAYMONDJAMES.COM,MIC_REGISTERED_SITE,US,FULL_LISTED_ISSUER_AND_SECURITY_DIRECTORY;FULL_MEMBER_OR_LICENSEE_DIRECTORY;SOURCE_TOTAL_AND_PAGINATION_RECONCILIATION;ISIN_LEI_MIC_LINKING,REVIEW_MARKET_TYPE_AND_REGULATORY_ROLE_NOT_EVERY_SITE_IS_EQUITY_EXCHANGE,,UNKNOWN,AUTHORITATIVE_UNIVERSE_BOUNDARY_AND_ENTITY_IDENTIFICATION,PUBLIC_DIRECTORY_DISCOVERY_AND_FULL_EXPORT
https://WWW.RB.CZ,MIC_REGISTERED_SITE,CZ,FULL_LISTED_ISSUER_AND_SECURITY_DIRECTORY;FULL_MEMBER_OR_LICENSEE_DIRECTORY;SOURCE_TOTAL_AND_PAGINATION_RECONCILIATION;ISIN_LEI_MIC_LINKING,REVIEW_MARKET_TYPE_AND_REGULATORY_ROLE_NOT_EVERY_SITE_IS_EQUITY_EXCHANGE,200,UNKNOWN,AUTHORITATIVE_UNIVERSE_BOUNDARY_AND_ENTITY_IDENTIFICATION,PUBLIC_DIRECTORY_DISCOVERY_AND_FULL_EXPORT
https://WWW.RBC.COM,MIC_REGISTERED_SITE,DE|FR|GB|US,FULL_LISTED_ISSUER_AND_SECURITY_DIRECTORY;FULL_MEMBER_OR_LICENSEE_DIRECTORY;SOURCE_TOTAL_AND_PAGINATION_RECONCILIATION;ISIN_LEI_MIC_LINKING,REVIEW_MARKET_TYPE_AND_REGULATORY_ROLE_NOT_EVERY_SITE_IS_EQUITY_EXCHANGE,200,UNKNOWN,AUTHORITATIVE_UNIVERSE_BOUNDARY_AND_ENTITY_IDENTIFICATION,PUBLIC_DIRECTORY_DISCOVERY_AND_FULL_EXPORT
https://WWW.RBCCM.COM,MIC_REGISTERED_SITE,US,FULL_LISTED_ISSUER_AND_SECURITY_DIRECTORY;FULL_MEMBER_OR_LICENSEE_DIRECTORY;SOURCE_TOTAL_AND_PAGINATION_RECONCILIATION;ISIN_LEI_MIC_LINKING,REVIEW_MARKET_TYPE_AND_REGULATORY_ROLE_NOT_EVERY_SITE_IS_EQUITY_EXCHANGE,200,UNKNOWN,AUTHORITATIVE_UNIVERSE_BOUNDARY_AND_ENTITY_IDENTIFICATION,PUBLIC_DIRECTORY_DISCOVERY_AND_FULL_EXPORT
https://WWW.RBCITS.COM,MIC_REGISTERED_SITE,GB|LU,FULL_LISTED_ISSUER_AND_SECURITY_DIRECTORY;FULL_MEMBER_OR_LICENSEE_DIRECTORY;SOURCE_TOTAL_AND_PAGINATION_RECONCILIATION;ISIN_LEI_MIC_LINKING,REVIEW_MARKET_TYPE_AND_REGULATORY_ROLE_NOT_EVERY_SITE_IS_EQUITY_EXCHANGE,200,UNKNOWN,AUTHORITATIVE_UNIVERSE_BOUNDARY_AND_ENTITY_IDENTIFICATION,PUBLIC_DIRECTORY_DISCOVERY_AND_FULL_EXPORT
https://WWW.RBINTERNATIONAL.COM,MIC_REGISTERED_SITE,AT,FULL_LISTED_ISSUER_AND_SECURITY_DIRECTORY;FULL_MEMBER_OR_LICENSEE_DIRECTORY;SOURCE_TOTAL_AND_PAGINATION_RECONCILIATION;ISIN_LEI_MIC_LINKING,REVIEW_MARKET_TYPE_AND_REGULATORY_ROLE_NOT_EVERY_SITE_IS_EQUITY_EXCHANGE,,UNKNOWN,AUTHORITATIVE_UNIVERSE_BOUNDARY_AND_ENTITY_IDENTIFICATION,PUBLIC_DIRECTORY_DISCOVERY_AND_FULL_EXPORT
https://WWW.RBS.COM,MIC_REGISTERED_SITE,GB|NL,FULL_LISTED_ISSUER_AND_SECURITY_DIRECTORY;FULL_MEMBER_OR_LICENSEE_DIRECTORY;SOURCE_TOTAL_AND_PAGINATION_RECONCILIATION;ISIN_LEI_MIC_LINKING,REVIEW_MARKET_TYPE_AND_REGULATORY_ROLE_NOT_EVERY_SITE_IS_EQUITY_EXCHANGE,200,UNKNOWN,AUTHORITATIVE_UNIVERSE_BOUNDARY_AND_ENTITY_IDENTIFICATION,PUBLIC_DIRECTORY_DISCOVERY_AND_FULL_EXPORT
https://WWW.RCB.AT,MIC_REGISTERED_SITE,AT,FULL_LISTED_ISSUER_AND_SECURITY_DIRECTORY;FULL_MEMBER_OR_LICENSEE_DIRECTORY;SOURCE_TOTAL_AND_PAGINATION_RECONCILIATION;ISIN_LEI_MIC_LINKING,REVIEW_MARKET_TYPE_AND_REGULATORY_ROLE_NOT_EVERY_SITE_IS_EQUITY_EXCHANGE,200,UNKNOWN,AUTHORITATIVE_UNIVERSE_BOUNDARY_AND_ENTITY_IDENTIFICATION,PUBLIC_DIRECTORY_DISCOVERY_AND_FULL_EXPORT
https://WWW.REFINITIV.COM,MIC_REGISTERED_SITE,GB|IE|IN|SG|US,FULL_LISTED_ISSUER_AND_SECURITY_DIRECTORY;FULL_MEMBER_OR_LICENSEE_DIRECTORY;SOURCE_TOTAL_AND_PAGINATION_RECONCILIATION;ISIN_LEI_MIC_LINKING,REVIEW_MARKET_TYPE_AND_REGULATORY_ROLE_NOT_EVERY_SITE_IS_EQUITY_EXCHANGE,200,UNKNOWN,AUTHORITATIVE_UNIVERSE_BOUNDARY_AND_ENTITY_IDENTIFICATION,PUBLIC_DIRECTORY_DISCOVERY_AND_FULL_EXPORT
https://WWW.REFINITIV.COM/EN/PRODUCTS/FXALL-ELECTRONIC-TRADING-PLATFORM,MIC_REGISTERED_SITE,GB|IE|IN|SG|US,FULL_LISTED_ISSUER_AND_SECURITY_DIRECTORY;FULL_MEMBER_OR_LICENSEE_DIRECTORY;SOURCE_TOTAL_AND_PAGINATION_RECONCILIATION;ISIN_LEI_MIC_LINKING,REVIEW_MARKET_TYPE_AND_REGULATORY_ROLE_NOT_EVERY_SITE_IS_EQUITY_EXCHANGE,404,UNKNOWN,AUTHORITATIVE_UNIVERSE_BOUNDARY_AND_ENTITY_IDENTIFICATION,PUBLIC_DIRECTORY_DISCOVERY_AND_FULL_EXPORT
https://WWW.REFINITIV.COM/EN/PRODUCTS/SEF-SWAP-EXECUTION-FACILITY,MIC_REGISTERED_SITE,GB|IE|IN|SG|US,FULL_LISTED_ISSUER_AND_SECURITY_DIRECTORY;FULL_MEMBER_OR_LICENSEE_DIRECTORY;SOURCE_TOTAL_AND_PAGINATION_RECONCILIATION;ISIN_LEI_MIC_LINKING,REVIEW_MARKET_TYPE_AND_REGULATORY_ROLE_NOT_EVERY_SITE_IS_EQUITY_EXCHANGE,404,UNKNOWN,AUTHORITATIVE_UNIVERSE_BOUNDARY_AND_ENTITY_IDENTIFICATION,PUBLIC_DIRECTORY_DISCOVERY_AND_FULL_EXPORT
https://WWW.REFINVEST.MANAGEMENT,MIC_REGISTERED_SITE,AE,FULL_LISTED_ISSUER_AND_SECURITY_DIRECTORY;FULL_MEMBER_OR_LICENSEE_DIRECTORY;SOURCE_TOTAL_AND_PAGINATION_RECONCILIATION;ISIN_LEI_MIC_LINKING,REVIEW_MARKET_TYPE_AND_REGULATORY_ROLE_NOT_EVERY_SITE_IS_EQUITY_EXCHANGE,200,UNKNOWN,AUTHORITATIVE_UNIVERSE_BOUNDARY_AND_ENTITY_IDENTIFICATION,PUBLIC_DIRECTORY_DISCOVERY_AND_FULL_EXPORT
https://WWW.RENCAP.COM,MIC_REGISTERED_SITE,CY,FULL_LISTED_ISSUER_AND_SECURITY_DIRECTORY;FULL_MEMBER_OR_LICENSEE_DIRECTORY;SOURCE_TOTAL_AND_PAGINATION_RECONCILIATION;ISIN_LEI_MIC_LINKING,REVIEW_MARKET_TYPE_AND_REGULATORY_ROLE_NOT_EVERY_SITE_IS_EQUITY_EXCHANGE,200,UNKNOWN,AUTHORITATIVE_UNIVERSE_BOUNDARY_AND_ENTITY_IDENTIFICATION,PUBLIC_DIRECTORY_DISCOVERY_AND_FULL_EXPORT
https://WWW.RESET.NET,MIC_REGISTERED_SITE,NL,FULL_LISTED_ISSUER_AND_SECURITY_DIRECTORY;FULL_MEMBER_OR_LICENSEE_DIRECTORY;SOURCE_TOTAL_AND_PAGINATION_RECONCILIATION;ISIN_LEI_MIC_LINKING,REVIEW_MARKET_TYPE_AND_REGULATORY_ROLE_NOT_EVERY_SITE_IS_EQUITY_EXCHANGE,,UNKNOWN,AUTHORITATIVE_UNIVERSE_BOUNDARY_AND_ENTITY_IDENTIFICATION,PUBLIC_DIRECTORY_DISCOVERY_AND_FULL_EXPORT
https://WWW.REUTERS.COM,MIC_REGISTERED_SITE,GB,FULL_LISTED_ISSUER_AND_SECURITY_DIRECTORY;FULL_MEMBER_OR_LICENSEE_DIRECTORY;SOURCE_TOTAL_AND_PAGINATION_RECONCILIATION;ISIN_LEI_MIC_LINKING,REVIEW_MARKET_TYPE_AND_REGULATORY_ROLE_NOT_EVERY_SITE_IS_EQUITY_EXCHANGE,401,UNKNOWN,AUTHORITATIVE_UNIVERSE_BOUNDARY_AND_ENTITY_IDENTIFICATION,PUBLIC_DIRECTORY_DISCOVERY_AND_FULL_EXPORT
https://WWW.REVOLUT.COM/EN-CY/CRYPTO/,MIC_REGISTERED_SITE,CY,FULL_LISTED_ISSUER_AND_SECURITY_DIRECTORY;FULL_MEMBER_OR_LICENSEE_DIRECTORY;SOURCE_TOTAL_AND_PAGINATION_RECONCILIATION;ISIN_LEI_MIC_LINKING,REVIEW_MARKET_TYPE_AND_REGULATORY_ROLE_NOT_EVERY_SITE_IS_EQUITY_EXCHANGE,403,UNKNOWN,AUTHORITATIVE_UNIVERSE_BOUNDARY_AND_ENTITY_IDENTIFICATION,PUBLIC_DIRECTORY_DISCOVERY_AND_FULL_EXPORT
https://WWW.RLBOOE.AT,MIC_REGISTERED_SITE,AT,FULL_LISTED_ISSUER_AND_SECURITY_DIRECTORY;FULL_MEMBER_OR_LICENSEE_DIRECTORY;SOURCE_TOTAL_AND_PAGINATION_RECONCILIATION;ISIN_LEI_MIC_LINKING,REVIEW_MARKET_TYPE_AND_REGULATORY_ROLE_NOT_EVERY_SITE_IS_EQUITY_EXCHANGE,404,UNKNOWN,AUTHORITATIVE_UNIVERSE_BOUNDARY_AND_ENTITY_IDENTIFICATION,PUBLIC_DIRECTORY_DISCOVERY_AND_FULL_EXPORT
https://WWW.RMB.CO.ZA/SOLUTION/EQUITY-SALES-TRADING-AND-RESEARCH,MIC_REGISTERED_SITE,ZA,FULL_LISTED_ISSUER_AND_SECURITY_DIRECTORY;FULL_MEMBER_OR_LICENSEE_DIRECTORY;SOURCE_TOTAL_AND_PAGINATION_RECONCILIATION;ISIN_LEI_MIC_LINKING,REVIEW_MARKET_TYPE_AND_REGULATORY_ROLE_NOT_EVERY_SITE_IS_EQUITY_EXCHANGE,200,UNKNOWN,AUTHORITATIVE_UNIVERSE_BOUNDARY_AND_ENTITY_IDENTIFICATION,PUBLIC_DIRECTORY_DISCOVERY_AND_FULL_EXPORT
https://WWW.RMSYSTEM.CZ,MIC_REGISTERED_SITE,CZ,FULL_LISTED_ISSUER_AND_SECURITY_DIRECTORY;FULL_MEMBER_OR_LICENSEE_DIRECTORY;SOURCE_TOTAL_AND_PAGINATION_RECONCILIATION;ISIN_LEI_MIC_LINKING,REVIEW_MARKET_TYPE_AND_REGULATORY_ROLE_NOT_EVERY_SITE_IS_EQUITY_EXCHANGE,200,UNKNOWN,AUTHORITATIVE_UNIVERSE_BOUNDARY_AND_ENTITY_IDENTIFICATION,PUBLIC_DIRECTORY_DISCOVERY_AND_FULL_EXPORT
https://WWW.ROTHERA.IO,MIC_REGISTERED_SITE,US,FULL_LISTED_ISSUER_AND_SECURITY_DIRECTORY;FULL_MEMBER_OR_LICENSEE_DIRECTORY;SOURCE_TOTAL_AND_PAGINATION_RECONCILIATION;ISIN_LEI_MIC_LINKING,REVIEW_MARKET_TYPE_AND_REGULATORY_ROLE_NOT_EVERY_SITE_IS_EQUITY_EXCHANGE,200,UNKNOWN,AUTHORITATIVE_UNIVERSE_BOUNDARY_AND_ENTITY_IDENTIFICATION,PUBLIC_DIRECTORY_DISCOVERY_AND_FULL_EXPORT
https://WWW.RSE.RW,MIC_REGISTERED_SITE,RW,FULL_LISTED_ISSUER_AND_SECURITY_DIRECTORY;FULL_MEMBER_OR_LICENSEE_DIRECTORY;SOURCE_TOTAL_AND_PAGINATION_RECONCILIATION;ISIN_LEI_MIC_LINKING,REVIEW_MARKET_TYPE_AND_REGULATORY_ROLE_NOT_EVERY_SITE_IS_EQUITY_EXCHANGE,,UNKNOWN,AUTHORITATIVE_UNIVERSE_BOUNDARY_AND_ENTITY_IDENTIFICATION,PUBLIC_DIRECTORY_DISCOVERY_AND_FULL_EXPORT
https://WWW.RTXFINTECH.COM,MIC_REGISTERED_SITE,US,FULL_LISTED_ISSUER_AND_SECURITY_DIRECTORY;FULL_MEMBER_OR_LICENSEE_DIRECTORY;SOURCE_TOTAL_AND_PAGINATION_RECONCILIATION;ISIN_LEI_MIC_LINKING,REVIEW_MARKET_TYPE_AND_REGULATORY_ROLE_NOT_EVERY_SITE_IS_EQUITY_EXCHANGE,,UNKNOWN,AUTHORITATIVE_UNIVERSE_BOUNDARY_AND_ENTITY_IDENTIFICATION,PUBLIC_DIRECTORY_DISCOVERY_AND_FULL_EXPORT
https://WWW.RULEMATCH.COM,MIC_REGISTERED_SITE,CH|LI,FULL_LISTED_ISSUER_AND_SECURITY_DIRECTORY;FULL_MEMBER_OR_LICENSEE_DIRECTORY;SOURCE_TOTAL_AND_PAGINATION_RECONCILIATION;ISIN_LEI_MIC_LINKING,REVIEW_MARKET_TYPE_AND_REGULATORY_ROLE_NOT_EVERY_SITE_IS_EQUITY_EXCHANGE,200,UNKNOWN,AUTHORITATIVE_UNIVERSE_BOUNDARY_AND_ENTITY_IDENTIFICATION,PUBLIC_DIRECTORY_DISCOVERY_AND_FULL_EXPORT
https://WWW.RULEMATCH.COM/EUROPE/,MIC_REGISTERED_SITE,CH|LI,FULL_LISTED_ISSUER_AND_SECURITY_DIRECTORY;FULL_MEMBER_OR_LICENSEE_DIRECTORY;SOURCE_TOTAL_AND_PAGINATION_RECONCILIATION;ISIN_LEI_MIC_LINKING,REVIEW_MARKET_TYPE_AND_REGULATORY_ROLE_NOT_EVERY_SITE_IS_EQUITY_EXCHANGE,200,UNKNOWN,AUTHORITATIVE_UNIVERSE_BOUNDARY_AND_ENTITY_IDENTIFICATION,PUBLIC_DIRECTORY_DISCOVERY_AND_FULL_EXPORT
https://WWW.RVS.AT,MIC_REGISTERED_SITE,AT,FULL_LISTED_ISSUER_AND_SECURITY_DIRECTORY;FULL_MEMBER_OR_LICENSEE_DIRECTORY;SOURCE_TOTAL_AND_PAGINATION_RECONCILIATION;ISIN_LEI_MIC_LINKING,REVIEW_MARKET_TYPE_AND_REGULATORY_ROLE_NOT_EVERY_SITE_IS_EQUITY_EXCHANGE,404,UNKNOWN,AUTHORITATIVE_UNIVERSE_BOUNDARY_AND_ENTITY_IDENTIFICATION,PUBLIC_DIRECTORY_DISCOVERY_AND_FULL_EXPORT
https://WWW.RXATS.COM,MIC_REGISTERED_SITE,US,FULL_LISTED_ISSUER_AND_SECURITY_DIRECTORY;FULL_MEMBER_OR_LICENSEE_DIRECTORY;SOURCE_TOTAL_AND_PAGINATION_RECONCILIATION;ISIN_LEI_MIC_LINKING,REVIEW_MARKET_TYPE_AND_REGULATORY_ROLE_NOT_EVERY_SITE_IS_EQUITY_EXCHANGE,,UNKNOWN,AUTHORITATIVE_UNIVERSE_BOUNDARY_AND_ENTITY_IDENTIFICATION,PUBLIC_DIRECTORY_DISCOVERY_AND_FULL_EXPORT
https://WWW.S-PIMEX.RU,MIC_REGISTERED_SITE,RU,FULL_LISTED_ISSUER_AND_SECURITY_DIRECTORY;FULL_MEMBER_OR_LICENSEE_DIRECTORY;SOURCE_TOTAL_AND_PAGINATION_RECONCILIATION;ISIN_LEI_MIC_LINKING,REVIEW_MARKET_TYPE_AND_REGULATORY_ROLE_NOT_EVERY_SITE_IS_EQUITY_EXCHANGE,,UNKNOWN,AUTHORITATIVE_UNIVERSE_BOUNDARY_AND_ENTITY_IDENTIFICATION,PUBLIC_DIRECTORY_DISCOVERY_AND_FULL_EXPORT
https://WWW.SAFEX.CO.ZA,MIC_REGISTERED_SITE,ZA,FULL_LISTED_ISSUER_AND_SECURITY_DIRECTORY;FULL_MEMBER_OR_LICENSEE_DIRECTORY;SOURCE_TOTAL_AND_PAGINATION_RECONCILIATION;ISIN_LEI_MIC_LINKING,REVIEW_MARKET_TYPE_AND_REGULATORY_ROLE_NOT_EVERY_SITE_IS_EQUITY_EXCHANGE,,UNKNOWN,AUTHORITATIVE_UNIVERSE_BOUNDARY_AND_ENTITY_IDENTIFICATION,PUBLIC_DIRECTORY_DISCOVERY_AND_FULL_EXPORT
https://WWW.SAGETRADER.COM,MIC_REGISTERED_SITE,US,FULL_LISTED_ISSUER_AND_SECURITY_DIRECTORY;FULL_MEMBER_OR_LICENSEE_DIRECTORY;SOURCE_TOTAL_AND_PAGINATION_RECONCILIATION;ISIN_LEI_MIC_LINKING,REVIEW_MARKET_TYPE_AND_REGULATORY_ROLE_NOT_EVERY_SITE_IS_EQUITY_EXCHANGE,200,UNKNOWN,AUTHORITATIVE_UNIVERSE_BOUNDARY_AND_ENTITY_IDENTIFICATION,PUBLIC_DIRECTORY_DISCOVERY_AND_FULL_EXPORT
https://WWW.SANTANDER.CO.UK,MIC_REGISTERED_SITE,GB,FULL_LISTED_ISSUER_AND_SECURITY_DIRECTORY;FULL_MEMBER_OR_LICENSEE_DIRECTORY;SOURCE_TOTAL_AND_PAGINATION_RECONCILIATION;ISIN_LEI_MIC_LINKING,REVIEW_MARKET_TYPE_AND_REGULATORY_ROLE_NOT_EVERY_SITE_IS_EQUITY_EXCHANGE,200,UNKNOWN,AUTHORITATIVE_UNIVERSE_BOUNDARY_AND_ENTITY_IDENTIFICATION,PUBLIC_DIRECTORY_DISCOVERY_AND_FULL_EXPORT
https://WWW.SANTANDER.COM,MIC_REGISTERED_SITE,ES|GB,FULL_LISTED_ISSUER_AND_SECURITY_DIRECTORY;FULL_MEMBER_OR_LICENSEE_DIRECTORY;SOURCE_TOTAL_AND_PAGINATION_RECONCILIATION;ISIN_LEI_MIC_LINKING,REVIEW_MARKET_TYPE_AND_REGULATORY_ROLE_NOT_EVERY_SITE_IS_EQUITY_EXCHANGE,200,UNKNOWN,AUTHORITATIVE_UNIVERSE_BOUNDARY_AND_ENTITY_IDENTIFICATION,PUBLIC_DIRECTORY_DISCOVERY_AND_FULL_EXPORT
https://WWW.SANTANDERGCB.CO.UK,MIC_REGISTERED_SITE,GB,FULL_LISTED_ISSUER_AND_SECURITY_DIRECTORY;FULL_MEMBER_OR_LICENSEE_DIRECTORY;SOURCE_TOTAL_AND_PAGINATION_RECONCILIATION;ISIN_LEI_MIC_LINKING,REVIEW_MARKET_TYPE_AND_REGULATORY_ROLE_NOT_EVERY_SITE_IS_EQUITY_EXCHANGE,,UNKNOWN,AUTHORITATIVE_UNIVERSE_BOUNDARY_AND_ENTITY_IDENTIFICATION,PUBLIC_DIRECTORY_DISCOVERY_AND_FULL_EXPORT
https://WWW.SASE.BA,MIC_REGISTERED_SITE,BA,FULL_LISTED_ISSUER_AND_SECURITY_DIRECTORY;FULL_MEMBER_OR_LICENSEE_DIRECTORY;SOURCE_TOTAL_AND_PAGINATION_RECONCILIATION;ISIN_LEI_MIC_LINKING,REVIEW_MARKET_TYPE_AND_REGULATORY_ROLE_NOT_EVERY_SITE_IS_EQUITY_EXCHANGE,200,UNKNOWN,AUTHORITATIVE_UNIVERSE_BOUNDARY_AND_ENTITY_IDENTIFICATION,PUBLIC_DIRECTORY_DISCOVERY_AND_FULL_EXPORT
https://WWW.SB1MARKETS.NO,MIC_REGISTERED_SITE,NO,FULL_LISTED_ISSUER_AND_SECURITY_DIRECTORY;FULL_MEMBER_OR_LICENSEE_DIRECTORY;SOURCE_TOTAL_AND_PAGINATION_RECONCILIATION;ISIN_LEI_MIC_LINKING,REVIEW_MARKET_TYPE_AND_REGULATORY_ROLE_NOT_EVERY_SITE_IS_EQUITY_EXCHANGE,200,UNKNOWN,AUTHORITATIVE_UNIVERSE_BOUNDARY_AND_ENTITY_IDENTIFICATION,PUBLIC_DIRECTORY_DISCOVERY_AND_FULL_EXPORT
https://WWW.SC.COM,MIC_REGISTERED_SITE,DE|GB,FULL_LISTED_ISSUER_AND_SECURITY_DIRECTORY;FULL_MEMBER_OR_LICENSEE_DIRECTORY;SOURCE_TOTAL_AND_PAGINATION_RECONCILIATION;ISIN_LEI_MIC_LINKING,REVIEW_MARKET_TYPE_AND_REGULATORY_ROLE_NOT_EVERY_SITE_IS_EQUITY_EXCHANGE,200,UNKNOWN,AUTHORITATIVE_UNIVERSE_BOUNDARY_AND_ENTITY_IDENTIFICATION,PUBLIC_DIRECTORY_DISCOVERY_AND_FULL_EXPORT
https://WWW.SC.COM/DE,MIC_REGISTERED_SITE,DE|GB,FULL_LISTED_ISSUER_AND_SECURITY_DIRECTORY;FULL_MEMBER_OR_LICENSEE_DIRECTORY;SOURCE_TOTAL_AND_PAGINATION_RECONCILIATION;ISIN_LEI_MIC_LINKING,REVIEW_MARKET_TYPE_AND_REGULATORY_ROLE_NOT_EVERY_SITE_IS_EQUITY_EXCHANGE,200,UNKNOWN,AUTHORITATIVE_UNIVERSE_BOUNDARY_AND_ENTITY_IDENTIFICATION,PUBLIC_DIRECTORY_DISCOVERY_AND_FULL_EXPORT
https://WWW.SCHNEIDERTRADING.COM,MIC_REGISTERED_SITE,GB,FULL_LISTED_ISSUER_AND_SECURITY_DIRECTORY;FULL_MEMBER_OR_LICENSEE_DIRECTORY;SOURCE_TOTAL_AND_PAGINATION_RECONCILIATION;ISIN_LEI_MIC_LINKING,REVIEW_MARKET_TYPE_AND_REGULATORY_ROLE_NOT_EVERY_SITE_IS_EQUITY_EXCHANGE,,UNKNOWN,AUTHORITATIVE_UNIVERSE_BOUNDARY_AND_ENTITY_IDENTIFICATION,PUBLIC_DIRECTORY_DISCOVERY_AND_FULL_EXPORT
https://WWW.SCIEX.RU,MIC_REGISTERED_SITE,RU,FULL_LISTED_ISSUER_AND_SECURITY_DIRECTORY;FULL_MEMBER_OR_LICENSEE_DIRECTORY;SOURCE_TOTAL_AND_PAGINATION_RECONCILIATION;ISIN_LEI_MIC_LINKING,REVIEW_MARKET_TYPE_AND_REGULATORY_ROLE_NOT_EVERY_SITE_IS_EQUITY_EXCHANGE,,UNKNOWN,AUTHORITATIVE_UNIVERSE_BOUNDARY_AND_ENTITY_IDENTIFICATION,PUBLIC_DIRECTORY_DISCOVERY_AND_FULL_EXPORT
https://WWW.SCOTIABANK.COM,MIC_REGISTERED_SITE,CA|GB|IE,FULL_LISTED_ISSUER_AND_SECURITY_DIRECTORY;FULL_MEMBER_OR_LICENSEE_DIRECTORY;SOURCE_TOTAL_AND_PAGINATION_RECONCILIATION;ISIN_LEI_MIC_LINKING,REVIEW_MARKET_TYPE_AND_REGULATORY_ROLE_NOT_EVERY_SITE_IS_EQUITY_EXCHANGE,200,UNKNOWN,AUTHORITATIVE_UNIVERSE_BOUNDARY_AND_ENTITY_IDENTIFICATION,PUBLIC_DIRECTORY_DISCOVERY_AND_FULL_EXPORT
https://WWW.SEB.LT,MIC_REGISTERED_SITE,LT,FULL_LISTED_ISSUER_AND_SECURITY_DIRECTORY;FULL_MEMBER_OR_LICENSEE_DIRECTORY;SOURCE_TOTAL_AND_PAGINATION_RECONCILIATION;ISIN_LEI_MIC_LINKING,REVIEW_MARKET_TYPE_AND_REGULATORY_ROLE_NOT_EVERY_SITE_IS_EQUITY_EXCHANGE,,UNKNOWN,AUTHORITATIVE_UNIVERSE_BOUNDARY_AND_ENTITY_IDENTIFICATION,PUBLIC_DIRECTORY_DISCOVERY_AND_FULL_EXPORT
https://WWW.SEB.SE,MIC_REGISTERED_SITE,SE,FULL_LISTED_ISSUER_AND_SECURITY_DIRECTORY;FULL_MEMBER_OR_LICENSEE_DIRECTORY;SOURCE_TOTAL_AND_PAGINATION_RECONCILIATION;ISIN_LEI_MIC_LINKING,REVIEW_MARKET_TYPE_AND_REGULATORY_ROLE_NOT_EVERY_SITE_IS_EQUITY_EXCHANGE,200,UNKNOWN,AUTHORITATIVE_UNIVERSE_BOUNDARY_AND_ENTITY_IDENTIFICATION,PUBLIC_DIRECTORY_DISCOVERY_AND_FULL_EXPORT
https://WWW.SECDEX.NET,MIC_REGISTERED_SITE,SC,FULL_LISTED_ISSUER_AND_SECURITY_DIRECTORY;FULL_MEMBER_OR_LICENSEE_DIRECTORY;SOURCE_TOTAL_AND_PAGINATION_RECONCILIATION;ISIN_LEI_MIC_LINKING,REVIEW_MARKET_TYPE_AND_REGULATORY_ROLE_NOT_EVERY_SITE_IS_EQUITY_EXCHANGE,200,UNKNOWN,AUTHORITATIVE_UNIVERSE_BOUNDARY_AND_ENTITY_IDENTIFICATION,PUBLIC_DIRECTORY_DISCOVERY_AND_FULL_EXPORT
https://WWW.SECFINEX.COM,MIC_REGISTERED_SITE,GB,FULL_LISTED_ISSUER_AND_SECURITY_DIRECTORY;FULL_MEMBER_OR_LICENSEE_DIRECTORY;SOURCE_TOTAL_AND_PAGINATION_RECONCILIATION;ISIN_LEI_MIC_LINKING,REVIEW_MARKET_TYPE_AND_REGULATORY_ROLE_NOT_EVERY_SITE_IS_EQUITY_EXCHANGE,,UNKNOWN,AUTHORITATIVE_UNIVERSE_BOUNDARY_AND_ENTITY_IDENTIFICATION,PUBLIC_DIRECTORY_DISCOVERY_AND_FULL_EXPORT
https://WWW.SECURITIES.BNPPARIBAS.COM,MIC_REGISTERED_SITE,FR|GB,FULL_LISTED_ISSUER_AND_SECURITY_DIRECTORY;FULL_MEMBER_OR_LICENSEE_DIRECTORY;SOURCE_TOTAL_AND_PAGINATION_RECONCILIATION;ISIN_LEI_MIC_LINKING,REVIEW_MARKET_TYPE_AND_REGULATORY_ROLE_NOT_EVERY_SITE_IS_EQUITY_EXCHANGE,,UNKNOWN,AUTHORITATIVE_UNIVERSE_BOUNDARY_AND_ENTITY_IDENTIFICATION,PUBLIC_DIRECTORY_DISCOVERY_AND_FULL_EXPORT
https://WWW.SEEDCX.COM,MIC_REGISTERED_SITE,US,FULL_LISTED_ISSUER_AND_SECURITY_DIRECTORY;FULL_MEMBER_OR_LICENSEE_DIRECTORY;SOURCE_TOTAL_AND_PAGINATION_RECONCILIATION;ISIN_LEI_MIC_LINKING,REVIEW_MARKET_TYPE_AND_REGULATORY_ROLE_NOT_EVERY_SITE_IS_EQUITY_EXCHANGE,,UNKNOWN,AUTHORITATIVE_UNIVERSE_BOUNDARY_AND_ENTITY_IDENTIFICATION,PUBLIC_DIRECTORY_DISCOVERY_AND_FULL_EXPORT
https://WWW.SEEDRS.COM/SECONDARY-MARKET,MIC_REGISTERED_SITE,GB,FULL_LISTED_ISSUER_AND_SECURITY_DIRECTORY;FULL_MEMBER_OR_LICENSEE_DIRECTORY;SOURCE_TOTAL_AND_PAGINATION_RECONCILIATION;ISIN_LEI_MIC_LINKING,REVIEW_MARKET_TYPE_AND_REGULATORY_ROLE_NOT_EVERY_SITE_IS_EQUITY_EXCHANGE,404,UNKNOWN,AUTHORITATIVE_UNIVERSE_BOUNDARY_AND_ENTITY_IDENTIFICATION,PUBLIC_DIRECTORY_DISCOVERY_AND_FULL_EXPORT
https://WWW.SEM-O.COM,MIC_REGISTERED_SITE,IE,FULL_LISTED_ISSUER_AND_SECURITY_DIRECTORY;FULL_MEMBER_OR_LICENSEE_DIRECTORY;SOURCE_TOTAL_AND_PAGINATION_RECONCILIATION;ISIN_LEI_MIC_LINKING,REVIEW_MARKET_TYPE_AND_REGULATORY_ROLE_NOT_EVERY_SITE_IS_EQUITY_EXCHANGE,200,UNKNOWN,AUTHORITATIVE_UNIVERSE_BOUNDARY_AND_ENTITY_IDENTIFICATION,PUBLIC_DIRECTORY_DISCOVERY_AND_FULL_EXPORT
https://WWW.SET.OR.TH,MIC_REGISTERED_SITE,TH,FULL_LISTED_ISSUER_AND_SECURITY_DIRECTORY;FULL_MEMBER_OR_LICENSEE_DIRECTORY;SOURCE_TOTAL_AND_PAGINATION_RECONCILIATION;ISIN_LEI_MIC_LINKING,REVIEW_MARKET_TYPE_AND_REGULATORY_ROLE_NOT_EVERY_SITE_IS_EQUITY_EXCHANGE,200,UNKNOWN,AUTHORITATIVE_UNIVERSE_BOUNDARY_AND_ENTITY_IDENTIFICATION,PUBLIC_DIRECTORY_DISCOVERY_AND_FULL_EXPORT
https://WWW.SFE.COM.AU,MIC_REGISTERED_SITE,AU,FULL_LISTED_ISSUER_AND_SECURITY_DIRECTORY;FULL_MEMBER_OR_LICENSEE_DIRECTORY;SOURCE_TOTAL_AND_PAGINATION_RECONCILIATION;ISIN_LEI_MIC_LINKING,REVIEW_MARKET_TYPE_AND_REGULATORY_ROLE_NOT_EVERY_SITE_IS_EQUITY_EXCHANGE,,UNKNOWN,AUTHORITATIVE_UNIVERSE_BOUNDARY_AND_ENTITY_IDENTIFICATION,PUBLIC_DIRECTORY_DISCOVERY_AND_FULL_EXPORT
https://WWW.SFOX.COM,MIC_REGISTERED_SITE,US,FULL_LISTED_ISSUER_AND_SECURITY_DIRECTORY;FULL_MEMBER_OR_LICENSEE_DIRECTORY;SOURCE_TOTAL_AND_PAGINATION_RECONCILIATION;ISIN_LEI_MIC_LINKING,REVIEW_MARKET_TYPE_AND_REGULATORY_ROLE_NOT_EVERY_SITE_IS_EQUITY_EXCHANGE,200,UNKNOWN,AUTHORITATIVE_UNIVERSE_BOUNDARY_AND_ENTITY_IDENTIFICATION,PUBLIC_DIRECTORY_DISCOVERY_AND_FULL_EXPORT
https://WWW.SG.OSL.COM,MIC_REGISTERED_SITE,SG,FULL_LISTED_ISSUER_AND_SECURITY_DIRECTORY;FULL_MEMBER_OR_LICENSEE_DIRECTORY;SOURCE_TOTAL_AND_PAGINATION_RECONCILIATION;ISIN_LEI_MIC_LINKING,REVIEW_MARKET_TYPE_AND_REGULATORY_ROLE_NOT_EVERY_SITE_IS_EQUITY_EXCHANGE,,UNKNOWN,AUTHORITATIVE_UNIVERSE_BOUNDARY_AND_ENTITY_IDENTIFICATION,PUBLIC_DIRECTORY_DISCOVERY_AND_FULL_EXPORT
https://WWW.SGBV.DZ,MIC_REGISTERED_SITE,DZ,FULL_LISTED_ISSUER_AND_SECURITY_DIRECTORY;FULL_MEMBER_OR_LICENSEE_DIRECTORY;SOURCE_TOTAL_AND_PAGINATION_RECONCILIATION;ISIN_LEI_MIC_LINKING,REVIEW_MARKET_TYPE_AND_REGULATORY_ROLE_NOT_EVERY_SITE_IS_EQUITY_EXCHANGE,200,UNKNOWN,AUTHORITATIVE_UNIVERSE_BOUNDARY_AND_ENTITY_IDENTIFICATION,PUBLIC_DIRECTORY_DISCOVERY_AND_FULL_EXPORT
https://WWW.SGCIB.COM,MIC_REGISTERED_SITE,FR|US,FULL_LISTED_ISSUER_AND_SECURITY_DIRECTORY;FULL_MEMBER_OR_LICENSEE_DIRECTORY;SOURCE_TOTAL_AND_PAGINATION_RECONCILIATION;ISIN_LEI_MIC_LINKING,REVIEW_MARKET_TYPE_AND_REGULATORY_ROLE_NOT_EVERY_SITE_IS_EQUITY_EXCHANGE,,UNKNOWN,AUTHORITATIVE_UNIVERSE_BOUNDARY_AND_ENTITY_IDENTIFICATION,PUBLIC_DIRECTORY_DISCOVERY_AND_FULL_EXPORT
https://WWW.SGE.SH,MIC_REGISTERED_SITE,CN,FULL_LISTED_ISSUER_AND_SECURITY_DIRECTORY;FULL_MEMBER_OR_LICENSEE_DIRECTORY;SOURCE_TOTAL_AND_PAGINATION_RECONCILIATION;ISIN_LEI_MIC_LINKING,REVIEW_MARKET_TYPE_AND_REGULATORY_ROLE_NOT_EVERY_SITE_IS_EQUITY_EXCHANGE,,UNKNOWN,AUTHORITATIVE_UNIVERSE_BOUNDARY_AND_ENTITY_IDENTIFICATION,PUBLIC_DIRECTORY_DISCOVERY_AND_FULL_EXPORT
https://WWW.SGX.COM,MIC_REGISTERED_SITE,GB|NL|SG,FULL_LISTED_ISSUER_AND_SECURITY_DIRECTORY;FULL_MEMBER_OR_LICENSEE_DIRECTORY;SOURCE_TOTAL_AND_PAGINATION_RECONCILIATION;ISIN_LEI_MIC_LINKING,REVIEW_MARKET_TYPE_AND_REGULATORY_ROLE_NOT_EVERY_SITE_IS_EQUITY_EXCHANGE,200,UNKNOWN,AUTHORITATIVE_UNIVERSE_BOUNDARY_AND_ENTITY_IDENTIFICATION,PUBLIC_DIRECTORY_DISCOVERY_AND_FULL_EXPORT
https://WWW.SGX.COM/FX/,MIC_REGISTERED_SITE,GB|NL|SG,FULL_LISTED_ISSUER_AND_SECURITY_DIRECTORY;FULL_MEMBER_OR_LICENSEE_DIRECTORY;SOURCE_TOTAL_AND_PAGINATION_RECONCILIATION;ISIN_LEI_MIC_LINKING,REVIEW_MARKET_TYPE_AND_REGULATORY_ROLE_NOT_EVERY_SITE_IS_EQUITY_EXCHANGE,200,UNKNOWN,AUTHORITATIVE_UNIVERSE_BOUNDARY_AND_ENTITY_IDENTIFICATION,PUBLIC_DIRECTORY_DISCOVERY_AND_FULL_EXPORT
https://WWW.SHAREMARK.COM,MIC_REGISTERED_SITE,GB,FULL_LISTED_ISSUER_AND_SECURITY_DIRECTORY;FULL_MEMBER_OR_LICENSEE_DIRECTORY;SOURCE_TOTAL_AND_PAGINATION_RECONCILIATION;ISIN_LEI_MIC_LINKING,REVIEW_MARKET_TYPE_AND_REGULATORY_ROLE_NOT_EVERY_SITE_IS_EQUITY_EXCHANGE,,UNKNOWN,AUTHORITATIVE_UNIVERSE_BOUNDARY_AND_ENTITY_IDENTIFICATION,PUBLIC_DIRECTORY_DISCOVERY_AND_FULL_EXPORT
https://WWW.SHFE.COM.CN,MIC_REGISTERED_SITE,CN,FULL_LISTED_ISSUER_AND_SECURITY_DIRECTORY;FULL_MEMBER_OR_LICENSEE_DIRECTORY;SOURCE_TOTAL_AND_PAGINATION_RECONCILIATION;ISIN_LEI_MIC_LINKING,REVIEW_MARKET_TYPE_AND_REGULATORY_ROLE_NOT_EVERY_SITE_IS_EQUITY_EXCHANGE,,UNKNOWN,AUTHORITATIVE_UNIVERSE_BOUNDARY_AND_ENTITY_IDENTIFICATION,PUBLIC_DIRECTORY_DISCOVERY_AND_FULL_EXPORT
https://WWW.SIB.COM.CY,MIC_REGISTERED_SITE,CY,FULL_LISTED_ISSUER_AND_SECURITY_DIRECTORY;FULL_MEMBER_OR_LICENSEE_DIRECTORY;SOURCE_TOTAL_AND_PAGINATION_RECONCILIATION;ISIN_LEI_MIC_LINKING,REVIEW_MARKET_TYPE_AND_REGULATORY_ROLE_NOT_EVERY_SITE_IS_EQUITY_EXCHANGE,,UNKNOWN,AUTHORITATIVE_UNIVERSE_BOUNDARY_AND_ENTITY_IDENTIFICATION,PUBLIC_DIRECTORY_DISCOVERY_AND_FULL_EXPORT
https://WWW.SIBEX.RO,MIC_REGISTERED_SITE,RO,FULL_LISTED_ISSUER_AND_SECURITY_DIRECTORY;FULL_MEMBER_OR_LICENSEE_DIRECTORY;SOURCE_TOTAL_AND_PAGINATION_RECONCILIATION;ISIN_LEI_MIC_LINKING,REVIEW_MARKET_TYPE_AND_REGULATORY_ROLE_NOT_EVERY_SITE_IS_EQUITY_EXCHANGE,,UNKNOWN,AUTHORITATIVE_UNIVERSE_BOUNDARY_AND_ENTITY_IDENTIFICATION,PUBLIC_DIRECTORY_DISCOVERY_AND_FULL_EXPORT
https://WWW.SIBEX.RU,MIC_REGISTERED_SITE,RU,FULL_LISTED_ISSUER_AND_SECURITY_DIRECTORY;FULL_MEMBER_OR_LICENSEE_DIRECTORY;SOURCE_TOTAL_AND_PAGINATION_RECONCILIATION;ISIN_LEI_MIC_LINKING,REVIEW_MARKET_TYPE_AND_REGULATORY_ROLE_NOT_EVERY_SITE_IS_EQUITY_EXCHANGE,,UNKNOWN,AUTHORITATIVE_UNIVERSE_BOUNDARY_AND_ENTITY_IDENTIFICATION,PUBLIC_DIRECTORY_DISCOVERY_AND_FULL_EXPORT
https://WWW.SIEGEFX.COM,MIC_REGISTERED_SITE,GB,FULL_LISTED_ISSUER_AND_SECURITY_DIRECTORY;FULL_MEMBER_OR_LICENSEE_DIRECTORY;SOURCE_TOTAL_AND_PAGINATION_RECONCILIATION;ISIN_LEI_MIC_LINKING,REVIEW_MARKET_TYPE_AND_REGULATORY_ROLE_NOT_EVERY_SITE_IS_EQUITY_EXCHANGE,200,UNKNOWN,AUTHORITATIVE_UNIVERSE_BOUNDARY_AND_ENTITY_IDENTIFICATION,PUBLIC_DIRECTORY_DISCOVERY_AND_FULL_EXPORT
https://WWW.SIENTER.SI,MIC_REGISTERED_SITE,SI,FULL_LISTED_ISSUER_AND_SECURITY_DIRECTORY;FULL_MEMBER_OR_LICENSEE_DIRECTORY;SOURCE_TOTAL_AND_PAGINATION_RECONCILIATION;ISIN_LEI_MIC_LINKING,REVIEW_MARKET_TYPE_AND_REGULATORY_ROLE_NOT_EVERY_SITE_IS_EQUITY_EXCHANGE,200,UNKNOWN,AUTHORITATIVE_UNIVERSE_BOUNDARY_AND_ENTITY_IDENTIFICATION,PUBLIC_DIRECTORY_DISCOVERY_AND_FULL_EXPORT
https://WWW.SIMVSE.COM.AU,MIC_REGISTERED_SITE,AU,FULL_LISTED_ISSUER_AND_SECURITY_DIRECTORY;FULL_MEMBER_OR_LICENSEE_DIRECTORY;SOURCE_TOTAL_AND_PAGINATION_RECONCILIATION;ISIN_LEI_MIC_LINKING,REVIEW_MARKET_TYPE_AND_REGULATORY_ROLE_NOT_EVERY_SITE_IS_EQUITY_EXCHANGE,200,UNKNOWN,AUTHORITATIVE_UNIVERSE_BOUNDARY_AND_ENTITY_IDENTIFICATION,PUBLIC_DIRECTORY_DISCOVERY_AND_FULL_EXPORT
https://WWW.SIX-GROUP.COM/EN/SITE/EXCHANGES.HTML,MIC_REGISTERED_SITE,CH,FULL_LISTED_ISSUER_AND_SECURITY_DIRECTORY;FULL_MEMBER_OR_LICENSEE_DIRECTORY;SOURCE_TOTAL_AND_PAGINATION_RECONCILIATION;ISIN_LEI_MIC_LINKING,REVIEW_MARKET_TYPE_AND_REGULATORY_ROLE_NOT_EVERY_SITE_IS_EQUITY_EXCHANGE,404,UNKNOWN,AUTHORITATIVE_UNIVERSE_BOUNDARY_AND_ENTITY_IDENTIFICATION,PUBLIC_DIRECTORY_DISCOVERY_AND_FULL_EXPORT
https://WWW.SIX-REPO.COM,MIC_REGISTERED_SITE,CH,FULL_LISTED_ISSUER_AND_SECURITY_DIRECTORY;FULL_MEMBER_OR_LICENSEE_DIRECTORY;SOURCE_TOTAL_AND_PAGINATION_RECONCILIATION;ISIN_LEI_MIC_LINKING,REVIEW_MARKET_TYPE_AND_REGULATORY_ROLE_NOT_EVERY_SITE_IS_EQUITY_EXCHANGE,200,UNKNOWN,AUTHORITATIVE_UNIVERSE_BOUNDARY_AND_ENTITY_IDENTIFICATION,PUBLIC_DIRECTORY_DISCOVERY_AND_FULL_EXPORT
https://WWW.SIX-SECURITIES-SERVICES.COM,MIC_REGISTERED_SITE,NO,FULL_LISTED_ISSUER_AND_SECURITY_DIRECTORY;FULL_MEMBER_OR_LICENSEE_DIRECTORY;SOURCE_TOTAL_AND_PAGINATION_RECONCILIATION;ISIN_LEI_MIC_LINKING,REVIEW_MARKET_TYPE_AND_REGULATORY_ROLE_NOT_EVERY_SITE_IS_EQUITY_EXCHANGE,200,UNKNOWN,AUTHORITATIVE_UNIVERSE_BOUNDARY_AND_ENTITY_IDENTIFICATION,PUBLIC_DIRECTORY_DISCOVERY_AND_FULL_EXPORT
https://WWW.SIX-STRUCTURED-PRODUCTS.COM,MIC_REGISTERED_SITE,CH,FULL_LISTED_ISSUER_AND_SECURITY_DIRECTORY;FULL_MEMBER_OR_LICENSEE_DIRECTORY;SOURCE_TOTAL_AND_PAGINATION_RECONCILIATION;ISIN_LEI_MIC_LINKING,REVIEW_MARKET_TYPE_AND_REGULATORY_ROLE_NOT_EVERY_SITE_IS_EQUITY_EXCHANGE,200,UNKNOWN,AUTHORITATIVE_UNIVERSE_BOUNDARY_AND_ENTITY_IDENTIFICATION,PUBLIC_DIRECTORY_DISCOVERY_AND_FULL_EXPORT
https://WWW.SIX-SWISS-EXCHANGE.COM,MIC_REGISTERED_SITE,CH,FULL_LISTED_ISSUER_AND_SECURITY_DIRECTORY;FULL_MEMBER_OR_LICENSEE_DIRECTORY;SOURCE_TOTAL_AND_PAGINATION_RECONCILIATION;ISIN_LEI_MIC_LINKING,REVIEW_MARKET_TYPE_AND_REGULATORY_ROLE_NOT_EVERY_SITE_IS_EQUITY_EXCHANGE,200,UNKNOWN,AUTHORITATIVE_UNIVERSE_BOUNDARY_AND_ENTITY_IDENTIFICATION,PUBLIC_DIRECTORY_DISCOVERY_AND_FULL_EXPORT
https://WWW.SKB.SI,MIC_REGISTERED_SITE,SI,FULL_LISTED_ISSUER_AND_SECURITY_DIRECTORY;FULL_MEMBER_OR_LICENSEE_DIRECTORY;SOURCE_TOTAL_AND_PAGINATION_RECONCILIATION;ISIN_LEI_MIC_LINKING,REVIEW_MARKET_TYPE_AND_REGULATORY_ROLE_NOT_EVERY_SITE_IS_EQUITY_EXCHANGE,200,UNKNOWN,AUTHORITATIVE_UNIVERSE_BOUNDARY_AND_ENTITY_IDENTIFICATION,PUBLIC_DIRECTORY_DISCOVERY_AND_FULL_EXPORT
https://WWW.SKYTRA.COM,MIC_REGISTERED_SITE,GB,FULL_LISTED_ISSUER_AND_SECURITY_DIRECTORY;FULL_MEMBER_OR_LICENSEE_DIRECTORY;SOURCE_TOTAL_AND_PAGINATION_RECONCILIATION;ISIN_LEI_MIC_LINKING,REVIEW_MARKET_TYPE_AND_REGULATORY_ROLE_NOT_EVERY_SITE_IS_EQUITY_EXCHANGE,404,UNKNOWN,AUTHORITATIVE_UNIVERSE_BOUNDARY_AND_ENTITY_IDENTIFICATION,PUBLIC_DIRECTORY_DISCOVERY_AND_FULL_EXPORT
https://WWW.SL-X.COM,MIC_REGISTERED_SITE,GB,FULL_LISTED_ISSUER_AND_SECURITY_DIRECTORY;FULL_MEMBER_OR_LICENSEE_DIRECTORY;SOURCE_TOTAL_AND_PAGINATION_RECONCILIATION;ISIN_LEI_MIC_LINKING,REVIEW_MARKET_TYPE_AND_REGULATORY_ROLE_NOT_EVERY_SITE_IS_EQUITY_EXCHANGE,200,UNKNOWN,AUTHORITATIVE_UNIVERSE_BOUNDARY_AND_ENTITY_IDENTIFICATION,PUBLIC_DIRECTORY_DISCOVERY_AND_FULL_EXPORT
https://WWW.SMBCGROUP.COM,MIC_REGISTERED_SITE,BE|DE|FR|GB,FULL_LISTED_ISSUER_AND_SECURITY_DIRECTORY;FULL_MEMBER_OR_LICENSEE_DIRECTORY;SOURCE_TOTAL_AND_PAGINATION_RECONCILIATION;ISIN_LEI_MIC_LINKING,REVIEW_MARKET_TYPE_AND_REGULATORY_ROLE_NOT_EVERY_SITE_IS_EQUITY_EXCHANGE,200,UNKNOWN,AUTHORITATIVE_UNIVERSE_BOUNDARY_AND_ENTITY_IDENTIFICATION,PUBLIC_DIRECTORY_DISCOVERY_AND_FULL_EXPORT
https://WWW.SMBCGROUP.COM/EMEA/,MIC_REGISTERED_SITE,BE|DE|FR|GB,FULL_LISTED_ISSUER_AND_SECURITY_DIRECTORY;FULL_MEMBER_OR_LICENSEE_DIRECTORY;SOURCE_TOTAL_AND_PAGINATION_RECONCILIATION;ISIN_LEI_MIC_LINKING,REVIEW_MARKET_TYPE_AND_REGULATORY_ROLE_NOT_EVERY_SITE_IS_EQUITY_EXCHANGE,200,UNKNOWN,AUTHORITATIVE_UNIVERSE_BOUNDARY_AND_ENTITY_IDENTIFICATION,PUBLIC_DIRECTORY_DISCOVERY_AND_FULL_EXPORT
https://WWW.SMBCNIKKO-CM.COM,MIC_REGISTERED_SITE,DE|GB,FULL_LISTED_ISSUER_AND_SECURITY_DIRECTORY;FULL_MEMBER_OR_LICENSEE_DIRECTORY;SOURCE_TOTAL_AND_PAGINATION_RECONCILIATION;ISIN_LEI_MIC_LINKING,REVIEW_MARKET_TYPE_AND_REGULATORY_ROLE_NOT_EVERY_SITE_IS_EQUITY_EXCHANGE,200,UNKNOWN,AUTHORITATIVE_UNIVERSE_BOUNDARY_AND_ENTITY_IDENTIFICATION,PUBLIC_DIRECTORY_DISCOVERY_AND_FULL_EXPORT
https://WWW.SMBCNIKKO.CO.JP,MIC_REGISTERED_SITE,JP,FULL_LISTED_ISSUER_AND_SECURITY_DIRECTORY;FULL_MEMBER_OR_LICENSEE_DIRECTORY;SOURCE_TOTAL_AND_PAGINATION_RECONCILIATION;ISIN_LEI_MIC_LINKING,REVIEW_MARKET_TYPE_AND_REGULATORY_ROLE_NOT_EVERY_SITE_IS_EQUITY_EXCHANGE,200,UNKNOWN,AUTHORITATIVE_UNIVERSE_BOUNDARY_AND_ENTITY_IDENTIFICATION,PUBLIC_DIRECTORY_DISCOVERY_AND_FULL_EXPORT
https://WWW.SMEPROSPECTS.COM,MIC_REGISTERED_SITE,MT,FULL_LISTED_ISSUER_AND_SECURITY_DIRECTORY;FULL_MEMBER_OR_LICENSEE_DIRECTORY;SOURCE_TOTAL_AND_PAGINATION_RECONCILIATION;ISIN_LEI_MIC_LINKING,REVIEW_MARKET_TYPE_AND_REGULATORY_ROLE_NOT_EVERY_SITE_IS_EQUITY_EXCHANGE,,UNKNOWN,AUTHORITATIVE_UNIVERSE_BOUNDARY_AND_ENTITY_IDENTIFICATION,PUBLIC_DIRECTORY_DISCOVERY_AND_FULL_EXPORT
https://WWW.SMN.NO,MIC_REGISTERED_SITE,NO,FULL_LISTED_ISSUER_AND_SECURITY_DIRECTORY;FULL_MEMBER_OR_LICENSEE_DIRECTORY;SOURCE_TOTAL_AND_PAGINATION_RECONCILIATION;ISIN_LEI_MIC_LINKING,REVIEW_MARKET_TYPE_AND_REGULATORY_ROLE_NOT_EVERY_SITE_IS_EQUITY_EXCHANGE,403,UNKNOWN,AUTHORITATIVE_UNIVERSE_BOUNDARY_AND_ENTITY_IDENTIFICATION,PUBLIC_DIRECTORY_DISCOVERY_AND_FULL_EXPORT
https://WWW.SMX.COM.SG,MIC_REGISTERED_SITE,SG,FULL_LISTED_ISSUER_AND_SECURITY_DIRECTORY;FULL_MEMBER_OR_LICENSEE_DIRECTORY;SOURCE_TOTAL_AND_PAGINATION_RECONCILIATION;ISIN_LEI_MIC_LINKING,REVIEW_MARKET_TYPE_AND_REGULATORY_ROLE_NOT_EVERY_SITE_IS_EQUITY_EXCHANGE,200,UNKNOWN,AUTHORITATIVE_UNIVERSE_BOUNDARY_AND_ENTITY_IDENTIFICATION,PUBLIC_DIRECTORY_DISCOVERY_AND_FULL_EXPORT
https://WWW.SOCIALSTOCKEXCHANGE.COM,MIC_REGISTERED_SITE,GB,FULL_LISTED_ISSUER_AND_SECURITY_DIRECTORY;FULL_MEMBER_OR_LICENSEE_DIRECTORY;SOURCE_TOTAL_AND_PAGINATION_RECONCILIATION;ISIN_LEI_MIC_LINKING,REVIEW_MARKET_TYPE_AND_REGULATORY_ROLE_NOT_EVERY_SITE_IS_EQUITY_EXCHANGE,,UNKNOWN,AUTHORITATIVE_UNIVERSE_BOUNDARY_AND_ENTITY_IDENTIFICATION,PUBLIC_DIRECTORY_DISCOVERY_AND_FULL_EXPORT
https://WWW.SOVACAPITAL.COM,MIC_REGISTERED_SITE,GB,FULL_LISTED_ISSUER_AND_SECURITY_DIRECTORY;FULL_MEMBER_OR_LICENSEE_DIRECTORY;SOURCE_TOTAL_AND_PAGINATION_RECONCILIATION;ISIN_LEI_MIC_LINKING,REVIEW_MARKET_TYPE_AND_REGULATORY_ROLE_NOT_EVERY_SITE_IS_EQUITY_EXCHANGE,200,UNKNOWN,AUTHORITATIVE_UNIVERSE_BOUNDARY_AND_ENTITY_IDENTIFICATION,PUBLIC_DIRECTORY_DISCOVERY_AND_FULL_EXPORT
https://WWW.SPARKRON.DK,MIC_REGISTERED_SITE,DK,FULL_LISTED_ISSUER_AND_SECURITY_DIRECTORY;FULL_MEMBER_OR_LICENSEE_DIRECTORY;SOURCE_TOTAL_AND_PAGINATION_RECONCILIATION;ISIN_LEI_MIC_LINKING,REVIEW_MARKET_TYPE_AND_REGULATORY_ROLE_NOT_EVERY_SITE_IS_EQUITY_EXCHANGE,200,UNKNOWN,AUTHORITATIVE_UNIVERSE_BOUNDARY_AND_ENTITY_IDENTIFICATION,PUBLIC_DIRECTORY_DISCOVERY_AND_FULL_EXPORT
https://WWW.SPARNORD.DK,MIC_REGISTERED_SITE,DK,FULL_LISTED_ISSUER_AND_SECURITY_DIRECTORY;FULL_MEMBER_OR_LICENSEE_DIRECTORY;SOURCE_TOTAL_AND_PAGINATION_RECONCILIATION;ISIN_LEI_MIC_LINKING,REVIEW_MARKET_TYPE_AND_REGULATORY_ROLE_NOT_EVERY_SITE_IS_EQUITY_EXCHANGE,200,UNKNOWN,AUTHORITATIVE_UNIVERSE_BOUNDARY_AND_ENTITY_IDENTIFICATION,PUBLIC_DIRECTORY_DISCOVERY_AND_FULL_EXPORT
https://WWW.SPBEX.RU,MIC_REGISTERED_SITE,RU,FULL_LISTED_ISSUER_AND_SECURITY_DIRECTORY;FULL_MEMBER_OR_LICENSEE_DIRECTORY;SOURCE_TOTAL_AND_PAGINATION_RECONCILIATION;ISIN_LEI_MIC_LINKING,REVIEW_MARKET_TYPE_AND_REGULATORY_ROLE_NOT_EVERY_SITE_IS_EQUITY_EXCHANGE,200,UNKNOWN,AUTHORITATIVE_UNIVERSE_BOUNDARY_AND_ENTITY_IDENTIFICATION,PUBLIC_DIRECTORY_DISCOVERY_AND_FULL_EXPORT
https://WWW.SPCEX.RU,MIC_REGISTERED_SITE,RU,FULL_LISTED_ISSUER_AND_SECURITY_DIRECTORY;FULL_MEMBER_OR_LICENSEE_DIRECTORY;SOURCE_TOTAL_AND_PAGINATION_RECONCILIATION;ISIN_LEI_MIC_LINKING,REVIEW_MARKET_TYPE_AND_REGULATORY_ROLE_NOT_EVERY_SITE_IS_EQUITY_EXCHANGE,,UNKNOWN,AUTHORITATIVE_UNIVERSE_BOUNDARY_AND_ENTITY_IDENTIFICATION,PUBLIC_DIRECTORY_DISCOVERY_AND_FULL_EXPORT
https://WWW.SPECTRAXE.COM,MIC_REGISTERED_SITE,US,FULL_LISTED_ISSUER_AND_SECURITY_DIRECTORY;FULL_MEMBER_OR_LICENSEE_DIRECTORY;SOURCE_TOTAL_AND_PAGINATION_RECONCILIATION;ISIN_LEI_MIC_LINKING,REVIEW_MARKET_TYPE_AND_REGULATORY_ROLE_NOT_EVERY_SITE_IS_EQUITY_EXCHANGE,200,UNKNOWN,AUTHORITATIVE_UNIVERSE_BOUNDARY_AND_ENTITY_IDENTIFICATION,PUBLIC_DIRECTORY_DISCOVERY_AND_FULL_EXPORT
https://WWW.SPECTRUM-MARKETS.COM,MIC_REGISTERED_SITE,DE,FULL_LISTED_ISSUER_AND_SECURITY_DIRECTORY;FULL_MEMBER_OR_LICENSEE_DIRECTORY;SOURCE_TOTAL_AND_PAGINATION_RECONCILIATION;ISIN_LEI_MIC_LINKING,REVIEW_MARKET_TYPE_AND_REGULATORY_ROLE_NOT_EVERY_SITE_IS_EQUITY_EXCHANGE,,UNKNOWN,AUTHORITATIVE_UNIVERSE_BOUNDARY_AND_ENTITY_IDENTIFICATION,PUBLIC_DIRECTORY_DISCOVERY_AND_FULL_EXPORT
https://WWW.SPEEDROUTE.COM,MIC_REGISTERED_SITE,US,FULL_LISTED_ISSUER_AND_SECURITY_DIRECTORY;FULL_MEMBER_OR_LICENSEE_DIRECTORY;SOURCE_TOTAL_AND_PAGINATION_RECONCILIATION;ISIN_LEI_MIC_LINKING,REVIEW_MARKET_TYPE_AND_REGULATORY_ROLE_NOT_EVERY_SITE_IS_EQUITY_EXCHANGE,404,UNKNOWN,AUTHORITATIVE_UNIVERSE_BOUNDARY_AND_ENTITY_IDENTIFICATION,PUBLIC_DIRECTORY_DISCOVERY_AND_FULL_EXPORT
https://WWW.SPOTLIGHTSTOCKMARKET.COM,MIC_REGISTERED_SITE,SE,FULL_LISTED_ISSUER_AND_SECURITY_DIRECTORY;FULL_MEMBER_OR_LICENSEE_DIRECTORY;SOURCE_TOTAL_AND_PAGINATION_RECONCILIATION;ISIN_LEI_MIC_LINKING,REVIEW_MARKET_TYPE_AND_REGULATORY_ROLE_NOT_EVERY_SITE_IS_EQUITY_EXCHANGE,200,UNKNOWN,AUTHORITATIVE_UNIVERSE_BOUNDARY_AND_ENTITY_IDENTIFICATION,PUBLIC_DIRECTORY_DISCOVERY_AND_FULL_EXPORT
https://WWW.SPREADEX.COM,MIC_REGISTERED_SITE,GB,FULL_LISTED_ISSUER_AND_SECURITY_DIRECTORY;FULL_MEMBER_OR_LICENSEE_DIRECTORY;SOURCE_TOTAL_AND_PAGINATION_RECONCILIATION;ISIN_LEI_MIC_LINKING,REVIEW_MARKET_TYPE_AND_REGULATORY_ROLE_NOT_EVERY_SITE_IS_EQUITY_EXCHANGE,200,UNKNOWN,AUTHORITATIVE_UNIVERSE_BOUNDARY_AND_ENTITY_IDENTIFICATION,PUBLIC_DIRECTORY_DISCOVERY_AND_FULL_EXPORT
https://WWW.SPREADFAIR.COM,MIC_REGISTERED_SITE,GB,FULL_LISTED_ISSUER_AND_SECURITY_DIRECTORY;FULL_MEMBER_OR_LICENSEE_DIRECTORY;SOURCE_TOTAL_AND_PAGINATION_RECONCILIATION;ISIN_LEI_MIC_LINKING,REVIEW_MARKET_TYPE_AND_REGULATORY_ROLE_NOT_EVERY_SITE_IS_EQUITY_EXCHANGE,,UNKNOWN,AUTHORITATIVE_UNIVERSE_BOUNDARY_AND_ENTITY_IDENTIFICATION,PUBLIC_DIRECTORY_DISCOVERY_AND_FULL_EXPORT
https://WWW.SPREADZERO.COM,MIC_REGISTERED_SITE,GB,FULL_LISTED_ISSUER_AND_SECURITY_DIRECTORY;FULL_MEMBER_OR_LICENSEE_DIRECTORY;SOURCE_TOTAL_AND_PAGINATION_RECONCILIATION;ISIN_LEI_MIC_LINKING,REVIEW_MARKET_TYPE_AND_REGULATORY_ROLE_NOT_EVERY_SITE_IS_EQUITY_EXCHANGE,200,UNKNOWN,AUTHORITATIVE_UNIVERSE_BOUNDARY_AND_ENTITY_IDENTIFICATION,PUBLIC_DIRECTORY_DISCOVERY_AND_FULL_EXPORT
https://WWW.SPSE.COM.FJ,MIC_REGISTERED_SITE,FJ,FULL_LISTED_ISSUER_AND_SECURITY_DIRECTORY;FULL_MEMBER_OR_LICENSEE_DIRECTORY;SOURCE_TOTAL_AND_PAGINATION_RECONCILIATION;ISIN_LEI_MIC_LINKING,REVIEW_MARKET_TYPE_AND_REGULATORY_ROLE_NOT_EVERY_SITE_IS_EQUITY_EXCHANGE,,UNKNOWN,AUTHORITATIVE_UNIVERSE_BOUNDARY_AND_ENTITY_IDENTIFICATION,PUBLIC_DIRECTORY_DISCOVERY_AND_FULL_EXPORT
https://WWW.SPX.SK,MIC_REGISTERED_SITE,SK,FULL_LISTED_ISSUER_AND_SECURITY_DIRECTORY;FULL_MEMBER_OR_LICENSEE_DIRECTORY;SOURCE_TOTAL_AND_PAGINATION_RECONCILIATION;ISIN_LEI_MIC_LINKING,REVIEW_MARKET_TYPE_AND_REGULATORY_ROLE_NOT_EVERY_SITE_IS_EQUITY_EXCHANGE,,UNKNOWN,AUTHORITATIVE_UNIVERSE_BOUNDARY_AND_ENTITY_IDENTIFICATION,PUBLIC_DIRECTORY_DISCOVERY_AND_FULL_EXPORT
https://WWW.SQUAREGLOBALMARKETS.COM,MIC_REGISTERED_SITE,GB,FULL_LISTED_ISSUER_AND_SECURITY_DIRECTORY;FULL_MEMBER_OR_LICENSEE_DIRECTORY;SOURCE_TOTAL_AND_PAGINATION_RECONCILIATION;ISIN_LEI_MIC_LINKING,REVIEW_MARKET_TYPE_AND_REGULATORY_ROLE_NOT_EVERY_SITE_IS_EQUITY_EXCHANGE,200,UNKNOWN,AUTHORITATIVE_UNIVERSE_BOUNDARY_AND_ENTITY_IDENTIFICATION,PUBLIC_DIRECTORY_DISCOVERY_AND_FULL_EXPORT
https://WWW.SSE.COM.CN,MIC_REGISTERED_SITE,CN,FULL_LISTED_ISSUER_AND_SECURITY_DIRECTORY;FULL_MEMBER_OR_LICENSEE_DIRECTORY;SOURCE_TOTAL_AND_PAGINATION_RECONCILIATION;ISIN_LEI_MIC_LINKING,REVIEW_MARKET_TYPE_AND_REGULATORY_ROLE_NOT_EVERY_SITE_IS_EQUITY_EXCHANGE,,UNKNOWN,AUTHORITATIVE_UNIVERSE_BOUNDARY_AND_ENTITY_IDENTIFICATION,PUBLIC_DIRECTORY_DISCOVERY_AND_FULL_EXPORT
https://WWW.SSE.OR.JP,MIC_REGISTERED_SITE,JP,FULL_LISTED_ISSUER_AND_SECURITY_DIRECTORY;FULL_MEMBER_OR_LICENSEE_DIRECTORY;SOURCE_TOTAL_AND_PAGINATION_RECONCILIATION;ISIN_LEI_MIC_LINKING,REVIEW_MARKET_TYPE_AND_REGULATORY_ROLE_NOT_EVERY_SITE_IS_EQUITY_EXCHANGE,200,UNKNOWN,AUTHORITATIVE_UNIVERSE_BOUNDARY_AND_ENTITY_IDENTIFICATION,PUBLIC_DIRECTORY_DISCOVERY_AND_FULL_EXPORT
https://WWW.SSW-MARKETMAKING.COM,MIC_REGISTERED_SITE,DE,FULL_LISTED_ISSUER_AND_SECURITY_DIRECTORY;FULL_MEMBER_OR_LICENSEE_DIRECTORY;SOURCE_TOTAL_AND_PAGINATION_RECONCILIATION;ISIN_LEI_MIC_LINKING,REVIEW_MARKET_TYPE_AND_REGULATORY_ROLE_NOT_EVERY_SITE_IS_EQUITY_EXCHANGE,,UNKNOWN,AUTHORITATIVE_UNIVERSE_BOUNDARY_AND_ENTITY_IDENTIFICATION,PUBLIC_DIRECTORY_DISCOVERY_AND_FULL_EXPORT
https://WWW.SSX.SYDNEY,MIC_REGISTERED_SITE,AU,FULL_LISTED_ISSUER_AND_SECURITY_DIRECTORY;FULL_MEMBER_OR_LICENSEE_DIRECTORY;SOURCE_TOTAL_AND_PAGINATION_RECONCILIATION;ISIN_LEI_MIC_LINKING,REVIEW_MARKET_TYPE_AND_REGULATORY_ROLE_NOT_EVERY_SITE_IS_EQUITY_EXCHANGE,200,UNKNOWN,AUTHORITATIVE_UNIVERSE_BOUNDARY_AND_ENTITY_IDENTIFICATION,PUBLIC_DIRECTORY_DISCOVERY_AND_FULL_EXPORT
https://WWW.SSYONLINE.COM,MIC_REGISTERED_SITE,GB,FULL_LISTED_ISSUER_AND_SECURITY_DIRECTORY;FULL_MEMBER_OR_LICENSEE_DIRECTORY;SOURCE_TOTAL_AND_PAGINATION_RECONCILIATION;ISIN_LEI_MIC_LINKING,REVIEW_MARKET_TYPE_AND_REGULATORY_ROLE_NOT_EVERY_SITE_IS_EQUITY_EXCHANGE,200,UNKNOWN,AUTHORITATIVE_UNIVERSE_BOUNDARY_AND_ENTITY_IDENTIFICATION,PUBLIC_DIRECTORY_DISCOVERY_AND_FULL_EXPORT
https://WWW.STATESTREET.COM,MIC_REGISTERED_SITE,DE|GB,FULL_LISTED_ISSUER_AND_SECURITY_DIRECTORY;FULL_MEMBER_OR_LICENSEE_DIRECTORY;SOURCE_TOTAL_AND_PAGINATION_RECONCILIATION;ISIN_LEI_MIC_LINKING,REVIEW_MARKET_TYPE_AND_REGULATORY_ROLE_NOT_EVERY_SITE_IS_EQUITY_EXCHANGE,200,UNKNOWN,AUTHORITATIVE_UNIVERSE_BOUNDARY_AND_ENTITY_IDENTIFICATION,PUBLIC_DIRECTORY_DISCOVERY_AND_FULL_EXPORT
https://WWW.STEUBING.COM,MIC_REGISTERED_SITE,DE,FULL_LISTED_ISSUER_AND_SECURITY_DIRECTORY;FULL_MEMBER_OR_LICENSEE_DIRECTORY;SOURCE_TOTAL_AND_PAGINATION_RECONCILIATION;ISIN_LEI_MIC_LINKING,REVIEW_MARKET_TYPE_AND_REGULATORY_ROLE_NOT_EVERY_SITE_IS_EQUITY_EXCHANGE,200,UNKNOWN,AUTHORITATIVE_UNIVERSE_BOUNDARY_AND_ENTITY_IDENTIFICATION,PUBLIC_DIRECTORY_DISCOVERY_AND_FULL_EXPORT
https://WWW.STIFEL.COM,MIC_REGISTERED_SITE,DE|GB,FULL_LISTED_ISSUER_AND_SECURITY_DIRECTORY;FULL_MEMBER_OR_LICENSEE_DIRECTORY;SOURCE_TOTAL_AND_PAGINATION_RECONCILIATION;ISIN_LEI_MIC_LINKING,REVIEW_MARKET_TYPE_AND_REGULATORY_ROLE_NOT_EVERY_SITE_IS_EQUITY_EXCHANGE,200,UNKNOWN,AUTHORITATIVE_UNIVERSE_BOUNDARY_AND_ENTITY_IDENTIFICATION,PUBLIC_DIRECTORY_DISCOVERY_AND_FULL_EXPORT
https://WWW.STIFEL.COM/INSTITUTIONAL/STIFELEUROPE,MIC_REGISTERED_SITE,DE|GB,FULL_LISTED_ISSUER_AND_SECURITY_DIRECTORY;FULL_MEMBER_OR_LICENSEE_DIRECTORY;SOURCE_TOTAL_AND_PAGINATION_RECONCILIATION;ISIN_LEI_MIC_LINKING,REVIEW_MARKET_TYPE_AND_REGULATORY_ROLE_NOT_EVERY_SITE_IS_EQUITY_EXCHANGE,200,UNKNOWN,AUTHORITATIVE_UNIVERSE_BOUNDARY_AND_ENTITY_IDENTIFICATION,PUBLIC_DIRECTORY_DISCOVERY_AND_FULL_EXPORT
https://WWW.STOCKEXCHANGEOFMAURITIUS.COM,MIC_REGISTERED_SITE,MU,FULL_LISTED_ISSUER_AND_SECURITY_DIRECTORY;FULL_MEMBER_OR_LICENSEE_DIRECTORY;SOURCE_TOTAL_AND_PAGINATION_RECONCILIATION;ISIN_LEI_MIC_LINKING,REVIEW_MARKET_TYPE_AND_REGULATORY_ROLE_NOT_EVERY_SITE_IS_EQUITY_EXCHANGE,200,UNKNOWN,AUTHORITATIVE_UNIVERSE_BOUNDARY_AND_ENTITY_IDENTIFICATION,PUBLIC_DIRECTORY_DISCOVERY_AND_FULL_EXPORT
https://WWW.STONEX.COM,MIC_REGISTERED_SITE,US,FULL_LISTED_ISSUER_AND_SECURITY_DIRECTORY;FULL_MEMBER_OR_LICENSEE_DIRECTORY;SOURCE_TOTAL_AND_PAGINATION_RECONCILIATION;ISIN_LEI_MIC_LINKING,REVIEW_MARKET_TYPE_AND_REGULATORY_ROLE_NOT_EVERY_SITE_IS_EQUITY_EXCHANGE,403,UNKNOWN,AUTHORITATIVE_UNIVERSE_BOUNDARY_AND_ENTITY_IDENTIFICATION,PUBLIC_DIRECTORY_DISCOVERY_AND_FULL_EXPORT
https://WWW.STOXX.COM,MIC_REGISTERED_SITE,CH,FULL_LISTED_ISSUER_AND_SECURITY_DIRECTORY;FULL_MEMBER_OR_LICENSEE_DIRECTORY;SOURCE_TOTAL_AND_PAGINATION_RECONCILIATION;ISIN_LEI_MIC_LINKING,REVIEW_MARKET_TYPE_AND_REGULATORY_ROLE_NOT_EVERY_SITE_IS_EQUITY_EXCHANGE,200,UNKNOWN,AUTHORITATIVE_UNIVERSE_BOUNDARY_AND_ENTITY_IDENTIFICATION,PUBLIC_DIRECTORY_DISCOVERY_AND_FULL_EXPORT
https://WWW.SUNGARD.COM,MIC_REGISTERED_SITE,US,FULL_LISTED_ISSUER_AND_SECURITY_DIRECTORY;FULL_MEMBER_OR_LICENSEE_DIRECTORY;SOURCE_TOTAL_AND_PAGINATION_RECONCILIATION;ISIN_LEI_MIC_LINKING,REVIEW_MARKET_TYPE_AND_REGULATORY_ROLE_NOT_EVERY_SITE_IS_EQUITY_EXCHANGE,,UNKNOWN,AUTHORITATIVE_UNIVERSE_BOUNDARY_AND_ENTITY_IDENTIFICATION,PUBLIC_DIRECTORY_DISCOVERY_AND_FULL_EXPORT
https://WWW.SUNRISEBROKERS.COM,MIC_REGISTERED_SITE,GB,FULL_LISTED_ISSUER_AND_SECURITY_DIRECTORY;FULL_MEMBER_OR_LICENSEE_DIRECTORY;SOURCE_TOTAL_AND_PAGINATION_RECONCILIATION;ISIN_LEI_MIC_LINKING,REVIEW_MARKET_TYPE_AND_REGULATORY_ROLE_NOT_EVERY_SITE_IS_EQUITY_EXCHANGE,403,UNKNOWN,AUTHORITATIVE_UNIVERSE_BOUNDARY_AND_ENTITY_IDENTIFICATION,PUBLIC_DIRECTORY_DISCOVERY_AND_FULL_EXPORT
https://WWW.SUNTRADINGLLC.COM,MIC_REGISTERED_SITE,US,FULL_LISTED_ISSUER_AND_SECURITY_DIRECTORY;FULL_MEMBER_OR_LICENSEE_DIRECTORY;SOURCE_TOTAL_AND_PAGINATION_RECONCILIATION;ISIN_LEI_MIC_LINKING,REVIEW_MARKET_TYPE_AND_REGULATORY_ROLE_NOT_EVERY_SITE_IS_EQUITY_EXCHANGE,,UNKNOWN,AUTHORITATIVE_UNIVERSE_BOUNDARY_AND_ENTITY_IDENTIFICATION,PUBLIC_DIRECTORY_DISCOVERY_AND_FULL_EXPORT
https://WWW.SVGEX.COM,MIC_REGISTERED_SITE,VC,FULL_LISTED_ISSUER_AND_SECURITY_DIRECTORY;FULL_MEMBER_OR_LICENSEE_DIRECTORY;SOURCE_TOTAL_AND_PAGINATION_RECONCILIATION;ISIN_LEI_MIC_LINKING,REVIEW_MARKET_TYPE_AND_REGULATORY_ROLE_NOT_EVERY_SITE_IS_EQUITY_EXCHANGE,403,UNKNOWN,AUTHORITATIVE_UNIVERSE_BOUNDARY_AND_ENTITY_IDENTIFICATION,PUBLIC_DIRECTORY_DISCOVERY_AND_FULL_EXPORT
https://WWW.SWAPEX.COM,MIC_REGISTERED_SITE,US,FULL_LISTED_ISSUER_AND_SECURITY_DIRECTORY;FULL_MEMBER_OR_LICENSEE_DIRECTORY;SOURCE_TOTAL_AND_PAGINATION_RECONCILIATION;ISIN_LEI_MIC_LINKING,REVIEW_MARKET_TYPE_AND_REGULATORY_ROLE_NOT_EVERY_SITE_IS_EQUITY_EXCHANGE,,UNKNOWN,AUTHORITATIVE_UNIVERSE_BOUNDARY_AND_ENTITY_IDENTIFICATION,PUBLIC_DIRECTORY_DISCOVERY_AND_FULL_EXPORT
https://WWW.SWAPSTREAM.COM,MIC_REGISTERED_SITE,GB,FULL_LISTED_ISSUER_AND_SECURITY_DIRECTORY;FULL_MEMBER_OR_LICENSEE_DIRECTORY;SOURCE_TOTAL_AND_PAGINATION_RECONCILIATION;ISIN_LEI_MIC_LINKING,REVIEW_MARKET_TYPE_AND_REGULATORY_ROLE_NOT_EVERY_SITE_IS_EQUITY_EXCHANGE,,UNKNOWN,AUTHORITATIVE_UNIVERSE_BOUNDARY_AND_ENTITY_IDENTIFICATION,PUBLIC_DIRECTORY_DISCOVERY_AND_FULL_EXPORT
https://WWW.SWEDBANK.EE,MIC_REGISTERED_SITE,EE,FULL_LISTED_ISSUER_AND_SECURITY_DIRECTORY;FULL_MEMBER_OR_LICENSEE_DIRECTORY;SOURCE_TOTAL_AND_PAGINATION_RECONCILIATION;ISIN_LEI_MIC_LINKING,REVIEW_MARKET_TYPE_AND_REGULATORY_ROLE_NOT_EVERY_SITE_IS_EQUITY_EXCHANGE,200,UNKNOWN,AUTHORITATIVE_UNIVERSE_BOUNDARY_AND_ENTITY_IDENTIFICATION,PUBLIC_DIRECTORY_DISCOVERY_AND_FULL_EXPORT
https://WWW.SWEDBANK.LT,MIC_REGISTERED_SITE,LT,FULL_LISTED_ISSUER_AND_SECURITY_DIRECTORY;FULL_MEMBER_OR_LICENSEE_DIRECTORY;SOURCE_TOTAL_AND_PAGINATION_RECONCILIATION;ISIN_LEI_MIC_LINKING,REVIEW_MARKET_TYPE_AND_REGULATORY_ROLE_NOT_EVERY_SITE_IS_EQUITY_EXCHANGE,200,UNKNOWN,AUTHORITATIVE_UNIVERSE_BOUNDARY_AND_ENTITY_IDENTIFICATION,PUBLIC_DIRECTORY_DISCOVERY_AND_FULL_EXPORT
https://WWW.SWEDBANK.LV,MIC_REGISTERED_SITE,LV,FULL_LISTED_ISSUER_AND_SECURITY_DIRECTORY;FULL_MEMBER_OR_LICENSEE_DIRECTORY;SOURCE_TOTAL_AND_PAGINATION_RECONCILIATION;ISIN_LEI_MIC_LINKING,REVIEW_MARKET_TYPE_AND_REGULATORY_ROLE_NOT_EVERY_SITE_IS_EQUITY_EXCHANGE,200,UNKNOWN,AUTHORITATIVE_UNIVERSE_BOUNDARY_AND_ENTITY_IDENTIFICATION,PUBLIC_DIRECTORY_DISCOVERY_AND_FULL_EXPORT
https://WWW.SWEDBANK.SE,MIC_REGISTERED_SITE,SE,FULL_LISTED_ISSUER_AND_SECURITY_DIRECTORY;FULL_MEMBER_OR_LICENSEE_DIRECTORY;SOURCE_TOTAL_AND_PAGINATION_RECONCILIATION;ISIN_LEI_MIC_LINKING,REVIEW_MARKET_TYPE_AND_REGULATORY_ROLE_NOT_EVERY_SITE_IS_EQUITY_EXCHANGE,200,UNKNOWN,AUTHORITATIVE_UNIVERSE_BOUNDARY_AND_ENTITY_IDENTIFICATION,PUBLIC_DIRECTORY_DISCOVERY_AND_FULL_EXPORT
https://WWW.SWISSCANTO.CO.UK,MIC_REGISTERED_SITE,GB,FULL_LISTED_ISSUER_AND_SECURITY_DIRECTORY;FULL_MEMBER_OR_LICENSEE_DIRECTORY;SOURCE_TOTAL_AND_PAGINATION_RECONCILIATION;ISIN_LEI_MIC_LINKING,REVIEW_MARKET_TYPE_AND_REGULATORY_ROLE_NOT_EVERY_SITE_IS_EQUITY_EXCHANGE,,UNKNOWN,AUTHORITATIVE_UNIVERSE_BOUNDARY_AND_ENTITY_IDENTIFICATION,PUBLIC_DIRECTORY_DISCOVERY_AND_FULL_EXPORT
https://WWW.SWXEUROPE.COM,MIC_REGISTERED_SITE,GB,FULL_LISTED_ISSUER_AND_SECURITY_DIRECTORY;FULL_MEMBER_OR_LICENSEE_DIRECTORY;SOURCE_TOTAL_AND_PAGINATION_RECONCILIATION;ISIN_LEI_MIC_LINKING,REVIEW_MARKET_TYPE_AND_REGULATORY_ROLE_NOT_EVERY_SITE_IS_EQUITY_EXCHANGE,,UNKNOWN,AUTHORITATIVE_UNIVERSE_BOUNDARY_AND_ENTITY_IDENTIFICATION,PUBLIC_DIRECTORY_DISCOVERY_AND_FULL_EXPORT
https://WWW.SYDBANK.DK,MIC_REGISTERED_SITE,DK,FULL_LISTED_ISSUER_AND_SECURITY_DIRECTORY;FULL_MEMBER_OR_LICENSEE_DIRECTORY;SOURCE_TOTAL_AND_PAGINATION_RECONCILIATION;ISIN_LEI_MIC_LINKING,REVIEW_MARKET_TYPE_AND_REGULATORY_ROLE_NOT_EVERY_SITE_IS_EQUITY_EXCHANGE,403,UNKNOWN,AUTHORITATIVE_UNIVERSE_BOUNDARY_AND_ENTITY_IDENTIFICATION,PUBLIC_DIRECTORY_DISCOVERY_AND_FULL_EXPORT
https://WWW.SYNOPTION.COM,MIC_REGISTERED_SITE,SG,FULL_LISTED_ISSUER_AND_SECURITY_DIRECTORY;FULL_MEMBER_OR_LICENSEE_DIRECTORY;SOURCE_TOTAL_AND_PAGINATION_RECONCILIATION;ISIN_LEI_MIC_LINKING,REVIEW_MARKET_TYPE_AND_REGULATORY_ROLE_NOT_EVERY_SITE_IS_EQUITY_EXCHANGE,200,UNKNOWN,AUTHORITATIVE_UNIVERSE_BOUNDARY_AND_ENTITY_IDENTIFICATION,PUBLIC_DIRECTORY_DISCOVERY_AND_FULL_EXPORT
https://WWW.SZSE.CN,MIC_REGISTERED_SITE,CN,FULL_LISTED_ISSUER_AND_SECURITY_DIRECTORY;FULL_MEMBER_OR_LICENSEE_DIRECTORY;SOURCE_TOTAL_AND_PAGINATION_RECONCILIATION;ISIN_LEI_MIC_LINKING,REVIEW_MARKET_TYPE_AND_REGULATORY_ROLE_NOT_EVERY_SITE_IS_EQUITY_EXCHANGE,200,UNKNOWN,AUTHORITATIVE_UNIVERSE_BOUNDARY_AND_ENTITY_IDENTIFICATION,PUBLIC_DIRECTORY_DISCOVERY_AND_FULL_EXPORT
https://WWW.T-DX.COM,MIC_REGISTERED_SITE,CH,FULL_LISTED_ISSUER_AND_SECURITY_DIRECTORY;FULL_MEMBER_OR_LICENSEE_DIRECTORY;SOURCE_TOTAL_AND_PAGINATION_RECONCILIATION;ISIN_LEI_MIC_LINKING,REVIEW_MARKET_TYPE_AND_REGULATORY_ROLE_NOT_EVERY_SITE_IS_EQUITY_EXCHANGE,200,UNKNOWN,AUTHORITATIVE_UNIVERSE_BOUNDARY_AND_ENTITY_IDENTIFICATION,PUBLIC_DIRECTORY_DISCOVERY_AND_FULL_EXPORT
https://WWW.TADAWUL.COM.SA,MIC_REGISTERED_SITE,SA,FULL_LISTED_ISSUER_AND_SECURITY_DIRECTORY;FULL_MEMBER_OR_LICENSEE_DIRECTORY;SOURCE_TOTAL_AND_PAGINATION_RECONCILIATION;ISIN_LEI_MIC_LINKING,REVIEW_MARKET_TYPE_AND_REGULATORY_ROLE_NOT_EVERY_SITE_IS_EQUITY_EXCHANGE,,UNKNOWN,AUTHORITATIVE_UNIVERSE_BOUNDARY_AND_ENTITY_IDENTIFICATION,PUBLIC_DIRECTORY_DISCOVERY_AND_FULL_EXPORT
https://WWW.TAIFEX.COM.TW,MIC_REGISTERED_SITE,TW,FULL_LISTED_ISSUER_AND_SECURITY_DIRECTORY;FULL_MEMBER_OR_LICENSEE_DIRECTORY;SOURCE_TOTAL_AND_PAGINATION_RECONCILIATION;ISIN_LEI_MIC_LINKING,REVIEW_MARKET_TYPE_AND_REGULATORY_ROLE_NOT_EVERY_SITE_IS_EQUITY_EXCHANGE,200,UNKNOWN,AUTHORITATIVE_UNIVERSE_BOUNDARY_AND_ENTITY_IDENTIFICATION,PUBLIC_DIRECTORY_DISCOVERY_AND_FULL_EXPORT
https://WWW.TASE.CO.IL,MIC_REGISTERED_SITE,IL,FULL_LISTED_ISSUER_AND_SECURITY_DIRECTORY;FULL_MEMBER_OR_LICENSEE_DIRECTORY;SOURCE_TOTAL_AND_PAGINATION_RECONCILIATION;ISIN_LEI_MIC_LINKING,REVIEW_MARKET_TYPE_AND_REGULATORY_ROLE_NOT_EVERY_SITE_IS_EQUITY_EXCHANGE,200,UNKNOWN,AUTHORITATIVE_UNIVERSE_BOUNDARY_AND_ENTITY_IDENTIFICATION,PUBLIC_DIRECTORY_DISCOVERY_AND_FULL_EXPORT
https://WWW.TD.COM,MIC_REGISTERED_SITE,GB|IE,FULL_LISTED_ISSUER_AND_SECURITY_DIRECTORY;FULL_MEMBER_OR_LICENSEE_DIRECTORY;SOURCE_TOTAL_AND_PAGINATION_RECONCILIATION;ISIN_LEI_MIC_LINKING,REVIEW_MARKET_TYPE_AND_REGULATORY_ROLE_NOT_EVERY_SITE_IS_EQUITY_EXCHANGE,200,UNKNOWN,AUTHORITATIVE_UNIVERSE_BOUNDARY_AND_ENTITY_IDENTIFICATION,PUBLIC_DIRECTORY_DISCOVERY_AND_FULL_EXPORT
https://WWW.TFEX.CO.TH,MIC_REGISTERED_SITE,TH,FULL_LISTED_ISSUER_AND_SECURITY_DIRECTORY;FULL_MEMBER_OR_LICENSEE_DIRECTORY;SOURCE_TOTAL_AND_PAGINATION_RECONCILIATION;ISIN_LEI_MIC_LINKING,REVIEW_MARKET_TYPE_AND_REGULATORY_ROLE_NOT_EVERY_SITE_IS_EQUITY_EXCHANGE,200,UNKNOWN,AUTHORITATIVE_UNIVERSE_BOUNDARY_AND_ENTITY_IDENTIFICATION,PUBLIC_DIRECTORY_DISCOVERY_AND_FULL_EXPORT
https://WWW.TFSGREEN.COM,MIC_REGISTERED_SITE,GB,FULL_LISTED_ISSUER_AND_SECURITY_DIRECTORY;FULL_MEMBER_OR_LICENSEE_DIRECTORY;SOURCE_TOTAL_AND_PAGINATION_RECONCILIATION;ISIN_LEI_MIC_LINKING,REVIEW_MARKET_TYPE_AND_REGULATORY_ROLE_NOT_EVERY_SITE_IS_EQUITY_EXCHANGE,,UNKNOWN,AUTHORITATIVE_UNIVERSE_BOUNDARY_AND_ENTITY_IDENTIFICATION,PUBLIC_DIRECTORY_DISCOVERY_AND_FULL_EXPORT
https://WWW.TFSICAP.COM,MIC_REGISTERED_SITE,GB,FULL_LISTED_ISSUER_AND_SECURITY_DIRECTORY;FULL_MEMBER_OR_LICENSEE_DIRECTORY;SOURCE_TOTAL_AND_PAGINATION_RECONCILIATION;ISIN_LEI_MIC_LINKING,REVIEW_MARKET_TYPE_AND_REGULATORY_ROLE_NOT_EVERY_SITE_IS_EQUITY_EXCHANGE,,UNKNOWN,AUTHORITATIVE_UNIVERSE_BOUNDARY_AND_ENTITY_IDENTIFICATION,PUBLIC_DIRECTORY_DISCOVERY_AND_FULL_EXPORT
https://WWW.TFSVOLBROKER.COM,MIC_REGISTERED_SITE,GB,FULL_LISTED_ISSUER_AND_SECURITY_DIRECTORY;FULL_MEMBER_OR_LICENSEE_DIRECTORY;SOURCE_TOTAL_AND_PAGINATION_RECONCILIATION;ISIN_LEI_MIC_LINKING,REVIEW_MARKET_TYPE_AND_REGULATORY_ROLE_NOT_EVERY_SITE_IS_EQUITY_EXCHANGE,200,UNKNOWN,AUTHORITATIVE_UNIVERSE_BOUNDARY_AND_ENTITY_IDENTIFICATION,PUBLIC_DIRECTORY_DISCOVERY_AND_FULL_EXPORT
https://WWW.TFX.CO.JP,MIC_REGISTERED_SITE,JP,FULL_LISTED_ISSUER_AND_SECURITY_DIRECTORY;FULL_MEMBER_OR_LICENSEE_DIRECTORY;SOURCE_TOTAL_AND_PAGINATION_RECONCILIATION;ISIN_LEI_MIC_LINKING,REVIEW_MARKET_TYPE_AND_REGULATORY_ROLE_NOT_EVERY_SITE_IS_EQUITY_EXCHANGE,200,UNKNOWN,AUTHORITATIVE_UNIVERSE_BOUNDARY_AND_ENTITY_IDENTIFICATION,PUBLIC_DIRECTORY_DISCOVERY_AND_FULL_EXPORT
https://WWW.TGE.OR.JP,MIC_REGISTERED_SITE,JP,FULL_LISTED_ISSUER_AND_SECURITY_DIRECTORY;FULL_MEMBER_OR_LICENSEE_DIRECTORY;SOURCE_TOTAL_AND_PAGINATION_RECONCILIATION;ISIN_LEI_MIC_LINKING,REVIEW_MARKET_TYPE_AND_REGULATORY_ROLE_NOT_EVERY_SITE_IS_EQUITY_EXCHANGE,,UNKNOWN,AUTHORITATIVE_UNIVERSE_BOUNDARY_AND_ENTITY_IDENTIFICATION,PUBLIC_DIRECTORY_DISCOVERY_AND_FULL_EXPORT
https://WWW.TGE.PL,MIC_REGISTERED_SITE,PL,FULL_LISTED_ISSUER_AND_SECURITY_DIRECTORY;FULL_MEMBER_OR_LICENSEE_DIRECTORY;SOURCE_TOTAL_AND_PAGINATION_RECONCILIATION;ISIN_LEI_MIC_LINKING,REVIEW_MARKET_TYPE_AND_REGULATORY_ROLE_NOT_EVERY_SITE_IS_EQUITY_EXCHANGE,200,UNKNOWN,AUTHORITATIVE_UNIVERSE_BOUNDARY_AND_ENTITY_IDENTIFICATION,PUBLIC_DIRECTORY_DISCOVERY_AND_FULL_EXPORT
https://WWW.TGSI.TRADE,MIC_REGISTERED_SITE,DE,FULL_LISTED_ISSUER_AND_SECURITY_DIRECTORY;FULL_MEMBER_OR_LICENSEE_DIRECTORY;SOURCE_TOTAL_AND_PAGINATION_RECONCILIATION;ISIN_LEI_MIC_LINKING,REVIEW_MARKET_TYPE_AND_REGULATORY_ROLE_NOT_EVERY_SITE_IS_EQUITY_EXCHANGE,200,UNKNOWN,AUTHORITATIVE_UNIVERSE_BOUNDARY_AND_ENTITY_IDENTIFICATION,PUBLIC_DIRECTORY_DISCOVERY_AND_FULL_EXPORT
https://WWW.THECIX.CA,MIC_REGISTERED_SITE,CA,FULL_LISTED_ISSUER_AND_SECURITY_DIRECTORY;FULL_MEMBER_OR_LICENSEE_DIRECTORY;SOURCE_TOTAL_AND_PAGINATION_RECONCILIATION;ISIN_LEI_MIC_LINKING,REVIEW_MARKET_TYPE_AND_REGULATORY_ROLE_NOT_EVERY_SITE_IS_EQUITY_EXCHANGE,200,UNKNOWN,AUTHORITATIVE_UNIVERSE_BOUNDARY_AND_ENTITY_IDENTIFICATION,PUBLIC_DIRECTORY_DISCOVERY_AND_FULL_EXPORT
https://WWW.THECSE.COM,MIC_REGISTERED_SITE,CA,FULL_LISTED_ISSUER_AND_SECURITY_DIRECTORY;FULL_MEMBER_OR_LICENSEE_DIRECTORY;SOURCE_TOTAL_AND_PAGINATION_RECONCILIATION;ISIN_LEI_MIC_LINKING,REVIEW_MARKET_TYPE_AND_REGULATORY_ROLE_NOT_EVERY_SITE_IS_EQUITY_EXCHANGE,200,UNKNOWN,AUTHORITATIVE_UNIVERSE_BOUNDARY_AND_ENTITY_IDENTIFICATION,PUBLIC_DIRECTORY_DISCOVERY_AND_FULL_EXPORT
https://WWW.THEICE.COM,MIC_REGISTERED_SITE,AE|CA|GB|NL|SG|US,FULL_LISTED_ISSUER_AND_SECURITY_DIRECTORY;FULL_MEMBER_OR_LICENSEE_DIRECTORY;SOURCE_TOTAL_AND_PAGINATION_RECONCILIATION;ISIN_LEI_MIC_LINKING,REVIEW_MARKET_TYPE_AND_REGULATORY_ROLE_NOT_EVERY_SITE_IS_EQUITY_EXCHANGE,200,UNKNOWN,AUTHORITATIVE_UNIVERSE_BOUNDARY_AND_ENTITY_IDENTIFICATION,PUBLIC_DIRECTORY_DISCOVERY_AND_FULL_EXPORT
https://WWW.THEICE.COM/ENDEX,MIC_REGISTERED_SITE,AE|CA|GB|NL|SG|US,FULL_LISTED_ISSUER_AND_SECURITY_DIRECTORY;FULL_MEMBER_OR_LICENSEE_DIRECTORY;SOURCE_TOTAL_AND_PAGINATION_RECONCILIATION;ISIN_LEI_MIC_LINKING,REVIEW_MARKET_TYPE_AND_REGULATORY_ROLE_NOT_EVERY_SITE_IS_EQUITY_EXCHANGE,200,UNKNOWN,AUTHORITATIVE_UNIVERSE_BOUNDARY_AND_ENTITY_IDENTIFICATION,PUBLIC_DIRECTORY_DISCOVERY_AND_FULL_EXPORT
https://WWW.THEICE.COM/IBA,MIC_REGISTERED_SITE,AE|CA|GB|NL|SG|US,FULL_LISTED_ISSUER_AND_SECURITY_DIRECTORY;FULL_MEMBER_OR_LICENSEE_DIRECTORY;SOURCE_TOTAL_AND_PAGINATION_RECONCILIATION;ISIN_LEI_MIC_LINKING,REVIEW_MARKET_TYPE_AND_REGULATORY_ROLE_NOT_EVERY_SITE_IS_EQUITY_EXCHANGE,200,UNKNOWN,AUTHORITATIVE_UNIVERSE_BOUNDARY_AND_ENTITY_IDENTIFICATION,PUBLIC_DIRECTORY_DISCOVERY_AND_FULL_EXPORT
https://WWW.THEJAVELIN.COM,MIC_REGISTERED_SITE,US,FULL_LISTED_ISSUER_AND_SECURITY_DIRECTORY;FULL_MEMBER_OR_LICENSEE_DIRECTORY;SOURCE_TOTAL_AND_PAGINATION_RECONCILIATION;ISIN_LEI_MIC_LINKING,REVIEW_MARKET_TYPE_AND_REGULATORY_ROLE_NOT_EVERY_SITE_IS_EQUITY_EXCHANGE,404,UNKNOWN,AUTHORITATIVE_UNIVERSE_BOUNDARY_AND_ENTITY_IDENTIFICATION,PUBLIC_DIRECTORY_DISCOVERY_AND_FULL_EXPORT
https://WWW.THELAMPOST.COM,MIC_REGISTERED_SITE,US,FULL_LISTED_ISSUER_AND_SECURITY_DIRECTORY;FULL_MEMBER_OR_LICENSEE_DIRECTORY;SOURCE_TOTAL_AND_PAGINATION_RECONCILIATION;ISIN_LEI_MIC_LINKING,REVIEW_MARKET_TYPE_AND_REGULATORY_ROLE_NOT_EVERY_SITE_IS_EQUITY_EXCHANGE,200,UNKNOWN,AUTHORITATIVE_UNIVERSE_BOUNDARY_AND_ENTITY_IDENTIFICATION,PUBLIC_DIRECTORY_DISCOVERY_AND_FULL_EXPORT
https://WWW.THELOOPFX.COM,MIC_REGISTERED_SITE,GB,FULL_LISTED_ISSUER_AND_SECURITY_DIRECTORY;FULL_MEMBER_OR_LICENSEE_DIRECTORY;SOURCE_TOTAL_AND_PAGINATION_RECONCILIATION;ISIN_LEI_MIC_LINKING,REVIEW_MARKET_TYPE_AND_REGULATORY_ROLE_NOT_EVERY_SITE_IS_EQUITY_EXCHANGE,200,UNKNOWN,AUTHORITATIVE_UNIVERSE_BOUNDARY_AND_ENTITY_IDENTIFICATION,PUBLIC_DIRECTORY_DISCOVERY_AND_FULL_EXPORT
https://WWW.THEMISTRADING.COM,MIC_REGISTERED_SITE,US,FULL_LISTED_ISSUER_AND_SECURITY_DIRECTORY;FULL_MEMBER_OR_LICENSEE_DIRECTORY;SOURCE_TOTAL_AND_PAGINATION_RECONCILIATION;ISIN_LEI_MIC_LINKING,REVIEW_MARKET_TYPE_AND_REGULATORY_ROLE_NOT_EVERY_SITE_IS_EQUITY_EXCHANGE,200,UNKNOWN,AUTHORITATIVE_UNIVERSE_BOUNDARY_AND_ENTITY_IDENTIFICATION,PUBLIC_DIRECTORY_DISCOVERY_AND_FULL_EXPORT
https://WWW.THEPROPERTYINVESTMENTMARKET.COM,MIC_REGISTERED_SITE,GB,FULL_LISTED_ISSUER_AND_SECURITY_DIRECTORY;FULL_MEMBER_OR_LICENSEE_DIRECTORY;SOURCE_TOTAL_AND_PAGINATION_RECONCILIATION;ISIN_LEI_MIC_LINKING,REVIEW_MARKET_TYPE_AND_REGULATORY_ROLE_NOT_EVERY_SITE_IS_EQUITY_EXCHANGE,,UNKNOWN,AUTHORITATIVE_UNIVERSE_BOUNDARY_AND_ENTITY_IDENTIFICATION,PUBLIC_DIRECTORY_DISCOVERY_AND_FULL_EXPORT
https://WWW.THESMALLEXCHANGE.COM,MIC_REGISTERED_SITE,US,FULL_LISTED_ISSUER_AND_SECURITY_DIRECTORY;FULL_MEMBER_OR_LICENSEE_DIRECTORY;SOURCE_TOTAL_AND_PAGINATION_RECONCILIATION;ISIN_LEI_MIC_LINKING,REVIEW_MARKET_TYPE_AND_REGULATORY_ROLE_NOT_EVERY_SITE_IS_EQUITY_EXCHANGE,200,UNKNOWN,AUTHORITATIVE_UNIVERSE_BOUNDARY_AND_ENTITY_IDENTIFICATION,PUBLIC_DIRECTORY_DISCOVERY_AND_FULL_EXPORT
https://WWW.TICAP.COM,MIC_REGISTERED_SITE,GB,FULL_LISTED_ISSUER_AND_SECURITY_DIRECTORY;FULL_MEMBER_OR_LICENSEE_DIRECTORY;SOURCE_TOTAL_AND_PAGINATION_RECONCILIATION;ISIN_LEI_MIC_LINKING,REVIEW_MARKET_TYPE_AND_REGULATORY_ROLE_NOT_EVERY_SITE_IS_EQUITY_EXCHANGE,,UNKNOWN,AUTHORITATIVE_UNIVERSE_BOUNDARY_AND_ENTITY_IDENTIFICATION,PUBLIC_DIRECTORY_DISCOVERY_AND_FULL_EXPORT
https://WWW.TIDECM.COM,MIC_REGISTERED_SITE,GB,FULL_LISTED_ISSUER_AND_SECURITY_DIRECTORY;FULL_MEMBER_OR_LICENSEE_DIRECTORY;SOURCE_TOTAL_AND_PAGINATION_RECONCILIATION;ISIN_LEI_MIC_LINKING,REVIEW_MARKET_TYPE_AND_REGULATORY_ROLE_NOT_EVERY_SITE_IS_EQUITY_EXCHANGE,,UNKNOWN,AUTHORITATIVE_UNIVERSE_BOUNDARY_AND_ENTITY_IDENTIFICATION,PUBLIC_DIRECTORY_DISCOVERY_AND_FULL_EXPORT
https://WWW.TISEGROUP.COM,MIC_REGISTERED_SITE,GG,FULL_LISTED_ISSUER_AND_SECURITY_DIRECTORY;FULL_MEMBER_OR_LICENSEE_DIRECTORY;SOURCE_TOTAL_AND_PAGINATION_RECONCILIATION;ISIN_LEI_MIC_LINKING,REVIEW_MARKET_TYPE_AND_REGULATORY_ROLE_NOT_EVERY_SITE_IS_EQUITY_EXCHANGE,200,UNKNOWN,AUTHORITATIVE_UNIVERSE_BOUNDARY_AND_ENTITY_IDENTIFICATION,PUBLIC_DIRECTORY_DISCOVERY_AND_FULL_EXPORT
https://WWW.TMX.COM,MIC_REGISTERED_SITE,CA,FULL_LISTED_ISSUER_AND_SECURITY_DIRECTORY;FULL_MEMBER_OR_LICENSEE_DIRECTORY;SOURCE_TOTAL_AND_PAGINATION_RECONCILIATION;ISIN_LEI_MIC_LINKING,REVIEW_MARKET_TYPE_AND_REGULATORY_ROLE_NOT_EVERY_SITE_IS_EQUITY_EXCHANGE,200,UNKNOWN,AUTHORITATIVE_UNIVERSE_BOUNDARY_AND_ENTITY_IDENTIFICATION,PUBLIC_DIRECTORY_DISCOVERY_AND_FULL_EXPORT
https://WWW.TMXALPHAUS.COM,MIC_REGISTERED_SITE,US,FULL_LISTED_ISSUER_AND_SECURITY_DIRECTORY;FULL_MEMBER_OR_LICENSEE_DIRECTORY;SOURCE_TOTAL_AND_PAGINATION_RECONCILIATION;ISIN_LEI_MIC_LINKING,REVIEW_MARKET_TYPE_AND_REGULATORY_ROLE_NOT_EVERY_SITE_IS_EQUITY_EXCHANGE,200,UNKNOWN,AUTHORITATIVE_UNIVERSE_BOUNDARY_AND_ENTITY_IDENTIFICATION,PUBLIC_DIRECTORY_DISCOVERY_AND_FULL_EXPORT
https://WWW.TMXAUSTRALIA.COM,MIC_REGISTERED_SITE,AU,FULL_LISTED_ISSUER_AND_SECURITY_DIRECTORY;FULL_MEMBER_OR_LICENSEE_DIRECTORY;SOURCE_TOTAL_AND_PAGINATION_RECONCILIATION;ISIN_LEI_MIC_LINKING,REVIEW_MARKET_TYPE_AND_REGULATORY_ROLE_NOT_EVERY_SITE_IS_EQUITY_EXCHANGE,200,UNKNOWN,AUTHORITATIVE_UNIVERSE_BOUNDARY_AND_ENTITY_IDENTIFICATION,PUBLIC_DIRECTORY_DISCOVERY_AND_FULL_EXPORT
https://WWW.TOMMTF.EU,MIC_REGISTERED_SITE,NL,FULL_LISTED_ISSUER_AND_SECURITY_DIRECTORY;FULL_MEMBER_OR_LICENSEE_DIRECTORY;SOURCE_TOTAL_AND_PAGINATION_RECONCILIATION;ISIN_LEI_MIC_LINKING,REVIEW_MARKET_TYPE_AND_REGULATORY_ROLE_NOT_EVERY_SITE_IS_EQUITY_EXCHANGE,,UNKNOWN,AUTHORITATIVE_UNIVERSE_BOUNDARY_AND_ENTITY_IDENTIFICATION,PUBLIC_DIRECTORY_DISCOVERY_AND_FULL_EXPORT
https://WWW.TORA.COM,MIC_REGISTERED_SITE,HK,FULL_LISTED_ISSUER_AND_SECURITY_DIRECTORY;FULL_MEMBER_OR_LICENSEE_DIRECTORY;SOURCE_TOTAL_AND_PAGINATION_RECONCILIATION;ISIN_LEI_MIC_LINKING,REVIEW_MARKET_TYPE_AND_REGULATORY_ROLE_NOT_EVERY_SITE_IS_EQUITY_EXCHANGE,200,UNKNOWN,AUTHORITATIVE_UNIVERSE_BOUNDARY_AND_ENTITY_IDENTIFICATION,PUBLIC_DIRECTORY_DISCOVERY_AND_FULL_EXPORT
https://WWW.TORBROKERAGE.COM,MIC_REGISTERED_SITE,US,FULL_LISTED_ISSUER_AND_SECURITY_DIRECTORY;FULL_MEMBER_OR_LICENSEE_DIRECTORY;SOURCE_TOTAL_AND_PAGINATION_RECONCILIATION;ISIN_LEI_MIC_LINKING,REVIEW_MARKET_TYPE_AND_REGULATORY_ROLE_NOT_EVERY_SITE_IS_EQUITY_EXCHANGE,200,UNKNOWN,AUTHORITATIVE_UNIVERSE_BOUNDARY_AND_ENTITY_IDENTIFICATION,PUBLIC_DIRECTORY_DISCOVERY_AND_FULL_EXPORT
https://WWW.TOTANICAP.COM,MIC_REGISTERED_SITE,JP,FULL_LISTED_ISSUER_AND_SECURITY_DIRECTORY;FULL_MEMBER_OR_LICENSEE_DIRECTORY;SOURCE_TOTAL_AND_PAGINATION_RECONCILIATION;ISIN_LEI_MIC_LINKING,REVIEW_MARKET_TYPE_AND_REGULATORY_ROLE_NOT_EVERY_SITE_IS_EQUITY_EXCHANGE,200,UNKNOWN,AUTHORITATIVE_UNIVERSE_BOUNDARY_AND_ENTITY_IDENTIFICATION,PUBLIC_DIRECTORY_DISCOVERY_AND_FULL_EXPORT
https://WWW.TOWER-RESEARCH.COM,MIC_REGISTERED_SITE,GB|NL|US,FULL_LISTED_ISSUER_AND_SECURITY_DIRECTORY;FULL_MEMBER_OR_LICENSEE_DIRECTORY;SOURCE_TOTAL_AND_PAGINATION_RECONCILIATION;ISIN_LEI_MIC_LINKING,REVIEW_MARKET_TYPE_AND_REGULATORY_ROLE_NOT_EVERY_SITE_IS_EQUITY_EXCHANGE,200,UNKNOWN,AUTHORITATIVE_UNIVERSE_BOUNDARY_AND_ENTITY_IDENTIFICATION,PUBLIC_DIRECTORY_DISCOVERY_AND_FULL_EXPORT
https://WWW.TPEX.ORG.TW,MIC_REGISTERED_SITE,TW,FULL_LISTED_ISSUER_AND_SECURITY_DIRECTORY;FULL_MEMBER_OR_LICENSEE_DIRECTORY;SOURCE_TOTAL_AND_PAGINATION_RECONCILIATION;ISIN_LEI_MIC_LINKING,REVIEW_MARKET_TYPE_AND_REGULATORY_ROLE_NOT_EVERY_SITE_IS_EQUITY_EXCHANGE,200,UNKNOWN,AUTHORITATIVE_UNIVERSE_BOUNDARY_AND_ENTITY_IDENTIFICATION,PUBLIC_DIRECTORY_DISCOVERY_AND_FULL_EXPORT
https://WWW.TPICAP.COM,MIC_REGISTERED_SITE,ES|FR|GB|NL|SG|US,FULL_LISTED_ISSUER_AND_SECURITY_DIRECTORY;FULL_MEMBER_OR_LICENSEE_DIRECTORY;SOURCE_TOTAL_AND_PAGINATION_RECONCILIATION;ISIN_LEI_MIC_LINKING,REVIEW_MARKET_TYPE_AND_REGULATORY_ROLE_NOT_EVERY_SITE_IS_EQUITY_EXCHANGE,,UNKNOWN,AUTHORITATIVE_UNIVERSE_BOUNDARY_AND_ENTITY_IDENTIFICATION,PUBLIC_DIRECTORY_DISCOVERY_AND_FULL_EXPORT
https://WWW.TPICAP.COM/TPICAP/REGULATORY-HUB,MIC_REGISTERED_SITE,ES|FR|GB|NL|SG|US,FULL_LISTED_ISSUER_AND_SECURITY_DIRECTORY;FULL_MEMBER_OR_LICENSEE_DIRECTORY;SOURCE_TOTAL_AND_PAGINATION_RECONCILIATION;ISIN_LEI_MIC_LINKING,REVIEW_MARKET_TYPE_AND_REGULATORY_ROLE_NOT_EVERY_SITE_IS_EQUITY_EXCHANGE,,UNKNOWN,AUTHORITATIVE_UNIVERSE_BOUNDARY_AND_ENTITY_IDENTIFICATION,PUBLIC_DIRECTORY_DISCOVERY_AND_FULL_EXPORT
https://WWW.TR.MUFG.JP/ENGLISH/OURSERVICES/ADMINISTRATION/MUTI.HTML,MIC_REGISTERED_SITE,GB,FULL_LISTED_ISSUER_AND_SECURITY_DIRECTORY;FULL_MEMBER_OR_LICENSEE_DIRECTORY;SOURCE_TOTAL_AND_PAGINATION_RECONCILIATION;ISIN_LEI_MIC_LINKING,REVIEW_MARKET_TYPE_AND_REGULATORY_ROLE_NOT_EVERY_SITE_IS_EQUITY_EXCHANGE,404,UNKNOWN,AUTHORITATIVE_UNIVERSE_BOUNDARY_AND_ENTITY_IDENTIFICATION,PUBLIC_DIRECTORY_DISCOVERY_AND_FULL_EXPORT
https://WWW.TRACKECN.COM,MIC_REGISTERED_SITE,US,FULL_LISTED_ISSUER_AND_SECURITY_DIRECTORY;FULL_MEMBER_OR_LICENSEE_DIRECTORY;SOURCE_TOTAL_AND_PAGINATION_RECONCILIATION;ISIN_LEI_MIC_LINKING,REVIEW_MARKET_TYPE_AND_REGULATORY_ROLE_NOT_EVERY_SITE_IS_EQUITY_EXCHANGE,404,UNKNOWN,AUTHORITATIVE_UNIVERSE_BOUNDARY_AND_ENTITY_IDENTIFICATION,PUBLIC_DIRECTORY_DISCOVERY_AND_FULL_EXPORT
https://WWW.TRAD-X.COM,MIC_REGISTERED_SITE,FR,FULL_LISTED_ISSUER_AND_SECURITY_DIRECTORY;FULL_MEMBER_OR_LICENSEE_DIRECTORY;SOURCE_TOTAL_AND_PAGINATION_RECONCILIATION;ISIN_LEI_MIC_LINKING,REVIEW_MARKET_TYPE_AND_REGULATORY_ROLE_NOT_EVERY_SITE_IS_EQUITY_EXCHANGE,200,UNKNOWN,AUTHORITATIVE_UNIVERSE_BOUNDARY_AND_ENTITY_IDENTIFICATION,PUBLIC_DIRECTORY_DISCOVERY_AND_FULL_EXPORT
https://WWW.TRADECHO.COM,MIC_REGISTERED_SITE,NL,FULL_LISTED_ISSUER_AND_SECURITY_DIRECTORY;FULL_MEMBER_OR_LICENSEE_DIRECTORY;SOURCE_TOTAL_AND_PAGINATION_RECONCILIATION;ISIN_LEI_MIC_LINKING,REVIEW_MARKET_TYPE_AND_REGULATORY_ROLE_NOT_EVERY_SITE_IS_EQUITY_EXCHANGE,,UNKNOWN,AUTHORITATIVE_UNIVERSE_BOUNDARY_AND_ENTITY_IDENTIFICATION,PUBLIC_DIRECTORY_DISCOVERY_AND_FULL_EXPORT
https://WWW.TRADEGATE.DE,MIC_REGISTERED_SITE,DE,FULL_LISTED_ISSUER_AND_SECURITY_DIRECTORY;FULL_MEMBER_OR_LICENSEE_DIRECTORY;SOURCE_TOTAL_AND_PAGINATION_RECONCILIATION;ISIN_LEI_MIC_LINKING,REVIEW_MARKET_TYPE_AND_REGULATORY_ROLE_NOT_EVERY_SITE_IS_EQUITY_EXCHANGE,200,UNKNOWN,AUTHORITATIVE_UNIVERSE_BOUNDARY_AND_ENTITY_IDENTIFICATION,PUBLIC_DIRECTORY_DISCOVERY_AND_FULL_EXPORT
https://WWW.TRADEGATEBSX.COM,MIC_REGISTERED_SITE,DE,FULL_LISTED_ISSUER_AND_SECURITY_DIRECTORY;FULL_MEMBER_OR_LICENSEE_DIRECTORY;SOURCE_TOTAL_AND_PAGINATION_RECONCILIATION;ISIN_LEI_MIC_LINKING,REVIEW_MARKET_TYPE_AND_REGULATORY_ROLE_NOT_EVERY_SITE_IS_EQUITY_EXCHANGE,200,UNKNOWN,AUTHORITATIVE_UNIVERSE_BOUNDARY_AND_ENTITY_IDENTIFICATION,PUBLIC_DIRECTORY_DISCOVERY_AND_FULL_EXPORT
https://WWW.TRADEREPUBLIC.COM,MIC_REGISTERED_SITE,DE,FULL_LISTED_ISSUER_AND_SECURITY_DIRECTORY;FULL_MEMBER_OR_LICENSEE_DIRECTORY;SOURCE_TOTAL_AND_PAGINATION_RECONCILIATION;ISIN_LEI_MIC_LINKING,REVIEW_MARKET_TYPE_AND_REGULATORY_ROLE_NOT_EVERY_SITE_IS_EQUITY_EXCHANGE,200,UNKNOWN,AUTHORITATIVE_UNIVERSE_BOUNDARY_AND_ENTITY_IDENTIFICATION,PUBLIC_DIRECTORY_DISCOVERY_AND_FULL_EXPORT
https://WWW.TRADETURQUOISE.COM,MIC_REGISTERED_SITE,GB,FULL_LISTED_ISSUER_AND_SECURITY_DIRECTORY;FULL_MEMBER_OR_LICENSEE_DIRECTORY;SOURCE_TOTAL_AND_PAGINATION_RECONCILIATION;ISIN_LEI_MIC_LINKING,REVIEW_MARKET_TYPE_AND_REGULATORY_ROLE_NOT_EVERY_SITE_IS_EQUITY_EXCHANGE,200,UNKNOWN,AUTHORITATIVE_UNIVERSE_BOUNDARY_AND_ENTITY_IDENTIFICATION,PUBLIC_DIRECTORY_DISCOVERY_AND_FULL_EXPORT
https://WWW.TRADEWEB.COM,MIC_REGISTERED_SITE,GB|HK|JP|NL|SA|SG|US,FULL_LISTED_ISSUER_AND_SECURITY_DIRECTORY;FULL_MEMBER_OR_LICENSEE_DIRECTORY;SOURCE_TOTAL_AND_PAGINATION_RECONCILIATION;ISIN_LEI_MIC_LINKING,REVIEW_MARKET_TYPE_AND_REGULATORY_ROLE_NOT_EVERY_SITE_IS_EQUITY_EXCHANGE,200,UNKNOWN,AUTHORITATIVE_UNIVERSE_BOUNDARY_AND_ENTITY_IDENTIFICATION,PUBLIC_DIRECTORY_DISCOVERY_AND_FULL_EXPORT
https://WWW.TRADING212.COM,MIC_REGISTERED_SITE,BG|CY|GB|IE,FULL_LISTED_ISSUER_AND_SECURITY_DIRECTORY;FULL_MEMBER_OR_LICENSEE_DIRECTORY;SOURCE_TOTAL_AND_PAGINATION_RECONCILIATION;ISIN_LEI_MIC_LINKING,REVIEW_MARKET_TYPE_AND_REGULATORY_ROLE_NOT_EVERY_SITE_IS_EQUITY_EXCHANGE,403,UNKNOWN,AUTHORITATIVE_UNIVERSE_BOUNDARY_AND_ENTITY_IDENTIFICATION,PUBLIC_DIRECTORY_DISCOVERY_AND_FULL_EXPORT
https://WWW.TRADINGSCREEN.COM,MIC_REGISTERED_SITE,FR,FULL_LISTED_ISSUER_AND_SECURITY_DIRECTORY;FULL_MEMBER_OR_LICENSEE_DIRECTORY;SOURCE_TOTAL_AND_PAGINATION_RECONCILIATION;ISIN_LEI_MIC_LINKING,REVIEW_MARKET_TYPE_AND_REGULATORY_ROLE_NOT_EVERY_SITE_IS_EQUITY_EXCHANGE,200,UNKNOWN,AUTHORITATIVE_UNIVERSE_BOUNDARY_AND_ENTITY_IDENTIFICATION,PUBLIC_DIRECTORY_DISCOVERY_AND_FULL_EXPORT
https://WWW.TRADITION.CO.UK,MIC_REGISTERED_SITE,GB,FULL_LISTED_ISSUER_AND_SECURITY_DIRECTORY;FULL_MEMBER_OR_LICENSEE_DIRECTORY;SOURCE_TOTAL_AND_PAGINATION_RECONCILIATION;ISIN_LEI_MIC_LINKING,REVIEW_MARKET_TYPE_AND_REGULATORY_ROLE_NOT_EVERY_SITE_IS_EQUITY_EXCHANGE,,UNKNOWN,AUTHORITATIVE_UNIVERSE_BOUNDARY_AND_ENTITY_IDENTIFICATION,PUBLIC_DIRECTORY_DISCOVERY_AND_FULL_EXPORT
https://WWW.TRADITION.COM,MIC_REGISTERED_SITE,ES|GB|HK|SG|US,FULL_LISTED_ISSUER_AND_SECURITY_DIRECTORY;FULL_MEMBER_OR_LICENSEE_DIRECTORY;SOURCE_TOTAL_AND_PAGINATION_RECONCILIATION;ISIN_LEI_MIC_LINKING,REVIEW_MARKET_TYPE_AND_REGULATORY_ROLE_NOT_EVERY_SITE_IS_EQUITY_EXCHANGE,200,UNKNOWN,AUTHORITATIVE_UNIVERSE_BOUNDARY_AND_ENTITY_IDENTIFICATION,PUBLIC_DIRECTORY_DISCOVERY_AND_FULL_EXPORT
https://WWW.TRADITIONASIA.COM,MIC_REGISTERED_SITE,SG,FULL_LISTED_ISSUER_AND_SECURITY_DIRECTORY;FULL_MEMBER_OR_LICENSEE_DIRECTORY;SOURCE_TOTAL_AND_PAGINATION_RECONCILIATION;ISIN_LEI_MIC_LINKING,REVIEW_MARKET_TYPE_AND_REGULATORY_ROLE_NOT_EVERY_SITE_IS_EQUITY_EXCHANGE,403,UNKNOWN,AUTHORITATIVE_UNIVERSE_BOUNDARY_AND_ENTITY_IDENTIFICATION,PUBLIC_DIRECTORY_DISCOVERY_AND_FULL_EXPORT
https://WWW.TRADITIONASIA.COM/SGRMO,MIC_REGISTERED_SITE,SG,FULL_LISTED_ISSUER_AND_SECURITY_DIRECTORY;FULL_MEMBER_OR_LICENSEE_DIRECTORY;SOURCE_TOTAL_AND_PAGINATION_RECONCILIATION;ISIN_LEI_MIC_LINKING,REVIEW_MARKET_TYPE_AND_REGULATORY_ROLE_NOT_EVERY_SITE_IS_EQUITY_EXCHANGE,403,UNKNOWN,AUTHORITATIVE_UNIVERSE_BOUNDARY_AND_ENTITY_IDENTIFICATION,PUBLIC_DIRECTORY_DISCOVERY_AND_FULL_EXPORT
https://WWW.TRADITIONSEF.COM,MIC_REGISTERED_SITE,US,FULL_LISTED_ISSUER_AND_SECURITY_DIRECTORY;FULL_MEMBER_OR_LICENSEE_DIRECTORY;SOURCE_TOTAL_AND_PAGINATION_RECONCILIATION;ISIN_LEI_MIC_LINKING,REVIEW_MARKET_TYPE_AND_REGULATORY_ROLE_NOT_EVERY_SITE_IS_EQUITY_EXCHANGE,200,UNKNOWN,AUTHORITATIVE_UNIVERSE_BOUNDARY_AND_ENTITY_IDENTIFICATION,PUBLIC_DIRECTORY_DISCOVERY_AND_FULL_EXPORT
https://WWW.TRAIANA.COM,MIC_REGISTERED_SITE,US,FULL_LISTED_ISSUER_AND_SECURITY_DIRECTORY;FULL_MEMBER_OR_LICENSEE_DIRECTORY;SOURCE_TOTAL_AND_PAGINATION_RECONCILIATION;ISIN_LEI_MIC_LINKING,REVIEW_MARKET_TYPE_AND_REGULATORY_ROLE_NOT_EVERY_SITE_IS_EQUITY_EXCHANGE,,UNKNOWN,AUTHORITATIVE_UNIVERSE_BOUNDARY_AND_ENTITY_IDENTIFICATION,PUBLIC_DIRECTORY_DISCOVERY_AND_FULL_EXPORT
https://WWW.TRANSACTIONSOLUTIONS.DE,MIC_REGISTERED_SITE,DE,FULL_LISTED_ISSUER_AND_SECURITY_DIRECTORY;FULL_MEMBER_OR_LICENSEE_DIRECTORY;SOURCE_TOTAL_AND_PAGINATION_RECONCILIATION;ISIN_LEI_MIC_LINKING,REVIEW_MARKET_TYPE_AND_REGULATORY_ROLE_NOT_EVERY_SITE_IS_EQUITY_EXCHANGE,,UNKNOWN,AUTHORITATIVE_UNIVERSE_BOUNDARY_AND_ENTITY_IDENTIFICATION,PUBLIC_DIRECTORY_DISCOVERY_AND_FULL_EXPORT
https://WWW.TRUEEX.COM,MIC_REGISTERED_SITE,US,FULL_LISTED_ISSUER_AND_SECURITY_DIRECTORY;FULL_MEMBER_OR_LICENSEE_DIRECTORY;SOURCE_TOTAL_AND_PAGINATION_RECONCILIATION;ISIN_LEI_MIC_LINKING,REVIEW_MARKET_TYPE_AND_REGULATORY_ROLE_NOT_EVERY_SITE_IS_EQUITY_EXCHANGE,,UNKNOWN,AUTHORITATIVE_UNIVERSE_BOUNDARY_AND_ENTITY_IDENTIFICATION,PUBLIC_DIRECTORY_DISCOVERY_AND_FULL_EXPORT
https://WWW.TRUMID.COM,MIC_REGISTERED_SITE,GB|IE|US,FULL_LISTED_ISSUER_AND_SECURITY_DIRECTORY;FULL_MEMBER_OR_LICENSEE_DIRECTORY;SOURCE_TOTAL_AND_PAGINATION_RECONCILIATION;ISIN_LEI_MIC_LINKING,REVIEW_MARKET_TYPE_AND_REGULATORY_ROLE_NOT_EVERY_SITE_IS_EQUITY_EXCHANGE,200,UNKNOWN,AUTHORITATIVE_UNIVERSE_BOUNDARY_AND_ENTITY_IDENTIFICATION,PUBLIC_DIRECTORY_DISCOVERY_AND_FULL_EXPORT
https://WWW.TRZISTENOVCA.HR,MIC_REGISTERED_SITE,HR,FULL_LISTED_ISSUER_AND_SECURITY_DIRECTORY;FULL_MEMBER_OR_LICENSEE_DIRECTORY;SOURCE_TOTAL_AND_PAGINATION_RECONCILIATION;ISIN_LEI_MIC_LINKING,REVIEW_MARKET_TYPE_AND_REGULATORY_ROLE_NOT_EVERY_SITE_IS_EQUITY_EXCHANGE,,UNKNOWN,AUTHORITATIVE_UNIVERSE_BOUNDARY_AND_ENTITY_IDENTIFICATION,PUBLIC_DIRECTORY_DISCOVERY_AND_FULL_EXPORT
https://WWW.TSAF-PARIS.COM,MIC_REGISTERED_SITE,FR,FULL_LISTED_ISSUER_AND_SECURITY_DIRECTORY;FULL_MEMBER_OR_LICENSEE_DIRECTORY;SOURCE_TOTAL_AND_PAGINATION_RECONCILIATION;ISIN_LEI_MIC_LINKING,REVIEW_MARKET_TYPE_AND_REGULATORY_ROLE_NOT_EVERY_SITE_IS_EQUITY_EXCHANGE,200,UNKNOWN,AUTHORITATIVE_UNIVERSE_BOUNDARY_AND_ENTITY_IDENTIFICATION,PUBLIC_DIRECTORY_DISCOVERY_AND_FULL_EXPORT
https://WWW.TSE.COM,MIC_REGISTERED_SITE,CA,FULL_LISTED_ISSUER_AND_SECURITY_DIRECTORY;FULL_MEMBER_OR_LICENSEE_DIRECTORY;SOURCE_TOTAL_AND_PAGINATION_RECONCILIATION;ISIN_LEI_MIC_LINKING,REVIEW_MARKET_TYPE_AND_REGULATORY_ROLE_NOT_EVERY_SITE_IS_EQUITY_EXCHANGE,,UNKNOWN,AUTHORITATIVE_UNIVERSE_BOUNDARY_AND_ENTITY_IDENTIFICATION,PUBLIC_DIRECTORY_DISCOVERY_AND_FULL_EXPORT
https://WWW.TSE.IR,MIC_REGISTERED_SITE,IR,FULL_LISTED_ISSUER_AND_SECURITY_DIRECTORY;FULL_MEMBER_OR_LICENSEE_DIRECTORY;SOURCE_TOTAL_AND_PAGINATION_RECONCILIATION;ISIN_LEI_MIC_LINKING,REVIEW_MARKET_TYPE_AND_REGULATORY_ROLE_NOT_EVERY_SITE_IS_EQUITY_EXCHANGE,,UNKNOWN,AUTHORITATIVE_UNIVERSE_BOUNDARY_AND_ENTITY_IDENTIFICATION,PUBLIC_DIRECTORY_DISCOVERY_AND_FULL_EXPORT
https://WWW.TSX.COM,MIC_REGISTERED_SITE,CA,FULL_LISTED_ISSUER_AND_SECURITY_DIRECTORY;FULL_MEMBER_OR_LICENSEE_DIRECTORY;SOURCE_TOTAL_AND_PAGINATION_RECONCILIATION;ISIN_LEI_MIC_LINKING,REVIEW_MARKET_TYPE_AND_REGULATORY_ROLE_NOT_EVERY_SITE_IS_EQUITY_EXCHANGE,200,UNKNOWN,AUTHORITATIVE_UNIVERSE_BOUNDARY_AND_ENTITY_IDENTIFICATION,PUBLIC_DIRECTORY_DISCOVERY_AND_FULL_EXPORT
https://WWW.TSX.COM/EN/NEX,MIC_REGISTERED_SITE,CA,FULL_LISTED_ISSUER_AND_SECURITY_DIRECTORY;FULL_MEMBER_OR_LICENSEE_DIRECTORY;SOURCE_TOTAL_AND_PAGINATION_RECONCILIATION;ISIN_LEI_MIC_LINKING,REVIEW_MARKET_TYPE_AND_REGULATORY_ROLE_NOT_EVERY_SITE_IS_EQUITY_EXCHANGE,404,UNKNOWN,AUTHORITATIVE_UNIVERSE_BOUNDARY_AND_ENTITY_IDENTIFICATION,PUBLIC_DIRECTORY_DISCOVERY_AND_FULL_EXPORT
https://WWW.TULLETTPREBON.COM,MIC_REGISTERED_SITE,DE|GB|US,FULL_LISTED_ISSUER_AND_SECURITY_DIRECTORY;FULL_MEMBER_OR_LICENSEE_DIRECTORY;SOURCE_TOTAL_AND_PAGINATION_RECONCILIATION;ISIN_LEI_MIC_LINKING,REVIEW_MARKET_TYPE_AND_REGULATORY_ROLE_NOT_EVERY_SITE_IS_EQUITY_EXCHANGE,,UNKNOWN,AUTHORITATIVE_UNIVERSE_BOUNDARY_AND_ENTITY_IDENTIFICATION,PUBLIC_DIRECTORY_DISCOVERY_AND_FULL_EXPORT
https://WWW.TURIB.COM.TR,MIC_REGISTERED_SITE,TR,FULL_LISTED_ISSUER_AND_SECURITY_DIRECTORY;FULL_MEMBER_OR_LICENSEE_DIRECTORY;SOURCE_TOTAL_AND_PAGINATION_RECONCILIATION;ISIN_LEI_MIC_LINKING,REVIEW_MARKET_TYPE_AND_REGULATORY_ROLE_NOT_EVERY_SITE_IS_EQUITY_EXCHANGE,200,UNKNOWN,AUTHORITATIVE_UNIVERSE_BOUNDARY_AND_ENTITY_IDENTIFICATION,PUBLIC_DIRECTORY_DISCOVERY_AND_FULL_EXPORT
https://WWW.TURKDEX.ORG.TR,MIC_REGISTERED_SITE,TR,FULL_LISTED_ISSUER_AND_SECURITY_DIRECTORY;FULL_MEMBER_OR_LICENSEE_DIRECTORY;SOURCE_TOTAL_AND_PAGINATION_RECONCILIATION;ISIN_LEI_MIC_LINKING,REVIEW_MARKET_TYPE_AND_REGULATORY_ROLE_NOT_EVERY_SITE_IS_EQUITY_EXCHANGE,,UNKNOWN,AUTHORITATIVE_UNIVERSE_BOUNDARY_AND_ENTITY_IDENTIFICATION,PUBLIC_DIRECTORY_DISCOVERY_AND_FULL_EXPORT
https://WWW.TWOSIGMASECURITIES.COM,MIC_REGISTERED_SITE,US,FULL_LISTED_ISSUER_AND_SECURITY_DIRECTORY;FULL_MEMBER_OR_LICENSEE_DIRECTORY;SOURCE_TOTAL_AND_PAGINATION_RECONCILIATION;ISIN_LEI_MIC_LINKING,REVIEW_MARKET_TYPE_AND_REGULATORY_ROLE_NOT_EVERY_SITE_IS_EQUITY_EXCHANGE,,UNKNOWN,AUTHORITATIVE_UNIVERSE_BOUNDARY_AND_ENTITY_IDENTIFICATION,PUBLIC_DIRECTORY_DISCOVERY_AND_FULL_EXPORT
https://WWW.TWSE.COM.TW/EN/,MIC_REGISTERED_SITE,TW,FULL_LISTED_ISSUER_AND_SECURITY_DIRECTORY;FULL_MEMBER_OR_LICENSEE_DIRECTORY;SOURCE_TOTAL_AND_PAGINATION_RECONCILIATION;ISIN_LEI_MIC_LINKING,REVIEW_MARKET_TYPE_AND_REGULATORY_ROLE_NOT_EVERY_SITE_IS_EQUITY_EXCHANGE,200,UNKNOWN,AUTHORITATIVE_UNIVERSE_BOUNDARY_AND_ENTITY_IDENTIFICATION,PUBLIC_DIRECTORY_DISCOVERY_AND_FULL_EXPORT
https://WWW.TXSE.COM,MIC_REGISTERED_SITE,US,FULL_LISTED_ISSUER_AND_SECURITY_DIRECTORY;FULL_MEMBER_OR_LICENSEE_DIRECTORY;SOURCE_TOTAL_AND_PAGINATION_RECONCILIATION;ISIN_LEI_MIC_LINKING,REVIEW_MARKET_TYPE_AND_REGULATORY_ROLE_NOT_EVERY_SITE_IS_EQUITY_EXCHANGE,200,UNKNOWN,AUTHORITATIVE_UNIVERSE_BOUNDARY_AND_ENTITY_IDENTIFICATION,PUBLIC_DIRECTORY_DISCOVERY_AND_FULL_EXPORT
https://WWW.UBIBANCA.IT,MIC_REGISTERED_SITE,IT,FULL_LISTED_ISSUER_AND_SECURITY_DIRECTORY;FULL_MEMBER_OR_LICENSEE_DIRECTORY;SOURCE_TOTAL_AND_PAGINATION_RECONCILIATION;ISIN_LEI_MIC_LINKING,REVIEW_MARKET_TYPE_AND_REGULATORY_ROLE_NOT_EVERY_SITE_IS_EQUITY_EXCHANGE,200,UNKNOWN,AUTHORITATIVE_UNIVERSE_BOUNDARY_AND_ENTITY_IDENTIFICATION,PUBLIC_DIRECTORY_DISCOVERY_AND_FULL_EXPORT
https://WWW.UBS.COM,MIC_REGISTERED_SITE,CH|DE|GB|US,FULL_LISTED_ISSUER_AND_SECURITY_DIRECTORY;FULL_MEMBER_OR_LICENSEE_DIRECTORY;SOURCE_TOTAL_AND_PAGINATION_RECONCILIATION;ISIN_LEI_MIC_LINKING,REVIEW_MARKET_TYPE_AND_REGULATORY_ROLE_NOT_EVERY_SITE_IS_EQUITY_EXCHANGE,403,UNKNOWN,AUTHORITATIVE_UNIVERSE_BOUNDARY_AND_ENTITY_IDENTIFICATION,PUBLIC_DIRECTORY_DISCOVERY_AND_FULL_EXPORT
https://WWW.UBS.COM/ATS,MIC_REGISTERED_SITE,CH|DE|GB|US,FULL_LISTED_ISSUER_AND_SECURITY_DIRECTORY;FULL_MEMBER_OR_LICENSEE_DIRECTORY;SOURCE_TOTAL_AND_PAGINATION_RECONCILIATION;ISIN_LEI_MIC_LINKING,REVIEW_MARKET_TYPE_AND_REGULATORY_ROLE_NOT_EVERY_SITE_IS_EQUITY_EXCHANGE,403,UNKNOWN,AUTHORITATIVE_UNIVERSE_BOUNDARY_AND_ENTITY_IDENTIFICATION,PUBLIC_DIRECTORY_DISCOVERY_AND_FULL_EXPORT
https://WWW.UBS.COM/MTF,MIC_REGISTERED_SITE,CH|DE|GB|US,FULL_LISTED_ISSUER_AND_SECURITY_DIRECTORY;FULL_MEMBER_OR_LICENSEE_DIRECTORY;SOURCE_TOTAL_AND_PAGINATION_RECONCILIATION;ISIN_LEI_MIC_LINKING,REVIEW_MARKET_TYPE_AND_REGULATORY_ROLE_NOT_EVERY_SITE_IS_EQUITY_EXCHANGE,403,UNKNOWN,AUTHORITATIVE_UNIVERSE_BOUNDARY_AND_ENTITY_IDENTIFICATION,PUBLIC_DIRECTORY_DISCOVERY_AND_FULL_EXPORT
https://WWW.UFEX.COM.UY,MIC_REGISTERED_SITE,UY,FULL_LISTED_ISSUER_AND_SECURITY_DIRECTORY;FULL_MEMBER_OR_LICENSEE_DIRECTORY;SOURCE_TOTAL_AND_PAGINATION_RECONCILIATION;ISIN_LEI_MIC_LINKING,REVIEW_MARKET_TYPE_AND_REGULATORY_ROLE_NOT_EVERY_SITE_IS_EQUITY_EXCHANGE,200,UNKNOWN,AUTHORITATIVE_UNIVERSE_BOUNDARY_AND_ENTITY_IDENTIFICATION,PUBLIC_DIRECTORY_DISCOVERY_AND_FULL_EXPORT
https://WWW.UICEGROUP.COM,MIC_REGISTERED_SITE,UA,FULL_LISTED_ISSUER_AND_SECURITY_DIRECTORY;FULL_MEMBER_OR_LICENSEE_DIRECTORY;SOURCE_TOTAL_AND_PAGINATION_RECONCILIATION;ISIN_LEI_MIC_LINKING,REVIEW_MARKET_TYPE_AND_REGULATORY_ROLE_NOT_EVERY_SITE_IS_EQUITY_EXCHANGE,403,UNKNOWN,AUTHORITATIVE_UNIVERSE_BOUNDARY_AND_ENTITY_IDENTIFICATION,PUBLIC_DIRECTORY_DISCOVERY_AND_FULL_EXPORT
https://WWW.UK.DAIWACM.COM,MIC_REGISTERED_SITE,GB,FULL_LISTED_ISSUER_AND_SECURITY_DIRECTORY;FULL_MEMBER_OR_LICENSEE_DIRECTORY;SOURCE_TOTAL_AND_PAGINATION_RECONCILIATION;ISIN_LEI_MIC_LINKING,REVIEW_MARKET_TYPE_AND_REGULATORY_ROLE_NOT_EVERY_SITE_IS_EQUITY_EXCHANGE,,UNKNOWN,AUTHORITATIVE_UNIVERSE_BOUNDARY_AND_ENTITY_IDENTIFICATION,PUBLIC_DIRECTORY_DISCOVERY_AND_FULL_EXPORT
https://WWW.UKRSE.KIEV.UA,MIC_REGISTERED_SITE,UA,FULL_LISTED_ISSUER_AND_SECURITY_DIRECTORY;FULL_MEMBER_OR_LICENSEE_DIRECTORY;SOURCE_TOTAL_AND_PAGINATION_RECONCILIATION;ISIN_LEI_MIC_LINKING,REVIEW_MARKET_TYPE_AND_REGULATORY_ROLE_NOT_EVERY_SITE_IS_EQUITY_EXCHANGE,,UNKNOWN,AUTHORITATIVE_UNIVERSE_BOUNDARY_AND_ENTITY_IDENTIFICATION,PUBLIC_DIRECTORY_DISCOVERY_AND_FULL_EXPORT
https://WWW.UNICREDIT.IT,MIC_REGISTERED_SITE,IT,FULL_LISTED_ISSUER_AND_SECURITY_DIRECTORY;FULL_MEMBER_OR_LICENSEE_DIRECTORY;SOURCE_TOTAL_AND_PAGINATION_RECONCILIATION;ISIN_LEI_MIC_LINKING,REVIEW_MARKET_TYPE_AND_REGULATORY_ROLE_NOT_EVERY_SITE_IS_EQUITY_EXCHANGE,,UNKNOWN,AUTHORITATIVE_UNIVERSE_BOUNDARY_AND_ENTITY_IDENTIFICATION,PUBLIC_DIRECTORY_DISCOVERY_AND_FULL_EXPORT
https://WWW.UNICREDITBANK.CZ,MIC_REGISTERED_SITE,CZ,FULL_LISTED_ISSUER_AND_SECURITY_DIRECTORY;FULL_MEMBER_OR_LICENSEE_DIRECTORY;SOURCE_TOTAL_AND_PAGINATION_RECONCILIATION;ISIN_LEI_MIC_LINKING,REVIEW_MARKET_TYPE_AND_REGULATORY_ROLE_NOT_EVERY_SITE_IS_EQUITY_EXCHANGE,,UNKNOWN,AUTHORITATIVE_UNIVERSE_BOUNDARY_AND_ENTITY_IDENTIFICATION,PUBLIC_DIRECTORY_DISCOVERY_AND_FULL_EXPORT
https://WWW.UNICREDITBANK.HU,MIC_REGISTERED_SITE,HU,FULL_LISTED_ISSUER_AND_SECURITY_DIRECTORY;FULL_MEMBER_OR_LICENSEE_DIRECTORY;SOURCE_TOTAL_AND_PAGINATION_RECONCILIATION;ISIN_LEI_MIC_LINKING,REVIEW_MARKET_TYPE_AND_REGULATORY_ROLE_NOT_EVERY_SITE_IS_EQUITY_EXCHANGE,,UNKNOWN,AUTHORITATIVE_UNIVERSE_BOUNDARY_AND_ENTITY_IDENTIFICATION,PUBLIC_DIRECTORY_DISCOVERY_AND_FULL_EXPORT
https://WWW.UNICREDITBULBANK.BG,MIC_REGISTERED_SITE,BG,FULL_LISTED_ISSUER_AND_SECURITY_DIRECTORY;FULL_MEMBER_OR_LICENSEE_DIRECTORY;SOURCE_TOTAL_AND_PAGINATION_RECONCILIATION;ISIN_LEI_MIC_LINKING,REVIEW_MARKET_TYPE_AND_REGULATORY_ROLE_NOT_EVERY_SITE_IS_EQUITY_EXCHANGE,,UNKNOWN,AUTHORITATIVE_UNIVERSE_BOUNDARY_AND_ENTITY_IDENTIFICATION,PUBLIC_DIRECTORY_DISCOVERY_AND_FULL_EXPORT
https://WWW.UNIONBANKOFINDIAUK.CO.UK,MIC_REGISTERED_SITE,GB,FULL_LISTED_ISSUER_AND_SECURITY_DIRECTORY;FULL_MEMBER_OR_LICENSEE_DIRECTORY;SOURCE_TOTAL_AND_PAGINATION_RECONCILIATION;ISIN_LEI_MIC_LINKING,REVIEW_MARKET_TYPE_AND_REGULATORY_ROLE_NOT_EVERY_SITE_IS_EQUITY_EXCHANGE,200,UNKNOWN,AUTHORITATIVE_UNIVERSE_BOUNDARY_AND_ENTITY_IDENTIFICATION,PUBLIC_DIRECTORY_DISCOVERY_AND_FULL_EXPORT
https://WWW.UNIPOLBANCA.IT,MIC_REGISTERED_SITE,IT,FULL_LISTED_ISSUER_AND_SECURITY_DIRECTORY;FULL_MEMBER_OR_LICENSEE_DIRECTORY;SOURCE_TOTAL_AND_PAGINATION_RECONCILIATION;ISIN_LEI_MIC_LINKING,REVIEW_MARKET_TYPE_AND_REGULATORY_ROLE_NOT_EVERY_SITE_IS_EQUITY_EXCHANGE,,UNKNOWN,AUTHORITATIVE_UNIVERSE_BOUNDARY_AND_ENTITY_IDENTIFICATION,PUBLIC_DIRECTORY_DISCOVERY_AND_FULL_EXPORT
https://WWW.UNITEDGENERAL.CO.UK,MIC_REGISTERED_SITE,GB,FULL_LISTED_ISSUER_AND_SECURITY_DIRECTORY;FULL_MEMBER_OR_LICENSEE_DIRECTORY;SOURCE_TOTAL_AND_PAGINATION_RECONCILIATION;ISIN_LEI_MIC_LINKING,REVIEW_MARKET_TYPE_AND_REGULATORY_ROLE_NOT_EVERY_SITE_IS_EQUITY_EXCHANGE,,UNKNOWN,AUTHORITATIVE_UNIVERSE_BOUNDARY_AND_ENTITY_IDENTIFICATION,PUBLIC_DIRECTORY_DISCOVERY_AND_FULL_EXPORT
https://WWW.USE.OR.UG,MIC_REGISTERED_SITE,UG,FULL_LISTED_ISSUER_AND_SECURITY_DIRECTORY;FULL_MEMBER_OR_LICENSEE_DIRECTORY;SOURCE_TOTAL_AND_PAGINATION_RECONCILIATION;ISIN_LEI_MIC_LINKING,REVIEW_MARKET_TYPE_AND_REGULATORY_ROLE_NOT_EVERY_SITE_IS_EQUITY_EXCHANGE,200,UNKNOWN,AUTHORITATIVE_UNIVERSE_BOUNDARY_AND_ENTITY_IDENTIFICATION,PUBLIC_DIRECTORY_DISCOVERY_AND_FULL_EXPORT
https://WWW.USEINDIA.COM,MIC_REGISTERED_SITE,IN,FULL_LISTED_ISSUER_AND_SECURITY_DIRECTORY;FULL_MEMBER_OR_LICENSEE_DIRECTORY;SOURCE_TOTAL_AND_PAGINATION_RECONCILIATION;ISIN_LEI_MIC_LINKING,REVIEW_MARKET_TYPE_AND_REGULATORY_ROLE_NOT_EVERY_SITE_IS_EQUITY_EXCHANGE,,UNKNOWN,AUTHORITATIVE_UNIVERSE_BOUNDARY_AND_ENTITY_IDENTIFICATION,PUBLIC_DIRECTORY_DISCOVERY_AND_FULL_EXPORT
https://WWW.UT-ETP.COM,MIC_REGISTERED_SITE,JP,FULL_LISTED_ISSUER_AND_SECURITY_DIRECTORY;FULL_MEMBER_OR_LICENSEE_DIRECTORY;SOURCE_TOTAL_AND_PAGINATION_RECONCILIATION;ISIN_LEI_MIC_LINKING,REVIEW_MARKET_TYPE_AND_REGULATORY_ROLE_NOT_EVERY_SITE_IS_EQUITY_EXCHANGE,403,UNKNOWN,AUTHORITATIVE_UNIVERSE_BOUNDARY_AND_ENTITY_IDENTIFICATION,PUBLIC_DIRECTORY_DISCOVERY_AND_FULL_EXPORT
https://WWW.UUTB.COM.UA,MIC_REGISTERED_SITE,UA,FULL_LISTED_ISSUER_AND_SECURITY_DIRECTORY;FULL_MEMBER_OR_LICENSEE_DIRECTORY;SOURCE_TOTAL_AND_PAGINATION_RECONCILIATION;ISIN_LEI_MIC_LINKING,REVIEW_MARKET_TYPE_AND_REGULATORY_ROLE_NOT_EVERY_SITE_IS_EQUITY_EXCHANGE,,UNKNOWN,AUTHORITATIVE_UNIVERSE_BOUNDARY_AND_ENTITY_IDENTIFICATION,PUBLIC_DIRECTORY_DISCOVERY_AND_FULL_EXPORT
https://WWW.UX.UA,MIC_REGISTERED_SITE,UA,FULL_LISTED_ISSUER_AND_SECURITY_DIRECTORY;FULL_MEMBER_OR_LICENSEE_DIRECTORY;SOURCE_TOTAL_AND_PAGINATION_RECONCILIATION;ISIN_LEI_MIC_LINKING,REVIEW_MARKET_TYPE_AND_REGULATORY_ROLE_NOT_EVERY_SITE_IS_EQUITY_EXCHANGE,403,UNKNOWN,AUTHORITATIVE_UNIVERSE_BOUNDARY_AND_ENTITY_IDENTIFICATION,PUBLIC_DIRECTORY_DISCOVERY_AND_FULL_EXPORT
https://WWW.UZEX.COM,MIC_REGISTERED_SITE,UZ,FULL_LISTED_ISSUER_AND_SECURITY_DIRECTORY;FULL_MEMBER_OR_LICENSEE_DIRECTORY;SOURCE_TOTAL_AND_PAGINATION_RECONCILIATION;ISIN_LEI_MIC_LINKING,REVIEW_MARKET_TYPE_AND_REGULATORY_ROLE_NOT_EVERY_SITE_IS_EQUITY_EXCHANGE,,UNKNOWN,AUTHORITATIVE_UNIVERSE_BOUNDARY_AND_ENTITY_IDENTIFICATION,PUBLIC_DIRECTORY_DISCOVERY_AND_FULL_EXPORT
https://WWW.UZSE.UZ,MIC_REGISTERED_SITE,UZ,FULL_LISTED_ISSUER_AND_SECURITY_DIRECTORY;FULL_MEMBER_OR_LICENSEE_DIRECTORY;SOURCE_TOTAL_AND_PAGINATION_RECONCILIATION;ISIN_LEI_MIC_LINKING,REVIEW_MARKET_TYPE_AND_REGULATORY_ROLE_NOT_EVERY_SITE_IS_EQUITY_EXCHANGE,200,UNKNOWN,AUTHORITATIVE_UNIVERSE_BOUNDARY_AND_ENTITY_IDENTIFICATION,PUBLIC_DIRECTORY_DISCOVERY_AND_FULL_EXPORT
https://WWW.VANLANSCHOT.NL,MIC_REGISTERED_SITE,NL,FULL_LISTED_ISSUER_AND_SECURITY_DIRECTORY;FULL_MEMBER_OR_LICENSEE_DIRECTORY;SOURCE_TOTAL_AND_PAGINATION_RECONCILIATION;ISIN_LEI_MIC_LINKING,REVIEW_MARKET_TYPE_AND_REGULATORY_ROLE_NOT_EVERY_SITE_IS_EQUITY_EXCHANGE,200,UNKNOWN,AUTHORITATIVE_UNIVERSE_BOUNDARY_AND_ENTITY_IDENTIFICATION,PUBLIC_DIRECTORY_DISCOVERY_AND_FULL_EXPORT
https://WWW.VCMLLP.COM,MIC_REGISTERED_SITE,GB,FULL_LISTED_ISSUER_AND_SECURITY_DIRECTORY;FULL_MEMBER_OR_LICENSEE_DIRECTORY;SOURCE_TOTAL_AND_PAGINATION_RECONCILIATION;ISIN_LEI_MIC_LINKING,REVIEW_MARKET_TYPE_AND_REGULATORY_ROLE_NOT_EVERY_SITE_IS_EQUITY_EXCHANGE,200,UNKNOWN,AUTHORITATIVE_UNIVERSE_BOUNDARY_AND_ENTITY_IDENTIFICATION,PUBLIC_DIRECTORY_DISCOVERY_AND_FULL_EXPORT
https://WWW.VEGA-CHI.COM,MIC_REGISTERED_SITE,GB,FULL_LISTED_ISSUER_AND_SECURITY_DIRECTORY;FULL_MEMBER_OR_LICENSEE_DIRECTORY;SOURCE_TOTAL_AND_PAGINATION_RECONCILIATION;ISIN_LEI_MIC_LINKING,REVIEW_MARKET_TYPE_AND_REGULATORY_ROLE_NOT_EVERY_SITE_IS_EQUITY_EXCHANGE,,UNKNOWN,AUTHORITATIVE_UNIVERSE_BOUNDARY_AND_ENTITY_IDENTIFICATION,PUBLIC_DIRECTORY_DISCOVERY_AND_FULL_EXPORT
https://WWW.VENOMEX.COM,MIC_REGISTERED_SITE,AE,FULL_LISTED_ISSUER_AND_SECURITY_DIRECTORY;FULL_MEMBER_OR_LICENSEE_DIRECTORY;SOURCE_TOTAL_AND_PAGINATION_RECONCILIATION;ISIN_LEI_MIC_LINKING,REVIEW_MARKET_TYPE_AND_REGULATORY_ROLE_NOT_EVERY_SITE_IS_EQUITY_EXCHANGE,301,UNKNOWN,AUTHORITATIVE_UNIVERSE_BOUNDARY_AND_ENTITY_IDENTIFICATION,PUBLIC_DIRECTORY_DISCOVERY_AND_FULL_EXPORT
https://WWW.VERTGRP.COM,MIC_REGISTERED_SITE,US,FULL_LISTED_ISSUER_AND_SECURITY_DIRECTORY;FULL_MEMBER_OR_LICENSEE_DIRECTORY;SOURCE_TOTAL_AND_PAGINATION_RECONCILIATION;ISIN_LEI_MIC_LINKING,REVIEW_MARKET_TYPE_AND_REGULATORY_ROLE_NOT_EVERY_SITE_IS_EQUITY_EXCHANGE,200,UNKNOWN,AUTHORITATIVE_UNIVERSE_BOUNDARY_AND_ENTITY_IDENTIFICATION,PUBLIC_DIRECTORY_DISCOVERY_AND_FULL_EXPORT
https://WWW.VFEX.EXCHANGE,MIC_REGISTERED_SITE,ZW,FULL_LISTED_ISSUER_AND_SECURITY_DIRECTORY;FULL_MEMBER_OR_LICENSEE_DIRECTORY;SOURCE_TOTAL_AND_PAGINATION_RECONCILIATION;ISIN_LEI_MIC_LINKING,REVIEW_MARKET_TYPE_AND_REGULATORY_ROLE_NOT_EVERY_SITE_IS_EQUITY_EXCHANGE,200,UNKNOWN,AUTHORITATIVE_UNIVERSE_BOUNDARY_AND_ENTITY_IDENTIFICATION,PUBLIC_DIRECTORY_DISCOVERY_AND_FULL_EXPORT
https://WWW.VIRTU.COM,MIC_REGISTERED_SITE,GB|IE|US,FULL_LISTED_ISSUER_AND_SECURITY_DIRECTORY;FULL_MEMBER_OR_LICENSEE_DIRECTORY;SOURCE_TOTAL_AND_PAGINATION_RECONCILIATION;ISIN_LEI_MIC_LINKING,REVIEW_MARKET_TYPE_AND_REGULATORY_ROLE_NOT_EVERY_SITE_IS_EQUITY_EXCHANGE,200,UNKNOWN,AUTHORITATIVE_UNIVERSE_BOUNDARY_AND_ENTITY_IDENTIFICATION,PUBLIC_DIRECTORY_DISCOVERY_AND_FULL_EXPORT
https://WWW.VIRTUALAUCTIONGLOBAL.COM,MIC_REGISTERED_SITE,GB,FULL_LISTED_ISSUER_AND_SECURITY_DIRECTORY;FULL_MEMBER_OR_LICENSEE_DIRECTORY;SOURCE_TOTAL_AND_PAGINATION_RECONCILIATION;ISIN_LEI_MIC_LINKING,REVIEW_MARKET_TYPE_AND_REGULATORY_ROLE_NOT_EVERY_SITE_IS_EQUITY_EXCHANGE,,UNKNOWN,AUTHORITATIVE_UNIVERSE_BOUNDARY_AND_ENTITY_IDENTIFICATION,PUBLIC_DIRECTORY_DISCOVERY_AND_FULL_EXPORT
https://WWW.VMF.FO,MIC_REGISTERED_SITE,FO,FULL_LISTED_ISSUER_AND_SECURITY_DIRECTORY;FULL_MEMBER_OR_LICENSEE_DIRECTORY;SOURCE_TOTAL_AND_PAGINATION_RECONCILIATION;ISIN_LEI_MIC_LINKING,REVIEW_MARKET_TYPE_AND_REGULATORY_ROLE_NOT_EVERY_SITE_IS_EQUITY_EXCHANGE,404,UNKNOWN,AUTHORITATIVE_UNIVERSE_BOUNDARY_AND_ENTITY_IDENTIFICATION,PUBLIC_DIRECTORY_DISCOVERY_AND_FULL_EXPORT
https://WWW.VONTOBEL.COM,MIC_REGISTERED_SITE,CH,FULL_LISTED_ISSUER_AND_SECURITY_DIRECTORY;FULL_MEMBER_OR_LICENSEE_DIRECTORY;SOURCE_TOTAL_AND_PAGINATION_RECONCILIATION;ISIN_LEI_MIC_LINKING,REVIEW_MARKET_TYPE_AND_REGULATORY_ROLE_NOT_EVERY_SITE_IS_EQUITY_EXCHANGE,200,UNKNOWN,AUTHORITATIVE_UNIVERSE_BOUNDARY_AND_ENTITY_IDENTIFICATION,PUBLIC_DIRECTORY_DISCOVERY_AND_FULL_EXPORT
https://WWW.VONTOBEL.DE,MIC_REGISTERED_SITE,DE,FULL_LISTED_ISSUER_AND_SECURITY_DIRECTORY;FULL_MEMBER_OR_LICENSEE_DIRECTORY;SOURCE_TOTAL_AND_PAGINATION_RECONCILIATION;ISIN_LEI_MIC_LINKING,REVIEW_MARKET_TYPE_AND_REGULATORY_ROLE_NOT_EVERY_SITE_IS_EQUITY_EXCHANGE,,UNKNOWN,AUTHORITATIVE_UNIVERSE_BOUNDARY_AND_ENTITY_IDENTIFICATION,PUBLIC_DIRECTORY_DISCOVERY_AND_FULL_EXPORT
https://WWW.VORVEL.EU,MIC_REGISTERED_SITE,IT,FULL_LISTED_ISSUER_AND_SECURITY_DIRECTORY;FULL_MEMBER_OR_LICENSEE_DIRECTORY;SOURCE_TOTAL_AND_PAGINATION_RECONCILIATION;ISIN_LEI_MIC_LINKING,REVIEW_MARKET_TYPE_AND_REGULATORY_ROLE_NOT_EVERY_SITE_IS_EQUITY_EXCHANGE,200,UNKNOWN,AUTHORITATIVE_UNIVERSE_BOUNDARY_AND_ENTITY_IDENTIFICATION,PUBLIC_DIRECTORY_DISCOVERY_AND_FULL_EXPORT
https://WWW.VPBANK.COM,MIC_REGISTERED_SITE,LI,FULL_LISTED_ISSUER_AND_SECURITY_DIRECTORY;FULL_MEMBER_OR_LICENSEE_DIRECTORY;SOURCE_TOTAL_AND_PAGINATION_RECONCILIATION;ISIN_LEI_MIC_LINKING,REVIEW_MARKET_TYPE_AND_REGULATORY_ROLE_NOT_EVERY_SITE_IS_EQUITY_EXCHANGE,200,UNKNOWN,AUTHORITATIVE_UNIVERSE_BOUNDARY_AND_ENTITY_IDENTIFICATION,PUBLIC_DIRECTORY_DISCOVERY_AND_FULL_EXPORT
https://WWW.VTBCAPITAL.COM,MIC_REGISTERED_SITE,GB,FULL_LISTED_ISSUER_AND_SECURITY_DIRECTORY;FULL_MEMBER_OR_LICENSEE_DIRECTORY;SOURCE_TOTAL_AND_PAGINATION_RECONCILIATION;ISIN_LEI_MIC_LINKING,REVIEW_MARKET_TYPE_AND_REGULATORY_ROLE_NOT_EVERY_SITE_IS_EQUITY_EXCHANGE,,UNKNOWN,AUTHORITATIVE_UNIVERSE_BOUNDARY_AND_ENTITY_IDENTIFICATION,PUBLIC_DIRECTORY_DISCOVERY_AND_FULL_EXPORT
https://WWW.VUB.SK,MIC_REGISTERED_SITE,SK,FULL_LISTED_ISSUER_AND_SECURITY_DIRECTORY;FULL_MEMBER_OR_LICENSEE_DIRECTORY;SOURCE_TOTAL_AND_PAGINATION_RECONCILIATION;ISIN_LEI_MIC_LINKING,REVIEW_MARKET_TYPE_AND_REGULATORY_ROLE_NOT_EVERY_SITE_IS_EQUITY_EXCHANGE,200,UNKNOWN,AUTHORITATIVE_UNIVERSE_BOUNDARY_AND_ENTITY_IDENTIFICATION,PUBLIC_DIRECTORY_DISCOVERY_AND_FULL_EXPORT
https://WWW.WATERSHEDATS.COM,MIC_REGISTERED_SITE,US,FULL_LISTED_ISSUER_AND_SECURITY_DIRECTORY;FULL_MEMBER_OR_LICENSEE_DIRECTORY;SOURCE_TOTAL_AND_PAGINATION_RECONCILIATION;ISIN_LEI_MIC_LINKING,REVIEW_MARKET_TYPE_AND_REGULATORY_ROLE_NOT_EVERY_SITE_IS_EQUITY_EXCHANGE,200,UNKNOWN,AUTHORITATIVE_UNIVERSE_BOUNDARY_AND_ENTITY_IDENTIFICATION,PUBLIC_DIRECTORY_DISCOVERY_AND_FULL_EXPORT
https://WWW.WEEDENCO.COM,MIC_REGISTERED_SITE,US,FULL_LISTED_ISSUER_AND_SECURITY_DIRECTORY;FULL_MEMBER_OR_LICENSEE_DIRECTORY;SOURCE_TOTAL_AND_PAGINATION_RECONCILIATION;ISIN_LEI_MIC_LINKING,REVIEW_MARKET_TYPE_AND_REGULATORY_ROLE_NOT_EVERY_SITE_IS_EQUITY_EXCHANGE,,UNKNOWN,AUTHORITATIVE_UNIVERSE_BOUNDARY_AND_ENTITY_IDENTIFICATION,PUBLIC_DIRECTORY_DISCOVERY_AND_FULL_EXPORT
https://WWW.WELLSFARGO.COM,MIC_REGISTERED_SITE,FR|GB|US,FULL_LISTED_ISSUER_AND_SECURITY_DIRECTORY;FULL_MEMBER_OR_LICENSEE_DIRECTORY;SOURCE_TOTAL_AND_PAGINATION_RECONCILIATION;ISIN_LEI_MIC_LINKING,REVIEW_MARKET_TYPE_AND_REGULATORY_ROLE_NOT_EVERY_SITE_IS_EQUITY_EXCHANGE,200,UNKNOWN,AUTHORITATIVE_UNIVERSE_BOUNDARY_AND_ENTITY_IDENTIFICATION,PUBLIC_DIRECTORY_DISCOVERY_AND_FULL_EXPORT
https://WWW.WELLSFARGO.COM/CIB/INSTITUTIONAL-INVESTING/WATS-ELECTRONIC-TRADING/,MIC_REGISTERED_SITE,FR|GB|US,FULL_LISTED_ISSUER_AND_SECURITY_DIRECTORY;FULL_MEMBER_OR_LICENSEE_DIRECTORY;SOURCE_TOTAL_AND_PAGINATION_RECONCILIATION;ISIN_LEI_MIC_LINKING,REVIEW_MARKET_TYPE_AND_REGULATORY_ROLE_NOT_EVERY_SITE_IS_EQUITY_EXCHANGE,404,UNKNOWN,AUTHORITATIVE_UNIVERSE_BOUNDARY_AND_ENTITY_IDENTIFICATION,PUBLIC_DIRECTORY_DISCOVERY_AND_FULL_EXPORT
https://WWW.WESTPAC.COM.AU/ABOUT-WESTPAC/GLOBAL-LOCATIONS/WESTPAC-UK/,MIC_REGISTERED_SITE,GB,FULL_LISTED_ISSUER_AND_SECURITY_DIRECTORY;FULL_MEMBER_OR_LICENSEE_DIRECTORY;SOURCE_TOTAL_AND_PAGINATION_RECONCILIATION;ISIN_LEI_MIC_LINKING,REVIEW_MARKET_TYPE_AND_REGULATORY_ROLE_NOT_EVERY_SITE_IS_EQUITY_EXCHANGE,404,UNKNOWN,AUTHORITATIVE_UNIVERSE_BOUNDARY_AND_ENTITY_IDENTIFICATION,PUBLIC_DIRECTORY_DISCOVERY_AND_FULL_EXPORT
https://WWW.WIENERBOERSE.AT,MIC_REGISTERED_SITE,AT,FULL_LISTED_ISSUER_AND_SECURITY_DIRECTORY;FULL_MEMBER_OR_LICENSEE_DIRECTORY;SOURCE_TOTAL_AND_PAGINATION_RECONCILIATION;ISIN_LEI_MIC_LINKING,REVIEW_MARKET_TYPE_AND_REGULATORY_ROLE_NOT_EVERY_SITE_IS_EQUITY_EXCHANGE,200,UNKNOWN,AUTHORITATIVE_UNIVERSE_BOUNDARY_AND_ENTITY_IDENTIFICATION,PUBLIC_DIRECTORY_DISCOVERY_AND_FULL_EXPORT
https://WWW.WIENERBORSE.AT,MIC_REGISTERED_SITE,AT,FULL_LISTED_ISSUER_AND_SECURITY_DIRECTORY;FULL_MEMBER_OR_LICENSEE_DIRECTORY;SOURCE_TOTAL_AND_PAGINATION_RECONCILIATION;ISIN_LEI_MIC_LINKING,REVIEW_MARKET_TYPE_AND_REGULATORY_ROLE_NOT_EVERY_SITE_IS_EQUITY_EXCHANGE,200,UNKNOWN,AUTHORITATIVE_UNIVERSE_BOUNDARY_AND_ENTITY_IDENTIFICATION,PUBLIC_DIRECTORY_DISCOVERY_AND_FULL_EXPORT
https://WWW.WINTERFLOOD.COM,MIC_REGISTERED_SITE,GB,FULL_LISTED_ISSUER_AND_SECURITY_DIRECTORY;FULL_MEMBER_OR_LICENSEE_DIRECTORY;SOURCE_TOTAL_AND_PAGINATION_RECONCILIATION;ISIN_LEI_MIC_LINKING,REVIEW_MARKET_TYPE_AND_REGULATORY_ROLE_NOT_EVERY_SITE_IS_EQUITY_EXCHANGE,200,UNKNOWN,AUTHORITATIVE_UNIVERSE_BOUNDARY_AND_ENTITY_IDENTIFICATION,PUBLIC_DIRECTORY_DISCOVERY_AND_FULL_EXPORT
https://WWW.WOOD.CZ,MIC_REGISTERED_SITE,CZ,FULL_LISTED_ISSUER_AND_SECURITY_DIRECTORY;FULL_MEMBER_OR_LICENSEE_DIRECTORY;SOURCE_TOTAL_AND_PAGINATION_RECONCILIATION;ISIN_LEI_MIC_LINKING,REVIEW_MARKET_TYPE_AND_REGULATORY_ROLE_NOT_EVERY_SITE_IS_EQUITY_EXCHANGE,200,UNKNOWN,AUTHORITATIVE_UNIVERSE_BOUNDARY_AND_ENTITY_IDENTIFICATION,PUBLIC_DIRECTORY_DISCOVERY_AND_FULL_EXPORT
https://WWW.WSACCESS.COM,MIC_REGISTERED_SITE,US,FULL_LISTED_ISSUER_AND_SECURITY_DIRECTORY;FULL_MEMBER_OR_LICENSEE_DIRECTORY;SOURCE_TOTAL_AND_PAGINATION_RECONCILIATION;ISIN_LEI_MIC_LINKING,REVIEW_MARKET_TYPE_AND_REGULATORY_ROLE_NOT_EVERY_SITE_IS_EQUITY_EXCHANGE,200,UNKNOWN,AUTHORITATIVE_UNIVERSE_BOUNDARY_AND_ENTITY_IDENTIFICATION,PUBLIC_DIRECTORY_DISCOVERY_AND_FULL_EXPORT
https://WWW.WSE.PL,MIC_REGISTERED_SITE,PL,FULL_LISTED_ISSUER_AND_SECURITY_DIRECTORY;FULL_MEMBER_OR_LICENSEE_DIRECTORY;SOURCE_TOTAL_AND_PAGINATION_RECONCILIATION;ISIN_LEI_MIC_LINKING,REVIEW_MARKET_TYPE_AND_REGULATORY_ROLE_NOT_EVERY_SITE_IS_EQUITY_EXCHANGE,200,UNKNOWN,AUTHORITATIVE_UNIVERSE_BOUNDARY_AND_ENTITY_IDENTIFICATION,PUBLIC_DIRECTORY_DISCOVERY_AND_FULL_EXPORT
https://WWW.XBERRY.IO,MIC_REGISTERED_SITE,PL,FULL_LISTED_ISSUER_AND_SECURITY_DIRECTORY;FULL_MEMBER_OR_LICENSEE_DIRECTORY;SOURCE_TOTAL_AND_PAGINATION_RECONCILIATION;ISIN_LEI_MIC_LINKING,REVIEW_MARKET_TYPE_AND_REGULATORY_ROLE_NOT_EVERY_SITE_IS_EQUITY_EXCHANGE,200,UNKNOWN,AUTHORITATIVE_UNIVERSE_BOUNDARY_AND_ENTITY_IDENTIFICATION,PUBLIC_DIRECTORY_DISCOVERY_AND_FULL_EXPORT
https://WWW.XCHANGEALPHA.COM,MIC_REGISTERED_SITE,US,FULL_LISTED_ISSUER_AND_SECURITY_DIRECTORY;FULL_MEMBER_OR_LICENSEE_DIRECTORY;SOURCE_TOTAL_AND_PAGINATION_RECONCILIATION;ISIN_LEI_MIC_LINKING,REVIEW_MARKET_TYPE_AND_REGULATORY_ROLE_NOT_EVERY_SITE_IS_EQUITY_EXCHANGE,200,UNKNOWN,AUTHORITATIVE_UNIVERSE_BOUNDARY_AND_ENTITY_IDENTIFICATION,PUBLIC_DIRECTORY_DISCOVERY_AND_FULL_EXPORT
https://WWW.XPI.US,MIC_REGISTERED_SITE,US,FULL_LISTED_ISSUER_AND_SECURITY_DIRECTORY;FULL_MEMBER_OR_LICENSEE_DIRECTORY;SOURCE_TOTAL_AND_PAGINATION_RECONCILIATION;ISIN_LEI_MIC_LINKING,REVIEW_MARKET_TYPE_AND_REGULATORY_ROLE_NOT_EVERY_SITE_IS_EQUITY_EXCHANGE,403,UNKNOWN,AUTHORITATIVE_UNIVERSE_BOUNDARY_AND_ENTITY_IDENTIFICATION,PUBLIC_DIRECTORY_DISCOVERY_AND_FULL_EXPORT
https://WWW.XTB.COM,MIC_REGISTERED_SITE,PL,FULL_LISTED_ISSUER_AND_SECURITY_DIRECTORY;FULL_MEMBER_OR_LICENSEE_DIRECTORY;SOURCE_TOTAL_AND_PAGINATION_RECONCILIATION;ISIN_LEI_MIC_LINKING,REVIEW_MARKET_TYPE_AND_REGULATORY_ROLE_NOT_EVERY_SITE_IS_EQUITY_EXCHANGE,200,UNKNOWN,AUTHORITATIVE_UNIVERSE_BOUNDARY_AND_ENTITY_IDENTIFICATION,PUBLIC_DIRECTORY_DISCOVERY_AND_FULL_EXPORT
https://WWW.XTB.COM.UA,MIC_REGISTERED_SITE,UA,FULL_LISTED_ISSUER_AND_SECURITY_DIRECTORY;FULL_MEMBER_OR_LICENSEE_DIRECTORY;SOURCE_TOTAL_AND_PAGINATION_RECONCILIATION;ISIN_LEI_MIC_LINKING,REVIEW_MARKET_TYPE_AND_REGULATORY_ROLE_NOT_EVERY_SITE_IS_EQUITY_EXCHANGE,200,UNKNOWN,AUTHORITATIVE_UNIVERSE_BOUNDARY_AND_ENTITY_IDENTIFICATION,PUBLIC_DIRECTORY_DISCOVERY_AND_FULL_EXPORT
https://WWW.XTXMARKETS.COM,MIC_REGISTERED_SITE,FR|GB|US,FULL_LISTED_ISSUER_AND_SECURITY_DIRECTORY;FULL_MEMBER_OR_LICENSEE_DIRECTORY;SOURCE_TOTAL_AND_PAGINATION_RECONCILIATION;ISIN_LEI_MIC_LINKING,REVIEW_MARKET_TYPE_AND_REGULATORY_ROLE_NOT_EVERY_SITE_IS_EQUITY_EXCHANGE,200,UNKNOWN,AUTHORITATIVE_UNIVERSE_BOUNDARY_AND_ENTITY_IDENTIFICATION,PUBLIC_DIRECTORY_DISCOVERY_AND_FULL_EXPORT
https://WWW.YIELDBROKER.COM,MIC_REGISTERED_SITE,AU,FULL_LISTED_ISSUER_AND_SECURITY_DIRECTORY;FULL_MEMBER_OR_LICENSEE_DIRECTORY;SOURCE_TOTAL_AND_PAGINATION_RECONCILIATION;ISIN_LEI_MIC_LINKING,REVIEW_MARKET_TYPE_AND_REGULATORY_ROLE_NOT_EVERY_SITE_IS_EQUITY_EXCHANGE,200,UNKNOWN,AUTHORITATIVE_UNIVERSE_BOUNDARY_AND_ENTITY_IDENTIFICATION,PUBLIC_DIRECTORY_DISCOVERY_AND_FULL_EXPORT
https://WWW.YIELDX.CO.ZA,MIC_REGISTERED_SITE,ZA,FULL_LISTED_ISSUER_AND_SECURITY_DIRECTORY;FULL_MEMBER_OR_LICENSEE_DIRECTORY;SOURCE_TOTAL_AND_PAGINATION_RECONCILIATION;ISIN_LEI_MIC_LINKING,REVIEW_MARKET_TYPE_AND_REGULATORY_ROLE_NOT_EVERY_SITE_IS_EQUITY_EXCHANGE,,UNKNOWN,AUTHORITATIVE_UNIVERSE_BOUNDARY_AND_ENTITY_IDENTIFICATION,PUBLIC_DIRECTORY_DISCOVERY_AND_FULL_EXPORT
https://WWW.ZARX.CO.ZA,MIC_REGISTERED_SITE,ZA,FULL_LISTED_ISSUER_AND_SECURITY_DIRECTORY;FULL_MEMBER_OR_LICENSEE_DIRECTORY;SOURCE_TOTAL_AND_PAGINATION_RECONCILIATION;ISIN_LEI_MIC_LINKING,REVIEW_MARKET_TYPE_AND_REGULATORY_ROLE_NOT_EVERY_SITE_IS_EQUITY_EXCHANGE,200,UNKNOWN,AUTHORITATIVE_UNIVERSE_BOUNDARY_AND_ENTITY_IDENTIFICATION,PUBLIC_DIRECTORY_DISCOVERY_AND_FULL_EXPORT
https://WWW.ZBX.COM,MIC_REGISTERED_SITE,MT,FULL_LISTED_ISSUER_AND_SECURITY_DIRECTORY;FULL_MEMBER_OR_LICENSEE_DIRECTORY;SOURCE_TOTAL_AND_PAGINATION_RECONCILIATION;ISIN_LEI_MIC_LINKING,REVIEW_MARKET_TYPE_AND_REGULATORY_ROLE_NOT_EVERY_SITE_IS_EQUITY_EXCHANGE,200,UNKNOWN,AUTHORITATIVE_UNIVERSE_BOUNDARY_AND_ENTITY_IDENTIFICATION,PUBLIC_DIRECTORY_DISCOVERY_AND_FULL_EXPORT
https://WWW.ZERTIFIKATEBOERSE.DE,MIC_REGISTERED_SITE,DE,FULL_LISTED_ISSUER_AND_SECURITY_DIRECTORY;FULL_MEMBER_OR_LICENSEE_DIRECTORY;SOURCE_TOTAL_AND_PAGINATION_RECONCILIATION;ISIN_LEI_MIC_LINKING,REVIEW_MARKET_TYPE_AND_REGULATORY_ROLE_NOT_EVERY_SITE_IS_EQUITY_EXCHANGE,200,UNKNOWN,AUTHORITATIVE_UNIVERSE_BOUNDARY_AND_ENTITY_IDENTIFICATION,PUBLIC_DIRECTORY_DISCOVERY_AND_FULL_EXPORT
https://WWW.ZKB.CH,MIC_REGISTERED_SITE,CH,FULL_LISTED_ISSUER_AND_SECURITY_DIRECTORY;FULL_MEMBER_OR_LICENSEE_DIRECTORY;SOURCE_TOTAL_AND_PAGINATION_RECONCILIATION;ISIN_LEI_MIC_LINKING,REVIEW_MARKET_TYPE_AND_REGULATORY_ROLE_NOT_EVERY_SITE_IS_EQUITY_EXCHANGE,403,UNKNOWN,AUTHORITATIVE_UNIVERSE_BOUNDARY_AND_ENTITY_IDENTIFICATION,PUBLIC_DIRECTORY_DISCOVERY_AND_FULL_EXPORT
https://WWW.ZKB.CH/EKMUX,MIC_REGISTERED_SITE,CH,FULL_LISTED_ISSUER_AND_SECURITY_DIRECTORY;FULL_MEMBER_OR_LICENSEE_DIRECTORY;SOURCE_TOTAL_AND_PAGINATION_RECONCILIATION;ISIN_LEI_MIC_LINKING,REVIEW_MARKET_TYPE_AND_REGULATORY_ROLE_NOT_EVERY_SITE_IS_EQUITY_EXCHANGE,403,UNKNOWN,AUTHORITATIVE_UNIVERSE_BOUNDARY_AND_ENTITY_IDENTIFICATION,PUBLIC_DIRECTORY_DISCOVERY_AND_FULL_EXPORT
https://WWW.ZODIA-MARKETS.COM,MIC_REGISTERED_SITE,GB,FULL_LISTED_ISSUER_AND_SECURITY_DIRECTORY;FULL_MEMBER_OR_LICENSEE_DIRECTORY;SOURCE_TOTAL_AND_PAGINATION_RECONCILIATION;ISIN_LEI_MIC_LINKING,REVIEW_MARKET_TYPE_AND_REGULATORY_ROLE_NOT_EVERY_SITE_IS_EQUITY_EXCHANGE,200,UNKNOWN,AUTHORITATIVE_UNIVERSE_BOUNDARY_AND_ENTITY_IDENTIFICATION,PUBLIC_DIRECTORY_DISCOVERY_AND_FULL_EXPORT
https://WWW.ZSE.CO.ZW,MIC_REGISTERED_SITE,ZW,FULL_LISTED_ISSUER_AND_SECURITY_DIRECTORY;FULL_MEMBER_OR_LICENSEE_DIRECTORY;SOURCE_TOTAL_AND_PAGINATION_RECONCILIATION;ISIN_LEI_MIC_LINKING,REVIEW_MARKET_TYPE_AND_REGULATORY_ROLE_NOT_EVERY_SITE_IS_EQUITY_EXCHANGE,200,UNKNOWN,AUTHORITATIVE_UNIVERSE_BOUNDARY_AND_ENTITY_IDENTIFICATION,PUBLIC_DIRECTORY_DISCOVERY_AND_FULL_EXPORT
https://WWW.ZSE.HR,MIC_REGISTERED_SITE,HR,FULL_LISTED_ISSUER_AND_SECURITY_DIRECTORY;FULL_MEMBER_OR_LICENSEE_DIRECTORY;SOURCE_TOTAL_AND_PAGINATION_RECONCILIATION;ISIN_LEI_MIC_LINKING,REVIEW_MARKET_TYPE_AND_REGULATORY_ROLE_NOT_EVERY_SITE_IS_EQUITY_EXCHANGE,200,UNKNOWN,AUTHORITATIVE_UNIVERSE_BOUNDARY_AND_ENTITY_IDENTIFICATION,PUBLIC_DIRECTORY_DISCOVERY_AND_FULL_EXPORT
https://WWW2.GOLDMANSACHS.COM,MIC_REGISTERED_SITE,US,FULL_LISTED_ISSUER_AND_SECURITY_DIRECTORY;FULL_MEMBER_OR_LICENSEE_DIRECTORY;SOURCE_TOTAL_AND_PAGINATION_RECONCILIATION;ISIN_LEI_MIC_LINKING,REVIEW_MARKET_TYPE_AND_REGULATORY_ROLE_NOT_EVERY_SITE_IS_EQUITY_EXCHANGE,200,UNKNOWN,AUTHORITATIVE_UNIVERSE_BOUNDARY_AND_ENTITY_IDENTIFICATION,PUBLIC_DIRECTORY_DISCOVERY_AND_FULL_EXPORT
https://WWW2.ISDA.ORG,MIC_REGISTERED_SITE,US,FULL_LISTED_ISSUER_AND_SECURITY_DIRECTORY;FULL_MEMBER_OR_LICENSEE_DIRECTORY;SOURCE_TOTAL_AND_PAGINATION_RECONCILIATION;ISIN_LEI_MIC_LINKING,REVIEW_MARKET_TYPE_AND_REGULATORY_ROLE_NOT_EVERY_SITE_IS_EQUITY_EXCHANGE,200,UNKNOWN,AUTHORITATIVE_UNIVERSE_BOUNDARY_AND_ENTITY_IDENTIFICATION,PUBLIC_DIRECTORY_DISCOVERY_AND_FULL_EXPORT
https://WWW4.BCB.GOV.BR,MIC_REGISTERED_SITE,BR,FULL_LISTED_ISSUER_AND_SECURITY_DIRECTORY;FULL_MEMBER_OR_LICENSEE_DIRECTORY;SOURCE_TOTAL_AND_PAGINATION_RECONCILIATION;ISIN_LEI_MIC_LINKING,REVIEW_MARKET_TYPE_AND_REGULATORY_ROLE_NOT_EVERY_SITE_IS_EQUITY_EXCHANGE,200,UNKNOWN,AUTHORITATIVE_UNIVERSE_BOUNDARY_AND_ENTITY_IDENTIFICATION,PUBLIC_DIRECTORY_DISCOVERY_AND_FULL_EXPORT
https://abaxx.exchange/,WFE_DIRECTORY_SITE,SG,FULL_LISTED_ISSUER_AND_SECURITY_DIRECTORY;FULL_MEMBER_OR_LICENSEE_DIRECTORY;SOURCE_TOTAL_AND_PAGINATION_RECONCILIATION;ISIN_LEI_MIC_LINKING,REVIEW_MARKET_TYPE_AND_REGULATORY_ROLE_NOT_EVERY_SITE_IS_EQUITY_EXCHANGE,200,UNKNOWN,AUTHORITATIVE_UNIVERSE_BOUNDARY_AND_ENTITY_IDENTIFICATION,PUBLIC_DIRECTORY_DISCOVERY_AND_FULL_EXPORT
https://ccp-global.org/,IOSCO_MEMBER_WEBSITE,,FULL_LISTED_ISSUER_AND_SECURITY_DIRECTORY;FULL_MEMBER_OR_LICENSEE_DIRECTORY;SOURCE_TOTAL_AND_PAGINATION_RECONCILIATION;ISIN_LEI_MIC_LINKING,REVIEW_MARKET_TYPE_AND_REGULATORY_ROLE_NOT_EVERY_SITE_IS_EQUITY_EXCHANGE,200,UNKNOWN,AUTHORITATIVE_UNIVERSE_BOUNDARY_AND_ENTITY_IDENTIFICATION,PUBLIC_DIRECTORY_DISCOVERY_AND_FULL_EXPORT
https://centralbank.org.ls/,IOSCO_MEMBER_WEBSITE,,FULL_LISTED_ISSUER_AND_SECURITY_DIRECTORY;FULL_MEMBER_OR_LICENSEE_DIRECTORY;SOURCE_TOTAL_AND_PAGINATION_RECONCILIATION;ISIN_LEI_MIC_LINKING,REVIEW_MARKET_TYPE_AND_REGULATORY_ROLE_NOT_EVERY_SITE_IS_EQUITY_EXCHANGE,200,UNKNOWN,AUTHORITATIVE_UNIVERSE_BOUNDARY_AND_ENTITY_IDENTIFICATION,PUBLIC_DIRECTORY_DISCOVERY_AND_FULL_EXPORT
https://cmda.gov.mv/en,IOSCO_MEMBER_WEBSITE,,FULL_LISTED_ISSUER_AND_SECURITY_DIRECTORY;FULL_MEMBER_OR_LICENSEE_DIRECTORY;SOURCE_TOTAL_AND_PAGINATION_RECONCILIATION;ISIN_LEI_MIC_LINKING,REVIEW_MARKET_TYPE_AND_REGULATORY_ROLE_NOT_EVERY_SITE_IS_EQUITY_EXCHANGE,200,UNKNOWN,AUTHORITATIVE_UNIVERSE_BOUNDARY_AND_ENTITY_IDENTIFICATION,PUBLIC_DIRECTORY_DISCOVERY_AND_FULL_EXPORT
https://dados.cvm.gov.br/,BRAZIL_REGULATOR,,FULL_LISTED_ISSUER_AND_SECURITY_DIRECTORY;FULL_MEMBER_OR_LICENSEE_DIRECTORY;SOURCE_TOTAL_AND_PAGINATION_RECONCILIATION;ISIN_LEI_MIC_LINKING,REVIEW_MARKET_TYPE_AND_REGULATORY_ROLE_NOT_EVERY_SITE_IS_EQUITY_EXCHANGE,200,UNKNOWN,AUTHORITATIVE_UNIVERSE_BOUNDARY_AND_ENTITY_IDENTIFICATION,PUBLIC_DIRECTORY_DISCOVERY_AND_FULL_EXPORT
https://egx.com.eg/en/HomePage.aspx,WFE_DIRECTORY_SITE,,FULL_LISTED_ISSUER_AND_SECURITY_DIRECTORY;FULL_MEMBER_OR_LICENSEE_DIRECTORY;SOURCE_TOTAL_AND_PAGINATION_RECONCILIATION;ISIN_LEI_MIC_LINKING,REVIEW_MARKET_TYPE_AND_REGULATORY_ROLE_NOT_EVERY_SITE_IS_EQUITY_EXCHANGE,,UNKNOWN,AUTHORITATIVE_UNIVERSE_BOUNDARY_AND_ENTITY_IDENTIFICATION,PUBLIC_DIRECTORY_DISCOVERY_AND_FULL_EXPORT
https://eng.kofia.or.kr/,IOSCO_MEMBER_WEBSITE,,FULL_LISTED_ISSUER_AND_SECURITY_DIRECTORY;FULL_MEMBER_OR_LICENSEE_DIRECTORY;SOURCE_TOTAL_AND_PAGINATION_RECONCILIATION;ISIN_LEI_MIC_LINKING,REVIEW_MARKET_TYPE_AND_REGULATORY_ROLE_NOT_EVERY_SITE_IS_EQUITY_EXCHANGE,200,UNKNOWN,AUTHORITATIVE_UNIVERSE_BOUNDARY_AND_ENTITY_IDENTIFICATION,PUBLIC_DIRECTORY_DISCOVERY_AND_FULL_EXPORT
https://fmsb.com/,IOSCO_MEMBER_WEBSITE,,FULL_LISTED_ISSUER_AND_SECURITY_DIRECTORY;FULL_MEMBER_OR_LICENSEE_DIRECTORY;SOURCE_TOTAL_AND_PAGINATION_RECONCILIATION;ISIN_LEI_MIC_LINKING,REVIEW_MARKET_TYPE_AND_REGULATORY_ROLE_NOT_EVERY_SITE_IS_EQUITY_EXCHANGE,200,UNKNOWN,AUTHORITATIVE_UNIVERSE_BOUNDARY_AND_ENTITY_IDENTIFICATION,PUBLIC_DIRECTORY_DISCOVERY_AND_FULL_EXPORT
https://merj.exchange/,WFE_DIRECTORY_SITE,SC,FULL_LISTED_ISSUER_AND_SECURITY_DIRECTORY;FULL_MEMBER_OR_LICENSEE_DIRECTORY;SOURCE_TOTAL_AND_PAGINATION_RECONCILIATION;ISIN_LEI_MIC_LINKING,REVIEW_MARKET_TYPE_AND_REGULATORY_ROLE_NOT_EVERY_SITE_IS_EQUITY_EXCHANGE,200,UNKNOWN,AUTHORITATIVE_UNIVERSE_BOUNDARY_AND_ENTITY_IDENTIFICATION,PUBLIC_DIRECTORY_DISCOVERY_AND_FULL_EXPORT
https://new.nzx.com/services/market-participants/all-market-participants,PREVIOUS_COLLECTION_ENDPOINT,,FULL_LISTED_ISSUER_AND_SECURITY_DIRECTORY;FULL_MEMBER_OR_LICENSEE_DIRECTORY;SOURCE_TOTAL_AND_PAGINATION_RECONCILIATION;ISIN_LEI_MIC_LINKING,REVIEW_MARKET_TYPE_AND_REGULATORY_ROLE_NOT_EVERY_SITE_IS_EQUITY_EXCHANGE,200,UNKNOWN,AUTHORITATIVE_UNIVERSE_BOUNDARY_AND_ENTITY_IDENTIFICATION,PUBLIC_DIRECTORY_DISCOVERY_AND_FULL_EXPORT
https://ngxgroup.com/,WFE_DIRECTORY_SITE,,FULL_LISTED_ISSUER_AND_SECURITY_DIRECTORY;FULL_MEMBER_OR_LICENSEE_DIRECTORY;SOURCE_TOTAL_AND_PAGINATION_RECONCILIATION;ISIN_LEI_MIC_LINKING,REVIEW_MARKET_TYPE_AND_REGULATORY_ROLE_NOT_EVERY_SITE_IS_EQUITY_EXCHANGE,200,UNKNOWN,AUTHORITATIVE_UNIVERSE_BOUNDARY_AND_ENTITY_IDENTIFICATION,PUBLIC_DIRECTORY_DISCOVERY_AND_FULL_EXPORT
https://nzx.com,WFE_DIRECTORY_SITE,NZ,FULL_LISTED_ISSUER_AND_SECURITY_DIRECTORY;FULL_MEMBER_OR_LICENSEE_DIRECTORY;SOURCE_TOTAL_AND_PAGINATION_RECONCILIATION;ISIN_LEI_MIC_LINKING,REVIEW_MARKET_TYPE_AND_REGULATORY_ROLE_NOT_EVERY_SITE_IS_EQUITY_EXCHANGE,200,UNKNOWN,AUTHORITATIVE_UNIVERSE_BOUNDARY_AND_ENTITY_IDENTIFICATION,PUBLIC_DIRECTORY_DISCOVERY_AND_FULL_EXPORT
https://openapi.twse.com.tw/v1/brokerService/brokerList,PREVIOUS_COLLECTION_ENDPOINT,,FULL_LISTED_ISSUER_AND_SECURITY_DIRECTORY;FULL_MEMBER_OR_LICENSEE_DIRECTORY;SOURCE_TOTAL_AND_PAGINATION_RECONCILIATION;ISIN_LEI_MIC_LINKING,REVIEW_MARKET_TYPE_AND_REGULATORY_ROLE_NOT_EVERY_SITE_IS_EQUITY_EXCHANGE,200,UNKNOWN,AUTHORITATIVE_UNIVERSE_BOUNDARY_AND_ENTITY_IDENTIFICATION,PUBLIC_DIRECTORY_DISCOVERY_AND_FULL_EXPORT
https://openapi.twse.com.tw/v1/opendata/t187ap03_L,PREVIOUS_COLLECTION_ENDPOINT,,FULL_LISTED_ISSUER_AND_SECURITY_DIRECTORY;FULL_MEMBER_OR_LICENSEE_DIRECTORY;SOURCE_TOTAL_AND_PAGINATION_RECONCILIATION;ISIN_LEI_MIC_LINKING,REVIEW_MARKET_TYPE_AND_REGULATORY_ROLE_NOT_EVERY_SITE_IS_EQUITY_EXCHANGE,,UNKNOWN,AUTHORITATIVE_UNIVERSE_BOUNDARY_AND_ENTITY_IDENTIFICATION,PUBLIC_DIRECTORY_DISCOVERY_AND_FULL_EXPORT
https://openapi.twse.com.tw/v1/opendata/t187ap18,PREVIOUS_COLLECTION_ENDPOINT,,FULL_LISTED_ISSUER_AND_SECURITY_DIRECTORY;FULL_MEMBER_OR_LICENSEE_DIRECTORY;SOURCE_TOTAL_AND_PAGINATION_RECONCILIATION;ISIN_LEI_MIC_LINKING,REVIEW_MARKET_TYPE_AND_REGULATORY_ROLE_NOT_EVERY_SITE_IS_EQUITY_EXCHANGE,200,UNKNOWN,AUTHORITATIVE_UNIVERSE_BOUNDARY_AND_ENTITY_IDENTIFICATION,PUBLIC_DIRECTORY_DISCOVERY_AND_FULL_EXPORT
https://registers.esma.europa.eu/solr/esma_registers_upreg/select?q=%7B%21join+from%3Did+to%3D_root_%7D%2B%28ae_entityTypeCode%3AMIF%29&fq=%28type_s%3Aparent%29%28entity_type%3AaeActivity%29%28entity_type%3AaeActivityHistory%29&rows=5000&wt=json&indent=true&sort=id+asc&start=0,PREVIOUS_COLLECTION_ENDPOINT,,FULL_LISTED_ISSUER_AND_SECURITY_DIRECTORY;FULL_MEMBER_OR_LICENSEE_DIRECTORY;SOURCE_TOTAL_AND_PAGINATION_RECONCILIATION;ISIN_LEI_MIC_LINKING,REVIEW_MARKET_TYPE_AND_REGULATORY_ROLE_NOT_EVERY_SITE_IS_EQUITY_EXCHANGE,200,UNKNOWN,AUTHORITATIVE_UNIVERSE_BOUNDARY_AND_ENTITY_IDENTIFICATION,PUBLIC_DIRECTORY_DISCOVERY_AND_FULL_EXPORT
https://registers.esma.europa.eu/solr/esma_registers_upreg/select?q=%7B%21join+from%3Did+to%3D_root_%7D%2B%28ae_entityTypeCode%3AMIF%29&fq=%28type_s%3Aparent%29%28entity_type%3AaeActivity%29%28entity_type%3AaeActivityHistory%29&rows=5000&wt=json&indent=true&sort=id+asc&start=10000,PREVIOUS_COLLECTION_ENDPOINT,,FULL_LISTED_ISSUER_AND_SECURITY_DIRECTORY;FULL_MEMBER_OR_LICENSEE_DIRECTORY;SOURCE_TOTAL_AND_PAGINATION_RECONCILIATION;ISIN_LEI_MIC_LINKING,REVIEW_MARKET_TYPE_AND_REGULATORY_ROLE_NOT_EVERY_SITE_IS_EQUITY_EXCHANGE,200,UNKNOWN,AUTHORITATIVE_UNIVERSE_BOUNDARY_AND_ENTITY_IDENTIFICATION,PUBLIC_DIRECTORY_DISCOVERY_AND_FULL_EXPORT
https://registers.esma.europa.eu/solr/esma_registers_upreg/select?q=%7B%21join+from%3Did+to%3D_root_%7D%2B%28ae_entityTypeCode%3AMIF%29&fq=%28type_s%3Aparent%29%28entity_type%3AaeActivity%29%28entity_type%3AaeActivityHistory%29&rows=5000&wt=json&indent=true&sort=id+asc&start=15000,PREVIOUS_COLLECTION_ENDPOINT,,FULL_LISTED_ISSUER_AND_SECURITY_DIRECTORY;FULL_MEMBER_OR_LICENSEE_DIRECTORY;SOURCE_TOTAL_AND_PAGINATION_RECONCILIATION;ISIN_LEI_MIC_LINKING,REVIEW_MARKET_TYPE_AND_REGULATORY_ROLE_NOT_EVERY_SITE_IS_EQUITY_EXCHANGE,200,UNKNOWN,AUTHORITATIVE_UNIVERSE_BOUNDARY_AND_ENTITY_IDENTIFICATION,PUBLIC_DIRECTORY_DISCOVERY_AND_FULL_EXPORT
https://registers.esma.europa.eu/solr/esma_registers_upreg/select?q=%7B%21join+from%3Did+to%3D_root_%7D%2B%28ae_entityTypeCode%3AMIF%29&fq=%28type_s%3Aparent%29%28entity_type%3AaeActivity%29%28entity_type%3AaeActivityHistory%29&rows=5000&wt=json&indent=true&sort=id+asc&start=20000,PREVIOUS_COLLECTION_ENDPOINT,,FULL_LISTED_ISSUER_AND_SECURITY_DIRECTORY;FULL_MEMBER_OR_LICENSEE_DIRECTORY;SOURCE_TOTAL_AND_PAGINATION_RECONCILIATION;ISIN_LEI_MIC_LINKING,REVIEW_MARKET_TYPE_AND_REGULATORY_ROLE_NOT_EVERY_SITE_IS_EQUITY_EXCHANGE,200,UNKNOWN,AUTHORITATIVE_UNIVERSE_BOUNDARY_AND_ENTITY_IDENTIFICATION,PUBLIC_DIRECTORY_DISCOVERY_AND_FULL_EXPORT
https://registers.esma.europa.eu/solr/esma_registers_upreg/select?q=%7B%21join+from%3Did+to%3D_root_%7D%2B%28ae_entityTypeCode%3AMIF%29&fq=%28type_s%3Aparent%29%28entity_type%3AaeActivity%29%28entity_type%3AaeActivityHistory%29&rows=5000&wt=json&indent=true&sort=id+asc&start=25000,PREVIOUS_COLLECTION_ENDPOINT,,FULL_LISTED_ISSUER_AND_SECURITY_DIRECTORY;FULL_MEMBER_OR_LICENSEE_DIRECTORY;SOURCE_TOTAL_AND_PAGINATION_RECONCILIATION;ISIN_LEI_MIC_LINKING,REVIEW_MARKET_TYPE_AND_REGULATORY_ROLE_NOT_EVERY_SITE_IS_EQUITY_EXCHANGE,200,UNKNOWN,AUTHORITATIVE_UNIVERSE_BOUNDARY_AND_ENTITY_IDENTIFICATION,PUBLIC_DIRECTORY_DISCOVERY_AND_FULL_EXPORT
https://registers.esma.europa.eu/solr/esma_registers_upreg/select?q=%7B%21join+from%3Did+to%3D_root_%7D%2B%28ae_entityTypeCode%3AMIF%29&fq=%28type_s%3Aparent%29%28entity_type%3AaeActivity%29%28entity_type%3AaeActivityHistory%29&rows=5000&wt=json&indent=true&sort=id+asc&start=30000,PREVIOUS_COLLECTION_ENDPOINT,,FULL_LISTED_ISSUER_AND_SECURITY_DIRECTORY;FULL_MEMBER_OR_LICENSEE_DIRECTORY;SOURCE_TOTAL_AND_PAGINATION_RECONCILIATION;ISIN_LEI_MIC_LINKING,REVIEW_MARKET_TYPE_AND_REGULATORY_ROLE_NOT_EVERY_SITE_IS_EQUITY_EXCHANGE,200,UNKNOWN,AUTHORITATIVE_UNIVERSE_BOUNDARY_AND_ENTITY_IDENTIFICATION,PUBLIC_DIRECTORY_DISCOVERY_AND_FULL_EXPORT
https://registers.esma.europa.eu/solr/esma_registers_upreg/select?q=%7B%21join+from%3Did+to%3D_root_%7D%2B%28ae_entityTypeCode%3AMIF%29&fq=%28type_s%3Aparent%29%28entity_type%3AaeActivity%29%28entity_type%3AaeActivityHistory%29&rows=5000&wt=json&indent=true&sort=id+asc&start=35000,PREVIOUS_COLLECTION_ENDPOINT,,FULL_LISTED_ISSUER_AND_SECURITY_DIRECTORY;FULL_MEMBER_OR_LICENSEE_DIRECTORY;SOURCE_TOTAL_AND_PAGINATION_RECONCILIATION;ISIN_LEI_MIC_LINKING,REVIEW_MARKET_TYPE_AND_REGULATORY_ROLE_NOT_EVERY_SITE_IS_EQUITY_EXCHANGE,200,UNKNOWN,AUTHORITATIVE_UNIVERSE_BOUNDARY_AND_ENTITY_IDENTIFICATION,PUBLIC_DIRECTORY_DISCOVERY_AND_FULL_EXPORT
https://registers.esma.europa.eu/solr/esma_registers_upreg/select?q=%7B%21join+from%3Did+to%3D_root_%7D%2B%28ae_entityTypeCode%3AMIF%29&fq=%28type_s%3Aparent%29%28entity_type%3AaeActivity%29%28entity_type%3AaeActivityHistory%29&rows=5000&wt=json&indent=true&sort=id+asc&start=40000,PREVIOUS_COLLECTION_ENDPOINT,,FULL_LISTED_ISSUER_AND_SECURITY_DIRECTORY;FULL_MEMBER_OR_LICENSEE_DIRECTORY;SOURCE_TOTAL_AND_PAGINATION_RECONCILIATION;ISIN_LEI_MIC_LINKING,REVIEW_MARKET_TYPE_AND_REGULATORY_ROLE_NOT_EVERY_SITE_IS_EQUITY_EXCHANGE,200,UNKNOWN,AUTHORITATIVE_UNIVERSE_BOUNDARY_AND_ENTITY_IDENTIFICATION,PUBLIC_DIRECTORY_DISCOVERY_AND_FULL_EXPORT
https://registers.esma.europa.eu/solr/esma_registers_upreg/select?q=%7B%21join+from%3Did+to%3D_root_%7D%2B%28ae_entityTypeCode%3AMIF%29&fq=%28type_s%3Aparent%29%28entity_type%3AaeActivity%29%28entity_type%3AaeActivityHistory%29&rows=5000&wt=json&indent=true&sort=id+asc&start=45000,PREVIOUS_COLLECTION_ENDPOINT,,FULL_LISTED_ISSUER_AND_SECURITY_DIRECTORY;FULL_MEMBER_OR_LICENSEE_DIRECTORY;SOURCE_TOTAL_AND_PAGINATION_RECONCILIATION;ISIN_LEI_MIC_LINKING,REVIEW_MARKET_TYPE_AND_REGULATORY_ROLE_NOT_EVERY_SITE_IS_EQUITY_EXCHANGE,200,UNKNOWN,AUTHORITATIVE_UNIVERSE_BOUNDARY_AND_ENTITY_IDENTIFICATION,PUBLIC_DIRECTORY_DISCOVERY_AND_FULL_EXPORT
https://registers.esma.europa.eu/solr/esma_registers_upreg/select?q=%7B%21join+from%3Did+to%3D_root_%7D%2B%28ae_entityTypeCode%3AMIF%29&fq=%28type_s%3Aparent%29%28entity_type%3AaeActivity%29%28entity_type%3AaeActivityHistory%29&rows=5000&wt=json&indent=true&sort=id+asc&start=5000,PREVIOUS_COLLECTION_ENDPOINT,,FULL_LISTED_ISSUER_AND_SECURITY_DIRECTORY;FULL_MEMBER_OR_LICENSEE_DIRECTORY;SOURCE_TOTAL_AND_PAGINATION_RECONCILIATION;ISIN_LEI_MIC_LINKING,REVIEW_MARKET_TYPE_AND_REGULATORY_ROLE_NOT_EVERY_SITE_IS_EQUITY_EXCHANGE,200,UNKNOWN,AUTHORITATIVE_UNIVERSE_BOUNDARY_AND_ENTITY_IDENTIFICATION,PUBLIC_DIRECTORY_DISCOVERY_AND_FULL_EXPORT
https://registers.esma.europa.eu/solr/esma_registers_upreg/select?q=%7B%21join+from%3Did+to%3D_root_%7D%2B%28ae_entityTypeCode%3AMIF%29&fq=%28type_s%3Aparent%29%28entity_type%3AaeActivity%29%28entity_type%3AaeActivityHistory%29&rows=5000&wt=json&indent=true&sort=id+asc&start=50000,PREVIOUS_COLLECTION_ENDPOINT,,FULL_LISTED_ISSUER_AND_SECURITY_DIRECTORY;FULL_MEMBER_OR_LICENSEE_DIRECTORY;SOURCE_TOTAL_AND_PAGINATION_RECONCILIATION;ISIN_LEI_MIC_LINKING,REVIEW_MARKET_TYPE_AND_REGULATORY_ROLE_NOT_EVERY_SITE_IS_EQUITY_EXCHANGE,200,UNKNOWN,AUTHORITATIVE_UNIVERSE_BOUNDARY_AND_ENTITY_IDENTIFICATION,PUBLIC_DIRECTORY_DISCOVERY_AND_FULL_EXPORT
https://registers.esma.europa.eu/solr/esma_registers_upreg/select?q=%7B%21join+from%3Did+to%3D_root_%7D%2B%28ae_entityTypeCode%3AMIF%29&fq=%28type_s%3Aparent%29%28entity_type%3AaeActivity%29%28entity_type%3AaeActivityHistory%29&rows=5000&wt=json&indent=true&sort=id+asc&start=55000,PREVIOUS_COLLECTION_ENDPOINT,,FULL_LISTED_ISSUER_AND_SECURITY_DIRECTORY;FULL_MEMBER_OR_LICENSEE_DIRECTORY;SOURCE_TOTAL_AND_PAGINATION_RECONCILIATION;ISIN_LEI_MIC_LINKING,REVIEW_MARKET_TYPE_AND_REGULATORY_ROLE_NOT_EVERY_SITE_IS_EQUITY_EXCHANGE,200,UNKNOWN,AUTHORITATIVE_UNIVERSE_BOUNDARY_AND_ENTITY_IDENTIFICATION,PUBLIC_DIRECTORY_DISCOVERY_AND_FULL_EXPORT
https://registers.esma.europa.eu/solr/esma_registers_upreg/select?q=%7B%21join+from%3Did+to%3D_root_%7D%2B%28ae_entityTypeCode%3AMIF%29&fq=%28type_s%3Aparent%29%28entity_type%3AaeActivity%29%28entity_type%3AaeActivityHistory%29&rows=5000&wt=json&indent=true&sort=id+asc&start=60000,PREVIOUS_COLLECTION_ENDPOINT,,FULL_LISTED_ISSUER_AND_SECURITY_DIRECTORY;FULL_MEMBER_OR_LICENSEE_DIRECTORY;SOURCE_TOTAL_AND_PAGINATION_RECONCILIATION;ISIN_LEI_MIC_LINKING,REVIEW_MARKET_TYPE_AND_REGULATORY_ROLE_NOT_EVERY_SITE_IS_EQUITY_EXCHANGE,200,UNKNOWN,AUTHORITATIVE_UNIVERSE_BOUNDARY_AND_ENTITY_IDENTIFICATION,PUBLIC_DIRECTORY_DISCOVERY_AND_FULL_EXPORT
https://registers.esma.europa.eu/solr/esma_registers_upreg/select?q=%7B%21join+from%3Did+to%3D_root_%7D%2B%28ae_entityTypeCode%3AMIF%29&fq=%28type_s%3Aparent%29%28entity_type%3AaeActivity%29%28entity_type%3AaeActivityHistory%29&rows=5000&wt=json&indent=true&sort=id+asc&start=65000,PREVIOUS_COLLECTION_ENDPOINT,,FULL_LISTED_ISSUER_AND_SECURITY_DIRECTORY;FULL_MEMBER_OR_LICENSEE_DIRECTORY;SOURCE_TOTAL_AND_PAGINATION_RECONCILIATION;ISIN_LEI_MIC_LINKING,REVIEW_MARKET_TYPE_AND_REGULATORY_ROLE_NOT_EVERY_SITE_IS_EQUITY_EXCHANGE,200,UNKNOWN,AUTHORITATIVE_UNIVERSE_BOUNDARY_AND_ENTITY_IDENTIFICATION,PUBLIC_DIRECTORY_DISCOVERY_AND_FULL_EXPORT
https://registers.esma.europa.eu/solr/esma_registers_upreg/select?q=%7B%21join+from%3Did+to%3D_root_%7D%2B%28ae_entityTypeCode%3AMIF%29&fq=%28type_s%3Aparent%29%28entity_type%3AaeActivity%29%28entity_type%3AaeActivityHistory%29&rows=5000&wt=json&indent=true&sort=id+asc&start=70000,PREVIOUS_COLLECTION_ENDPOINT,,FULL_LISTED_ISSUER_AND_SECURITY_DIRECTORY;FULL_MEMBER_OR_LICENSEE_DIRECTORY;SOURCE_TOTAL_AND_PAGINATION_RECONCILIATION;ISIN_LEI_MIC_LINKING,REVIEW_MARKET_TYPE_AND_REGULATORY_ROLE_NOT_EVERY_SITE_IS_EQUITY_EXCHANGE,200,UNKNOWN,AUTHORITATIVE_UNIVERSE_BOUNDARY_AND_ENTITY_IDENTIFICATION,PUBLIC_DIRECTORY_DISCOVERY_AND_FULL_EXPORT
https://registers.esma.europa.eu/solr/esma_registers_upreg/select?q=%7B%21join+from%3Did+to%3D_root_%7D%2B%28ae_entityTypeCode%3AMIF%29&fq=%28type_s%3Aparent%29%28entity_type%3AaeActivity%29%28entity_type%3AaeActivityHistory%29&rows=5000&wt=json&indent=true&sort=id+asc&start=75000,PREVIOUS_COLLECTION_ENDPOINT,,FULL_LISTED_ISSUER_AND_SECURITY_DIRECTORY;FULL_MEMBER_OR_LICENSEE_DIRECTORY;SOURCE_TOTAL_AND_PAGINATION_RECONCILIATION;ISIN_LEI_MIC_LINKING,REVIEW_MARKET_TYPE_AND_REGULATORY_ROLE_NOT_EVERY_SITE_IS_EQUITY_EXCHANGE,200,UNKNOWN,AUTHORITATIVE_UNIVERSE_BOUNDARY_AND_ENTITY_IDENTIFICATION,PUBLIC_DIRECTORY_DISCOVERY_AND_FULL_EXPORT
https://registers.esma.europa.eu/solr/esma_registers_upreg/select?q=%7B%21join+from%3Did+to%3D_root_%7D%2B%28ae_entityTypeCode%3AMIF%29&fq=%28type_s%3Aparent%29%28entity_type%3AaeActivity%29%28entity_type%3AaeActivityHistory%29&rows=5000&wt=json&indent=true&sort=id+asc&start=80000,PREVIOUS_COLLECTION_ENDPOINT,,FULL_LISTED_ISSUER_AND_SECURITY_DIRECTORY;FULL_MEMBER_OR_LICENSEE_DIRECTORY;SOURCE_TOTAL_AND_PAGINATION_RECONCILIATION;ISIN_LEI_MIC_LINKING,REVIEW_MARKET_TYPE_AND_REGULATORY_ROLE_NOT_EVERY_SITE_IS_EQUITY_EXCHANGE,200,UNKNOWN,AUTHORITATIVE_UNIVERSE_BOUNDARY_AND_ENTITY_IDENTIFICATION,PUBLIC_DIRECTORY_DISCOVERY_AND_FULL_EXPORT
https://registers.esma.europa.eu/solr/esma_registers_upreg/select?q=ae_entityTypeCode%3AMIF&rows=1000&start=0&wt=json&sort=id+asc,PREVIOUS_COLLECTION_ENDPOINT,,FULL_LISTED_ISSUER_AND_SECURITY_DIRECTORY;FULL_MEMBER_OR_LICENSEE_DIRECTORY;SOURCE_TOTAL_AND_PAGINATION_RECONCILIATION;ISIN_LEI_MIC_LINKING,REVIEW_MARKET_TYPE_AND_REGULATORY_ROLE_NOT_EVERY_SITE_IS_EQUITY_EXCHANGE,200,UNKNOWN,AUTHORITATIVE_UNIVERSE_BOUNDARY_AND_ENTITY_IDENTIFICATION,PUBLIC_DIRECTORY_DISCOVERY_AND_FULL_EXPORT
https://registers.esma.europa.eu/solr/esma_registers_upreg/select?q=ae_entityTypeCode%3AMIF&rows=1000&start=1000&wt=json&sort=id+asc,PREVIOUS_COLLECTION_ENDPOINT,,FULL_LISTED_ISSUER_AND_SECURITY_DIRECTORY;FULL_MEMBER_OR_LICENSEE_DIRECTORY;SOURCE_TOTAL_AND_PAGINATION_RECONCILIATION;ISIN_LEI_MIC_LINKING,REVIEW_MARKET_TYPE_AND_REGULATORY_ROLE_NOT_EVERY_SITE_IS_EQUITY_EXCHANGE,200,UNKNOWN,AUTHORITATIVE_UNIVERSE_BOUNDARY_AND_ENTITY_IDENTIFICATION,PUBLIC_DIRECTORY_DISCOVERY_AND_FULL_EXPORT
https://registers.esma.europa.eu/solr/esma_registers_upreg/select?q=ae_entityTypeCode%3AMIF&rows=1000&start=2000&wt=json&sort=id+asc,PREVIOUS_COLLECTION_ENDPOINT,,FULL_LISTED_ISSUER_AND_SECURITY_DIRECTORY;FULL_MEMBER_OR_LICENSEE_DIRECTORY;SOURCE_TOTAL_AND_PAGINATION_RECONCILIATION;ISIN_LEI_MIC_LINKING,REVIEW_MARKET_TYPE_AND_REGULATORY_ROLE_NOT_EVERY_SITE_IS_EQUITY_EXCHANGE,200,UNKNOWN,AUTHORITATIVE_UNIVERSE_BOUNDARY_AND_ENTITY_IDENTIFICATION,PUBLIC_DIRECTORY_DISCOVERY_AND_FULL_EXPORT
https://registers.esma.europa.eu/solr/esma_registers_upreg/select?q=ae_entityTypeCode%3AMIF&rows=1000&start=3000&wt=json&sort=id+asc,PREVIOUS_COLLECTION_ENDPOINT,,FULL_LISTED_ISSUER_AND_SECURITY_DIRECTORY;FULL_MEMBER_OR_LICENSEE_DIRECTORY;SOURCE_TOTAL_AND_PAGINATION_RECONCILIATION;ISIN_LEI_MIC_LINKING,REVIEW_MARKET_TYPE_AND_REGULATORY_ROLE_NOT_EVERY_SITE_IS_EQUITY_EXCHANGE,200,UNKNOWN,AUTHORITATIVE_UNIVERSE_BOUNDARY_AND_ENTITY_IDENTIFICATION,PUBLIC_DIRECTORY_DISCOVERY_AND_FULL_EXPORT
https://registers.esma.europa.eu/solr/esma_registers_upreg/select?q=ae_entityTypeCode%3AMIF&rows=1000&start=4000&wt=json&sort=id+asc,PREVIOUS_COLLECTION_ENDPOINT,,FULL_LISTED_ISSUER_AND_SECURITY_DIRECTORY;FULL_MEMBER_OR_LICENSEE_DIRECTORY;SOURCE_TOTAL_AND_PAGINATION_RECONCILIATION;ISIN_LEI_MIC_LINKING,REVIEW_MARKET_TYPE_AND_REGULATORY_ROLE_NOT_EVERY_SITE_IS_EQUITY_EXCHANGE,200,UNKNOWN,AUTHORITATIVE_UNIVERSE_BOUNDARY_AND_ENTITY_IDENTIFICATION,PUBLIC_DIRECTORY_DISCOVERY_AND_FULL_EXPORT
https://registers.esma.europa.eu/solr/esma_registers_upreg/select?q=ae_entityTypeCode%3AMIF&rows=1000&start=5000&wt=json&sort=id+asc,PREVIOUS_COLLECTION_ENDPOINT,,FULL_LISTED_ISSUER_AND_SECURITY_DIRECTORY;FULL_MEMBER_OR_LICENSEE_DIRECTORY;SOURCE_TOTAL_AND_PAGINATION_RECONCILIATION;ISIN_LEI_MIC_LINKING,REVIEW_MARKET_TYPE_AND_REGULATORY_ROLE_NOT_EVERY_SITE_IS_EQUITY_EXCHANGE,200,UNKNOWN,AUTHORITATIVE_UNIVERSE_BOUNDARY_AND_ENTITY_IDENTIFICATION,PUBLIC_DIRECTORY_DISCOVERY_AND_FULL_EXPORT
https://registers.esma.europa.eu/solr/esma_registers_upreg/select?q=ae_entityTypeCode%3AMIF&rows=1000&start=6000&wt=json&sort=id+asc,PREVIOUS_COLLECTION_ENDPOINT,,FULL_LISTED_ISSUER_AND_SECURITY_DIRECTORY;FULL_MEMBER_OR_LICENSEE_DIRECTORY;SOURCE_TOTAL_AND_PAGINATION_RECONCILIATION;ISIN_LEI_MIC_LINKING,REVIEW_MARKET_TYPE_AND_REGULATORY_ROLE_NOT_EVERY_SITE_IS_EQUITY_EXCHANGE,200,UNKNOWN,AUTHORITATIVE_UNIVERSE_BOUNDARY_AND_ENTITY_IDENTIFICATION,PUBLIC_DIRECTORY_DISCOVERY_AND_FULL_EXPORT
https://registers.esma.europa.eu/solr/esma_registers_upreg/select?q=ae_entityTypeCode%3AMIF&rows=1000&start=7000&wt=json&sort=id+asc,PREVIOUS_COLLECTION_ENDPOINT,,FULL_LISTED_ISSUER_AND_SECURITY_DIRECTORY;FULL_MEMBER_OR_LICENSEE_DIRECTORY;SOURCE_TOTAL_AND_PAGINATION_RECONCILIATION;ISIN_LEI_MIC_LINKING,REVIEW_MARKET_TYPE_AND_REGULATORY_ROLE_NOT_EVERY_SITE_IS_EQUITY_EXCHANGE,200,UNKNOWN,AUTHORITATIVE_UNIVERSE_BOUNDARY_AND_ENTITY_IDENTIFICATION,PUBLIC_DIRECTORY_DISCOVERY_AND_FULL_EXPORT
https://siv.bcp.gov.py/,IOSCO_MEMBER_WEBSITE,,FULL_LISTED_ISSUER_AND_SECURITY_DIRECTORY;FULL_MEMBER_OR_LICENSEE_DIRECTORY;SOURCE_TOTAL_AND_PAGINATION_RECONCILIATION;ISIN_LEI_MIC_LINKING,REVIEW_MARKET_TYPE_AND_REGULATORY_ROLE_NOT_EVERY_SITE_IS_EQUITY_EXCHANGE,,UNKNOWN,AUTHORITATIVE_UNIVERSE_BOUNDARY_AND_ENTITY_IDENTIFICATION,PUBLIC_DIRECTORY_DISCOVERY_AND_FULL_EXPORT
https://thecse.com/,WFE_DIRECTORY_SITE,CA,FULL_LISTED_ISSUER_AND_SECURITY_DIRECTORY;FULL_MEMBER_OR_LICENSEE_DIRECTORY;SOURCE_TOTAL_AND_PAGINATION_RECONCILIATION;ISIN_LEI_MIC_LINKING,REVIEW_MARKET_TYPE_AND_REGULATORY_ROLE_NOT_EVERY_SITE_IS_EQUITY_EXCHANGE,200,UNKNOWN,AUTHORITATIVE_UNIVERSE_BOUNDARY_AND_ENTITY_IDENTIFICATION,PUBLIC_DIRECTORY_DISCOVERY_AND_FULL_EXPORT
https://vietnamexchange.vn/en/,WFE_DIRECTORY_SITE,,FULL_LISTED_ISSUER_AND_SECURITY_DIRECTORY;FULL_MEMBER_OR_LICENSEE_DIRECTORY;SOURCE_TOTAL_AND_PAGINATION_RECONCILIATION;ISIN_LEI_MIC_LINKING,REVIEW_MARKET_TYPE_AND_REGULATORY_ROLE_NOT_EVERY_SITE_IS_EQUITY_EXCHANGE,,UNKNOWN,AUTHORITATIVE_UNIVERSE_BOUNDARY_AND_ENTITY_IDENTIFICATION,PUBLIC_DIRECTORY_DISCOVERY_AND_FULL_EXPORT
https://www.armf.mr,IOSCO_MEMBER_WEBSITE,,FULL_LISTED_ISSUER_AND_SECURITY_DIRECTORY;FULL_MEMBER_OR_LICENSEE_DIRECTORY;SOURCE_TOTAL_AND_PAGINATION_RECONCILIATION;ISIN_LEI_MIC_LINKING,REVIEW_MARKET_TYPE_AND_REGULATORY_ROLE_NOT_EVERY_SITE_IS_EQUITY_EXCHANGE,200,UNKNOWN,AUTHORITATIVE_UNIVERSE_BOUNDARY_AND_ENTITY_IDENTIFICATION,PUBLIC_DIRECTORY_DISCOVERY_AND_FULL_EXPORT
https://www.asx.com.au/asx/research/ASXListedCompanies.csv,PREVIOUS_COLLECTION_ENDPOINT,AU,FULL_LISTED_ISSUER_AND_SECURITY_DIRECTORY;FULL_MEMBER_OR_LICENSEE_DIRECTORY;SOURCE_TOTAL_AND_PAGINATION_RECONCILIATION;ISIN_LEI_MIC_LINKING,REVIEW_MARKET_TYPE_AND_REGULATORY_ROLE_NOT_EVERY_SITE_IS_EQUITY_EXCHANGE,200,UNKNOWN,AUTHORITATIVE_UNIVERSE_BOUNDARY_AND_ENTITY_IDENTIFICATION,PUBLIC_DIRECTORY_DISCOVERY_AND_FULL_EXPORT
https://www.bank.lv/,IOSCO_MEMBER_WEBSITE,,FULL_LISTED_ISSUER_AND_SECURITY_DIRECTORY;FULL_MEMBER_OR_LICENSEE_DIRECTORY;SOURCE_TOTAL_AND_PAGINATION_RECONCILIATION;ISIN_LEI_MIC_LINKING,REVIEW_MARKET_TYPE_AND_REGULATORY_ROLE_NOT_EVERY_SITE_IS_EQUITY_EXCHANGE,200,UNKNOWN,AUTHORITATIVE_UNIVERSE_BOUNDARY_AND_ENTITY_IDENTIFICATION,PUBLIC_DIRECTORY_DISCOVERY_AND_FULL_EXPORT
https://www.belizefsc.org.bz/,IOSCO_MEMBER_WEBSITE,,FULL_LISTED_ISSUER_AND_SECURITY_DIRECTORY;FULL_MEMBER_OR_LICENSEE_DIRECTORY;SOURCE_TOTAL_AND_PAGINATION_RECONCILIATION;ISIN_LEI_MIC_LINKING,REVIEW_MARKET_TYPE_AND_REGULATORY_ROLE_NOT_EVERY_SITE_IS_EQUITY_EXCHANGE,200,UNKNOWN,AUTHORITATIVE_UNIVERSE_BOUNDARY_AND_ENTITY_IDENTIFICATION,PUBLIC_DIRECTORY_DISCOVERY_AND_FULL_EXPORT
https://www.bloomberg.com/professional/,LICENSED_VENDOR,GB|SG|US,FULL_LISTED_ISSUER_AND_SECURITY_DIRECTORY;FULL_MEMBER_OR_LICENSEE_DIRECTORY;SOURCE_TOTAL_AND_PAGINATION_RECONCILIATION;ISIN_LEI_MIC_LINKING,REVIEW_MARKET_TYPE_AND_REGULATORY_ROLE_NOT_EVERY_SITE_IS_EQUITY_EXCHANGE,403,UNKNOWN,AUTHORITATIVE_UNIVERSE_BOUNDARY_AND_ENTITY_IDENTIFICATION,LICENSE_OR_PUBLIC_EXPORT_SCOPE_REVIEW
https://www.bodiva.ao/,WFE_DIRECTORY_SITE,AO,FULL_LISTED_ISSUER_AND_SECURITY_DIRECTORY;FULL_MEMBER_OR_LICENSEE_DIRECTORY;SOURCE_TOTAL_AND_PAGINATION_RECONCILIATION;ISIN_LEI_MIC_LINKING,REVIEW_MARKET_TYPE_AND_REGULATORY_ROLE_NOT_EVERY_SITE_IS_EQUITY_EXCHANGE,,UNKNOWN,AUTHORITATIVE_UNIVERSE_BOUNDARY_AND_ENTITY_IDENTIFICATION,PUBLIC_DIRECTORY_DISCOVERY_AND_FULL_EXPORT
https://www.boerse-stuttgart.de/en/,WFE_DIRECTORY_SITE,DE,FULL_LISTED_ISSUER_AND_SECURITY_DIRECTORY;FULL_MEMBER_OR_LICENSEE_DIRECTORY;SOURCE_TOTAL_AND_PAGINATION_RECONCILIATION;ISIN_LEI_MIC_LINKING,REVIEW_MARKET_TYPE_AND_REGULATORY_ROLE_NOT_EVERY_SITE_IS_EQUITY_EXCHANGE,200,UNKNOWN,AUTHORITATIVE_UNIVERSE_BOUNDARY_AND_ENTITY_IDENTIFICATION,PUBLIC_DIRECTORY_DISCOVERY_AND_FULL_EXPORT
https://www.borzamalta.com.mt,WFE_DIRECTORY_SITE,MT,FULL_LISTED_ISSUER_AND_SECURITY_DIRECTORY;FULL_MEMBER_OR_LICENSEE_DIRECTORY;SOURCE_TOTAL_AND_PAGINATION_RECONCILIATION;ISIN_LEI_MIC_LINKING,REVIEW_MARKET_TYPE_AND_REGULATORY_ROLE_NOT_EVERY_SITE_IS_EQUITY_EXCHANGE,200,UNKNOWN,AUTHORITATIVE_UNIVERSE_BOUNDARY_AND_ENTITY_IDENTIFICATION,PUBLIC_DIRECTORY_DISCOVERY_AND_FULL_EXPORT
https://www.boursakuwait.com.kw,IOSCO_MEMBER_WEBSITE,,FULL_LISTED_ISSUER_AND_SECURITY_DIRECTORY;FULL_MEMBER_OR_LICENSEE_DIRECTORY;SOURCE_TOTAL_AND_PAGINATION_RECONCILIATION;ISIN_LEI_MIC_LINKING,REVIEW_MARKET_TYPE_AND_REGULATORY_ROLE_NOT_EVERY_SITE_IS_EQUITY_EXCHANGE,403,UNKNOWN,AUTHORITATIVE_UNIVERSE_BOUNDARY_AND_ENTITY_IDENTIFICATION,PUBLIC_DIRECTORY_DISCOVERY_AND_FULL_EXPORT
https://www.bsmsupervisao.com.br/,IOSCO_MEMBER_WEBSITE,,FULL_LISTED_ISSUER_AND_SECURITY_DIRECTORY;FULL_MEMBER_OR_LICENSEE_DIRECTORY;SOURCE_TOTAL_AND_PAGINATION_RECONCILIATION;ISIN_LEI_MIC_LINKING,REVIEW_MARKET_TYPE_AND_REGULATORY_ROLE_NOT_EVERY_SITE_IS_EQUITY_EXCHANGE,200,UNKNOWN,AUTHORITATIVE_UNIVERSE_BOUNDARY_AND_ENTITY_IDENTIFICATION,PUBLIC_DIRECTORY_DISCOVERY_AND_FULL_EXPORT
https://www.bvi.de/en,IOSCO_MEMBER_WEBSITE,,FULL_LISTED_ISSUER_AND_SECURITY_DIRECTORY;FULL_MEMBER_OR_LICENSEE_DIRECTORY;SOURCE_TOTAL_AND_PAGINATION_RECONCILIATION;ISIN_LEI_MIC_LINKING,REVIEW_MARKET_TYPE_AND_REGULATORY_ROLE_NOT_EVERY_SITE_IS_EQUITY_EXCHANGE,,UNKNOWN,AUTHORITATIVE_UNIVERSE_BOUNDARY_AND_ENTITY_IDENTIFICATION,PUBLIC_DIRECTORY_DISCOVERY_AND_FULL_EXPORT
https://www.cba.am,IOSCO_MEMBER_WEBSITE,,FULL_LISTED_ISSUER_AND_SECURITY_DIRECTORY;FULL_MEMBER_OR_LICENSEE_DIRECTORY;SOURCE_TOTAL_AND_PAGINATION_RECONCILIATION;ISIN_LEI_MIC_LINKING,REVIEW_MARKET_TYPE_AND_REGULATORY_ROLE_NOT_EVERY_SITE_IS_EQUITY_EXCHANGE,200,UNKNOWN,AUTHORITATIVE_UNIVERSE_BOUNDARY_AND_ENTITY_IDENTIFICATION,PUBLIC_DIRECTORY_DISCOVERY_AND_FULL_EXPORT
https://www.cbar.az/,IOSCO_MEMBER_WEBSITE,,FULL_LISTED_ISSUER_AND_SECURITY_DIRECTORY;FULL_MEMBER_OR_LICENSEE_DIRECTORY;SOURCE_TOTAL_AND_PAGINATION_RECONCILIATION;ISIN_LEI_MIC_LINKING,REVIEW_MARKET_TYPE_AND_REGULATORY_ROLE_NOT_EVERY_SITE_IS_EQUITY_EXCHANGE,200,UNKNOWN,AUTHORITATIVE_UNIVERSE_BOUNDARY_AND_ENTITY_IDENTIFICATION,PUBLIC_DIRECTORY_DISCOVERY_AND_FULL_EXPORT
https://www.cboe.com,IOSCO_MEMBER_WEBSITE,CA|NL|US,FULL_LISTED_ISSUER_AND_SECURITY_DIRECTORY;FULL_MEMBER_OR_LICENSEE_DIRECTORY;SOURCE_TOTAL_AND_PAGINATION_RECONCILIATION;ISIN_LEI_MIC_LINKING,REVIEW_MARKET_TYPE_AND_REGULATORY_ROLE_NOT_EVERY_SITE_IS_EQUITY_EXCHANGE,200,UNKNOWN,AUTHORITATIVE_UNIVERSE_BOUNDARY_AND_ENTITY_IDENTIFICATION,PUBLIC_DIRECTORY_DISCOVERY_AND_FULL_EXPORT
https://www.cboe.com/,WFE_DIRECTORY_SITE,CA|NL|US,FULL_LISTED_ISSUER_AND_SECURITY_DIRECTORY;FULL_MEMBER_OR_LICENSEE_DIRECTORY;SOURCE_TOTAL_AND_PAGINATION_RECONCILIATION;ISIN_LEI_MIC_LINKING,REVIEW_MARKET_TYPE_AND_REGULATORY_ROLE_NOT_EVERY_SITE_IS_EQUITY_EXCHANGE,200,UNKNOWN,AUTHORITATIVE_UNIVERSE_BOUNDARY_AND_ENTITY_IDENTIFICATION,PUBLIC_DIRECTORY_DISCOVERY_AND_FULL_EXPORT
https://www.csx.ky/,IOSCO_MEMBER_WEBSITE,,FULL_LISTED_ISSUER_AND_SECURITY_DIRECTORY;FULL_MEMBER_OR_LICENSEE_DIRECTORY;SOURCE_TOTAL_AND_PAGINATION_RECONCILIATION;ISIN_LEI_MIC_LINKING,REVIEW_MARKET_TYPE_AND_REGULATORY_ROLE_NOT_EVERY_SITE_IS_EQUITY_EXCHANGE,200,UNKNOWN,AUTHORITATIVE_UNIVERSE_BOUNDARY_AND_ENTITY_IDENTIFICATION,PUBLIC_DIRECTORY_DISCOVERY_AND_FULL_EXPORT
https://www.derbsw.de,IOSCO_MEMBER_WEBSITE,,FULL_LISTED_ISSUER_AND_SECURITY_DIRECTORY;FULL_MEMBER_OR_LICENSEE_DIRECTORY;SOURCE_TOTAL_AND_PAGINATION_RECONCILIATION;ISIN_LEI_MIC_LINKING,REVIEW_MARKET_TYPE_AND_REGULATORY_ROLE_NOT_EVERY_SITE_IS_EQUITY_EXCHANGE,200,UNKNOWN,AUTHORITATIVE_UNIVERSE_BOUNDARY_AND_ENTITY_IDENTIFICATION,PUBLIC_DIRECTORY_DISCOVERY_AND_FULL_EXPORT
https://www.dtcc.com,IOSCO_MEMBER_WEBSITE,,FULL_LISTED_ISSUER_AND_SECURITY_DIRECTORY;FULL_MEMBER_OR_LICENSEE_DIRECTORY;SOURCE_TOTAL_AND_PAGINATION_RECONCILIATION;ISIN_LEI_MIC_LINKING,REVIEW_MARKET_TYPE_AND_REGULATORY_ROLE_NOT_EVERY_SITE_IS_EQUITY_EXCHANGE,200,UNKNOWN,AUTHORITATIVE_UNIVERSE_BOUNDARY_AND_ENTITY_IDENTIFICATION,PUBLIC_DIRECTORY_DISCOVERY_AND_FULL_EXPORT
https://www.ecsrc.com,IOSCO_MEMBER_WEBSITE,,FULL_LISTED_ISSUER_AND_SECURITY_DIRECTORY;FULL_MEMBER_OR_LICENSEE_DIRECTORY;SOURCE_TOTAL_AND_PAGINATION_RECONCILIATION;ISIN_LEI_MIC_LINKING,REVIEW_MARKET_TYPE_AND_REGULATORY_ROLE_NOT_EVERY_SITE_IS_EQUITY_EXCHANGE,200,UNKNOWN,AUTHORITATIVE_UNIVERSE_BOUNDARY_AND_ENTITY_IDENTIFICATION,PUBLIC_DIRECTORY_DISCOVERY_AND_FULL_EXPORT
https://www.euronext.com,IOSCO_MEMBER_WEBSITE,BE|FR|GB|IE|NL|NO|PT|US,FULL_LISTED_ISSUER_AND_SECURITY_DIRECTORY;FULL_MEMBER_OR_LICENSEE_DIRECTORY;SOURCE_TOTAL_AND_PAGINATION_RECONCILIATION;ISIN_LEI_MIC_LINKING,REVIEW_MARKET_TYPE_AND_REGULATORY_ROLE_NOT_EVERY_SITE_IS_EQUITY_EXCHANGE,200,UNKNOWN,AUTHORITATIVE_UNIVERSE_BOUNDARY_AND_ENTITY_IDENTIFICATION,PUBLIC_DIRECTORY_DISCOVERY_AND_FULL_EXPORT
https://www.factset.com/,LICENSED_VENDOR,,FULL_LISTED_ISSUER_AND_SECURITY_DIRECTORY;FULL_MEMBER_OR_LICENSEE_DIRECTORY;SOURCE_TOTAL_AND_PAGINATION_RECONCILIATION;ISIN_LEI_MIC_LINKING,REVIEW_MARKET_TYPE_AND_REGULATORY_ROLE_NOT_EVERY_SITE_IS_EQUITY_EXCHANGE,200,UNKNOWN,AUTHORITATIVE_UNIVERSE_BOUNDARY_AND_ENTITY_IDENTIFICATION,LICENSE_OR_PUBLIC_EXPORT_SCOPE_REVIEW
https://www.fiabnet.org/,IOSCO_MEMBER_WEBSITE,,FULL_LISTED_ISSUER_AND_SECURITY_DIRECTORY;FULL_MEMBER_OR_LICENSEE_DIRECTORY;SOURCE_TOTAL_AND_PAGINATION_RECONCILIATION;ISIN_LEI_MIC_LINKING,REVIEW_MARKET_TYPE_AND_REGULATORY_ROLE_NOT_EVERY_SITE_IS_EQUITY_EXCHANGE,200,UNKNOWN,AUTHORITATIVE_UNIVERSE_BOUNDARY_AND_ENTITY_IDENTIFICATION,PUBLIC_DIRECTORY_DISCOVERY_AND_FULL_EXPORT
https://www.finra.org/,US_BROKER_REGULATOR,US,FULL_LISTED_ISSUER_AND_SECURITY_DIRECTORY;FULL_MEMBER_OR_LICENSEE_DIRECTORY;SOURCE_TOTAL_AND_PAGINATION_RECONCILIATION;ISIN_LEI_MIC_LINKING,REVIEW_MARKET_TYPE_AND_REGULATORY_ROLE_NOT_EVERY_SITE_IS_EQUITY_EXCHANGE,200,UNKNOWN,AUTHORITATIVE_UNIVERSE_BOUNDARY_AND_ENTITY_IDENTIFICATION,PUBLIC_DIRECTORY_DISCOVERY_AND_FULL_EXPORT
https://www.fma.govt.nz,IOSCO_MEMBER_WEBSITE,,FULL_LISTED_ISSUER_AND_SECURITY_DIRECTORY;FULL_MEMBER_OR_LICENSEE_DIRECTORY;SOURCE_TOTAL_AND_PAGINATION_RECONCILIATION;ISIN_LEI_MIC_LINKING,REVIEW_MARKET_TYPE_AND_REGULATORY_ROLE_NOT_EVERY_SITE_IS_EQUITY_EXCHANGE,403,UNKNOWN,AUTHORITATIVE_UNIVERSE_BOUNDARY_AND_ENTITY_IDENTIFICATION,PUBLIC_DIRECTORY_DISCOVERY_AND_FULL_EXPORT
https://www.fsa.go.jp/menkyo/menkyoj/kinyushohin.xlsx,PREVIOUS_COLLECTION_ENDPOINT,,FULL_LISTED_ISSUER_AND_SECURITY_DIRECTORY;FULL_MEMBER_OR_LICENSEE_DIRECTORY;SOURCE_TOTAL_AND_PAGINATION_RECONCILIATION;ISIN_LEI_MIC_LINKING,REVIEW_MARKET_TYPE_AND_REGULATORY_ROLE_NOT_EVERY_SITE_IS_EQUITY_EXCHANGE,200,UNKNOWN,AUTHORITATIVE_UNIVERSE_BOUNDARY_AND_ENTITY_IDENTIFICATION,PUBLIC_DIRECTORY_DISCOVERY_AND_FULL_EXPORT
https://www.fsa.gov.om,IOSCO_MEMBER_WEBSITE,,FULL_LISTED_ISSUER_AND_SECURITY_DIRECTORY;FULL_MEMBER_OR_LICENSEE_DIRECTORY;SOURCE_TOTAL_AND_PAGINATION_RECONCILIATION;ISIN_LEI_MIC_LINKING,REVIEW_MARKET_TYPE_AND_REGULATORY_ROLE_NOT_EVERY_SITE_IS_EQUITY_EXCHANGE,,UNKNOWN,AUTHORITATIVE_UNIVERSE_BOUNDARY_AND_ENTITY_IDENTIFICATION,PUBLIC_DIRECTORY_DISCOVERY_AND_FULL_EXPORT
https://www.fsa.kg/,IOSCO_MEMBER_WEBSITE,,FULL_LISTED_ISSUER_AND_SECURITY_DIRECTORY;FULL_MEMBER_OR_LICENSEE_DIRECTORY;SOURCE_TOTAL_AND_PAGINATION_RECONCILIATION;ISIN_LEI_MIC_LINKING,REVIEW_MARKET_TYPE_AND_REGULATORY_ROLE_NOT_EVERY_SITE_IS_EQUITY_EXCHANGE,,UNKNOWN,AUTHORITATIVE_UNIVERSE_BOUNDARY_AND_ENTITY_IDENTIFICATION,PUBLIC_DIRECTORY_DISCOVERY_AND_FULL_EXPORT
https://www.fsca.co.za/,IOSCO_MEMBER_WEBSITE,,FULL_LISTED_ISSUER_AND_SECURITY_DIRECTORY;FULL_MEMBER_OR_LICENSEE_DIRECTORY;SOURCE_TOTAL_AND_PAGINATION_RECONCILIATION;ISIN_LEI_MIC_LINKING,REVIEW_MARKET_TYPE_AND_REGULATORY_ROLE_NOT_EVERY_SITE_IS_EQUITY_EXCHANGE,200,UNKNOWN,AUTHORITATIVE_UNIVERSE_BOUNDARY_AND_ENTITY_IDENTIFICATION,PUBLIC_DIRECTORY_DISCOVERY_AND_FULL_EXPORT
https://www.gdf.io/,IOSCO_MEMBER_WEBSITE,,FULL_LISTED_ISSUER_AND_SECURITY_DIRECTORY;FULL_MEMBER_OR_LICENSEE_DIRECTORY;SOURCE_TOTAL_AND_PAGINATION_RECONCILIATION;ISIN_LEI_MIC_LINKING,REVIEW_MARKET_TYPE_AND_REGULATORY_ROLE_NOT_EVERY_SITE_IS_EQUITY_EXCHANGE,200,UNKNOWN,AUTHORITATIVE_UNIVERSE_BOUNDARY_AND_ENTITY_IDENTIFICATION,PUBLIC_DIRECTORY_DISCOVERY_AND_FULL_EXPORT
https://www.gfma.org,IOSCO_MEMBER_WEBSITE,,FULL_LISTED_ISSUER_AND_SECURITY_DIRECTORY;FULL_MEMBER_OR_LICENSEE_DIRECTORY;SOURCE_TOTAL_AND_PAGINATION_RECONCILIATION;ISIN_LEI_MIC_LINKING,REVIEW_MARKET_TYPE_AND_REGULATORY_ROLE_NOT_EVERY_SITE_IS_EQUITY_EXCHANGE,200,UNKNOWN,AUTHORITATIVE_UNIVERSE_BOUNDARY_AND_ENTITY_IDENTIFICATION,PUBLIC_DIRECTORY_DISCOVERY_AND_FULL_EXPORT
https://www.gleif.org/,GLOBAL_ENTITY_IDENTIFIERS,,FULL_LISTED_ISSUER_AND_SECURITY_DIRECTORY;FULL_MEMBER_OR_LICENSEE_DIRECTORY;SOURCE_TOTAL_AND_PAGINATION_RECONCILIATION;ISIN_LEI_MIC_LINKING,REVIEW_MARKET_TYPE_AND_REGULATORY_ROLE_NOT_EVERY_SITE_IS_EQUITY_EXCHANGE,200,UNKNOWN,AUTHORITATIVE_UNIVERSE_BOUNDARY_AND_ENTITY_IDENTIFICATION,PUBLIC_DIRECTORY_DISCOVERY_AND_FULL_EXPORT
https://www.gpw.pl/en-home,WFE_DIRECTORY_SITE,PL,FULL_LISTED_ISSUER_AND_SECURITY_DIRECTORY;FULL_MEMBER_OR_LICENSEE_DIRECTORY;SOURCE_TOTAL_AND_PAGINATION_RECONCILIATION;ISIN_LEI_MIC_LINKING,REVIEW_MARKET_TYPE_AND_REGULATORY_ROLE_NOT_EVERY_SITE_IS_EQUITY_EXCHANGE,,UNKNOWN,AUTHORITATIVE_UNIVERSE_BOUNDARY_AND_ENTITY_IDENTIFICATION,PUBLIC_DIRECTORY_DISCOVERY_AND_FULL_EXPORT
https://www.hkex.com.hk/eng/services/trading/securities/securitieslists/ListOfSecurities.xlsx,PREVIOUS_COLLECTION_ENDPOINT,HK,FULL_LISTED_ISSUER_AND_SECURITY_DIRECTORY;FULL_MEMBER_OR_LICENSEE_DIRECTORY;SOURCE_TOTAL_AND_PAGINATION_RECONCILIATION;ISIN_LEI_MIC_LINKING,REVIEW_MARKET_TYPE_AND_REGULATORY_ROLE_NOT_EVERY_SITE_IS_EQUITY_EXCHANGE,200,UNKNOWN,AUTHORITATIVE_UNIVERSE_BOUNDARY_AND_ENTITY_IDENTIFICATION,PUBLIC_DIRECTORY_DISCOVERY_AND_FULL_EXPORT
https://www.ice.com/market-data,LICENSED_VENDOR,GB,FULL_LISTED_ISSUER_AND_SECURITY_DIRECTORY;FULL_MEMBER_OR_LICENSEE_DIRECTORY;SOURCE_TOTAL_AND_PAGINATION_RECONCILIATION;ISIN_LEI_MIC_LINKING,REVIEW_MARKET_TYPE_AND_REGULATORY_ROLE_NOT_EVERY_SITE_IS_EQUITY_EXCHANGE,200,UNKNOWN,AUTHORITATIVE_UNIVERSE_BOUNDARY_AND_ENTITY_IDENTIFICATION,LICENSE_OR_PUBLIC_EXPORT_SCOPE_REVIEW
https://www.ifac.org/,IOSCO_MEMBER_WEBSITE,,FULL_LISTED_ISSUER_AND_SECURITY_DIRECTORY;FULL_MEMBER_OR_LICENSEE_DIRECTORY;SOURCE_TOTAL_AND_PAGINATION_RECONCILIATION;ISIN_LEI_MIC_LINKING,REVIEW_MARKET_TYPE_AND_REGULATORY_ROLE_NOT_EVERY_SITE_IS_EQUITY_EXCHANGE,200,UNKNOWN,AUTHORITATIVE_UNIVERSE_BOUNDARY_AND_ENTITY_IDENTIFICATION,PUBLIC_DIRECTORY_DISCOVERY_AND_FULL_EXPORT
https://www.iiroc.ca/,IOSCO_MEMBER_WEBSITE,,FULL_LISTED_ISSUER_AND_SECURITY_DIRECTORY;FULL_MEMBER_OR_LICENSEE_DIRECTORY;SOURCE_TOTAL_AND_PAGINATION_RECONCILIATION;ISIN_LEI_MIC_LINKING,REVIEW_MARKET_TYPE_AND_REGULATORY_ROLE_NOT_EVERY_SITE_IS_EQUITY_EXCHANGE,403,UNKNOWN,AUTHORITATIVE_UNIVERSE_BOUNDARY_AND_ENTITY_IDENTIFICATION,PUBLIC_DIRECTORY_DISCOVERY_AND_FULL_EXPORT
https://www.immfa.org,IOSCO_MEMBER_WEBSITE,,FULL_LISTED_ISSUER_AND_SECURITY_DIRECTORY;FULL_MEMBER_OR_LICENSEE_DIRECTORY;SOURCE_TOTAL_AND_PAGINATION_RECONCILIATION;ISIN_LEI_MIC_LINKING,REVIEW_MARKET_TYPE_AND_REGULATORY_ROLE_NOT_EVERY_SITE_IS_EQUITY_EXCHANGE,200,UNKNOWN,AUTHORITATIVE_UNIVERSE_BOUNDARY_AND_ENTITY_IDENTIFICATION,PUBLIC_DIRECTORY_DISCOVERY_AND_FULL_EXPORT
https://www.indexindustry.org,IOSCO_MEMBER_WEBSITE,,FULL_LISTED_ISSUER_AND_SECURITY_DIRECTORY;FULL_MEMBER_OR_LICENSEE_DIRECTORY;SOURCE_TOTAL_AND_PAGINATION_RECONCILIATION;ISIN_LEI_MIC_LINKING,REVIEW_MARKET_TYPE_AND_REGULATORY_ROLE_NOT_EVERY_SITE_IS_EQUITY_EXCHANGE,200,UNKNOWN,AUTHORITATIVE_UNIVERSE_BOUNDARY_AND_ENTITY_IDENTIFICATION,PUBLIC_DIRECTORY_DISCOVERY_AND_FULL_EXPORT
https://www.intercontinentalexchange.com/index,WFE_DIRECTORY_SITE,,FULL_LISTED_ISSUER_AND_SECURITY_DIRECTORY;FULL_MEMBER_OR_LICENSEE_DIRECTORY;SOURCE_TOTAL_AND_PAGINATION_RECONCILIATION;ISIN_LEI_MIC_LINKING,REVIEW_MARKET_TYPE_AND_REGULATORY_ROLE_NOT_EVERY_SITE_IS_EQUITY_EXCHANGE,200,UNKNOWN,AUTHORITATIVE_UNIVERSE_BOUNDARY_AND_ENTITY_IDENTIFICATION,PUBLIC_DIRECTORY_DISCOVERY_AND_FULL_EXPORT
https://www.iosco.org/,GLOBAL_REGULATOR,,FULL_LISTED_ISSUER_AND_SECURITY_DIRECTORY;FULL_MEMBER_OR_LICENSEE_DIRECTORY;SOURCE_TOTAL_AND_PAGINATION_RECONCILIATION;ISIN_LEI_MIC_LINKING,REVIEW_MARKET_TYPE_AND_REGULATORY_ROLE_NOT_EVERY_SITE_IS_EQUITY_EXCHANGE,200,UNKNOWN,AUTHORITATIVE_UNIVERSE_BOUNDARY_AND_ENTITY_IDENTIFICATION,PUBLIC_DIRECTORY_DISCOVERY_AND_FULL_EXPORT
https://www.iso20022.org/sites/default/files/ISO10383_MIC/ISO10383_MIC.csv,PREVIOUS_COLLECTION_ENDPOINT,,FULL_LISTED_ISSUER_AND_SECURITY_DIRECTORY;FULL_MEMBER_OR_LICENSEE_DIRECTORY;SOURCE_TOTAL_AND_PAGINATION_RECONCILIATION;ISIN_LEI_MIC_LINKING,REVIEW_MARKET_TYPE_AND_REGULATORY_ROLE_NOT_EVERY_SITE_IS_EQUITY_EXCHANGE,200,UNKNOWN,AUTHORITATIVE_UNIVERSE_BOUNDARY_AND_ENTITY_IDENTIFICATION,PUBLIC_DIRECTORY_DISCOVERY_AND_FULL_EXPORT
https://www.jerseyfsc.org/about-us/contact-us/,IOSCO_MEMBER_WEBSITE,,FULL_LISTED_ISSUER_AND_SECURITY_DIRECTORY;FULL_MEMBER_OR_LICENSEE_DIRECTORY;SOURCE_TOTAL_AND_PAGINATION_RECONCILIATION;ISIN_LEI_MIC_LINKING,REVIEW_MARKET_TYPE_AND_REGULATORY_ROLE_NOT_EVERY_SITE_IS_EQUITY_EXCHANGE,200,UNKNOWN,AUTHORITATIVE_UNIVERSE_BOUNDARY_AND_ENTITY_IDENTIFICATION,PUBLIC_DIRECTORY_DISCOVERY_AND_FULL_EXPORT
https://www.jpx.co.jp/english/,WFE_DIRECTORY_SITE,JP,FULL_LISTED_ISSUER_AND_SECURITY_DIRECTORY;FULL_MEMBER_OR_LICENSEE_DIRECTORY;SOURCE_TOTAL_AND_PAGINATION_RECONCILIATION;ISIN_LEI_MIC_LINKING,REVIEW_MARKET_TYPE_AND_REGULATORY_ROLE_NOT_EVERY_SITE_IS_EQUITY_EXCHANGE,200,UNKNOWN,AUTHORITATIVE_UNIVERSE_BOUNDARY_AND_ENTITY_IDENTIFICATION,PUBLIC_DIRECTORY_DISCOVERY_AND_FULL_EXPORT
https://www.jpx.co.jp/english/rules-participants/participants/list/,PREVIOUS_COLLECTION_ENDPOINT,JP,FULL_LISTED_ISSUER_AND_SECURITY_DIRECTORY;FULL_MEMBER_OR_LICENSEE_DIRECTORY;SOURCE_TOTAL_AND_PAGINATION_RECONCILIATION;ISIN_LEI_MIC_LINKING,REVIEW_MARKET_TYPE_AND_REGULATORY_ROLE_NOT_EVERY_SITE_IS_EQUITY_EXCHANGE,200,UNKNOWN,AUTHORITATIVE_UNIVERSE_BOUNDARY_AND_ENTITY_IDENTIFICATION,PUBLIC_DIRECTORY_DISCOVERY_AND_FULL_EXPORT
https://www.jpx.co.jp/markets/statistics-equities/misc/tvdivq0000001vg2-att/data_j.xlsx,PREVIOUS_COLLECTION_ENDPOINT,JP,FULL_LISTED_ISSUER_AND_SECURITY_DIRECTORY;FULL_MEMBER_OR_LICENSEE_DIRECTORY;SOURCE_TOTAL_AND_PAGINATION_RECONCILIATION;ISIN_LEI_MIC_LINKING,REVIEW_MARKET_TYPE_AND_REGULATORY_ROLE_NOT_EVERY_SITE_IS_EQUITY_EXCHANGE,200,UNKNOWN,AUTHORITATIVE_UNIVERSE_BOUNDARY_AND_ENTITY_IDENTIFICATION,PUBLIC_DIRECTORY_DISCOVERY_AND_FULL_EXPORT
https://www.jse.co.za/,IOSCO_MEMBER_WEBSITE,ZA,FULL_LISTED_ISSUER_AND_SECURITY_DIRECTORY;FULL_MEMBER_OR_LICENSEE_DIRECTORY;SOURCE_TOTAL_AND_PAGINATION_RECONCILIATION;ISIN_LEI_MIC_LINKING,REVIEW_MARKET_TYPE_AND_REGULATORY_ROLE_NOT_EVERY_SITE_IS_EQUITY_EXCHANGE,403,UNKNOWN,AUTHORITATIVE_UNIVERSE_BOUNDARY_AND_ENTITY_IDENTIFICATION,PUBLIC_DIRECTORY_DISCOVERY_AND_FULL_EXPORT
https://www.kdic.or.kr/english/index.jsp,IOSCO_MEMBER_WEBSITE,,FULL_LISTED_ISSUER_AND_SECURITY_DIRECTORY;FULL_MEMBER_OR_LICENSEE_DIRECTORY;SOURCE_TOTAL_AND_PAGINATION_RECONCILIATION;ISIN_LEI_MIC_LINKING,REVIEW_MARKET_TYPE_AND_REGULATORY_ROLE_NOT_EVERY_SITE_IS_EQUITY_EXCHANGE,404,UNKNOWN,AUTHORITATIVE_UNIVERSE_BOUNDARY_AND_ENTITY_IDENTIFICATION,PUBLIC_DIRECTORY_DISCOVERY_AND_FULL_EXPORT
https://www.kofia.or.kr/,IOSCO_MEMBER_WEBSITE,,FULL_LISTED_ISSUER_AND_SECURITY_DIRECTORY;FULL_MEMBER_OR_LICENSEE_DIRECTORY;SOURCE_TOTAL_AND_PAGINATION_RECONCILIATION;ISIN_LEI_MIC_LINKING,REVIEW_MARKET_TYPE_AND_REGULATORY_ROLE_NOT_EVERY_SITE_IS_EQUITY_EXCHANGE,200,UNKNOWN,AUTHORITATIVE_UNIVERSE_BOUNDARY_AND_ENTITY_IDENTIFICATION,PUBLIC_DIRECTORY_DISCOVERY_AND_FULL_EXPORT
https://www.labolsa.com.ar,WFE_DIRECTORY_SITE,,FULL_LISTED_ISSUER_AND_SECURITY_DIRECTORY;FULL_MEMBER_OR_LICENSEE_DIRECTORY;SOURCE_TOTAL_AND_PAGINATION_RECONCILIATION;ISIN_LEI_MIC_LINKING,REVIEW_MARKET_TYPE_AND_REGULATORY_ROLE_NOT_EVERY_SITE_IS_EQUITY_EXCHANGE,200,UNKNOWN,AUTHORITATIVE_UNIVERSE_BOUNDARY_AND_ENTITY_IDENTIFICATION,PUBLIC_DIRECTORY_DISCOVERY_AND_FULL_EXPORT
https://www.labuanfsa.gov.my/,IOSCO_MEMBER_WEBSITE,,FULL_LISTED_ISSUER_AND_SECURITY_DIRECTORY;FULL_MEMBER_OR_LICENSEE_DIRECTORY;SOURCE_TOTAL_AND_PAGINATION_RECONCILIATION;ISIN_LEI_MIC_LINKING,REVIEW_MARKET_TYPE_AND_REGULATORY_ROLE_NOT_EVERY_SITE_IS_EQUITY_EXCHANGE,200,UNKNOWN,AUTHORITATIVE_UNIVERSE_BOUNDARY_AND_ENTITY_IDENTIFICATION,PUBLIC_DIRECTORY_DISCOVERY_AND_FULL_EXPORT
https://www.latinexbolsa.com/en/,WFE_DIRECTORY_SITE,PA,FULL_LISTED_ISSUER_AND_SECURITY_DIRECTORY;FULL_MEMBER_OR_LICENSEE_DIRECTORY;SOURCE_TOTAL_AND_PAGINATION_RECONCILIATION;ISIN_LEI_MIC_LINKING,REVIEW_MARKET_TYPE_AND_REGULATORY_ROLE_NOT_EVERY_SITE_IS_EQUITY_EXCHANGE,200,UNKNOWN,AUTHORITATIVE_UNIVERSE_BOUNDARY_AND_ENTITY_IDENTIFICATION,PUBLIC_DIRECTORY_DISCOVERY_AND_FULL_EXPORT
https://www.lsc.gov.la/EN/,IOSCO_MEMBER_WEBSITE,,FULL_LISTED_ISSUER_AND_SECURITY_DIRECTORY;FULL_MEMBER_OR_LICENSEE_DIRECTORY;SOURCE_TOTAL_AND_PAGINATION_RECONCILIATION;ISIN_LEI_MIC_LINKING,REVIEW_MARKET_TYPE_AND_REGULATORY_ROLE_NOT_EVERY_SITE_IS_EQUITY_EXCHANGE,200,UNKNOWN,AUTHORITATIVE_UNIVERSE_BOUNDARY_AND_ENTITY_IDENTIFICATION,PUBLIC_DIRECTORY_DISCOVERY_AND_FULL_EXPORT
https://www.lseg.com,IOSCO_MEMBER_WEBSITE,GB|ID|NL,FULL_LISTED_ISSUER_AND_SECURITY_DIRECTORY;FULL_MEMBER_OR_LICENSEE_DIRECTORY;SOURCE_TOTAL_AND_PAGINATION_RECONCILIATION;ISIN_LEI_MIC_LINKING,REVIEW_MARKET_TYPE_AND_REGULATORY_ROLE_NOT_EVERY_SITE_IS_EQUITY_EXCHANGE,200,UNKNOWN,AUTHORITATIVE_UNIVERSE_BOUNDARY_AND_ENTITY_IDENTIFICATION,PUBLIC_DIRECTORY_DISCOVERY_AND_FULL_EXPORT
https://www.lseg.com/en/data-analytics,LICENSED_VENDOR,GB|ID|NL,FULL_LISTED_ISSUER_AND_SECURITY_DIRECTORY;FULL_MEMBER_OR_LICENSEE_DIRECTORY;SOURCE_TOTAL_AND_PAGINATION_RECONCILIATION;ISIN_LEI_MIC_LINKING,REVIEW_MARKET_TYPE_AND_REGULATORY_ROLE_NOT_EVERY_SITE_IS_EQUITY_EXCHANGE,200,UNKNOWN,AUTHORITATIVE_UNIVERSE_BOUNDARY_AND_ENTITY_IDENTIFICATION,LICENSE_OR_PUBLIC_EXPORT_SCOPE_REVIEW
https://www.luxse.com/,WFE_DIRECTORY_SITE,LU,FULL_LISTED_ISSUER_AND_SECURITY_DIRECTORY;FULL_MEMBER_OR_LICENSEE_DIRECTORY;SOURCE_TOTAL_AND_PAGINATION_RECONCILIATION;ISIN_LEI_MIC_LINKING,REVIEW_MARKET_TYPE_AND_REGULATORY_ROLE_NOT_EVERY_SITE_IS_EQUITY_EXCHANGE,200,UNKNOWN,AUTHORITATIVE_UNIVERSE_BOUNDARY_AND_ENTITY_IDENTIFICATION,PUBLIC_DIRECTORY_DISCOVERY_AND_FULL_EXPORT
https://www.maqasa.com,IOSCO_MEMBER_WEBSITE,,FULL_LISTED_ISSUER_AND_SECURITY_DIRECTORY;FULL_MEMBER_OR_LICENSEE_DIRECTORY;SOURCE_TOTAL_AND_PAGINATION_RECONCILIATION;ISIN_LEI_MIC_LINKING,REVIEW_MARKET_TYPE_AND_REGULATORY_ROLE_NOT_EVERY_SITE_IS_EQUITY_EXCHANGE,200,UNKNOWN,AUTHORITATIVE_UNIVERSE_BOUNDARY_AND_ENTITY_IDENTIFICATION,PUBLIC_DIRECTORY_DISCOVERY_AND_FULL_EXPORT
https://www.meti.go.jp/,IOSCO_MEMBER_WEBSITE,,FULL_LISTED_ISSUER_AND_SECURITY_DIRECTORY;FULL_MEMBER_OR_LICENSEE_DIRECTORY;SOURCE_TOTAL_AND_PAGINATION_RECONCILIATION;ISIN_LEI_MIC_LINKING,REVIEW_MARKET_TYPE_AND_REGULATORY_ROLE_NOT_EVERY_SITE_IS_EQUITY_EXCHANGE,403,UNKNOWN,AUTHORITATIVE_UNIVERSE_BOUNDARY_AND_ENTITY_IDENTIFICATION,PUBLIC_DIRECTORY_DISCOVERY_AND_FULL_EXPORT
https://www.mfsa.mt/,IOSCO_MEMBER_WEBSITE,,FULL_LISTED_ISSUER_AND_SECURITY_DIRECTORY;FULL_MEMBER_OR_LICENSEE_DIRECTORY;SOURCE_TOTAL_AND_PAGINATION_RECONCILIATION;ISIN_LEI_MIC_LINKING,REVIEW_MARKET_TYPE_AND_REGULATORY_ROLE_NOT_EVERY_SITE_IS_EQUITY_EXCHANGE,403,UNKNOWN,AUTHORITATIVE_UNIVERSE_BOUNDARY_AND_ENTITY_IDENTIFICATION,PUBLIC_DIRECTORY_DISCOVERY_AND_FULL_EXPORT
https://www.miaxoptions.com/,WFE_DIRECTORY_SITE,,FULL_LISTED_ISSUER_AND_SECURITY_DIRECTORY;FULL_MEMBER_OR_LICENSEE_DIRECTORY;SOURCE_TOTAL_AND_PAGINATION_RECONCILIATION;ISIN_LEI_MIC_LINKING,REVIEW_MARKET_TYPE_AND_REGULATORY_ROLE_NOT_EVERY_SITE_IS_EQUITY_EXCHANGE,200,UNKNOWN,AUTHORITATIVE_UNIVERSE_BOUNDARY_AND_ENTITY_IDENTIFICATION,PUBLIC_DIRECTORY_DISCOVERY_AND_FULL_EXPORT
https://www.moodys.com/web/en/us/capabilities/company-reference-data/orbis.html,LICENSED_VENDOR,,FULL_LISTED_ISSUER_AND_SECURITY_DIRECTORY;FULL_MEMBER_OR_LICENSEE_DIRECTORY;SOURCE_TOTAL_AND_PAGINATION_RECONCILIATION;ISIN_LEI_MIC_LINKING,REVIEW_MARKET_TYPE_AND_REGULATORY_ROLE_NOT_EVERY_SITE_IS_EQUITY_EXCHANGE,200,UNKNOWN,AUTHORITATIVE_UNIVERSE_BOUNDARY_AND_ENTITY_IDENTIFICATION,LICENSE_OR_PUBLIC_EXPORT_SCOPE_REVIEW
https://www.msci.com/,LICENSED_VENDOR,,FULL_LISTED_ISSUER_AND_SECURITY_DIRECTORY;FULL_MEMBER_OR_LICENSEE_DIRECTORY;SOURCE_TOTAL_AND_PAGINATION_RECONCILIATION;ISIN_LEI_MIC_LINKING,REVIEW_MARKET_TYPE_AND_REGULATORY_ROLE_NOT_EVERY_SITE_IS_EQUITY_EXCHANGE,200,UNKNOWN,AUTHORITATIVE_UNIVERSE_BOUNDARY_AND_ENTITY_IDENTIFICATION,LICENSE_OR_PUBLIC_EXPORT_SCOPE_REVIEW
https://www.msx.om/,WFE_DIRECTORY_SITE,OM,FULL_LISTED_ISSUER_AND_SECURITY_DIRECTORY;FULL_MEMBER_OR_LICENSEE_DIRECTORY;SOURCE_TOTAL_AND_PAGINATION_RECONCILIATION;ISIN_LEI_MIC_LINKING,REVIEW_MARKET_TYPE_AND_REGULATORY_ROLE_NOT_EVERY_SITE_IS_EQUITY_EXCHANGE,,UNKNOWN,AUTHORITATIVE_UNIVERSE_BOUNDARY_AND_ENTITY_IDENTIFICATION,PUBLIC_DIRECTORY_DISCOVERY_AND_FULL_EXPORT
https://www.napp.uz,IOSCO_MEMBER_WEBSITE,,FULL_LISTED_ISSUER_AND_SECURITY_DIRECTORY;FULL_MEMBER_OR_LICENSEE_DIRECTORY;SOURCE_TOTAL_AND_PAGINATION_RECONCILIATION;ISIN_LEI_MIC_LINKING,REVIEW_MARKET_TYPE_AND_REGULATORY_ROLE_NOT_EVERY_SITE_IS_EQUITY_EXCHANGE,,UNKNOWN,AUTHORITATIVE_UNIVERSE_BOUNDARY_AND_ENTITY_IDENTIFICATION,PUBLIC_DIRECTORY_DISCOVERY_AND_FULL_EXPORT
https://www.nasdaqtrader.com/dynamic/SymDir/nasdaqlisted.txt,PREVIOUS_COLLECTION_ENDPOINT,US,FULL_LISTED_ISSUER_AND_SECURITY_DIRECTORY;FULL_MEMBER_OR_LICENSEE_DIRECTORY;SOURCE_TOTAL_AND_PAGINATION_RECONCILIATION;ISIN_LEI_MIC_LINKING,REVIEW_MARKET_TYPE_AND_REGULATORY_ROLE_NOT_EVERY_SITE_IS_EQUITY_EXCHANGE,200,UNKNOWN,AUTHORITATIVE_UNIVERSE_BOUNDARY_AND_ENTITY_IDENTIFICATION,PUBLIC_DIRECTORY_DISCOVERY_AND_FULL_EXPORT
https://www.nasdaqtrader.com/dynamic/SymDir/otherlisted.txt,PREVIOUS_COLLECTION_ENDPOINT,US,FULL_LISTED_ISSUER_AND_SECURITY_DIRECTORY;FULL_MEMBER_OR_LICENSEE_DIRECTORY;SOURCE_TOTAL_AND_PAGINATION_RECONCILIATION;ISIN_LEI_MIC_LINKING,REVIEW_MARKET_TYPE_AND_REGULATORY_ROLE_NOT_EVERY_SITE_IS_EQUITY_EXCHANGE,200,UNKNOWN,AUTHORITATIVE_UNIVERSE_BOUNDARY_AND_ENTITY_IDENTIFICATION,PUBLIC_DIRECTORY_DISCOVERY_AND_FULL_EXPORT
https://www.nbs.sk,IOSCO_MEMBER_WEBSITE,,FULL_LISTED_ISSUER_AND_SECURITY_DIRECTORY;FULL_MEMBER_OR_LICENSEE_DIRECTORY;SOURCE_TOTAL_AND_PAGINATION_RECONCILIATION;ISIN_LEI_MIC_LINKING,REVIEW_MARKET_TYPE_AND_REGULATORY_ROLE_NOT_EVERY_SITE_IS_EQUITY_EXCHANGE,200,UNKNOWN,AUTHORITATIVE_UNIVERSE_BOUNDARY_AND_ENTITY_IDENTIFICATION,PUBLIC_DIRECTORY_DISCOVERY_AND_FULL_EXPORT
https://www.ngxgroup.com,IOSCO_MEMBER_WEBSITE,,FULL_LISTED_ISSUER_AND_SECURITY_DIRECTORY;FULL_MEMBER_OR_LICENSEE_DIRECTORY;SOURCE_TOTAL_AND_PAGINATION_RECONCILIATION;ISIN_LEI_MIC_LINKING,REVIEW_MARKET_TYPE_AND_REGULATORY_ROLE_NOT_EVERY_SITE_IS_EQUITY_EXCHANGE,,UNKNOWN,AUTHORITATIVE_UNIVERSE_BOUNDARY_AND_ENTITY_IDENTIFICATION,PUBLIC_DIRECTORY_DISCOVERY_AND_FULL_EXPORT
https://www.nse.co.ke/,WFE_DIRECTORY_SITE,KE,FULL_LISTED_ISSUER_AND_SECURITY_DIRECTORY;FULL_MEMBER_OR_LICENSEE_DIRECTORY;SOURCE_TOTAL_AND_PAGINATION_RECONCILIATION;ISIN_LEI_MIC_LINKING,REVIEW_MARKET_TYPE_AND_REGULATORY_ROLE_NOT_EVERY_SITE_IS_EQUITY_EXCHANGE,200,UNKNOWN,AUTHORITATIVE_UNIVERSE_BOUNDARY_AND_ENTITY_IDENTIFICATION,PUBLIC_DIRECTORY_DISCOVERY_AND_FULL_EXPORT
https://www.nzx.com/markets/NZSX,PREVIOUS_COLLECTION_ENDPOINT,NZ,FULL_LISTED_ISSUER_AND_SECURITY_DIRECTORY;FULL_MEMBER_OR_LICENSEE_DIRECTORY;SOURCE_TOTAL_AND_PAGINATION_RECONCILIATION;ISIN_LEI_MIC_LINKING,REVIEW_MARKET_TYPE_AND_REGULATORY_ROLE_NOT_EVERY_SITE_IS_EQUITY_EXCHANGE,200,UNKNOWN,AUTHORITATIVE_UNIVERSE_BOUNDARY_AND_ENTITY_IDENTIFICATION,PUBLIC_DIRECTORY_DISCOVERY_AND_FULL_EXPORT
https://www.ojk.go.id/en/Default.aspx,IOSCO_MEMBER_WEBSITE,,FULL_LISTED_ISSUER_AND_SECURITY_DIRECTORY;FULL_MEMBER_OR_LICENSEE_DIRECTORY;SOURCE_TOTAL_AND_PAGINATION_RECONCILIATION;ISIN_LEI_MIC_LINKING,REVIEW_MARKET_TYPE_AND_REGULATORY_ROLE_NOT_EVERY_SITE_IS_EQUITY_EXCHANGE,,UNKNOWN,AUTHORITATIVE_UNIVERSE_BOUNDARY_AND_ENTITY_IDENTIFICATION,PUBLIC_DIRECTORY_DISCOVERY_AND_FULL_EXPORT
https://www.openfigi.com/,GLOBAL_INSTRUMENT_IDENTIFIERS,,FULL_LISTED_ISSUER_AND_SECURITY_DIRECTORY;FULL_MEMBER_OR_LICENSEE_DIRECTORY;SOURCE_TOTAL_AND_PAGINATION_RECONCILIATION;ISIN_LEI_MIC_LINKING,REVIEW_MARKET_TYPE_AND_REGULATORY_ROLE_NOT_EVERY_SITE_IS_EQUITY_EXCHANGE,200,UNKNOWN,AUTHORITATIVE_UNIVERSE_BOUNDARY_AND_ENTITY_IDENTIFICATION,PUBLIC_DIRECTORY_DISCOVERY_AND_FULL_EXPORT
https://www.organismocf.it,IOSCO_MEMBER_WEBSITE,,FULL_LISTED_ISSUER_AND_SECURITY_DIRECTORY;FULL_MEMBER_OR_LICENSEE_DIRECTORY;SOURCE_TOTAL_AND_PAGINATION_RECONCILIATION;ISIN_LEI_MIC_LINKING,REVIEW_MARKET_TYPE_AND_REGULATORY_ROLE_NOT_EVERY_SITE_IS_EQUITY_EXCHANGE,,UNKNOWN,AUTHORITATIVE_UNIVERSE_BOUNDARY_AND_ENTITY_IDENTIFICATION,PUBLIC_DIRECTORY_DISCOVERY_AND_FULL_EXPORT
https://www.psx.com.pk/,WFE_DIRECTORY_SITE,PK,FULL_LISTED_ISSUER_AND_SECURITY_DIRECTORY;FULL_MEMBER_OR_LICENSEE_DIRECTORY;SOURCE_TOTAL_AND_PAGINATION_RECONCILIATION;ISIN_LEI_MIC_LINKING,REVIEW_MARKET_TYPE_AND_REGULATORY_ROLE_NOT_EVERY_SITE_IS_EQUITY_EXCHANGE,200,UNKNOWN,AUTHORITATIVE_UNIVERSE_BOUNDARY_AND_ENTITY_IDENTIFICATION,PUBLIC_DIRECTORY_DISCOVERY_AND_FULL_EXPORT
https://www.resbank.co.za/,IOSCO_MEMBER_WEBSITE,,FULL_LISTED_ISSUER_AND_SECURITY_DIRECTORY;FULL_MEMBER_OR_LICENSEE_DIRECTORY;SOURCE_TOTAL_AND_PAGINATION_RECONCILIATION;ISIN_LEI_MIC_LINKING,REVIEW_MARKET_TYPE_AND_REGULATORY_ROLE_NOT_EVERY_SITE_IS_EQUITY_EXCHANGE,200,UNKNOWN,AUTHORITATIVE_UNIVERSE_BOUNDARY_AND_ENTITY_IDENTIFICATION,PUBLIC_DIRECTORY_DISCOVERY_AND_FULL_EXPORT
https://www.rmvm.gob.gt/,IOSCO_MEMBER_WEBSITE,,FULL_LISTED_ISSUER_AND_SECURITY_DIRECTORY;FULL_MEMBER_OR_LICENSEE_DIRECTORY;SOURCE_TOTAL_AND_PAGINATION_RECONCILIATION;ISIN_LEI_MIC_LINKING,REVIEW_MARKET_TYPE_AND_REGULATORY_ROLE_NOT_EVERY_SITE_IS_EQUITY_EXCHANGE,200,UNKNOWN,AUTHORITATIVE_UNIVERSE_BOUNDARY_AND_ENTITY_IDENTIFICATION,PUBLIC_DIRECTORY_DISCOVERY_AND_FULL_EXPORT
https://www.sdc.com.jo,IOSCO_MEMBER_WEBSITE,,FULL_LISTED_ISSUER_AND_SECURITY_DIRECTORY;FULL_MEMBER_OR_LICENSEE_DIRECTORY;SOURCE_TOTAL_AND_PAGINATION_RECONCILIATION;ISIN_LEI_MIC_LINKING,REVIEW_MARKET_TYPE_AND_REGULATORY_ROLE_NOT_EVERY_SITE_IS_EQUITY_EXCHANGE,200,UNKNOWN,AUTHORITATIVE_UNIVERSE_BOUNDARY_AND_ENTITY_IDENTIFICATION,PUBLIC_DIRECTORY_DISCOVERY_AND_FULL_EXPORT
https://www.sec.gov/,US_REGULATOR,,FULL_LISTED_ISSUER_AND_SECURITY_DIRECTORY;FULL_MEMBER_OR_LICENSEE_DIRECTORY;SOURCE_TOTAL_AND_PAGINATION_RECONCILIATION;ISIN_LEI_MIC_LINKING,REVIEW_MARKET_TYPE_AND_REGULATORY_ROLE_NOT_EVERY_SITE_IS_EQUITY_EXCHANGE,403,UNKNOWN,AUTHORITATIVE_UNIVERSE_BOUNDARY_AND_ENTITY_IDENTIFICATION,PUBLIC_DIRECTORY_DISCOVERY_AND_FULL_EXPORT
https://www.secp.gov.pk/,IOSCO_MEMBER_WEBSITE,,FULL_LISTED_ISSUER_AND_SECURITY_DIRECTORY;FULL_MEMBER_OR_LICENSEE_DIRECTORY;SOURCE_TOTAL_AND_PAGINATION_RECONCILIATION;ISIN_LEI_MIC_LINKING,REVIEW_MARKET_TYPE_AND_REGULATORY_ROLE_NOT_EVERY_SITE_IS_EQUITY_EXCHANGE,403,UNKNOWN,AUTHORITATIVE_UNIVERSE_BOUNDARY_AND_ENTITY_IDENTIFICATION,PUBLIC_DIRECTORY_DISCOVERY_AND_FULL_EXPORT
https://www.seczim.co.zw,IOSCO_MEMBER_WEBSITE,,FULL_LISTED_ISSUER_AND_SECURITY_DIRECTORY;FULL_MEMBER_OR_LICENSEE_DIRECTORY;SOURCE_TOTAL_AND_PAGINATION_RECONCILIATION;ISIN_LEI_MIC_LINKING,REVIEW_MARKET_TYPE_AND_REGULATORY_ROLE_NOT_EVERY_SITE_IS_EQUITY_EXCHANGE,200,UNKNOWN,AUTHORITATIVE_UNIVERSE_BOUNDARY_AND_ENTITY_IDENTIFICATION,PUBLIC_DIRECTORY_DISCOVERY_AND_FULL_EXPORT
https://www.sfc.hk/web/EN/index.html,IOSCO_MEMBER_WEBSITE,,FULL_LISTED_ISSUER_AND_SECURITY_DIRECTORY;FULL_MEMBER_OR_LICENSEE_DIRECTORY;SOURCE_TOTAL_AND_PAGINATION_RECONCILIATION;ISIN_LEI_MIC_LINKING,REVIEW_MARKET_TYPE_AND_REGULATORY_ROLE_NOT_EVERY_SITE_IS_EQUITY_EXCHANGE,200,UNKNOWN,AUTHORITATIVE_UNIVERSE_BOUNDARY_AND_ENTITY_IDENTIFICATION,PUBLIC_DIRECTORY_DISCOVERY_AND_FULL_EXPORT
https://www.six-group.com/dam/download/financial-information/data-center/iso-currrency/lists/list-one.xml,PREVIOUS_COLLECTION_ENDPOINT,CH,FULL_LISTED_ISSUER_AND_SECURITY_DIRECTORY;FULL_MEMBER_OR_LICENSEE_DIRECTORY;SOURCE_TOTAL_AND_PAGINATION_RECONCILIATION;ISIN_LEI_MIC_LINKING,REVIEW_MARKET_TYPE_AND_REGULATORY_ROLE_NOT_EVERY_SITE_IS_EQUITY_EXCHANGE,200,UNKNOWN,AUTHORITATIVE_UNIVERSE_BOUNDARY_AND_ENTITY_IDENTIFICATION,PUBLIC_DIRECTORY_DISCOVERY_AND_FULL_EXPORT
https://www.six-group.com/dam/download/financial-information/data-center/iso-currrency/lists/list-three.xml,PREVIOUS_COLLECTION_ENDPOINT,CH,FULL_LISTED_ISSUER_AND_SECURITY_DIRECTORY;FULL_MEMBER_OR_LICENSEE_DIRECTORY;SOURCE_TOTAL_AND_PAGINATION_RECONCILIATION;ISIN_LEI_MIC_LINKING,REVIEW_MARKET_TYPE_AND_REGULATORY_ROLE_NOT_EVERY_SITE_IS_EQUITY_EXCHANGE,200,UNKNOWN,AUTHORITATIVE_UNIVERSE_BOUNDARY_AND_ENTITY_IDENTIFICATION,PUBLIC_DIRECTORY_DISCOVERY_AND_FULL_EXPORT
https://www.six-group.com/en/home.html,WFE_DIRECTORY_SITE,CH,FULL_LISTED_ISSUER_AND_SECURITY_DIRECTORY;FULL_MEMBER_OR_LICENSEE_DIRECTORY;SOURCE_TOTAL_AND_PAGINATION_RECONCILIATION;ISIN_LEI_MIC_LINKING,REVIEW_MARKET_TYPE_AND_REGULATORY_ROLE_NOT_EVERY_SITE_IS_EQUITY_EXCHANGE,200,UNKNOWN,AUTHORITATIVE_UNIVERSE_BOUNDARY_AND_ENTITY_IDENTIFICATION,PUBLIC_DIRECTORY_DISCOVERY_AND_FULL_EXPORT
https://www.six-group.com/en/products-services/financial-information/data-standards.html,CURRENCY_REGISTRATION_AUTHORITY,CH,FULL_LISTED_ISSUER_AND_SECURITY_DIRECTORY;FULL_MEMBER_OR_LICENSEE_DIRECTORY;SOURCE_TOTAL_AND_PAGINATION_RECONCILIATION;ISIN_LEI_MIC_LINKING,REVIEW_MARKET_TYPE_AND_REGULATORY_ROLE_NOT_EVERY_SITE_IS_EQUITY_EXCHANGE,200,UNKNOWN,AUTHORITATIVE_UNIVERSE_BOUNDARY_AND_ENTITY_IDENTIFICATION,PUBLIC_DIRECTORY_DISCOVERY_AND_FULL_EXPORT
https://www.spglobal.com/marketintelligence/,LICENSED_VENDOR,,FULL_LISTED_ISSUER_AND_SECURITY_DIRECTORY;FULL_MEMBER_OR_LICENSEE_DIRECTORY;SOURCE_TOTAL_AND_PAGINATION_RECONCILIATION;ISIN_LEI_MIC_LINKING,REVIEW_MARKET_TYPE_AND_REGULATORY_ROLE_NOT_EVERY_SITE_IS_EQUITY_EXCHANGE,403,UNKNOWN,AUTHORITATIVE_UNIVERSE_BOUNDARY_AND_ENTITY_IDENTIFICATION,LICENSE_OR_PUBLIC_EXPORT_SCOPE_REVIEW
https://www.theia.org/,IOSCO_MEMBER_WEBSITE,,FULL_LISTED_ISSUER_AND_SECURITY_DIRECTORY;FULL_MEMBER_OR_LICENSEE_DIRECTORY;SOURCE_TOTAL_AND_PAGINATION_RECONCILIATION;ISIN_LEI_MIC_LINKING,REVIEW_MARKET_TYPE_AND_REGULATORY_ROLE_NOT_EVERY_SITE_IS_EQUITY_EXCHANGE,200,UNKNOWN,AUTHORITATIVE_UNIVERSE_BOUNDARY_AND_ENTITY_IDENTIFICATION,PUBLIC_DIRECTORY_DISCOVERY_AND_FULL_EXPORT
https://www.theocc.com/,WFE_DIRECTORY_SITE,,FULL_LISTED_ISSUER_AND_SECURITY_DIRECTORY;FULL_MEMBER_OR_LICENSEE_DIRECTORY;SOURCE_TOTAL_AND_PAGINATION_RECONCILIATION;ISIN_LEI_MIC_LINKING,REVIEW_MARKET_TYPE_AND_REGULATORY_ROLE_NOT_EVERY_SITE_IS_EQUITY_EXCHANGE,403,UNKNOWN,AUTHORITATIVE_UNIVERSE_BOUNDARY_AND_ENTITY_IDENTIFICATION,PUBLIC_DIRECTORY_DISCOVERY_AND_FULL_EXPORT
https://www.tpex.org.tw/openapi/v1/mopsfin_t187ap03_O,PREVIOUS_COLLECTION_ENDPOINT,TW,FULL_LISTED_ISSUER_AND_SECURITY_DIRECTORY;FULL_MEMBER_OR_LICENSEE_DIRECTORY;SOURCE_TOTAL_AND_PAGINATION_RECONCILIATION;ISIN_LEI_MIC_LINKING,REVIEW_MARKET_TYPE_AND_REGULATORY_ROLE_NOT_EVERY_SITE_IS_EQUITY_EXCHANGE,200,UNKNOWN,AUTHORITATIVE_UNIVERSE_BOUNDARY_AND_ENTITY_IDENTIFICATION,PUBLIC_DIRECTORY_DISCOVERY_AND_FULL_EXPORT
https://www.tpex.org.tw/openapi/v1/mopsfin_t187ap03_R,PREVIOUS_COLLECTION_ENDPOINT,TW,FULL_LISTED_ISSUER_AND_SECURITY_DIRECTORY;FULL_MEMBER_OR_LICENSEE_DIRECTORY;SOURCE_TOTAL_AND_PAGINATION_RECONCILIATION;ISIN_LEI_MIC_LINKING,REVIEW_MARKET_TYPE_AND_REGULATORY_ROLE_NOT_EVERY_SITE_IS_EQUITY_EXCHANGE,200,UNKNOWN,AUTHORITATIVE_UNIVERSE_BOUNDARY_AND_ENTITY_IDENTIFICATION,PUBLIC_DIRECTORY_DISCOVERY_AND_FULL_EXPORT
https://www.tspb.org.tr/en/,IOSCO_MEMBER_WEBSITE,,FULL_LISTED_ISSUER_AND_SECURITY_DIRECTORY;FULL_MEMBER_OR_LICENSEE_DIRECTORY;SOURCE_TOTAL_AND_PAGINATION_RECONCILIATION;ISIN_LEI_MIC_LINKING,REVIEW_MARKET_TYPE_AND_REGULATORY_ROLE_NOT_EVERY_SITE_IS_EQUITY_EXCHANGE,404,UNKNOWN,AUTHORITATIVE_UNIVERSE_BOUNDARY_AND_ENTITY_IDENTIFICATION,PUBLIC_DIRECTORY_DISCOVERY_AND_FULL_EXPORT
https://www.tsx.com/en/resource/571,PREVIOUS_COLLECTION_ENDPOINT,CA,FULL_LISTED_ISSUER_AND_SECURITY_DIRECTORY;FULL_MEMBER_OR_LICENSEE_DIRECTORY;SOURCE_TOTAL_AND_PAGINATION_RECONCILIATION;ISIN_LEI_MIC_LINKING,REVIEW_MARKET_TYPE_AND_REGULATORY_ROLE_NOT_EVERY_SITE_IS_EQUITY_EXCHANGE,200,UNKNOWN,AUTHORITATIVE_UNIVERSE_BOUNDARY_AND_ENTITY_IDENTIFICATION,PUBLIC_DIRECTORY_DISCOVERY_AND_FULL_EXPORT
https://www.tunisieclearing.com/,IOSCO_MEMBER_WEBSITE,,FULL_LISTED_ISSUER_AND_SECURITY_DIRECTORY;FULL_MEMBER_OR_LICENSEE_DIRECTORY;SOURCE_TOTAL_AND_PAGINATION_RECONCILIATION;ISIN_LEI_MIC_LINKING,REVIEW_MARKET_TYPE_AND_REGULATORY_ROLE_NOT_EVERY_SITE_IS_EQUITY_EXCHANGE,,UNKNOWN,AUTHORITATIVE_UNIVERSE_BOUNDARY_AND_ENTITY_IDENTIFICATION,PUBLIC_DIRECTORY_DISCOVERY_AND_FULL_EXPORT
https://www.vara.ae,IOSCO_MEMBER_WEBSITE,,FULL_LISTED_ISSUER_AND_SECURITY_DIRECTORY;FULL_MEMBER_OR_LICENSEE_DIRECTORY;SOURCE_TOTAL_AND_PAGINATION_RECONCILIATION;ISIN_LEI_MIC_LINKING,REVIEW_MARKET_TYPE_AND_REGULATORY_ROLE_NOT_EVERY_SITE_IS_EQUITY_EXCHANGE,200,UNKNOWN,AUTHORITATIVE_UNIVERSE_BOUNDARY_AND_ENTITY_IDENTIFICATION,PUBLIC_DIRECTORY_DISCOVERY_AND_FULL_EXPORT
https://www.vfsc.vu/,IOSCO_MEMBER_WEBSITE,,FULL_LISTED_ISSUER_AND_SECURITY_DIRECTORY;FULL_MEMBER_OR_LICENSEE_DIRECTORY;SOURCE_TOTAL_AND_PAGINATION_RECONCILIATION;ISIN_LEI_MIC_LINKING,REVIEW_MARKET_TYPE_AND_REGULATORY_ROLE_NOT_EVERY_SITE_IS_EQUITY_EXCHANGE,200,UNKNOWN,AUTHORITATIVE_UNIVERSE_BOUNDARY_AND_ENTITY_IDENTIFICATION,PUBLIC_DIRECTORY_DISCOVERY_AND_FULL_EXPORT
