concept_id,revision_id,source_link_row,url,url_content_type,type,subtype,raw_link_json,link_fetch_state,source_file
C1214470488-ASF,1447,1,https://search.asf.alaska.edu/,DistributionURL,GET DATA,VERTEX,"{""Description"": ""Search and download data granules using the ASF Data Search graphical search interface Vertex."", ""URLContentType"": ""DistributionURL"", ""Type"": ""GET DATA"", ""URL"": ""https://search.asf.alaska.edu/"", ""Subtype"": ""VERTEX""}",CATALOG_REFERENCE_NOT_FETCHED,reports/2026-10-09/cmr_asf_b45/raw/collections_page_1.json
C1214470488-ASF,1447,2,https://search.earthdata.nasa.gov/search/granules?p=C1214470488-ASF,DistributionURL,GET DATA,Earthdata Search,"{""URLContentType"": ""DistributionURL"", ""Description"": ""Search and download data granules using NASA Earthdata Search interface."", ""Type"": ""GET DATA"", ""Subtype"": ""Earthdata Search"", ""URL"": ""https://search.earthdata.nasa.gov/search/granules?p=C1214470488-ASF""}",CATALOG_REFERENCE_NOT_FETCHED,reports/2026-10-09/cmr_asf_b45/raw/collections_page_1.json
C1214470488-ASF,1447,3,https://sentiwiki.copernicus.eu/web/sentinel-1,PublicationURL,VIEW RELATED INFORMATION,GENERAL DOCUMENTATION,"{""URLContentType"": ""PublicationURL"", ""URL"": ""https://sentiwiki.copernicus.eu/web/sentinel-1"", ""Description"": ""Copernicus Sentinel-1 mission home page"", ""Type"": ""VIEW RELATED INFORMATION"", ""Subtype"": ""GENERAL DOCUMENTATION""}",CATALOG_REFERENCE_NOT_FETCHED,reports/2026-10-09/cmr_asf_b45/raw/collections_page_1.json
C1214470488-ASF,1447,4,https://webdocs.asf.alaska.edu/Sentinel-1/Sentinel-1-User-Guide.pdf,PublicationURL,VIEW RELATED INFORMATION,USER'S GUIDE,"{""URLContentType"": ""PublicationURL"", ""Type"": ""VIEW RELATED INFORMATION"", ""Subtype"": ""USER'S GUIDE"", ""URL"": ""https://webdocs.asf.alaska.edu/Sentinel-1/Sentinel-1-User-Guide.pdf"", ""Description"": ""ASF created Sentinel-1 User Guide""}",CATALOG_REFERENCE_NOT_FETCHED,reports/2026-10-09/cmr_asf_b45/raw/collections_page_1.json
C3470873558-ASF,14,1,https://search.asf.alaska.edu/,DistributionURL,GET DATA,VERTEX,"{""Description"": ""ASF data search and download interface"", ""URLContentType"": ""DistributionURL"", ""Type"": ""GET DATA"", ""URL"": ""https://search.asf.alaska.edu/"", ""Subtype"": ""VERTEX""}",CATALOG_REFERENCE_NOT_FETCHED,reports/2026-10-09/cmr_asf_b45/raw/collections_page_1.json
C3470873558-ASF,14,2,https://search.earthdata.nasa.gov/search/granules?p=C3470873558-ASF,DistributionURL,GET DATA,Earthdata Search,"{""URLContentType"": ""DistributionURL"", ""Description"": ""Earthdata Search"", ""Type"": ""GET DATA"", ""Subtype"": ""Earthdata Search"", ""URL"": ""https://search.earthdata.nasa.gov/search/granules?p=C3470873558-ASF""}",CATALOG_REFERENCE_NOT_FETCHED,reports/2026-10-09/cmr_asf_b45/raw/collections_page_1.json
C3470873558-ASF,14,3,https://sentiwiki.copernicus.eu/web/sentinel-1,PublicationURL,VIEW RELATED INFORMATION,GENERAL DOCUMENTATION,"{""URLContentType"": ""PublicationURL"", ""URL"": ""https://sentiwiki.copernicus.eu/web/sentinel-1"", ""Description"": ""Copernicus Sentinel-1 mission home page"", ""Type"": ""VIEW RELATED INFORMATION"", ""Subtype"": ""GENERAL DOCUMENTATION""}",CATALOG_REFERENCE_NOT_FETCHED,reports/2026-10-09/cmr_asf_b45/raw/collections_page_1.json
C3470873558-ASF,14,4,https://webdocs.asf.alaska.edu/Sentinel-1/Sentinel-1-User-Guide.pdf,PublicationURL,VIEW RELATED INFORMATION,USER'S GUIDE,"{""URLContentType"": ""PublicationURL"", ""Type"": ""VIEW RELATED INFORMATION"", ""Subtype"": ""USER'S GUIDE"", ""URL"": ""https://webdocs.asf.alaska.edu/Sentinel-1/Sentinel-1-User-Guide.pdf"", ""Description"": ""ASF created Sentinel-1 User Guide""}",CATALOG_REFERENCE_NOT_FETCHED,reports/2026-10-09/cmr_asf_b45/raw/collections_page_1.json
C4175278193-ASF,3,1,https://search.asf.alaska.edu/,DistributionURL,GET DATA,VERTEX,"{""Description"": ""ASF data search and download interface"", ""URLContentType"": ""DistributionURL"", ""Type"": ""GET DATA"", ""URL"": ""https://search.asf.alaska.edu/"", ""Subtype"": ""VERTEX""}",CATALOG_REFERENCE_NOT_FETCHED,reports/2026-10-09/cmr_asf_b45/raw/collections_page_1.json
C4175278193-ASF,3,2,https://search.earthdata.nasa.gov/search/granules?p=C4175278193-ASF,DistributionURL,GET DATA,Earthdata Search,"{""URLContentType"": ""DistributionURL"", ""Description"": ""Earthdata Search"", ""Type"": ""GET DATA"", ""Subtype"": ""Earthdata Search"", ""URL"": ""https://search.earthdata.nasa.gov/search/granules?p=C4175278193-ASF""}",CATALOG_REFERENCE_NOT_FETCHED,reports/2026-10-09/cmr_asf_b45/raw/collections_page_1.json
C4175278193-ASF,3,3,https://sentiwiki.copernicus.eu/web/sentinel-1,PublicationURL,VIEW RELATED INFORMATION,GENERAL DOCUMENTATION,"{""URLContentType"": ""PublicationURL"", ""URL"": ""https://sentiwiki.copernicus.eu/web/sentinel-1"", ""Description"": ""Copernicus Sentinel-1 mission home page"", ""Type"": ""VIEW RELATED INFORMATION"", ""Subtype"": ""GENERAL DOCUMENTATION""}",CATALOG_REFERENCE_NOT_FETCHED,reports/2026-10-09/cmr_asf_b45/raw/collections_page_1.json
C4175278193-ASF,3,4,https://webdocs.asf.alaska.edu/Sentinel-1/Sentinel-1-User-Guide.pdf,PublicationURL,VIEW RELATED INFORMATION,USER'S GUIDE,"{""URLContentType"": ""PublicationURL"", ""Type"": ""VIEW RELATED INFORMATION"", ""Subtype"": ""USER'S GUIDE"", ""URL"": ""https://webdocs.asf.alaska.edu/Sentinel-1/Sentinel-1-User-Guide.pdf"", ""Description"": ""ASF created Sentinel-1 User Guide""}",CATALOG_REFERENCE_NOT_FETCHED,reports/2026-10-09/cmr_asf_b45/raw/collections_page_1.json
C2854338529-ASF,6,1,https://search.asf.alaska.edu/,DistributionURL,GET DATA,VERTEX,"{""Description"": ""Search and download data granules using the ASF Data Search graphical search interface Vertex."", ""URLContentType"": ""DistributionURL"", ""Type"": ""GET DATA"", ""Subtype"": ""VERTEX"", ""URL"": ""https://search.asf.alaska.edu/""}",CATALOG_REFERENCE_NOT_FETCHED,reports/2026-10-09/cmr_asf_b45/raw/collections_page_1.json
C2854338529-ASF,6,2,https://search.earthdata.nasa.gov/search/granules?p=C2854338529-ASF,DistributionURL,GET DATA,Earthdata Search,"{""Description"": ""Search and download data granules using NASA Earthdata Search interface."", ""URLContentType"": ""DistributionURL"", ""Type"": ""GET DATA"", ""Subtype"": ""Earthdata Search"", ""URL"": ""https://search.earthdata.nasa.gov/search/granules?p=C2854338529-ASF""}",CATALOG_REFERENCE_NOT_FETCHED,reports/2026-10-09/cmr_asf_b45/raw/collections_page_1.json
C2854338529-ASF,6,3,https://nisar.jpl.nasa.gov/,CollectionURL,PROJECT HOME PAGE,,"{""Description"": ""NISAR Project Home Page"", ""URLContentType"": ""CollectionURL"", ""Type"": ""PROJECT HOME PAGE"", ""URL"": ""https://nisar.jpl.nasa.gov/""}",CATALOG_REFERENCE_NOT_FETCHED,reports/2026-10-09/cmr_asf_b45/raw/collections_page_1.json
C2854338529-ASF,6,4,https://nisar-docs.asf.alaska.edu/gcov/,PublicationURL,VIEW RELATED INFORMATION,USER'S GUIDE,"{""URLContentType"": ""PublicationURL"", ""Type"": ""VIEW RELATED INFORMATION"", ""Subtype"": ""USER'S GUIDE"", ""URL"": ""https://nisar-docs.asf.alaska.edu/gcov/"", ""Description"": ""ASF created NISAR Data User Guide""}",CATALOG_REFERENCE_NOT_FETCHED,reports/2026-10-09/cmr_asf_b45/raw/collections_page_1.json
C2854338529-ASF,6,5,https://cumulus.asf.earthdatacloud.nasa.gov/PUBLIC/DATA/NISAR/NISAR_D-102274_RevF_NASA_SDS_Product_Specification_L2_GCOV_w-esigs.pdf,PublicationURL,VIEW RELATED INFORMATION,DATA PRODUCT SPECIFICATION,"{""Description"": ""Product Specification Document for NISAR Geocoded Polarimetric Covariance Product."", ""URLContentType"": ""PublicationURL"", ""Type"": ""VIEW RELATED INFORMATION"", ""Subtype"": ""DATA PRODUCT SPECIFICATION"", ""URL"": ""https://cumulus.asf.earthdatacloud.nasa.gov/PUBLIC/DATA/NISAR/NISAR_D-102274_RevF_NASA_SDS_Product_Specification_L2_GCOV_w-esigs.pdf""}",CATALOG_REFERENCE_NOT_FETCHED,reports/2026-10-09/cmr_asf_b45/raw/collections_page_1.json
C1206487504-ASF,1767,1,https://search.asf.alaska.edu/,DistributionURL,GET DATA,VERTEX,"{""Description"": ""Search and download data granules using the ASF Data Search graphical search interface Vertex."", ""URLContentType"": ""DistributionURL"", ""Type"": ""GET DATA"", ""Subtype"": ""VERTEX"", ""URL"": ""https://search.asf.alaska.edu/""}",CATALOG_REFERENCE_NOT_FETCHED,reports/2026-10-09/cmr_asf_b45/raw/collections_page_1.json
C1206487504-ASF,1767,2,https://search.earthdata.nasa.gov/search/granules?p=C1206487504-ASF,DistributionURL,GET DATA,Earthdata Search,"{""Description"": ""Search and download data granules using NASA Earthdata Search interface."", ""URLContentType"": ""DistributionURL"", ""Type"": ""GET DATA"", ""Subtype"": ""Earthdata Search"", ""URL"": ""https://search.earthdata.nasa.gov/search/granules?p=C1206487504-ASF""}",CATALOG_REFERENCE_NOT_FETCHED,reports/2026-10-09/cmr_asf_b45/raw/collections_page_1.json
C1206487504-ASF,1767,3,https://www.earthdata.nasa.gov/s3fs-public/2024-09/rtc_product_guide_v1.2-1.pdf,PublicationURL,VIEW RELATED INFORMATION,USER'S GUIDE,"{""URLContentType"": ""PublicationURL"", ""Type"": ""VIEW RELATED INFORMATION"", ""Subtype"": ""USER'S GUIDE"", ""URL"": ""https://www.earthdata.nasa.gov/s3fs-public/2024-09/rtc_product_guide_v1.2-1.pdf"", ""Description"": ""This document serves as product guide for users of radiometrically terrain corrected ALOS PALSAR products processed by the Alaska Satellite Facility.""}",CATALOG_REFERENCE_NOT_FETCHED,reports/2026-10-09/cmr_asf_b45/raw/collections_page_1.json
C1206487504-ASF,1767,4,https://www.earthdata.nasa.gov/s3fs-public/2024-09/rtc_atbd_v1.2_final.pdf,PublicationURL,VIEW RELATED INFORMATION,ALGORITHM THEORETICAL BASIS DOCUMENT (ATBD),"{""URLContentType"": ""PublicationURL"", ""Type"": ""VIEW RELATED INFORMATION"", ""Subtype"": ""ALGORITHM THEORETICAL BASIS DOCUMENT (ATBD)"", ""URL"": ""https://www.earthdata.nasa.gov/s3fs-public/2024-09/rtc_atbd_v1.2_final.pdf"", ""Description"": ""This document provides the theoretical background of the algorithms and processing flows used for the generation of terrain corrected products processed at the Alaska Satellite Facility.""}",CATALOG_REFERENCE_NOT_FETCHED,reports/2026-10-09/cmr_asf_b45/raw/collections_page_1.json
C2854332392-ASF,5,1,https://search.asf.alaska.edu/,DistributionURL,GET DATA,VERTEX,"{""Description"": ""Search and download data granules using the ASF Data Search graphical search interface Vertex."", ""URLContentType"": ""DistributionURL"", ""Type"": ""GET DATA"", ""Subtype"": ""VERTEX"", ""URL"": ""https://search.asf.alaska.edu/""}",CATALOG_REFERENCE_NOT_FETCHED,reports/2026-10-09/cmr_asf_b45/raw/collections_page_1.json
C2854332392-ASF,5,2,https://search.earthdata.nasa.gov/search/granules?p=C2854332392-ASF,DistributionURL,GET DATA,Earthdata Search,"{""Description"": ""Search and download data granules using NASA Earthdata Search interface."", ""URLContentType"": ""DistributionURL"", ""Type"": ""GET DATA"", ""Subtype"": ""Earthdata Search"", ""URL"": ""https://search.earthdata.nasa.gov/search/granules?p=C2854332392-ASF""}",CATALOG_REFERENCE_NOT_FETCHED,reports/2026-10-09/cmr_asf_b45/raw/collections_page_1.json
C2854332392-ASF,5,3,https://nisar.jpl.nasa.gov/,CollectionURL,PROJECT HOME PAGE,,"{""Description"": ""NISAR Project Home Page"", ""URLContentType"": ""CollectionURL"", ""Type"": ""PROJECT HOME PAGE"", ""URL"": ""https://nisar.jpl.nasa.gov/""}",CATALOG_REFERENCE_NOT_FETCHED,reports/2026-10-09/cmr_asf_b45/raw/collections_page_1.json
C2854332392-ASF,5,4,https://nisar-docs.asf.alaska.edu/gslc/,PublicationURL,VIEW RELATED INFORMATION,USER'S GUIDE,"{""URLContentType"": ""PublicationURL"", ""Type"": ""VIEW RELATED INFORMATION"", ""Subtype"": ""USER'S GUIDE"", ""URL"": ""https://nisar-docs.asf.alaska.edu/gslc/"", ""Description"": ""ASF created NISAR Data User Guide""}",CATALOG_REFERENCE_NOT_FETCHED,reports/2026-10-09/cmr_asf_b45/raw/collections_page_1.json
C2854332392-ASF,5,5,https://cumulus.asf.earthdatacloud.nasa.gov/PUBLIC/DATA/NISAR/NISAR_D-102269_RevF_NASA_SDS_Product_Specification_L2_GSLC_w-esigs.pdf,PublicationURL,VIEW RELATED INFORMATION,DATA PRODUCT SPECIFICATION,"{""Description"": ""Product Specification Document for NISAR Geocoded Single Look Complex Product."", ""URLContentType"": ""PublicationURL"", ""Type"": ""VIEW RELATED INFORMATION"", ""Subtype"": ""DATA PRODUCT SPECIFICATION"", ""URL"": ""https://cumulus.asf.earthdatacloud.nasa.gov/PUBLIC/DATA/NISAR/NISAR_D-102269_RevF_NASA_SDS_Product_Specification_L2_GSLC_w-esigs.pdf""}",CATALOG_REFERENCE_NOT_FETCHED,reports/2026-10-09/cmr_asf_b45/raw/collections_page_1.json
C2854335566-ASF,4,1,https://search.asf.alaska.edu/,DistributionURL,GET DATA,VERTEX,"{""Description"": ""Search and download data granules using the ASF Data Search graphical search interface Vertex."", ""URLContentType"": ""DistributionURL"", ""Type"": ""GET DATA"", ""Subtype"": ""VERTEX"", ""URL"": ""https://search.asf.alaska.edu/""}",CATALOG_REFERENCE_NOT_FETCHED,reports/2026-10-09/cmr_asf_b45/raw/collections_page_1.json
C2854335566-ASF,4,2,https://search.earthdata.nasa.gov/search/granules?p=C2854335566-ASF,DistributionURL,GET DATA,Earthdata Search,"{""Description"": ""Search and download data granules using NASA Earthdata Search interface."", ""URLContentType"": ""DistributionURL"", ""Type"": ""GET DATA"", ""Subtype"": ""Earthdata Search"", ""URL"": ""https://search.earthdata.nasa.gov/search/granules?p=C2854335566-ASF""}",CATALOG_REFERENCE_NOT_FETCHED,reports/2026-10-09/cmr_asf_b45/raw/collections_page_1.json
C2854335566-ASF,4,3,https://nisar.jpl.nasa.gov/,CollectionURL,PROJECT HOME PAGE,,"{""Description"": ""NISAR Project Home Page"", ""URLContentType"": ""CollectionURL"", ""Type"": ""PROJECT HOME PAGE"", ""URL"": ""https://nisar.jpl.nasa.gov/""}",CATALOG_REFERENCE_NOT_FETCHED,reports/2026-10-09/cmr_asf_b45/raw/collections_page_1.json
C2854335566-ASF,4,4,https://nisar-docs.asf.alaska.edu/gunw/,PublicationURL,VIEW RELATED INFORMATION,USER'S GUIDE,"{""URLContentType"": ""PublicationURL"", ""Type"": ""VIEW RELATED INFORMATION"", ""Subtype"": ""USER'S GUIDE"", ""URL"": ""https://nisar-docs.asf.alaska.edu/gunw/"", ""Description"": ""ASF created NISAR Data User Guide""}",CATALOG_REFERENCE_NOT_FETCHED,reports/2026-10-09/cmr_asf_b45/raw/collections_page_1.json
C2853145197-ASF,5,1,https://search.asf.alaska.edu/,DistributionURL,GET DATA,VERTEX,"{""Description"": ""Search and download data granules using the ASF Data Search graphical search interface Vertex."", ""URLContentType"": ""DistributionURL"", ""Type"": ""GET DATA"", ""Subtype"": ""VERTEX"", ""URL"": ""https://search.asf.alaska.edu/""}",CATALOG_REFERENCE_NOT_FETCHED,reports/2026-10-09/cmr_asf_b45/raw/collections_page_1.json
C2853145197-ASF,5,2,https://search.earthdata.nasa.gov/search/granules?p=C2853145197-ASF,DistributionURL,GET DATA,Earthdata Search,"{""Description"": ""Search and download data granules using NASA Earthdata Search interface."", ""URLContentType"": ""DistributionURL"", ""Type"": ""GET DATA"", ""Subtype"": ""Earthdata Search"", ""URL"": ""https://search.earthdata.nasa.gov/search/granules?p=C2853145197-ASF""}",CATALOG_REFERENCE_NOT_FETCHED,reports/2026-10-09/cmr_asf_b45/raw/collections_page_1.json
C2853145197-ASF,5,3,https://nisar.jpl.nasa.gov/,CollectionURL,PROJECT HOME PAGE,,"{""Description"": ""NISAR Project Home Page"", ""URLContentType"": ""CollectionURL"", ""Type"": ""PROJECT HOME PAGE"", ""URL"": ""https://nisar.jpl.nasa.gov/""}",CATALOG_REFERENCE_NOT_FETCHED,reports/2026-10-09/cmr_asf_b45/raw/collections_page_1.json
C2853145197-ASF,5,4,https://nisar-docs.asf.alaska.edu/rslc/,PublicationURL,VIEW RELATED INFORMATION,USER'S GUIDE,"{""URLContentType"": ""PublicationURL"", ""Type"": ""VIEW RELATED INFORMATION"", ""Subtype"": ""USER'S GUIDE"", ""URL"": ""https://nisar-docs.asf.alaska.edu/rslc/"", ""Description"": ""ASF created NISAR Data User Guide""}",CATALOG_REFERENCE_NOT_FETCHED,reports/2026-10-09/cmr_asf_b45/raw/collections_page_1.json
C2853145197-ASF,5,5,https://cumulus.asf.earthdatacloud.nasa.gov/PUBLIC/DATA/NISAR/NISAR_D-102268_RevF_NASA_SDS_Product_Specification_L1_RSLC_w-esigs.pdf,PublicationURL,VIEW RELATED INFORMATION,DATA PRODUCT SPECIFICATION,"{""Description"": ""Product Specification Document for NISAR Range Doppler Single Look Complex Product."", ""URLContentType"": ""PublicationURL"", ""Type"": ""VIEW RELATED INFORMATION"", ""Subtype"": ""DATA PRODUCT SPECIFICATION"", ""URL"": ""https://cumulus.asf.earthdatacloud.nasa.gov/PUBLIC/DATA/NISAR/NISAR_D-102268_RevF_NASA_SDS_Product_Specification_L1_RSLC_w-esigs.pdf""}",CATALOG_REFERENCE_NOT_FETCHED,reports/2026-10-09/cmr_asf_b45/raw/collections_page_1.json
C3294057315-ASF,17,1,https://search.asf.alaska.edu/#/?dataset=OPERA-S1&productTypes=DISP-S1&resultsLoaded=true,DistributionURL,GET DATA,VERTEX,"{""Description"": ""Search and download data granules using the ASF Data Search graphical search interface Vertex."", ""URLContentType"": ""DistributionURL"", ""Type"": ""GET DATA"", ""Subtype"": ""VERTEX"", ""URL"": ""https://search.asf.alaska.edu/#/?dataset=OPERA-S1&productTypes=DISP-S1&resultsLoaded=true""}",CATALOG_REFERENCE_NOT_FETCHED,reports/2026-10-09/cmr_asf_b45/raw/collections_page_1.json
C3294057315-ASF,17,2,https://www.jpl.nasa.gov/go/opera/,CollectionURL,PROJECT HOME PAGE,,"{""Description"": ""OPERA Project Home Page"", ""URLContentType"": ""CollectionURL"", ""Type"": ""PROJECT HOME PAGE"", ""URL"": ""https://www.jpl.nasa.gov/go/opera/""}",CATALOG_REFERENCE_NOT_FETCHED,reports/2026-10-09/cmr_asf_b45/raw/collections_page_1.json
C3294057315-ASF,17,3,https://search.earthdata.nasa.gov/search/granules?p=C3294057315-ASF,DistributionURL,GET DATA,Earthdata Search,"{""Description"": ""Search and download data granules using NASA Earthdata Search interface."", ""URLContentType"": ""DistributionURL"", ""Type"": ""GET DATA"", ""Subtype"": ""Earthdata Search"", ""URL"": ""https://search.earthdata.nasa.gov/search/granules?p=C3294057315-ASF""}",CATALOG_REFERENCE_NOT_FETCHED,reports/2026-10-09/cmr_asf_b45/raw/collections_page_1.json
C3294057315-ASF,17,4,https://displacement.asf.alaska.edu/,DistributionURL,GOTO WEB TOOL,,"{""Description"": ""Visualize and interact with OPERA Surface Displacement (DISP) products using the ASF Data Search displacement portal."", ""URLContentType"": ""DistributionURL"", ""Type"": ""GOTO WEB TOOL"", ""URL"": ""https://displacement.asf.alaska.edu/""}",CATALOG_REFERENCE_NOT_FETCHED,reports/2026-10-09/cmr_asf_b45/raw/collections_page_1.json
C3294057315-ASF,17,5,https://datapool.asf.alaska.edu/BROWSE/OPERA-S1/OPERA_L3_DISP-S1_IW_F16941_VV_20240303T015052Z_20240713T015051Z_v1.0_20250624T072455Z_BROWSE.png,VisualizationURL,GET RELATED VISUALIZATION,,"{""Description"": ""Image to represent the collection"", ""URLContentType"": ""VisualizationURL"", ""Type"": ""GET RELATED VISUALIZATION"", ""URL"": ""https://datapool.asf.alaska.edu/BROWSE/OPERA-S1/OPERA_L3_DISP-S1_IW_F16941_VV_20240303T015052Z_20240713T015051Z_v1.0_20250624T072455Z_BROWSE.png""}",CATALOG_REFERENCE_NOT_FETCHED,reports/2026-10-09/cmr_asf_b45/raw/collections_page_1.json
C3294057315-ASF,17,6,https://d2pn8kiwq2w21t.cloudfront.net/documents/OPERA_DISP_S1_Final_Product_Spec.pdf,PublicationURL,VIEW RELATED INFORMATION,DATA PRODUCT SPECIFICATION,"{""Description"": ""Product Specification Document for Surface Displacement from Sentinel1 A/B Product."", ""URLContentType"": ""PublicationURL"", ""Type"": ""VIEW RELATED INFORMATION"", ""Subtype"": ""DATA PRODUCT SPECIFICATION"", ""URL"": ""https://d2pn8kiwq2w21t.cloudfront.net/documents/OPERA_DISP_S1_Final_Product_Spec.pdf""}",CATALOG_REFERENCE_NOT_FETCHED,reports/2026-10-09/cmr_asf_b45/raw/collections_page_1.json
C3294057315-ASF,17,7,https://cumulus.asf.earthdatacloud.nasa.gov/PUBLIC/DATA/OPERA/OPERA_DISP-S1_ATBD_D-108765_Rev_A_v1.0.0_Final.pdf,PublicationURL,VIEW RELATED INFORMATION,ALGORITHM THEORETICAL BASIS DOCUMENT (ATBD),"{""URLContentType"": ""PublicationURL"", ""Type"": ""VIEW RELATED INFORMATION"", ""Subtype"": ""ALGORITHM THEORETICAL BASIS DOCUMENT (ATBD)"", ""URL"": ""https://cumulus.asf.earthdatacloud.nasa.gov/PUBLIC/DATA/OPERA/OPERA_DISP-S1_ATBD_D-108765_Rev_A_v1.0.0_Final.pdf"", ""Description"": ""Algorithm Theoretical Basis Document for OPERA Surface Displacement from Sentinel-1 data""}",CATALOG_REFERENCE_NOT_FETCHED,reports/2026-10-09/cmr_asf_b45/raw/collections_page_1.json
C3294057315-ASF,17,8,https://github.com/OPERA-Cal-Val/OPERA_Applications,PublicationURL,VIEW RELATED INFORMATION,DATA RECIPE,"{""Description"": ""This repository provides a collection of interactive notebooks to the OPERA Products: Coregistered Single-Look Complex (CSLC), Dynamic Surface Water eXtent (DSWx), Land Disturbance (DIST), Radiometric and Terrain Corrected Sentinel-1 (RTC-S1), and Displacement (DISP) products."", ""URLContentType"": ""PublicationURL"", ""Type"": ""VIEW RELATED INFORMATION"", ""Subtype"": ""DATA RECIPE"", ""URL"": ""https://github.com/OPERA-Cal-Val/OPERA_Applications""}",CATALOG_REFERENCE_NOT_FETCHED,reports/2026-10-09/cmr_asf_b45/raw/collections_page_1.json
C3294057315-ASF,17,9,https://github.com/opera-adt/dolphin,PublicationURL,VIEW RELATED INFORMATION,ALGORITHM DOCUMENTATION,"{""Description"": ""JPL Algorithm Development Team code repository for OPERA DISP-S1."", ""URLContentType"": ""PublicationURL"", ""Type"": ""VIEW RELATED INFORMATION"", ""Subtype"": ""ALGORITHM DOCUMENTATION"", ""URL"": ""https://github.com/opera-adt/dolphin""}",CATALOG_REFERENCE_NOT_FETCHED,reports/2026-10-09/cmr_asf_b45/raw/collections_page_1.json
C3294057315-ASF,17,10,https://arcg.is/0fSLmb3,PublicationURL,VIEW RELATED INFORMATION,DATA RECIPE,"{""Description"": ""Resources for exploring and working with OPERA Surface Displacement from Sentinel-1 (DISP-S1) Products"", ""URLContentType"": ""PublicationURL"", ""Type"": ""VIEW RELATED INFORMATION"", ""Subtype"": ""DATA RECIPE"", ""URL"": ""https://arcg.is/0fSLmb3""}",CATALOG_REFERENCE_NOT_FETCHED,reports/2026-10-09/cmr_asf_b45/raw/collections_page_1.json
C1214470533-ASF,1437,1,https://search.asf.alaska.edu/,DistributionURL,GET DATA,VERTEX,"{""Description"": ""Search and download data granules using the ASF Data Search graphical search interface Vertex."", ""URLContentType"": ""DistributionURL"", ""Type"": ""GET DATA"", ""URL"": ""https://search.asf.alaska.edu/"", ""Subtype"": ""VERTEX""}",CATALOG_REFERENCE_NOT_FETCHED,reports/2026-10-09/cmr_asf_b45/raw/collections_page_1.json
C1214470533-ASF,1437,2,https://search.earthdata.nasa.gov/search/granules?p=C1214470533-ASF,DistributionURL,GET DATA,Earthdata Search,"{""URLContentType"": ""DistributionURL"", ""Description"": ""Search and download data granules using NASA Earthdata Search interface."", ""Type"": ""GET DATA"", ""Subtype"": ""Earthdata Search"", ""URL"": ""https://search.earthdata.nasa.gov/search/granules?p=C1214470533-ASF""}",CATALOG_REFERENCE_NOT_FETCHED,reports/2026-10-09/cmr_asf_b45/raw/collections_page_1.json
C1214470533-ASF,1437,3,https://sentiwiki.copernicus.eu/web/sentinel-1,PublicationURL,VIEW RELATED INFORMATION,GENERAL DOCUMENTATION,"{""URLContentType"": ""PublicationURL"", ""URL"": ""https://sentiwiki.copernicus.eu/web/sentinel-1"", ""Description"": ""Copernicus Sentinel-1 mission home page"", ""Type"": ""VIEW RELATED INFORMATION"", ""Subtype"": ""GENERAL DOCUMENTATION""}",CATALOG_REFERENCE_NOT_FETCHED,reports/2026-10-09/cmr_asf_b45/raw/collections_page_1.json
C1214470533-ASF,1437,4,https://webdocs.asf.alaska.edu/Sentinel-1/Sentinel-1-User-Guide.pdf,PublicationURL,VIEW RELATED INFORMATION,USER'S GUIDE,"{""URLContentType"": ""PublicationURL"", ""Type"": ""VIEW RELATED INFORMATION"", ""Subtype"": ""USER'S GUIDE"", ""URL"": ""https://webdocs.asf.alaska.edu/Sentinel-1/Sentinel-1-User-Guide.pdf"", ""Description"": ""ASF created Sentinel-1 User Guide""}",CATALOG_REFERENCE_NOT_FETCHED,reports/2026-10-09/cmr_asf_b45/raw/collections_page_1.json
C2850225585-ASF,23,1,https://search.asf.alaska.edu/,DistributionURL,GET DATA,VERTEX,"{""Description"": ""Search and download data granules using the ASF Data Search graphical search interface Vertex."", ""URLContentType"": ""DistributionURL"", ""Type"": ""GET DATA"", ""Subtype"": ""VERTEX"", ""URL"": ""https://search.asf.alaska.edu/""}",CATALOG_REFERENCE_NOT_FETCHED,reports/2026-10-09/cmr_asf_b45/raw/collections_page_1.json
C2850225585-ASF,23,2,https://search.earthdata.nasa.gov/search/granules?p=C2850225585-ASF,DistributionURL,GET DATA,Earthdata Search,"{""Description"": ""Search and download data granules using NASA Earthdata Search interface."", ""URLContentType"": ""DistributionURL"", ""Type"": ""GET DATA"", ""Subtype"": ""Earthdata Search"", ""URL"": ""https://search.earthdata.nasa.gov/search/granules?p=C2850225585-ASF""}",CATALOG_REFERENCE_NOT_FETCHED,reports/2026-10-09/cmr_asf_b45/raw/collections_page_1.json
C2850225585-ASF,23,3,https://nisar.jpl.nasa.gov/,CollectionURL,PROJECT HOME PAGE,,"{""Description"": ""NISAR Project Home Page"", ""URLContentType"": ""CollectionURL"", ""Type"": ""PROJECT HOME PAGE"", ""URL"": ""https://nisar.jpl.nasa.gov/""}",CATALOG_REFERENCE_NOT_FETCHED,reports/2026-10-09/cmr_asf_b45/raw/collections_page_1.json
C2850225585-ASF,23,4,https://nisar-docs.asf.alaska.edu/rslc/,PublicationURL,VIEW RELATED INFORMATION,USER'S GUIDE,"{""URLContentType"": ""PublicationURL"", ""Type"": ""VIEW RELATED INFORMATION"", ""Subtype"": ""USER'S GUIDE"", ""URL"": ""https://nisar-docs.asf.alaska.edu/rslc/"", ""Description"": ""ASF created NISAR Data User Guide""}",CATALOG_REFERENCE_NOT_FETCHED,reports/2026-10-09/cmr_asf_b45/raw/collections_page_1.json
C2850225585-ASF,23,5,https://cumulus.asf.earthdatacloud.nasa.gov/PUBLIC/DATA/NISAR/NISAR_D-102268_RevF_NASA_SDS_Product_Specification_L1_RSLC_w-esigs.pdf,PublicationURL,VIEW RELATED INFORMATION,DATA PRODUCT SPECIFICATION,"{""Description"": ""Product Specification Document for NISAR Range Doppler Single Look Complex Product."", ""URLContentType"": ""PublicationURL"", ""Type"": ""VIEW RELATED INFORMATION"", ""Subtype"": ""DATA PRODUCT SPECIFICATION"", ""URL"": ""https://cumulus.asf.earthdatacloud.nasa.gov/PUBLIC/DATA/NISAR/NISAR_D-102268_RevF_NASA_SDS_Product_Specification_L1_RSLC_w-esigs.pdf""}",CATALOG_REFERENCE_NOT_FETCHED,reports/2026-10-09/cmr_asf_b45/raw/collections_page_1.json
C1327985661-ASF,880,1,https://search.asf.alaska.edu/,DistributionURL,GET DATA,VERTEX,"{""Description"": ""Search and download data granules using the ASF Data Search graphical search interface Vertex."", ""URLContentType"": ""DistributionURL"", ""Type"": ""GET DATA"", ""URL"": ""https://search.asf.alaska.edu/"", ""Subtype"": ""VERTEX""}",CATALOG_REFERENCE_NOT_FETCHED,reports/2026-10-09/cmr_asf_b45/raw/collections_page_1.json
C1327985661-ASF,880,2,https://search.earthdata.nasa.gov/search/granules?p=C1327985661-ASF,DistributionURL,GET DATA,Earthdata Search,"{""URLContentType"": ""DistributionURL"", ""Description"": ""Search and download data granules using NASA Earthdata Search interface."", ""Type"": ""GET DATA"", ""Subtype"": ""Earthdata Search"", ""URL"": ""https://search.earthdata.nasa.gov/search/granules?p=C1327985661-ASF""}",CATALOG_REFERENCE_NOT_FETCHED,reports/2026-10-09/cmr_asf_b45/raw/collections_page_1.json
C1327985661-ASF,880,3,https://sentiwiki.copernicus.eu/web/sentinel-1,PublicationURL,VIEW RELATED INFORMATION,GENERAL DOCUMENTATION,"{""URLContentType"": ""PublicationURL"", ""URL"": ""https://sentiwiki.copernicus.eu/web/sentinel-1"", ""Description"": ""Copernicus Sentinel-1 mission home page"", ""Type"": ""VIEW RELATED INFORMATION"", ""Subtype"": ""GENERAL DOCUMENTATION""}",CATALOG_REFERENCE_NOT_FETCHED,reports/2026-10-09/cmr_asf_b45/raw/collections_page_1.json
C1327985661-ASF,880,4,https://webdocs.asf.alaska.edu/Sentinel-1/Sentinel-1-User-Guide.pdf,PublicationURL,VIEW RELATED INFORMATION,USER'S GUIDE,"{""URLContentType"": ""PublicationURL"", ""Type"": ""VIEW RELATED INFORMATION"", ""Subtype"": ""USER'S GUIDE"", ""URL"": ""https://webdocs.asf.alaska.edu/Sentinel-1/Sentinel-1-User-Guide.pdf"", ""Description"": ""ASF created Sentinel-1 User Guide""}",CATALOG_REFERENCE_NOT_FETCHED,reports/2026-10-09/cmr_asf_b45/raw/collections_page_1.json
C3622214170-ASF,8,1,https://search.asf.alaska.edu/,DistributionURL,GET DATA,VERTEX,"{""Description"": ""Search and download data granules using the ASF Data Search graphical search interface Vertex."", ""URLContentType"": ""DistributionURL"", ""Type"": ""GET DATA"", ""Subtype"": ""VERTEX"", ""URL"": ""https://search.asf.alaska.edu/""}",CATALOG_REFERENCE_NOT_FETCHED,reports/2026-10-09/cmr_asf_b45/raw/collections_page_1.json
C3622214170-ASF,8,2,https://search.earthdata.nasa.gov/search/granules?p=C3622214170-ASF,DistributionURL,GET DATA,Earthdata Search,"{""Description"": ""Search and download data granules using NASA Earthdata Search interface."", ""URLContentType"": ""DistributionURL"", ""Type"": ""GET DATA"", ""Subtype"": ""Earthdata Search"", ""URL"": ""https://search.earthdata.nasa.gov/search/granules?p=C3622214170-ASF""}",CATALOG_REFERENCE_NOT_FETCHED,reports/2026-10-09/cmr_asf_b45/raw/collections_page_1.json
C3622214170-ASF,8,3,https://nisar.jpl.nasa.gov/,CollectionURL,PROJECT HOME PAGE,,"{""Description"": ""NISAR Project Home Page"", ""URLContentType"": ""CollectionURL"", ""Type"": ""PROJECT HOME PAGE"", ""URL"": ""https://nisar.jpl.nasa.gov/""}",CATALOG_REFERENCE_NOT_FETCHED,reports/2026-10-09/cmr_asf_b45/raw/collections_page_1.json
C3622214170-ASF,8,4,https://nisar-docs.asf.alaska.edu/gcov/,PublicationURL,VIEW RELATED INFORMATION,USER'S GUIDE,"{""URLContentType"": ""PublicationURL"", ""Type"": ""VIEW RELATED INFORMATION"", ""Subtype"": ""USER'S GUIDE"", ""URL"": ""https://nisar-docs.asf.alaska.edu/gcov/"", ""Description"": ""ASF created NISAR Data User Guide""}",CATALOG_REFERENCE_NOT_FETCHED,reports/2026-10-09/cmr_asf_b45/raw/collections_page_1.json
C3622214170-ASF,8,5,https://cumulus.asf.earthdatacloud.nasa.gov/PUBLIC/DATA/NISAR/NISAR_D-102274_RevF_NASA_SDS_Product_Specification_L2_GCOV_w-esigs.pdf,PublicationURL,VIEW RELATED INFORMATION,DATA PRODUCT SPECIFICATION,"{""Description"": ""Product Specification Document for NISAR Geocoded Polarimetric Covariance Product."", ""URLContentType"": ""PublicationURL"", ""Type"": ""VIEW RELATED INFORMATION"", ""Subtype"": ""DATA PRODUCT SPECIFICATION"", ""URL"": ""https://cumulus.asf.earthdatacloud.nasa.gov/PUBLIC/DATA/NISAR/NISAR_D-102274_RevF_NASA_SDS_Product_Specification_L2_GCOV_w-esigs.pdf""}",CATALOG_REFERENCE_NOT_FETCHED,reports/2026-10-09/cmr_asf_b45/raw/collections_page_1.json
C2850259510-ASF,7,1,https://search.asf.alaska.edu/,DistributionURL,GET DATA,VERTEX,"{""Description"": ""Search and download data granules using the ASF Data Search graphical search interface Vertex."", ""URLContentType"": ""DistributionURL"", ""Type"": ""GET DATA"", ""Subtype"": ""VERTEX"", ""URL"": ""https://search.asf.alaska.edu/""}",CATALOG_REFERENCE_NOT_FETCHED,reports/2026-10-09/cmr_asf_b45/raw/collections_page_1.json
C2850259510-ASF,7,2,https://search.earthdata.nasa.gov/search/granules?p=C2850259510-ASF,DistributionURL,GET DATA,Earthdata Search,"{""Description"": ""Search and download data granules using NASA Earthdata Search interface."", ""URLContentType"": ""DistributionURL"", ""Type"": ""GET DATA"", ""Subtype"": ""Earthdata Search"", ""URL"": ""https://search.earthdata.nasa.gov/search/granules?p=C2850259510-ASF""}",CATALOG_REFERENCE_NOT_FETCHED,reports/2026-10-09/cmr_asf_b45/raw/collections_page_1.json
C2850259510-ASF,7,3,https://nisar.jpl.nasa.gov/,CollectionURL,PROJECT HOME PAGE,,"{""Description"": ""NISAR Project Home Page"", ""URLContentType"": ""CollectionURL"", ""Type"": ""PROJECT HOME PAGE"", ""URL"": ""https://nisar.jpl.nasa.gov/""}",CATALOG_REFERENCE_NOT_FETCHED,reports/2026-10-09/cmr_asf_b45/raw/collections_page_1.json
C2850259510-ASF,7,4,https://nisar-docs.asf.alaska.edu/gslc/,PublicationURL,VIEW RELATED INFORMATION,USER'S GUIDE,"{""URLContentType"": ""PublicationURL"", ""Type"": ""VIEW RELATED INFORMATION"", ""Subtype"": ""USER'S GUIDE"", ""URL"": ""https://nisar-docs.asf.alaska.edu/gslc/"", ""Description"": ""ASF created NISAR Data User Guide""}",CATALOG_REFERENCE_NOT_FETCHED,reports/2026-10-09/cmr_asf_b45/raw/collections_page_1.json
C2850259510-ASF,7,5,https://cumulus.asf.earthdatacloud.nasa.gov/PUBLIC/DATA/NISAR/NISAR_D-102269_RevF_NASA_SDS_Product_Specification_L2_GSLC_w-esigs.pdf,PublicationURL,VIEW RELATED INFORMATION,DATA PRODUCT SPECIFICATION,"{""Description"": ""Product Specification Document for NISAR Geocoded Single Look Complex Product."", ""URLContentType"": ""PublicationURL"", ""Type"": ""VIEW RELATED INFORMATION"", ""Subtype"": ""DATA PRODUCT SPECIFICATION"", ""URL"": ""https://cumulus.asf.earthdatacloud.nasa.gov/PUBLIC/DATA/NISAR/NISAR_D-102269_RevF_NASA_SDS_Product_Specification_L2_GSLC_w-esigs.pdf""}",CATALOG_REFERENCE_NOT_FETCHED,reports/2026-10-09/cmr_asf_b45/raw/collections_page_1.json
C1214470532-ASF,1217,1,https://search.asf.alaska.edu/,DistributionURL,GET DATA,VERTEX,"{""Description"": ""Search and download data granules using the ASF Data Search graphical search interface Vertex."", ""URLContentType"": ""DistributionURL"", ""Type"": ""GET DATA"", ""URL"": ""https://search.asf.alaska.edu/"", ""Subtype"": ""VERTEX""}",CATALOG_REFERENCE_NOT_FETCHED,reports/2026-10-09/cmr_asf_b45/raw/collections_page_1.json
C1214470532-ASF,1217,2,https://search.earthdata.nasa.gov/search/granules?p=C1214470532-ASF,DistributionURL,GET DATA,Earthdata Search,"{""URLContentType"": ""DistributionURL"", ""Description"": ""Search and download data granules using NASA Earthdata Search interface."", ""Type"": ""GET DATA"", ""Subtype"": ""Earthdata Search"", ""URL"": ""https://search.earthdata.nasa.gov/search/granules?p=C1214470532-ASF""}",CATALOG_REFERENCE_NOT_FETCHED,reports/2026-10-09/cmr_asf_b45/raw/collections_page_1.json
C1214470532-ASF,1217,3,https://sentiwiki.copernicus.eu/web/sentinel-1,PublicationURL,VIEW RELATED INFORMATION,GENERAL DOCUMENTATION,"{""URLContentType"": ""PublicationURL"", ""URL"": ""https://sentiwiki.copernicus.eu/web/sentinel-1"", ""Description"": ""Copernicus Sentinel-1 mission home page"", ""Type"": ""VIEW RELATED INFORMATION"", ""Subtype"": ""GENERAL DOCUMENTATION""}",CATALOG_REFERENCE_NOT_FETCHED,reports/2026-10-09/cmr_asf_b45/raw/collections_page_1.json
C1214470532-ASF,1217,4,https://webdocs.asf.alaska.edu/Sentinel-1/Sentinel-1-User-Guide.pdf,PublicationURL,VIEW RELATED INFORMATION,USER'S GUIDE,"{""URLContentType"": ""PublicationURL"", ""Type"": ""VIEW RELATED INFORMATION"", ""Subtype"": ""USER'S GUIDE"", ""URL"": ""https://webdocs.asf.alaska.edu/Sentinel-1/Sentinel-1-User-Guide.pdf"", ""Description"": ""ASF created Sentinel-1 User Guide""}",CATALOG_REFERENCE_NOT_FETCHED,reports/2026-10-09/cmr_asf_b45/raw/collections_page_1.json
C1214470532-ASF,1217,5,https://webdocs.asf.alaska.edu/Sentinel-1/ASF_SAR_Sentinel-1_product_specification_v1.1.pdf,PublicationURL,VIEW RELATED INFORMATION,DATA PRODUCT SPECIFICATION,"{""URL"": ""https://webdocs.asf.alaska.edu/Sentinel-1/ASF_SAR_Sentinel-1_product_specification_v1.1.pdf"", ""URLContentType"": ""PublicationURL"", ""Type"": ""VIEW RELATED INFORMATION"", ""Subtype"": ""DATA PRODUCT SPECIFICATION"", ""Description"": ""Product format specification for the ISO compliant XML""}",CATALOG_REFERENCE_NOT_FETCHED,reports/2026-10-09/cmr_asf_b45/raw/collections_page_1.json
C2850261892-ASF,6,1,https://search.asf.alaska.edu/,DistributionURL,GET DATA,VERTEX,"{""Description"": ""Search and download data granules using the ASF Data Search graphical search interface Vertex."", ""URLContentType"": ""DistributionURL"", ""Type"": ""GET DATA"", ""Subtype"": ""VERTEX"", ""URL"": ""https://search.asf.alaska.edu/""}",CATALOG_REFERENCE_NOT_FETCHED,reports/2026-10-09/cmr_asf_b45/raw/collections_page_1.json
C2850261892-ASF,6,2,https://search.earthdata.nasa.gov/search/granules?p=C2850261892-ASF,DistributionURL,GET DATA,Earthdata Search,"{""Description"": ""Search and download data granules using NASA Earthdata Search interface."", ""URLContentType"": ""DistributionURL"", ""Type"": ""GET DATA"", ""Subtype"": ""Earthdata Search"", ""URL"": ""https://search.earthdata.nasa.gov/search/granules?p=C2850261892-ASF""}",CATALOG_REFERENCE_NOT_FETCHED,reports/2026-10-09/cmr_asf_b45/raw/collections_page_1.json
C2850261892-ASF,6,3,https://nisar.jpl.nasa.gov/,CollectionURL,PROJECT HOME PAGE,,"{""Description"": ""NISAR Project Home Page"", ""URLContentType"": ""CollectionURL"", ""Type"": ""PROJECT HOME PAGE"", ""URL"": ""https://nisar.jpl.nasa.gov/""}",CATALOG_REFERENCE_NOT_FETCHED,reports/2026-10-09/cmr_asf_b45/raw/collections_page_1.json
C2850261892-ASF,6,4,https://nisar-docs.asf.alaska.edu/gunw/,PublicationURL,VIEW RELATED INFORMATION,USER'S GUIDE,"{""URLContentType"": ""PublicationURL"", ""Type"": ""VIEW RELATED INFORMATION"", ""Subtype"": ""USER'S GUIDE"", ""URL"": ""https://nisar-docs.asf.alaska.edu/gunw/"", ""Description"": ""ASF created NISAR Data User Guide""}",CATALOG_REFERENCE_NOT_FETCHED,reports/2026-10-09/cmr_asf_b45/raw/collections_page_1.json
C2853153429-ASF,5,1,https://search.asf.alaska.edu/,DistributionURL,GET DATA,VERTEX,"{""Description"": ""Search and download data granules using the ASF Data Search graphical search interface Vertex."", ""URLContentType"": ""DistributionURL"", ""Type"": ""GET DATA"", ""Subtype"": ""VERTEX"", ""URL"": ""https://search.asf.alaska.edu/""}",CATALOG_REFERENCE_NOT_FETCHED,reports/2026-10-09/cmr_asf_b45/raw/collections_page_1.json
C2853153429-ASF,5,2,https://search.earthdata.nasa.gov/search/granules?p=C2853153429-ASF,DistributionURL,GET DATA,Earthdata Search,"{""Description"": ""Search and download data granules using NASA Earthdata Search interface."", ""URLContentType"": ""DistributionURL"", ""Type"": ""GET DATA"", ""Subtype"": ""Earthdata Search"", ""URL"": ""https://search.earthdata.nasa.gov/search/granules?p=C2853153429-ASF""}",CATALOG_REFERENCE_NOT_FETCHED,reports/2026-10-09/cmr_asf_b45/raw/collections_page_1.json
C2853153429-ASF,5,3,https://nisar.jpl.nasa.gov/,CollectionURL,PROJECT HOME PAGE,,"{""Description"": ""NISAR Project Home Page"", ""URLContentType"": ""CollectionURL"", ""Type"": ""PROJECT HOME PAGE"", ""URL"": ""https://nisar.jpl.nasa.gov/""}",CATALOG_REFERENCE_NOT_FETCHED,reports/2026-10-09/cmr_asf_b45/raw/collections_page_1.json
C2853153429-ASF,5,4,https://nisar-docs.asf.alaska.edu/runw/,PublicationURL,VIEW RELATED INFORMATION,USER'S GUIDE,"{""URLContentType"": ""PublicationURL"", ""Type"": ""VIEW RELATED INFORMATION"", ""Subtype"": ""USER'S GUIDE"", ""URL"": ""https://nisar-docs.asf.alaska.edu/runw/"", ""Description"": ""ASF created NISAR Data User Guide""}",CATALOG_REFERENCE_NOT_FETCHED,reports/2026-10-09/cmr_asf_b45/raw/collections_page_1.json
C2854341702-ASF,4,1,https://search.asf.alaska.edu/,DistributionURL,GET DATA,VERTEX,"{""Description"": ""Search and download data granules using the ASF Data Search graphical search interface Vertex."", ""URLContentType"": ""DistributionURL"", ""Type"": ""GET DATA"", ""Subtype"": ""VERTEX"", ""URL"": ""https://search.asf.alaska.edu/""}",CATALOG_REFERENCE_NOT_FETCHED,reports/2026-10-09/cmr_asf_b45/raw/collections_page_1.json
C2854341702-ASF,4,2,https://search.earthdata.nasa.gov/search/granules?p=C2854341702-ASF,DistributionURL,GET DATA,Earthdata Search,"{""Description"": ""Search and download data granules using NASA Earthdata Search interface."", ""URLContentType"": ""DistributionURL"", ""Type"": ""GET DATA"", ""Subtype"": ""Earthdata Search"", ""URL"": ""https://search.earthdata.nasa.gov/search/granules?p=C2854341702-ASF""}",CATALOG_REFERENCE_NOT_FETCHED,reports/2026-10-09/cmr_asf_b45/raw/collections_page_1.json
C2854341702-ASF,4,3,https://nisar.jpl.nasa.gov/,CollectionURL,PROJECT HOME PAGE,,"{""Description"": ""NISAR Project Home Page"", ""URLContentType"": ""CollectionURL"", ""Type"": ""PROJECT HOME PAGE"", ""URL"": ""https://nisar.jpl.nasa.gov/""}",CATALOG_REFERENCE_NOT_FETCHED,reports/2026-10-09/cmr_asf_b45/raw/collections_page_1.json
C2854341702-ASF,4,4,https://nisar-docs.asf.alaska.edu/goff/,PublicationURL,VIEW RELATED INFORMATION,USER'S GUIDE,"{""URLContentType"": ""PublicationURL"", ""Type"": ""VIEW RELATED INFORMATION"", ""Subtype"": ""USER'S GUIDE"", ""URL"": ""https://nisar-docs.asf.alaska.edu/goff/"", ""Description"": ""ASF created NISAR Data User Guide""}",CATALOG_REFERENCE_NOT_FETCHED,reports/2026-10-09/cmr_asf_b45/raw/collections_page_1.json
C1206485527-ASF,1765,1,https://search.asf.alaska.edu/,DistributionURL,GET DATA,VERTEX,"{""Description"": ""Search and download data granules using the ASF Data Search graphical search interface Vertex."", ""URLContentType"": ""DistributionURL"", ""Type"": ""GET DATA"", ""URL"": ""https://search.asf.alaska.edu/"", ""Subtype"": ""VERTEX""}",CATALOG_REFERENCE_NOT_FETCHED,reports/2026-10-09/cmr_asf_b45/raw/collections_page_1.json
C1206485527-ASF,1765,2,https://search.earthdata.nasa.gov/search/granules?p=C1206485527-ASF,DistributionURL,GET DATA,Earthdata Search,"{""URLContentType"": ""DistributionURL"", ""Description"": ""Search and download data granules using NASA Earthdata Search interface."", ""Type"": ""GET DATA"", ""Subtype"": ""Earthdata Search"", ""URL"": ""https://search.earthdata.nasa.gov/search/granules?p=C1206485527-ASF""}",CATALOG_REFERENCE_NOT_FETCHED,reports/2026-10-09/cmr_asf_b45/raw/collections_page_1.json
C1206485527-ASF,1765,3,https://www.eorc.jaxa.jp/ALOS/en/doc/fdata/PALSAR_x_Format_EL.pdf,PublicationURL,VIEW RELATED INFORMATION,DATA PRODUCT SPECIFICATION,"{""URL"": ""https://www.eorc.jaxa.jp/ALOS/en/doc/fdata/PALSAR_x_Format_EL.pdf"", ""URLContentType"": ""PublicationURL"", ""Type"": ""VIEW RELATED INFORMATION"", ""Subtype"": ""DATA PRODUCT SPECIFICATION"", ""Description"": ""Product format specification for the ALOS PALSAR Level 1.1 product""}",CATALOG_REFERENCE_NOT_FETCHED,reports/2026-10-09/cmr_asf_b45/raw/collections_page_1.json
C1206485527-ASF,1765,4,https://www.eorc.jaxa.jp/ALOS/en/alos/a1_calval_e.htm,PublicationURL,VIEW RELATED INFORMATION,INSTRUMENT/SENSOR CALIBRATION DOCUMENTATION,"{""URL"": ""https://www.eorc.jaxa.jp/ALOS/en/alos/a1_calval_e.htm"", ""URLContentType"": ""PublicationURL"", ""Type"": ""VIEW RELATED INFORMATION"", ""Subtype"": ""INSTRUMENT/SENSOR CALIBRATION DOCUMENTATION"", ""Description"": ""ALOS calibration information""}",CATALOG_REFERENCE_NOT_FETCHED,reports/2026-10-09/cmr_asf_b45/raw/collections_page_1.json
C2853156054-ASF,4,1,https://search.asf.alaska.edu/,DistributionURL,GET DATA,VERTEX,"{""Description"": ""Search and download data granules using the ASF Data Search graphical search interface Vertex."", ""URLContentType"": ""DistributionURL"", ""Type"": ""GET DATA"", ""Subtype"": ""VERTEX"", ""URL"": ""https://search.asf.alaska.edu/""}",CATALOG_REFERENCE_NOT_FETCHED,reports/2026-10-09/cmr_asf_b45/raw/collections_page_1.json
C2853156054-ASF,4,2,https://search.earthdata.nasa.gov/search/granules?p=C2853156054-ASF,DistributionURL,GET DATA,Earthdata Search,"{""Description"": ""Search and download data granules using NASA Earthdata Search interface."", ""URLContentType"": ""DistributionURL"", ""Type"": ""GET DATA"", ""Subtype"": ""Earthdata Search"", ""URL"": ""https://search.earthdata.nasa.gov/search/granules?p=C2853156054-ASF""}",CATALOG_REFERENCE_NOT_FETCHED,reports/2026-10-09/cmr_asf_b45/raw/collections_page_1.json
C2853156054-ASF,4,3,https://nisar.jpl.nasa.gov/,CollectionURL,PROJECT HOME PAGE,,"{""Description"": ""NISAR Project Home Page"", ""URLContentType"": ""CollectionURL"", ""Type"": ""PROJECT HOME PAGE"", ""URL"": ""https://nisar.jpl.nasa.gov/""}",CATALOG_REFERENCE_NOT_FETCHED,reports/2026-10-09/cmr_asf_b45/raw/collections_page_1.json
C2853156054-ASF,4,4,https://nisar-docs.asf.alaska.edu/roff/,PublicationURL,VIEW RELATED INFORMATION,USER'S GUIDE,"{""URLContentType"": ""PublicationURL"", ""Type"": ""VIEW RELATED INFORMATION"", ""Subtype"": ""USER'S GUIDE"", ""URL"": ""https://nisar-docs.asf.alaska.edu/roff/"", ""Description"": ""ASF created NISAR Data User Guide""}",CATALOG_REFERENCE_NOT_FETCHED,reports/2026-10-09/cmr_asf_b45/raw/collections_page_1.json
C2854344945-ASF,5,1,https://search.asf.alaska.edu/,DistributionURL,GET DATA,VERTEX,"{""Description"": ""Search and download data granules using the ASF Data Search graphical search interface Vertex."", ""URLContentType"": ""DistributionURL"", ""Type"": ""GET DATA"", ""Subtype"": ""VERTEX"", ""URL"": ""https://search.asf.alaska.edu/""}",CATALOG_REFERENCE_NOT_FETCHED,reports/2026-10-09/cmr_asf_b45/raw/collections_page_1.json
C2854344945-ASF,5,2,https://search.earthdata.nasa.gov/search/granules?p=C2854344945-ASF,DistributionURL,GET DATA,Earthdata Search,"{""Description"": ""Search and download data granules using NASA Earthdata Search interface."", ""URLContentType"": ""DistributionURL"", ""Type"": ""GET DATA"", ""Subtype"": ""Earthdata Search"", ""URL"": ""https://search.earthdata.nasa.gov/search/granules?p=C2854344945-ASF""}",CATALOG_REFERENCE_NOT_FETCHED,reports/2026-10-09/cmr_asf_b45/raw/collections_page_1.json
C2854344945-ASF,5,3,https://nisar.jpl.nasa.gov/,CollectionURL,PROJECT HOME PAGE,,"{""Description"": ""NISAR Project Home Page"", ""URLContentType"": ""CollectionURL"", ""Type"": ""PROJECT HOME PAGE"", ""URL"": ""https://nisar.jpl.nasa.gov/""}",CATALOG_REFERENCE_NOT_FETCHED,reports/2026-10-09/cmr_asf_b45/raw/collections_page_1.json
C2854344945-ASF,5,4,https://nisar-docs.asf.alaska.edu/sme2/,PublicationURL,VIEW RELATED INFORMATION,USER'S GUIDE,"{""URLContentType"": ""PublicationURL"", ""Type"": ""VIEW RELATED INFORMATION"", ""Subtype"": ""USER'S GUIDE"", ""URL"": ""https://nisar-docs.asf.alaska.edu/sme2/"", ""Description"": ""ASF created NISAR Data User Guide""}",CATALOG_REFERENCE_NOT_FETCHED,reports/2026-10-09/cmr_asf_b45/raw/collections_page_1.json
C2853147928-ASF,4,1,https://search.asf.alaska.edu/,DistributionURL,GET DATA,VERTEX,"{""Description"": ""Search and download data granules using the ASF Data Search graphical search interface Vertex."", ""URLContentType"": ""DistributionURL"", ""Type"": ""GET DATA"", ""Subtype"": ""VERTEX"", ""URL"": ""https://search.asf.alaska.edu/""}",CATALOG_REFERENCE_NOT_FETCHED,reports/2026-10-09/cmr_asf_b45/raw/collections_page_1.json
C2853147928-ASF,4,2,https://search.earthdata.nasa.gov/search/granules?p=C2853147928-ASF,DistributionURL,GET DATA,Earthdata Search,"{""Description"": ""Search and download data granules using NASA Earthdata Search interface."", ""URLContentType"": ""DistributionURL"", ""Type"": ""GET DATA"", ""Subtype"": ""Earthdata Search"", ""URL"": ""https://search.earthdata.nasa.gov/search/granules?p=C2853147928-ASF""}",CATALOG_REFERENCE_NOT_FETCHED,reports/2026-10-09/cmr_asf_b45/raw/collections_page_1.json
C2853147928-ASF,4,3,https://nisar.jpl.nasa.gov/,CollectionURL,PROJECT HOME PAGE,,"{""Description"": ""NISAR Project Home Page"", ""URLContentType"": ""CollectionURL"", ""Type"": ""PROJECT HOME PAGE"", ""URL"": ""https://nisar.jpl.nasa.gov/""}",CATALOG_REFERENCE_NOT_FETCHED,reports/2026-10-09/cmr_asf_b45/raw/collections_page_1.json
C2853147928-ASF,4,4,https://nisar-docs.asf.alaska.edu/rifg/,PublicationURL,VIEW RELATED INFORMATION,USER'S GUIDE,"{""URLContentType"": ""PublicationURL"", ""Type"": ""VIEW RELATED INFORMATION"", ""Subtype"": ""USER'S GUIDE"", ""URL"": ""https://nisar-docs.asf.alaska.edu/rifg/"", ""Description"": ""ASF created NISAR Data User Guide""}",CATALOG_REFERENCE_NOT_FETCHED,reports/2026-10-09/cmr_asf_b45/raw/collections_page_1.json
C1206485320-ASF,1776,1,https://search.asf.alaska.edu/,DistributionURL,GET DATA,VERTEX,"{""Description"": ""Search and download data granules using the ASF Data Search graphical search interface Vertex."", ""URLContentType"": ""DistributionURL"", ""Type"": ""GET DATA"", ""URL"": ""https://search.asf.alaska.edu/"", ""Subtype"": ""VERTEX""}",CATALOG_REFERENCE_NOT_FETCHED,reports/2026-10-09/cmr_asf_b45/raw/collections_page_1.json
C1206485320-ASF,1776,2,https://search.earthdata.nasa.gov/search/granules?p=C1206485320-ASF,DistributionURL,GET DATA,Earthdata Search,"{""URLContentType"": ""DistributionURL"", ""Description"": ""Search and download data granules using NASA Earthdata Search interface."", ""Type"": ""GET DATA"", ""Subtype"": ""Earthdata Search"", ""URL"": ""https://search.earthdata.nasa.gov/search/granules?p=C1206485320-ASF""}",CATALOG_REFERENCE_NOT_FETCHED,reports/2026-10-09/cmr_asf_b45/raw/collections_page_1.json
C1206485320-ASF,1776,3,https://www.eorc.jaxa.jp/ALOS/en/doc/fdata/PALSAR_L10_J_ENa.zip,PublicationURL,VIEW RELATED INFORMATION,DATA PRODUCT SPECIFICATION,"{""URL"": ""https://www.eorc.jaxa.jp/ALOS/en/doc/fdata/PALSAR_L10_J_ENa.zip"", ""URLContentType"": ""PublicationURL"", ""Type"": ""VIEW RELATED INFORMATION"", ""Subtype"": ""DATA PRODUCT SPECIFICATION"", ""Description"": ""Product format specification for the ALOS PALSAR Level 1.0 product""}",CATALOG_REFERENCE_NOT_FETCHED,reports/2026-10-09/cmr_asf_b45/raw/collections_page_1.json
C1206485320-ASF,1776,4,https://www.eorc.jaxa.jp/ALOS/en/alos/a1_calval_e.htm,PublicationURL,VIEW RELATED INFORMATION,INSTRUMENT/SENSOR CALIBRATION DOCUMENTATION,"{""URL"": ""https://www.eorc.jaxa.jp/ALOS/en/alos/a1_calval_e.htm"", ""URLContentType"": ""PublicationURL"", ""Type"": ""VIEW RELATED INFORMATION"", ""Subtype"": ""INSTRUMENT/SENSOR CALIBRATION DOCUMENTATION"", ""Description"": ""ALOS calibration information""}",CATALOG_REFERENCE_NOT_FETCHED,reports/2026-10-09/cmr_asf_b45/raw/collections_page_1.json
C2011599335-ASF,6,1,https://search.asf.alaska.edu/,DistributionURL,GET DATA,VERTEX,"{""Description"": ""Search and download data granules using the ASF Data Search graphical search interface Vertex."", ""URLContentType"": ""DistributionURL"", ""Type"": ""GET DATA"", ""Subtype"": ""VERTEX"", ""URL"": ""https://search.asf.alaska.edu/""}",CATALOG_REFERENCE_NOT_FETCHED,reports/2026-10-09/cmr_asf_b45/raw/collections_page_1.json
C2011599335-ASF,6,2,https://search.earthdata.nasa.gov/search/granules?p=C2011599335-ASF,DistributionURL,GET DATA,Earthdata Search,"{""Description"": ""Search and download data granules using NASA Earthdata Search interface."", ""URLContentType"": ""DistributionURL"", ""Type"": ""GET DATA"", ""Subtype"": ""Earthdata Search"", ""URL"": ""https://search.earthdata.nasa.gov/search/granules?p=C2011599335-ASF""}",CATALOG_REFERENCE_NOT_FETCHED,reports/2026-10-09/cmr_asf_b45/raw/collections_page_1.json
C1327985645-ASF,866,1,https://search.asf.alaska.edu/,DistributionURL,GET DATA,VERTEX,"{""Description"": ""Search and download data granules using the ASF Data Search graphical search interface Vertex."", ""URLContentType"": ""DistributionURL"", ""Type"": ""GET DATA"", ""URL"": ""https://search.asf.alaska.edu/"", ""Subtype"": ""VERTEX""}",CATALOG_REFERENCE_NOT_FETCHED,reports/2026-10-09/cmr_asf_b45/raw/collections_page_1.json
C1327985645-ASF,866,2,https://search.earthdata.nasa.gov/search/granules?p=C1327985645-ASF,DistributionURL,GET DATA,Earthdata Search,"{""URLContentType"": ""DistributionURL"", ""Description"": ""Search and download data granules using NASA Earthdata Search interface."", ""Type"": ""GET DATA"", ""Subtype"": ""Earthdata Search"", ""URL"": ""https://search.earthdata.nasa.gov/search/granules?p=C1327985645-ASF""}",CATALOG_REFERENCE_NOT_FETCHED,reports/2026-10-09/cmr_asf_b45/raw/collections_page_1.json
C1327985645-ASF,866,3,https://sentiwiki.copernicus.eu/web/sentinel-1,PublicationURL,VIEW RELATED INFORMATION,GENERAL DOCUMENTATION,"{""URLContentType"": ""PublicationURL"", ""URL"": ""https://sentiwiki.copernicus.eu/web/sentinel-1"", ""Description"": ""Copernicus Sentinel-1 mission home page"", ""Type"": ""VIEW RELATED INFORMATION"", ""Subtype"": ""GENERAL DOCUMENTATION""}",CATALOG_REFERENCE_NOT_FETCHED,reports/2026-10-09/cmr_asf_b45/raw/collections_page_1.json
C1327985645-ASF,866,4,https://webdocs.asf.alaska.edu/Sentinel-1/Sentinel-1-User-Guide.pdf,PublicationURL,VIEW RELATED INFORMATION,USER'S GUIDE,"{""URLContentType"": ""PublicationURL"", ""Type"": ""VIEW RELATED INFORMATION"", ""Subtype"": ""USER'S GUIDE"", ""URL"": ""https://webdocs.asf.alaska.edu/Sentinel-1/Sentinel-1-User-Guide.pdf"", ""Description"": ""ASF created Sentinel-1 User Guide""}",CATALOG_REFERENCE_NOT_FETCHED,reports/2026-10-09/cmr_asf_b45/raw/collections_page_1.json
C3315903479-ASF,9,1,https://search.asf.alaska.edu/,DistributionURL,GET DATA,VERTEX,"{""Description"": ""ASF data search and download interface"", ""URLContentType"": ""DistributionURL"", ""Type"": ""GET DATA"", ""Subtype"": ""VERTEX"", ""URL"": ""https://search.asf.alaska.edu/""}",CATALOG_REFERENCE_NOT_FETCHED,reports/2026-10-09/cmr_asf_b45/raw/collections_page_1.json
C3315903479-ASF,9,2,https://www.eorc.jaxa.jp/ALOS/en/alos-2/a2_about_e.htm,CollectionURL,PROJECT HOME PAGE,,"{""Description"": ""Information about ALOS-2 mission maintained by JAXA."", ""URLContentType"": ""CollectionURL"", ""Type"": ""PROJECT HOME PAGE"", ""URL"": ""https://www.eorc.jaxa.jp/ALOS/en/alos-2/a2_about_e.htm""}",CATALOG_REFERENCE_NOT_FETCHED,reports/2026-10-09/cmr_asf_b45/raw/collections_page_1.json
C3315903479-ASF,9,3,https://www.eorc.jaxa.jp/ALOS/en/alos-2/datause/a2_format_e.htm,PublicationURL,VIEW RELATED INFORMATION,DATA PRODUCT SPECIFICATION,"{""Description"": ""Web page for downloading ALOS-2/PALSAR-2 product format description."", ""URLContentType"": ""PublicationURL"", ""Type"": ""VIEW RELATED INFORMATION"", ""Subtype"": ""DATA PRODUCT SPECIFICATION"", ""URL"": ""https://www.eorc.jaxa.jp/ALOS/en/alos-2/datause/a2_format_e.htm""}",CATALOG_REFERENCE_NOT_FETCHED,reports/2026-10-09/cmr_asf_b45/raw/collections_page_1.json
C3315903479-ASF,9,4,https://www.eorc.jaxa.jp/ALOS/en/alos-2/a2_calval_e.htm,PublicationURL,VIEW RELATED INFORMATION,INSTRUMENT/SENSOR CALIBRATION DOCUMENTATION,"{""Description"": ""JAXA/EORC are regularly conducting the calibration and validation of the PALSAR-2 and its standard products using the data over the calibration sites in the world. This page reports evaluation results of the PALSAR-2 standard products and radiometric calibration factors to convert digital number to backscatter value."", ""URLContentType"": ""PublicationURL"", ""Type"": ""VIEW RELATED INFORMATION"", ""Subtype"": ""INSTRUMENT/SENSOR CALIBRATION DOCUMENTATION"", ""URL"": ""https://www.eorc.jaxa.jp/ALOS/en/alos-2/a2_calval_e.htm""}",CATALOG_REFERENCE_NOT_FETCHED,reports/2026-10-09/cmr_asf_b45/raw/collections_page_1.json
C3315903479-ASF,9,5,https://search.earthdata.nasa.gov/search/granules?p=C3315903479-ASF,DistributionURL,GET DATA,Earthdata Search,"{""URLContentType"": ""DistributionURL"", ""Type"": ""GET DATA"", ""Subtype"": ""Earthdata Search"", ""URL"": ""https://search.earthdata.nasa.gov/search/granules?p=C3315903479-ASF"", ""Description"": ""Search and download data granules using NASA Earthdata Search interface.""}",CATALOG_REFERENCE_NOT_FETCHED,reports/2026-10-09/cmr_asf_b45/raw/collections_page_1.json
C1206485940-ASF,1778,1,https://search.asf.alaska.edu/,DistributionURL,GET DATA,VERTEX,"{""Description"": ""Search and download data granules using the ASF Data Search graphical search interface Vertex."", ""URLContentType"": ""DistributionURL"", ""Type"": ""GET DATA"", ""URL"": ""https://search.asf.alaska.edu/"", ""Subtype"": ""VERTEX""}",CATALOG_REFERENCE_NOT_FETCHED,reports/2026-10-09/cmr_asf_b45/raw/collections_page_1.json
C1206485940-ASF,1778,2,https://search.earthdata.nasa.gov/search/granules?p=C1206485940-ASF,DistributionURL,GET DATA,Earthdata Search,"{""URLContentType"": ""DistributionURL"", ""Description"": ""Search and download data granules using NASA Earthdata Search interface."", ""Type"": ""GET DATA"", ""Subtype"": ""Earthdata Search"", ""URL"": ""https://search.earthdata.nasa.gov/search/granules?p=C1206485940-ASF""}",CATALOG_REFERENCE_NOT_FETCHED,reports/2026-10-09/cmr_asf_b45/raw/collections_page_1.json
C1206485940-ASF,1778,3,https://www.eorc.jaxa.jp/ALOS/en/doc/fdata/PALSAR_x_Format_EL.pdf,PublicationURL,VIEW RELATED INFORMATION,DATA PRODUCT SPECIFICATION,"{""URL"": ""https://www.eorc.jaxa.jp/ALOS/en/doc/fdata/PALSAR_x_Format_EL.pdf"", ""URLContentType"": ""PublicationURL"", ""Type"": ""VIEW RELATED INFORMATION"", ""Subtype"": ""DATA PRODUCT SPECIFICATION"", ""Description"": ""Product format specification for the ALOS PALSAR Level 1.5 product""}",CATALOG_REFERENCE_NOT_FETCHED,reports/2026-10-09/cmr_asf_b45/raw/collections_page_1.json
C1206485940-ASF,1778,4,https://www.eorc.jaxa.jp/ALOS/en/alos/a1_calval_e.htm,PublicationURL,VIEW RELATED INFORMATION,INSTRUMENT/SENSOR CALIBRATION DOCUMENTATION,"{""URL"": ""https://www.eorc.jaxa.jp/ALOS/en/alos/a1_calval_e.htm"", ""URLContentType"": ""PublicationURL"", ""Type"": ""VIEW RELATED INFORMATION"", ""Subtype"": ""INSTRUMENT/SENSOR CALIBRATION DOCUMENTATION"", ""Description"": ""ALOS calibration information""}",CATALOG_REFERENCE_NOT_FETCHED,reports/2026-10-09/cmr_asf_b45/raw/collections_page_1.json
C2850237619-ASF,8,1,https://search.asf.alaska.edu/,DistributionURL,GET DATA,VERTEX,"{""Description"": ""Search and download data granules using the ASF Data Search graphical search interface Vertex."", ""URLContentType"": ""DistributionURL"", ""Type"": ""GET DATA"", ""Subtype"": ""VERTEX"", ""URL"": ""https://search.asf.alaska.edu/""}",CATALOG_REFERENCE_NOT_FETCHED,reports/2026-10-09/cmr_asf_b45/raw/collections_page_1.json
C2850237619-ASF,8,2,https://search.earthdata.nasa.gov/search/granules?p=C2850234202-ASF,DistributionURL,GET DATA,Earthdata Search,"{""Description"": ""Search and download data granules using NASA Earthdata Search interface."", ""URLContentType"": ""DistributionURL"", ""Type"": ""GET DATA"", ""Subtype"": ""Earthdata Search"", ""URL"": ""https://search.earthdata.nasa.gov/search/granules?p=C2850234202-ASF""}",CATALOG_REFERENCE_NOT_FETCHED,reports/2026-10-09/cmr_asf_b45/raw/collections_page_1.json
C2850237619-ASF,8,3,https://nisar.jpl.nasa.gov/,CollectionURL,PROJECT HOME PAGE,,"{""Description"": ""NISAR Project Home Page"", ""URLContentType"": ""CollectionURL"", ""Type"": ""PROJECT HOME PAGE"", ""URL"": ""https://nisar.jpl.nasa.gov/""}",CATALOG_REFERENCE_NOT_FETCHED,reports/2026-10-09/cmr_asf_b45/raw/collections_page_1.json
C2850237619-ASF,8,4,https://nisar-docs.asf.alaska.edu/roff/,PublicationURL,VIEW RELATED INFORMATION,USER'S GUIDE,"{""URLContentType"": ""PublicationURL"", ""Type"": ""VIEW RELATED INFORMATION"", ""Subtype"": ""USER'S GUIDE"", ""URL"": ""https://nisar-docs.asf.alaska.edu/roff/"", ""Description"": ""ASF created NISAR Data User Guide""}",CATALOG_REFERENCE_NOT_FETCHED,reports/2026-10-09/cmr_asf_b45/raw/collections_page_1.json
C2850235455-ASF,10,1,https://search.asf.alaska.edu/,DistributionURL,GET DATA,VERTEX,"{""Description"": ""Search and download data granules using the ASF Data Search graphical search interface Vertex."", ""URLContentType"": ""DistributionURL"", ""Type"": ""GET DATA"", ""Subtype"": ""VERTEX"", ""URL"": ""https://search.asf.alaska.edu/""}",CATALOG_REFERENCE_NOT_FETCHED,reports/2026-10-09/cmr_asf_b45/raw/collections_page_1.json
C2850235455-ASF,10,2,https://search.earthdata.nasa.gov/search/granules?p=C2850235455-ASF,DistributionURL,GET DATA,Earthdata Search,"{""Description"": ""Search and download data granules using NASA Earthdata Search interface."", ""URLContentType"": ""DistributionURL"", ""Type"": ""GET DATA"", ""Subtype"": ""Earthdata Search"", ""URL"": ""https://search.earthdata.nasa.gov/search/granules?p=C2850235455-ASF""}",CATALOG_REFERENCE_NOT_FETCHED,reports/2026-10-09/cmr_asf_b45/raw/collections_page_1.json
C2850235455-ASF,10,3,https://nisar.jpl.nasa.gov/,CollectionURL,PROJECT HOME PAGE,,"{""Description"": ""NISAR Project Home Page"", ""URLContentType"": ""CollectionURL"", ""Type"": ""PROJECT HOME PAGE"", ""URL"": ""https://nisar.jpl.nasa.gov/""}",CATALOG_REFERENCE_NOT_FETCHED,reports/2026-10-09/cmr_asf_b45/raw/collections_page_1.json
C2850235455-ASF,10,4,https://nisar-docs.asf.alaska.edu/runw/,PublicationURL,VIEW RELATED INFORMATION,USER'S GUIDE,"{""URLContentType"": ""PublicationURL"", ""Type"": ""VIEW RELATED INFORMATION"", ""Subtype"": ""USER'S GUIDE"", ""URL"": ""https://nisar-docs.asf.alaska.edu/runw/"", ""Description"": ""ASF created NISAR Data User Guide""}",CATALOG_REFERENCE_NOT_FETCHED,reports/2026-10-09/cmr_asf_b45/raw/collections_page_1.json
C2850263910-ASF,8,1,https://search.asf.alaska.edu/,DistributionURL,GET DATA,VERTEX,"{""Description"": ""Search and download data granules using the ASF Data Search graphical search interface Vertex."", ""URLContentType"": ""DistributionURL"", ""Type"": ""GET DATA"", ""Subtype"": ""VERTEX"", ""URL"": ""https://search.asf.alaska.edu/""}",CATALOG_REFERENCE_NOT_FETCHED,reports/2026-10-09/cmr_asf_b45/raw/collections_page_1.json
C2850263910-ASF,8,2,https://search.earthdata.nasa.gov/search/granules?p=C2850263910-ASF,DistributionURL,GET DATA,Earthdata Search,"{""Description"": ""Search and download data granules using NASA Earthdata Search interface."", ""URLContentType"": ""DistributionURL"", ""Type"": ""GET DATA"", ""Subtype"": ""Earthdata Search"", ""URL"": ""https://search.earthdata.nasa.gov/search/granules?p=C2850263910-ASF""}",CATALOG_REFERENCE_NOT_FETCHED,reports/2026-10-09/cmr_asf_b45/raw/collections_page_1.json
C2850263910-ASF,8,3,https://nisar.jpl.nasa.gov/,CollectionURL,PROJECT HOME PAGE,,"{""Description"": ""NISAR Project Home Page"", ""URLContentType"": ""CollectionURL"", ""Type"": ""PROJECT HOME PAGE"", ""URL"": ""https://nisar.jpl.nasa.gov/""}",CATALOG_REFERENCE_NOT_FETCHED,reports/2026-10-09/cmr_asf_b45/raw/collections_page_1.json
C2850263910-ASF,8,4,https://nisar-docs.asf.alaska.edu/goff/,PublicationURL,VIEW RELATED INFORMATION,USER'S GUIDE,"{""URLContentType"": ""PublicationURL"", ""Type"": ""VIEW RELATED INFORMATION"", ""Subtype"": ""USER'S GUIDE"", ""URL"": ""https://nisar-docs.asf.alaska.edu/goff/"", ""Description"": ""ASF created NISAR Data User Guide""}",CATALOG_REFERENCE_NOT_FETCHED,reports/2026-10-09/cmr_asf_b45/raw/collections_page_1.json
C1206487217-ASF,1764,1,https://search.asf.alaska.edu/,DistributionURL,GET DATA,VERTEX,"{""Description"": ""Search and download data granules using the ASF Data Search graphical search interface Vertex."", ""URLContentType"": ""DistributionURL"", ""Type"": ""GET DATA"", ""Subtype"": ""VERTEX"", ""URL"": ""https://search.asf.alaska.edu/""}",CATALOG_REFERENCE_NOT_FETCHED,reports/2026-10-09/cmr_asf_b45/raw/collections_page_1.json
C1206487217-ASF,1764,2,https://search.earthdata.nasa.gov/search/granules?p=C1206487217-ASF,DistributionURL,GET DATA,Earthdata Search,"{""Description"": ""Search and download data granules using NASA Earthdata Search interface."", ""URLContentType"": ""DistributionURL"", ""Type"": ""GET DATA"", ""Subtype"": ""Earthdata Search"", ""URL"": ""https://search.earthdata.nasa.gov/search/granules?p=C1206487217-ASF""}",CATALOG_REFERENCE_NOT_FETCHED,reports/2026-10-09/cmr_asf_b45/raw/collections_page_1.json
C1206487217-ASF,1764,3,https://www.earthdata.nasa.gov/s3fs-public/2024-09/rtc_product_guide_v1.2-1.pdf,PublicationURL,VIEW RELATED INFORMATION,USER'S GUIDE,"{""URLContentType"": ""PublicationURL"", ""Type"": ""VIEW RELATED INFORMATION"", ""Subtype"": ""USER'S GUIDE"", ""URL"": ""https://www.earthdata.nasa.gov/s3fs-public/2024-09/rtc_product_guide_v1.2-1.pdf"", ""Description"": ""This document serves as product guide for users of radiometrically terrain corrected ALOS PALSAR products processed by the Alaska Satellite Facility.""}",CATALOG_REFERENCE_NOT_FETCHED,reports/2026-10-09/cmr_asf_b45/raw/collections_page_1.json
C1206487217-ASF,1764,4,https://www.earthdata.nasa.gov/s3fs-public/2024-09/rtc_atbd_v1.2_final.pdf,PublicationURL,VIEW RELATED INFORMATION,ALGORITHM THEORETICAL BASIS DOCUMENT (ATBD),"{""URLContentType"": ""PublicationURL"", ""Type"": ""VIEW RELATED INFORMATION"", ""Subtype"": ""ALGORITHM THEORETICAL BASIS DOCUMENT (ATBD)"", ""URL"": ""https://www.earthdata.nasa.gov/s3fs-public/2024-09/rtc_atbd_v1.2_final.pdf"", ""Description"": ""This document provides the theoretical background of the algorithms and processing flows used for the generation of terrain corrected products processed at the Alaska Satellite Facility.""}",CATALOG_REFERENCE_NOT_FETCHED,reports/2026-10-09/cmr_asf_b45/raw/collections_page_1.json
C2850234202-ASF,9,1,https://search.asf.alaska.edu/,DistributionURL,GET DATA,VERTEX,"{""Description"": ""Search and download data granules using the ASF Data Search graphical search interface Vertex."", ""URLContentType"": ""DistributionURL"", ""Type"": ""GET DATA"", ""Subtype"": ""VERTEX"", ""URL"": ""https://search.asf.alaska.edu/""}",CATALOG_REFERENCE_NOT_FETCHED,reports/2026-10-09/cmr_asf_b45/raw/collections_page_1.json
C2850234202-ASF,9,2,https://search.earthdata.nasa.gov/search/granules?p=C2850234202-ASF,DistributionURL,GET DATA,Earthdata Search,"{""Description"": ""Search and download data granules using NASA Earthdata Search interface."", ""URLContentType"": ""DistributionURL"", ""Type"": ""GET DATA"", ""Subtype"": ""Earthdata Search"", ""URL"": ""https://search.earthdata.nasa.gov/search/granules?p=C2850234202-ASF""}",CATALOG_REFERENCE_NOT_FETCHED,reports/2026-10-09/cmr_asf_b45/raw/collections_page_1.json
C2850234202-ASF,9,3,https://nisar.jpl.nasa.gov/,CollectionURL,PROJECT HOME PAGE,,"{""Description"": ""NISAR Project Home Page"", ""URLContentType"": ""CollectionURL"", ""Type"": ""PROJECT HOME PAGE"", ""URL"": ""https://nisar.jpl.nasa.gov/""}",CATALOG_REFERENCE_NOT_FETCHED,reports/2026-10-09/cmr_asf_b45/raw/collections_page_1.json
C2850234202-ASF,9,4,https://nisar-docs.asf.alaska.edu/rifg/,PublicationURL,VIEW RELATED INFORMATION,USER'S GUIDE,"{""URLContentType"": ""PublicationURL"", ""Type"": ""VIEW RELATED INFORMATION"", ""Subtype"": ""USER'S GUIDE"", ""URL"": ""https://nisar-docs.asf.alaska.edu/rifg/"", ""Description"": ""ASF created NISAR Data User Guide""}",CATALOG_REFERENCE_NOT_FETCHED,reports/2026-10-09/cmr_asf_b45/raw/collections_page_1.json
C3717139408-ASF,13,1,https://www.jpl.nasa.gov/go/opera/,CollectionURL,PROJECT HOME PAGE,,"{""Description"": ""OPERA Project Home Page"", ""URLContentType"": ""CollectionURL"", ""Type"": ""PROJECT HOME PAGE"", ""URL"": ""https://www.jpl.nasa.gov/go/opera/""}",CATALOG_REFERENCE_NOT_FETCHED,reports/2026-10-09/cmr_asf_b45/raw/collections_page_1.json
C3717139408-ASF,13,2,https://search.asf.alaska.edu/#/?dataset=OPERA-S1&productTypes=TROPO-ZENITH&resultsLoaded=true,DistributionURL,GET DATA,VERTEX,"{""Description"": ""Search and download data granules using the ASF Data Search graphical search interface Vertex."", ""URLContentType"": ""DistributionURL"", ""Type"": ""GET DATA"", ""Subtype"": ""VERTEX"", ""URL"": ""https://search.asf.alaska.edu/#/?dataset=OPERA-S1&productTypes=TROPO-ZENITH&resultsLoaded=true""}",CATALOG_REFERENCE_NOT_FETCHED,reports/2026-10-09/cmr_asf_b45/raw/collections_page_1.json
C3717139408-ASF,13,3,https://search.earthdata.nasa.gov/search/granules?p=C3717139408-ASF,DistributionURL,GET DATA,Earthdata Search,"{""URLContentType"": ""DistributionURL"", ""Type"": ""GET DATA"", ""Subtype"": ""Earthdata Search"", ""URL"": ""https://search.earthdata.nasa.gov/search/granules?p=C3717139408-ASF"", ""Description"": ""Search and download data granules using NASA Earthdata Search interface.""}",CATALOG_REFERENCE_NOT_FETCHED,reports/2026-10-09/cmr_asf_b45/raw/collections_page_1.json
C3717139408-ASF,13,4,https://cumulus.asf.earthdatacloud.nasa.gov/BROWSE/OPERA/OPERA_L4_TROPO-ZENITH_V1/OPERA_L4_TROPO-ZENITH_20250914T000000Z_20250918T002349Z_HRES_v1.0/OPERA_L4_TROPO-ZENITH_20250914T000000Z_20250918T002349Z_HRES_v1.0.png,VisualizationURL,GET RELATED VISUALIZATION,,"{""Description"": ""Image to represent the collection"", ""URLContentType"": ""VisualizationURL"", ""Type"": ""GET RELATED VISUALIZATION"", ""URL"": ""https://cumulus.asf.earthdatacloud.nasa.gov/BROWSE/OPERA/OPERA_L4_TROPO-ZENITH_V1/OPERA_L4_TROPO-ZENITH_20250914T000000Z_20250918T002349Z_HRES_v1.0/OPERA_L4_TROPO-ZENITH_20250914T000000Z_20250918T002349Z_HRES_v1.0.png""}",CATALOG_REFERENCE_NOT_FETCHED,reports/2026-10-09/cmr_asf_b45/raw/collections_page_1.json
C3717139408-ASF,13,5,https://d2pn8kiwq2w21t.cloudfront.net/documents/OPERA_TROPO_CalVal_Product_Spec.pdf,PublicationURL,VIEW RELATED INFORMATION,DATA PRODUCT SPECIFICATION,"{""URLContentType"": ""PublicationURL"", ""Type"": ""VIEW RELATED INFORMATION"", ""Subtype"": ""DATA PRODUCT SPECIFICATION"", ""URL"": ""https://d2pn8kiwq2w21t.cloudfront.net/documents/OPERA_TROPO_CalVal_Product_Spec.pdf"", ""Description"": ""Product specification of the Level-4 Troposphere Zenith Radar Delays product derived from the European Centre for Medium-Range Weather Forecasts (ECMWF) High-Resolution Forecast (HRES) model.""}",CATALOG_REFERENCE_NOT_FETCHED,reports/2026-10-09/cmr_asf_b45/raw/collections_page_1.json
C3717139408-ASF,13,6,https://www.ecmwf.int/en/forecasts/datasets/set-i/,PublicationURL,VIEW RELATED INFORMATION,DATA PRODUCT SPECIFICATION,"{""URLContentType"": ""PublicationURL"", ""Type"": ""VIEW RELATED INFORMATION"", ""Subtype"": ""DATA PRODUCT SPECIFICATION"", ""URL"": ""https://www.ecmwf.int/en/forecasts/datasets/set-i/"", ""Description"": ""Description of the ECMWF dataset Atmospheric Model high resolution 15-day forecast (Set I - HRES)""}",CATALOG_REFERENCE_NOT_FETCHED,reports/2026-10-09/cmr_asf_b45/raw/collections_page_1.json
C1214470496-ASF,894,1,https://search.asf.alaska.edu/,DistributionURL,GET DATA,VERTEX,"{""Description"": ""Search and download data granules using the ASF Data Search graphical search interface Vertex."", ""URLContentType"": ""DistributionURL"", ""Type"": ""GET DATA"", ""URL"": ""https://search.asf.alaska.edu/"", ""Subtype"": ""VERTEX""}",CATALOG_REFERENCE_NOT_FETCHED,reports/2026-10-09/cmr_asf_b45/raw/collections_page_1.json
C1214470496-ASF,894,2,https://search.earthdata.nasa.gov/search/granules?p=C1214470496-ASF,DistributionURL,GET DATA,Earthdata Search,"{""URLContentType"": ""DistributionURL"", ""Description"": ""Search and download data granules using NASA Earthdata Search interface."", ""Type"": ""GET DATA"", ""Subtype"": ""Earthdata Search"", ""URL"": ""https://search.earthdata.nasa.gov/search/granules?p=C1214470496-ASF""}",CATALOG_REFERENCE_NOT_FETCHED,reports/2026-10-09/cmr_asf_b45/raw/collections_page_1.json
C1214470496-ASF,894,3,https://sentiwiki.copernicus.eu/web/sentinel-1,PublicationURL,VIEW RELATED INFORMATION,GENERAL DOCUMENTATION,"{""URLContentType"": ""PublicationURL"", ""URL"": ""https://sentiwiki.copernicus.eu/web/sentinel-1"", ""Description"": ""Copernicus Sentinel-1 mission home page"", ""Type"": ""VIEW RELATED INFORMATION"", ""Subtype"": ""GENERAL DOCUMENTATION""}",CATALOG_REFERENCE_NOT_FETCHED,reports/2026-10-09/cmr_asf_b45/raw/collections_page_1.json
C1214470496-ASF,894,4,https://webdocs.asf.alaska.edu/Sentinel-1/Sentinel-1-User-Guide.pdf,PublicationURL,VIEW RELATED INFORMATION,USER'S GUIDE,"{""URLContentType"": ""PublicationURL"", ""Type"": ""VIEW RELATED INFORMATION"", ""Subtype"": ""USER'S GUIDE"", ""URL"": ""https://webdocs.asf.alaska.edu/Sentinel-1/Sentinel-1-User-Guide.pdf"", ""Description"": ""ASF created Sentinel-1 User Guide""}",CATALOG_REFERENCE_NOT_FETCHED,reports/2026-10-09/cmr_asf_b45/raw/collections_page_1.json
C1214470496-ASF,894,5,https://webdocs.asf.alaska.edu/Sentinel-1/ASF_SAR_Sentinel-1_product_specification_v1.1.pdf,PublicationURL,VIEW RELATED INFORMATION,DATA PRODUCT SPECIFICATION,"{""URL"": ""https://webdocs.asf.alaska.edu/Sentinel-1/ASF_SAR_Sentinel-1_product_specification_v1.1.pdf"", ""URLContentType"": ""PublicationURL"", ""Type"": ""VIEW RELATED INFORMATION"", ""Subtype"": ""DATA PRODUCT SPECIFICATION"", ""Description"": ""Product format specification for the ISO compliant XML""}",CATALOG_REFERENCE_NOT_FETCHED,reports/2026-10-09/cmr_asf_b45/raw/collections_page_1.json
C1214470561-ASF,1324,1,https://search.asf.alaska.edu/,DistributionURL,GET DATA,VERTEX,"{""Description"": ""Search and download data granules using the ASF Data Search graphical search interface Vertex."", ""URLContentType"": ""DistributionURL"", ""Type"": ""GET DATA"", ""URL"": ""https://search.asf.alaska.edu/"", ""Subtype"": ""VERTEX""}",CATALOG_REFERENCE_NOT_FETCHED,reports/2026-10-09/cmr_asf_b45/raw/collections_page_1.json
C1214470561-ASF,1324,2,https://search.earthdata.nasa.gov/search/granules?p=C1214470561-ASF,DistributionURL,GET DATA,Earthdata Search,"{""URLContentType"": ""DistributionURL"", ""Description"": ""Search and download data granules using NASA Earthdata Search interface."", ""Type"": ""GET DATA"", ""Subtype"": ""Earthdata Search"", ""URL"": ""https://search.earthdata.nasa.gov/search/granules?p=C1214470561-ASF""}",CATALOG_REFERENCE_NOT_FETCHED,reports/2026-10-09/cmr_asf_b45/raw/collections_page_1.json
C1214470561-ASF,1324,3,https://sentiwiki.copernicus.eu/web/sentinel-1,PublicationURL,VIEW RELATED INFORMATION,GENERAL DOCUMENTATION,"{""URLContentType"": ""PublicationURL"", ""URL"": ""https://sentiwiki.copernicus.eu/web/sentinel-1"", ""Description"": ""Copernicus Sentinel-1 mission home page"", ""Type"": ""VIEW RELATED INFORMATION"", ""Subtype"": ""GENERAL DOCUMENTATION""}",CATALOG_REFERENCE_NOT_FETCHED,reports/2026-10-09/cmr_asf_b45/raw/collections_page_1.json
C1214470561-ASF,1324,4,https://webdocs.asf.alaska.edu/Sentinel-1/Sentinel-1-User-Guide.pdf,PublicationURL,VIEW RELATED INFORMATION,USER'S GUIDE,"{""URLContentType"": ""PublicationURL"", ""Type"": ""VIEW RELATED INFORMATION"", ""Subtype"": ""USER'S GUIDE"", ""URL"": ""https://webdocs.asf.alaska.edu/Sentinel-1/Sentinel-1-User-Guide.pdf"", ""Description"": ""ASF created Sentinel-1 User Guide""}",CATALOG_REFERENCE_NOT_FETCHED,reports/2026-10-09/cmr_asf_b45/raw/collections_page_1.json
C1808440897-ASF,8,1,https://search.asf.alaska.edu/,DistributionURL,GET DATA,VERTEX,"{""Description"": ""Search and download data granules using the ASF Data Search graphical search interface Vertex."", ""URLContentType"": ""DistributionURL"", ""Type"": ""GET DATA"", ""URL"": ""https://search.asf.alaska.edu/"", ""Subtype"": ""VERTEX""}",CATALOG_REFERENCE_NOT_FETCHED,reports/2026-10-09/cmr_asf_b45/raw/collections_page_1.json
C1808440897-ASF,8,2,https://search.earthdata.nasa.gov/search/granules?p=C1808440897-ASF,DistributionURL,GET DATA,Earthdata Search,"{""URLContentType"": ""DistributionURL"", ""Description"": ""Search and download data granules using NASA Earthdata Search interface."", ""Type"": ""GET DATA"", ""Subtype"": ""Earthdata Search"", ""URL"": ""https://search.earthdata.nasa.gov/search/granules?p=C1808440897-ASF""}",CATALOG_REFERENCE_NOT_FETCHED,reports/2026-10-09/cmr_asf_b45/raw/collections_page_1.json
C1808440897-ASF,8,3,https://www.eorc.jaxa.jp/ALOS/en/alos-ori/doc/AVNIR-2_ORI_format_en.pdf,PublicationURL,VIEW RELATED INFORMATION,DATA PRODUCT SPECIFICATION,"{""URL"": ""https://www.eorc.jaxa.jp/ALOS/en/alos-ori/doc/AVNIR-2_ORI_format_en.pdf"", ""URLContentType"": ""PublicationURL"", ""Type"": ""VIEW RELATED INFORMATION"", ""Subtype"": ""DATA PRODUCT SPECIFICATION"", ""Description"": ""Product format specification for the ALOS AVNIR-2 Ortho Rectified Image Product""}",CATALOG_REFERENCE_NOT_FETCHED,reports/2026-10-09/cmr_asf_b45/raw/collections_page_1.json
C1808440897-ASF,8,4,https://www.eorc.jaxa.jp/ALOS/en/dataset/ori_e.htm,PublicationURL,VIEW RELATED INFORMATION,GENERAL DOCUMENTATION,"{""URLContentType"": ""PublicationURL"", ""URL"": ""https://www.eorc.jaxa.jp/ALOS/en/dataset/ori_e.htm"", ""Description"": ""JAXA web page about the ALOS AVNIR-2 Ortho Rectified Image Product"", ""Type"": ""VIEW RELATED INFORMATION"", ""Subtype"": ""GENERAL DOCUMENTATION""}",CATALOG_REFERENCE_NOT_FETCHED,reports/2026-10-09/cmr_asf_b45/raw/collections_page_1.json
C1206156901-ASF,1761,1,https://search.asf.alaska.edu/,DistributionURL,GET DATA,VERTEX,"{""Description"": ""Search and download data granules using the ASF Data Search graphical search interface Vertex."", ""URLContentType"": ""DistributionURL"", ""Type"": ""GET DATA"", ""Subtype"": ""VERTEX"", ""URL"": ""https://search.asf.alaska.edu/""}",CATALOG_REFERENCE_NOT_FETCHED,reports/2026-10-09/cmr_asf_b45/raw/collections_page_1.json
C1206156901-ASF,1761,2,https://search.earthdata.nasa.gov/search/granules?p=C1206156901-ASF,DistributionURL,GET DATA,Earthdata Search,"{""Description"": ""Search and download data granules using NASA Earthdata Search interface."", ""URLContentType"": ""DistributionURL"", ""Type"": ""GET DATA"", ""Subtype"": ""Earthdata Search"", ""URL"": ""https://search.earthdata.nasa.gov/search/granules?p=C1206156901-ASF""}",CATALOG_REFERENCE_NOT_FETCHED,reports/2026-10-09/cmr_asf_b45/raw/collections_page_1.json
C1206156901-ASF,1761,3,https://www.earthdata.nasa.gov/s3fs-public/2024-09/rtc_product_guide_v1.2-1.pdf,PublicationURL,VIEW RELATED INFORMATION,USER'S GUIDE,"{""URLContentType"": ""PublicationURL"", ""Type"": ""VIEW RELATED INFORMATION"", ""Subtype"": ""USER'S GUIDE"", ""URL"": ""https://www.earthdata.nasa.gov/s3fs-public/2024-09/rtc_product_guide_v1.2-1.pdf"", ""Description"": ""This document serves as product guide for users of radiometrically terrain corrected ALOS PALSAR products processed by the Alaska Satellite Facility.""}",CATALOG_REFERENCE_NOT_FETCHED,reports/2026-10-09/cmr_asf_b45/raw/collections_page_1.json
C1206156901-ASF,1761,4,https://www.earthdata.nasa.gov/s3fs-public/2024-09/rtc_atbd_v1.2_final.pdf,PublicationURL,VIEW RELATED INFORMATION,ALGORITHM THEORETICAL BASIS DOCUMENT (ATBD),"{""URLContentType"": ""PublicationURL"", ""Type"": ""VIEW RELATED INFORMATION"", ""Subtype"": ""ALGORITHM THEORETICAL BASIS DOCUMENT (ATBD)"", ""URL"": ""https://www.earthdata.nasa.gov/s3fs-public/2024-09/rtc_atbd_v1.2_final.pdf"", ""Description"": ""This document provides the theoretical background of the algorithms and processing flows used for the generation of terrain corrected products processed at the Alaska Satellite Facility.""}",CATALOG_REFERENCE_NOT_FETCHED,reports/2026-10-09/cmr_asf_b45/raw/collections_page_1.json
C2859376221-ASF,15,1,https://search.asf.alaska.edu/,DistributionURL,GET DATA,VERTEX,"{""Description"": ""Search and download data granules using the ASF Data Search graphical search interface Vertex."", ""URLContentType"": ""DistributionURL"", ""Type"": ""GET DATA"", ""Subtype"": ""VERTEX"", ""URL"": ""https://search.asf.alaska.edu/""}",CATALOG_REFERENCE_NOT_FETCHED,reports/2026-10-09/cmr_asf_b45/raw/collections_page_1.json
C2859376221-ASF,15,2,https://search.earthdata.nasa.gov/search/granules?p=C2859376221-ASF,DistributionURL,GET DATA,Earthdata Search,"{""Description"": ""Search and download data granules using NASA Earthdata Search interface."", ""URLContentType"": ""DistributionURL"", ""Type"": ""GET DATA"", ""Subtype"": ""Earthdata Search"", ""URL"": ""https://search.earthdata.nasa.gov/search/granules?p=C2859376221-ASF""}",CATALOG_REFERENCE_NOT_FETCHED,reports/2026-10-09/cmr_asf_b45/raw/collections_page_1.json
C2859376221-ASF,15,3,https://aria.jpl.nasa.gov/,CollectionURL,PROJECT HOME PAGE,,"{""Description"": ""ARIA Project Home Page"", ""URLContentType"": ""CollectionURL"", ""Type"": ""PROJECT HOME PAGE"", ""URL"": ""https://aria.jpl.nasa.gov/""}",CATALOG_REFERENCE_NOT_FETCHED,reports/2026-10-09/cmr_asf_b45/raw/collections_page_1.json
C2859376221-ASF,15,4,https://github.com/ACCESS-Cloud-Based-InSAR/DockerizedTopsApp,PublicationURL,VIEW RELATED INFORMATION,SCIENCE DATA PRODUCT SOFTWARE DOCUMENTATION,"{""Description"": ""Processor for generating ARIA S1 GUNW products"", ""URLContentType"": ""PublicationURL"", ""Type"": ""VIEW RELATED INFORMATION"", ""Subtype"": ""SCIENCE DATA PRODUCT SOFTWARE DOCUMENTATION"", ""URL"": ""https://github.com/ACCESS-Cloud-Based-InSAR/DockerizedTopsApp""}",CATALOG_REFERENCE_NOT_FETCHED,reports/2026-10-09/cmr_asf_b45/raw/collections_page_1.json
C2859376221-ASF,15,5,https://cumulus.asf.earthdatacloud.nasa.gov/BROWSE/ARIA/ARIA_S1_GUNW/S1-GUNW-D-R-071-tops-20190728_20190704-135200-00119W_00035N-PP-3621-v3_0_1/S1-GUNW-D-R-071-tops-20190728_20190704-135200-00119W_00035N-PP-3621-v3_0_1.png,VisualizationURL,GET RELATED VISUALIZATION,,"{""Description"": ""Image to represent the collection"", ""URLContentType"": ""VisualizationURL"", ""Type"": ""GET RELATED VISUALIZATION"", ""URL"": ""https://cumulus.asf.earthdatacloud.nasa.gov/BROWSE/ARIA/ARIA_S1_GUNW/S1-GUNW-D-R-071-tops-20190728_20190704-135200-00119W_00035N-PP-3621-v3_0_1/S1-GUNW-D-R-071-tops-20190728_20190704-135200-00119W_00035N-PP-3621-v3_0_1.png""}",CATALOG_REFERENCE_NOT_FETCHED,reports/2026-10-09/cmr_asf_b45/raw/collections_page_1.json
C2859376221-ASF,15,6,https://hyp3-docs.asf.alaska.edu/guides/gunw_product_guide/,PublicationURL,VIEW RELATED INFORMATION,USER'S GUIDE,"{""URLContentType"": ""PublicationURL"", ""Type"": ""VIEW RELATED INFORMATION"", ""Subtype"": ""USER'S GUIDE"", ""URL"": ""https://hyp3-docs.asf.alaska.edu/guides/gunw_product_guide/"", ""Description"": ""A guide for users of ARIA Sentinel-1 Geocoded Unwrapped (GUNW) Interferograms.""}",CATALOG_REFERENCE_NOT_FETCHED,reports/2026-10-09/cmr_asf_b45/raw/collections_page_1.json
C2859376221-ASF,15,7,https://arcg.is/0bHSjW2,PublicationURL,VIEW RELATED INFORMATION,PRODUCT USAGE,"{""URLContentType"": ""PublicationURL"", ""Type"": ""VIEW RELATED INFORMATION"", ""Subtype"": ""PRODUCT USAGE"", ""URL"": ""https://arcg.is/0bHSjW2"", ""Description"": ""ASF Sentinel-1 InSAR On Demand Product Comparison""}",CATALOG_REFERENCE_NOT_FETCHED,reports/2026-10-09/cmr_asf_b45/raw/collections_page_1.json
C3803703055-ASF,10,1,https://search.earthdata.nasa.gov/search/granules?p=C3803703055-ASF,DistributionURL,GET DATA,Earthdata Search,"{""Description"": ""Search and download data granules using NASA Earthdata Search interface."", ""URLContentType"": ""DistributionURL"", ""Type"": ""GET DATA"", ""Subtype"": ""Earthdata Search"", ""URL"": ""https://search.earthdata.nasa.gov/search/granules?p=C3803703055-ASF""}",CATALOG_REFERENCE_NOT_FETCHED,reports/2026-10-09/cmr_asf_b45/raw/collections_page_1.json
C3803703055-ASF,10,2,https://nisar.jpl.nasa.gov/,CollectionURL,PROJECT HOME PAGE,,"{""Description"": ""NISAR Project Home Page"", ""URLContentType"": ""CollectionURL"", ""Type"": ""PROJECT HOME PAGE"", ""URL"": ""https://nisar.jpl.nasa.gov/""}",CATALOG_REFERENCE_NOT_FETCHED,reports/2026-10-09/cmr_asf_b45/raw/collections_page_1.json
C3803703055-ASF,10,3,https://nisar-docs.asf.alaska.edu/nisar-dem/,PublicationURL,VIEW RELATED INFORMATION,USER'S GUIDE,"{""URLContentType"": ""PublicationURL"", ""Type"": ""VIEW RELATED INFORMATION"", ""Subtype"": ""USER'S GUIDE"", ""URL"": ""https://nisar-docs.asf.alaska.edu/nisar-dem/"", ""Description"": ""ASF created NISAR Data User Guide""}",CATALOG_REFERENCE_NOT_FETCHED,reports/2026-10-09/cmr_asf_b45/raw/collections_page_1.json
C3803703055-ASF,10,4,https://cumulus.asf.earthdatacloud.nasa.gov/PUBLIC/DATA/NISAR/Copernicus_GLO30_DEM_License_.pdf,PublicationURL,VIEW RELATED INFORMATION,GENERAL DOCUMENTATION,"{""URLContentType"": ""PublicationURL"", ""Type"": ""VIEW RELATED INFORMATION"", ""Subtype"": ""GENERAL DOCUMENTATION"", ""URL"": ""https://cumulus.asf.earthdatacloud.nasa.gov/PUBLIC/DATA/NISAR/Copernicus_GLO30_DEM_License_.pdf"", ""Description"": ""License for use of the Copernicus WorldDEM-30""}",CATALOG_REFERENCE_NOT_FETCHED,reports/2026-10-09/cmr_asf_b45/raw/collections_page_1.json
C3803703055-ASF,10,5,https://cumulus.asf.earthdatacloud.nasa.gov/PUBLIC/DATA/NISAR/NISAR_DEM_v1.2_EPSG4326_README.txt,PublicationURL,VIEW RELATED INFORMATION,READ-ME,"{""URLContentType"": ""PublicationURL"", ""Type"": ""VIEW RELATED INFORMATION"", ""Subtype"": ""READ-ME"", ""URL"": ""https://cumulus.asf.earthdatacloud.nasa.gov/PUBLIC/DATA/NISAR/NISAR_DEM_v1.2_EPSG4326_README.txt"", ""Description"": ""Read me about the Copernicus DEM for NISAR v1.2 (EPSG 4326) product""}",CATALOG_REFERENCE_NOT_FETCHED,reports/2026-10-09/cmr_asf_b45/raw/collections_page_1.json
C3803703055-ASF,10,6,https://cumulus.asf.earthdatacloud.nasa.gov/PUBLIC/DATA/NISAR/NISAR_DEM_v1.2_EPSG3413_README.txt,PublicationURL,VIEW RELATED INFORMATION,READ-ME,"{""URLContentType"": ""PublicationURL"", ""Type"": ""VIEW RELATED INFORMATION"", ""Subtype"": ""READ-ME"", ""URL"": ""https://cumulus.asf.earthdatacloud.nasa.gov/PUBLIC/DATA/NISAR/NISAR_DEM_v1.2_EPSG3413_README.txt"", ""Description"": ""Read me about the Copernicus DEM for NISAR v1.2 (EPSG 3413) product""}",CATALOG_REFERENCE_NOT_FETCHED,reports/2026-10-09/cmr_asf_b45/raw/collections_page_1.json
C3803703055-ASF,10,7,https://cumulus.asf.earthdatacloud.nasa.gov/PUBLIC/DATA/NISAR/NISAR_DEM_v1.2_EPSG3031_README.txt,PublicationURL,VIEW RELATED INFORMATION,READ-ME,"{""URLContentType"": ""PublicationURL"", ""Type"": ""VIEW RELATED INFORMATION"", ""Subtype"": ""READ-ME"", ""URL"": ""https://cumulus.asf.earthdatacloud.nasa.gov/PUBLIC/DATA/NISAR/NISAR_DEM_v1.2_EPSG3031_README.txt"", ""Description"": ""Read me about the Copernicus DEM for NISAR v1.2 (EPSG 3031) product""}",CATALOG_REFERENCE_NOT_FETCHED,reports/2026-10-09/cmr_asf_b45/raw/collections_page_1.json
C2853089814-ASF,8,1,https://search.earthdata.nasa.gov/search/granules?p=C2853089814-ASF,DistributionURL,GET DATA,Earthdata Search,"{""Description"": ""Search and download data granules using NASA Earthdata Search interface."", ""URLContentType"": ""DistributionURL"", ""Type"": ""GET DATA"", ""Subtype"": ""Earthdata Search"", ""URL"": ""https://search.earthdata.nasa.gov/search/granules?p=C2853089814-ASF""}",CATALOG_REFERENCE_NOT_FETCHED,reports/2026-10-09/cmr_asf_b45/raw/collections_page_1.json
C2853089814-ASF,8,2,https://search.asf.alaska.edu/,DistributionURL,GET DATA,VERTEX,"{""Description"": ""Search and download data granules using the ASF Data Search graphical search interface Vertex."", ""URLContentType"": ""DistributionURL"", ""Type"": ""GET DATA"", ""Subtype"": ""VERTEX"", ""URL"": ""https://search.asf.alaska.edu/""}",CATALOG_REFERENCE_NOT_FETCHED,reports/2026-10-09/cmr_asf_b45/raw/collections_page_1.json
C2853089814-ASF,8,3,https://cumulus.asf.earthdatacloud.nasa.gov/PUBLIC/DATA/NISAR/NISAR_D-102267_RevG_NASA_SDS_Product_Specification_L0B_RRSD_CRSD_w-esigs.pdf,PublicationURL,VIEW RELATED INFORMATION,DATA PRODUCT SPECIFICATION,"{""Description"": ""Product Specification Document for NISAR Level-0B Radar Raw Signal Data and Calibration Product."", ""URLContentType"": ""PublicationURL"", ""Type"": ""VIEW RELATED INFORMATION"", ""Subtype"": ""DATA PRODUCT SPECIFICATION"", ""URL"": ""https://cumulus.asf.earthdatacloud.nasa.gov/PUBLIC/DATA/NISAR/NISAR_D-102267_RevG_NASA_SDS_Product_Specification_L0B_RRSD_CRSD_w-esigs.pdf""}",CATALOG_REFERENCE_NOT_FETCHED,reports/2026-10-09/cmr_asf_b45/raw/collections_page_1.json
C2853089814-ASF,8,4,https://nisar.jpl.nasa.gov/,CollectionURL,PROJECT HOME PAGE,,"{""Description"": ""NISAR Project Home Page"", ""URLContentType"": ""CollectionURL"", ""Type"": ""PROJECT HOME PAGE"", ""URL"": ""https://nisar.jpl.nasa.gov/""}",CATALOG_REFERENCE_NOT_FETCHED,reports/2026-10-09/cmr_asf_b45/raw/collections_page_1.json
C2850265000-ASF,9,1,https://search.asf.alaska.edu/,DistributionURL,GET DATA,VERTEX,"{""Description"": ""Search and download data granules using the ASF Data Search graphical search interface Vertex."", ""URLContentType"": ""DistributionURL"", ""Type"": ""GET DATA"", ""Subtype"": ""VERTEX"", ""URL"": ""https://search.asf.alaska.edu/""}",CATALOG_REFERENCE_NOT_FETCHED,reports/2026-10-09/cmr_asf_b45/raw/collections_page_1.json
C2850265000-ASF,9,2,https://search.earthdata.nasa.gov/search/granules?p=C2850265000-ASF,DistributionURL,GET DATA,Earthdata Search,"{""Description"": ""Search and download data granules using NASA Earthdata Search interface."", ""URLContentType"": ""DistributionURL"", ""Type"": ""GET DATA"", ""Subtype"": ""Earthdata Search"", ""URL"": ""https://search.earthdata.nasa.gov/search/granules?p=C2850265000-ASF""}",CATALOG_REFERENCE_NOT_FETCHED,reports/2026-10-09/cmr_asf_b45/raw/collections_page_1.json
C2850265000-ASF,9,3,https://nisar.jpl.nasa.gov/,CollectionURL,PROJECT HOME PAGE,,"{""Description"": ""NISAR Project Home Page"", ""URLContentType"": ""CollectionURL"", ""Type"": ""PROJECT HOME PAGE"", ""URL"": ""https://nisar.jpl.nasa.gov/""}",CATALOG_REFERENCE_NOT_FETCHED,reports/2026-10-09/cmr_asf_b45/raw/collections_page_1.json
C2850265000-ASF,9,4,https://nisar-docs.asf.alaska.edu/sme2/,PublicationURL,VIEW RELATED INFORMATION,USER'S GUIDE,"{""URLContentType"": ""PublicationURL"", ""Type"": ""VIEW RELATED INFORMATION"", ""Subtype"": ""USER'S GUIDE"", ""URL"": ""https://nisar-docs.asf.alaska.edu/sme2/"", ""Description"": ""ASF created NISAR Data User Guide""}",CATALOG_REFERENCE_NOT_FETCHED,reports/2026-10-09/cmr_asf_b45/raw/collections_page_1.json
C2727908375-ASF,7,1,https://search.earthdata.nasa.gov/search/granules?p=C2727908375-ASF,DistributionURL,GET DATA,Earthdata Search,"{""Description"": ""Search and download data granules using NASA Earthdata Search interface."", ""URLContentType"": ""DistributionURL"", ""Type"": ""GET DATA"", ""Subtype"": ""Earthdata Search"", ""URL"": ""https://search.earthdata.nasa.gov/search/granules?p=C2727908375-ASF""}",CATALOG_REFERENCE_NOT_FETCHED,reports/2026-10-09/cmr_asf_b45/raw/collections_page_1.json
C2727908375-ASF,7,2,https://nisar.jpl.nasa.gov/,CollectionURL,PROJECT HOME PAGE,,"{""Description"": ""NISAR Project Home Page"", ""URLContentType"": ""CollectionURL"", ""Type"": ""PROJECT HOME PAGE"", ""URL"": ""https://nisar.jpl.nasa.gov/""}",CATALOG_REFERENCE_NOT_FETCHED,reports/2026-10-09/cmr_asf_b45/raw/collections_page_1.json
C2727908375-ASF,7,3,https://nisar.asf.earthdatacloud.nasa.gov/NISAR-SAMPLE-DATA/DOCS/NISAR_D-102253B_NASA_SDS_Orbit_Ephemeris_SIS_revB__20240624_URS_v2_w-sigs.pdf,PublicationURL,VIEW RELATED INFORMATION,DATA PRODUCT SPECIFICATION,"{""Description"": ""NASA-ISRO Synthetic Aperture Radar (NISAR)  L-SAR orbit ephemeris Software interface Specification (SIS) document"", ""URLContentType"": ""PublicationURL"", ""Type"": ""VIEW RELATED INFORMATION"", ""Subtype"": ""DATA PRODUCT SPECIFICATION"", ""URL"": ""https://nisar.asf.earthdatacloud.nasa.gov/NISAR-SAMPLE-DATA/DOCS/NISAR_D-102253B_NASA_SDS_Orbit_Ephemeris_SIS_revB__20240624_URS_v2_w-sigs.pdf""}",CATALOG_REFERENCE_NOT_FETCHED,reports/2026-10-09/cmr_asf_b45/raw/collections_page_1.json
C2727908375-ASF,7,4,https://nisar-docs.asf.alaska.edu,PublicationURL,VIEW RELATED INFORMATION,USER'S GUIDE,"{""URLContentType"": ""PublicationURL"", ""Type"": ""VIEW RELATED INFORMATION"", ""Subtype"": ""USER'S GUIDE"", ""URL"": ""https://nisar-docs.asf.alaska.edu"", ""Description"": ""ASF created NISAR Data User Guide""}",CATALOG_REFERENCE_NOT_FETCHED,reports/2026-10-09/cmr_asf_b45/raw/collections_page_1.json
C2887499907-ASF,9,1,https://search.asf.alaska.edu/,DistributionURL,GET DATA,VERTEX,"{""Description"": ""Search and download data granules using the ASF Data Search graphical search interface Vertex."", ""URLContentType"": ""DistributionURL"", ""Type"": ""GET DATA"", ""Subtype"": ""VERTEX"", ""URL"": ""https://search.asf.alaska.edu/""}",CATALOG_REFERENCE_NOT_FETCHED,reports/2026-10-09/cmr_asf_b45/raw/collections_page_1.json
C2887499907-ASF,9,2,https://search.earthdata.nasa.gov/search/granules?p=C2887499907-ASF,DistributionURL,GET DATA,Earthdata Search,"{""Description"": ""Search and download data granules using NASA Earthdata Search interface."", ""URLContentType"": ""DistributionURL"", ""Type"": ""GET DATA"", ""Subtype"": ""Earthdata Search"", ""URL"": ""https://search.earthdata.nasa.gov/search/granules?p=C2887499907-ASF""}",CATALOG_REFERENCE_NOT_FETCHED,reports/2026-10-09/cmr_asf_b45/raw/collections_page_1.json
C2887499907-ASF,9,3,https://nisar.jpl.nasa.gov/,CollectionURL,PROJECT HOME PAGE,,"{""Description"": ""NISAR Project Home Page"", ""URLContentType"": ""CollectionURL"", ""Type"": ""PROJECT HOME PAGE"", ""URL"": ""https://nisar.jpl.nasa.gov/""}",CATALOG_REFERENCE_NOT_FETCHED,reports/2026-10-09/cmr_asf_b45/raw/collections_page_1.json
C2887502657-ASF,7,1,https://search.asf.alaska.edu/,DistributionURL,GET DATA,VERTEX,"{""Description"": ""Search and download data granules using the ASF Data Search graphical search interface Vertex."", ""URLContentType"": ""DistributionURL"", ""Type"": ""GET DATA"", ""Subtype"": ""VERTEX"", ""URL"": ""https://search.asf.alaska.edu/""}",CATALOG_REFERENCE_NOT_FETCHED,reports/2026-10-09/cmr_asf_b45/raw/collections_page_1.json
C2887502657-ASF,7,2,https://search.earthdata.nasa.gov/search/granules?p=C2887502657-ASF,DistributionURL,GET DATA,Earthdata Search,"{""Description"": ""Search and download data granules using NASA Earthdata Search interface."", ""URLContentType"": ""DistributionURL"", ""Type"": ""GET DATA"", ""Subtype"": ""Earthdata Search"", ""URL"": ""https://search.earthdata.nasa.gov/search/granules?p=C2887502657-ASF""}",CATALOG_REFERENCE_NOT_FETCHED,reports/2026-10-09/cmr_asf_b45/raw/collections_page_1.json
C2887502657-ASF,7,3,https://nisar.jpl.nasa.gov/,CollectionURL,PROJECT HOME PAGE,,"{""Description"": ""NISAR Project Home Page"", ""URLContentType"": ""CollectionURL"", ""Type"": ""PROJECT HOME PAGE"", ""URL"": ""https://nisar.jpl.nasa.gov/""}",CATALOG_REFERENCE_NOT_FETCHED,reports/2026-10-09/cmr_asf_b45/raw/collections_page_1.json
C1214471521-ASF,932,1,https://search.asf.alaska.edu/,DistributionURL,GET DATA,VERTEX,"{""Description"": ""Search and download data granules using the ASF Data Search graphical search interface Vertex."", ""URLContentType"": ""DistributionURL"", ""Type"": ""GET DATA"", ""URL"": ""https://search.asf.alaska.edu/"", ""Subtype"": ""VERTEX""}",CATALOG_REFERENCE_NOT_FETCHED,reports/2026-10-09/cmr_asf_b45/raw/collections_page_1.json
C1214471521-ASF,932,2,https://search.earthdata.nasa.gov/search/granules?p=C1214471521-ASF,DistributionURL,GET DATA,Earthdata Search,"{""URLContentType"": ""DistributionURL"", ""Description"": ""Search and download data granules using NASA Earthdata Search interface."", ""Type"": ""GET DATA"", ""Subtype"": ""Earthdata Search"", ""URL"": ""https://search.earthdata.nasa.gov/search/granules?p=C1214471521-ASF""}",CATALOG_REFERENCE_NOT_FETCHED,reports/2026-10-09/cmr_asf_b45/raw/collections_page_1.json
C1214471521-ASF,932,3,https://sentiwiki.copernicus.eu/web/sentinel-1,PublicationURL,VIEW RELATED INFORMATION,GENERAL DOCUMENTATION,"{""URLContentType"": ""PublicationURL"", ""URL"": ""https://sentiwiki.copernicus.eu/web/sentinel-1"", ""Description"": ""Copernicus Sentinel-1 mission home page"", ""Type"": ""VIEW RELATED INFORMATION"", ""Subtype"": ""GENERAL DOCUMENTATION""}",CATALOG_REFERENCE_NOT_FETCHED,reports/2026-10-09/cmr_asf_b45/raw/collections_page_1.json
C1214471521-ASF,932,4,https://webdocs.asf.alaska.edu/Sentinel-1/Sentinel-1-User-Guide.pdf,PublicationURL,VIEW RELATED INFORMATION,USER'S GUIDE,"{""URLContentType"": ""PublicationURL"", ""Type"": ""VIEW RELATED INFORMATION"", ""Subtype"": ""USER'S GUIDE"", ""URL"": ""https://webdocs.asf.alaska.edu/Sentinel-1/Sentinel-1-User-Guide.pdf"", ""Description"": ""ASF created Sentinel-1 User Guide""}",CATALOG_REFERENCE_NOT_FETCHED,reports/2026-10-09/cmr_asf_b45/raw/collections_page_1.json
C1214470576-ASF,830,1,https://search.asf.alaska.edu/,DistributionURL,GET DATA,VERTEX,"{""Description"": ""Search and download data granules using the ASF Data Search graphical search interface Vertex."", ""URLContentType"": ""DistributionURL"", ""Type"": ""GET DATA"", ""URL"": ""https://search.asf.alaska.edu/"", ""Subtype"": ""VERTEX""}",CATALOG_REFERENCE_NOT_FETCHED,reports/2026-10-09/cmr_asf_b45/raw/collections_page_1.json
C1214470576-ASF,830,2,https://search.earthdata.nasa.gov/search/granules?p=C1214470576-ASF,DistributionURL,GET DATA,Earthdata Search,"{""URLContentType"": ""DistributionURL"", ""Description"": ""Search and download data granules using NASA Earthdata Search interface."", ""Type"": ""GET DATA"", ""Subtype"": ""Earthdata Search"", ""URL"": ""https://search.earthdata.nasa.gov/search/granules?p=C1214470576-ASF""}",CATALOG_REFERENCE_NOT_FETCHED,reports/2026-10-09/cmr_asf_b45/raw/collections_page_1.json
C1214470576-ASF,830,3,https://sentiwiki.copernicus.eu/web/sentinel-1,PublicationURL,VIEW RELATED INFORMATION,GENERAL DOCUMENTATION,"{""URLContentType"": ""PublicationURL"", ""URL"": ""https://sentiwiki.copernicus.eu/web/sentinel-1"", ""Description"": ""Copernicus Sentinel-1 mission home page"", ""Type"": ""VIEW RELATED INFORMATION"", ""Subtype"": ""GENERAL DOCUMENTATION""}",CATALOG_REFERENCE_NOT_FETCHED,reports/2026-10-09/cmr_asf_b45/raw/collections_page_1.json
C1214470576-ASF,830,4,https://webdocs.asf.alaska.edu/Sentinel-1/Sentinel-1-User-Guide.pdf,PublicationURL,VIEW RELATED INFORMATION,USER'S GUIDE,"{""URLContentType"": ""PublicationURL"", ""Type"": ""VIEW RELATED INFORMATION"", ""Subtype"": ""USER'S GUIDE"", ""URL"": ""https://webdocs.asf.alaska.edu/Sentinel-1/Sentinel-1-User-Guide.pdf"", ""Description"": ""ASF created Sentinel-1 User Guide""}",CATALOG_REFERENCE_NOT_FETCHED,reports/2026-10-09/cmr_asf_b45/raw/collections_page_1.json
C1214470576-ASF,830,5,https://webdocs.asf.alaska.edu/Sentinel-1/ASF_SAR_Sentinel-1_product_specification_v1.1.pdf,PublicationURL,VIEW RELATED INFORMATION,DATA PRODUCT SPECIFICATION,"{""URL"": ""https://webdocs.asf.alaska.edu/Sentinel-1/ASF_SAR_Sentinel-1_product_specification_v1.1.pdf"", ""URLContentType"": ""PublicationURL"", ""Type"": ""VIEW RELATED INFORMATION"", ""Subtype"": ""DATA PRODUCT SPECIFICATION"", ""Description"": ""Product format specification for the ISO compliant XML""}",CATALOG_REFERENCE_NOT_FETCHED,reports/2026-10-09/cmr_asf_b45/raw/collections_page_1.json
C1214472977-ASF,1258,1,https://search.asf.alaska.edu/,DistributionURL,GET DATA,VERTEX,"{""Description"": ""Search and download data granules using the ASF Data Search graphical search interface Vertex."", ""URLContentType"": ""DistributionURL"", ""Type"": ""GET DATA"", ""URL"": ""https://search.asf.alaska.edu/"", ""Subtype"": ""VERTEX""}",CATALOG_REFERENCE_NOT_FETCHED,reports/2026-10-09/cmr_asf_b45/raw/collections_page_1.json
C1214472977-ASF,1258,2,https://search.earthdata.nasa.gov/search/granules?p=C1214472977-ASF,DistributionURL,GET DATA,Earthdata Search,"{""URLContentType"": ""DistributionURL"", ""Description"": ""Search and download data granules using NASA Earthdata Search interface."", ""Type"": ""GET DATA"", ""Subtype"": ""Earthdata Search"", ""URL"": ""https://search.earthdata.nasa.gov/search/granules?p=C1214472977-ASF""}",CATALOG_REFERENCE_NOT_FETCHED,reports/2026-10-09/cmr_asf_b45/raw/collections_page_1.json
C1214472977-ASF,1258,3,https://sentiwiki.copernicus.eu/web/sentinel-1,PublicationURL,VIEW RELATED INFORMATION,GENERAL DOCUMENTATION,"{""URLContentType"": ""PublicationURL"", ""URL"": ""https://sentiwiki.copernicus.eu/web/sentinel-1"", ""Description"": ""Copernicus Sentinel-1 mission home page"", ""Type"": ""VIEW RELATED INFORMATION"", ""Subtype"": ""GENERAL DOCUMENTATION""}",CATALOG_REFERENCE_NOT_FETCHED,reports/2026-10-09/cmr_asf_b45/raw/collections_page_1.json
C1214472977-ASF,1258,4,https://webdocs.asf.alaska.edu/Sentinel-1/Sentinel-1-User-Guide.pdf,PublicationURL,VIEW RELATED INFORMATION,USER'S GUIDE,"{""URLContentType"": ""PublicationURL"", ""Type"": ""VIEW RELATED INFORMATION"", ""Subtype"": ""USER'S GUIDE"", ""URL"": ""https://webdocs.asf.alaska.edu/Sentinel-1/Sentinel-1-User-Guide.pdf"", ""Description"": ""ASF created Sentinel-1 User Guide""}",CATALOG_REFERENCE_NOT_FETCHED,reports/2026-10-09/cmr_asf_b45/raw/collections_page_1.json
C1214470682-ASF,846,1,https://search.asf.alaska.edu/,DistributionURL,GET DATA,VERTEX,"{""Description"": ""Search and download data granules using the ASF Data Search graphical search interface Vertex."", ""URLContentType"": ""DistributionURL"", ""Type"": ""GET DATA"", ""URL"": ""https://search.asf.alaska.edu/"", ""Subtype"": ""VERTEX""}",CATALOG_REFERENCE_NOT_FETCHED,reports/2026-10-09/cmr_asf_b45/raw/collections_page_1.json
C1214470682-ASF,846,2,https://search.earthdata.nasa.gov/search/granules?p=C1214470682-ASF,DistributionURL,GET DATA,Earthdata Search,"{""URLContentType"": ""DistributionURL"", ""Description"": ""Search and download data granules using NASA Earthdata Search interface."", ""Type"": ""GET DATA"", ""Subtype"": ""Earthdata Search"", ""URL"": ""https://search.earthdata.nasa.gov/search/granules?p=C1214470682-ASF""}",CATALOG_REFERENCE_NOT_FETCHED,reports/2026-10-09/cmr_asf_b45/raw/collections_page_1.json
C1214470682-ASF,846,3,https://sentiwiki.copernicus.eu/web/sentinel-1,PublicationURL,VIEW RELATED INFORMATION,GENERAL DOCUMENTATION,"{""URLContentType"": ""PublicationURL"", ""URL"": ""https://sentiwiki.copernicus.eu/web/sentinel-1"", ""Description"": ""Copernicus Sentinel-1 mission home page"", ""Type"": ""VIEW RELATED INFORMATION"", ""Subtype"": ""GENERAL DOCUMENTATION""}",CATALOG_REFERENCE_NOT_FETCHED,reports/2026-10-09/cmr_asf_b45/raw/collections_page_1.json
C1214470682-ASF,846,4,https://webdocs.asf.alaska.edu/Sentinel-1/Sentinel-1-User-Guide.pdf,PublicationURL,VIEW RELATED INFORMATION,USER'S GUIDE,"{""URLContentType"": ""PublicationURL"", ""Type"": ""VIEW RELATED INFORMATION"", ""Subtype"": ""USER'S GUIDE"", ""URL"": ""https://webdocs.asf.alaska.edu/Sentinel-1/Sentinel-1-User-Guide.pdf"", ""Description"": ""ASF created Sentinel-1 User Guide""}",CATALOG_REFERENCE_NOT_FETCHED,reports/2026-10-09/cmr_asf_b45/raw/collections_page_1.json
C3486496642-ASF,7,1,https://search.asf.alaska.edu/,DistributionURL,GET DATA,VERTEX,"{""Description"": ""ASF data search and download interface"", ""URLContentType"": ""DistributionURL"", ""Type"": ""GET DATA"", ""URL"": ""https://search.asf.alaska.edu/"", ""Subtype"": ""VERTEX""}",CATALOG_REFERENCE_NOT_FETCHED,reports/2026-10-09/cmr_asf_b45/raw/collections_page_1.json
C3486496642-ASF,7,2,https://search.earthdata.nasa.gov/search/granules?p=C3486496642-ASF,DistributionURL,GET DATA,Earthdata Search,"{""URLContentType"": ""DistributionURL"", ""Description"": ""Earthdata Search"", ""Type"": ""GET DATA"", ""Subtype"": ""Earthdata Search"", ""URL"": ""https://search.earthdata.nasa.gov/search/granules?p=C3486496642-ASF""}",CATALOG_REFERENCE_NOT_FETCHED,reports/2026-10-09/cmr_asf_b45/raw/collections_page_1.json
C3486496642-ASF,7,3,https://sentiwiki.copernicus.eu/web/sentinel-1,PublicationURL,VIEW RELATED INFORMATION,GENERAL DOCUMENTATION,"{""URLContentType"": ""PublicationURL"", ""URL"": ""https://sentiwiki.copernicus.eu/web/sentinel-1"", ""Description"": ""Copernicus Sentinel-1 mission home page"", ""Type"": ""VIEW RELATED INFORMATION"", ""Subtype"": ""GENERAL DOCUMENTATION""}",CATALOG_REFERENCE_NOT_FETCHED,reports/2026-10-09/cmr_asf_b45/raw/collections_page_1.json
C3486496642-ASF,7,4,https://webdocs.asf.alaska.edu/Sentinel-1/Sentinel-1-User-Guide.pdf,PublicationURL,VIEW RELATED INFORMATION,USER'S GUIDE,"{""URLContentType"": ""PublicationURL"", ""Type"": ""VIEW RELATED INFORMATION"", ""Subtype"": ""USER'S GUIDE"", ""URL"": ""https://webdocs.asf.alaska.edu/Sentinel-1/Sentinel-1-User-Guide.pdf"", ""Description"": ""ASF created Sentinel-1 User Guide""}",CATALOG_REFERENCE_NOT_FETCHED,reports/2026-10-09/cmr_asf_b45/raw/collections_page_1.json
C4175250274-ASF,4,1,https://search.asf.alaska.edu/,DistributionURL,GET DATA,VERTEX,"{""Description"": ""ASF data search and download interface"", ""URLContentType"": ""DistributionURL"", ""Type"": ""GET DATA"", ""URL"": ""https://search.asf.alaska.edu/"", ""Subtype"": ""VERTEX""}",CATALOG_REFERENCE_NOT_FETCHED,reports/2026-10-09/cmr_asf_b45/raw/collections_page_1.json
C4175250274-ASF,4,2,https://search.earthdata.nasa.gov/search/granules?p=C4175250274-ASF,DistributionURL,GET DATA,Earthdata Search,"{""URLContentType"": ""DistributionURL"", ""Description"": ""Earthdata Search"", ""Type"": ""GET DATA"", ""Subtype"": ""Earthdata Search"", ""URL"": ""https://search.earthdata.nasa.gov/search/granules?p=C4175250274-ASF""}",CATALOG_REFERENCE_NOT_FETCHED,reports/2026-10-09/cmr_asf_b45/raw/collections_page_1.json
C4175250274-ASF,4,3,https://sentiwiki.copernicus.eu/web/sentinel-1,PublicationURL,VIEW RELATED INFORMATION,GENERAL DOCUMENTATION,"{""URLContentType"": ""PublicationURL"", ""URL"": ""https://sentiwiki.copernicus.eu/web/sentinel-1"", ""Description"": ""Copernicus Sentinel-1 mission home page"", ""Type"": ""VIEW RELATED INFORMATION"", ""Subtype"": ""GENERAL DOCUMENTATION""}",CATALOG_REFERENCE_NOT_FETCHED,reports/2026-10-09/cmr_asf_b45/raw/collections_page_1.json
C4175250274-ASF,4,4,https://webdocs.asf.alaska.edu/Sentinel-1/Sentinel-1-User-Guide.pdf,PublicationURL,VIEW RELATED INFORMATION,USER'S GUIDE,"{""URLContentType"": ""PublicationURL"", ""Type"": ""VIEW RELATED INFORMATION"", ""Subtype"": ""USER'S GUIDE"", ""URL"": ""https://webdocs.asf.alaska.edu/Sentinel-1/Sentinel-1-User-Guide.pdf"", ""Description"": ""ASF created Sentinel-1 User Guide""}",CATALOG_REFERENCE_NOT_FETCHED,reports/2026-10-09/cmr_asf_b45/raw/collections_page_1.json
C1595422627-ASF,36,1,https://search.asf.alaska.edu/,DistributionURL,GET DATA,VERTEX,"{""Description"": ""Search and download data granules using the ASF Data Search graphical search interface Vertex."", ""URLContentType"": ""DistributionURL"", ""Type"": ""GET DATA"", ""Subtype"": ""VERTEX"", ""URL"": ""https://search.asf.alaska.edu/""}",CATALOG_REFERENCE_NOT_FETCHED,reports/2026-10-09/cmr_asf_b45/raw/collections_page_2.json
C1595422627-ASF,36,2,https://search.earthdata.nasa.gov/search/granules?p=C1595422627-ASF,DistributionURL,GET DATA,Earthdata Search,"{""Description"": ""Search and download data granules using NASA Earthdata Search interface."", ""URLContentType"": ""DistributionURL"", ""Type"": ""GET DATA"", ""Subtype"": ""Earthdata Search"", ""URL"": ""https://search.earthdata.nasa.gov/search/granules?p=C1595422627-ASF""}",CATALOG_REFERENCE_NOT_FETCHED,reports/2026-10-09/cmr_asf_b45/raw/collections_page_2.json
C1595422627-ASF,36,3,https://aria.jpl.nasa.gov/,CollectionURL,PROJECT HOME PAGE,,"{""Description"": ""ARIA Project Home Page"", ""URLContentType"": ""CollectionURL"", ""Type"": ""PROJECT HOME PAGE"", ""URL"": ""https://aria.jpl.nasa.gov/""}",CATALOG_REFERENCE_NOT_FETCHED,reports/2026-10-09/cmr_asf_b45/raw/collections_page_2.json
C1595422627-ASF,36,4,https://github.com/ACCESS-Cloud-Based-InSAR/DockerizedTopsApp,PublicationURL,VIEW RELATED INFORMATION,SCIENCE DATA PRODUCT SOFTWARE DOCUMENTATION,"{""Description"": ""Processor for generating ARIA S1 GUNW products"", ""URLContentType"": ""PublicationURL"", ""Type"": ""VIEW RELATED INFORMATION"", ""Subtype"": ""SCIENCE DATA PRODUCT SOFTWARE DOCUMENTATION"", ""URL"": ""https://github.com/ACCESS-Cloud-Based-InSAR/DockerizedTopsApp""}",CATALOG_REFERENCE_NOT_FETCHED,reports/2026-10-09/cmr_asf_b45/raw/collections_page_2.json
C1595422627-ASF,36,5,https://cumulus.asf.earthdatacloud.nasa.gov/BROWSE/ARIA/SENTINEL-1_INTERFEROGRAMS/S1-GUNW-D-R-071-tops-20190728_20190704-135213-36450N_34472N-PP-9181-v2_0_2/S1-GUNW-D-R-071-tops-20190728_20190704-135213-36450N_34472N-PP-9181-v2_0_2.png,VisualizationURL,GET RELATED VISUALIZATION,,"{""Description"": ""Image to represent the collection"", ""URLContentType"": ""VisualizationURL"", ""Type"": ""GET RELATED VISUALIZATION"", ""URL"": ""https://cumulus.asf.earthdatacloud.nasa.gov/BROWSE/ARIA/SENTINEL-1_INTERFEROGRAMS/S1-GUNW-D-R-071-tops-20190728_20190704-135213-36450N_34472N-PP-9181-v2_0_2/S1-GUNW-D-R-071-tops-20190728_20190704-135213-36450N_34472N-PP-9181-v2_0_2.png""}",CATALOG_REFERENCE_NOT_FETCHED,reports/2026-10-09/cmr_asf_b45/raw/collections_page_2.json
C1595422627-ASF,36,6,https://hyp3-docs.asf.alaska.edu/guides/gunw_product_guide/,PublicationURL,VIEW RELATED INFORMATION,USER'S GUIDE,"{""URLContentType"": ""PublicationURL"", ""Type"": ""VIEW RELATED INFORMATION"", ""Subtype"": ""USER'S GUIDE"", ""URL"": ""https://hyp3-docs.asf.alaska.edu/guides/gunw_product_guide/"", ""Description"": ""A guide for users of ARIA Sentinel-1 Geocoded Unwrapped (GUNW) Interferograms.""}",CATALOG_REFERENCE_NOT_FETCHED,reports/2026-10-09/cmr_asf_b45/raw/collections_page_2.json
C1595422627-ASF,36,7,https://arcg.is/0bHSjW2,PublicationURL,VIEW RELATED INFORMATION,PRODUCT USAGE,"{""URLContentType"": ""PublicationURL"", ""Type"": ""VIEW RELATED INFORMATION"", ""Subtype"": ""PRODUCT USAGE"", ""URL"": ""https://arcg.is/0bHSjW2"", ""Description"": ""ASF Sentinel-1 InSAR On Demand Product Comparison""}",CATALOG_REFERENCE_NOT_FETCHED,reports/2026-10-09/cmr_asf_b45/raw/collections_page_2.json
C3653529349-ASF,5,1,https://search.earthdata.nasa.gov/search/granules?p=C3653529349-ASF,DistributionURL,GET DATA,Earthdata Search,"{""URLContentType"": ""DistributionURL"", ""Type"": ""GET DATA"", ""Subtype"": ""Earthdata Search"", ""URL"": ""https://search.earthdata.nasa.gov/search/granules?p=C3653529349-ASF"", ""Description"": ""Search and download data granules using NASA Earthdata Search interface.""}",CATALOG_REFERENCE_NOT_FETCHED,reports/2026-10-09/cmr_asf_b45/raw/collections_page_2.json
C3653531162-ASF,8,1,https://search.earthdata.nasa.gov/search/granules?p=C3653531162-ASF,DistributionURL,GET DATA,Earthdata Search,"{""URLContentType"": ""DistributionURL"", ""Type"": ""GET DATA"", ""Subtype"": ""Earthdata Search"", ""URL"": ""https://search.earthdata.nasa.gov/search/granules?p=C3653531162-ASF"", ""Description"": ""Search and download data granules using NASA Earthdata Search interface.""}",CATALOG_REFERENCE_NOT_FETCHED,reports/2026-10-09/cmr_asf_b45/raw/collections_page_2.json
C1210197768-ASF,2003,1,https://search.asf.alaska.edu/,DistributionURL,GET DATA,VERTEX,"{""Description"": ""Search and download data granules using the ASF Data Search graphical search interface Vertex."", ""URLContentType"": ""DistributionURL"", ""Type"": ""GET DATA"", ""URL"": ""https://search.asf.alaska.edu/"", ""Subtype"": ""VERTEX""}",CATALOG_REFERENCE_NOT_FETCHED,reports/2026-10-09/cmr_asf_b45/raw/collections_page_2.json
C1210197768-ASF,2003,2,https://search.earthdata.nasa.gov/search/granules?p=C1210197768-ASF,DistributionURL,GET DATA,Earthdata Search,"{""Description"": ""Search and download data granules using NASA Earthdata Search interface."", ""URLContentType"": ""DistributionURL"", ""Type"": ""GET DATA"", ""Subtype"": ""Earthdata Search"", ""URL"": ""https://search.earthdata.nasa.gov/search/granules?p=C1210197768-ASF""}",CATALOG_REFERENCE_NOT_FETCHED,reports/2026-10-09/cmr_asf_b45/raw/collections_page_2.json
C1211627521-ASF,2076,1,https://search.asf.alaska.edu/,DistributionURL,GET DATA,VERTEX,"{""Description"": ""Search and download data granules using the ASF Data Search graphical search interface Vertex."", ""URLContentType"": ""DistributionURL"", ""Type"": ""GET DATA"", ""URL"": ""https://search.asf.alaska.edu/"", ""Subtype"": ""VERTEX""}",CATALOG_REFERENCE_NOT_FETCHED,reports/2026-10-09/cmr_asf_b45/raw/collections_page_2.json
C1211627521-ASF,2076,2,https://search.earthdata.nasa.gov/search/granules?p=C1211627521-ASF,DistributionURL,GET DATA,Earthdata Search,"{""Description"": ""Search and download data granules using NASA Earthdata Search interface."", ""URLContentType"": ""DistributionURL"", ""Type"": ""GET DATA"", ""Subtype"": ""Earthdata Search"", ""URL"": ""https://search.earthdata.nasa.gov/search/granules?p=C1211627521-ASF""}",CATALOG_REFERENCE_NOT_FETCHED,reports/2026-10-09/cmr_asf_b45/raw/collections_page_2.json
C1211627521-ASF,2076,3,https://datapool.asf.alaska.edu/BROWSE/E1/E1_32449_STD_F469.jpg,VisualizationURL,GET RELATED VISUALIZATION,Browse Image,"{""Description"": ""Image to represent the collection"", ""URLContentType"": ""VisualizationURL"", ""Type"": ""GET RELATED VISUALIZATION"", ""Subtype"": ""Browse Image"", ""URL"": ""https://datapool.asf.alaska.edu/BROWSE/E1/E1_32449_STD_F469.jpg""}",CATALOG_REFERENCE_NOT_FETCHED,reports/2026-10-09/cmr_asf_b45/raw/collections_page_2.json
C1208794942-ASF,2188,1,https://search.asf.alaska.edu/,DistributionURL,GET DATA,VERTEX,"{""Description"": ""Search and download data granules using the ASF Data Search graphical search interface Vertex."", ""URLContentType"": ""DistributionURL"", ""Type"": ""GET DATA"", ""URL"": ""https://search.asf.alaska.edu/"", ""Subtype"": ""VERTEX""}",CATALOG_REFERENCE_NOT_FETCHED,reports/2026-10-09/cmr_asf_b45/raw/collections_page_2.json
C1208794942-ASF,2188,2,https://search.earthdata.nasa.gov/search/granules?p=C1208794942-ASF,DistributionURL,GET DATA,Earthdata Search,"{""Description"": ""Search and download data granules using NASA Earthdata Search interface."", ""URLContentType"": ""DistributionURL"", ""Type"": ""GET DATA"", ""Subtype"": ""Earthdata Search"", ""URL"": ""https://search.earthdata.nasa.gov/search/granules?p=C1208794942-ASF""}",CATALOG_REFERENCE_NOT_FETCHED,reports/2026-10-09/cmr_asf_b45/raw/collections_page_2.json
C1209373626-ASF,2629,1,https://search.asf.alaska.edu/,DistributionURL,GET DATA,VERTEX,"{""Description"": ""Search and download data granules using the ASF Data Search graphical search interface Vertex."", ""URLContentType"": ""DistributionURL"", ""Type"": ""GET DATA"", ""URL"": ""https://search.asf.alaska.edu/"", ""Subtype"": ""VERTEX""}",CATALOG_REFERENCE_NOT_FETCHED,reports/2026-10-09/cmr_asf_b45/raw/collections_page_2.json
C1209373626-ASF,2629,2,https://search.earthdata.nasa.gov/search/granules?p=C1209373626-ASF,DistributionURL,GET DATA,Earthdata Search,"{""Description"": ""Search and download data granules using NASA Earthdata Search interface."", ""URLContentType"": ""DistributionURL"", ""Type"": ""GET DATA"", ""Subtype"": ""Earthdata Search"", ""URL"": ""https://search.earthdata.nasa.gov/search/granules?p=C1209373626-ASF""}",CATALOG_REFERENCE_NOT_FETCHED,reports/2026-10-09/cmr_asf_b45/raw/collections_page_2.json
C1208662092-ASF,1843,1,https://search.asf.alaska.edu/,DistributionURL,GET DATA,VERTEX,"{""Description"": ""Search and download data granules using the ASF Data Search graphical search interface Vertex."", ""URLContentType"": ""DistributionURL"", ""Type"": ""GET DATA"", ""URL"": ""https://search.asf.alaska.edu/"", ""Subtype"": ""VERTEX""}",CATALOG_REFERENCE_NOT_FETCHED,reports/2026-10-09/cmr_asf_b45/raw/collections_page_2.json
C1208662092-ASF,1843,2,https://search.earthdata.nasa.gov/search/granules?p=C1208662092-ASF,DistributionURL,GET DATA,Earthdata Search,"{""Description"": ""Search and download data granules using NASA Earthdata Search interface."", ""URLContentType"": ""DistributionURL"", ""Type"": ""GET DATA"", ""Subtype"": ""Earthdata Search"", ""URL"": ""https://search.earthdata.nasa.gov/search/granules?p=C1208662092-ASF""}",CATALOG_REFERENCE_NOT_FETCHED,reports/2026-10-09/cmr_asf_b45/raw/collections_page_2.json
C1207933168-ASF,2065,1,https://search.asf.alaska.edu/,DistributionURL,GET DATA,VERTEX,"{""Description"": ""Search and download data granules using the ASF Data Search graphical search interface Vertex."", ""URLContentType"": ""DistributionURL"", ""Type"": ""GET DATA"", ""URL"": ""https://search.asf.alaska.edu/"", ""Subtype"": ""VERTEX""}",CATALOG_REFERENCE_NOT_FETCHED,reports/2026-10-09/cmr_asf_b45/raw/collections_page_2.json
C1207933168-ASF,2065,2,https://search.earthdata.nasa.gov/search/granules?p=C1207933168-ASF,DistributionURL,GET DATA,Earthdata Search,"{""Description"": ""Search and download data granules using NASA Earthdata Search interface."", ""URLContentType"": ""DistributionURL"", ""Type"": ""GET DATA"", ""Subtype"": ""Earthdata Search"", ""URL"": ""https://search.earthdata.nasa.gov/search/granules?p=C1207933168-ASF""}",CATALOG_REFERENCE_NOT_FETCHED,reports/2026-10-09/cmr_asf_b45/raw/collections_page_2.json
C3622222871-ASF,4,1,https://search.earthdata.nasa.gov/search/granules?p=C2888846790-ASF,DistributionURL,GET DATA,Earthdata Search,"{""Description"": ""Search and download data granules using NASA Earthdata Search interface."", ""URLContentType"": ""DistributionURL"", ""Type"": ""GET DATA"", ""Subtype"": ""Earthdata Search"", ""URL"": ""https://search.earthdata.nasa.gov/search/granules?p=C2888846790-ASF""}",CATALOG_REFERENCE_NOT_FETCHED,reports/2026-10-09/cmr_asf_b45/raw/collections_page_2.json
C3622222871-ASF,4,2,https://nisar.jpl.nasa.gov/,CollectionURL,PROJECT HOME PAGE,,"{""Description"": ""NISAR Project Home Page"", ""URLContentType"": ""CollectionURL"", ""Type"": ""PROJECT HOME PAGE"", ""URL"": ""https://nisar.jpl.nasa.gov/""}",CATALOG_REFERENCE_NOT_FETCHED,reports/2026-10-09/cmr_asf_b45/raw/collections_page_2.json
C3622222871-ASF,4,3,https://nisar.asf.earthdatacloud.nasa.gov/NISAR-SAMPLE-DATA/DOCS/NISAR_D-105021_RevA_Track_Frame_Database_SIS_20250428_w-esig.pdf,PublicationURL,VIEW RELATED INFORMATION,DATA PRODUCT SPECIFICATION,"{""Description"": ""NASA-ISRO Synthetic Aperture Radar (NISAR) L-SAR Track Frame Database (TFDB), Software Interface Specification (SIS) document"", ""URLContentType"": ""PublicationURL"", ""Type"": ""VIEW RELATED INFORMATION"", ""Subtype"": ""DATA PRODUCT SPECIFICATION"", ""URL"": ""https://nisar.asf.earthdatacloud.nasa.gov/NISAR-SAMPLE-DATA/DOCS/NISAR_D-105021_RevA_Track_Frame_Database_SIS_20250428_w-esig.pdf""}",CATALOG_REFERENCE_NOT_FETCHED,reports/2026-10-09/cmr_asf_b45/raw/collections_page_2.json
C3622222871-ASF,4,4,https://nisar-docs.asf.alaska.edu,PublicationURL,VIEW RELATED INFORMATION,USER'S GUIDE,"{""URLContentType"": ""PublicationURL"", ""Type"": ""VIEW RELATED INFORMATION"", ""Subtype"": ""USER'S GUIDE"", ""URL"": ""https://nisar-docs.asf.alaska.edu"", ""Description"": ""ASF created NISAR Data User Guide""}",CATALOG_REFERENCE_NOT_FETCHED,reports/2026-10-09/cmr_asf_b45/raw/collections_page_2.json
C2727904608-ASF,5,1,https://search.earthdata.nasa.gov/search/granules?p=C2727904608-ASF,DistributionURL,GET DATA,Earthdata Search,"{""Description"": ""Search and download data granules using NASA Earthdata Search interface."", ""URLContentType"": ""DistributionURL"", ""Type"": ""GET DATA"", ""Subtype"": ""Earthdata Search"", ""URL"": ""https://search.earthdata.nasa.gov/search/granules?p=C2727904608-ASF""}",CATALOG_REFERENCE_NOT_FETCHED,reports/2026-10-09/cmr_asf_b45/raw/collections_page_2.json
C2727904608-ASF,5,2,https://nisar.jpl.nasa.gov/,CollectionURL,PROJECT HOME PAGE,,"{""Description"": ""NISAR Project Home Page"", ""URLContentType"": ""CollectionURL"", ""Type"": ""PROJECT HOME PAGE"", ""URL"": ""https://nisar.jpl.nasa.gov/""}",CATALOG_REFERENCE_NOT_FETCHED,reports/2026-10-09/cmr_asf_b45/raw/collections_page_2.json
C2853091612-ASF,4,1,https://nisar.jpl.nasa.gov/,CollectionURL,PROJECT HOME PAGE,,"{""Description"": ""NISAR Project Home Page"", ""URLContentType"": ""CollectionURL"", ""Type"": ""PROJECT HOME PAGE"", ""URL"": ""https://nisar.jpl.nasa.gov/""}",CATALOG_REFERENCE_NOT_FETCHED,reports/2026-10-09/cmr_asf_b45/raw/collections_page_2.json
C2853091612-ASF,4,2,https://search.earthdata.nasa.gov/search/granules?p=C2853091612-ASF,DistributionURL,GET DATA,Earthdata Search,"{""Description"": ""Search and download data granules using NASA Earthdata Search interface."", ""URLContentType"": ""DistributionURL"", ""Type"": ""GET DATA"", ""Subtype"": ""Earthdata Search"", ""URL"": ""https://search.earthdata.nasa.gov/search/granules?p=C2853091612-ASF""}",CATALOG_REFERENCE_NOT_FETCHED,reports/2026-10-09/cmr_asf_b45/raw/collections_page_2.json
C2853091612-ASF,4,3,https://search.asf.alaska.edu/,DistributionURL,GET DATA,VERTEX,"{""Description"": ""Search and download data granules using the ASF Data Search graphical search interface Vertex."", ""URLContentType"": ""DistributionURL"", ""Type"": ""GET DATA"", ""Subtype"": ""VERTEX"", ""URL"": ""https://search.asf.alaska.edu/""}",CATALOG_REFERENCE_NOT_FETCHED,reports/2026-10-09/cmr_asf_b45/raw/collections_page_2.json
C2853091612-ASF,4,4,https://cumulus.asf.earthdatacloud.nasa.gov/PUBLIC/DATA/NISAR/NISAR_D-102267_RevG_NASA_SDS_Product_Specification_L0B_RRSD_CRSD_w-esigs.pdf,PublicationURL,VIEW RELATED INFORMATION,DATA PRODUCT SPECIFICATION,"{""Description"": ""Product Specification Document for NISAR Level-0B Radar Raw Signal Data and Calibration Product."", ""URLContentType"": ""PublicationURL"", ""Type"": ""VIEW RELATED INFORMATION"", ""Subtype"": ""DATA PRODUCT SPECIFICATION"", ""URL"": ""https://cumulus.asf.earthdatacloud.nasa.gov/PUBLIC/DATA/NISAR/NISAR_D-102267_RevG_NASA_SDS_Product_Specification_L0B_RRSD_CRSD_w-esigs.pdf""}",CATALOG_REFERENCE_NOT_FETCHED,reports/2026-10-09/cmr_asf_b45/raw/collections_page_2.json
C3632501432-ASF,4,1,https://search.earthdata.nasa.gov/search/granules?p=C3632501432-ASF,DistributionURL,GET DATA,Earthdata Search,"{""Description"": ""Search and download data granules using NASA Earthdata Search interface."", ""URLContentType"": ""DistributionURL"", ""Type"": ""GET DATA"", ""Subtype"": ""Earthdata Search"", ""URL"": ""https://search.earthdata.nasa.gov/search/granules?p=C3632501432-ASF""}",CATALOG_REFERENCE_NOT_FETCHED,reports/2026-10-09/cmr_asf_b45/raw/collections_page_2.json
C3632501432-ASF,4,2,https://nisar.jpl.nasa.gov/,CollectionURL,PROJECT HOME PAGE,,"{""Description"": ""NISAR Project Home Page"", ""URLContentType"": ""CollectionURL"", ""Type"": ""PROJECT HOME PAGE"", ""URL"": ""https://nisar.jpl.nasa.gov/""}",CATALOG_REFERENCE_NOT_FETCHED,reports/2026-10-09/cmr_asf_b45/raw/collections_page_2.json
C2727911748-ASF,5,1,https://search.earthdata.nasa.gov/search/granules?p=C2727911748-ASF,DistributionURL,GET DATA,Earthdata Search,"{""Description"": ""Search and download data granules using NASA Earthdata Search interface."", ""URLContentType"": ""DistributionURL"", ""Type"": ""GET DATA"", ""Subtype"": ""Earthdata Search"", ""URL"": ""https://search.earthdata.nasa.gov/search/granules?p=C2727911748-ASF""}",CATALOG_REFERENCE_NOT_FETCHED,reports/2026-10-09/cmr_asf_b45/raw/collections_page_2.json
C2727911748-ASF,5,2,https://nisar.jpl.nasa.gov/,CollectionURL,PROJECT HOME PAGE,,"{""Description"": ""NISAR Project Home Page"", ""URLContentType"": ""CollectionURL"", ""Type"": ""PROJECT HOME PAGE"", ""URL"": ""https://nisar.jpl.nasa.gov/""}",CATALOG_REFERENCE_NOT_FETCHED,reports/2026-10-09/cmr_asf_b45/raw/collections_page_2.json
C2727912431-ASF,4,1,https://search.earthdata.nasa.gov/search/granules?p=C2727912431-ASF,DistributionURL,GET DATA,Earthdata Search,"{""Description"": ""Search and download data granules using NASA Earthdata Search interface."", ""URLContentType"": ""DistributionURL"", ""Type"": ""GET DATA"", ""Subtype"": ""Earthdata Search"", ""URL"": ""https://search.earthdata.nasa.gov/search/granules?p=C2727912431-ASF""}",CATALOG_REFERENCE_NOT_FETCHED,reports/2026-10-09/cmr_asf_b45/raw/collections_page_2.json
C2727912431-ASF,4,2,https://nisar.jpl.nasa.gov/,CollectionURL,PROJECT HOME PAGE,,"{""Description"": ""NISAR Project Home Page"", ""URLContentType"": ""CollectionURL"", ""Type"": ""PROJECT HOME PAGE"", ""URL"": ""https://nisar.jpl.nasa.gov/""}",CATALOG_REFERENCE_NOT_FETCHED,reports/2026-10-09/cmr_asf_b45/raw/collections_page_2.json
C3622233495-ASF,5,1,https://search.earthdata.nasa.gov/search/granules?p=C3622233495-ASF,DistributionURL,GET DATA,Earthdata Search,"{""Description"": ""Search and download data granules using NASA Earthdata Search interface."", ""URLContentType"": ""DistributionURL"", ""Type"": ""GET DATA"", ""Subtype"": ""Earthdata Search"", ""URL"": ""https://search.earthdata.nasa.gov/search/granules?p=C3622233495-ASF""}",CATALOG_REFERENCE_NOT_FETCHED,reports/2026-10-09/cmr_asf_b45/raw/collections_page_2.json
C3622233495-ASF,5,2,https://nisar.jpl.nasa.gov/,CollectionURL,PROJECT HOME PAGE,,"{""Description"": ""NISAR Project Home Page"", ""URLContentType"": ""CollectionURL"", ""Type"": ""PROJECT HOME PAGE"", ""URL"": ""https://nisar.jpl.nasa.gov/""}",CATALOG_REFERENCE_NOT_FETCHED,reports/2026-10-09/cmr_asf_b45/raw/collections_page_2.json
C3622219145-ASF,4,1,https://search.earthdata.nasa.gov/search/granules?p=C3622219145-ASF,DistributionURL,GET DATA,Earthdata Search,"{""Description"": ""Search and download data granules using NASA Earthdata Search interface."", ""URLContentType"": ""DistributionURL"", ""Type"": ""GET DATA"", ""Subtype"": ""Earthdata Search"", ""URL"": ""https://search.earthdata.nasa.gov/search/granules?p=C3622219145-ASF""}",CATALOG_REFERENCE_NOT_FETCHED,reports/2026-10-09/cmr_asf_b45/raw/collections_page_2.json
C3622219145-ASF,4,2,https://nisar.jpl.nasa.gov/,CollectionURL,PROJECT HOME PAGE,,"{""Description"": ""NISAR Project Home Page"", ""URLContentType"": ""CollectionURL"", ""Type"": ""PROJECT HOME PAGE"", ""URL"": ""https://nisar.jpl.nasa.gov/""}",CATALOG_REFERENCE_NOT_FETCHED,reports/2026-10-09/cmr_asf_b45/raw/collections_page_2.json
C2887469134-ASF,5,1,https://search.asf.alaska.edu/,DistributionURL,GET DATA,VERTEX,"{""Description"": ""Search and download data granules using the ASF Data Search graphical search interface Vertex."", ""URLContentType"": ""DistributionURL"", ""Type"": ""GET DATA"", ""Subtype"": ""VERTEX"", ""URL"": ""https://search.asf.alaska.edu/""}",CATALOG_REFERENCE_NOT_FETCHED,reports/2026-10-09/cmr_asf_b45/raw/collections_page_2.json
C2887469134-ASF,5,2,https://search.earthdata.nasa.gov/search/granules?p=C2887469134-ASF,DistributionURL,GET DATA,Earthdata Search,"{""Description"": ""Search and download data granules using NASA Earthdata Search interface."", ""URLContentType"": ""DistributionURL"", ""Type"": ""GET DATA"", ""Subtype"": ""Earthdata Search"", ""URL"": ""https://search.earthdata.nasa.gov/search/granules?p=C2887469134-ASF""}",CATALOG_REFERENCE_NOT_FETCHED,reports/2026-10-09/cmr_asf_b45/raw/collections_page_2.json
C2887469134-ASF,5,3,https://nisar.jpl.nasa.gov/,CollectionURL,PROJECT HOME PAGE,,"{""Description"": ""NISAR Project Home Page"", ""URLContentType"": ""CollectionURL"", ""Type"": ""PROJECT HOME PAGE"", ""URL"": ""https://nisar.jpl.nasa.gov/""}",CATALOG_REFERENCE_NOT_FETCHED,reports/2026-10-09/cmr_asf_b45/raw/collections_page_2.json
C4066106685-ASF,4,1,https://search.earthdata.nasa.gov/search/granules?p=C4066106685-ASF,DistributionURL,GET DATA,Earthdata Search,"{""Description"": ""Search and download data granules using NASA Earthdata Search interface."", ""URLContentType"": ""DistributionURL"", ""Type"": ""GET DATA"", ""Subtype"": ""Earthdata Search"", ""URL"": ""https://search.earthdata.nasa.gov/search/granules?p=C4066106685-ASF""}",CATALOG_REFERENCE_NOT_FETCHED,reports/2026-10-09/cmr_asf_b45/raw/collections_page_2.json
C4066106685-ASF,4,2,https://nisar.asf.earthdatacloud.nasa.gov/NISAR-SAMPLE-DATA/DOCS/NISAR_VWC_product_memo_260624.pdf,PublicationURL,VIEW RELATED INFORMATION,DATA PRODUCT SPECIFICATION,"{""URLContentType"": ""PublicationURL"", ""Type"": ""VIEW RELATED INFORMATION"", ""Subtype"": ""DATA PRODUCT SPECIFICATION"", ""URL"": ""https://nisar.asf.earthdatacloud.nasa.gov/NISAR-SAMPLE-DATA/DOCS/NISAR_VWC_product_memo_260624.pdf"", ""Description"": ""NISAR mission Ancillary Data Product Memo: Vegetation Water Content""}",CATALOG_REFERENCE_NOT_FETCHED,reports/2026-10-09/cmr_asf_b45/raw/collections_page_2.json
C4066106685-ASF,4,3,https://smap.jpl.nasa.gov/system/internal_resources/details/original/289_047_veg_water.pdf,PublicationURL,VIEW RELATED INFORMATION,PUBLICATIONS,"{""URLContentType"": ""PublicationURL"", ""Type"": ""VIEW RELATED INFORMATION"", ""Subtype"": ""PUBLICATIONS"", ""URL"": ""https://smap.jpl.nasa.gov/system/internal_resources/details/original/289_047_veg_water.pdf"", ""Description"": ""Ancillary data report for SMAP: vegetation water content. JPL document D-53061""}",CATALOG_REFERENCE_NOT_FETCHED,reports/2026-10-09/cmr_asf_b45/raw/collections_page_2.json
C3807638962-ASF,10,1,https://search.earthdata.nasa.gov/search/granules?p=C3807638962-ASF,DistributionURL,GET DATA,Earthdata Search,"{""Description"": ""Search and download data granules using NASA Earthdata Search interface."", ""URLContentType"": ""DistributionURL"", ""Type"": ""GET DATA"", ""Subtype"": ""Earthdata Search"", ""URL"": ""https://search.earthdata.nasa.gov/search/granules?p=C3807638962-ASF""}",CATALOG_REFERENCE_NOT_FETCHED,reports/2026-10-09/cmr_asf_b45/raw/collections_page_2.json
C3807638962-ASF,10,2,https://nisar.asf.earthdatacloud.nasa.gov/NISAR/WATER_MASK/v0.5/EPSG4326/README.txt,PublicationURL,VIEW RELATED INFORMATION,READ-ME,"{""URLContentType"": ""PublicationURL"", ""Type"": ""VIEW RELATED INFORMATION"", ""Subtype"": ""READ-ME"", ""URL"": ""https://nisar.asf.earthdatacloud.nasa.gov/NISAR/WATER_MASK/v0.5/EPSG4326/README.txt"", ""Description"": ""Information about the water mask for NISAR product""}",CATALOG_REFERENCE_NOT_FETCHED,reports/2026-10-09/cmr_asf_b45/raw/collections_page_2.json
C3807638962-ASF,10,3,https://nisar.asf.earthdatacloud.nasa.gov/NISAR/WATER_MASK/v0.5/EPSG4326/LICENSE.txt,PublicationURL,VIEW RELATED INFORMATION,GENERAL DOCUMENTATION,"{""URLContentType"": ""PublicationURL"", ""Type"": ""VIEW RELATED INFORMATION"", ""Subtype"": ""GENERAL DOCUMENTATION"", ""URL"": ""https://nisar.asf.earthdatacloud.nasa.gov/NISAR/WATER_MASK/v0.5/EPSG4326/LICENSE.txt"", ""Description"": ""License information for the water mask for NISAR product""}",CATALOG_REFERENCE_NOT_FETCHED,reports/2026-10-09/cmr_asf_b45/raw/collections_page_2.json
C3807638962-ASF,10,4,https://nisar.jpl.nasa.gov/,CollectionURL,PROJECT HOME PAGE,,"{""Description"": ""NISAR Project Home Page"", ""URLContentType"": ""CollectionURL"", ""Type"": ""PROJECT HOME PAGE"", ""URL"": ""https://nisar.jpl.nasa.gov/""}",CATALOG_REFERENCE_NOT_FETCHED,reports/2026-10-09/cmr_asf_b45/raw/collections_page_2.json
C3807638962-ASF,10,5,https://nisar-docs.asf.alaska.edu,PublicationURL,VIEW RELATED INFORMATION,USER'S GUIDE,"{""URLContentType"": ""PublicationURL"", ""Type"": ""VIEW RELATED INFORMATION"", ""Subtype"": ""USER'S GUIDE"", ""URL"": ""https://nisar-docs.asf.alaska.edu"", ""Description"": ""ASF created NISAR Data User Guide""}",CATALOG_REFERENCE_NOT_FETCHED,reports/2026-10-09/cmr_asf_b45/raw/collections_page_2.json
C2795135668-ASF,12,1,https://search.asf.alaska.edu/,DistributionURL,GET DATA,VERTEX,"{""Description"": ""Search and download data granules using the ASF Data Search graphical search interface Vertex."", ""URLContentType"": ""DistributionURL"", ""Type"": ""GET DATA"", ""Subtype"": ""VERTEX"", ""URL"": ""https://search.asf.alaska.edu/""}",CATALOG_REFERENCE_NOT_FETCHED,reports/2026-10-09/cmr_asf_b45/raw/collections_page_2.json
C2795135668-ASF,12,2,https://www.jpl.nasa.gov/go/opera/,CollectionURL,PROJECT HOME PAGE,,"{""Description"": ""OPERA Project Home Page"", ""URLContentType"": ""CollectionURL"", ""Type"": ""PROJECT HOME PAGE"", ""URL"": ""https://www.jpl.nasa.gov/go/opera/""}",CATALOG_REFERENCE_NOT_FETCHED,reports/2026-10-09/cmr_asf_b45/raw/collections_page_2.json
C2795135668-ASF,12,3,https://datapool.asf.alaska.edu/BROWSE/OPERA-S1/OPERA_L2_CSLC-S1_T027-056657-IW3_20231008T132530Z_20240510T050226Z_S1A_VV_v1.1_BROWSE.png,VisualizationURL,GET RELATED VISUALIZATION,,"{""Description"": ""Image to represent the collection"", ""URLContentType"": ""VisualizationURL"", ""Type"": ""GET RELATED VISUALIZATION"", ""URL"": ""https://datapool.asf.alaska.edu/BROWSE/OPERA-S1/OPERA_L2_CSLC-S1_T027-056657-IW3_20231008T132530Z_20240510T050226Z_S1A_VV_v1.1_BROWSE.png""}",CATALOG_REFERENCE_NOT_FETCHED,reports/2026-10-09/cmr_asf_b45/raw/collections_page_2.json
C2795135668-ASF,12,4,https://search.earthdata.nasa.gov/search/granules?p=C2795135668-ASF,DistributionURL,GET DATA,Earthdata Search,"{""Description"": ""Search and download data granules using NASA Earthdata Search interface."", ""URLContentType"": ""DistributionURL"", ""Type"": ""GET DATA"", ""Subtype"": ""Earthdata Search"", ""URL"": ""https://search.earthdata.nasa.gov/search/granules?p=C2795135668-ASF""}",CATALOG_REFERENCE_NOT_FETCHED,reports/2026-10-09/cmr_asf_b45/raw/collections_page_2.json
C2795135668-ASF,12,5,https://d2pn8kiwq2w21t.cloudfront.net/documents/ProductSpec_CSLC-S1-STATIC.pdf,PublicationURL,VIEW RELATED INFORMATION,DATA PRODUCT SPECIFICATION,"{""URLContentType"": ""PublicationURL"", ""Type"": ""VIEW RELATED INFORMATION"", ""Subtype"": ""DATA PRODUCT SPECIFICATION"", ""URL"": ""https://d2pn8kiwq2w21t.cloudfront.net/documents/ProductSpec_CSLC-S1-STATIC.pdf"", ""Description"": ""OPERA Product Specification for Coregistered Single Look Complex from Sentinel-1 Static Layers product""}",CATALOG_REFERENCE_NOT_FETCHED,reports/2026-10-09/cmr_asf_b45/raw/collections_page_2.json
C2777443834-ASF,20,1,https://search.asf.alaska.edu/,DistributionURL,GET DATA,VERTEX,"{""Description"": ""Search and download data granules using the ASF Data Search graphical search interface Vertex."", ""URLContentType"": ""DistributionURL"", ""Type"": ""GET DATA"", ""Subtype"": ""VERTEX"", ""URL"": ""https://search.asf.alaska.edu/""}",CATALOG_REFERENCE_NOT_FETCHED,reports/2026-10-09/cmr_asf_b45/raw/collections_page_2.json
C2777443834-ASF,20,2,https://search.earthdata.nasa.gov/search/granules?p=C2777443834-ASF,DistributionURL,GET DATA,Earthdata Search,"{""Description"": ""Search and download data granules using NASA Earthdata Search interface."", ""URLContentType"": ""DistributionURL"", ""Type"": ""GET DATA"", ""Subtype"": ""Earthdata Search"", ""URL"": ""https://search.earthdata.nasa.gov/search/granules?p=C2777443834-ASF""}",CATALOG_REFERENCE_NOT_FETCHED,reports/2026-10-09/cmr_asf_b45/raw/collections_page_2.json
C2777443834-ASF,20,3,https://www.jpl.nasa.gov/go/opera/,CollectionURL,PROJECT HOME PAGE,,"{""Description"": ""OPERA Project Home Page"", ""URLContentType"": ""CollectionURL"", ""Type"": ""PROJECT HOME PAGE"", ""URL"": ""https://www.jpl.nasa.gov/go/opera/""}",CATALOG_REFERENCE_NOT_FETCHED,reports/2026-10-09/cmr_asf_b45/raw/collections_page_2.json
C2777443834-ASF,20,4,https://d2pn8kiwq2w21t.cloudfront.net/documents/OPERA_CSLC-S1_ProductSpec_v1.0.0_D-108278_Initial_2023-09-11_URS321269.pdf,PublicationURL,VIEW RELATED INFORMATION,DATA PRODUCT SPECIFICATION,"{""URLContentType"": ""PublicationURL"", ""Type"": ""VIEW RELATED INFORMATION"", ""Subtype"": ""DATA PRODUCT SPECIFICATION"", ""URL"": ""https://d2pn8kiwq2w21t.cloudfront.net/documents/OPERA_CSLC-S1_ProductSpec_v1.0.0_D-108278_Initial_2023-09-11_URS321269.pdf"", ""Description"": ""OPERA Product Specification for Coregistered Single Look Complex from Sentinel-1 products (v1.1)""}",CATALOG_REFERENCE_NOT_FETCHED,reports/2026-10-09/cmr_asf_b45/raw/collections_page_2.json
C2777443834-ASF,20,5,https://cumulus.asf.earthdatacloud.nasa.gov/PUBLIC/DATA/OPERA/OPERA_CSLC-S1_ATBD_D-108752_Initial_2024-06-24_signed.pdf,PublicationURL,VIEW RELATED INFORMATION,ALGORITHM THEORETICAL BASIS DOCUMENT (ATBD),"{""Description"": ""OPERA Algorithm Theoretical Basis Document for Coregistered Single Look Complex from Sentinel-1 data (v1.1)"", ""URLContentType"": ""PublicationURL"", ""Type"": ""VIEW RELATED INFORMATION"", ""Subtype"": ""ALGORITHM THEORETICAL BASIS DOCUMENT (ATBD)"", ""URL"": ""https://cumulus.asf.earthdatacloud.nasa.gov/PUBLIC/DATA/OPERA/OPERA_CSLC-S1_ATBD_D-108752_Initial_2024-06-24_signed.pdf""}",CATALOG_REFERENCE_NOT_FETCHED,reports/2026-10-09/cmr_asf_b45/raw/collections_page_2.json
C2777443834-ASF,20,6,https://datapool.asf.alaska.edu/BROWSE/OPERA-S1/OPERA_L2_CSLC-S1_T131-279951-IW3_20231015T163036Z_20240510T141750Z_S1A_VV_v1.1_BROWSE.png,VisualizationURL,GET RELATED VISUALIZATION,,"{""Description"": ""Image to represent the collection"", ""URLContentType"": ""VisualizationURL"", ""Type"": ""GET RELATED VISUALIZATION"", ""URL"": ""https://datapool.asf.alaska.edu/BROWSE/OPERA-S1/OPERA_L2_CSLC-S1_T131-279951-IW3_20231015T163036Z_20240510T141750Z_S1A_VV_v1.1_BROWSE.png""}",CATALOG_REFERENCE_NOT_FETCHED,reports/2026-10-09/cmr_asf_b45/raw/collections_page_2.json
C2795135174-ASF,12,1,https://search.asf.alaska.edu/,DistributionURL,GET DATA,VERTEX,"{""Description"": ""ASF data search and download interface"", ""URLContentType"": ""DistributionURL"", ""Type"": ""GET DATA"", ""Subtype"": ""VERTEX"", ""URL"": ""https://search.asf.alaska.edu/""}",CATALOG_REFERENCE_NOT_FETCHED,reports/2026-10-09/cmr_asf_b45/raw/collections_page_2.json
C2795135174-ASF,12,2,https://www.jpl.nasa.gov/go/opera/,CollectionURL,PROJECT HOME PAGE,,"{""Description"": ""OPERA Project Home Page"", ""URLContentType"": ""CollectionURL"", ""Type"": ""PROJECT HOME PAGE"", ""URL"": ""https://www.jpl.nasa.gov/go/opera/""}",CATALOG_REFERENCE_NOT_FETCHED,reports/2026-10-09/cmr_asf_b45/raw/collections_page_2.json
C2795135174-ASF,12,3,https://datapool.asf.alaska.edu/BROWSE/OPERA-S1/OPERA_L2_RTC-S1-STATIC_T004-006672-IW1_20140403_S1A_30_v1.0_BROWSE.png,VisualizationURL,GET RELATED VISUALIZATION,,"{""Description"": ""Image to represent the collection"", ""URLContentType"": ""VisualizationURL"", ""Type"": ""GET RELATED VISUALIZATION"", ""URL"": ""https://datapool.asf.alaska.edu/BROWSE/OPERA-S1/OPERA_L2_RTC-S1-STATIC_T004-006672-IW1_20140403_S1A_30_v1.0_BROWSE.png""}",CATALOG_REFERENCE_NOT_FETCHED,reports/2026-10-09/cmr_asf_b45/raw/collections_page_2.json
C2795135174-ASF,12,4,https://search.earthdata.nasa.gov/search/granules?p=C2795135174-ASF,DistributionURL,GET DATA,Earthdata Search,"{""Description"": ""Search and download data granules using NASA Earthdata Search interface."", ""URLContentType"": ""DistributionURL"", ""Type"": ""GET DATA"", ""Subtype"": ""Earthdata Search"", ""URL"": ""https://search.earthdata.nasa.gov/search/granules?p=C2795135174-ASF""}",CATALOG_REFERENCE_NOT_FETCHED,reports/2026-10-09/cmr_asf_b45/raw/collections_page_2.json
C2795135174-ASF,12,5,https://d2pn8kiwq2w21t.cloudfront.net/documents/ProductSpec_RTC-S1-STATIC.pdf,PublicationURL,VIEW RELATED INFORMATION,DATA PRODUCT SPECIFICATION,"{""URLContentType"": ""PublicationURL"", ""Type"": ""VIEW RELATED INFORMATION"", ""Subtype"": ""DATA PRODUCT SPECIFICATION"", ""URL"": ""https://d2pn8kiwq2w21t.cloudfront.net/documents/ProductSpec_RTC-S1-STATIC.pdf"", ""Description"": ""OPERA Product Specification for OPERA Radiometric Terrain Corrected SAR Backscatter from Sentinel-1 Static Layers product""}",CATALOG_REFERENCE_NOT_FETCHED,reports/2026-10-09/cmr_asf_b45/raw/collections_page_2.json
C2777436413-ASF,22,1,https://search.asf.alaska.edu/,DistributionURL,GET DATA,VERTEX,"{""Description"": ""ASF data search and download interface"", ""URLContentType"": ""DistributionURL"", ""Type"": ""GET DATA"", ""Subtype"": ""VERTEX"", ""URL"": ""https://search.asf.alaska.edu/""}",CATALOG_REFERENCE_NOT_FETCHED,reports/2026-10-09/cmr_asf_b45/raw/collections_page_2.json
C2777436413-ASF,22,2,https://search.earthdata.nasa.gov/search/granules?p=C2777436413-ASF,DistributionURL,GET DATA,Earthdata Search,"{""URLContentType"": ""DistributionURL"", ""Type"": ""GET DATA"", ""Subtype"": ""Earthdata Search"", ""URL"": ""https://search.earthdata.nasa.gov/search/granules?p=C2777436413-ASF"", ""Description"": ""Search and download data granules using NASA Earthdata Search interface.""}",CATALOG_REFERENCE_NOT_FETCHED,reports/2026-10-09/cmr_asf_b45/raw/collections_page_2.json
C2777436413-ASF,22,3,https://www.jpl.nasa.gov/go/opera/,CollectionURL,PROJECT HOME PAGE,,"{""Description"": ""JPL OPERA Project Home Page"", ""URLContentType"": ""CollectionURL"", ""Type"": ""PROJECT HOME PAGE"", ""URL"": ""https://www.jpl.nasa.gov/go/opera/""}",CATALOG_REFERENCE_NOT_FETCHED,reports/2026-10-09/cmr_asf_b45/raw/collections_page_2.json
C2777436413-ASF,22,4,https://www.earthdata.nasa.gov/data/projects/opera,CollectionURL,PROJECT HOME PAGE,,"{""Description"": ""NASA Earthdata OPERA Project Home Page"", ""URLContentType"": ""CollectionURL"", ""Type"": ""PROJECT HOME PAGE"", ""URL"": ""https://www.earthdata.nasa.gov/data/projects/opera""}",CATALOG_REFERENCE_NOT_FETCHED,reports/2026-10-09/cmr_asf_b45/raw/collections_page_2.json
C2777436413-ASF,22,5,https://go.nasa.gov/476eg1H,VisualizationURL,GET RELATED VISUALIZATION,WORLDVIEW,"{""Description"": ""OPERA Radiometric Terrain Corrected SAR Backscatter (False Color) in Worldview"", ""URLContentType"": ""VisualizationURL"", ""Type"": ""GET RELATED VISUALIZATION"", ""Subtype"": ""WORLDVIEW"", ""URL"": ""https://go.nasa.gov/476eg1H""}",CATALOG_REFERENCE_NOT_FETCHED,reports/2026-10-09/cmr_asf_b45/raw/collections_page_2.json
C2777436413-ASF,22,6,https://cumulus.asf.earthdatacloud.nasa.gov/PUBLIC/DATA/OPERA/ProductSpec_RTC-S1.pdf,PublicationURL,VIEW RELATED INFORMATION,DATA PRODUCT SPECIFICATION,"{""URLContentType"": ""PublicationURL"", ""Type"": ""VIEW RELATED INFORMATION"", ""Subtype"": ""DATA PRODUCT SPECIFICATION"", ""URL"": ""https://cumulus.asf.earthdatacloud.nasa.gov/PUBLIC/DATA/OPERA/ProductSpec_RTC-S1.pdf"", ""Description"": ""OPERA Product Specification for OPERA Radiometric Terrain Corrected SAR Backscatter from Sentinel-1 products""}",CATALOG_REFERENCE_NOT_FETCHED,reports/2026-10-09/cmr_asf_b45/raw/collections_page_2.json
C2777436413-ASF,22,7,https://cumulus.asf.earthdatacloud.nasa.gov/PUBLIC/DATA/OPERA/D-107393_OPERA_RTC-S1_ATBD_Initial_2024-06-25_wsigs.pdf,PublicationURL,VIEW RELATED INFORMATION,ALGORITHM THEORETICAL BASIS DOCUMENT (ATBD),"{""URLContentType"": ""PublicationURL"", ""Type"": ""VIEW RELATED INFORMATION"", ""Subtype"": ""ALGORITHM THEORETICAL BASIS DOCUMENT (ATBD)"", ""URL"": ""https://cumulus.asf.earthdatacloud.nasa.gov/PUBLIC/DATA/OPERA/D-107393_OPERA_RTC-S1_ATBD_Initial_2024-06-25_wsigs.pdf"", ""Description"": ""OPERA Algorithm Theoretical Basis Document for Radiometric Terrain-Corrected SAR Backscatter from Sentinel-1 Product""}",CATALOG_REFERENCE_NOT_FETCHED,reports/2026-10-09/cmr_asf_b45/raw/collections_page_2.json
C2777436413-ASF,22,8,https://datapool.asf.alaska.edu/BROWSE/OPERA-S1/OPERA_L2_RTC-S1_T124-264306-IW2_20231027T043121Z_20231027T184651Z_S1A_30_v1.0_BROWSE.png,VisualizationURL,GET RELATED VISUALIZATION,,"{""Description"": ""Image to represent the collection"", ""URLContentType"": ""VisualizationURL"", ""Type"": ""GET RELATED VISUALIZATION"", ""URL"": ""https://datapool.asf.alaska.edu/BROWSE/OPERA-S1/OPERA_L2_RTC-S1_T124-264306-IW2_20231027T043121Z_20231027T184651Z_S1A_30_v1.0_BROWSE.png""}",CATALOG_REFERENCE_NOT_FETCHED,reports/2026-10-09/cmr_asf_b45/raw/collections_page_2.json
C3959290248-ASF,5,1,https://www.jpl.nasa.gov/go/opera/,CollectionURL,PROJECT HOME PAGE,,"{""Description"": ""OPERA Project Home Page"", ""URLContentType"": ""CollectionURL"", ""Type"": ""PROJECT HOME PAGE"", ""URL"": ""https://www.jpl.nasa.gov/go/opera/""}",CATALOG_REFERENCE_NOT_FETCHED,reports/2026-10-09/cmr_asf_b45/raw/collections_page_2.json
C3959290248-ASF,5,2,https://search.asf.alaska.edu/#/?dataset=OPERA-S1&productTypes=DISP-S1-STATIC&resultsLoaded=true,DistributionURL,GET DATA,VERTEX,"{""Description"": ""Search and download data granules using the ASF Data Search graphical search interface Vertex."", ""URLContentType"": ""DistributionURL"", ""Type"": ""GET DATA"", ""Subtype"": ""VERTEX"", ""URL"": ""https://search.asf.alaska.edu/#/?dataset=OPERA-S1&productTypes=DISP-S1-STATIC&resultsLoaded=true""}",CATALOG_REFERENCE_NOT_FETCHED,reports/2026-10-09/cmr_asf_b45/raw/collections_page_2.json
C3959290248-ASF,5,3,https://search.earthdata.nasa.gov/search/granules?p=C3959290248-ASF,DistributionURL,GET DATA,Earthdata Search,"{""Description"": ""Search and download data granules using NASA Earthdata Search interface."", ""URLContentType"": ""DistributionURL"", ""Type"": ""GET DATA"", ""Subtype"": ""Earthdata Search"", ""URL"": ""https://search.earthdata.nasa.gov/search/granules?p=C3959290248-ASF""}",CATALOG_REFERENCE_NOT_FETCHED,reports/2026-10-09/cmr_asf_b45/raw/collections_page_2.json
C3959290248-ASF,5,4,https://displacement.asf.alaska.edu/,DistributionURL,GOTO WEB TOOL,,"{""Description"": ""Visualize and interact with OPERA Surface Displacement (DISP) products using the ASF Data Search displacement portal."", ""URLContentType"": ""DistributionURL"", ""Type"": ""GOTO WEB TOOL"", ""URL"": ""https://displacement.asf.alaska.edu/""}",CATALOG_REFERENCE_NOT_FETCHED,reports/2026-10-09/cmr_asf_b45/raw/collections_page_2.json
C3959290248-ASF,5,5,https://cumulus.asf.earthdatacloud.nasa.gov/PUBLIC/DATA/OPERA/OPERA_DISP_S1_STATIC_ProductSpec_v1.0.0_D-108762_Rev_A_2025-03-20.pdf,PublicationURL,VIEW RELATED INFORMATION,DATA PRODUCT SPECIFICATION,"{""URLContentType"": ""PublicationURL"", ""Type"": ""VIEW RELATED INFORMATION"", ""Subtype"": ""DATA PRODUCT SPECIFICATION"", ""URL"": ""https://cumulus.asf.earthdatacloud.nasa.gov/PUBLIC/DATA/OPERA/OPERA_DISP_S1_STATIC_ProductSpec_v1.0.0_D-108762_Rev_A_2025-03-20.pdf"", ""Description"": ""OPERA Level-3 Surface Displacement Static Layers from Sentinel-1 (DISP-S1-STATIC) Product Specification""}",CATALOG_REFERENCE_NOT_FETCHED,reports/2026-10-09/cmr_asf_b45/raw/collections_page_2.json
C1206897141-ASF,2714,1,https://search.asf.alaska.edu/,DistributionURL,GET DATA,VERTEX,"{""Description"": ""Search and download data granules using the ASF Data Search graphical search interface Vertex."", ""URLContentType"": ""DistributionURL"", ""Type"": ""GET DATA"", ""URL"": ""https://search.asf.alaska.edu/"", ""Subtype"": ""VERTEX""}",CATALOG_REFERENCE_NOT_FETCHED,reports/2026-10-09/cmr_asf_b45/raw/collections_page_2.json
C1206897141-ASF,2714,2,https://search.earthdata.nasa.gov/search/granules?p=C1206897141-ASF,DistributionURL,GET DATA,Earthdata Search,"{""Description"": ""Search and download data granules using NASA Earthdata Search interface."", ""URLContentType"": ""DistributionURL"", ""Type"": ""GET DATA"", ""Subtype"": ""Earthdata Search"", ""URL"": ""https://search.earthdata.nasa.gov/search/granules?p=C1206897141-ASF""}",CATALOG_REFERENCE_NOT_FETCHED,reports/2026-10-09/cmr_asf_b45/raw/collections_page_2.json
C1206936391-ASF,2034,1,https://search.asf.alaska.edu/,DistributionURL,GET DATA,VERTEX,"{""Description"": ""Search and download data granules using the ASF Data Search graphical search interface Vertex."", ""URLContentType"": ""DistributionURL"", ""Type"": ""GET DATA"", ""URL"": ""https://search.asf.alaska.edu/"", ""Subtype"": ""VERTEX""}",CATALOG_REFERENCE_NOT_FETCHED,reports/2026-10-09/cmr_asf_b45/raw/collections_page_2.json
C1206936391-ASF,2034,2,https://search.earthdata.nasa.gov/search/granules?p=C1206936391-ASF,DistributionURL,GET DATA,Earthdata Search,"{""Description"": ""Search and download data granules using NASA Earthdata Search interface."", ""URLContentType"": ""DistributionURL"", ""Type"": ""GET DATA"", ""Subtype"": ""Earthdata Search"", ""URL"": ""https://search.earthdata.nasa.gov/search/granules?p=C1206936391-ASF""}",CATALOG_REFERENCE_NOT_FETCHED,reports/2026-10-09/cmr_asf_b45/raw/collections_page_2.json
C3576379529-ASF,8,1,https://search.asf.alaska.edu/,DistributionURL,GET DATA,VERTEX,"{""Description"": ""Search and download data granules using the ASF Data Search graphical search interface Vertex."", ""URLContentType"": ""DistributionURL"", ""Type"": ""GET DATA"", ""Subtype"": ""VERTEX"", ""URL"": ""https://search.asf.alaska.edu/""}",CATALOG_REFERENCE_NOT_FETCHED,reports/2026-10-09/cmr_asf_b45/raw/collections_page_2.json
C3576379529-ASF,8,2,https://search.earthdata.nasa.gov/search/granules?p=C3576379529-ASF,DistributionURL,GET DATA,Earthdata Search,"{""Description"": ""Search and download data granules using NASA Earthdata Search interface."", ""URLContentType"": ""DistributionURL"", ""Type"": ""GET DATA"", ""Subtype"": ""Earthdata Search"", ""URL"": ""https://search.earthdata.nasa.gov/search/granules?p=C3576379529-ASF""}",CATALOG_REFERENCE_NOT_FETCHED,reports/2026-10-09/cmr_asf_b45/raw/collections_page_2.json
C3576379529-ASF,8,3,https://webdocs.asf.alaska.edu/Seasat/Seasat-User-Guide-History-and-Technical-Challenges.pdf,PublicationURL,VIEW RELATED INFORMATION,USER'S GUIDE,"{""URLContentType"": ""PublicationURL"", ""Type"": ""VIEW RELATED INFORMATION"", ""Subtype"": ""USER'S GUIDE"", ""URL"": ""https://webdocs.asf.alaska.edu/Seasat/Seasat-User-Guide-History-and-Technical-Challenges.pdf"", ""Description"": ""This document serves as product guide for users of Seasat products processed by the Alaska Satellite Facility.""}",CATALOG_REFERENCE_NOT_FETCHED,reports/2026-10-09/cmr_asf_b45/raw/collections_page_2.json
C3576379529-ASF,8,4,https://cumulus.asf.earthdatacloud.nasa.gov/BROWSE/SEASAT/SS_01494_STD_F2423/SS_01494_STD_F2423.jpg,VisualizationURL,GET RELATED VISUALIZATION,Browse Image,"{""Description"": ""Image to represent the collection"", ""URLContentType"": ""VisualizationURL"", ""Type"": ""GET RELATED VISUALIZATION"", ""Subtype"": ""Browse Image"", ""URL"": ""https://cumulus.asf.earthdatacloud.nasa.gov/BROWSE/SEASAT/SS_01494_STD_F2423/SS_01494_STD_F2423.jpg""}",CATALOG_REFERENCE_NOT_FETCHED,reports/2026-10-09/cmr_asf_b45/raw/collections_page_2.json
C1214471197-ASF,1285,1,https://search.asf.alaska.edu/,DistributionURL,GET DATA,VERTEX,"{""Description"": ""Search and download data granules using the ASF Data Search graphical search interface Vertex."", ""URLContentType"": ""DistributionURL"", ""Type"": ""GET DATA"", ""URL"": ""https://search.asf.alaska.edu/"", ""Subtype"": ""VERTEX""}",CATALOG_REFERENCE_NOT_FETCHED,reports/2026-10-09/cmr_asf_b45/raw/collections_page_2.json
C1214471197-ASF,1285,2,https://search.earthdata.nasa.gov/search/granules?p=C1214471197-ASF,DistributionURL,GET DATA,Earthdata Search,"{""URLContentType"": ""DistributionURL"", ""Description"": ""Search and download data granules using NASA Earthdata Search interface."", ""Type"": ""GET DATA"", ""Subtype"": ""Earthdata Search"", ""URL"": ""https://search.earthdata.nasa.gov/search/granules?p=C1214471197-ASF""}",CATALOG_REFERENCE_NOT_FETCHED,reports/2026-10-09/cmr_asf_b45/raw/collections_page_2.json
C1214471197-ASF,1285,3,https://sentiwiki.copernicus.eu/web/sentinel-1,PublicationURL,VIEW RELATED INFORMATION,GENERAL DOCUMENTATION,"{""URLContentType"": ""PublicationURL"", ""URL"": ""https://sentiwiki.copernicus.eu/web/sentinel-1"", ""Description"": ""Copernicus Sentinel-1 mission home page"", ""Type"": ""VIEW RELATED INFORMATION"", ""Subtype"": ""GENERAL DOCUMENTATION""}",CATALOG_REFERENCE_NOT_FETCHED,reports/2026-10-09/cmr_asf_b45/raw/collections_page_2.json
C1214471197-ASF,1285,4,https://webdocs.asf.alaska.edu/Sentinel-1/Sentinel-1-User-Guide.pdf,PublicationURL,VIEW RELATED INFORMATION,USER'S GUIDE,"{""URLContentType"": ""PublicationURL"", ""Type"": ""VIEW RELATED INFORMATION"", ""Subtype"": ""USER'S GUIDE"", ""URL"": ""https://webdocs.asf.alaska.edu/Sentinel-1/Sentinel-1-User-Guide.pdf"", ""Description"": ""ASF created Sentinel-1 User Guide""}",CATALOG_REFERENCE_NOT_FETCHED,reports/2026-10-09/cmr_asf_b45/raw/collections_page_2.json
C1214471960-ASF,1287,1,https://search.asf.alaska.edu/,DistributionURL,GET DATA,VERTEX,"{""Description"": ""Search and download data granules using the ASF Data Search graphical search interface Vertex."", ""URLContentType"": ""DistributionURL"", ""Type"": ""GET DATA"", ""URL"": ""https://search.asf.alaska.edu/"", ""Subtype"": ""VERTEX""}",CATALOG_REFERENCE_NOT_FETCHED,reports/2026-10-09/cmr_asf_b45/raw/collections_page_2.json
C1214471960-ASF,1287,2,https://search.earthdata.nasa.gov/search/granules?p=C1214471960-ASF,DistributionURL,GET DATA,Earthdata Search,"{""URLContentType"": ""DistributionURL"", ""Description"": ""Search and download data granules using NASA Earthdata Search interface."", ""Type"": ""GET DATA"", ""Subtype"": ""Earthdata Search"", ""URL"": ""https://search.earthdata.nasa.gov/search/granules?p=C1214471960-ASF""}",CATALOG_REFERENCE_NOT_FETCHED,reports/2026-10-09/cmr_asf_b45/raw/collections_page_2.json
C1214471960-ASF,1287,3,https://sentiwiki.copernicus.eu/web/sentinel-1,PublicationURL,VIEW RELATED INFORMATION,GENERAL DOCUMENTATION,"{""URLContentType"": ""PublicationURL"", ""URL"": ""https://sentiwiki.copernicus.eu/web/sentinel-1"", ""Description"": ""Copernicus Sentinel-1 mission home page"", ""Type"": ""VIEW RELATED INFORMATION"", ""Subtype"": ""GENERAL DOCUMENTATION""}",CATALOG_REFERENCE_NOT_FETCHED,reports/2026-10-09/cmr_asf_b45/raw/collections_page_2.json
C1214471960-ASF,1287,4,https://webdocs.asf.alaska.edu/Sentinel-1/Sentinel-1-User-Guide.pdf,PublicationURL,VIEW RELATED INFORMATION,USER'S GUIDE,"{""URLContentType"": ""PublicationURL"", ""Type"": ""VIEW RELATED INFORMATION"", ""Subtype"": ""USER'S GUIDE"", ""URL"": ""https://webdocs.asf.alaska.edu/Sentinel-1/Sentinel-1-User-Guide.pdf"", ""Description"": ""ASF created Sentinel-1 User Guide""}",CATALOG_REFERENCE_NOT_FETCHED,reports/2026-10-09/cmr_asf_b45/raw/collections_page_2.json
C1214471960-ASF,1287,5,https://webdocs.asf.alaska.edu/Sentinel-1/ASF_SAR_Sentinel-1_product_specification_v1.1.pdf,PublicationURL,VIEW RELATED INFORMATION,DATA PRODUCT SPECIFICATION,"{""URL"": ""https://webdocs.asf.alaska.edu/Sentinel-1/ASF_SAR_Sentinel-1_product_specification_v1.1.pdf"", ""URLContentType"": ""PublicationURL"", ""Type"": ""VIEW RELATED INFORMATION"", ""Subtype"": ""DATA PRODUCT SPECIFICATION"", ""Description"": ""Product format specification for the ISO compliant XML""}",CATALOG_REFERENCE_NOT_FETCHED,reports/2026-10-09/cmr_asf_b45/raw/collections_page_2.json
C1214472336-ASF,1380,1,https://search.asf.alaska.edu/,DistributionURL,GET DATA,VERTEX,"{""Description"": ""Search and download data granules using the ASF Data Search graphical search interface Vertex."", ""URLContentType"": ""DistributionURL"", ""Type"": ""GET DATA"", ""URL"": ""https://search.asf.alaska.edu/"", ""Subtype"": ""VERTEX""}",CATALOG_REFERENCE_NOT_FETCHED,reports/2026-10-09/cmr_asf_b45/raw/collections_page_2.json
C1214472336-ASF,1380,2,https://search.earthdata.nasa.gov/search/granules?p=C1214472336-ASF,DistributionURL,GET DATA,Earthdata Search,"{""URLContentType"": ""DistributionURL"", ""Description"": ""Search and download data granules using NASA Earthdata Search interface."", ""Type"": ""GET DATA"", ""Subtype"": ""Earthdata Search"", ""URL"": ""https://search.earthdata.nasa.gov/search/granules?p=C1214472336-ASF""}",CATALOG_REFERENCE_NOT_FETCHED,reports/2026-10-09/cmr_asf_b45/raw/collections_page_2.json
C1214472336-ASF,1380,3,https://sentiwiki.copernicus.eu/web/sentinel-1,PublicationURL,VIEW RELATED INFORMATION,GENERAL DOCUMENTATION,"{""URLContentType"": ""PublicationURL"", ""URL"": ""https://sentiwiki.copernicus.eu/web/sentinel-1"", ""Description"": ""Copernicus Sentinel-1 mission home page"", ""Type"": ""VIEW RELATED INFORMATION"", ""Subtype"": ""GENERAL DOCUMENTATION""}",CATALOG_REFERENCE_NOT_FETCHED,reports/2026-10-09/cmr_asf_b45/raw/collections_page_2.json
C1214472336-ASF,1380,4,https://webdocs.asf.alaska.edu/Sentinel-1/Sentinel-1-User-Guide.pdf,PublicationURL,VIEW RELATED INFORMATION,USER'S GUIDE,"{""URLContentType"": ""PublicationURL"", ""Type"": ""VIEW RELATED INFORMATION"", ""Subtype"": ""USER'S GUIDE"", ""URL"": ""https://webdocs.asf.alaska.edu/Sentinel-1/Sentinel-1-User-Guide.pdf"", ""Description"": ""ASF created Sentinel-1 User Guide""}",CATALOG_REFERENCE_NOT_FETCHED,reports/2026-10-09/cmr_asf_b45/raw/collections_page_2.json
C1214472336-ASF,1380,5,https://webdocs.asf.alaska.edu/Sentinel-1/ASF_SAR_Sentinel-1_product_specification_v1.1.pdf,PublicationURL,VIEW RELATED INFORMATION,DATA PRODUCT SPECIFICATION,"{""URL"": ""https://webdocs.asf.alaska.edu/Sentinel-1/ASF_SAR_Sentinel-1_product_specification_v1.1.pdf"", ""URLContentType"": ""PublicationURL"", ""Type"": ""VIEW RELATED INFORMATION"", ""Subtype"": ""DATA PRODUCT SPECIFICATION"", ""Description"": ""Product format specification for the ISO compliant XML""}",CATALOG_REFERENCE_NOT_FETCHED,reports/2026-10-09/cmr_asf_b45/raw/collections_page_2.json
C1266376001-ASF,841,1,https://search.asf.alaska.edu/,DistributionURL,GET DATA,VERTEX,"{""Description"": ""Search and download data granules using the ASF Data Search graphical search interface Vertex."", ""URLContentType"": ""DistributionURL"", ""Type"": ""GET DATA"", ""URL"": ""https://search.asf.alaska.edu/"", ""Subtype"": ""VERTEX""}",CATALOG_REFERENCE_NOT_FETCHED,reports/2026-10-09/cmr_asf_b45/raw/collections_page_2.json
C1266376001-ASF,841,2,https://search.earthdata.nasa.gov/search/granules?p=C1266376001-ASF,DistributionURL,GET DATA,Earthdata Search,"{""URLContentType"": ""DistributionURL"", ""Description"": ""Search and download data granules using NASA Earthdata Search interface."", ""Type"": ""GET DATA"", ""Subtype"": ""Earthdata Search"", ""URL"": ""https://search.earthdata.nasa.gov/search/granules?p=C1266376001-ASF""}",CATALOG_REFERENCE_NOT_FETCHED,reports/2026-10-09/cmr_asf_b45/raw/collections_page_2.json
C1266376001-ASF,841,3,https://sentiwiki.copernicus.eu/web/sentinel-1,PublicationURL,VIEW RELATED INFORMATION,GENERAL DOCUMENTATION,"{""URLContentType"": ""PublicationURL"", ""URL"": ""https://sentiwiki.copernicus.eu/web/sentinel-1"", ""Description"": ""Copernicus Sentinel-1 mission home page"", ""Type"": ""VIEW RELATED INFORMATION"", ""Subtype"": ""GENERAL DOCUMENTATION""}",CATALOG_REFERENCE_NOT_FETCHED,reports/2026-10-09/cmr_asf_b45/raw/collections_page_2.json
C1266376001-ASF,841,4,https://webdocs.asf.alaska.edu/Sentinel-1/Sentinel-1-User-Guide.pdf,PublicationURL,VIEW RELATED INFORMATION,USER'S GUIDE,"{""URLContentType"": ""PublicationURL"", ""Type"": ""VIEW RELATED INFORMATION"", ""Subtype"": ""USER'S GUIDE"", ""URL"": ""https://webdocs.asf.alaska.edu/Sentinel-1/Sentinel-1-User-Guide.pdf"", ""Description"": ""ASF created Sentinel-1 User Guide""}",CATALOG_REFERENCE_NOT_FETCHED,reports/2026-10-09/cmr_asf_b45/raw/collections_page_2.json
C1214472994-ASF,1370,1,https://search.asf.alaska.edu/,DistributionURL,GET DATA,VERTEX,"{""Description"": ""Search and download data granules using the ASF Data Search graphical search interface Vertex."", ""URLContentType"": ""DistributionURL"", ""Type"": ""GET DATA"", ""URL"": ""https://search.asf.alaska.edu/"", ""Subtype"": ""VERTEX""}",CATALOG_REFERENCE_NOT_FETCHED,reports/2026-10-09/cmr_asf_b45/raw/collections_page_2.json
C1214472994-ASF,1370,2,https://search.earthdata.nasa.gov/search/granules?p=C1214472994-ASF,DistributionURL,GET DATA,Earthdata Search,"{""URLContentType"": ""DistributionURL"", ""Description"": ""Search and download data granules using NASA Earthdata Search interface."", ""Type"": ""GET DATA"", ""Subtype"": ""Earthdata Search"", ""URL"": ""https://search.earthdata.nasa.gov/search/granules?p=C1214472994-ASF""}",CATALOG_REFERENCE_NOT_FETCHED,reports/2026-10-09/cmr_asf_b45/raw/collections_page_2.json
C1214472994-ASF,1370,3,https://sentiwiki.copernicus.eu/web/sentinel-1,PublicationURL,VIEW RELATED INFORMATION,GENERAL DOCUMENTATION,"{""URLContentType"": ""PublicationURL"", ""URL"": ""https://sentiwiki.copernicus.eu/web/sentinel-1"", ""Description"": ""Copernicus Sentinel-1 mission home page"", ""Type"": ""VIEW RELATED INFORMATION"", ""Subtype"": ""GENERAL DOCUMENTATION""}",CATALOG_REFERENCE_NOT_FETCHED,reports/2026-10-09/cmr_asf_b45/raw/collections_page_2.json
C1214472994-ASF,1370,4,https://webdocs.asf.alaska.edu/Sentinel-1/Sentinel-1-User-Guide.pdf,PublicationURL,VIEW RELATED INFORMATION,USER'S GUIDE,"{""URLContentType"": ""PublicationURL"", ""Type"": ""VIEW RELATED INFORMATION"", ""Subtype"": ""USER'S GUIDE"", ""URL"": ""https://webdocs.asf.alaska.edu/Sentinel-1/Sentinel-1-User-Guide.pdf"", ""Description"": ""ASF created Sentinel-1 User Guide""}",CATALOG_REFERENCE_NOT_FETCHED,reports/2026-10-09/cmr_asf_b45/raw/collections_page_2.json
C1214470732-ASF,809,1,https://search.asf.alaska.edu/,DistributionURL,GET DATA,VERTEX,"{""Description"": ""Search and download data granules using the ASF Data Search graphical search interface Vertex."", ""URLContentType"": ""DistributionURL"", ""Type"": ""GET DATA"", ""URL"": ""https://search.asf.alaska.edu/"", ""Subtype"": ""VERTEX""}",CATALOG_REFERENCE_NOT_FETCHED,reports/2026-10-09/cmr_asf_b45/raw/collections_page_2.json
C1214470732-ASF,809,2,https://search.earthdata.nasa.gov/search/granules?p=C1214470732-ASF,DistributionURL,GET DATA,Earthdata Search,"{""URLContentType"": ""DistributionURL"", ""Description"": ""Search and download data granules using NASA Earthdata Search interface."", ""Type"": ""GET DATA"", ""Subtype"": ""Earthdata Search"", ""URL"": ""https://search.earthdata.nasa.gov/search/granules?p=C1214470732-ASF""}",CATALOG_REFERENCE_NOT_FETCHED,reports/2026-10-09/cmr_asf_b45/raw/collections_page_2.json
C1214470732-ASF,809,3,https://sentiwiki.copernicus.eu/web/sentinel-1,PublicationURL,VIEW RELATED INFORMATION,GENERAL DOCUMENTATION,"{""URLContentType"": ""PublicationURL"", ""URL"": ""https://sentiwiki.copernicus.eu/web/sentinel-1"", ""Description"": ""Copernicus Sentinel-1 mission home page"", ""Type"": ""VIEW RELATED INFORMATION"", ""Subtype"": ""GENERAL DOCUMENTATION""}",CATALOG_REFERENCE_NOT_FETCHED,reports/2026-10-09/cmr_asf_b45/raw/collections_page_2.json
C1214470732-ASF,809,4,https://webdocs.asf.alaska.edu/Sentinel-1/Sentinel-1-User-Guide.pdf,PublicationURL,VIEW RELATED INFORMATION,USER'S GUIDE,"{""URLContentType"": ""PublicationURL"", ""Type"": ""VIEW RELATED INFORMATION"", ""Subtype"": ""USER'S GUIDE"", ""URL"": ""https://webdocs.asf.alaska.edu/Sentinel-1/Sentinel-1-User-Guide.pdf"", ""Description"": ""ASF created Sentinel-1 User Guide""}",CATALOG_REFERENCE_NOT_FETCHED,reports/2026-10-09/cmr_asf_b45/raw/collections_page_2.json
C1214470732-ASF,809,5,https://webdocs.asf.alaska.edu/Sentinel-1/ASF_SAR_Sentinel-1_product_specification_v1.1.pdf,PublicationURL,VIEW RELATED INFORMATION,DATA PRODUCT SPECIFICATION,"{""URL"": ""https://webdocs.asf.alaska.edu/Sentinel-1/ASF_SAR_Sentinel-1_product_specification_v1.1.pdf"", ""URLContentType"": ""PublicationURL"", ""Type"": ""VIEW RELATED INFORMATION"", ""Subtype"": ""DATA PRODUCT SPECIFICATION"", ""Description"": ""Product format specification for the ISO compliant XML""}",CATALOG_REFERENCE_NOT_FETCHED,reports/2026-10-09/cmr_asf_b45/raw/collections_page_2.json
C1214473170-ASF,787,1,https://search.asf.alaska.edu/,DistributionURL,GET DATA,VERTEX,"{""Description"": ""Search and download data granules using the ASF Data Search graphical search interface Vertex."", ""URLContentType"": ""DistributionURL"", ""Type"": ""GET DATA"", ""URL"": ""https://search.asf.alaska.edu/"", ""Subtype"": ""VERTEX""}",CATALOG_REFERENCE_NOT_FETCHED,reports/2026-10-09/cmr_asf_b45/raw/collections_page_2.json
C1214473170-ASF,787,2,https://search.earthdata.nasa.gov/search/granules?p=C1214473170-ASF,DistributionURL,GET DATA,Earthdata Search,"{""URLContentType"": ""DistributionURL"", ""Description"": ""Search and download data granules using NASA Earthdata Search interface."", ""Type"": ""GET DATA"", ""Subtype"": ""Earthdata Search"", ""URL"": ""https://search.earthdata.nasa.gov/search/granules?p=C1214473170-ASF""}",CATALOG_REFERENCE_NOT_FETCHED,reports/2026-10-09/cmr_asf_b45/raw/collections_page_2.json
C1214473170-ASF,787,3,https://sentiwiki.copernicus.eu/web/sentinel-1,PublicationURL,VIEW RELATED INFORMATION,GENERAL DOCUMENTATION,"{""URLContentType"": ""PublicationURL"", ""URL"": ""https://sentiwiki.copernicus.eu/web/sentinel-1"", ""Description"": ""Copernicus Sentinel-1 mission home page"", ""Type"": ""VIEW RELATED INFORMATION"", ""Subtype"": ""GENERAL DOCUMENTATION""}",CATALOG_REFERENCE_NOT_FETCHED,reports/2026-10-09/cmr_asf_b45/raw/collections_page_2.json
C1214473170-ASF,787,4,https://webdocs.asf.alaska.edu/Sentinel-1/Sentinel-1-User-Guide.pdf,PublicationURL,VIEW RELATED INFORMATION,USER'S GUIDE,"{""URLContentType"": ""PublicationURL"", ""Type"": ""VIEW RELATED INFORMATION"", ""Subtype"": ""USER'S GUIDE"", ""URL"": ""https://webdocs.asf.alaska.edu/Sentinel-1/Sentinel-1-User-Guide.pdf"", ""Description"": ""ASF created Sentinel-1 User Guide""}",CATALOG_REFERENCE_NOT_FETCHED,reports/2026-10-09/cmr_asf_b45/raw/collections_page_2.json
C1214473170-ASF,787,5,https://webdocs.asf.alaska.edu/Sentinel-1/ASF_SAR_Sentinel-1_product_specification_v1.1.pdf,PublicationURL,VIEW RELATED INFORMATION,DATA PRODUCT SPECIFICATION,"{""URL"": ""https://webdocs.asf.alaska.edu/Sentinel-1/ASF_SAR_Sentinel-1_product_specification_v1.1.pdf"", ""URLContentType"": ""PublicationURL"", ""Type"": ""VIEW RELATED INFORMATION"", ""Subtype"": ""DATA PRODUCT SPECIFICATION"", ""Description"": ""Product format specification for the ISO compliant XML""}",CATALOG_REFERENCE_NOT_FETCHED,reports/2026-10-09/cmr_asf_b45/raw/collections_page_2.json
C1327985660-ASF,796,1,https://search.asf.alaska.edu/,DistributionURL,GET DATA,VERTEX,"{""Description"": ""Search and download data granules using the ASF Data Search graphical search interface Vertex."", ""URLContentType"": ""DistributionURL"", ""Type"": ""GET DATA"", ""URL"": ""https://search.asf.alaska.edu/"", ""Subtype"": ""VERTEX""}",CATALOG_REFERENCE_NOT_FETCHED,reports/2026-10-09/cmr_asf_b45/raw/collections_page_2.json
C1327985660-ASF,796,2,https://search.earthdata.nasa.gov/search/granules?p=C1327985660-ASF,DistributionURL,GET DATA,Earthdata Search,"{""URLContentType"": ""DistributionURL"", ""Description"": ""Search and download data granules using NASA Earthdata Search interface."", ""Type"": ""GET DATA"", ""Subtype"": ""Earthdata Search"", ""URL"": ""https://search.earthdata.nasa.gov/search/granules?p=C1327985660-ASF""}",CATALOG_REFERENCE_NOT_FETCHED,reports/2026-10-09/cmr_asf_b45/raw/collections_page_2.json
C1327985660-ASF,796,3,https://sentiwiki.copernicus.eu/web/sentinel-1,PublicationURL,VIEW RELATED INFORMATION,GENERAL DOCUMENTATION,"{""URLContentType"": ""PublicationURL"", ""URL"": ""https://sentiwiki.copernicus.eu/web/sentinel-1"", ""Description"": ""Copernicus Sentinel-1 mission home page"", ""Type"": ""VIEW RELATED INFORMATION"", ""Subtype"": ""GENERAL DOCUMENTATION""}",CATALOG_REFERENCE_NOT_FETCHED,reports/2026-10-09/cmr_asf_b45/raw/collections_page_2.json
C1327985660-ASF,796,4,https://webdocs.asf.alaska.edu/Sentinel-1/Sentinel-1-User-Guide.pdf,PublicationURL,VIEW RELATED INFORMATION,USER'S GUIDE,"{""URLContentType"": ""PublicationURL"", ""Type"": ""VIEW RELATED INFORMATION"", ""Subtype"": ""USER'S GUIDE"", ""URL"": ""https://webdocs.asf.alaska.edu/Sentinel-1/Sentinel-1-User-Guide.pdf"", ""Description"": ""ASF created Sentinel-1 User Guide""}",CATALOG_REFERENCE_NOT_FETCHED,reports/2026-10-09/cmr_asf_b45/raw/collections_page_2.json
C1327985741-ASF,313,1,https://search.asf.alaska.edu/,DistributionURL,GET DATA,VERTEX,"{""Description"": ""Search and download data granules using the ASF Data Search graphical search interface Vertex."", ""URLContentType"": ""DistributionURL"", ""Type"": ""GET DATA"", ""URL"": ""https://search.asf.alaska.edu/"", ""Subtype"": ""VERTEX""}",CATALOG_REFERENCE_NOT_FETCHED,reports/2026-10-09/cmr_asf_b45/raw/collections_page_2.json
C1327985741-ASF,313,2,https://search.earthdata.nasa.gov/search/granules?p=C1327985741-ASF,DistributionURL,GET DATA,Earthdata Search,"{""URLContentType"": ""DistributionURL"", ""Description"": ""Search and download data granules using NASA Earthdata Search interface."", ""Type"": ""GET DATA"", ""Subtype"": ""Earthdata Search"", ""URL"": ""https://search.earthdata.nasa.gov/search/granules?p=C1327985741-ASF""}",CATALOG_REFERENCE_NOT_FETCHED,reports/2026-10-09/cmr_asf_b45/raw/collections_page_2.json
C1327985741-ASF,313,3,https://sentiwiki.copernicus.eu/web/sentinel-1,PublicationURL,VIEW RELATED INFORMATION,GENERAL DOCUMENTATION,"{""URLContentType"": ""PublicationURL"", ""URL"": ""https://sentiwiki.copernicus.eu/web/sentinel-1"", ""Description"": ""Copernicus Sentinel-1 mission home page"", ""Type"": ""VIEW RELATED INFORMATION"", ""Subtype"": ""GENERAL DOCUMENTATION""}",CATALOG_REFERENCE_NOT_FETCHED,reports/2026-10-09/cmr_asf_b45/raw/collections_page_2.json
C1327985741-ASF,313,4,https://webdocs.asf.alaska.edu/Sentinel-1/Sentinel-1-User-Guide.pdf,PublicationURL,VIEW RELATED INFORMATION,USER'S GUIDE,"{""URLContentType"": ""PublicationURL"", ""Type"": ""VIEW RELATED INFORMATION"", ""Subtype"": ""USER'S GUIDE"", ""URL"": ""https://webdocs.asf.alaska.edu/Sentinel-1/Sentinel-1-User-Guide.pdf"", ""Description"": ""ASF created Sentinel-1 User Guide""}",CATALOG_REFERENCE_NOT_FETCHED,reports/2026-10-09/cmr_asf_b45/raw/collections_page_2.json
C1327985578-ASF,840,1,https://search.asf.alaska.edu/,DistributionURL,GET DATA,VERTEX,"{""Description"": ""Search and download data granules using the ASF Data Search graphical search interface Vertex."", ""URLContentType"": ""DistributionURL"", ""Type"": ""GET DATA"", ""URL"": ""https://search.asf.alaska.edu/"", ""Subtype"": ""VERTEX""}",CATALOG_REFERENCE_NOT_FETCHED,reports/2026-10-09/cmr_asf_b45/raw/collections_page_2.json
C1327985578-ASF,840,2,https://search.earthdata.nasa.gov/search/granules?p=C1327985578-ASF,DistributionURL,GET DATA,Earthdata Search,"{""URLContentType"": ""DistributionURL"", ""Description"": ""Search and download data granules using NASA Earthdata Search interface."", ""Type"": ""GET DATA"", ""Subtype"": ""Earthdata Search"", ""URL"": ""https://search.earthdata.nasa.gov/search/granules?p=C1327985578-ASF""}",CATALOG_REFERENCE_NOT_FETCHED,reports/2026-10-09/cmr_asf_b45/raw/collections_page_2.json
C1327985578-ASF,840,3,https://sentiwiki.copernicus.eu/web/sentinel-1,PublicationURL,VIEW RELATED INFORMATION,GENERAL DOCUMENTATION,"{""URLContentType"": ""PublicationURL"", ""URL"": ""https://sentiwiki.copernicus.eu/web/sentinel-1"", ""Description"": ""Copernicus Sentinel-1 mission home page"", ""Type"": ""VIEW RELATED INFORMATION"", ""Subtype"": ""GENERAL DOCUMENTATION""}",CATALOG_REFERENCE_NOT_FETCHED,reports/2026-10-09/cmr_asf_b45/raw/collections_page_2.json
C1327985578-ASF,840,4,https://webdocs.asf.alaska.edu/Sentinel-1/Sentinel-1-User-Guide.pdf,PublicationURL,VIEW RELATED INFORMATION,USER'S GUIDE,"{""URLContentType"": ""PublicationURL"", ""Type"": ""VIEW RELATED INFORMATION"", ""Subtype"": ""USER'S GUIDE"", ""URL"": ""https://webdocs.asf.alaska.edu/Sentinel-1/Sentinel-1-User-Guide.pdf"", ""Description"": ""ASF created Sentinel-1 User Guide""}",CATALOG_REFERENCE_NOT_FETCHED,reports/2026-10-09/cmr_asf_b45/raw/collections_page_2.json
C1327985646-ASF,841,1,https://search.asf.alaska.edu/,DistributionURL,GET DATA,VERTEX,"{""Description"": ""Search and download data granules using the ASF Data Search graphical search interface Vertex."", ""URLContentType"": ""DistributionURL"", ""Type"": ""GET DATA"", ""URL"": ""https://search.asf.alaska.edu/"", ""Subtype"": ""VERTEX""}",CATALOG_REFERENCE_NOT_FETCHED,reports/2026-10-09/cmr_asf_b45/raw/collections_page_2.json
C1327985646-ASF,841,2,https://search.earthdata.nasa.gov/search/granules?p=C1327985646-ASF,DistributionURL,GET DATA,Earthdata Search,"{""URLContentType"": ""DistributionURL"", ""Description"": ""Search and download data granules using NASA Earthdata Search interface."", ""Type"": ""GET DATA"", ""Subtype"": ""Earthdata Search"", ""URL"": ""https://search.earthdata.nasa.gov/search/granules?p=C1327985646-ASF""}",CATALOG_REFERENCE_NOT_FETCHED,reports/2026-10-09/cmr_asf_b45/raw/collections_page_2.json
C1327985646-ASF,841,3,https://sentiwiki.copernicus.eu/web/sentinel-1,PublicationURL,VIEW RELATED INFORMATION,GENERAL DOCUMENTATION,"{""URLContentType"": ""PublicationURL"", ""URL"": ""https://sentiwiki.copernicus.eu/web/sentinel-1"", ""Description"": ""Copernicus Sentinel-1 mission home page"", ""Type"": ""VIEW RELATED INFORMATION"", ""Subtype"": ""GENERAL DOCUMENTATION""}",CATALOG_REFERENCE_NOT_FETCHED,reports/2026-10-09/cmr_asf_b45/raw/collections_page_2.json
C1327985646-ASF,841,4,https://webdocs.asf.alaska.edu/Sentinel-1/Sentinel-1-User-Guide.pdf,PublicationURL,VIEW RELATED INFORMATION,USER'S GUIDE,"{""URLContentType"": ""PublicationURL"", ""Type"": ""VIEW RELATED INFORMATION"", ""Subtype"": ""USER'S GUIDE"", ""URL"": ""https://webdocs.asf.alaska.edu/Sentinel-1/Sentinel-1-User-Guide.pdf"", ""Description"": ""ASF created Sentinel-1 User Guide""}",CATALOG_REFERENCE_NOT_FETCHED,reports/2026-10-09/cmr_asf_b45/raw/collections_page_2.json
C1327985650-ASF,411,1,https://search.asf.alaska.edu/,DistributionURL,GET DATA,VERTEX,"{""Description"": ""Search and download data granules using the ASF Data Search graphical search interface Vertex."", ""URLContentType"": ""DistributionURL"", ""Type"": ""GET DATA"", ""URL"": ""https://search.asf.alaska.edu/"", ""Subtype"": ""VERTEX""}",CATALOG_REFERENCE_NOT_FETCHED,reports/2026-10-09/cmr_asf_b45/raw/collections_page_2.json
C1327985650-ASF,411,2,https://search.earthdata.nasa.gov/search/granules?p=C1327985650-ASF,DistributionURL,GET DATA,Earthdata Search,"{""URLContentType"": ""DistributionURL"", ""Description"": ""Search and download data granules using NASA Earthdata Search interface."", ""Type"": ""GET DATA"", ""Subtype"": ""Earthdata Search"", ""URL"": ""https://search.earthdata.nasa.gov/search/granules?p=C1327985650-ASF""}",CATALOG_REFERENCE_NOT_FETCHED,reports/2026-10-09/cmr_asf_b45/raw/collections_page_2.json
C1327985650-ASF,411,3,https://sentiwiki.copernicus.eu/web/sentinel-1,PublicationURL,VIEW RELATED INFORMATION,GENERAL DOCUMENTATION,"{""URLContentType"": ""PublicationURL"", ""URL"": ""https://sentiwiki.copernicus.eu/web/sentinel-1"", ""Description"": ""Copernicus Sentinel-1 mission home page"", ""Type"": ""VIEW RELATED INFORMATION"", ""Subtype"": ""GENERAL DOCUMENTATION""}",CATALOG_REFERENCE_NOT_FETCHED,reports/2026-10-09/cmr_asf_b45/raw/collections_page_2.json
C1327985650-ASF,411,4,https://webdocs.asf.alaska.edu/Sentinel-1/Sentinel-1-User-Guide.pdf,PublicationURL,VIEW RELATED INFORMATION,USER'S GUIDE,"{""URLContentType"": ""PublicationURL"", ""Type"": ""VIEW RELATED INFORMATION"", ""Subtype"": ""USER'S GUIDE"", ""URL"": ""https://webdocs.asf.alaska.edu/Sentinel-1/Sentinel-1-User-Guide.pdf"", ""Description"": ""ASF created Sentinel-1 User Guide""}",CATALOG_REFERENCE_NOT_FETCHED,reports/2026-10-09/cmr_asf_b45/raw/collections_page_2.json
C1327985617-ASF,888,1,https://search.asf.alaska.edu/,DistributionURL,GET DATA,VERTEX,"{""Description"": ""Search and download data granules using the ASF Data Search graphical search interface Vertex."", ""URLContentType"": ""DistributionURL"", ""Type"": ""GET DATA"", ""URL"": ""https://search.asf.alaska.edu/"", ""Subtype"": ""VERTEX""}",CATALOG_REFERENCE_NOT_FETCHED,reports/2026-10-09/cmr_asf_b45/raw/collections_page_2.json
C1327985617-ASF,888,2,https://search.earthdata.nasa.gov/search/granules?p=C1327985617-ASF,DistributionURL,GET DATA,Earthdata Search,"{""URLContentType"": ""DistributionURL"", ""Description"": ""Search and download data granules using NASA Earthdata Search interface."", ""Type"": ""GET DATA"", ""Subtype"": ""Earthdata Search"", ""URL"": ""https://search.earthdata.nasa.gov/search/granules?p=C1327985617-ASF""}",CATALOG_REFERENCE_NOT_FETCHED,reports/2026-10-09/cmr_asf_b45/raw/collections_page_2.json
C1327985617-ASF,888,3,https://sentiwiki.copernicus.eu/web/sentinel-1,PublicationURL,VIEW RELATED INFORMATION,GENERAL DOCUMENTATION,"{""URLContentType"": ""PublicationURL"", ""URL"": ""https://sentiwiki.copernicus.eu/web/sentinel-1"", ""Description"": ""Copernicus Sentinel-1 mission home page"", ""Type"": ""VIEW RELATED INFORMATION"", ""Subtype"": ""GENERAL DOCUMENTATION""}",CATALOG_REFERENCE_NOT_FETCHED,reports/2026-10-09/cmr_asf_b45/raw/collections_page_2.json
C1327985617-ASF,888,4,https://webdocs.asf.alaska.edu/Sentinel-1/Sentinel-1-User-Guide.pdf,PublicationURL,VIEW RELATED INFORMATION,USER'S GUIDE,"{""URLContentType"": ""PublicationURL"", ""Type"": ""VIEW RELATED INFORMATION"", ""Subtype"": ""USER'S GUIDE"", ""URL"": ""https://webdocs.asf.alaska.edu/Sentinel-1/Sentinel-1-User-Guide.pdf"", ""Description"": ""ASF created Sentinel-1 User Guide""}",CATALOG_REFERENCE_NOT_FETCHED,reports/2026-10-09/cmr_asf_b45/raw/collections_page_2.json
C1327985579-ASF,838,1,https://search.asf.alaska.edu/,DistributionURL,GET DATA,VERTEX,"{""Description"": ""Search and download data granules using the ASF Data Search graphical search interface Vertex."", ""URLContentType"": ""DistributionURL"", ""Type"": ""GET DATA"", ""URL"": ""https://search.asf.alaska.edu/"", ""Subtype"": ""VERTEX""}",CATALOG_REFERENCE_NOT_FETCHED,reports/2026-10-09/cmr_asf_b45/raw/collections_page_2.json
C1327985579-ASF,838,2,https://search.earthdata.nasa.gov/search/granules?p=C1327985579-ASF,DistributionURL,GET DATA,Earthdata Search,"{""URLContentType"": ""DistributionURL"", ""Description"": ""Search and download data granules using NASA Earthdata Search interface."", ""Type"": ""GET DATA"", ""Subtype"": ""Earthdata Search"", ""URL"": ""https://search.earthdata.nasa.gov/search/granules?p=C1327985579-ASF""}",CATALOG_REFERENCE_NOT_FETCHED,reports/2026-10-09/cmr_asf_b45/raw/collections_page_2.json
C1327985579-ASF,838,3,https://sentiwiki.copernicus.eu/web/sentinel-1,PublicationURL,VIEW RELATED INFORMATION,GENERAL DOCUMENTATION,"{""URLContentType"": ""PublicationURL"", ""URL"": ""https://sentiwiki.copernicus.eu/web/sentinel-1"", ""Description"": ""Copernicus Sentinel-1 mission home page"", ""Type"": ""VIEW RELATED INFORMATION"", ""Subtype"": ""GENERAL DOCUMENTATION""}",CATALOG_REFERENCE_NOT_FETCHED,reports/2026-10-09/cmr_asf_b45/raw/collections_page_2.json
C1327985579-ASF,838,4,https://webdocs.asf.alaska.edu/Sentinel-1/Sentinel-1-User-Guide.pdf,PublicationURL,VIEW RELATED INFORMATION,USER'S GUIDE,"{""URLContentType"": ""PublicationURL"", ""Type"": ""VIEW RELATED INFORMATION"", ""Subtype"": ""USER'S GUIDE"", ""URL"": ""https://webdocs.asf.alaska.edu/Sentinel-1/Sentinel-1-User-Guide.pdf"", ""Description"": ""ASF created Sentinel-1 User Guide""}",CATALOG_REFERENCE_NOT_FETCHED,reports/2026-10-09/cmr_asf_b45/raw/collections_page_2.json
C1327985647-ASF,881,1,https://search.asf.alaska.edu/,DistributionURL,GET DATA,VERTEX,"{""Description"": ""Search and download data granules using the ASF Data Search graphical search interface Vertex."", ""URLContentType"": ""DistributionURL"", ""Type"": ""GET DATA"", ""URL"": ""https://search.asf.alaska.edu/"", ""Subtype"": ""VERTEX""}",CATALOG_REFERENCE_NOT_FETCHED,reports/2026-10-09/cmr_asf_b45/raw/collections_page_2.json
C1327985647-ASF,881,2,https://search.earthdata.nasa.gov/search/granules?p=C1327985647-ASF,DistributionURL,GET DATA,Earthdata Search,"{""URLContentType"": ""DistributionURL"", ""Description"": ""Search and download data granules using NASA Earthdata Search interface."", ""Type"": ""GET DATA"", ""Subtype"": ""Earthdata Search"", ""URL"": ""https://search.earthdata.nasa.gov/search/granules?p=C1327985647-ASF""}",CATALOG_REFERENCE_NOT_FETCHED,reports/2026-10-09/cmr_asf_b45/raw/collections_page_2.json
C1327985647-ASF,881,3,https://sentiwiki.copernicus.eu/web/sentinel-1,PublicationURL,VIEW RELATED INFORMATION,GENERAL DOCUMENTATION,"{""URLContentType"": ""PublicationURL"", ""URL"": ""https://sentiwiki.copernicus.eu/web/sentinel-1"", ""Description"": ""Copernicus Sentinel-1 mission home page"", ""Type"": ""VIEW RELATED INFORMATION"", ""Subtype"": ""GENERAL DOCUMENTATION""}",CATALOG_REFERENCE_NOT_FETCHED,reports/2026-10-09/cmr_asf_b45/raw/collections_page_2.json
C1327985647-ASF,881,4,https://webdocs.asf.alaska.edu/Sentinel-1/Sentinel-1-User-Guide.pdf,PublicationURL,VIEW RELATED INFORMATION,USER'S GUIDE,"{""URLContentType"": ""PublicationURL"", ""Type"": ""VIEW RELATED INFORMATION"", ""Subtype"": ""USER'S GUIDE"", ""URL"": ""https://webdocs.asf.alaska.edu/Sentinel-1/Sentinel-1-User-Guide.pdf"", ""Description"": ""ASF created Sentinel-1 User Guide""}",CATALOG_REFERENCE_NOT_FETCHED,reports/2026-10-09/cmr_asf_b45/raw/collections_page_2.json
C1327985571-ASF,836,1,https://search.asf.alaska.edu/,DistributionURL,GET DATA,VERTEX,"{""Description"": ""Search and download data granules using the ASF Data Search graphical search interface Vertex."", ""URLContentType"": ""DistributionURL"", ""Type"": ""GET DATA"", ""URL"": ""https://search.asf.alaska.edu/"", ""Subtype"": ""VERTEX""}",CATALOG_REFERENCE_NOT_FETCHED,reports/2026-10-09/cmr_asf_b45/raw/collections_page_2.json
C1327985571-ASF,836,2,https://search.earthdata.nasa.gov/search/granules?p=C1327985571-ASF,DistributionURL,GET DATA,Earthdata Search,"{""URLContentType"": ""DistributionURL"", ""Description"": ""Search and download data granules using NASA Earthdata Search interface."", ""Type"": ""GET DATA"", ""Subtype"": ""Earthdata Search"", ""URL"": ""https://search.earthdata.nasa.gov/search/granules?p=C1327985571-ASF""}",CATALOG_REFERENCE_NOT_FETCHED,reports/2026-10-09/cmr_asf_b45/raw/collections_page_2.json
C1327985571-ASF,836,3,https://sentiwiki.copernicus.eu/web/sentinel-1,PublicationURL,VIEW RELATED INFORMATION,GENERAL DOCUMENTATION,"{""URLContentType"": ""PublicationURL"", ""URL"": ""https://sentiwiki.copernicus.eu/web/sentinel-1"", ""Description"": ""Copernicus Sentinel-1 mission home page"", ""Type"": ""VIEW RELATED INFORMATION"", ""Subtype"": ""GENERAL DOCUMENTATION""}",CATALOG_REFERENCE_NOT_FETCHED,reports/2026-10-09/cmr_asf_b45/raw/collections_page_2.json
C1327985571-ASF,836,4,https://webdocs.asf.alaska.edu/Sentinel-1/Sentinel-1-User-Guide.pdf,PublicationURL,VIEW RELATED INFORMATION,USER'S GUIDE,"{""URLContentType"": ""PublicationURL"", ""Type"": ""VIEW RELATED INFORMATION"", ""Subtype"": ""USER'S GUIDE"", ""URL"": ""https://webdocs.asf.alaska.edu/Sentinel-1/Sentinel-1-User-Guide.pdf"", ""Description"": ""ASF created Sentinel-1 User Guide""}",CATALOG_REFERENCE_NOT_FETCHED,reports/2026-10-09/cmr_asf_b45/raw/collections_page_2.json
C1327985740-ASF,391,1,https://search.asf.alaska.edu/,DistributionURL,GET DATA,VERTEX,"{""Description"": ""Search and download data granules using the ASF Data Search graphical search interface Vertex."", ""URLContentType"": ""DistributionURL"", ""Type"": ""GET DATA"", ""URL"": ""https://search.asf.alaska.edu/"", ""Subtype"": ""VERTEX""}",CATALOG_REFERENCE_NOT_FETCHED,reports/2026-10-09/cmr_asf_b45/raw/collections_page_2.json
C1327985740-ASF,391,2,https://search.earthdata.nasa.gov/search/granules?p=C1327985740-ASF,DistributionURL,GET DATA,Earthdata Search,"{""URLContentType"": ""DistributionURL"", ""Description"": ""Search and download data granules using NASA Earthdata Search interface."", ""Type"": ""GET DATA"", ""Subtype"": ""Earthdata Search"", ""URL"": ""https://search.earthdata.nasa.gov/search/granules?p=C1327985740-ASF""}",CATALOG_REFERENCE_NOT_FETCHED,reports/2026-10-09/cmr_asf_b45/raw/collections_page_2.json
C1327985740-ASF,391,3,https://sentiwiki.copernicus.eu/web/sentinel-1,PublicationURL,VIEW RELATED INFORMATION,GENERAL DOCUMENTATION,"{""URLContentType"": ""PublicationURL"", ""URL"": ""https://sentiwiki.copernicus.eu/web/sentinel-1"", ""Description"": ""Copernicus Sentinel-1 mission home page"", ""Type"": ""VIEW RELATED INFORMATION"", ""Subtype"": ""GENERAL DOCUMENTATION""}",CATALOG_REFERENCE_NOT_FETCHED,reports/2026-10-09/cmr_asf_b45/raw/collections_page_2.json
C1327985740-ASF,391,4,https://webdocs.asf.alaska.edu/Sentinel-1/Sentinel-1-User-Guide.pdf,PublicationURL,VIEW RELATED INFORMATION,USER'S GUIDE,"{""URLContentType"": ""PublicationURL"", ""Type"": ""VIEW RELATED INFORMATION"", ""Subtype"": ""USER'S GUIDE"", ""URL"": ""https://webdocs.asf.alaska.edu/Sentinel-1/Sentinel-1-User-Guide.pdf"", ""Description"": ""ASF created Sentinel-1 User Guide""}",CATALOG_REFERENCE_NOT_FETCHED,reports/2026-10-09/cmr_asf_b45/raw/collections_page_2.json
C1327985619-ASF,834,1,https://search.asf.alaska.edu/,DistributionURL,GET DATA,VERTEX,"{""Description"": ""Search and download data granules using the ASF Data Search graphical search interface Vertex."", ""URLContentType"": ""DistributionURL"", ""Type"": ""GET DATA"", ""URL"": ""https://search.asf.alaska.edu/"", ""Subtype"": ""VERTEX""}",CATALOG_REFERENCE_NOT_FETCHED,reports/2026-10-09/cmr_asf_b45/raw/collections_page_2.json
C1327985619-ASF,834,2,https://search.earthdata.nasa.gov/search/granules?p=C1327985619-ASF,DistributionURL,GET DATA,Earthdata Search,"{""URLContentType"": ""DistributionURL"", ""Description"": ""Search and download data granules using NASA Earthdata Search interface."", ""Type"": ""GET DATA"", ""Subtype"": ""Earthdata Search"", ""URL"": ""https://search.earthdata.nasa.gov/search/granules?p=C1327985619-ASF""}",CATALOG_REFERENCE_NOT_FETCHED,reports/2026-10-09/cmr_asf_b45/raw/collections_page_2.json
C1327985619-ASF,834,3,https://sentiwiki.copernicus.eu/web/sentinel-1,PublicationURL,VIEW RELATED INFORMATION,GENERAL DOCUMENTATION,"{""URLContentType"": ""PublicationURL"", ""URL"": ""https://sentiwiki.copernicus.eu/web/sentinel-1"", ""Description"": ""Copernicus Sentinel-1 mission home page"", ""Type"": ""VIEW RELATED INFORMATION"", ""Subtype"": ""GENERAL DOCUMENTATION""}",CATALOG_REFERENCE_NOT_FETCHED,reports/2026-10-09/cmr_asf_b45/raw/collections_page_2.json
C1327985619-ASF,834,4,https://webdocs.asf.alaska.edu/Sentinel-1/Sentinel-1-User-Guide.pdf,PublicationURL,VIEW RELATED INFORMATION,USER'S GUIDE,"{""URLContentType"": ""PublicationURL"", ""Type"": ""VIEW RELATED INFORMATION"", ""Subtype"": ""USER'S GUIDE"", ""URL"": ""https://webdocs.asf.alaska.edu/Sentinel-1/Sentinel-1-User-Guide.pdf"", ""Description"": ""ASF created Sentinel-1 User Guide""}",CATALOG_REFERENCE_NOT_FETCHED,reports/2026-10-09/cmr_asf_b45/raw/collections_page_2.json
C1327985739-ASF,809,1,https://search.asf.alaska.edu/,DistributionURL,GET DATA,VERTEX,"{""Description"": ""Search and download data granules using the ASF Data Search graphical search interface Vertex."", ""URLContentType"": ""DistributionURL"", ""Type"": ""GET DATA"", ""URL"": ""https://search.asf.alaska.edu/"", ""Subtype"": ""VERTEX""}",CATALOG_REFERENCE_NOT_FETCHED,reports/2026-10-09/cmr_asf_b45/raw/collections_page_2.json
C1327985739-ASF,809,2,https://search.earthdata.nasa.gov/search/granules?p=C1327985739-ASF,DistributionURL,GET DATA,Earthdata Search,"{""URLContentType"": ""DistributionURL"", ""Description"": ""Search and download data granules using NASA Earthdata Search interface."", ""Type"": ""GET DATA"", ""Subtype"": ""Earthdata Search"", ""URL"": ""https://search.earthdata.nasa.gov/search/granules?p=C1327985739-ASF""}",CATALOG_REFERENCE_NOT_FETCHED,reports/2026-10-09/cmr_asf_b45/raw/collections_page_2.json
C1327985739-ASF,809,3,https://sentiwiki.copernicus.eu/web/sentinel-1,PublicationURL,VIEW RELATED INFORMATION,GENERAL DOCUMENTATION,"{""URLContentType"": ""PublicationURL"", ""URL"": ""https://sentiwiki.copernicus.eu/web/sentinel-1"", ""Description"": ""Copernicus Sentinel-1 mission home page"", ""Type"": ""VIEW RELATED INFORMATION"", ""Subtype"": ""GENERAL DOCUMENTATION""}",CATALOG_REFERENCE_NOT_FETCHED,reports/2026-10-09/cmr_asf_b45/raw/collections_page_2.json
C1327985739-ASF,809,4,https://webdocs.asf.alaska.edu/Sentinel-1/Sentinel-1-User-Guide.pdf,PublicationURL,VIEW RELATED INFORMATION,USER'S GUIDE,"{""URLContentType"": ""PublicationURL"", ""Type"": ""VIEW RELATED INFORMATION"", ""Subtype"": ""USER'S GUIDE"", ""URL"": ""https://webdocs.asf.alaska.edu/Sentinel-1/Sentinel-1-User-Guide.pdf"", ""Description"": ""ASF created Sentinel-1 User Guide""}",CATALOG_REFERENCE_NOT_FETCHED,reports/2026-10-09/cmr_asf_b45/raw/collections_page_2.json
C3486566209-ASF,4,1,https://search.asf.alaska.edu/,DistributionURL,GET DATA,VERTEX,"{""Description"": ""ASF data search and download interface"", ""URLContentType"": ""DistributionURL"", ""Type"": ""GET DATA"", ""URL"": ""https://search.asf.alaska.edu/"", ""Subtype"": ""VERTEX""}",CATALOG_REFERENCE_NOT_FETCHED,reports/2026-10-09/cmr_asf_b45/raw/collections_page_2.json
C3486566209-ASF,4,2,https://search.earthdata.nasa.gov/search/granules?p=C3486566209-ASF,DistributionURL,GET DATA,Earthdata Search,"{""URLContentType"": ""DistributionURL"", ""Description"": ""Earthdata Search"", ""Type"": ""GET DATA"", ""Subtype"": ""Earthdata Search"", ""URL"": ""https://search.earthdata.nasa.gov/search/granules?p=C3486566209-ASF""}",CATALOG_REFERENCE_NOT_FETCHED,reports/2026-10-09/cmr_asf_b45/raw/collections_page_2.json
C3486566209-ASF,4,3,https://sentiwiki.copernicus.eu/web/sentinel-1,PublicationURL,VIEW RELATED INFORMATION,GENERAL DOCUMENTATION,"{""URLContentType"": ""PublicationURL"", ""URL"": ""https://sentiwiki.copernicus.eu/web/sentinel-1"", ""Description"": ""Copernicus Sentinel-1 mission home page"", ""Type"": ""VIEW RELATED INFORMATION"", ""Subtype"": ""GENERAL DOCUMENTATION""}",CATALOG_REFERENCE_NOT_FETCHED,reports/2026-10-09/cmr_asf_b45/raw/collections_page_2.json
C3486566209-ASF,4,4,https://webdocs.asf.alaska.edu/Sentinel-1/Sentinel-1-User-Guide.pdf,PublicationURL,VIEW RELATED INFORMATION,USER'S GUIDE,"{""URLContentType"": ""PublicationURL"", ""Type"": ""VIEW RELATED INFORMATION"", ""Subtype"": ""USER'S GUIDE"", ""URL"": ""https://webdocs.asf.alaska.edu/Sentinel-1/Sentinel-1-User-Guide.pdf"", ""Description"": ""ASF created Sentinel-1 User Guide""}",CATALOG_REFERENCE_NOT_FETCHED,reports/2026-10-09/cmr_asf_b45/raw/collections_page_2.json
C3486605959-ASF,4,1,https://search.asf.alaska.edu/,DistributionURL,GET DATA,VERTEX,"{""Description"": ""ASF data search and download interface"", ""URLContentType"": ""DistributionURL"", ""Type"": ""GET DATA"", ""URL"": ""https://search.asf.alaska.edu/"", ""Subtype"": ""VERTEX""}",CATALOG_REFERENCE_NOT_FETCHED,reports/2026-10-09/cmr_asf_b45/raw/collections_page_2.json
C3486605959-ASF,4,2,https://search.earthdata.nasa.gov/search/granules?p=C3486605959-ASF,DistributionURL,GET DATA,Earthdata Search,"{""URLContentType"": ""DistributionURL"", ""Description"": ""Earthdata Search"", ""Type"": ""GET DATA"", ""Subtype"": ""Earthdata Search"", ""URL"": ""https://search.earthdata.nasa.gov/search/granules?p=C3486605959-ASF""}",CATALOG_REFERENCE_NOT_FETCHED,reports/2026-10-09/cmr_asf_b45/raw/collections_page_2.json
C3486605959-ASF,4,3,https://sentiwiki.copernicus.eu/web/sentinel-1,PublicationURL,VIEW RELATED INFORMATION,GENERAL DOCUMENTATION,"{""URLContentType"": ""PublicationURL"", ""URL"": ""https://sentiwiki.copernicus.eu/web/sentinel-1"", ""Description"": ""Copernicus Sentinel-1 mission home page"", ""Type"": ""VIEW RELATED INFORMATION"", ""Subtype"": ""GENERAL DOCUMENTATION""}",CATALOG_REFERENCE_NOT_FETCHED,reports/2026-10-09/cmr_asf_b45/raw/collections_page_2.json
C3486605959-ASF,4,4,https://webdocs.asf.alaska.edu/Sentinel-1/Sentinel-1-User-Guide.pdf,PublicationURL,VIEW RELATED INFORMATION,USER'S GUIDE,"{""URLContentType"": ""PublicationURL"", ""Type"": ""VIEW RELATED INFORMATION"", ""Subtype"": ""USER'S GUIDE"", ""URL"": ""https://webdocs.asf.alaska.edu/Sentinel-1/Sentinel-1-User-Guide.pdf"", ""Description"": ""ASF created Sentinel-1 User Guide""}",CATALOG_REFERENCE_NOT_FETCHED,reports/2026-10-09/cmr_asf_b45/raw/collections_page_2.json
C3486580531-ASF,4,1,https://search.asf.alaska.edu/,DistributionURL,GET DATA,VERTEX,"{""Description"": ""ASF data search and download interface"", ""URLContentType"": ""DistributionURL"", ""Type"": ""GET DATA"", ""URL"": ""https://search.asf.alaska.edu/"", ""Subtype"": ""VERTEX""}",CATALOG_REFERENCE_NOT_FETCHED,reports/2026-10-09/cmr_asf_b45/raw/collections_page_2.json
C3486580531-ASF,4,2,https://search.earthdata.nasa.gov/search/granules?p=C3486580531-ASF,DistributionURL,GET DATA,Earthdata Search,"{""URLContentType"": ""DistributionURL"", ""Description"": ""Earthdata Search"", ""Type"": ""GET DATA"", ""Subtype"": ""Earthdata Search"", ""URL"": ""https://search.earthdata.nasa.gov/search/granules?p=C3486580531-ASF""}",CATALOG_REFERENCE_NOT_FETCHED,reports/2026-10-09/cmr_asf_b45/raw/collections_page_2.json
C3486580531-ASF,4,3,https://sentiwiki.copernicus.eu/web/sentinel-1,PublicationURL,VIEW RELATED INFORMATION,GENERAL DOCUMENTATION,"{""URLContentType"": ""PublicationURL"", ""URL"": ""https://sentiwiki.copernicus.eu/web/sentinel-1"", ""Description"": ""Copernicus Sentinel-1 mission home page"", ""Type"": ""VIEW RELATED INFORMATION"", ""Subtype"": ""GENERAL DOCUMENTATION""}",CATALOG_REFERENCE_NOT_FETCHED,reports/2026-10-09/cmr_asf_b45/raw/collections_page_2.json
C3486580531-ASF,4,4,https://webdocs.asf.alaska.edu/Sentinel-1/Sentinel-1-User-Guide.pdf,PublicationURL,VIEW RELATED INFORMATION,USER'S GUIDE,"{""URLContentType"": ""PublicationURL"", ""Type"": ""VIEW RELATED INFORMATION"", ""Subtype"": ""USER'S GUIDE"", ""URL"": ""https://webdocs.asf.alaska.edu/Sentinel-1/Sentinel-1-User-Guide.pdf"", ""Description"": ""ASF created Sentinel-1 User Guide""}",CATALOG_REFERENCE_NOT_FETCHED,reports/2026-10-09/cmr_asf_b45/raw/collections_page_2.json
C3486580531-ASF,4,5,https://webdocs.asf.alaska.edu/Sentinel-1/ASF_SAR_Sentinel-1_product_specification_v1.1.pdf,PublicationURL,VIEW RELATED INFORMATION,DATA PRODUCT SPECIFICATION,"{""URL"": ""https://webdocs.asf.alaska.edu/Sentinel-1/ASF_SAR_Sentinel-1_product_specification_v1.1.pdf"", ""URLContentType"": ""PublicationURL"", ""Type"": ""VIEW RELATED INFORMATION"", ""Subtype"": ""DATA PRODUCT SPECIFICATION"", ""Description"": ""Product format specification for the ISO compliant XML""}",CATALOG_REFERENCE_NOT_FETCHED,reports/2026-10-09/cmr_asf_b45/raw/collections_page_2.json
C3486616327-ASF,5,1,https://search.asf.alaska.edu/,DistributionURL,GET DATA,VERTEX,"{""Description"": ""ASF data search and download interface"", ""URLContentType"": ""DistributionURL"", ""Type"": ""GET DATA"", ""URL"": ""https://search.asf.alaska.edu/"", ""Subtype"": ""VERTEX""}",CATALOG_REFERENCE_NOT_FETCHED,reports/2026-10-09/cmr_asf_b45/raw/collections_page_3.json
C3486616327-ASF,5,2,https://search.earthdata.nasa.gov/search/granules?p=C3486616327-ASF,DistributionURL,GET DATA,Earthdata Search,"{""URLContentType"": ""DistributionURL"", ""Description"": ""Earthdata Search"", ""Type"": ""GET DATA"", ""Subtype"": ""Earthdata Search"", ""URL"": ""https://search.earthdata.nasa.gov/search/granules?p=C3486616327-ASF""}",CATALOG_REFERENCE_NOT_FETCHED,reports/2026-10-09/cmr_asf_b45/raw/collections_page_3.json
C3486616327-ASF,5,3,https://sentiwiki.copernicus.eu/web/sentinel-1,PublicationURL,VIEW RELATED INFORMATION,GENERAL DOCUMENTATION,"{""URLContentType"": ""PublicationURL"", ""URL"": ""https://sentiwiki.copernicus.eu/web/sentinel-1"", ""Description"": ""Copernicus Sentinel-1 mission home page"", ""Type"": ""VIEW RELATED INFORMATION"", ""Subtype"": ""GENERAL DOCUMENTATION""}",CATALOG_REFERENCE_NOT_FETCHED,reports/2026-10-09/cmr_asf_b45/raw/collections_page_3.json
C3486616327-ASF,5,4,https://webdocs.asf.alaska.edu/Sentinel-1/Sentinel-1-User-Guide.pdf,PublicationURL,VIEW RELATED INFORMATION,USER'S GUIDE,"{""URLContentType"": ""PublicationURL"", ""Type"": ""VIEW RELATED INFORMATION"", ""Subtype"": ""USER'S GUIDE"", ""URL"": ""https://webdocs.asf.alaska.edu/Sentinel-1/Sentinel-1-User-Guide.pdf"", ""Description"": ""ASF created Sentinel-1 User Guide""}",CATALOG_REFERENCE_NOT_FETCHED,reports/2026-10-09/cmr_asf_b45/raw/collections_page_3.json
C3486616327-ASF,5,5,https://webdocs.asf.alaska.edu/Sentinel-1/ASF_SAR_Sentinel-1_product_specification_v1.1.pdf,PublicationURL,VIEW RELATED INFORMATION,DATA PRODUCT SPECIFICATION,"{""URL"": ""https://webdocs.asf.alaska.edu/Sentinel-1/ASF_SAR_Sentinel-1_product_specification_v1.1.pdf"", ""URLContentType"": ""PublicationURL"", ""Type"": ""VIEW RELATED INFORMATION"", ""Subtype"": ""DATA PRODUCT SPECIFICATION"", ""Description"": ""Product format specification for the ISO compliant XML""}",CATALOG_REFERENCE_NOT_FETCHED,reports/2026-10-09/cmr_asf_b45/raw/collections_page_3.json
C3484670556-ASF,4,1,https://search.asf.alaska.edu/,DistributionURL,GET DATA,VERTEX,"{""Description"": ""ASF data search and download interface"", ""URLContentType"": ""DistributionURL"", ""Type"": ""GET DATA"", ""URL"": ""https://search.asf.alaska.edu/"", ""Subtype"": ""VERTEX""}",CATALOG_REFERENCE_NOT_FETCHED,reports/2026-10-09/cmr_asf_b45/raw/collections_page_3.json
C3484670556-ASF,4,2,https://search.earthdata.nasa.gov/search/granules?p=C3484670556-ASF,DistributionURL,GET DATA,Earthdata Search,"{""URLContentType"": ""DistributionURL"", ""Description"": ""Earthdata Search"", ""Type"": ""GET DATA"", ""Subtype"": ""Earthdata Search"", ""URL"": ""https://search.earthdata.nasa.gov/search/granules?p=C3484670556-ASF""}",CATALOG_REFERENCE_NOT_FETCHED,reports/2026-10-09/cmr_asf_b45/raw/collections_page_3.json
C3484670556-ASF,4,3,https://sentiwiki.copernicus.eu/web/sentinel-1,PublicationURL,VIEW RELATED INFORMATION,GENERAL DOCUMENTATION,"{""URLContentType"": ""PublicationURL"", ""URL"": ""https://sentiwiki.copernicus.eu/web/sentinel-1"", ""Description"": ""Copernicus Sentinel-1 mission home page"", ""Type"": ""VIEW RELATED INFORMATION"", ""Subtype"": ""GENERAL DOCUMENTATION""}",CATALOG_REFERENCE_NOT_FETCHED,reports/2026-10-09/cmr_asf_b45/raw/collections_page_3.json
C3484670556-ASF,4,4,https://webdocs.asf.alaska.edu/Sentinel-1/Sentinel-1-User-Guide.pdf,PublicationURL,VIEW RELATED INFORMATION,USER'S GUIDE,"{""URLContentType"": ""PublicationURL"", ""Type"": ""VIEW RELATED INFORMATION"", ""Subtype"": ""USER'S GUIDE"", ""URL"": ""https://webdocs.asf.alaska.edu/Sentinel-1/Sentinel-1-User-Guide.pdf"", ""Description"": ""ASF created Sentinel-1 User Guide""}",CATALOG_REFERENCE_NOT_FETCHED,reports/2026-10-09/cmr_asf_b45/raw/collections_page_3.json
C3484670556-ASF,4,5,https://webdocs.asf.alaska.edu/Sentinel-1/ASF_SAR_Sentinel-1_product_specification_v1.1.pdf,PublicationURL,VIEW RELATED INFORMATION,DATA PRODUCT SPECIFICATION,"{""URL"": ""https://webdocs.asf.alaska.edu/Sentinel-1/ASF_SAR_Sentinel-1_product_specification_v1.1.pdf"", ""URLContentType"": ""PublicationURL"", ""Type"": ""VIEW RELATED INFORMATION"", ""Subtype"": ""DATA PRODUCT SPECIFICATION"", ""Description"": ""Product format specification for the ISO compliant XML""}",CATALOG_REFERENCE_NOT_FETCHED,reports/2026-10-09/cmr_asf_b45/raw/collections_page_3.json
C3486527075-ASF,4,1,https://search.asf.alaska.edu/,DistributionURL,GET DATA,VERTEX,"{""Description"": ""ASF data search and download interface"", ""URLContentType"": ""DistributionURL"", ""Type"": ""GET DATA"", ""URL"": ""https://search.asf.alaska.edu/"", ""Subtype"": ""VERTEX""}",CATALOG_REFERENCE_NOT_FETCHED,reports/2026-10-09/cmr_asf_b45/raw/collections_page_3.json
C3486527075-ASF,4,2,https://search.earthdata.nasa.gov/search/granules?p=C3484561061-ASF,DistributionURL,GET DATA,Earthdata Search,"{""URLContentType"": ""DistributionURL"", ""Description"": ""Earthdata Search"", ""Type"": ""GET DATA"", ""Subtype"": ""Earthdata Search"", ""URL"": ""https://search.earthdata.nasa.gov/search/granules?p=C3484561061-ASF""}",CATALOG_REFERENCE_NOT_FETCHED,reports/2026-10-09/cmr_asf_b45/raw/collections_page_3.json
C3486527075-ASF,4,3,https://sentiwiki.copernicus.eu/web/sentinel-1,PublicationURL,VIEW RELATED INFORMATION,GENERAL DOCUMENTATION,"{""URLContentType"": ""PublicationURL"", ""URL"": ""https://sentiwiki.copernicus.eu/web/sentinel-1"", ""Description"": ""Copernicus Sentinel-1 mission home page"", ""Type"": ""VIEW RELATED INFORMATION"", ""Subtype"": ""GENERAL DOCUMENTATION""}",CATALOG_REFERENCE_NOT_FETCHED,reports/2026-10-09/cmr_asf_b45/raw/collections_page_3.json
C3486527075-ASF,4,4,https://webdocs.asf.alaska.edu/Sentinel-1/Sentinel-1-User-Guide.pdf,PublicationURL,VIEW RELATED INFORMATION,USER'S GUIDE,"{""URLContentType"": ""PublicationURL"", ""Type"": ""VIEW RELATED INFORMATION"", ""Subtype"": ""USER'S GUIDE"", ""URL"": ""https://webdocs.asf.alaska.edu/Sentinel-1/Sentinel-1-User-Guide.pdf"", ""Description"": ""ASF created Sentinel-1 User Guide""}",CATALOG_REFERENCE_NOT_FETCHED,reports/2026-10-09/cmr_asf_b45/raw/collections_page_3.json
C3486527075-ASF,4,5,https://webdocs.asf.alaska.edu/Sentinel-1/ASF_SAR_Sentinel-1_product_specification_v1.1.pdf,PublicationURL,VIEW RELATED INFORMATION,DATA PRODUCT SPECIFICATION,"{""URL"": ""https://webdocs.asf.alaska.edu/Sentinel-1/ASF_SAR_Sentinel-1_product_specification_v1.1.pdf"", ""URLContentType"": ""PublicationURL"", ""Type"": ""VIEW RELATED INFORMATION"", ""Subtype"": ""DATA PRODUCT SPECIFICATION"", ""Description"": ""Product format specification for the ISO compliant XML""}",CATALOG_REFERENCE_NOT_FETCHED,reports/2026-10-09/cmr_asf_b45/raw/collections_page_3.json
C3484561061-ASF,7,1,https://search.asf.alaska.edu/,DistributionURL,GET DATA,VERTEX,"{""Description"": ""ASF data search and download interface"", ""URLContentType"": ""DistributionURL"", ""Type"": ""GET DATA"", ""URL"": ""https://search.asf.alaska.edu/"", ""Subtype"": ""VERTEX""}",CATALOG_REFERENCE_NOT_FETCHED,reports/2026-10-09/cmr_asf_b45/raw/collections_page_3.json
C3484561061-ASF,7,2,https://search.earthdata.nasa.gov/search/granules?p=C3484561061-ASF,DistributionURL,GET DATA,Earthdata Search,"{""URLContentType"": ""DistributionURL"", ""Description"": ""Earthdata Search"", ""Type"": ""GET DATA"", ""Subtype"": ""Earthdata Search"", ""URL"": ""https://search.earthdata.nasa.gov/search/granules?p=C3484561061-ASF""}",CATALOG_REFERENCE_NOT_FETCHED,reports/2026-10-09/cmr_asf_b45/raw/collections_page_3.json
C3484561061-ASF,7,3,https://sentiwiki.copernicus.eu/web/sentinel-1,PublicationURL,VIEW RELATED INFORMATION,GENERAL DOCUMENTATION,"{""URLContentType"": ""PublicationURL"", ""URL"": ""https://sentiwiki.copernicus.eu/web/sentinel-1"", ""Description"": ""Copernicus Sentinel-1 mission home page"", ""Type"": ""VIEW RELATED INFORMATION"", ""Subtype"": ""GENERAL DOCUMENTATION""}",CATALOG_REFERENCE_NOT_FETCHED,reports/2026-10-09/cmr_asf_b45/raw/collections_page_3.json
C3484561061-ASF,7,4,https://webdocs.asf.alaska.edu/Sentinel-1/Sentinel-1-User-Guide.pdf,PublicationURL,VIEW RELATED INFORMATION,USER'S GUIDE,"{""URLContentType"": ""PublicationURL"", ""Type"": ""VIEW RELATED INFORMATION"", ""Subtype"": ""USER'S GUIDE"", ""URL"": ""https://webdocs.asf.alaska.edu/Sentinel-1/Sentinel-1-User-Guide.pdf"", ""Description"": ""ASF created Sentinel-1 User Guide""}",CATALOG_REFERENCE_NOT_FETCHED,reports/2026-10-09/cmr_asf_b45/raw/collections_page_3.json
C3484561061-ASF,7,5,https://webdocs.asf.alaska.edu/Sentinel-1/ASF_SAR_Sentinel-1_product_specification_v1.1.pdf,PublicationURL,VIEW RELATED INFORMATION,DATA PRODUCT SPECIFICATION,"{""URL"": ""https://webdocs.asf.alaska.edu/Sentinel-1/ASF_SAR_Sentinel-1_product_specification_v1.1.pdf"", ""URLContentType"": ""PublicationURL"", ""Type"": ""VIEW RELATED INFORMATION"", ""Subtype"": ""DATA PRODUCT SPECIFICATION"", ""Description"": ""Product format specification for the ISO compliant XML""}",CATALOG_REFERENCE_NOT_FETCHED,reports/2026-10-09/cmr_asf_b45/raw/collections_page_3.json
C3484661603-ASF,5,1,https://search.asf.alaska.edu/,DistributionURL,GET DATA,VERTEX,"{""Description"": ""ASF data search and download interface"", ""URLContentType"": ""DistributionURL"", ""Type"": ""GET DATA"", ""URL"": ""https://search.asf.alaska.edu/"", ""Subtype"": ""VERTEX""}",CATALOG_REFERENCE_NOT_FETCHED,reports/2026-10-09/cmr_asf_b45/raw/collections_page_3.json
C3484661603-ASF,5,2,https://search.earthdata.nasa.gov/search/granules?p=C3484661603-ASF,DistributionURL,GET DATA,Earthdata Search,"{""URLContentType"": ""DistributionURL"", ""Description"": ""Earthdata Search"", ""Type"": ""GET DATA"", ""Subtype"": ""Earthdata Search"", ""URL"": ""https://search.earthdata.nasa.gov/search/granules?p=C3484661603-ASF""}",CATALOG_REFERENCE_NOT_FETCHED,reports/2026-10-09/cmr_asf_b45/raw/collections_page_3.json
C3484661603-ASF,5,3,https://sentiwiki.copernicus.eu/web/sentinel-1,PublicationURL,VIEW RELATED INFORMATION,GENERAL DOCUMENTATION,"{""URLContentType"": ""PublicationURL"", ""URL"": ""https://sentiwiki.copernicus.eu/web/sentinel-1"", ""Description"": ""Copernicus Sentinel-1 mission home page"", ""Type"": ""VIEW RELATED INFORMATION"", ""Subtype"": ""GENERAL DOCUMENTATION""}",CATALOG_REFERENCE_NOT_FETCHED,reports/2026-10-09/cmr_asf_b45/raw/collections_page_3.json
C3484661603-ASF,5,4,https://webdocs.asf.alaska.edu/Sentinel-1/Sentinel-1-User-Guide.pdf,PublicationURL,VIEW RELATED INFORMATION,USER'S GUIDE,"{""URLContentType"": ""PublicationURL"", ""Type"": ""VIEW RELATED INFORMATION"", ""Subtype"": ""USER'S GUIDE"", ""URL"": ""https://webdocs.asf.alaska.edu/Sentinel-1/Sentinel-1-User-Guide.pdf"", ""Description"": ""ASF created Sentinel-1 User Guide""}",CATALOG_REFERENCE_NOT_FETCHED,reports/2026-10-09/cmr_asf_b45/raw/collections_page_3.json
C3488402208-ASF,5,1,https://search.asf.alaska.edu/,DistributionURL,GET DATA,VERTEX,"{""Description"": ""ASF data search and download interface"", ""URLContentType"": ""DistributionURL"", ""Type"": ""GET DATA"", ""URL"": ""https://search.asf.alaska.edu/"", ""Subtype"": ""VERTEX""}",CATALOG_REFERENCE_NOT_FETCHED,reports/2026-10-09/cmr_asf_b45/raw/collections_page_3.json
C3488402208-ASF,5,2,https://search.earthdata.nasa.gov/search/granules?p=C3488402208-ASF,DistributionURL,GET DATA,Earthdata Search,"{""URLContentType"": ""DistributionURL"", ""Description"": ""Earthdata Search"", ""Type"": ""GET DATA"", ""Subtype"": ""Earthdata Search"", ""URL"": ""https://search.earthdata.nasa.gov/search/granules?p=C3488402208-ASF""}",CATALOG_REFERENCE_NOT_FETCHED,reports/2026-10-09/cmr_asf_b45/raw/collections_page_3.json
C3488402208-ASF,5,3,https://sentiwiki.copernicus.eu/web/sentinel-1,PublicationURL,VIEW RELATED INFORMATION,GENERAL DOCUMENTATION,"{""URLContentType"": ""PublicationURL"", ""URL"": ""https://sentiwiki.copernicus.eu/web/sentinel-1"", ""Description"": ""Copernicus Sentinel-1 mission home page"", ""Type"": ""VIEW RELATED INFORMATION"", ""Subtype"": ""GENERAL DOCUMENTATION""}",CATALOG_REFERENCE_NOT_FETCHED,reports/2026-10-09/cmr_asf_b45/raw/collections_page_3.json
C3488402208-ASF,5,4,https://webdocs.asf.alaska.edu/Sentinel-1/Sentinel-1-User-Guide.pdf,PublicationURL,VIEW RELATED INFORMATION,USER'S GUIDE,"{""URLContentType"": ""PublicationURL"", ""Type"": ""VIEW RELATED INFORMATION"", ""Subtype"": ""USER'S GUIDE"", ""URL"": ""https://webdocs.asf.alaska.edu/Sentinel-1/Sentinel-1-User-Guide.pdf"", ""Description"": ""ASF created Sentinel-1 User Guide""}",CATALOG_REFERENCE_NOT_FETCHED,reports/2026-10-09/cmr_asf_b45/raw/collections_page_3.json
C3488414315-ASF,5,1,https://search.asf.alaska.edu/,DistributionURL,GET DATA,VERTEX,"{""Description"": ""ASF data search and download interface"", ""URLContentType"": ""DistributionURL"", ""Type"": ""GET DATA"", ""URL"": ""https://search.asf.alaska.edu/"", ""Subtype"": ""VERTEX""}",CATALOG_REFERENCE_NOT_FETCHED,reports/2026-10-09/cmr_asf_b45/raw/collections_page_3.json
C3488414315-ASF,5,2,https://search.earthdata.nasa.gov/search/granules?p=C3488414315-ASF,DistributionURL,GET DATA,Earthdata Search,"{""URLContentType"": ""DistributionURL"", ""Description"": ""Earthdata Search"", ""Type"": ""GET DATA"", ""Subtype"": ""Earthdata Search"", ""URL"": ""https://search.earthdata.nasa.gov/search/granules?p=C3488414315-ASF""}",CATALOG_REFERENCE_NOT_FETCHED,reports/2026-10-09/cmr_asf_b45/raw/collections_page_3.json
C3488414315-ASF,5,3,https://sentiwiki.copernicus.eu/web/sentinel-1,PublicationURL,VIEW RELATED INFORMATION,GENERAL DOCUMENTATION,"{""URLContentType"": ""PublicationURL"", ""URL"": ""https://sentiwiki.copernicus.eu/web/sentinel-1"", ""Description"": ""Copernicus Sentinel-1 mission home page"", ""Type"": ""VIEW RELATED INFORMATION"", ""Subtype"": ""GENERAL DOCUMENTATION""}",CATALOG_REFERENCE_NOT_FETCHED,reports/2026-10-09/cmr_asf_b45/raw/collections_page_3.json
C3488414315-ASF,5,4,https://webdocs.asf.alaska.edu/Sentinel-1/Sentinel-1-User-Guide.pdf,PublicationURL,VIEW RELATED INFORMATION,USER'S GUIDE,"{""URLContentType"": ""PublicationURL"", ""Type"": ""VIEW RELATED INFORMATION"", ""Subtype"": ""USER'S GUIDE"", ""URL"": ""https://webdocs.asf.alaska.edu/Sentinel-1/Sentinel-1-User-Guide.pdf"", ""Description"": ""ASF created Sentinel-1 User Guide""}",CATALOG_REFERENCE_NOT_FETCHED,reports/2026-10-09/cmr_asf_b45/raw/collections_page_3.json
C3488406939-ASF,4,1,https://search.asf.alaska.edu/,DistributionURL,GET DATA,VERTEX,"{""Description"": ""ASF data search and download interface"", ""URLContentType"": ""DistributionURL"", ""Type"": ""GET DATA"", ""URL"": ""https://search.asf.alaska.edu/"", ""Subtype"": ""VERTEX""}",CATALOG_REFERENCE_NOT_FETCHED,reports/2026-10-09/cmr_asf_b45/raw/collections_page_3.json
C3488406939-ASF,4,2,https://search.earthdata.nasa.gov/search/granules?p=C3488406939-ASF,DistributionURL,GET DATA,Earthdata Search,"{""URLContentType"": ""DistributionURL"", ""Description"": ""Earthdata Search"", ""Type"": ""GET DATA"", ""Subtype"": ""Earthdata Search"", ""URL"": ""https://search.earthdata.nasa.gov/search/granules?p=C3488406939-ASF""}",CATALOG_REFERENCE_NOT_FETCHED,reports/2026-10-09/cmr_asf_b45/raw/collections_page_3.json
C3488406939-ASF,4,3,https://sentiwiki.copernicus.eu/web/sentinel-1,PublicationURL,VIEW RELATED INFORMATION,GENERAL DOCUMENTATION,"{""URLContentType"": ""PublicationURL"", ""URL"": ""https://sentiwiki.copernicus.eu/web/sentinel-1"", ""Description"": ""Copernicus Sentinel-1 mission home page"", ""Type"": ""VIEW RELATED INFORMATION"", ""Subtype"": ""GENERAL DOCUMENTATION""}",CATALOG_REFERENCE_NOT_FETCHED,reports/2026-10-09/cmr_asf_b45/raw/collections_page_3.json
C3488406939-ASF,4,4,https://webdocs.asf.alaska.edu/Sentinel-1/Sentinel-1-User-Guide.pdf,PublicationURL,VIEW RELATED INFORMATION,USER'S GUIDE,"{""URLContentType"": ""PublicationURL"", ""Type"": ""VIEW RELATED INFORMATION"", ""Subtype"": ""USER'S GUIDE"", ""URL"": ""https://webdocs.asf.alaska.edu/Sentinel-1/Sentinel-1-User-Guide.pdf"", ""Description"": ""ASF created Sentinel-1 User Guide""}",CATALOG_REFERENCE_NOT_FETCHED,reports/2026-10-09/cmr_asf_b45/raw/collections_page_3.json
C3488406939-ASF,4,5,https://webdocs.asf.alaska.edu/Sentinel-1/ASF_SAR_Sentinel-1_product_specification_v1.1.pdf,PublicationURL,VIEW RELATED INFORMATION,DATA PRODUCT SPECIFICATION,"{""URL"": ""https://webdocs.asf.alaska.edu/Sentinel-1/ASF_SAR_Sentinel-1_product_specification_v1.1.pdf"", ""URLContentType"": ""PublicationURL"", ""Type"": ""VIEW RELATED INFORMATION"", ""Subtype"": ""DATA PRODUCT SPECIFICATION"", ""Description"": ""Product format specification for the ISO compliant XML""}",CATALOG_REFERENCE_NOT_FETCHED,reports/2026-10-09/cmr_asf_b45/raw/collections_page_3.json
C3488417229-ASF,4,1,https://search.asf.alaska.edu/,DistributionURL,GET DATA,VERTEX,"{""Description"": ""ASF data search and download interface"", ""URLContentType"": ""DistributionURL"", ""Type"": ""GET DATA"", ""URL"": ""https://search.asf.alaska.edu/"", ""Subtype"": ""VERTEX""}",CATALOG_REFERENCE_NOT_FETCHED,reports/2026-10-09/cmr_asf_b45/raw/collections_page_3.json
C3488417229-ASF,4,2,https://search.earthdata.nasa.gov/search/granules?p=C3488417229-ASF,DistributionURL,GET DATA,Earthdata Search,"{""URLContentType"": ""DistributionURL"", ""Description"": ""Earthdata Search"", ""Type"": ""GET DATA"", ""Subtype"": ""Earthdata Search"", ""URL"": ""https://search.earthdata.nasa.gov/search/granules?p=C3488417229-ASF""}",CATALOG_REFERENCE_NOT_FETCHED,reports/2026-10-09/cmr_asf_b45/raw/collections_page_3.json
C3488417229-ASF,4,3,https://sentiwiki.copernicus.eu/web/sentinel-1,PublicationURL,VIEW RELATED INFORMATION,GENERAL DOCUMENTATION,"{""URLContentType"": ""PublicationURL"", ""URL"": ""https://sentiwiki.copernicus.eu/web/sentinel-1"", ""Description"": ""Copernicus Sentinel-1 mission home page"", ""Type"": ""VIEW RELATED INFORMATION"", ""Subtype"": ""GENERAL DOCUMENTATION""}",CATALOG_REFERENCE_NOT_FETCHED,reports/2026-10-09/cmr_asf_b45/raw/collections_page_3.json
C3488417229-ASF,4,4,https://webdocs.asf.alaska.edu/Sentinel-1/Sentinel-1-User-Guide.pdf,PublicationURL,VIEW RELATED INFORMATION,USER'S GUIDE,"{""URLContentType"": ""PublicationURL"", ""Type"": ""VIEW RELATED INFORMATION"", ""Subtype"": ""USER'S GUIDE"", ""URL"": ""https://webdocs.asf.alaska.edu/Sentinel-1/Sentinel-1-User-Guide.pdf"", ""Description"": ""ASF created Sentinel-1 User Guide""}",CATALOG_REFERENCE_NOT_FETCHED,reports/2026-10-09/cmr_asf_b45/raw/collections_page_3.json
C3488417229-ASF,4,5,https://webdocs.asf.alaska.edu/Sentinel-1/ASF_SAR_Sentinel-1_product_specification_v1.1.pdf,PublicationURL,VIEW RELATED INFORMATION,DATA PRODUCT SPECIFICATION,"{""URL"": ""https://webdocs.asf.alaska.edu/Sentinel-1/ASF_SAR_Sentinel-1_product_specification_v1.1.pdf"", ""URLContentType"": ""PublicationURL"", ""Type"": ""VIEW RELATED INFORMATION"", ""Subtype"": ""DATA PRODUCT SPECIFICATION"", ""Description"": ""Product format specification for the ISO compliant XML""}",CATALOG_REFERENCE_NOT_FETCHED,reports/2026-10-09/cmr_asf_b45/raw/collections_page_3.json
C4163054563-ASF,3,1,https://search.asf.alaska.edu/,DistributionURL,GET DATA,VERTEX,"{""Description"": ""ASF data search and download interface"", ""URLContentType"": ""DistributionURL"", ""Type"": ""GET DATA"", ""URL"": ""https://search.asf.alaska.edu/"", ""Subtype"": ""VERTEX""}",CATALOG_REFERENCE_NOT_FETCHED,reports/2026-10-09/cmr_asf_b45/raw/collections_page_3.json
C4163054563-ASF,3,2,https://search.earthdata.nasa.gov/search/granules?p=C4163054563-ASF,DistributionURL,GET DATA,Earthdata Search,"{""URLContentType"": ""DistributionURL"", ""Description"": ""Earthdata Search"", ""Type"": ""GET DATA"", ""Subtype"": ""Earthdata Search"", ""URL"": ""https://search.earthdata.nasa.gov/search/granules?p=C4163054563-ASF""}",CATALOG_REFERENCE_NOT_FETCHED,reports/2026-10-09/cmr_asf_b45/raw/collections_page_3.json
C4163054563-ASF,3,3,https://sentiwiki.copernicus.eu/web/sentinel-1,PublicationURL,VIEW RELATED INFORMATION,GENERAL DOCUMENTATION,"{""URLContentType"": ""PublicationURL"", ""URL"": ""https://sentiwiki.copernicus.eu/web/sentinel-1"", ""Description"": ""Copernicus Sentinel-1 mission home page"", ""Type"": ""VIEW RELATED INFORMATION"", ""Subtype"": ""GENERAL DOCUMENTATION""}",CATALOG_REFERENCE_NOT_FETCHED,reports/2026-10-09/cmr_asf_b45/raw/collections_page_3.json
C4163054563-ASF,3,4,https://webdocs.asf.alaska.edu/Sentinel-1/Sentinel-1-User-Guide.pdf,PublicationURL,VIEW RELATED INFORMATION,USER'S GUIDE,"{""URLContentType"": ""PublicationURL"", ""Type"": ""VIEW RELATED INFORMATION"", ""Subtype"": ""USER'S GUIDE"", ""URL"": ""https://webdocs.asf.alaska.edu/Sentinel-1/Sentinel-1-User-Guide.pdf"", ""Description"": ""ASF created Sentinel-1 User Guide""}",CATALOG_REFERENCE_NOT_FETCHED,reports/2026-10-09/cmr_asf_b45/raw/collections_page_3.json
C4174076966-ASF,3,1,https://search.asf.alaska.edu/,DistributionURL,GET DATA,VERTEX,"{""Description"": ""ASF data search and download interface"", ""URLContentType"": ""DistributionURL"", ""Type"": ""GET DATA"", ""URL"": ""https://search.asf.alaska.edu/"", ""Subtype"": ""VERTEX""}",CATALOG_REFERENCE_NOT_FETCHED,reports/2026-10-09/cmr_asf_b45/raw/collections_page_3.json
C4174076966-ASF,3,2,https://search.earthdata.nasa.gov/search/granules?p=C4174076966-ASF,DistributionURL,GET DATA,Earthdata Search,"{""URLContentType"": ""DistributionURL"", ""Description"": ""Earthdata Search"", ""Type"": ""GET DATA"", ""Subtype"": ""Earthdata Search"", ""URL"": ""https://search.earthdata.nasa.gov/search/granules?p=C4174076966-ASF""}",CATALOG_REFERENCE_NOT_FETCHED,reports/2026-10-09/cmr_asf_b45/raw/collections_page_3.json
C4174076966-ASF,3,3,https://sentiwiki.copernicus.eu/web/sentinel-1,PublicationURL,VIEW RELATED INFORMATION,GENERAL DOCUMENTATION,"{""URLContentType"": ""PublicationURL"", ""URL"": ""https://sentiwiki.copernicus.eu/web/sentinel-1"", ""Description"": ""Copernicus Sentinel-1 mission home page"", ""Type"": ""VIEW RELATED INFORMATION"", ""Subtype"": ""GENERAL DOCUMENTATION""}",CATALOG_REFERENCE_NOT_FETCHED,reports/2026-10-09/cmr_asf_b45/raw/collections_page_3.json
C4174076966-ASF,3,4,https://webdocs.asf.alaska.edu/Sentinel-1/Sentinel-1-User-Guide.pdf,PublicationURL,VIEW RELATED INFORMATION,USER'S GUIDE,"{""URLContentType"": ""PublicationURL"", ""Type"": ""VIEW RELATED INFORMATION"", ""Subtype"": ""USER'S GUIDE"", ""URL"": ""https://webdocs.asf.alaska.edu/Sentinel-1/Sentinel-1-User-Guide.pdf"", ""Description"": ""ASF created Sentinel-1 User Guide""}",CATALOG_REFERENCE_NOT_FETCHED,reports/2026-10-09/cmr_asf_b45/raw/collections_page_3.json
C4171102786-ASF,3,1,https://search.asf.alaska.edu/,DistributionURL,GET DATA,VERTEX,"{""Description"": ""ASF data search and download interface"", ""URLContentType"": ""DistributionURL"", ""Type"": ""GET DATA"", ""URL"": ""https://search.asf.alaska.edu/"", ""Subtype"": ""VERTEX""}",CATALOG_REFERENCE_NOT_FETCHED,reports/2026-10-09/cmr_asf_b45/raw/collections_page_3.json
C4171102786-ASF,3,2,https://search.earthdata.nasa.gov/search/granules?p=C4171102786-ASF,DistributionURL,GET DATA,Earthdata Search,"{""URLContentType"": ""DistributionURL"", ""Description"": ""Earthdata Search"", ""Type"": ""GET DATA"", ""Subtype"": ""Earthdata Search"", ""URL"": ""https://search.earthdata.nasa.gov/search/granules?p=C4171102786-ASF""}",CATALOG_REFERENCE_NOT_FETCHED,reports/2026-10-09/cmr_asf_b45/raw/collections_page_3.json
C4171102786-ASF,3,3,https://sentiwiki.copernicus.eu/web/sentinel-1,PublicationURL,VIEW RELATED INFORMATION,GENERAL DOCUMENTATION,"{""URLContentType"": ""PublicationURL"", ""URL"": ""https://sentiwiki.copernicus.eu/web/sentinel-1"", ""Description"": ""Copernicus Sentinel-1 mission home page"", ""Type"": ""VIEW RELATED INFORMATION"", ""Subtype"": ""GENERAL DOCUMENTATION""}",CATALOG_REFERENCE_NOT_FETCHED,reports/2026-10-09/cmr_asf_b45/raw/collections_page_3.json
C4171102786-ASF,3,4,https://webdocs.asf.alaska.edu/Sentinel-1/Sentinel-1-User-Guide.pdf,PublicationURL,VIEW RELATED INFORMATION,USER'S GUIDE,"{""URLContentType"": ""PublicationURL"", ""Type"": ""VIEW RELATED INFORMATION"", ""Subtype"": ""USER'S GUIDE"", ""URL"": ""https://webdocs.asf.alaska.edu/Sentinel-1/Sentinel-1-User-Guide.pdf"", ""Description"": ""ASF created Sentinel-1 User Guide""}",CATALOG_REFERENCE_NOT_FETCHED,reports/2026-10-09/cmr_asf_b45/raw/collections_page_3.json
C4171102786-ASF,3,5,https://webdocs.asf.alaska.edu/Sentinel-1/ASF_SAR_Sentinel-1_product_specification_v1.1.pdf,PublicationURL,VIEW RELATED INFORMATION,DATA PRODUCT SPECIFICATION,"{""URL"": ""https://webdocs.asf.alaska.edu/Sentinel-1/ASF_SAR_Sentinel-1_product_specification_v1.1.pdf"", ""URLContentType"": ""PublicationURL"", ""Type"": ""VIEW RELATED INFORMATION"", ""Subtype"": ""DATA PRODUCT SPECIFICATION"", ""Description"": ""Product format specification for the ISO compliant XML""}",CATALOG_REFERENCE_NOT_FETCHED,reports/2026-10-09/cmr_asf_b45/raw/collections_page_3.json
C4174076945-ASF,3,1,https://search.asf.alaska.edu/,DistributionURL,GET DATA,VERTEX,"{""Description"": ""ASF data search and download interface"", ""URLContentType"": ""DistributionURL"", ""Type"": ""GET DATA"", ""URL"": ""https://search.asf.alaska.edu/"", ""Subtype"": ""VERTEX""}",CATALOG_REFERENCE_NOT_FETCHED,reports/2026-10-09/cmr_asf_b45/raw/collections_page_3.json
C4174076945-ASF,3,2,https://search.earthdata.nasa.gov/search/granules?p=C4174076945-ASF,DistributionURL,GET DATA,Earthdata Search,"{""URLContentType"": ""DistributionURL"", ""Description"": ""Earthdata Search"", ""Type"": ""GET DATA"", ""Subtype"": ""Earthdata Search"", ""URL"": ""https://search.earthdata.nasa.gov/search/granules?p=C4174076945-ASF""}",CATALOG_REFERENCE_NOT_FETCHED,reports/2026-10-09/cmr_asf_b45/raw/collections_page_3.json
C4174076945-ASF,3,3,https://sentiwiki.copernicus.eu/web/sentinel-1,PublicationURL,VIEW RELATED INFORMATION,GENERAL DOCUMENTATION,"{""URLContentType"": ""PublicationURL"", ""URL"": ""https://sentiwiki.copernicus.eu/web/sentinel-1"", ""Description"": ""Copernicus Sentinel-1 mission home page"", ""Type"": ""VIEW RELATED INFORMATION"", ""Subtype"": ""GENERAL DOCUMENTATION""}",CATALOG_REFERENCE_NOT_FETCHED,reports/2026-10-09/cmr_asf_b45/raw/collections_page_3.json
C4174076945-ASF,3,4,https://webdocs.asf.alaska.edu/Sentinel-1/Sentinel-1-User-Guide.pdf,PublicationURL,VIEW RELATED INFORMATION,USER'S GUIDE,"{""URLContentType"": ""PublicationURL"", ""Type"": ""VIEW RELATED INFORMATION"", ""Subtype"": ""USER'S GUIDE"", ""URL"": ""https://webdocs.asf.alaska.edu/Sentinel-1/Sentinel-1-User-Guide.pdf"", ""Description"": ""ASF created Sentinel-1 User Guide""}",CATALOG_REFERENCE_NOT_FETCHED,reports/2026-10-09/cmr_asf_b45/raw/collections_page_3.json
C4174076945-ASF,3,5,https://webdocs.asf.alaska.edu/Sentinel-1/ASF_SAR_Sentinel-1_product_specification_v1.1.pdf,PublicationURL,VIEW RELATED INFORMATION,DATA PRODUCT SPECIFICATION,"{""URL"": ""https://webdocs.asf.alaska.edu/Sentinel-1/ASF_SAR_Sentinel-1_product_specification_v1.1.pdf"", ""URLContentType"": ""PublicationURL"", ""Type"": ""VIEW RELATED INFORMATION"", ""Subtype"": ""DATA PRODUCT SPECIFICATION"", ""Description"": ""Product format specification for the ISO compliant XML""}",CATALOG_REFERENCE_NOT_FETCHED,reports/2026-10-09/cmr_asf_b45/raw/collections_page_3.json
C4162996551-ASF,3,1,https://search.asf.alaska.edu/,DistributionURL,GET DATA,VERTEX,"{""Description"": ""ASF data search and download interface"", ""URLContentType"": ""DistributionURL"", ""Type"": ""GET DATA"", ""URL"": ""https://search.asf.alaska.edu/"", ""Subtype"": ""VERTEX""}",CATALOG_REFERENCE_NOT_FETCHED,reports/2026-10-09/cmr_asf_b45/raw/collections_page_3.json
C4162996551-ASF,3,2,https://search.earthdata.nasa.gov/search/granules?p=C4162996551-ASF,DistributionURL,GET DATA,Earthdata Search,"{""URLContentType"": ""DistributionURL"", ""Description"": ""Earthdata Search"", ""Type"": ""GET DATA"", ""Subtype"": ""Earthdata Search"", ""URL"": ""https://search.earthdata.nasa.gov/search/granules?p=C4162996551-ASF""}",CATALOG_REFERENCE_NOT_FETCHED,reports/2026-10-09/cmr_asf_b45/raw/collections_page_3.json
C4162996551-ASF,3,3,https://sentiwiki.copernicus.eu/web/sentinel-1,PublicationURL,VIEW RELATED INFORMATION,GENERAL DOCUMENTATION,"{""URLContentType"": ""PublicationURL"", ""URL"": ""https://sentiwiki.copernicus.eu/web/sentinel-1"", ""Description"": ""Copernicus Sentinel-1 mission home page"", ""Type"": ""VIEW RELATED INFORMATION"", ""Subtype"": ""GENERAL DOCUMENTATION""}",CATALOG_REFERENCE_NOT_FETCHED,reports/2026-10-09/cmr_asf_b45/raw/collections_page_3.json
C4162996551-ASF,3,4,https://webdocs.asf.alaska.edu/Sentinel-1/Sentinel-1-User-Guide.pdf,PublicationURL,VIEW RELATED INFORMATION,USER'S GUIDE,"{""URLContentType"": ""PublicationURL"", ""Type"": ""VIEW RELATED INFORMATION"", ""Subtype"": ""USER'S GUIDE"", ""URL"": ""https://webdocs.asf.alaska.edu/Sentinel-1/Sentinel-1-User-Guide.pdf"", ""Description"": ""ASF created Sentinel-1 User Guide""}",CATALOG_REFERENCE_NOT_FETCHED,reports/2026-10-09/cmr_asf_b45/raw/collections_page_3.json
C4162996551-ASF,3,5,https://webdocs.asf.alaska.edu/Sentinel-1/ASF_SAR_Sentinel-1_product_specification_v1.1.pdf,PublicationURL,VIEW RELATED INFORMATION,DATA PRODUCT SPECIFICATION,"{""URL"": ""https://webdocs.asf.alaska.edu/Sentinel-1/ASF_SAR_Sentinel-1_product_specification_v1.1.pdf"", ""URLContentType"": ""PublicationURL"", ""Type"": ""VIEW RELATED INFORMATION"", ""Subtype"": ""DATA PRODUCT SPECIFICATION"", ""Description"": ""Product format specification for the ISO compliant XML""}",CATALOG_REFERENCE_NOT_FETCHED,reports/2026-10-09/cmr_asf_b45/raw/collections_page_3.json
C4175250286-ASF,4,1,https://search.asf.alaska.edu/,DistributionURL,GET DATA,VERTEX,"{""Description"": ""ASF data search and download interface"", ""URLContentType"": ""DistributionURL"", ""Type"": ""GET DATA"", ""URL"": ""https://search.asf.alaska.edu/"", ""Subtype"": ""VERTEX""}",CATALOG_REFERENCE_NOT_FETCHED,reports/2026-10-09/cmr_asf_b45/raw/collections_page_3.json
C4175250286-ASF,4,2,https://search.earthdata.nasa.gov/search/granules?p=C4175250286-ASF,DistributionURL,GET DATA,Earthdata Search,"{""URLContentType"": ""DistributionURL"", ""Description"": ""Earthdata Search"", ""Type"": ""GET DATA"", ""Subtype"": ""Earthdata Search"", ""URL"": ""https://search.earthdata.nasa.gov/search/granules?p=C4175250286-ASF""}",CATALOG_REFERENCE_NOT_FETCHED,reports/2026-10-09/cmr_asf_b45/raw/collections_page_3.json
C4175250286-ASF,4,3,https://sentiwiki.copernicus.eu/web/sentinel-1,PublicationURL,VIEW RELATED INFORMATION,GENERAL DOCUMENTATION,"{""URLContentType"": ""PublicationURL"", ""URL"": ""https://sentiwiki.copernicus.eu/web/sentinel-1"", ""Description"": ""Copernicus Sentinel-1 mission home page"", ""Type"": ""VIEW RELATED INFORMATION"", ""Subtype"": ""GENERAL DOCUMENTATION""}",CATALOG_REFERENCE_NOT_FETCHED,reports/2026-10-09/cmr_asf_b45/raw/collections_page_3.json
C4175250286-ASF,4,4,https://webdocs.asf.alaska.edu/Sentinel-1/Sentinel-1-User-Guide.pdf,PublicationURL,VIEW RELATED INFORMATION,USER'S GUIDE,"{""URLContentType"": ""PublicationURL"", ""Type"": ""VIEW RELATED INFORMATION"", ""Subtype"": ""USER'S GUIDE"", ""URL"": ""https://webdocs.asf.alaska.edu/Sentinel-1/Sentinel-1-User-Guide.pdf"", ""Description"": ""ASF created Sentinel-1 User Guide""}",CATALOG_REFERENCE_NOT_FETCHED,reports/2026-10-09/cmr_asf_b45/raw/collections_page_3.json
C4175250286-ASF,4,5,https://webdocs.asf.alaska.edu/Sentinel-1/ASF_SAR_Sentinel-1_product_specification_v1.1.pdf,PublicationURL,VIEW RELATED INFORMATION,DATA PRODUCT SPECIFICATION,"{""URL"": ""https://webdocs.asf.alaska.edu/Sentinel-1/ASF_SAR_Sentinel-1_product_specification_v1.1.pdf"", ""URLContentType"": ""PublicationURL"", ""Type"": ""VIEW RELATED INFORMATION"", ""Subtype"": ""DATA PRODUCT SPECIFICATION"", ""Description"": ""Product format specification for the ISO compliant XML""}",CATALOG_REFERENCE_NOT_FETCHED,reports/2026-10-09/cmr_asf_b45/raw/collections_page_3.json
C4175278190-ASF,3,1,https://search.uat.asf.alaska.edu/,DistributionURL,GET DATA,VERTEX,"{""Description"": ""ASF data search and download interface"", ""URLContentType"": ""DistributionURL"", ""Type"": ""GET DATA"", ""URL"": ""https://search.uat.asf.alaska.edu/"", ""Subtype"": ""VERTEX""}",CATALOG_REFERENCE_NOT_FETCHED,reports/2026-10-09/cmr_asf_b45/raw/collections_page_3.json
C4175278190-ASF,3,2,https://search.earthdata.nasa.gov/search/granules?p=C4175278190-ASF,DistributionURL,GET DATA,Earthdata Search,"{""URLContentType"": ""DistributionURL"", ""Description"": ""Earthdata Search"", ""Type"": ""GET DATA"", ""Subtype"": ""Earthdata Search"", ""URL"": ""https://search.earthdata.nasa.gov/search/granules?p=C4175278190-ASF""}",CATALOG_REFERENCE_NOT_FETCHED,reports/2026-10-09/cmr_asf_b45/raw/collections_page_3.json
C4175278190-ASF,3,3,https://sentiwiki.copernicus.eu/web/sentinel-1,PublicationURL,VIEW RELATED INFORMATION,GENERAL DOCUMENTATION,"{""URLContentType"": ""PublicationURL"", ""URL"": ""https://sentiwiki.copernicus.eu/web/sentinel-1"", ""Description"": ""Copernicus Sentinel-1 mission home page"", ""Type"": ""VIEW RELATED INFORMATION"", ""Subtype"": ""GENERAL DOCUMENTATION""}",CATALOG_REFERENCE_NOT_FETCHED,reports/2026-10-09/cmr_asf_b45/raw/collections_page_3.json
C4175278190-ASF,3,4,https://webdocs.asf.alaska.edu/Sentinel-1/Sentinel-1-User-Guide.pdf,PublicationURL,VIEW RELATED INFORMATION,USER'S GUIDE,"{""URLContentType"": ""PublicationURL"", ""Type"": ""VIEW RELATED INFORMATION"", ""Subtype"": ""USER'S GUIDE"", ""URL"": ""https://webdocs.asf.alaska.edu/Sentinel-1/Sentinel-1-User-Guide.pdf"", ""Description"": ""ASF created Sentinel-1 User Guide""}",CATALOG_REFERENCE_NOT_FETCHED,reports/2026-10-09/cmr_asf_b45/raw/collections_page_3.json
C4175278190-ASF,3,5,https://webdocs.asf.alaska.edu/Sentinel-1/ASF_SAR_Sentinel-1_product_specification_v1.1.pdf,PublicationURL,VIEW RELATED INFORMATION,DATA PRODUCT SPECIFICATION,"{""URL"": ""https://webdocs.asf.alaska.edu/Sentinel-1/ASF_SAR_Sentinel-1_product_specification_v1.1.pdf"", ""URLContentType"": ""PublicationURL"", ""Type"": ""VIEW RELATED INFORMATION"", ""Subtype"": ""DATA PRODUCT SPECIFICATION"", ""Description"": ""Product format specification for the ISO compliant XML""}",CATALOG_REFERENCE_NOT_FETCHED,reports/2026-10-09/cmr_asf_b45/raw/collections_page_3.json
C4162942865-ASF,3,1,https://search.asf.alaska.edu/,DistributionURL,GET DATA,VERTEX,"{""Description"": ""ASF data search and download interface"", ""URLContentType"": ""DistributionURL"", ""Type"": ""GET DATA"", ""URL"": ""https://search.asf.alaska.edu/"", ""Subtype"": ""VERTEX""}",CATALOG_REFERENCE_NOT_FETCHED,reports/2026-10-09/cmr_asf_b45/raw/collections_page_3.json
C4162942865-ASF,3,2,https://search.earthdata.nasa.gov/search/granules?p=C4162942865-ASF,DistributionURL,GET DATA,Earthdata Search,"{""URLContentType"": ""DistributionURL"", ""Description"": ""Earthdata Search"", ""Type"": ""GET DATA"", ""Subtype"": ""Earthdata Search"", ""URL"": ""https://search.earthdata.nasa.gov/search/granules?p=C4162942865-ASF""}",CATALOG_REFERENCE_NOT_FETCHED,reports/2026-10-09/cmr_asf_b45/raw/collections_page_3.json
C4162942865-ASF,3,3,https://sentiwiki.copernicus.eu/web/sentinel-1,PublicationURL,VIEW RELATED INFORMATION,GENERAL DOCUMENTATION,"{""URLContentType"": ""PublicationURL"", ""URL"": ""https://sentiwiki.copernicus.eu/web/sentinel-1"", ""Description"": ""Copernicus Sentinel-1 mission home page"", ""Type"": ""VIEW RELATED INFORMATION"", ""Subtype"": ""GENERAL DOCUMENTATION""}",CATALOG_REFERENCE_NOT_FETCHED,reports/2026-10-09/cmr_asf_b45/raw/collections_page_3.json
C4162942865-ASF,3,4,https://webdocs.asf.alaska.edu/Sentinel-1/Sentinel-1-User-Guide.pdf,PublicationURL,VIEW RELATED INFORMATION,USER'S GUIDE,"{""URLContentType"": ""PublicationURL"", ""Type"": ""VIEW RELATED INFORMATION"", ""Subtype"": ""USER'S GUIDE"", ""URL"": ""https://webdocs.asf.alaska.edu/Sentinel-1/Sentinel-1-User-Guide.pdf"", ""Description"": ""ASF created Sentinel-1 User Guide""}",CATALOG_REFERENCE_NOT_FETCHED,reports/2026-10-09/cmr_asf_b45/raw/collections_page_3.json
C4174044457-ASF,3,1,https://search.asf.alaska.edu/,DistributionURL,GET DATA,VERTEX,"{""Description"": ""ASF data search and download interface"", ""URLContentType"": ""DistributionURL"", ""Type"": ""GET DATA"", ""URL"": ""https://search.asf.alaska.edu/"", ""Subtype"": ""VERTEX""}",CATALOG_REFERENCE_NOT_FETCHED,reports/2026-10-09/cmr_asf_b45/raw/collections_page_3.json
C4174044457-ASF,3,2,https://search.earthdata.nasa.gov/search/granules?p=C4174044457-ASF,DistributionURL,GET DATA,Earthdata Search,"{""URLContentType"": ""DistributionURL"", ""Description"": ""Earthdata Search"", ""Type"": ""GET DATA"", ""Subtype"": ""Earthdata Search"", ""URL"": ""https://search.earthdata.nasa.gov/search/granules?p=C4174044457-ASF""}",CATALOG_REFERENCE_NOT_FETCHED,reports/2026-10-09/cmr_asf_b45/raw/collections_page_3.json
C4174044457-ASF,3,3,https://sentiwiki.copernicus.eu/web/sentinel-1,PublicationURL,VIEW RELATED INFORMATION,GENERAL DOCUMENTATION,"{""URLContentType"": ""PublicationURL"", ""URL"": ""https://sentiwiki.copernicus.eu/web/sentinel-1"", ""Description"": ""Copernicus Sentinel-1 mission home page"", ""Type"": ""VIEW RELATED INFORMATION"", ""Subtype"": ""GENERAL DOCUMENTATION""}",CATALOG_REFERENCE_NOT_FETCHED,reports/2026-10-09/cmr_asf_b45/raw/collections_page_3.json
C4174044457-ASF,3,4,https://webdocs.asf.alaska.edu/Sentinel-1/Sentinel-1-User-Guide.pdf,PublicationURL,VIEW RELATED INFORMATION,USER'S GUIDE,"{""URLContentType"": ""PublicationURL"", ""Type"": ""VIEW RELATED INFORMATION"", ""Subtype"": ""USER'S GUIDE"", ""URL"": ""https://webdocs.asf.alaska.edu/Sentinel-1/Sentinel-1-User-Guide.pdf"", ""Description"": ""ASF created Sentinel-1 User Guide""}",CATALOG_REFERENCE_NOT_FETCHED,reports/2026-10-09/cmr_asf_b45/raw/collections_page_3.json
C4175200051-ASF,3,1,https://search.asf.alaska.edu/,DistributionURL,GET DATA,VERTEX,"{""Description"": ""ASF data search and download interface"", ""URLContentType"": ""DistributionURL"", ""Type"": ""GET DATA"", ""URL"": ""https://search.asf.alaska.edu/"", ""Subtype"": ""VERTEX""}",CATALOG_REFERENCE_NOT_FETCHED,reports/2026-10-09/cmr_asf_b45/raw/collections_page_3.json
C4175200051-ASF,3,2,https://search.earthdata.nasa.gov/search/granules?p=C4175200051-ASF,DistributionURL,GET DATA,Earthdata Search,"{""URLContentType"": ""DistributionURL"", ""Description"": ""Earthdata Search"", ""Type"": ""GET DATA"", ""Subtype"": ""Earthdata Search"", ""URL"": ""https://search.earthdata.nasa.gov/search/granules?p=C4175200051-ASF""}",CATALOG_REFERENCE_NOT_FETCHED,reports/2026-10-09/cmr_asf_b45/raw/collections_page_3.json
C4175200051-ASF,3,3,https://sentiwiki.copernicus.eu/web/sentinel-1,PublicationURL,VIEW RELATED INFORMATION,GENERAL DOCUMENTATION,"{""URLContentType"": ""PublicationURL"", ""URL"": ""https://sentiwiki.copernicus.eu/web/sentinel-1"", ""Description"": ""Copernicus Sentinel-1 mission home page"", ""Type"": ""VIEW RELATED INFORMATION"", ""Subtype"": ""GENERAL DOCUMENTATION""}",CATALOG_REFERENCE_NOT_FETCHED,reports/2026-10-09/cmr_asf_b45/raw/collections_page_3.json
C4175200051-ASF,3,4,https://webdocs.asf.alaska.edu/Sentinel-1/Sentinel-1-User-Guide.pdf,PublicationURL,VIEW RELATED INFORMATION,USER'S GUIDE,"{""URLContentType"": ""PublicationURL"", ""Type"": ""VIEW RELATED INFORMATION"", ""Subtype"": ""USER'S GUIDE"", ""URL"": ""https://webdocs.asf.alaska.edu/Sentinel-1/Sentinel-1-User-Guide.pdf"", ""Description"": ""ASF created Sentinel-1 User Guide""}",CATALOG_REFERENCE_NOT_FETCHED,reports/2026-10-09/cmr_asf_b45/raw/collections_page_3.json
C4174044493-ASF,3,1,https://search.asf.alaska.edu/,DistributionURL,GET DATA,VERTEX,"{""Description"": ""ASF data search and download interface"", ""URLContentType"": ""DistributionURL"", ""Type"": ""GET DATA"", ""URL"": ""https://search.asf.alaska.edu/"", ""Subtype"": ""VERTEX""}",CATALOG_REFERENCE_NOT_FETCHED,reports/2026-10-09/cmr_asf_b45/raw/collections_page_3.json
C4174044493-ASF,3,2,https://search.earthdata.nasa.gov/search/granules?p=C4174044493-ASF,DistributionURL,GET DATA,Earthdata Search,"{""URLContentType"": ""DistributionURL"", ""Description"": ""Earthdata Search"", ""Type"": ""GET DATA"", ""Subtype"": ""Earthdata Search"", ""URL"": ""https://search.earthdata.nasa.gov/search/granules?p=C4174044493-ASF""}",CATALOG_REFERENCE_NOT_FETCHED,reports/2026-10-09/cmr_asf_b45/raw/collections_page_3.json
C4174044493-ASF,3,3,https://sentiwiki.copernicus.eu/web/sentinel-1,PublicationURL,VIEW RELATED INFORMATION,GENERAL DOCUMENTATION,"{""URLContentType"": ""PublicationURL"", ""URL"": ""https://sentiwiki.copernicus.eu/web/sentinel-1"", ""Description"": ""Copernicus Sentinel-1 mission home page"", ""Type"": ""VIEW RELATED INFORMATION"", ""Subtype"": ""GENERAL DOCUMENTATION""}",CATALOG_REFERENCE_NOT_FETCHED,reports/2026-10-09/cmr_asf_b45/raw/collections_page_3.json
C4174044493-ASF,3,4,https://webdocs.asf.alaska.edu/Sentinel-1/Sentinel-1-User-Guide.pdf,PublicationURL,VIEW RELATED INFORMATION,USER'S GUIDE,"{""URLContentType"": ""PublicationURL"", ""Type"": ""VIEW RELATED INFORMATION"", ""Subtype"": ""USER'S GUIDE"", ""URL"": ""https://webdocs.asf.alaska.edu/Sentinel-1/Sentinel-1-User-Guide.pdf"", ""Description"": ""ASF created Sentinel-1 User Guide""}",CATALOG_REFERENCE_NOT_FETCHED,reports/2026-10-09/cmr_asf_b45/raw/collections_page_3.json
C4174044493-ASF,3,5,https://webdocs.asf.alaska.edu/Sentinel-1/ASF_SAR_Sentinel-1_product_specification_v1.1.pdf,PublicationURL,VIEW RELATED INFORMATION,DATA PRODUCT SPECIFICATION,"{""URL"": ""https://webdocs.asf.alaska.edu/Sentinel-1/ASF_SAR_Sentinel-1_product_specification_v1.1.pdf"", ""URLContentType"": ""PublicationURL"", ""Type"": ""VIEW RELATED INFORMATION"", ""Subtype"": ""DATA PRODUCT SPECIFICATION"", ""Description"": ""Product format specification for the ISO compliant XML""}",CATALOG_REFERENCE_NOT_FETCHED,reports/2026-10-09/cmr_asf_b45/raw/collections_page_3.json
C4175200042-ASF,3,1,https://search.asf.alaska.edu/,DistributionURL,GET DATA,VERTEX,"{""Description"": ""ASF data search and download interface"", ""URLContentType"": ""DistributionURL"", ""Type"": ""GET DATA"", ""URL"": ""https://search.asf.alaska.edu/"", ""Subtype"": ""VERTEX""}",CATALOG_REFERENCE_NOT_FETCHED,reports/2026-10-09/cmr_asf_b45/raw/collections_page_3.json
C4175200042-ASF,3,2,https://search.earthdata.nasa.gov/search/granules?p=C4175200042-ASF,DistributionURL,GET DATA,Earthdata Search,"{""URLContentType"": ""DistributionURL"", ""Description"": ""Earthdata Search"", ""Type"": ""GET DATA"", ""Subtype"": ""Earthdata Search"", ""URL"": ""https://search.earthdata.nasa.gov/search/granules?p=C4175200042-ASF""}",CATALOG_REFERENCE_NOT_FETCHED,reports/2026-10-09/cmr_asf_b45/raw/collections_page_3.json
C4175200042-ASF,3,3,https://sentiwiki.copernicus.eu/web/sentinel-1,PublicationURL,VIEW RELATED INFORMATION,GENERAL DOCUMENTATION,"{""URLContentType"": ""PublicationURL"", ""URL"": ""https://sentiwiki.copernicus.eu/web/sentinel-1"", ""Description"": ""Copernicus Sentinel-1 mission home page"", ""Type"": ""VIEW RELATED INFORMATION"", ""Subtype"": ""GENERAL DOCUMENTATION""}",CATALOG_REFERENCE_NOT_FETCHED,reports/2026-10-09/cmr_asf_b45/raw/collections_page_3.json
C4175200042-ASF,3,4,https://webdocs.asf.alaska.edu/Sentinel-1/Sentinel-1-User-Guide.pdf,PublicationURL,VIEW RELATED INFORMATION,USER'S GUIDE,"{""URLContentType"": ""PublicationURL"", ""Type"": ""VIEW RELATED INFORMATION"", ""Subtype"": ""USER'S GUIDE"", ""URL"": ""https://webdocs.asf.alaska.edu/Sentinel-1/Sentinel-1-User-Guide.pdf"", ""Description"": ""ASF created Sentinel-1 User Guide""}",CATALOG_REFERENCE_NOT_FETCHED,reports/2026-10-09/cmr_asf_b45/raw/collections_page_3.json
C4175200042-ASF,3,5,https://webdocs.asf.alaska.edu/Sentinel-1/ASF_SAR_Sentinel-1_product_specification_v1.1.pdf,PublicationURL,VIEW RELATED INFORMATION,DATA PRODUCT SPECIFICATION,"{""URL"": ""https://webdocs.asf.alaska.edu/Sentinel-1/ASF_SAR_Sentinel-1_product_specification_v1.1.pdf"", ""URLContentType"": ""PublicationURL"", ""Type"": ""VIEW RELATED INFORMATION"", ""Subtype"": ""DATA PRODUCT SPECIFICATION"", ""Description"": ""Product format specification for the ISO compliant XML""}",CATALOG_REFERENCE_NOT_FETCHED,reports/2026-10-09/cmr_asf_b45/raw/collections_page_3.json
C2709161906-ASF,15,1,https://www.earthdata.nasa.gov/data/catalog/asf-sentinel-1-bursts-1,CollectionURL,DATA SET LANDING PAGE,,"{""Description"": ""Dataset landing page"", ""URLContentType"": ""CollectionURL"", ""Type"": ""DATA SET LANDING PAGE"", ""URL"": ""https://www.earthdata.nasa.gov/data/catalog/asf-sentinel-1-bursts-1""}",CATALOG_REFERENCE_NOT_FETCHED,reports/2026-10-09/cmr_asf_b45/raw/collections_page_3.json
C2709161906-ASF,15,2,https://search.asf.alaska.edu/,DistributionURL,GET DATA,VERTEX,"{""Description"": ""Search and download data granules using the ASF Data Search graphical search interface Vertex."", ""URLContentType"": ""DistributionURL"", ""Type"": ""GET DATA"", ""Subtype"": ""VERTEX"", ""URL"": ""https://search.asf.alaska.edu/""}",CATALOG_REFERENCE_NOT_FETCHED,reports/2026-10-09/cmr_asf_b45/raw/collections_page_3.json
C2709161906-ASF,15,3,https://search.earthdata.nasa.gov/search/granules?p=C2709161906-ASF,DistributionURL,GET DATA,Earthdata Search,"{""Description"": ""Search and download data granules using NASA Earthdata Search interface."", ""URLContentType"": ""DistributionURL"", ""Type"": ""GET DATA"", ""Subtype"": ""Earthdata Search"", ""URL"": ""https://search.earthdata.nasa.gov/search/granules?p=C2709161906-ASF""}",CATALOG_REFERENCE_NOT_FETCHED,reports/2026-10-09/cmr_asf_b45/raw/collections_page_3.json
C2709161906-ASF,15,4,https://webdocs.asf.alaska.edu/Sentinel-1-Bursts/Sentinel-1-Bursts-User-Guide.pdf,PublicationURL,VIEW RELATED INFORMATION,USER'S GUIDE,"{""URLContentType"": ""PublicationURL"", ""Type"": ""VIEW RELATED INFORMATION"", ""Subtype"": ""USER'S GUIDE"", ""URL"": ""https://webdocs.asf.alaska.edu/Sentinel-1-Bursts/Sentinel-1-Bursts-User-Guide.pdf"", ""Description"": ""ASF created Sentinel-1 Burst User Guide""}",CATALOG_REFERENCE_NOT_FETCHED,reports/2026-10-09/cmr_asf_b45/raw/collections_page_3.json
C2709161906-ASF,15,5,https://sentiwiki.copernicus.eu/web/sentinel-1,PublicationURL,VIEW RELATED INFORMATION,GENERAL DOCUMENTATION,"{""URLContentType"": ""PublicationURL"", ""URL"": ""https://sentiwiki.copernicus.eu/web/sentinel-1"", ""Description"": ""Copernicus Sentinel-1 mission home page"", ""Type"": ""VIEW RELATED INFORMATION"", ""Subtype"": ""GENERAL DOCUMENTATION""}",CATALOG_REFERENCE_NOT_FETCHED,reports/2026-10-09/cmr_asf_b45/raw/collections_page_3.json
C1214473171-ASF,2877,1,https://search.asf.alaska.edu/,DistributionURL,GET DATA,VERTEX,"{""Description"": ""Search and download data granules using the ASF Data Search graphical search interface Vertex."", ""URLContentType"": ""DistributionURL"", ""Type"": ""GET DATA"", ""URL"": ""https://search.asf.alaska.edu/"", ""Subtype"": ""VERTEX""}",CATALOG_REFERENCE_NOT_FETCHED,reports/2026-10-09/cmr_asf_b45/raw/collections_page_3.json
C1214473171-ASF,2877,2,https://search.earthdata.nasa.gov/search/granules?p=C1214473171-ASF,DistributionURL,GET DATA,Earthdata Search,"{""Description"": ""Search and download data granules using NASA Earthdata Search interface."", ""URLContentType"": ""DistributionURL"", ""Type"": ""GET DATA"", ""Subtype"": ""Earthdata Search"", ""URL"": ""https://search.earthdata.nasa.gov/search/granules?p=C1214473171-ASF""}",CATALOG_REFERENCE_NOT_FETCHED,reports/2026-10-09/cmr_asf_b45/raw/collections_page_3.json
C1243149604-ASF,2535,1,https://search.asf.alaska.edu/,DistributionURL,GET DATA,VERTEX,"{""Description"": ""Search and download data granules using the ASF Data Search graphical search interface Vertex."", ""URLContentType"": ""DistributionURL"", ""Type"": ""GET DATA"", ""URL"": ""https://search.asf.alaska.edu/"", ""Subtype"": ""VERTEX""}",CATALOG_REFERENCE_NOT_FETCHED,reports/2026-10-09/cmr_asf_b45/raw/collections_page_3.json
C1243149604-ASF,2535,2,https://search.earthdata.nasa.gov/search/granules?p=C1243149604-ASF,DistributionURL,GET DATA,Earthdata Search,"{""Description"": ""Search and download data granules using NASA Earthdata Search interface."", ""URLContentType"": ""DistributionURL"", ""Type"": ""GET DATA"", ""Subtype"": ""Earthdata Search"", ""URL"": ""https://search.earthdata.nasa.gov/search/granules?p=C1243149604-ASF""}",CATALOG_REFERENCE_NOT_FETCHED,reports/2026-10-09/cmr_asf_b45/raw/collections_page_3.json
C1214473426-ASF,2669,1,https://search.asf.alaska.edu/,DistributionURL,GET DATA,VERTEX,"{""Description"": ""Search and download data granules using the ASF Data Search graphical search interface Vertex."", ""URLContentType"": ""DistributionURL"", ""Type"": ""GET DATA"", ""URL"": ""https://search.asf.alaska.edu/"", ""Subtype"": ""VERTEX""}",CATALOG_REFERENCE_NOT_FETCHED,reports/2026-10-09/cmr_asf_b45/raw/collections_page_3.json
C1214473426-ASF,2669,2,https://search.earthdata.nasa.gov/search/granules?p=C1214473426-ASF,DistributionURL,GET DATA,Earthdata Search,"{""Description"": ""Search and download data granules using NASA Earthdata Search interface."", ""URLContentType"": ""DistributionURL"", ""Type"": ""GET DATA"", ""Subtype"": ""Earthdata Search"", ""URL"": ""https://search.earthdata.nasa.gov/search/granules?p=C1214473426-ASF""}",CATALOG_REFERENCE_NOT_FETCHED,reports/2026-10-09/cmr_asf_b45/raw/collections_page_3.json
C1243119801-ASF,2430,1,https://search.asf.alaska.edu/,DistributionURL,GET DATA,VERTEX,"{""Description"": ""Search and download data granules using the ASF Data Search graphical search interface Vertex."", ""URLContentType"": ""DistributionURL"", ""Type"": ""GET DATA"", ""URL"": ""https://search.asf.alaska.edu/"", ""Subtype"": ""VERTEX""}",CATALOG_REFERENCE_NOT_FETCHED,reports/2026-10-09/cmr_asf_b45/raw/collections_page_3.json
C1243119801-ASF,2430,2,https://search.earthdata.nasa.gov/search/granules?p=C1243119801-ASF,DistributionURL,GET DATA,Earthdata Search,"{""Description"": ""Search and download data granules using NASA Earthdata Search interface."", ""URLContentType"": ""DistributionURL"", ""Type"": ""GET DATA"", ""Subtype"": ""Earthdata Search"", ""URL"": ""https://search.earthdata.nasa.gov/search/granules?p=C1243119801-ASF""}",CATALOG_REFERENCE_NOT_FETCHED,reports/2026-10-09/cmr_asf_b45/raw/collections_page_3.json
C1214473839-ASF,2724,1,https://search.asf.alaska.edu/,DistributionURL,GET DATA,VERTEX,"{""Description"": ""Search and download data granules using the ASF Data Search graphical search interface Vertex."", ""URLContentType"": ""DistributionURL"", ""Type"": ""GET DATA"", ""URL"": ""https://search.asf.alaska.edu/"", ""Subtype"": ""VERTEX""}",CATALOG_REFERENCE_NOT_FETCHED,reports/2026-10-09/cmr_asf_b45/raw/collections_page_3.json
C1214473839-ASF,2724,2,https://search.earthdata.nasa.gov/search/granules?p=C1214473839-ASF,DistributionURL,GET DATA,Earthdata Search,"{""Description"": ""Search and download data granules using NASA Earthdata Search interface."", ""URLContentType"": ""DistributionURL"", ""Type"": ""GET DATA"", ""Subtype"": ""Earthdata Search"", ""URL"": ""https://search.earthdata.nasa.gov/search/granules?p=C1214473839-ASF""}",CATALOG_REFERENCE_NOT_FETCHED,reports/2026-10-09/cmr_asf_b45/raw/collections_page_3.json
C1243133204-ASF,2453,1,https://search.asf.alaska.edu/,DistributionURL,GET DATA,VERTEX,"{""Description"": ""Search and download data granules using the ASF Data Search graphical search interface Vertex."", ""URLContentType"": ""DistributionURL"", ""Type"": ""GET DATA"", ""URL"": ""https://search.asf.alaska.edu/"", ""Subtype"": ""VERTEX""}",CATALOG_REFERENCE_NOT_FETCHED,reports/2026-10-09/cmr_asf_b45/raw/collections_page_3.json
C1243133204-ASF,2453,2,https://search.earthdata.nasa.gov/search/granules?p=C1243133204-ASF,DistributionURL,GET DATA,Earthdata Search,"{""Description"": ""Search and download data granules using NASA Earthdata Search interface."", ""URLContentType"": ""DistributionURL"", ""Type"": ""GET DATA"", ""Subtype"": ""Earthdata Search"", ""URL"": ""https://search.earthdata.nasa.gov/search/granules?p=C1243133204-ASF""}",CATALOG_REFERENCE_NOT_FETCHED,reports/2026-10-09/cmr_asf_b45/raw/collections_page_3.json
C1243197402-ASF,1089,1,https://search.asf.alaska.edu/,DistributionURL,GET DATA,VERTEX,"{""Description"": ""Search and download data granules using the ASF Data Search graphical search interface Vertex."", ""URLContentType"": ""DistributionURL"", ""Type"": ""GET DATA"", ""URL"": ""https://search.asf.alaska.edu/"", ""Subtype"": ""VERTEX""}",CATALOG_REFERENCE_NOT_FETCHED,reports/2026-10-09/cmr_asf_b45/raw/collections_page_3.json
C1243197402-ASF,1089,2,https://search.earthdata.nasa.gov/search/granules?p=C1243197402-ASF,DistributionURL,GET DATA,Earthdata Search,"{""Description"": ""Search and download data granules using NASA Earthdata Search interface."", ""URLContentType"": ""DistributionURL"", ""Type"": ""GET DATA"", ""Subtype"": ""Earthdata Search"", ""URL"": ""https://search.earthdata.nasa.gov/search/granules?p=C1243197402-ASF""}",CATALOG_REFERENCE_NOT_FETCHED,reports/2026-10-09/cmr_asf_b45/raw/collections_page_3.json
C1243215430-ASF,1103,1,https://search.asf.alaska.edu/,DistributionURL,GET DATA,VERTEX,"{""Description"": ""Search and download data granules using the ASF Data Search graphical search interface Vertex."", ""URLContentType"": ""DistributionURL"", ""Type"": ""GET DATA"", ""URL"": ""https://search.asf.alaska.edu/"", ""Subtype"": ""VERTEX""}",CATALOG_REFERENCE_NOT_FETCHED,reports/2026-10-09/cmr_asf_b45/raw/collections_page_3.json
C1243215430-ASF,1103,2,https://search.earthdata.nasa.gov/search/granules?p=C1243215430-ASF,DistributionURL,GET DATA,Earthdata Search,"{""Description"": ""Search and download data granules using NASA Earthdata Search interface."", ""URLContentType"": ""DistributionURL"", ""Type"": ""GET DATA"", ""Subtype"": ""Earthdata Search"", ""URL"": ""https://search.earthdata.nasa.gov/search/granules?p=C1243215430-ASF""}",CATALOG_REFERENCE_NOT_FETCHED,reports/2026-10-09/cmr_asf_b45/raw/collections_page_3.json
C1243124754-ASF,4065,1,https://search.asf.alaska.edu/,DistributionURL,GET DATA,,"{""Description"": ""ASF data search and download interface"", ""URLContentType"": ""DistributionURL"", ""Type"": ""GET DATA"", ""URL"": ""https://search.asf.alaska.edu/""}",CATALOG_REFERENCE_NOT_FETCHED,reports/2026-10-09/cmr_asf_b45/raw/collections_page_3.json
C1243141638-ASF,1090,1,https://search.asf.alaska.edu/,DistributionURL,GET DATA,VERTEX,"{""Description"": ""Search and download data granules using the ASF Data Search graphical search interface Vertex."", ""URLContentType"": ""DistributionURL"", ""Type"": ""GET DATA"", ""URL"": ""https://search.asf.alaska.edu/"", ""Subtype"": ""VERTEX""}",CATALOG_REFERENCE_NOT_FETCHED,reports/2026-10-09/cmr_asf_b45/raw/collections_page_3.json
C1243141638-ASF,1090,2,https://search.earthdata.nasa.gov/search/granules?p=C1243141638-ASF,DistributionURL,GET DATA,Earthdata Search,"{""Description"": ""Search and download data granules using NASA Earthdata Search interface."", ""URLContentType"": ""DistributionURL"", ""Type"": ""GET DATA"", ""Subtype"": ""Earthdata Search"", ""URL"": ""https://search.earthdata.nasa.gov/search/granules?p=C1243141638-ASF""}",CATALOG_REFERENCE_NOT_FETCHED,reports/2026-10-09/cmr_asf_b45/raw/collections_page_3.json
C1243162394-ASF,1085,1,https://search.asf.alaska.edu/,DistributionURL,GET DATA,VERTEX,"{""Description"": ""Search and download data granules using the ASF Data Search graphical search interface Vertex."", ""URLContentType"": ""DistributionURL"", ""Type"": ""GET DATA"", ""URL"": ""https://search.asf.alaska.edu/"", ""Subtype"": ""VERTEX""}",CATALOG_REFERENCE_NOT_FETCHED,reports/2026-10-09/cmr_asf_b45/raw/collections_page_3.json
C1243162394-ASF,1085,2,https://search.earthdata.nasa.gov/search/granules?p=C1243162394-ASF,DistributionURL,GET DATA,Earthdata Search,"{""Description"": ""Search and download data granules using NASA Earthdata Search interface."", ""URLContentType"": ""DistributionURL"", ""Type"": ""GET DATA"", ""Subtype"": ""Earthdata Search"", ""URL"": ""https://search.earthdata.nasa.gov/search/granules?p=C1243162394-ASF""}",CATALOG_REFERENCE_NOT_FETCHED,reports/2026-10-09/cmr_asf_b45/raw/collections_page_3.json
C1243122884-ASF,4059,1,https://search.asf.alaska.edu/,DistributionURL,GET DATA,,"{""Description"": ""ASF data search and download interface"", ""URLContentType"": ""DistributionURL"", ""Type"": ""GET DATA"", ""URL"": ""https://search.asf.alaska.edu/""}",CATALOG_REFERENCE_NOT_FETCHED,reports/2026-10-09/cmr_asf_b45/raw/collections_page_3.json
C1243168733-ASF,1101,1,https://search.asf.alaska.edu/,DistributionURL,GET DATA,VERTEX,"{""Description"": ""Search and download data granules using the ASF Data Search graphical search interface Vertex."", ""URLContentType"": ""DistributionURL"", ""Type"": ""GET DATA"", ""URL"": ""https://search.asf.alaska.edu/"", ""Subtype"": ""VERTEX""}",CATALOG_REFERENCE_NOT_FETCHED,reports/2026-10-09/cmr_asf_b45/raw/collections_page_3.json
C1243168733-ASF,1101,2,https://search.earthdata.nasa.gov/search/granules?p=C1243168733-ASF,DistributionURL,GET DATA,Earthdata Search,"{""Description"": ""Search and download data granules using NASA Earthdata Search interface."", ""URLContentType"": ""DistributionURL"", ""Type"": ""GET DATA"", ""Subtype"": ""Earthdata Search"", ""URL"": ""https://search.earthdata.nasa.gov/search/granules?p=C1243168733-ASF""}",CATALOG_REFERENCE_NOT_FETCHED,reports/2026-10-09/cmr_asf_b45/raw/collections_page_3.json
C1243168866-ASF,1092,1,https://search.asf.alaska.edu/,DistributionURL,GET DATA,VERTEX,"{""Description"": ""Search and download data granules using the ASF Data Search graphical search interface Vertex."", ""URLContentType"": ""DistributionURL"", ""Type"": ""GET DATA"", ""URL"": ""https://search.asf.alaska.edu/"", ""Subtype"": ""VERTEX""}",CATALOG_REFERENCE_NOT_FETCHED,reports/2026-10-09/cmr_asf_b45/raw/collections_page_3.json
C1243168866-ASF,1092,2,https://search.earthdata.nasa.gov/search/granules?p=C1243168866-ASF,DistributionURL,GET DATA,Earthdata Search,"{""Description"": ""Search and download data granules using NASA Earthdata Search interface."", ""URLContentType"": ""DistributionURL"", ""Type"": ""GET DATA"", ""Subtype"": ""Earthdata Search"", ""URL"": ""https://search.earthdata.nasa.gov/search/granules?p=C1243168866-ASF""}",CATALOG_REFERENCE_NOT_FETCHED,reports/2026-10-09/cmr_asf_b45/raw/collections_page_3.json
C1243124139-ASF,4097,1,https://search.asf.alaska.edu/,DistributionURL,GET DATA,,"{""Description"": ""ASF data search and download interface"", ""URLContentType"": ""DistributionURL"", ""Type"": ""GET DATA"", ""URL"": ""https://search.asf.alaska.edu/""}",CATALOG_REFERENCE_NOT_FETCHED,reports/2026-10-09/cmr_asf_b45/raw/collections_page_3.json
C1214473308-ASF,2729,1,https://search.asf.alaska.edu/,DistributionURL,GET DATA,VERTEX,"{""Description"": ""Search and download data granules using the ASF Data Search graphical search interface Vertex."", ""URLContentType"": ""DistributionURL"", ""Type"": ""GET DATA"", ""URL"": ""https://search.asf.alaska.edu/"", ""Subtype"": ""VERTEX""}",CATALOG_REFERENCE_NOT_FETCHED,reports/2026-10-09/cmr_asf_b45/raw/collections_page_3.json
C1214473308-ASF,2729,2,https://search.earthdata.nasa.gov/search/granules?p=C1214473308-ASF,DistributionURL,GET DATA,Earthdata Search,"{""Description"": ""Search and download data granules using NASA Earthdata Search interface."", ""URLContentType"": ""DistributionURL"", ""Type"": ""GET DATA"", ""Subtype"": ""Earthdata Search"", ""URL"": ""https://search.earthdata.nasa.gov/search/granules?p=C1214473308-ASF""}",CATALOG_REFERENCE_NOT_FETCHED,reports/2026-10-09/cmr_asf_b45/raw/collections_page_3.json
C1243253631-ASF,2462,1,https://search.asf.alaska.edu/,DistributionURL,GET DATA,VERTEX,"{""Description"": ""Search and download data granules using the ASF Data Search graphical search interface Vertex."", ""URLContentType"": ""DistributionURL"", ""Type"": ""GET DATA"", ""URL"": ""https://search.asf.alaska.edu/"", ""Subtype"": ""VERTEX""}",CATALOG_REFERENCE_NOT_FETCHED,reports/2026-10-09/cmr_asf_b45/raw/collections_page_3.json
C1243253631-ASF,2462,2,https://search.earthdata.nasa.gov/search/granules?p=C1243253631-ASF,DistributionURL,GET DATA,Earthdata Search,"{""Description"": ""Search and download data granules using NASA Earthdata Search interface."", ""URLContentType"": ""DistributionURL"", ""Type"": ""GET DATA"", ""Subtype"": ""Earthdata Search"", ""URL"": ""https://search.earthdata.nasa.gov/search/granules?p=C1243253631-ASF""}",CATALOG_REFERENCE_NOT_FETCHED,reports/2026-10-09/cmr_asf_b45/raw/collections_page_3.json
C1243133445-ASF,3571,1,https://search.asf.alaska.edu/,DistributionURL,GET DATA,VERTEX,"{""Description"": ""Search and download data granules using the ASF Data Search graphical search interface Vertex."", ""URLContentType"": ""DistributionURL"", ""Type"": ""GET DATA"", ""URL"": ""https://search.asf.alaska.edu/"", ""Subtype"": ""VERTEX""}",CATALOG_REFERENCE_NOT_FETCHED,reports/2026-10-09/cmr_asf_b45/raw/collections_page_3.json
C1243133445-ASF,3571,2,https://search.earthdata.nasa.gov/search/granules?p=C1243133445-ASF,DistributionURL,GET DATA,Earthdata Search,"{""Description"": ""Search and download data granules using NASA Earthdata Search interface."", ""URLContentType"": ""DistributionURL"", ""Type"": ""GET DATA"", ""Subtype"": ""Earthdata Search"", ""URL"": ""https://search.earthdata.nasa.gov/search/granules?p=C1243133445-ASF""}",CATALOG_REFERENCE_NOT_FETCHED,reports/2026-10-09/cmr_asf_b45/raw/collections_page_3.json
C1214473550-ASF,2735,1,https://search.asf.alaska.edu/,DistributionURL,GET DATA,VERTEX,"{""Description"": ""Search and download data granules using the ASF Data Search graphical search interface Vertex."", ""URLContentType"": ""DistributionURL"", ""Type"": ""GET DATA"", ""URL"": ""https://search.asf.alaska.edu/"", ""Subtype"": ""VERTEX""}",CATALOG_REFERENCE_NOT_FETCHED,reports/2026-10-09/cmr_asf_b45/raw/collections_page_3.json
C1214473550-ASF,2735,2,https://search.earthdata.nasa.gov/search/granules?p=C1214473550-ASF,DistributionURL,GET DATA,Earthdata Search,"{""Description"": ""Search and download data granules using NASA Earthdata Search interface."", ""URLContentType"": ""DistributionURL"", ""Type"": ""GET DATA"", ""Subtype"": ""Earthdata Search"", ""URL"": ""https://search.earthdata.nasa.gov/search/granules?p=C1214473550-ASF""}",CATALOG_REFERENCE_NOT_FETCHED,reports/2026-10-09/cmr_asf_b45/raw/collections_page_3.json
C1243197502-ASF,2445,1,https://search.asf.alaska.edu/,DistributionURL,GET DATA,VERTEX,"{""Description"": ""Search and download data granules using the ASF Data Search graphical search interface Vertex."", ""URLContentType"": ""DistributionURL"", ""Type"": ""GET DATA"", ""URL"": ""https://search.asf.alaska.edu/"", ""Subtype"": ""VERTEX""}",CATALOG_REFERENCE_NOT_FETCHED,reports/2026-10-09/cmr_asf_b45/raw/collections_page_3.json
C1243197502-ASF,2445,2,https://search.earthdata.nasa.gov/search/granules?p=C1243197502-ASF,DistributionURL,GET DATA,Earthdata Search,"{""Description"": ""Search and download data granules using NASA Earthdata Search interface."", ""URLContentType"": ""DistributionURL"", ""Type"": ""GET DATA"", ""Subtype"": ""Earthdata Search"", ""URL"": ""https://search.earthdata.nasa.gov/search/granules?p=C1243197502-ASF""}",CATALOG_REFERENCE_NOT_FETCHED,reports/2026-10-09/cmr_asf_b45/raw/collections_page_3.json
C1243126328-ASF,3606,1,https://search.asf.alaska.edu/,DistributionURL,GET DATA,VERTEX,"{""Description"": ""Search and download data granules using the ASF Data Search graphical search interface Vertex."", ""URLContentType"": ""DistributionURL"", ""Type"": ""GET DATA"", ""URL"": ""https://search.asf.alaska.edu/"", ""Subtype"": ""VERTEX""}",CATALOG_REFERENCE_NOT_FETCHED,reports/2026-10-09/cmr_asf_b45/raw/collections_page_3.json
C1243126328-ASF,3606,2,https://search.earthdata.nasa.gov/search/granules?p=C1243126328-ASF,DistributionURL,GET DATA,Earthdata Search,"{""Description"": ""Search and download data granules using NASA Earthdata Search interface."", ""URLContentType"": ""DistributionURL"", ""Type"": ""GET DATA"", ""Subtype"": ""Earthdata Search"", ""URL"": ""https://search.earthdata.nasa.gov/search/granules?p=C1243126328-ASF""}",CATALOG_REFERENCE_NOT_FETCHED,reports/2026-10-09/cmr_asf_b45/raw/collections_page_3.json
C1214474243-ASF,2709,1,https://search.asf.alaska.edu/,DistributionURL,GET DATA,VERTEX,"{""Description"": ""Search and download data granules using the ASF Data Search graphical search interface Vertex."", ""URLContentType"": ""DistributionURL"", ""Type"": ""GET DATA"", ""URL"": ""https://search.asf.alaska.edu/"", ""Subtype"": ""VERTEX""}",CATALOG_REFERENCE_NOT_FETCHED,reports/2026-10-09/cmr_asf_b45/raw/collections_page_3.json
C1214474243-ASF,2709,2,https://search.earthdata.nasa.gov/search/granules?p=C1214474243-ASF,DistributionURL,GET DATA,Earthdata Search,"{""Description"": ""Search and download data granules using NASA Earthdata Search interface."", ""URLContentType"": ""DistributionURL"", ""Type"": ""GET DATA"", ""Subtype"": ""Earthdata Search"", ""URL"": ""https://search.earthdata.nasa.gov/search/granules?p=C1214474243-ASF""}",CATALOG_REFERENCE_NOT_FETCHED,reports/2026-10-09/cmr_asf_b45/raw/collections_page_3.json
C1243216659-ASF,2436,1,https://search.asf.alaska.edu/,DistributionURL,GET DATA,VERTEX,"{""Description"": ""Search and download data granules using the ASF Data Search graphical search interface Vertex."", ""URLContentType"": ""DistributionURL"", ""Type"": ""GET DATA"", ""URL"": ""https://search.asf.alaska.edu/"", ""Subtype"": ""VERTEX""}",CATALOG_REFERENCE_NOT_FETCHED,reports/2026-10-09/cmr_asf_b45/raw/collections_page_3.json
C1243216659-ASF,2436,2,https://search.earthdata.nasa.gov/search/granules?p=C1243216659-ASF,DistributionURL,GET DATA,Earthdata Search,"{""Description"": ""Search and download data granules using NASA Earthdata Search interface."", ""URLContentType"": ""DistributionURL"", ""Type"": ""GET DATA"", ""Subtype"": ""Earthdata Search"", ""URL"": ""https://search.earthdata.nasa.gov/search/granules?p=C1243216659-ASF""}",CATALOG_REFERENCE_NOT_FETCHED,reports/2026-10-09/cmr_asf_b45/raw/collections_page_3.json
C1243129847-ASF,3570,1,https://search.asf.alaska.edu/,DistributionURL,GET DATA,VERTEX,"{""Description"": ""Search and download data granules using the ASF Data Search graphical search interface Vertex."", ""URLContentType"": ""DistributionURL"", ""Type"": ""GET DATA"", ""URL"": ""https://search.asf.alaska.edu/"", ""Subtype"": ""VERTEX""}",CATALOG_REFERENCE_NOT_FETCHED,reports/2026-10-09/cmr_asf_b45/raw/collections_page_3.json
C1243129847-ASF,3570,2,https://search.earthdata.nasa.gov/search/granules?p=C1243129847-ASF,DistributionURL,GET DATA,Earthdata Search,"{""Description"": ""Search and download data granules using NASA Earthdata Search interface."", ""URLContentType"": ""DistributionURL"", ""Type"": ""GET DATA"", ""Subtype"": ""Earthdata Search"", ""URL"": ""https://search.earthdata.nasa.gov/search/granules?p=C1243129847-ASF""}",CATALOG_REFERENCE_NOT_FETCHED,reports/2026-10-09/cmr_asf_b45/raw/collections_page_3.json
C1214473367-ASF,2701,1,https://search.asf.alaska.edu/,DistributionURL,GET DATA,VERTEX,"{""Description"": ""Search and download data granules using the ASF Data Search graphical search interface Vertex."", ""URLContentType"": ""DistributionURL"", ""Type"": ""GET DATA"", ""URL"": ""https://search.asf.alaska.edu/"", ""Subtype"": ""VERTEX""}",CATALOG_REFERENCE_NOT_FETCHED,reports/2026-10-09/cmr_asf_b45/raw/collections_page_3.json
C1214473367-ASF,2701,2,https://search.earthdata.nasa.gov/search/granules?p=C1214473367-ASF,DistributionURL,GET DATA,Earthdata Search,"{""Description"": ""Search and download data granules using NASA Earthdata Search interface."", ""URLContentType"": ""DistributionURL"", ""Type"": ""GET DATA"", ""Subtype"": ""Earthdata Search"", ""URL"": ""https://search.earthdata.nasa.gov/search/granules?p=C1214473367-ASF""}",CATALOG_REFERENCE_NOT_FETCHED,reports/2026-10-09/cmr_asf_b45/raw/collections_page_3.json
C1243268956-ASF,2415,1,https://search.asf.alaska.edu/,DistributionURL,GET DATA,VERTEX,"{""Description"": ""Search and download data granules using the ASF Data Search graphical search interface Vertex."", ""URLContentType"": ""DistributionURL"", ""Type"": ""GET DATA"", ""URL"": ""https://search.asf.alaska.edu/"", ""Subtype"": ""VERTEX""}",CATALOG_REFERENCE_NOT_FETCHED,reports/2026-10-09/cmr_asf_b45/raw/collections_page_3.json
C1243268956-ASF,2415,2,https://search.earthdata.nasa.gov/search/granules?p=C1243268956-ASF,DistributionURL,GET DATA,Earthdata Search,"{""Description"": ""Search and download data granules using NASA Earthdata Search interface."", ""URLContentType"": ""DistributionURL"", ""Type"": ""GET DATA"", ""Subtype"": ""Earthdata Search"", ""URL"": ""https://search.earthdata.nasa.gov/search/granules?p=C1243268956-ASF""}",CATALOG_REFERENCE_NOT_FETCHED,reports/2026-10-09/cmr_asf_b45/raw/collections_page_3.json
C1243144528-ASF,3564,1,https://search.asf.alaska.edu/,DistributionURL,GET DATA,VERTEX,"{""Description"": ""Search and download data granules using the ASF Data Search graphical search interface Vertex."", ""URLContentType"": ""DistributionURL"", ""Type"": ""GET DATA"", ""URL"": ""https://search.asf.alaska.edu/"", ""Subtype"": ""VERTEX""}",CATALOG_REFERENCE_NOT_FETCHED,reports/2026-10-09/cmr_asf_b45/raw/collections_page_3.json
C1243144528-ASF,3564,2,https://search.earthdata.nasa.gov/search/granules?p=C1243144528-ASF,DistributionURL,GET DATA,Earthdata Search,"{""Description"": ""Search and download data granules using NASA Earthdata Search interface."", ""URLContentType"": ""DistributionURL"", ""Type"": ""GET DATA"", ""Subtype"": ""Earthdata Search"", ""URL"": ""https://search.earthdata.nasa.gov/search/granules?p=C1243144528-ASF""}",CATALOG_REFERENCE_NOT_FETCHED,reports/2026-10-09/cmr_asf_b45/raw/collections_page_3.json
C1214473624-ASF,2836,1,https://search.asf.alaska.edu/,DistributionURL,GET DATA,VERTEX,"{""Description"": ""Search and download data granules using the ASF Data Search graphical search interface Vertex."", ""URLContentType"": ""DistributionURL"", ""Type"": ""GET DATA"", ""URL"": ""https://search.asf.alaska.edu/"", ""Subtype"": ""VERTEX""}",CATALOG_REFERENCE_NOT_FETCHED,reports/2026-10-09/cmr_asf_b45/raw/collections_page_3.json
C1214473624-ASF,2836,2,https://search.earthdata.nasa.gov/search/granules?p=C1214473624-ASF,DistributionURL,GET DATA,Earthdata Search,"{""Description"": ""Search and download data granules using NASA Earthdata Search interface."", ""URLContentType"": ""DistributionURL"", ""Type"": ""GET DATA"", ""Subtype"": ""Earthdata Search"", ""URL"": ""https://search.earthdata.nasa.gov/search/granules?p=C1214473624-ASF""}",CATALOG_REFERENCE_NOT_FETCHED,reports/2026-10-09/cmr_asf_b45/raw/collections_page_3.json
C1243228612-ASF,2592,1,https://search.asf.alaska.edu/,DistributionURL,GET DATA,VERTEX,"{""Description"": ""Search and download data granules using the ASF Data Search graphical search interface Vertex."", ""URLContentType"": ""DistributionURL"", ""Type"": ""GET DATA"", ""URL"": ""https://search.asf.alaska.edu/"", ""Subtype"": ""VERTEX""}",CATALOG_REFERENCE_NOT_FETCHED,reports/2026-10-09/cmr_asf_b45/raw/collections_page_4.json
C1243228612-ASF,2592,2,https://search.earthdata.nasa.gov/search/granules?p=C1243228612-ASF,DistributionURL,GET DATA,Earthdata Search,"{""Description"": ""Search and download data granules using NASA Earthdata Search interface."", ""URLContentType"": ""DistributionURL"", ""Type"": ""GET DATA"", ""Subtype"": ""Earthdata Search"", ""URL"": ""https://search.earthdata.nasa.gov/search/granules?p=C1243228612-ASF""}",CATALOG_REFERENCE_NOT_FETCHED,reports/2026-10-09/cmr_asf_b45/raw/collections_page_4.json
C1243136142-ASF,3731,1,https://search.asf.alaska.edu/,DistributionURL,GET DATA,VERTEX,"{""Description"": ""Search and download data granules using the ASF Data Search graphical search interface Vertex."", ""URLContentType"": ""DistributionURL"", ""Type"": ""GET DATA"", ""URL"": ""https://search.asf.alaska.edu/"", ""Subtype"": ""VERTEX""}",CATALOG_REFERENCE_NOT_FETCHED,reports/2026-10-09/cmr_asf_b45/raw/collections_page_4.json
C1243136142-ASF,3731,2,https://search.earthdata.nasa.gov/search/granules?p=C1243136142-ASF,DistributionURL,GET DATA,Earthdata Search,"{""Description"": ""Search and download data granules using NASA Earthdata Search interface."", ""URLContentType"": ""DistributionURL"", ""Type"": ""GET DATA"", ""Subtype"": ""Earthdata Search"", ""URL"": ""https://search.earthdata.nasa.gov/search/granules?p=C1243136142-ASF""}",CATALOG_REFERENCE_NOT_FETCHED,reports/2026-10-09/cmr_asf_b45/raw/collections_page_4.json
C1214474435-ASF,2738,1,https://search.asf.alaska.edu/,DistributionURL,GET DATA,VERTEX,"{""Description"": ""Search and download data granules using the ASF Data Search graphical search interface Vertex."", ""URLContentType"": ""DistributionURL"", ""Type"": ""GET DATA"", ""URL"": ""https://search.asf.alaska.edu/"", ""Subtype"": ""VERTEX""}",CATALOG_REFERENCE_NOT_FETCHED,reports/2026-10-09/cmr_asf_b45/raw/collections_page_4.json
C1214474435-ASF,2738,2,https://search.earthdata.nasa.gov/search/granules?p=C1214474435-ASF,DistributionURL,GET DATA,Earthdata Search,"{""Description"": ""Search and download data granules using NASA Earthdata Search interface."", ""URLContentType"": ""DistributionURL"", ""Type"": ""GET DATA"", ""Subtype"": ""Earthdata Search"", ""URL"": ""https://search.earthdata.nasa.gov/search/granules?p=C1214474435-ASF""}",CATALOG_REFERENCE_NOT_FETCHED,reports/2026-10-09/cmr_asf_b45/raw/collections_page_4.json
C1243255360-ASF,2422,1,https://search.asf.alaska.edu/,DistributionURL,GET DATA,VERTEX,"{""Description"": ""Search and download data granules using the ASF Data Search graphical search interface Vertex."", ""URLContentType"": ""DistributionURL"", ""Type"": ""GET DATA"", ""URL"": ""https://search.asf.alaska.edu/"", ""Subtype"": ""VERTEX""}",CATALOG_REFERENCE_NOT_FETCHED,reports/2026-10-09/cmr_asf_b45/raw/collections_page_4.json
C1243255360-ASF,2422,2,https://search.earthdata.nasa.gov/search/granules?p=C1243255360-ASF,DistributionURL,GET DATA,Earthdata Search,"{""Description"": ""Search and download data granules using NASA Earthdata Search interface."", ""URLContentType"": ""DistributionURL"", ""Type"": ""GET DATA"", ""Subtype"": ""Earthdata Search"", ""URL"": ""https://search.earthdata.nasa.gov/search/granules?p=C1243255360-ASF""}",CATALOG_REFERENCE_NOT_FETCHED,reports/2026-10-09/cmr_asf_b45/raw/collections_page_4.json
C1243140611-ASF,3537,1,https://search.asf.alaska.edu/,DistributionURL,GET DATA,VERTEX,"{""Description"": ""Search and download data granules using the ASF Data Search graphical search interface Vertex."", ""URLContentType"": ""DistributionURL"", ""Type"": ""GET DATA"", ""URL"": ""https://search.asf.alaska.edu/"", ""Subtype"": ""VERTEX""}",CATALOG_REFERENCE_NOT_FETCHED,reports/2026-10-09/cmr_asf_b45/raw/collections_page_4.json
C1243140611-ASF,3537,2,https://search.earthdata.nasa.gov/search/granules?p=C1243140611-ASF,DistributionURL,GET DATA,Earthdata Search,"{""Description"": ""Search and download data granules using NASA Earthdata Search interface."", ""URLContentType"": ""DistributionURL"", ""Type"": ""GET DATA"", ""Subtype"": ""Earthdata Search"", ""URL"": ""https://search.earthdata.nasa.gov/search/granules?p=C1243140611-ASF""}",CATALOG_REFERENCE_NOT_FETCHED,reports/2026-10-09/cmr_asf_b45/raw/collections_page_4.json
C1661710583-ASF,9,1,https://search.asf.alaska.edu/,DistributionURL,GET DATA,VERTEX,"{""Description"": ""Search and download data granules using the ASF Data Search graphical search interface Vertex."", ""URLContentType"": ""DistributionURL"", ""Type"": ""GET DATA"", ""URL"": ""https://search.asf.alaska.edu/"", ""Subtype"": ""VERTEX""}",CATALOG_REFERENCE_NOT_FETCHED,reports/2026-10-09/cmr_asf_b45/raw/collections_page_4.json
C1661710583-ASF,9,2,https://search.earthdata.nasa.gov/search/granules?p=C1661710583-ASF,DistributionURL,GET DATA,Earthdata Search,"{""Description"": ""Search and download data granules using NASA Earthdata Search interface."", ""URLContentType"": ""DistributionURL"", ""Type"": ""GET DATA"", ""Subtype"": ""Earthdata Search"", ""URL"": ""https://search.earthdata.nasa.gov/search/granules?p=C1661710583-ASF""}",CATALOG_REFERENCE_NOT_FETCHED,reports/2026-10-09/cmr_asf_b45/raw/collections_page_4.json
C1661710583-ASF,9,3,https://datapool.asf.alaska.edu/BROWSE/S5/SIRC1_16_GRD_ALL_136_000_005_19940417T184715_19940417T184729_browse.png,VisualizationURL,GET RELATED VISUALIZATION,Browse Image,"{""Description"": ""Image to represent the collection"", ""URLContentType"": ""VisualizationURL"", ""Type"": ""GET RELATED VISUALIZATION"", ""Subtype"": ""Browse Image"", ""URL"": ""https://datapool.asf.alaska.edu/BROWSE/S5/SIRC1_16_GRD_ALL_136_000_005_19940417T184715_19940417T184729_browse.png""}",CATALOG_REFERENCE_NOT_FETCHED,reports/2026-10-09/cmr_asf_b45/raw/collections_page_4.json
C1661710586-ASF,8,1,https://search.asf.alaska.edu/,DistributionURL,GET DATA,VERTEX,"{""Description"": ""Search and download data granules using the ASF Data Search graphical search interface Vertex."", ""URLContentType"": ""DistributionURL"", ""Type"": ""GET DATA"", ""URL"": ""https://search.asf.alaska.edu/"", ""Subtype"": ""VERTEX""}",CATALOG_REFERENCE_NOT_FETCHED,reports/2026-10-09/cmr_asf_b45/raw/collections_page_4.json
C1661710586-ASF,8,2,https://search.earthdata.nasa.gov/search/granules?p=C1661710586-ASF,DistributionURL,GET DATA,Earthdata Search,"{""Description"": ""Search and download data granules using NASA Earthdata Search interface."", ""URLContentType"": ""DistributionURL"", ""Type"": ""GET DATA"", ""Subtype"": ""Earthdata Search"", ""URL"": ""https://search.earthdata.nasa.gov/search/granules?p=C1661710586-ASF""}",CATALOG_REFERENCE_NOT_FETCHED,reports/2026-10-09/cmr_asf_b45/raw/collections_page_4.json
C1661710588-ASF,8,1,https://search.asf.alaska.edu/,DistributionURL,GET DATA,VERTEX,"{""Description"": ""Search and download data granules using the ASF Data Search graphical search interface Vertex."", ""URLContentType"": ""DistributionURL"", ""Type"": ""GET DATA"", ""URL"": ""https://search.asf.alaska.edu/"", ""Subtype"": ""VERTEX""}",CATALOG_REFERENCE_NOT_FETCHED,reports/2026-10-09/cmr_asf_b45/raw/collections_page_4.json
C1661710588-ASF,8,2,https://search.earthdata.nasa.gov/search/granules?p=C1661710588-ASF,DistributionURL,GET DATA,Earthdata Search,"{""Description"": ""Search and download data granules using NASA Earthdata Search interface."", ""URLContentType"": ""DistributionURL"", ""Type"": ""GET DATA"", ""Subtype"": ""Earthdata Search"", ""URL"": ""https://search.earthdata.nasa.gov/search/granules?p=C1661710588-ASF""}",CATALOG_REFERENCE_NOT_FETCHED,reports/2026-10-09/cmr_asf_b45/raw/collections_page_4.json
C1661710590-ASF,8,1,https://search.asf.alaska.edu/,DistributionURL,GET DATA,VERTEX,"{""Description"": ""Search and download data granules using the ASF Data Search graphical search interface Vertex."", ""URLContentType"": ""DistributionURL"", ""Type"": ""GET DATA"", ""URL"": ""https://search.asf.alaska.edu/"", ""Subtype"": ""VERTEX""}",CATALOG_REFERENCE_NOT_FETCHED,reports/2026-10-09/cmr_asf_b45/raw/collections_page_4.json
C1661710590-ASF,8,2,https://search.earthdata.nasa.gov/search/granules?p=C1661710590-ASF,DistributionURL,GET DATA,Earthdata Search,"{""Description"": ""Search and download data granules using NASA Earthdata Search interface."", ""URLContentType"": ""DistributionURL"", ""Type"": ""GET DATA"", ""Subtype"": ""Earthdata Search"", ""URL"": ""https://search.earthdata.nasa.gov/search/granules?p=C1661710590-ASF""}",CATALOG_REFERENCE_NOT_FETCHED,reports/2026-10-09/cmr_asf_b45/raw/collections_page_4.json
C1661710590-ASF,8,3,https://datapool.asf.alaska.edu/BROWSE/S5/SIRC1_16_SLC_ALL_132_040_024_19940417T131400_19940417T131413_browse.png,VisualizationURL,GET RELATED VISUALIZATION,Browse Image,"{""Description"": ""Image to represent the collection"", ""URLContentType"": ""VisualizationURL"", ""Type"": ""GET RELATED VISUALIZATION"", ""Subtype"": ""Browse Image"", ""URL"": ""https://datapool.asf.alaska.edu/BROWSE/S5/SIRC1_16_SLC_ALL_132_040_024_19940417T131400_19940417T131413_browse.png""}",CATALOG_REFERENCE_NOT_FETCHED,reports/2026-10-09/cmr_asf_b45/raw/collections_page_4.json
C1661710597-ASF,8,1,https://search.asf.alaska.edu/,DistributionURL,GET DATA,VERTEX,"{""Description"": ""Search and download data granules using the ASF Data Search graphical search interface Vertex."", ""URLContentType"": ""DistributionURL"", ""Type"": ""GET DATA"", ""URL"": ""https://search.asf.alaska.edu/"", ""Subtype"": ""VERTEX""}",CATALOG_REFERENCE_NOT_FETCHED,reports/2026-10-09/cmr_asf_b45/raw/collections_page_4.json
C1661710597-ASF,8,2,https://search.earthdata.nasa.gov/search/granules?p=C1661710597-ASF,DistributionURL,GET DATA,Earthdata Search,"{""Description"": ""Search and download data granules using NASA Earthdata Search interface."", ""URLContentType"": ""DistributionURL"", ""Type"": ""GET DATA"", ""Subtype"": ""Earthdata Search"", ""URL"": ""https://search.earthdata.nasa.gov/search/granules?p=C1661710597-ASF""}",CATALOG_REFERENCE_NOT_FETCHED,reports/2026-10-09/cmr_asf_b45/raw/collections_page_4.json
C1661710597-ASF,8,3,https://datapool.asf.alaska.edu/BROWSE/S6/SIRC2_16_GRD_ALL_172_030_003_19941011T003524_19941011T003536_browse.png,VisualizationURL,GET RELATED VISUALIZATION,Browse Image,"{""Description"": ""Image to represent the collection"", ""URLContentType"": ""VisualizationURL"", ""Type"": ""GET RELATED VISUALIZATION"", ""Subtype"": ""Browse Image"", ""URL"": ""https://datapool.asf.alaska.edu/BROWSE/S6/SIRC2_16_GRD_ALL_172_030_003_19941011T003524_19941011T003536_browse.png""}",CATALOG_REFERENCE_NOT_FETCHED,reports/2026-10-09/cmr_asf_b45/raw/collections_page_4.json
C1661710600-ASF,8,1,https://search.asf.alaska.edu/,DistributionURL,GET DATA,VERTEX,"{""Description"": ""Search and download data granules using the ASF Data Search graphical search interface Vertex."", ""URLContentType"": ""DistributionURL"", ""Type"": ""GET DATA"", ""URL"": ""https://search.asf.alaska.edu/"", ""Subtype"": ""VERTEX""}",CATALOG_REFERENCE_NOT_FETCHED,reports/2026-10-09/cmr_asf_b45/raw/collections_page_4.json
C1661710600-ASF,8,2,https://search.earthdata.nasa.gov/search/granules?p=C1661710600-ASF,DistributionURL,GET DATA,Earthdata Search,"{""Description"": ""Search and download data granules using NASA Earthdata Search interface."", ""URLContentType"": ""DistributionURL"", ""Type"": ""GET DATA"", ""Subtype"": ""Earthdata Search"", ""URL"": ""https://search.earthdata.nasa.gov/search/granules?p=C1661710600-ASF""}",CATALOG_REFERENCE_NOT_FETCHED,reports/2026-10-09/cmr_asf_b45/raw/collections_page_4.json
C1661710603-ASF,8,1,https://search.asf.alaska.edu/,DistributionURL,GET DATA,VERTEX,"{""Description"": ""Search and download data granules using the ASF Data Search graphical search interface Vertex."", ""URLContentType"": ""DistributionURL"", ""Type"": ""GET DATA"", ""URL"": ""https://search.asf.alaska.edu/"", ""Subtype"": ""VERTEX""}",CATALOG_REFERENCE_NOT_FETCHED,reports/2026-10-09/cmr_asf_b45/raw/collections_page_4.json
C1661710603-ASF,8,2,https://search.earthdata.nasa.gov/search/granules?p=C1661710603-ASF,DistributionURL,GET DATA,Earthdata Search,"{""Description"": ""Search and download data granules using NASA Earthdata Search interface."", ""URLContentType"": ""DistributionURL"", ""Type"": ""GET DATA"", ""Subtype"": ""Earthdata Search"", ""URL"": ""https://search.earthdata.nasa.gov/search/granules?p=C1661710603-ASF""}",CATALOG_REFERENCE_NOT_FETCHED,reports/2026-10-09/cmr_asf_b45/raw/collections_page_4.json
C1661710604-ASF,8,1,https://search.asf.alaska.edu/,DistributionURL,GET DATA,VERTEX,"{""Description"": ""Search and download data granules using the ASF Data Search graphical search interface Vertex."", ""URLContentType"": ""DistributionURL"", ""Type"": ""GET DATA"", ""URL"": ""https://search.asf.alaska.edu/"", ""Subtype"": ""VERTEX""}",CATALOG_REFERENCE_NOT_FETCHED,reports/2026-10-09/cmr_asf_b45/raw/collections_page_4.json
C1661710604-ASF,8,2,https://search.earthdata.nasa.gov/search/granules?p=C1661710604-ASF,DistributionURL,GET DATA,Earthdata Search,"{""Description"": ""Search and download data granules using NASA Earthdata Search interface."", ""URLContentType"": ""DistributionURL"", ""Type"": ""GET DATA"", ""Subtype"": ""Earthdata Search"", ""URL"": ""https://search.earthdata.nasa.gov/search/granules?p=C1661710604-ASF""}",CATALOG_REFERENCE_NOT_FETCHED,reports/2026-10-09/cmr_asf_b45/raw/collections_page_4.json
C1661710604-ASF,8,3,https://datapool.asf.alaska.edu/BROWSE/S6/SIRC2_16_SLC_ALL_145_010_018_19941009T082651_19941009T082706_browse.png,VisualizationURL,GET RELATED VISUALIZATION,Browse Image,"{""Description"": ""Image to represent the collection"", ""URLContentType"": ""VisualizationURL"", ""Type"": ""GET RELATED VISUALIZATION"", ""Subtype"": ""Browse Image"", ""URL"": ""https://datapool.asf.alaska.edu/BROWSE/S6/SIRC2_16_SLC_ALL_145_010_018_19941009T082651_19941009T082706_browse.png""}",CATALOG_REFERENCE_NOT_FETCHED,reports/2026-10-09/cmr_asf_b45/raw/collections_page_4.json
C2450786986-ASF,4,1,https://search.asf.alaska.edu,DistributionURL,GET DATA,VERTEX,"{""Description"": ""Search and download data granules using the ASF Data Search graphical search interface Vertex."", ""URLContentType"": ""DistributionURL"", ""Type"": ""GET DATA"", ""URL"": ""https://search.asf.alaska.edu"", ""Subtype"": ""VERTEX""}",CATALOG_REFERENCE_NOT_FETCHED,reports/2026-10-09/cmr_asf_b45/raw/collections_page_4.json
C2450786986-ASF,4,2,https://search.earthdata.nasa.gov/search/granules?p=C2450786986-ASF,DistributionURL,GET DATA,Earthdata Search,"{""Description"": ""Search and download data granules using NASA Earthdata Search interface."", ""URLContentType"": ""DistributionURL"", ""Type"": ""GET DATA"", ""Subtype"": ""Earthdata Search"", ""URL"": ""https://search.earthdata.nasa.gov/search/granules?p=C2450786986-ASF""}",CATALOG_REFERENCE_NOT_FETCHED,reports/2026-10-09/cmr_asf_b45/raw/collections_page_4.json
C2450786986-ASF,4,3,https://sentiwiki.copernicus.eu/web/sentinel-1,PublicationURL,VIEW RELATED INFORMATION,GENERAL DOCUMENTATION,"{""Description"": ""Copernicus Sentinel-1 mission home page"", ""URLContentType"": ""PublicationURL"", ""Type"": ""VIEW RELATED INFORMATION"", ""Subtype"": ""GENERAL DOCUMENTATION"", ""URL"": ""https://sentiwiki.copernicus.eu/web/sentinel-1""}",CATALOG_REFERENCE_NOT_FETCHED,reports/2026-10-09/cmr_asf_b45/raw/collections_page_4.json
C4261555796-ASF,8,1,https://search.asf.alaska.edu/,DistributionURL,GET DATA,VERTEX,"{""Description"": ""Search and download data granules using the ASF Data Search graphical search interface Vertex."", ""URLContentType"": ""DistributionURL"", ""Type"": ""GET DATA"", ""Subtype"": ""VERTEX"", ""URL"": ""https://search.asf.alaska.edu/""}",CATALOG_REFERENCE_NOT_FETCHED,reports/2026-10-09/cmr_asf_b45/raw/collections_page_4.json
C4261555796-ASF,8,2,https://search.earthdata.nasa.gov/search/granules?p=C4261555796-ASF,DistributionURL,GET DATA,Earthdata Search,"{""Description"": ""Search and download data granules using NASA Earthdata Search interface."", ""URLContentType"": ""DistributionURL"", ""Type"": ""GET DATA"", ""Subtype"": ""Earthdata Search"", ""URL"": ""https://search.earthdata.nasa.gov/search/granules?p=C4261555796-ASF""}",CATALOG_REFERENCE_NOT_FETCHED,reports/2026-10-09/cmr_asf_b45/raw/collections_page_4.json
C4261555796-ASF,8,3,https://uavsar.jpl.nasa.gov/science/documents/polsar-format.html,PublicationURL,VIEW RELATED INFORMATION,DATA PRODUCT SPECIFICATION,"{""URLContentType"": ""PublicationURL"", ""Type"": ""VIEW RELATED INFORMATION"", ""Subtype"": ""DATA PRODUCT SPECIFICATION"", ""URL"": ""https://uavsar.jpl.nasa.gov/science/documents/polsar-format.html"", ""Description"": ""UAVSAR PolSAR data format""}",CATALOG_REFERENCE_NOT_FETCHED,reports/2026-10-09/cmr_asf_b45/raw/collections_page_4.json
C4261689115-ASF,7,1,https://search.asf.alaska.edu/,DistributionURL,GET DATA,VERTEX,"{""Description"": ""Search and download data granules using the ASF Data Search graphical search interface Vertex."", ""URLContentType"": ""DistributionURL"", ""Type"": ""GET DATA"", ""Subtype"": ""VERTEX"", ""URL"": ""https://search.asf.alaska.edu/""}",CATALOG_REFERENCE_NOT_FETCHED,reports/2026-10-09/cmr_asf_b45/raw/collections_page_4.json
C4261689115-ASF,7,2,https://search.earthdata.nasa.gov/search/granules?p=C4261689115-ASF,DistributionURL,GET DATA,Earthdata Search,"{""Description"": ""Search and download data granules using NASA Earthdata Search interface."", ""URLContentType"": ""DistributionURL"", ""Type"": ""GET DATA"", ""Subtype"": ""Earthdata Search"", ""URL"": ""https://search.earthdata.nasa.gov/search/granules?p=C4261689115-ASF""}",CATALOG_REFERENCE_NOT_FETCHED,reports/2026-10-09/cmr_asf_b45/raw/collections_page_4.json
C4261689115-ASF,7,3,https://uavsar.jpl.nasa.gov/science/documents/rpi-format.html,PublicationURL,VIEW RELATED INFORMATION,DATA PRODUCT SPECIFICATION,"{""URLContentType"": ""PublicationURL"", ""Type"": ""VIEW RELATED INFORMATION"", ""Subtype"": ""DATA PRODUCT SPECIFICATION"", ""URL"": ""https://uavsar.jpl.nasa.gov/science/documents/rpi-format.html"", ""Description"": ""UAVSAR RPI data format""}",CATALOG_REFERENCE_NOT_FETCHED,reports/2026-10-09/cmr_asf_b45/raw/collections_page_4.json
