record_id,state,source_entity_name,iso_alpha2,link_method,currency_name,alphabetic_code,numeric_code,minor_unit,withdrawal_date,is_fund,raw_xml
CURRENT:1,CURRENT,AFGHANISTAN,AF,NORMALIZED_EXISTING_MOTHER_NAME,Afghani,AFN,971,2,,,"<CcyNtry>
			<CtryNm>AFGHANISTAN</CtryNm>
			<CcyNm>Afghani</CcyNm>
			<Ccy>AFN</Ccy>
			<CcyNbr>971</CcyNbr>
			<CcyMnrUnts>2</CcyMnrUnts>
		</CcyNtry>
		"
CURRENT:2,CURRENT,ÅLAND ISLANDS,AX,NORMALIZED_EXISTING_MOTHER_NAME,Euro,EUR,978,2,,,"<CcyNtry>
			<CtryNm>ÅLAND ISLANDS</CtryNm>
			<CcyNm>Euro</CcyNm>
			<Ccy>EUR</Ccy>
			<CcyNbr>978</CcyNbr>
			<CcyMnrUnts>2</CcyMnrUnts>
		</CcyNtry>
		"
CURRENT:3,CURRENT,ALBANIA,AL,NORMALIZED_EXISTING_MOTHER_NAME,Lek,ALL,008,2,,,"<CcyNtry>
			<CtryNm>ALBANIA</CtryNm>
			<CcyNm>Lek</CcyNm>
			<Ccy>ALL</Ccy>
			<CcyNbr>008</CcyNbr>
			<CcyMnrUnts>2</CcyMnrUnts>
		</CcyNtry>
		"
CURRENT:4,CURRENT,ALGERIA,DZ,NORMALIZED_EXISTING_MOTHER_NAME,Algerian Dinar,DZD,012,2,,,"<CcyNtry>
			<CtryNm>ALGERIA</CtryNm>
			<CcyNm>Algerian Dinar</CcyNm>
			<Ccy>DZD</Ccy>
			<CcyNbr>012</CcyNbr>
			<CcyMnrUnts>2</CcyMnrUnts>
		</CcyNtry>
		"
CURRENT:5,CURRENT,AMERICAN SAMOA,AS,NORMALIZED_EXISTING_MOTHER_NAME,US Dollar,USD,840,2,,,"<CcyNtry>
			<CtryNm>AMERICAN SAMOA</CtryNm>
			<CcyNm>US Dollar</CcyNm>
			<Ccy>USD</Ccy>
			<CcyNbr>840</CcyNbr>
			<CcyMnrUnts>2</CcyMnrUnts>
		</CcyNtry>
		"
CURRENT:6,CURRENT,ANDORRA,AD,NORMALIZED_EXISTING_MOTHER_NAME,Euro,EUR,978,2,,,"<CcyNtry>
			<CtryNm>ANDORRA</CtryNm>
			<CcyNm>Euro</CcyNm>
			<Ccy>EUR</Ccy>
			<CcyNbr>978</CcyNbr>
			<CcyMnrUnts>2</CcyMnrUnts>
		</CcyNtry>
		"
CURRENT:7,CURRENT,ANGOLA,AO,NORMALIZED_EXISTING_MOTHER_NAME,Kwanza,AOA,973,2,,,"<CcyNtry>
			<CtryNm>ANGOLA</CtryNm>
			<CcyNm>Kwanza</CcyNm>
			<Ccy>AOA</Ccy>
			<CcyNbr>973</CcyNbr>
			<CcyMnrUnts>2</CcyMnrUnts>
		</CcyNtry>
		"
CURRENT:8,CURRENT,ANGUILLA,AI,NORMALIZED_EXISTING_MOTHER_NAME,East Caribbean Dollar,XCD,951,2,,,"<CcyNtry>
			<CtryNm>ANGUILLA</CtryNm>
			<CcyNm>East Caribbean Dollar</CcyNm>
			<Ccy>XCD</Ccy>
			<CcyNbr>951</CcyNbr>
			<CcyMnrUnts>2</CcyMnrUnts>
		</CcyNtry>
		"
CURRENT:9,CURRENT,ANTARCTICA,AQ,NORMALIZED_EXISTING_MOTHER_NAME,No universal currency,,,,,,"<CcyNtry>
			<CtryNm>ANTARCTICA</CtryNm>
			<CcyNm>No universal currency</CcyNm>
		</CcyNtry>
		"
CURRENT:10,CURRENT,ANTIGUA AND BARBUDA,AG,NORMALIZED_EXISTING_MOTHER_NAME,East Caribbean Dollar,XCD,951,2,,,"<CcyNtry>
			<CtryNm>ANTIGUA AND BARBUDA</CtryNm>
			<CcyNm>East Caribbean Dollar</CcyNm>
			<Ccy>XCD</Ccy>
			<CcyNbr>951</CcyNbr>
			<CcyMnrUnts>2</CcyMnrUnts>
		</CcyNtry>
		"
CURRENT:11,CURRENT,ARAB MONETARY FUND,,UNMAPPED_OR_NON_COUNTRY_ENTITY,Arab Accounting Dinar,XAD,396,2,,true,"<CcyNtry>
			<CtryNm>ARAB MONETARY FUND</CtryNm>
			<CcyNm IsFund=""true"">Arab Accounting Dinar</CcyNm>
			<Ccy>XAD</Ccy>
			<CcyNbr>396</CcyNbr>
			<CcyMnrUnts>2</CcyMnrUnts>
		</CcyNtry>
		"
CURRENT:12,CURRENT,ARGENTINA,AR,NORMALIZED_EXISTING_MOTHER_NAME,Argentine Peso,ARS,032,2,,,"<CcyNtry>
			<CtryNm>ARGENTINA</CtryNm>
			<CcyNm>Argentine Peso</CcyNm>
			<Ccy>ARS</Ccy>
			<CcyNbr>032</CcyNbr>
			<CcyMnrUnts>2</CcyMnrUnts>
		</CcyNtry>
		"
CURRENT:13,CURRENT,ARMENIA,AM,NORMALIZED_EXISTING_MOTHER_NAME,Armenian Dram,AMD,051,2,,,"<CcyNtry>
			<CtryNm>ARMENIA</CtryNm>
			<CcyNm>Armenian Dram</CcyNm>
			<Ccy>AMD</Ccy>
			<CcyNbr>051</CcyNbr>
			<CcyMnrUnts>2</CcyMnrUnts>
		</CcyNtry>
		"
CURRENT:14,CURRENT,ARUBA,AW,NORMALIZED_EXISTING_MOTHER_NAME,Aruban Florin,AWG,533,2,,,"<CcyNtry>
			<CtryNm>ARUBA</CtryNm>
			<CcyNm>Aruban Florin</CcyNm>
			<Ccy>AWG</Ccy>
			<CcyNbr>533</CcyNbr>
			<CcyMnrUnts>2</CcyMnrUnts>
		</CcyNtry>
		"
CURRENT:15,CURRENT,AUSTRALIA,AU,NORMALIZED_EXISTING_MOTHER_NAME,Australian Dollar,AUD,036,2,,,"<CcyNtry>
			<CtryNm>AUSTRALIA</CtryNm>
			<CcyNm>Australian Dollar</CcyNm>
			<Ccy>AUD</Ccy>
			<CcyNbr>036</CcyNbr>
			<CcyMnrUnts>2</CcyMnrUnts>
		</CcyNtry>
		"
CURRENT:16,CURRENT,AUSTRIA,AT,NORMALIZED_EXISTING_MOTHER_NAME,Euro,EUR,978,2,,,"<CcyNtry>
			<CtryNm>AUSTRIA</CtryNm>
			<CcyNm>Euro</CcyNm>
			<Ccy>EUR</Ccy>
			<CcyNbr>978</CcyNbr>
			<CcyMnrUnts>2</CcyMnrUnts>
		</CcyNtry>
		"
CURRENT:17,CURRENT,AZERBAIJAN,AZ,NORMALIZED_EXISTING_MOTHER_NAME,Azerbaijan Manat,AZN,944,2,,,"<CcyNtry>
			<CtryNm>AZERBAIJAN</CtryNm>
			<CcyNm>Azerbaijan Manat</CcyNm>
			<Ccy>AZN</Ccy>
			<CcyNbr>944</CcyNbr>
			<CcyMnrUnts>2</CcyMnrUnts>
		</CcyNtry>
		"
CURRENT:18,CURRENT,BAHAMAS (THE),BS,NORMALIZED_EXISTING_MOTHER_NAME,Bahamian Dollar,BSD,044,2,,,"<CcyNtry>
			<CtryNm>BAHAMAS (THE)</CtryNm>
			<CcyNm>Bahamian Dollar</CcyNm>
			<Ccy>BSD</Ccy>
			<CcyNbr>044</CcyNbr>
			<CcyMnrUnts>2</CcyMnrUnts>
		</CcyNtry>
		"
CURRENT:19,CURRENT,BAHRAIN,BH,NORMALIZED_EXISTING_MOTHER_NAME,Bahraini Dinar,BHD,048,3,,,"<CcyNtry>
			<CtryNm>BAHRAIN</CtryNm>
			<CcyNm>Bahraini Dinar</CcyNm>
			<Ccy>BHD</Ccy>
			<CcyNbr>048</CcyNbr>
			<CcyMnrUnts>3</CcyMnrUnts>
		</CcyNtry>
		"
CURRENT:20,CURRENT,BANGLADESH,BD,NORMALIZED_EXISTING_MOTHER_NAME,Taka,BDT,050,2,,,"<CcyNtry>
			<CtryNm>BANGLADESH</CtryNm>
			<CcyNm>Taka</CcyNm>
			<Ccy>BDT</Ccy>
			<CcyNbr>050</CcyNbr>
			<CcyMnrUnts>2</CcyMnrUnts>
		</CcyNtry>
		"
CURRENT:21,CURRENT,BARBADOS,BB,NORMALIZED_EXISTING_MOTHER_NAME,Barbados Dollar,BBD,052,2,,,"<CcyNtry>
			<CtryNm>BARBADOS</CtryNm>
			<CcyNm>Barbados Dollar</CcyNm>
			<Ccy>BBD</Ccy>
			<CcyNbr>052</CcyNbr>
			<CcyMnrUnts>2</CcyMnrUnts>
		</CcyNtry>
		"
CURRENT:22,CURRENT,BELARUS,BY,NORMALIZED_EXISTING_MOTHER_NAME,Belarusian Ruble,BYN,933,2,,,"<CcyNtry>
			<CtryNm>BELARUS</CtryNm>
			<CcyNm>Belarusian Ruble</CcyNm>
			<Ccy>BYN</Ccy>
			<CcyNbr>933</CcyNbr>
			<CcyMnrUnts>2</CcyMnrUnts>
		</CcyNtry>
		"
CURRENT:23,CURRENT,BELGIUM,BE,NORMALIZED_EXISTING_MOTHER_NAME,Euro,EUR,978,2,,,"<CcyNtry>
			<CtryNm>BELGIUM</CtryNm>
			<CcyNm>Euro</CcyNm>
			<Ccy>EUR</Ccy>
			<CcyNbr>978</CcyNbr>
			<CcyMnrUnts>2</CcyMnrUnts>
		</CcyNtry>
		"
CURRENT:24,CURRENT,BELIZE,BZ,NORMALIZED_EXISTING_MOTHER_NAME,Belize Dollar,BZD,084,2,,,"<CcyNtry>
			<CtryNm>BELIZE</CtryNm>
			<CcyNm>Belize Dollar</CcyNm>
			<Ccy>BZD</Ccy>
			<CcyNbr>084</CcyNbr>
			<CcyMnrUnts>2</CcyMnrUnts>
		</CcyNtry>
		"
CURRENT:25,CURRENT,BENIN,BJ,NORMALIZED_EXISTING_MOTHER_NAME,CFA Franc BCEAO,XOF,952,0,,,"<CcyNtry>
			<CtryNm>BENIN</CtryNm>
			<CcyNm>CFA Franc BCEAO</CcyNm>
			<Ccy>XOF</Ccy>
			<CcyNbr>952</CcyNbr>
			<CcyMnrUnts>0</CcyMnrUnts>
		</CcyNtry>
		"
CURRENT:26,CURRENT,BERMUDA,BM,NORMALIZED_EXISTING_MOTHER_NAME,Bermudian Dollar,BMD,060,2,,,"<CcyNtry>
			<CtryNm>BERMUDA</CtryNm>
			<CcyNm>Bermudian Dollar</CcyNm>
			<Ccy>BMD</Ccy>
			<CcyNbr>060</CcyNbr>
			<CcyMnrUnts>2</CcyMnrUnts>
		</CcyNtry>
		"
CURRENT:27,CURRENT,BHUTAN,BT,NORMALIZED_EXISTING_MOTHER_NAME,Indian Rupee,INR,356,2,,,"<CcyNtry>
			<CtryNm>BHUTAN</CtryNm>
			<CcyNm>Indian Rupee</CcyNm>
			<Ccy>INR</Ccy>
			<CcyNbr>356</CcyNbr>
			<CcyMnrUnts>2</CcyMnrUnts>
		</CcyNtry>
		"
CURRENT:28,CURRENT,BHUTAN,BT,NORMALIZED_EXISTING_MOTHER_NAME,Ngultrum,BTN,064,2,,,"<CcyNtry>
			<CtryNm>BHUTAN</CtryNm>
			<CcyNm>Ngultrum</CcyNm>
			<Ccy>BTN</Ccy>
			<CcyNbr>064</CcyNbr>
			<CcyMnrUnts>2</CcyMnrUnts>
		</CcyNtry>
		"
CURRENT:29,CURRENT,BOLIVIA (PLURINATIONAL STATE OF),BO,NORMALIZED_EXISTING_MOTHER_NAME,Boliviano,BOB,068,2,,,"<CcyNtry>
			<CtryNm>BOLIVIA (PLURINATIONAL STATE OF)</CtryNm>
			<CcyNm>Boliviano</CcyNm>
			<Ccy>BOB</Ccy>
			<CcyNbr>068</CcyNbr>
			<CcyMnrUnts>2</CcyMnrUnts>
		</CcyNtry>
		"
CURRENT:30,CURRENT,BOLIVIA (PLURINATIONAL STATE OF),BO,NORMALIZED_EXISTING_MOTHER_NAME,Mvdol,BOV,984,2,,true,"<CcyNtry>
			<CtryNm>BOLIVIA (PLURINATIONAL STATE OF)</CtryNm>
			<CcyNm IsFund=""true"">Mvdol</CcyNm>
			<Ccy>BOV</Ccy>
			<CcyNbr>984</CcyNbr>
			<CcyMnrUnts>2</CcyMnrUnts>
		</CcyNtry>
		"
CURRENT:31,CURRENT,"BONAIRE, SINT EUSTATIUS AND SABA",BQ,NORMALIZED_EXISTING_MOTHER_NAME,US Dollar,USD,840,2,,,"<CcyNtry>
			<CtryNm>BONAIRE, SINT EUSTATIUS AND SABA</CtryNm>
			<CcyNm>US Dollar</CcyNm>
			<Ccy>USD</Ccy>
			<CcyNbr>840</CcyNbr>
			<CcyMnrUnts>2</CcyMnrUnts>
		</CcyNtry>
		"
CURRENT:32,CURRENT,BOSNIA AND HERZEGOVINA,BA,NORMALIZED_EXISTING_MOTHER_NAME,Convertible Mark,BAM,977,2,,,"<CcyNtry>
			<CtryNm>BOSNIA AND HERZEGOVINA</CtryNm>
			<CcyNm>Convertible Mark</CcyNm>
			<Ccy>BAM</Ccy>
			<CcyNbr>977</CcyNbr>
			<CcyMnrUnts>2</CcyMnrUnts>
		</CcyNtry>
		"
CURRENT:33,CURRENT,BOTSWANA,BW,NORMALIZED_EXISTING_MOTHER_NAME,Pula,BWP,072,2,,,"<CcyNtry>
			<CtryNm>BOTSWANA</CtryNm>
			<CcyNm>Pula</CcyNm>
			<Ccy>BWP</Ccy>
			<CcyNbr>072</CcyNbr>
			<CcyMnrUnts>2</CcyMnrUnts>
		</CcyNtry>
		"
CURRENT:34,CURRENT,BOUVET ISLAND,BV,NORMALIZED_EXISTING_MOTHER_NAME,Norwegian Krone,NOK,578,2,,,"<CcyNtry>
			<CtryNm>BOUVET ISLAND</CtryNm>
			<CcyNm>Norwegian Krone</CcyNm>
			<Ccy>NOK</Ccy>
			<CcyNbr>578</CcyNbr>
			<CcyMnrUnts>2</CcyMnrUnts>
		</CcyNtry>
		"
CURRENT:35,CURRENT,BRAZIL,BR,NORMALIZED_EXISTING_MOTHER_NAME,Brazilian Real,BRL,986,2,,,"<CcyNtry>
			<CtryNm>BRAZIL</CtryNm>
			<CcyNm>Brazilian Real</CcyNm>
			<Ccy>BRL</Ccy>
			<CcyNbr>986</CcyNbr>
			<CcyMnrUnts>2</CcyMnrUnts>
		</CcyNtry>
		"
CURRENT:36,CURRENT,BRITISH INDIAN OCEAN TERRITORY (THE),IO,NORMALIZED_EXISTING_MOTHER_NAME,US Dollar,USD,840,2,,,"<CcyNtry>
			<CtryNm>BRITISH INDIAN OCEAN TERRITORY (THE)</CtryNm>
			<CcyNm>US Dollar</CcyNm>
			<Ccy>USD</Ccy>
			<CcyNbr>840</CcyNbr>
			<CcyMnrUnts>2</CcyMnrUnts>
		</CcyNtry>
		"
CURRENT:37,CURRENT,BRUNEI DARUSSALAM,BN,NORMALIZED_EXISTING_MOTHER_NAME,Brunei Dollar,BND,096,2,,,"<CcyNtry>
			<CtryNm>BRUNEI DARUSSALAM</CtryNm>
			<CcyNm>Brunei Dollar</CcyNm>
			<Ccy>BND</Ccy>
			<CcyNbr>096</CcyNbr>
			<CcyMnrUnts>2</CcyMnrUnts>
		</CcyNtry>
		"
CURRENT:38,CURRENT,BULGARIA,BG,NORMALIZED_EXISTING_MOTHER_NAME,Euro,EUR,978,2,,,"<CcyNtry>
			<CtryNm>BULGARIA</CtryNm>
			<CcyNm>Euro</CcyNm>
			<Ccy>EUR</Ccy>
			<CcyNbr>978</CcyNbr>
			<CcyMnrUnts>2</CcyMnrUnts>
		</CcyNtry>
		"
CURRENT:39,CURRENT,BURKINA FASO,BF,NORMALIZED_EXISTING_MOTHER_NAME,CFA Franc BCEAO,XOF,952,0,,,"<CcyNtry>
			<CtryNm>BURKINA FASO</CtryNm>
			<CcyNm>CFA Franc BCEAO</CcyNm>
			<Ccy>XOF</Ccy>
			<CcyNbr>952</CcyNbr>
			<CcyMnrUnts>0</CcyMnrUnts>
		</CcyNtry>
		"
CURRENT:40,CURRENT,BURUNDI,BI,NORMALIZED_EXISTING_MOTHER_NAME,Burundi Franc,BIF,108,0,,,"<CcyNtry>
			<CtryNm>BURUNDI</CtryNm>
			<CcyNm>Burundi Franc</CcyNm>
			<Ccy>BIF</Ccy>
			<CcyNbr>108</CcyNbr>
			<CcyMnrUnts>0</CcyMnrUnts>
		</CcyNtry>
		"
CURRENT:41,CURRENT,CABO VERDE,CV,NORMALIZED_EXISTING_MOTHER_NAME,Cabo Verde Escudo,CVE,132,2,,,"<CcyNtry>
			<CtryNm>CABO VERDE</CtryNm>
			<CcyNm>Cabo Verde Escudo</CcyNm>
			<Ccy>CVE</Ccy>
			<CcyNbr>132</CcyNbr>
			<CcyMnrUnts>2</CcyMnrUnts>
		</CcyNtry>
		"
CURRENT:42,CURRENT,CAMBODIA,KH,NORMALIZED_EXISTING_MOTHER_NAME,Riel,KHR,116,2,,,"<CcyNtry>
			<CtryNm>CAMBODIA</CtryNm>
			<CcyNm>Riel</CcyNm>
			<Ccy>KHR</Ccy>
			<CcyNbr>116</CcyNbr>
			<CcyMnrUnts>2</CcyMnrUnts>
		</CcyNtry>
		"
CURRENT:43,CURRENT,CAMEROON,CM,NORMALIZED_EXISTING_MOTHER_NAME,CFA Franc BEAC,XAF,950,0,,,"<CcyNtry>
			<CtryNm>CAMEROON</CtryNm>
			<CcyNm>CFA Franc BEAC</CcyNm>
			<Ccy>XAF</Ccy>
			<CcyNbr>950</CcyNbr>
			<CcyMnrUnts>0</CcyMnrUnts>
		</CcyNtry>
		"
CURRENT:44,CURRENT,CANADA,CA,NORMALIZED_EXISTING_MOTHER_NAME,Canadian Dollar,CAD,124,2,,,"<CcyNtry>
			<CtryNm>CANADA</CtryNm>
			<CcyNm>Canadian Dollar</CcyNm>
			<Ccy>CAD</Ccy>
			<CcyNbr>124</CcyNbr>
			<CcyMnrUnts>2</CcyMnrUnts>
		</CcyNtry>
		"
CURRENT:45,CURRENT,CAYMAN ISLANDS (THE),KY,NORMALIZED_EXISTING_MOTHER_NAME,Cayman Islands Dollar,KYD,136,2,,,"<CcyNtry>
			<CtryNm>CAYMAN ISLANDS (THE)</CtryNm>
			<CcyNm>Cayman Islands Dollar</CcyNm>
			<Ccy>KYD</Ccy>
			<CcyNbr>136</CcyNbr>
			<CcyMnrUnts>2</CcyMnrUnts>
		</CcyNtry>
		"
CURRENT:46,CURRENT,CENTRAL AFRICAN REPUBLIC (THE),CF,NORMALIZED_EXISTING_MOTHER_NAME,CFA Franc BEAC,XAF,950,0,,,"<CcyNtry>
			<CtryNm>CENTRAL AFRICAN REPUBLIC (THE)</CtryNm>
			<CcyNm>CFA Franc BEAC</CcyNm>
			<Ccy>XAF</Ccy>
			<CcyNbr>950</CcyNbr>
			<CcyMnrUnts>0</CcyMnrUnts>
		</CcyNtry>
		"
CURRENT:47,CURRENT,CHAD,TD,NORMALIZED_EXISTING_MOTHER_NAME,CFA Franc BEAC,XAF,950,0,,,"<CcyNtry>
			<CtryNm>CHAD</CtryNm>
			<CcyNm>CFA Franc BEAC</CcyNm>
			<Ccy>XAF</Ccy>
			<CcyNbr>950</CcyNbr>
			<CcyMnrUnts>0</CcyMnrUnts>
		</CcyNtry>
		"
CURRENT:48,CURRENT,CHILE,CL,NORMALIZED_EXISTING_MOTHER_NAME,Chilean Peso,CLP,152,0,,,"<CcyNtry>
			<CtryNm>CHILE</CtryNm>
			<CcyNm>Chilean Peso</CcyNm>
			<Ccy>CLP</Ccy>
			<CcyNbr>152</CcyNbr>
			<CcyMnrUnts>0</CcyMnrUnts>
		</CcyNtry>
		"
CURRENT:49,CURRENT,CHILE,CL,NORMALIZED_EXISTING_MOTHER_NAME,Unidad de Fomento,CLF,990,4,,true,"<CcyNtry>
			<CtryNm>CHILE</CtryNm>
			<CcyNm IsFund=""true"">Unidad de Fomento</CcyNm>
			<Ccy>CLF</Ccy>
			<CcyNbr>990</CcyNbr>
			<CcyMnrUnts>4</CcyMnrUnts>
		</CcyNtry>
		"
CURRENT:50,CURRENT,CHINA,CN,NORMALIZED_EXISTING_MOTHER_NAME,Yuan Renminbi,CNY,156,2,,,"<CcyNtry>
			<CtryNm>CHINA</CtryNm>
			<CcyNm>Yuan Renminbi</CcyNm>
			<Ccy>CNY</Ccy>
			<CcyNbr>156</CcyNbr>
			<CcyMnrUnts>2</CcyMnrUnts>
		</CcyNtry>
		"
CURRENT:51,CURRENT,CHRISTMAS ISLAND,CX,NORMALIZED_EXISTING_MOTHER_NAME,Australian Dollar,AUD,036,2,,,"<CcyNtry>
			<CtryNm>CHRISTMAS ISLAND</CtryNm>
			<CcyNm>Australian Dollar</CcyNm>
			<Ccy>AUD</Ccy>
			<CcyNbr>036</CcyNbr>
			<CcyMnrUnts>2</CcyMnrUnts>
		</CcyNtry>
		"
CURRENT:52,CURRENT,COCOS (KEELING) ISLANDS (THE),CC,NORMALIZED_EXISTING_MOTHER_NAME,Australian Dollar,AUD,036,2,,,"<CcyNtry>
			<CtryNm>COCOS (KEELING) ISLANDS (THE)</CtryNm>
			<CcyNm>Australian Dollar</CcyNm>
			<Ccy>AUD</Ccy>
			<CcyNbr>036</CcyNbr>
			<CcyMnrUnts>2</CcyMnrUnts>
		</CcyNtry>
		"
CURRENT:53,CURRENT,COLOMBIA,CO,NORMALIZED_EXISTING_MOTHER_NAME,Colombian Peso,COP,170,2,,,"<CcyNtry>
			<CtryNm>COLOMBIA</CtryNm>
			<CcyNm>Colombian Peso</CcyNm>
			<Ccy>COP</Ccy>
			<CcyNbr>170</CcyNbr>
			<CcyMnrUnts>2</CcyMnrUnts>
		</CcyNtry>
		"
CURRENT:54,CURRENT,COLOMBIA,CO,NORMALIZED_EXISTING_MOTHER_NAME,Unidad de Valor Real,COU,970,2,,true,"<CcyNtry>
			<CtryNm>COLOMBIA</CtryNm>
			<CcyNm IsFund=""true"">Unidad de Valor Real</CcyNm>
			<Ccy>COU</Ccy>
			<CcyNbr>970</CcyNbr>
			<CcyMnrUnts>2</CcyMnrUnts>
		</CcyNtry>
		"
CURRENT:55,CURRENT,COMOROS (THE),KM,NORMALIZED_EXISTING_MOTHER_NAME,Comorian Franc ,KMF,174,0,,,"<CcyNtry>
			<CtryNm>COMOROS (THE)</CtryNm>
			<CcyNm>Comorian Franc </CcyNm>
			<Ccy>KMF</Ccy>
			<CcyNbr>174</CcyNbr>
			<CcyMnrUnts>0</CcyMnrUnts>
		</CcyNtry>
		"
CURRENT:56,CURRENT,CONGO (THE DEMOCRATIC REPUBLIC OF THE),CD,NORMALIZED_EXISTING_MOTHER_NAME,Congolese Franc,CDF,976,2,,,"<CcyNtry>
			<CtryNm>CONGO (THE DEMOCRATIC REPUBLIC OF THE)</CtryNm>
			<CcyNm>Congolese Franc</CcyNm>
			<Ccy>CDF</Ccy>
			<CcyNbr>976</CcyNbr>
			<CcyMnrUnts>2</CcyMnrUnts>
		</CcyNtry>
		"
CURRENT:57,CURRENT,CONGO (THE),CG,NORMALIZED_EXISTING_MOTHER_NAME,CFA Franc BEAC,XAF,950,0,,,"<CcyNtry>
			<CtryNm>CONGO (THE)</CtryNm>
			<CcyNm>CFA Franc BEAC</CcyNm>
			<Ccy>XAF</Ccy>
			<CcyNbr>950</CcyNbr>
			<CcyMnrUnts>0</CcyMnrUnts>
		</CcyNtry>
		"
CURRENT:58,CURRENT,COOK ISLANDS (THE),CK,NORMALIZED_EXISTING_MOTHER_NAME,New Zealand Dollar,NZD,554,2,,,"<CcyNtry>
			<CtryNm>COOK ISLANDS (THE)</CtryNm>
			<CcyNm>New Zealand Dollar</CcyNm>
			<Ccy>NZD</Ccy>
			<CcyNbr>554</CcyNbr>
			<CcyMnrUnts>2</CcyMnrUnts>
		</CcyNtry>
		"
CURRENT:59,CURRENT,COSTA RICA,CR,NORMALIZED_EXISTING_MOTHER_NAME,Costa Rican Colon,CRC,188,2,,,"<CcyNtry>
			<CtryNm>COSTA RICA</CtryNm>
			<CcyNm>Costa Rican Colon</CcyNm>
			<Ccy>CRC</Ccy>
			<CcyNbr>188</CcyNbr>
			<CcyMnrUnts>2</CcyMnrUnts>
		</CcyNtry>
		"
CURRENT:60,CURRENT,CÔTE D'IVOIRE,CI,NORMALIZED_EXISTING_MOTHER_NAME,CFA Franc BCEAO,XOF,952,0,,,"<CcyNtry>
			<CtryNm>CÔTE D'IVOIRE</CtryNm>
			<CcyNm>CFA Franc BCEAO</CcyNm>
			<Ccy>XOF</Ccy>
			<CcyNbr>952</CcyNbr>
			<CcyMnrUnts>0</CcyMnrUnts>
		</CcyNtry>
		"
CURRENT:61,CURRENT,CROATIA,HR,NORMALIZED_EXISTING_MOTHER_NAME,Euro,EUR,978,2,,,"<CcyNtry>
			<CtryNm>CROATIA</CtryNm>
			<CcyNm>Euro</CcyNm>
			<Ccy>EUR</Ccy>
			<CcyNbr>978</CcyNbr>
			<CcyMnrUnts>2</CcyMnrUnts>
		</CcyNtry>
		"
CURRENT:62,CURRENT,CUBA,CU,NORMALIZED_EXISTING_MOTHER_NAME,Cuban Peso,CUP,192,2,,,"<CcyNtry>
			<CtryNm>CUBA</CtryNm>
			<CcyNm>Cuban Peso</CcyNm>
			<Ccy>CUP</Ccy>
			<CcyNbr>192</CcyNbr>
			<CcyMnrUnts>2</CcyMnrUnts>
		</CcyNtry>
		"
CURRENT:63,CURRENT,CURAÇAO,CW,NORMALIZED_EXISTING_MOTHER_NAME,Caribbean Guilder,XCG,532,2,,,"<CcyNtry>
			<CtryNm>CURAÇAO</CtryNm>
			<CcyNm>Caribbean Guilder</CcyNm>
			<Ccy>XCG</Ccy>
			<CcyNbr>532</CcyNbr>
			<CcyMnrUnts>2</CcyMnrUnts>
		</CcyNtry>
		"
CURRENT:64,CURRENT,CYPRUS,CY,NORMALIZED_EXISTING_MOTHER_NAME,Euro,EUR,978,2,,,"<CcyNtry>
			<CtryNm>CYPRUS</CtryNm>
			<CcyNm>Euro</CcyNm>
			<Ccy>EUR</Ccy>
			<CcyNbr>978</CcyNbr>
			<CcyMnrUnts>2</CcyMnrUnts>
		</CcyNtry>
		"
CURRENT:65,CURRENT,CZECHIA,CZ,NORMALIZED_EXISTING_MOTHER_NAME,Czech Koruna,CZK,203,2,,,"<CcyNtry>
			<CtryNm>CZECHIA</CtryNm>
			<CcyNm>Czech Koruna</CcyNm>
			<Ccy>CZK</Ccy>
			<CcyNbr>203</CcyNbr>
			<CcyMnrUnts>2</CcyMnrUnts>
		</CcyNtry>
		"
CURRENT:66,CURRENT,DENMARK,DK,NORMALIZED_EXISTING_MOTHER_NAME,Danish Krone,DKK,208,2,,,"<CcyNtry>
			<CtryNm>DENMARK</CtryNm>
			<CcyNm>Danish Krone</CcyNm>
			<Ccy>DKK</Ccy>
			<CcyNbr>208</CcyNbr>
			<CcyMnrUnts>2</CcyMnrUnts>
		</CcyNtry>
		"
CURRENT:67,CURRENT,DJIBOUTI,DJ,NORMALIZED_EXISTING_MOTHER_NAME,Djibouti Franc,DJF,262,0,,,"<CcyNtry>
			<CtryNm>DJIBOUTI</CtryNm>
			<CcyNm>Djibouti Franc</CcyNm>
			<Ccy>DJF</Ccy>
			<CcyNbr>262</CcyNbr>
			<CcyMnrUnts>0</CcyMnrUnts>
		</CcyNtry>
		"
CURRENT:68,CURRENT,DOMINICA,DM,NORMALIZED_EXISTING_MOTHER_NAME,East Caribbean Dollar,XCD,951,2,,,"<CcyNtry>
			<CtryNm>DOMINICA</CtryNm>
			<CcyNm>East Caribbean Dollar</CcyNm>
			<Ccy>XCD</Ccy>
			<CcyNbr>951</CcyNbr>
			<CcyMnrUnts>2</CcyMnrUnts>
		</CcyNtry>
		"
CURRENT:69,CURRENT,DOMINICAN REPUBLIC (THE),DO,NORMALIZED_EXISTING_MOTHER_NAME,Dominican Peso,DOP,214,2,,,"<CcyNtry>
			<CtryNm>DOMINICAN REPUBLIC (THE)</CtryNm>
			<CcyNm>Dominican Peso</CcyNm>
			<Ccy>DOP</Ccy>
			<CcyNbr>214</CcyNbr>
			<CcyMnrUnts>2</CcyMnrUnts>
		</CcyNtry>
		"
CURRENT:70,CURRENT,ECUADOR,EC,NORMALIZED_EXISTING_MOTHER_NAME,US Dollar,USD,840,2,,,"<CcyNtry>
			<CtryNm>ECUADOR</CtryNm>
			<CcyNm>US Dollar</CcyNm>
			<Ccy>USD</Ccy>
			<CcyNbr>840</CcyNbr>
			<CcyMnrUnts>2</CcyMnrUnts>
		</CcyNtry>
		"
CURRENT:71,CURRENT,EGYPT,EG,NORMALIZED_EXISTING_MOTHER_NAME,Egyptian Pound,EGP,818,2,,,"<CcyNtry>
			<CtryNm>EGYPT</CtryNm>
			<CcyNm>Egyptian Pound</CcyNm>
			<Ccy>EGP</Ccy>
			<CcyNbr>818</CcyNbr>
			<CcyMnrUnts>2</CcyMnrUnts>
		</CcyNtry>
		"
CURRENT:72,CURRENT,EL SALVADOR,SV,NORMALIZED_EXISTING_MOTHER_NAME,El Salvador Colon,SVC,222,2,,,"<CcyNtry>
			<CtryNm>EL SALVADOR</CtryNm>
			<CcyNm>El Salvador Colon</CcyNm>
			<Ccy>SVC</Ccy>
			<CcyNbr>222</CcyNbr>
			<CcyMnrUnts>2</CcyMnrUnts>
		</CcyNtry>
		"
CURRENT:73,CURRENT,EL SALVADOR,SV,NORMALIZED_EXISTING_MOTHER_NAME,US Dollar,USD,840,2,,,"<CcyNtry>
			<CtryNm>EL SALVADOR</CtryNm>
			<CcyNm>US Dollar</CcyNm>
			<Ccy>USD</Ccy>
			<CcyNbr>840</CcyNbr>
			<CcyMnrUnts>2</CcyMnrUnts>
		</CcyNtry>
		"
CURRENT:74,CURRENT,EQUATORIAL GUINEA,GQ,NORMALIZED_EXISTING_MOTHER_NAME,CFA Franc BEAC,XAF,950,0,,,"<CcyNtry>
			<CtryNm>EQUATORIAL GUINEA</CtryNm>
			<CcyNm>CFA Franc BEAC</CcyNm>
			<Ccy>XAF</Ccy>
			<CcyNbr>950</CcyNbr>
			<CcyMnrUnts>0</CcyMnrUnts>
		</CcyNtry>
		"
CURRENT:75,CURRENT,ERITREA,ER,NORMALIZED_EXISTING_MOTHER_NAME,Nakfa,ERN,232,2,,,"<CcyNtry>
			<CtryNm>ERITREA</CtryNm>
			<CcyNm>Nakfa</CcyNm>
			<Ccy>ERN</Ccy>
			<CcyNbr>232</CcyNbr>
			<CcyMnrUnts>2</CcyMnrUnts>
		</CcyNtry>
		"
CURRENT:76,CURRENT,ESTONIA,EE,NORMALIZED_EXISTING_MOTHER_NAME,Euro,EUR,978,2,,,"<CcyNtry>
			<CtryNm>ESTONIA</CtryNm>
			<CcyNm>Euro</CcyNm>
			<Ccy>EUR</Ccy>
			<CcyNbr>978</CcyNbr>
			<CcyMnrUnts>2</CcyMnrUnts>
		</CcyNtry>
		"
CURRENT:77,CURRENT,ESWATINI,SZ,NORMALIZED_EXISTING_MOTHER_NAME,Lilangeni,SZL,748,2,,,"<CcyNtry>
			<CtryNm>ESWATINI</CtryNm>
			<CcyNm>Lilangeni</CcyNm>
			<Ccy>SZL</Ccy>
			<CcyNbr>748</CcyNbr>
			<CcyMnrUnts>2</CcyMnrUnts>
		</CcyNtry>
		"
CURRENT:78,CURRENT,ETHIOPIA,ET,NORMALIZED_EXISTING_MOTHER_NAME,Ethiopian Birr,ETB,230,2,,,"<CcyNtry>
			<CtryNm>ETHIOPIA</CtryNm>
			<CcyNm>Ethiopian Birr</CcyNm>
			<Ccy>ETB</Ccy>
			<CcyNbr>230</CcyNbr>
			<CcyMnrUnts>2</CcyMnrUnts>
		</CcyNtry>
		"
CURRENT:79,CURRENT,EUROPEAN UNION,,UNMAPPED_OR_NON_COUNTRY_ENTITY,Euro,EUR,978,2,,,"<CcyNtry>
			<CtryNm>EUROPEAN UNION</CtryNm>
			<CcyNm>Euro</CcyNm>
			<Ccy>EUR</Ccy>
			<CcyNbr>978</CcyNbr>
			<CcyMnrUnts>2</CcyMnrUnts>
		</CcyNtry>
		"
CURRENT:80,CURRENT,FALKLAND ISLANDS (THE) [MALVINAS],FK,NORMALIZED_EXISTING_MOTHER_NAME,Falkland Islands Pound,FKP,238,2,,,"<CcyNtry>
			<CtryNm>FALKLAND ISLANDS (THE) [MALVINAS]</CtryNm>
			<CcyNm>Falkland Islands Pound</CcyNm>
			<Ccy>FKP</Ccy>
			<CcyNbr>238</CcyNbr>
			<CcyMnrUnts>2</CcyMnrUnts>
		</CcyNtry>
		"
CURRENT:81,CURRENT,FAROE ISLANDS (THE),FO,NORMALIZED_EXISTING_MOTHER_NAME,Danish Krone,DKK,208,2,,,"<CcyNtry>
			<CtryNm>FAROE ISLANDS (THE)</CtryNm>
			<CcyNm>Danish Krone</CcyNm>
			<Ccy>DKK</Ccy>
			<CcyNbr>208</CcyNbr>
			<CcyMnrUnts>2</CcyMnrUnts>
		</CcyNtry>
		"
CURRENT:82,CURRENT,FIJI,FJ,NORMALIZED_EXISTING_MOTHER_NAME,Fiji Dollar,FJD,242,2,,,"<CcyNtry>
			<CtryNm>FIJI</CtryNm>
			<CcyNm>Fiji Dollar</CcyNm>
			<Ccy>FJD</Ccy>
			<CcyNbr>242</CcyNbr>
			<CcyMnrUnts>2</CcyMnrUnts>
		</CcyNtry>
		"
CURRENT:83,CURRENT,FINLAND,FI,NORMALIZED_EXISTING_MOTHER_NAME,Euro,EUR,978,2,,,"<CcyNtry>
			<CtryNm>FINLAND</CtryNm>
			<CcyNm>Euro</CcyNm>
			<Ccy>EUR</Ccy>
			<CcyNbr>978</CcyNbr>
			<CcyMnrUnts>2</CcyMnrUnts>
		</CcyNtry>
		"
CURRENT:84,CURRENT,FRANCE,FR,NORMALIZED_EXISTING_MOTHER_NAME,Euro,EUR,978,2,,,"<CcyNtry>
			<CtryNm>FRANCE</CtryNm>
			<CcyNm>Euro</CcyNm>
			<Ccy>EUR</Ccy>
			<CcyNbr>978</CcyNbr>
			<CcyMnrUnts>2</CcyMnrUnts>
		</CcyNtry>
		"
CURRENT:85,CURRENT,FRENCH GUIANA,GF,NORMALIZED_EXISTING_MOTHER_NAME,Euro,EUR,978,2,,,"<CcyNtry>
			<CtryNm>FRENCH GUIANA</CtryNm>
			<CcyNm>Euro</CcyNm>
			<Ccy>EUR</Ccy>
			<CcyNbr>978</CcyNbr>
			<CcyMnrUnts>2</CcyMnrUnts>
		</CcyNtry>
		"
CURRENT:86,CURRENT,FRENCH POLYNESIA,PF,NORMALIZED_EXISTING_MOTHER_NAME,CFP Franc,XPF,953,0,,,"<CcyNtry>
			<CtryNm>FRENCH POLYNESIA</CtryNm>
			<CcyNm>CFP Franc</CcyNm>
			<Ccy>XPF</Ccy>
			<CcyNbr>953</CcyNbr>
			<CcyMnrUnts>0</CcyMnrUnts>
		</CcyNtry>
		"
CURRENT:87,CURRENT,FRENCH SOUTHERN TERRITORIES (THE),TF,NORMALIZED_EXISTING_MOTHER_NAME,Euro,EUR,978,2,,,"<CcyNtry>
			<CtryNm>FRENCH SOUTHERN TERRITORIES (THE)</CtryNm>
			<CcyNm>Euro</CcyNm>
			<Ccy>EUR</Ccy>
			<CcyNbr>978</CcyNbr>
			<CcyMnrUnts>2</CcyMnrUnts>
		</CcyNtry>
		"
CURRENT:88,CURRENT,GABON,GA,NORMALIZED_EXISTING_MOTHER_NAME,CFA Franc BEAC,XAF,950,0,,,"<CcyNtry>
			<CtryNm>GABON</CtryNm>
			<CcyNm>CFA Franc BEAC</CcyNm>
			<Ccy>XAF</Ccy>
			<CcyNbr>950</CcyNbr>
			<CcyMnrUnts>0</CcyMnrUnts>
		</CcyNtry>
		"
CURRENT:89,CURRENT,GAMBIA (THE),GM,NORMALIZED_EXISTING_MOTHER_NAME,Dalasi,GMD,270,2,,,"<CcyNtry>
			<CtryNm>GAMBIA (THE)</CtryNm>
			<CcyNm>Dalasi</CcyNm>
			<Ccy>GMD</Ccy>
			<CcyNbr>270</CcyNbr>
			<CcyMnrUnts>2</CcyMnrUnts>
		</CcyNtry>
		"
CURRENT:90,CURRENT,GEORGIA,GE,NORMALIZED_EXISTING_MOTHER_NAME,Lari,GEL,981,2,,,"<CcyNtry>
			<CtryNm>GEORGIA</CtryNm>
			<CcyNm>Lari</CcyNm>
			<Ccy>GEL</Ccy>
			<CcyNbr>981</CcyNbr>
			<CcyMnrUnts>2</CcyMnrUnts>
		</CcyNtry>
		"
CURRENT:91,CURRENT,GERMANY,DE,NORMALIZED_EXISTING_MOTHER_NAME,Euro,EUR,978,2,,,"<CcyNtry>
			<CtryNm>GERMANY</CtryNm>
			<CcyNm>Euro</CcyNm>
			<Ccy>EUR</Ccy>
			<CcyNbr>978</CcyNbr>
			<CcyMnrUnts>2</CcyMnrUnts>
		</CcyNtry>
		"
CURRENT:92,CURRENT,GHANA,GH,NORMALIZED_EXISTING_MOTHER_NAME,Ghana Cedi,GHS,936,2,,,"<CcyNtry>
			<CtryNm>GHANA</CtryNm>
			<CcyNm>Ghana Cedi</CcyNm>
			<Ccy>GHS</Ccy>
			<CcyNbr>936</CcyNbr>
			<CcyMnrUnts>2</CcyMnrUnts>
		</CcyNtry>
		"
CURRENT:93,CURRENT,GIBRALTAR,GI,NORMALIZED_EXISTING_MOTHER_NAME,Gibraltar Pound,GIP,292,2,,,"<CcyNtry>
			<CtryNm>GIBRALTAR</CtryNm>
			<CcyNm>Gibraltar Pound</CcyNm>
			<Ccy>GIP</Ccy>
			<CcyNbr>292</CcyNbr>
			<CcyMnrUnts>2</CcyMnrUnts>
		</CcyNtry>
		"
CURRENT:94,CURRENT,GREECE,GR,NORMALIZED_EXISTING_MOTHER_NAME,Euro,EUR,978,2,,,"<CcyNtry>
			<CtryNm>GREECE</CtryNm>
			<CcyNm>Euro</CcyNm>
			<Ccy>EUR</Ccy>
			<CcyNbr>978</CcyNbr>
			<CcyMnrUnts>2</CcyMnrUnts>
		</CcyNtry>
		"
CURRENT:95,CURRENT,GREENLAND,GL,NORMALIZED_EXISTING_MOTHER_NAME,Danish Krone,DKK,208,2,,,"<CcyNtry>
			<CtryNm>GREENLAND</CtryNm>
			<CcyNm>Danish Krone</CcyNm>
			<Ccy>DKK</Ccy>
			<CcyNbr>208</CcyNbr>
			<CcyMnrUnts>2</CcyMnrUnts>
		</CcyNtry>
		"
CURRENT:96,CURRENT,GRENADA,GD,NORMALIZED_EXISTING_MOTHER_NAME,East Caribbean Dollar,XCD,951,2,,,"<CcyNtry>
			<CtryNm>GRENADA</CtryNm>
			<CcyNm>East Caribbean Dollar</CcyNm>
			<Ccy>XCD</Ccy>
			<CcyNbr>951</CcyNbr>
			<CcyMnrUnts>2</CcyMnrUnts>
		</CcyNtry>
		"
CURRENT:97,CURRENT,GUADELOUPE,GP,NORMALIZED_EXISTING_MOTHER_NAME,Euro,EUR,978,2,,,"<CcyNtry>
			<CtryNm>GUADELOUPE</CtryNm>
			<CcyNm>Euro</CcyNm>
			<Ccy>EUR</Ccy>
			<CcyNbr>978</CcyNbr>
			<CcyMnrUnts>2</CcyMnrUnts>
		</CcyNtry>
		"
CURRENT:98,CURRENT,GUAM,GU,NORMALIZED_EXISTING_MOTHER_NAME,US Dollar,USD,840,2,,,"<CcyNtry>
			<CtryNm>GUAM</CtryNm>
			<CcyNm>US Dollar</CcyNm>
			<Ccy>USD</Ccy>
			<CcyNbr>840</CcyNbr>
			<CcyMnrUnts>2</CcyMnrUnts>
		</CcyNtry>
		"
CURRENT:99,CURRENT,GUATEMALA,GT,NORMALIZED_EXISTING_MOTHER_NAME,Quetzal,GTQ,320,2,,,"<CcyNtry>
			<CtryNm>GUATEMALA</CtryNm>
			<CcyNm>Quetzal</CcyNm>
			<Ccy>GTQ</Ccy>
			<CcyNbr>320</CcyNbr>
			<CcyMnrUnts>2</CcyMnrUnts>
		</CcyNtry>
		"
CURRENT:100,CURRENT,GUERNSEY,GG,NORMALIZED_EXISTING_MOTHER_NAME,Pound Sterling,GBP,826,2,,,"<CcyNtry>
			<CtryNm>GUERNSEY</CtryNm>
			<CcyNm>Pound Sterling</CcyNm>
			<Ccy>GBP</Ccy>
			<CcyNbr>826</CcyNbr>
			<CcyMnrUnts>2</CcyMnrUnts>
		</CcyNtry>
		"
CURRENT:101,CURRENT,GUINEA,GN,NORMALIZED_EXISTING_MOTHER_NAME,Guinean Franc,GNF,324,0,,,"<CcyNtry>
			<CtryNm>GUINEA</CtryNm>
			<CcyNm>Guinean Franc</CcyNm>
			<Ccy>GNF</Ccy>
			<CcyNbr>324</CcyNbr>
			<CcyMnrUnts>0</CcyMnrUnts>
		</CcyNtry>
		"
CURRENT:102,CURRENT,GUINEA-BISSAU,GW,NORMALIZED_EXISTING_MOTHER_NAME,CFA Franc BCEAO,XOF,952,0,,,"<CcyNtry>
			<CtryNm>GUINEA-BISSAU</CtryNm>
			<CcyNm>CFA Franc BCEAO</CcyNm>
			<Ccy>XOF</Ccy>
			<CcyNbr>952</CcyNbr>
			<CcyMnrUnts>0</CcyMnrUnts>
		</CcyNtry>
		"
CURRENT:103,CURRENT,GUYANA,GY,NORMALIZED_EXISTING_MOTHER_NAME,Guyana Dollar,GYD,328,2,,,"<CcyNtry>
			<CtryNm>GUYANA</CtryNm>
			<CcyNm>Guyana Dollar</CcyNm>
			<Ccy>GYD</Ccy>
			<CcyNbr>328</CcyNbr>
			<CcyMnrUnts>2</CcyMnrUnts>
		</CcyNtry>
		"
CURRENT:104,CURRENT,HAITI,HT,NORMALIZED_EXISTING_MOTHER_NAME,Gourde,HTG,332,2,,,"<CcyNtry>
			<CtryNm>HAITI</CtryNm>
			<CcyNm>Gourde</CcyNm>
			<Ccy>HTG</Ccy>
			<CcyNbr>332</CcyNbr>
			<CcyMnrUnts>2</CcyMnrUnts>
		</CcyNtry>
		"
CURRENT:105,CURRENT,HAITI,HT,NORMALIZED_EXISTING_MOTHER_NAME,US Dollar,USD,840,2,,,"<CcyNtry>
			<CtryNm>HAITI</CtryNm>
			<CcyNm>US Dollar</CcyNm>
			<Ccy>USD</Ccy>
			<CcyNbr>840</CcyNbr>
			<CcyMnrUnts>2</CcyMnrUnts>
		</CcyNtry>
		"
CURRENT:106,CURRENT,HEARD ISLAND AND McDONALD ISLANDS,HM,NORMALIZED_EXISTING_MOTHER_NAME,Australian Dollar,AUD,036,2,,,"<CcyNtry>
			<CtryNm>HEARD ISLAND AND McDONALD ISLANDS</CtryNm>
			<CcyNm>Australian Dollar</CcyNm>
			<Ccy>AUD</Ccy>
			<CcyNbr>036</CcyNbr>
			<CcyMnrUnts>2</CcyMnrUnts>
		</CcyNtry>
		"
CURRENT:107,CURRENT,HOLY SEE (THE),VA,EXPLICIT_NAME_ALIAS_REVIEW_REQUIRED,Euro,EUR,978,2,,,"<CcyNtry>
			<CtryNm>HOLY SEE (THE)</CtryNm>
			<CcyNm>Euro</CcyNm>
			<Ccy>EUR</Ccy>
			<CcyNbr>978</CcyNbr>
			<CcyMnrUnts>2</CcyMnrUnts>
		</CcyNtry>
		"
CURRENT:108,CURRENT,HONDURAS,HN,NORMALIZED_EXISTING_MOTHER_NAME,Lempira,HNL,340,2,,,"<CcyNtry>
			<CtryNm>HONDURAS</CtryNm>
			<CcyNm>Lempira</CcyNm>
			<Ccy>HNL</Ccy>
			<CcyNbr>340</CcyNbr>
			<CcyMnrUnts>2</CcyMnrUnts>
		</CcyNtry>
		"
CURRENT:109,CURRENT,HONG KONG,HK,NORMALIZED_EXISTING_MOTHER_NAME,Hong Kong Dollar,HKD,344,2,,,"<CcyNtry>
			<CtryNm>HONG KONG</CtryNm>
			<CcyNm>Hong Kong Dollar</CcyNm>
			<Ccy>HKD</Ccy>
			<CcyNbr>344</CcyNbr>
			<CcyMnrUnts>2</CcyMnrUnts>
		</CcyNtry>
		"
CURRENT:110,CURRENT,HUNGARY,HU,NORMALIZED_EXISTING_MOTHER_NAME,Forint,HUF,348,2,,,"<CcyNtry>
			<CtryNm>HUNGARY</CtryNm>
			<CcyNm>Forint</CcyNm>
			<Ccy>HUF</Ccy>
			<CcyNbr>348</CcyNbr>
			<CcyMnrUnts>2</CcyMnrUnts>
		</CcyNtry>
		"
CURRENT:111,CURRENT,ICELAND,IS,NORMALIZED_EXISTING_MOTHER_NAME,Iceland Krona,ISK,352,0,,,"<CcyNtry>
			<CtryNm>ICELAND</CtryNm>
			<CcyNm>Iceland Krona</CcyNm>
			<Ccy>ISK</Ccy>
			<CcyNbr>352</CcyNbr>
			<CcyMnrUnts>0</CcyMnrUnts>
		</CcyNtry>
		"
CURRENT:112,CURRENT,INDIA,IN,NORMALIZED_EXISTING_MOTHER_NAME,Indian Rupee,INR,356,2,,,"<CcyNtry>
			<CtryNm>INDIA</CtryNm>
			<CcyNm>Indian Rupee</CcyNm>
			<Ccy>INR</Ccy>
			<CcyNbr>356</CcyNbr>
			<CcyMnrUnts>2</CcyMnrUnts>
		</CcyNtry>
		"
CURRENT:113,CURRENT,INDONESIA,ID,NORMALIZED_EXISTING_MOTHER_NAME,Rupiah,IDR,360,2,,,"<CcyNtry>
			<CtryNm>INDONESIA</CtryNm>
			<CcyNm>Rupiah</CcyNm>
			<Ccy>IDR</Ccy>
			<CcyNbr>360</CcyNbr>
			<CcyMnrUnts>2</CcyMnrUnts>
		</CcyNtry>
		"
CURRENT:114,CURRENT,INTERNATIONAL MONETARY FUND (IMF) ,,UNMAPPED_OR_NON_COUNTRY_ENTITY,SDR (Special Drawing Right),XDR,960,N.A.,,,"<CcyNtry>
			<CtryNm>INTERNATIONAL MONETARY FUND (IMF) </CtryNm>
			<CcyNm>SDR (Special Drawing Right)</CcyNm>
			<Ccy>XDR</Ccy>
			<CcyNbr>960</CcyNbr>
			<CcyMnrUnts>N.A.</CcyMnrUnts>
		</CcyNtry>
		"
CURRENT:115,CURRENT,IRAN (ISLAMIC REPUBLIC OF),IR,NORMALIZED_EXISTING_MOTHER_NAME,Iranian Rial,IRR,364,2,,,"<CcyNtry>
			<CtryNm>IRAN (ISLAMIC REPUBLIC OF)</CtryNm>
			<CcyNm>Iranian Rial</CcyNm>
			<Ccy>IRR</Ccy>
			<CcyNbr>364</CcyNbr>
			<CcyMnrUnts>2</CcyMnrUnts>
		</CcyNtry>
		"
CURRENT:116,CURRENT,IRAQ,IQ,NORMALIZED_EXISTING_MOTHER_NAME,Iraqi Dinar,IQD,368,3,,,"<CcyNtry>
			<CtryNm>IRAQ</CtryNm>
			<CcyNm>Iraqi Dinar</CcyNm>
			<Ccy>IQD</Ccy>
			<CcyNbr>368</CcyNbr>
			<CcyMnrUnts>3</CcyMnrUnts>
		</CcyNtry>
		"
CURRENT:117,CURRENT,IRELAND,IE,NORMALIZED_EXISTING_MOTHER_NAME,Euro,EUR,978,2,,,"<CcyNtry>
			<CtryNm>IRELAND</CtryNm>
			<CcyNm>Euro</CcyNm>
			<Ccy>EUR</Ccy>
			<CcyNbr>978</CcyNbr>
			<CcyMnrUnts>2</CcyMnrUnts>
		</CcyNtry>
		"
CURRENT:118,CURRENT,ISLE OF MAN,IM,NORMALIZED_EXISTING_MOTHER_NAME,Pound Sterling,GBP,826,2,,,"<CcyNtry>
			<CtryNm>ISLE OF MAN</CtryNm>
			<CcyNm>Pound Sterling</CcyNm>
			<Ccy>GBP</Ccy>
			<CcyNbr>826</CcyNbr>
			<CcyMnrUnts>2</CcyMnrUnts>
		</CcyNtry>
		"
CURRENT:119,CURRENT,ISRAEL,IL,NORMALIZED_EXISTING_MOTHER_NAME,New Israeli Sheqel,ILS,376,2,,,"<CcyNtry>
			<CtryNm>ISRAEL</CtryNm>
			<CcyNm>New Israeli Sheqel</CcyNm>
			<Ccy>ILS</Ccy>
			<CcyNbr>376</CcyNbr>
			<CcyMnrUnts>2</CcyMnrUnts>
		</CcyNtry>
		"
CURRENT:120,CURRENT,ITALY,IT,NORMALIZED_EXISTING_MOTHER_NAME,Euro,EUR,978,2,,,"<CcyNtry>
			<CtryNm>ITALY</CtryNm>
			<CcyNm>Euro</CcyNm>
			<Ccy>EUR</Ccy>
			<CcyNbr>978</CcyNbr>
			<CcyMnrUnts>2</CcyMnrUnts>
		</CcyNtry>
		"
CURRENT:121,CURRENT,JAMAICA,JM,NORMALIZED_EXISTING_MOTHER_NAME,Jamaican Dollar,JMD,388,2,,,"<CcyNtry>
			<CtryNm>JAMAICA</CtryNm>
			<CcyNm>Jamaican Dollar</CcyNm>
			<Ccy>JMD</Ccy>
			<CcyNbr>388</CcyNbr>
			<CcyMnrUnts>2</CcyMnrUnts>
		</CcyNtry>
		"
CURRENT:122,CURRENT,JAPAN,JP,NORMALIZED_EXISTING_MOTHER_NAME,Yen,JPY,392,0,,,"<CcyNtry>
			<CtryNm>JAPAN</CtryNm>
			<CcyNm>Yen</CcyNm>
			<Ccy>JPY</Ccy>
			<CcyNbr>392</CcyNbr>
			<CcyMnrUnts>0</CcyMnrUnts>
		</CcyNtry>
		"
CURRENT:123,CURRENT,JERSEY,JE,NORMALIZED_EXISTING_MOTHER_NAME,Pound Sterling,GBP,826,2,,,"<CcyNtry>
			<CtryNm>JERSEY</CtryNm>
			<CcyNm>Pound Sterling</CcyNm>
			<Ccy>GBP</Ccy>
			<CcyNbr>826</CcyNbr>
			<CcyMnrUnts>2</CcyMnrUnts>
		</CcyNtry>
		"
CURRENT:124,CURRENT,JORDAN,JO,NORMALIZED_EXISTING_MOTHER_NAME,Jordanian Dinar,JOD,400,3,,,"<CcyNtry>
			<CtryNm>JORDAN</CtryNm>
			<CcyNm>Jordanian Dinar</CcyNm>
			<Ccy>JOD</Ccy>
			<CcyNbr>400</CcyNbr>
			<CcyMnrUnts>3</CcyMnrUnts>
		</CcyNtry>
		"
CURRENT:125,CURRENT,KAZAKHSTAN,KZ,NORMALIZED_EXISTING_MOTHER_NAME,Tenge,KZT,398,2,,,"<CcyNtry>
			<CtryNm>KAZAKHSTAN</CtryNm>
			<CcyNm>Tenge</CcyNm>
			<Ccy>KZT</Ccy>
			<CcyNbr>398</CcyNbr>
			<CcyMnrUnts>2</CcyMnrUnts>
		</CcyNtry>
		"
CURRENT:126,CURRENT,KENYA,KE,NORMALIZED_EXISTING_MOTHER_NAME,Kenyan Shilling,KES,404,2,,,"<CcyNtry>
			<CtryNm>KENYA</CtryNm>
			<CcyNm>Kenyan Shilling</CcyNm>
			<Ccy>KES</Ccy>
			<CcyNbr>404</CcyNbr>
			<CcyMnrUnts>2</CcyMnrUnts>
		</CcyNtry>
		"
CURRENT:127,CURRENT,KIRIBATI,KI,NORMALIZED_EXISTING_MOTHER_NAME,Australian Dollar,AUD,036,2,,,"<CcyNtry>
			<CtryNm>KIRIBATI</CtryNm>
			<CcyNm>Australian Dollar</CcyNm>
			<Ccy>AUD</Ccy>
			<CcyNbr>036</CcyNbr>
			<CcyMnrUnts>2</CcyMnrUnts>
		</CcyNtry>
		"
CURRENT:128,CURRENT,KOREA (THE DEMOCRATIC PEOPLE’S REPUBLIC OF),KP,EXPLICIT_NAME_ALIAS_REVIEW_REQUIRED,North Korean Won,KPW,408,2,,,"<CcyNtry>
			<CtryNm>KOREA (THE DEMOCRATIC PEOPLE’S REPUBLIC OF)</CtryNm>
			<CcyNm>North Korean Won</CcyNm>
			<Ccy>KPW</Ccy>
			<CcyNbr>408</CcyNbr>
			<CcyMnrUnts>2</CcyMnrUnts>
		</CcyNtry>
		"
CURRENT:129,CURRENT,KOREA (THE REPUBLIC OF),KR,EXPLICIT_NAME_ALIAS_REVIEW_REQUIRED,Won,KRW,410,0,,,"<CcyNtry>
			<CtryNm>KOREA (THE REPUBLIC OF)</CtryNm>
			<CcyNm>Won</CcyNm>
			<Ccy>KRW</Ccy>
			<CcyNbr>410</CcyNbr>
			<CcyMnrUnts>0</CcyMnrUnts>
		</CcyNtry>
		"
CURRENT:130,CURRENT,KUWAIT,KW,NORMALIZED_EXISTING_MOTHER_NAME,Kuwaiti Dinar,KWD,414,3,,,"<CcyNtry>
			<CtryNm>KUWAIT</CtryNm>
			<CcyNm>Kuwaiti Dinar</CcyNm>
			<Ccy>KWD</Ccy>
			<CcyNbr>414</CcyNbr>
			<CcyMnrUnts>3</CcyMnrUnts>
		</CcyNtry>
		"
CURRENT:131,CURRENT,KYRGYZSTAN,KG,NORMALIZED_EXISTING_MOTHER_NAME,Som,KGS,417,2,,,"<CcyNtry>
			<CtryNm>KYRGYZSTAN</CtryNm>
			<CcyNm>Som</CcyNm>
			<Ccy>KGS</Ccy>
			<CcyNbr>417</CcyNbr>
			<CcyMnrUnts>2</CcyMnrUnts>
		</CcyNtry>
		"
CURRENT:132,CURRENT,LAO PEOPLE’S DEMOCRATIC REPUBLIC (THE),LA,NORMALIZED_EXISTING_MOTHER_NAME,Lao Kip,LAK,418,2,,,"<CcyNtry>
			<CtryNm>LAO PEOPLE’S DEMOCRATIC REPUBLIC (THE)</CtryNm>
			<CcyNm>Lao Kip</CcyNm>
			<Ccy>LAK</Ccy>
			<CcyNbr>418</CcyNbr>
			<CcyMnrUnts>2</CcyMnrUnts>
		</CcyNtry>
		"
CURRENT:133,CURRENT,LATVIA,LV,NORMALIZED_EXISTING_MOTHER_NAME,Euro,EUR,978,2,,,"<CcyNtry>
			<CtryNm>LATVIA</CtryNm>
			<CcyNm>Euro</CcyNm>
			<Ccy>EUR</Ccy>
			<CcyNbr>978</CcyNbr>
			<CcyMnrUnts>2</CcyMnrUnts>
		</CcyNtry>
		"
CURRENT:134,CURRENT,LEBANON,LB,NORMALIZED_EXISTING_MOTHER_NAME,Lebanese Pound,LBP,422,2,,,"<CcyNtry>
			<CtryNm>LEBANON</CtryNm>
			<CcyNm>Lebanese Pound</CcyNm>
			<Ccy>LBP</Ccy>
			<CcyNbr>422</CcyNbr>
			<CcyMnrUnts>2</CcyMnrUnts>
		</CcyNtry>
		"
CURRENT:135,CURRENT,LESOTHO,LS,NORMALIZED_EXISTING_MOTHER_NAME,Loti,LSL,426,2,,,"<CcyNtry>
			<CtryNm>LESOTHO</CtryNm>
			<CcyNm>Loti</CcyNm>
			<Ccy>LSL</Ccy>
			<CcyNbr>426</CcyNbr>
			<CcyMnrUnts>2</CcyMnrUnts>
		</CcyNtry>
		"
CURRENT:136,CURRENT,LESOTHO,LS,NORMALIZED_EXISTING_MOTHER_NAME,Rand,ZAR,710,2,,,"<CcyNtry>
			<CtryNm>LESOTHO</CtryNm>
			<CcyNm>Rand</CcyNm>
			<Ccy>ZAR</Ccy>
			<CcyNbr>710</CcyNbr>
			<CcyMnrUnts>2</CcyMnrUnts>
		</CcyNtry>
		"
CURRENT:137,CURRENT,LIBERIA,LR,NORMALIZED_EXISTING_MOTHER_NAME,Liberian Dollar,LRD,430,2,,,"<CcyNtry>
			<CtryNm>LIBERIA</CtryNm>
			<CcyNm>Liberian Dollar</CcyNm>
			<Ccy>LRD</Ccy>
			<CcyNbr>430</CcyNbr>
			<CcyMnrUnts>2</CcyMnrUnts>
		</CcyNtry>
		"
CURRENT:138,CURRENT,LIBYA,LY,NORMALIZED_EXISTING_MOTHER_NAME,Libyan Dinar,LYD,434,3,,,"<CcyNtry>
			<CtryNm>LIBYA</CtryNm>
			<CcyNm>Libyan Dinar</CcyNm>
			<Ccy>LYD</Ccy>
			<CcyNbr>434</CcyNbr>
			<CcyMnrUnts>3</CcyMnrUnts>
		</CcyNtry>
		"
CURRENT:139,CURRENT,LIECHTENSTEIN,LI,NORMALIZED_EXISTING_MOTHER_NAME,Swiss Franc,CHF,756,2,,,"<CcyNtry>
			<CtryNm>LIECHTENSTEIN</CtryNm>
			<CcyNm>Swiss Franc</CcyNm>
			<Ccy>CHF</Ccy>
			<CcyNbr>756</CcyNbr>
			<CcyMnrUnts>2</CcyMnrUnts>
		</CcyNtry>
		"
CURRENT:140,CURRENT,LITHUANIA,LT,NORMALIZED_EXISTING_MOTHER_NAME,Euro,EUR,978,2,,,"<CcyNtry>
			<CtryNm>LITHUANIA</CtryNm>
			<CcyNm>Euro</CcyNm>
			<Ccy>EUR</Ccy>
			<CcyNbr>978</CcyNbr>
			<CcyMnrUnts>2</CcyMnrUnts>
		</CcyNtry>
		"
CURRENT:141,CURRENT,LUXEMBOURG,LU,NORMALIZED_EXISTING_MOTHER_NAME,Euro,EUR,978,2,,,"<CcyNtry>
			<CtryNm>LUXEMBOURG</CtryNm>
			<CcyNm>Euro</CcyNm>
			<Ccy>EUR</Ccy>
			<CcyNbr>978</CcyNbr>
			<CcyMnrUnts>2</CcyMnrUnts>
		</CcyNtry>
		"
CURRENT:142,CURRENT,MACAO,MO,NORMALIZED_EXISTING_MOTHER_NAME,Pataca,MOP,446,2,,,"<CcyNtry>
			<CtryNm>MACAO</CtryNm>
			<CcyNm>Pataca</CcyNm>
			<Ccy>MOP</Ccy>
			<CcyNbr>446</CcyNbr>
			<CcyMnrUnts>2</CcyMnrUnts>
		</CcyNtry>
		"
CURRENT:143,CURRENT,NORTH MACEDONIA,MK,NORMALIZED_EXISTING_MOTHER_NAME,Denar,MKD,807,2,,,"<CcyNtry>
			<CtryNm>NORTH MACEDONIA</CtryNm>
			<CcyNm>Denar</CcyNm>
			<Ccy>MKD</Ccy>
			<CcyNbr>807</CcyNbr>
			<CcyMnrUnts>2</CcyMnrUnts>
		</CcyNtry>
		"
CURRENT:144,CURRENT,MADAGASCAR,MG,NORMALIZED_EXISTING_MOTHER_NAME,Malagasy Ariary,MGA,969,2,,,"<CcyNtry>
			<CtryNm>MADAGASCAR</CtryNm>
			<CcyNm>Malagasy Ariary</CcyNm>
			<Ccy>MGA</Ccy>
			<CcyNbr>969</CcyNbr>
			<CcyMnrUnts>2</CcyMnrUnts>
		</CcyNtry>
		"
CURRENT:145,CURRENT,MALAWI,MW,NORMALIZED_EXISTING_MOTHER_NAME,Malawi Kwacha,MWK,454,2,,,"<CcyNtry>
			<CtryNm>MALAWI</CtryNm>
			<CcyNm>Malawi Kwacha</CcyNm>
			<Ccy>MWK</Ccy>
			<CcyNbr>454</CcyNbr>
			<CcyMnrUnts>2</CcyMnrUnts>
		</CcyNtry>
		"
CURRENT:146,CURRENT,MALAYSIA,MY,NORMALIZED_EXISTING_MOTHER_NAME,Malaysian Ringgit,MYR,458,2,,,"<CcyNtry>
			<CtryNm>MALAYSIA</CtryNm>
			<CcyNm>Malaysian Ringgit</CcyNm>
			<Ccy>MYR</Ccy>
			<CcyNbr>458</CcyNbr>
			<CcyMnrUnts>2</CcyMnrUnts>
		</CcyNtry>
		"
CURRENT:147,CURRENT,MALDIVES,MV,NORMALIZED_EXISTING_MOTHER_NAME,Rufiyaa,MVR,462,2,,,"<CcyNtry>
			<CtryNm>MALDIVES</CtryNm>
			<CcyNm>Rufiyaa</CcyNm>
			<Ccy>MVR</Ccy>
			<CcyNbr>462</CcyNbr>
			<CcyMnrUnts>2</CcyMnrUnts>
		</CcyNtry>
		"
CURRENT:148,CURRENT,MALI,ML,NORMALIZED_EXISTING_MOTHER_NAME,CFA Franc BCEAO,XOF,952,0,,,"<CcyNtry>
			<CtryNm>MALI</CtryNm>
			<CcyNm>CFA Franc BCEAO</CcyNm>
			<Ccy>XOF</Ccy>
			<CcyNbr>952</CcyNbr>
			<CcyMnrUnts>0</CcyMnrUnts>
		</CcyNtry>
		"
CURRENT:149,CURRENT,MALTA,MT,NORMALIZED_EXISTING_MOTHER_NAME,Euro,EUR,978,2,,,"<CcyNtry>
			<CtryNm>MALTA</CtryNm>
			<CcyNm>Euro</CcyNm>
			<Ccy>EUR</Ccy>
			<CcyNbr>978</CcyNbr>
			<CcyMnrUnts>2</CcyMnrUnts>
		</CcyNtry>
		"
CURRENT:150,CURRENT,MARSHALL ISLANDS (THE),MH,NORMALIZED_EXISTING_MOTHER_NAME,US Dollar,USD,840,2,,,"<CcyNtry>
			<CtryNm>MARSHALL ISLANDS (THE)</CtryNm>
			<CcyNm>US Dollar</CcyNm>
			<Ccy>USD</Ccy>
			<CcyNbr>840</CcyNbr>
			<CcyMnrUnts>2</CcyMnrUnts>
		</CcyNtry>
		"
CURRENT:151,CURRENT,MARTINIQUE,MQ,NORMALIZED_EXISTING_MOTHER_NAME,Euro,EUR,978,2,,,"<CcyNtry>
			<CtryNm>MARTINIQUE</CtryNm>
			<CcyNm>Euro</CcyNm>
			<Ccy>EUR</Ccy>
			<CcyNbr>978</CcyNbr>
			<CcyMnrUnts>2</CcyMnrUnts>
		</CcyNtry>
		"
CURRENT:152,CURRENT,MAURITANIA,MR,NORMALIZED_EXISTING_MOTHER_NAME,Ouguiya,MRU,929,2,,,"<CcyNtry>
			<CtryNm>MAURITANIA</CtryNm>
			<CcyNm>Ouguiya</CcyNm>
			<Ccy>MRU</Ccy>
			<CcyNbr>929</CcyNbr>
			<CcyMnrUnts>2</CcyMnrUnts>
		</CcyNtry>
		"
CURRENT:153,CURRENT,MAURITIUS,MU,NORMALIZED_EXISTING_MOTHER_NAME,Mauritius Rupee,MUR,480,2,,,"<CcyNtry>
			<CtryNm>MAURITIUS</CtryNm>
			<CcyNm>Mauritius Rupee</CcyNm>
			<Ccy>MUR</Ccy>
			<CcyNbr>480</CcyNbr>
			<CcyMnrUnts>2</CcyMnrUnts>
		</CcyNtry>
		"
CURRENT:154,CURRENT,MAYOTTE,YT,NORMALIZED_EXISTING_MOTHER_NAME,Euro,EUR,978,2,,,"<CcyNtry>
			<CtryNm>MAYOTTE</CtryNm>
			<CcyNm>Euro</CcyNm>
			<Ccy>EUR</Ccy>
			<CcyNbr>978</CcyNbr>
			<CcyMnrUnts>2</CcyMnrUnts>
		</CcyNtry>
		"
CURRENT:155,CURRENT,MEMBER COUNTRIES OF THE AFRICAN DEVELOPMENT BANK GROUP,,UNMAPPED_OR_NON_COUNTRY_ENTITY,ADB Unit of Account,XUA,965,N.A.,,,"<CcyNtry>
			<CtryNm>MEMBER COUNTRIES OF THE AFRICAN DEVELOPMENT BANK GROUP</CtryNm>
			<CcyNm>ADB Unit of Account</CcyNm>
			<Ccy>XUA</Ccy>
			<CcyNbr>965</CcyNbr>
			<CcyMnrUnts>N.A.</CcyMnrUnts>
		</CcyNtry>
		"
CURRENT:156,CURRENT,MEXICO,MX,NORMALIZED_EXISTING_MOTHER_NAME,Mexican Peso,MXN,484,2,,,"<CcyNtry>
			<CtryNm>MEXICO</CtryNm>
			<CcyNm>Mexican Peso</CcyNm>
			<Ccy>MXN</Ccy>
			<CcyNbr>484</CcyNbr>
			<CcyMnrUnts>2</CcyMnrUnts>
		</CcyNtry>
		"
CURRENT:157,CURRENT,MEXICO,MX,NORMALIZED_EXISTING_MOTHER_NAME,Mexican Unidad de Inversion (UDI),MXV,979,2,,true,"<CcyNtry>
			<CtryNm>MEXICO</CtryNm>
			<CcyNm IsFund=""true"">Mexican Unidad de Inversion (UDI)</CcyNm>
			<Ccy>MXV</Ccy>
			<CcyNbr>979</CcyNbr>
			<CcyMnrUnts>2</CcyMnrUnts>
		</CcyNtry>
		"
CURRENT:158,CURRENT,MICRONESIA (FEDERATED STATES OF),FM,NORMALIZED_EXISTING_MOTHER_NAME,US Dollar,USD,840,2,,,"<CcyNtry>
			<CtryNm>MICRONESIA (FEDERATED STATES OF)</CtryNm>
			<CcyNm>US Dollar</CcyNm>
			<Ccy>USD</Ccy>
			<CcyNbr>840</CcyNbr>
			<CcyMnrUnts>2</CcyMnrUnts>
		</CcyNtry>
		"
CURRENT:159,CURRENT,MOLDOVA (THE REPUBLIC OF),MD,EXPLICIT_NAME_ALIAS_REVIEW_REQUIRED,Moldovan Leu,MDL,498,2,,,"<CcyNtry>
			<CtryNm>MOLDOVA (THE REPUBLIC OF)</CtryNm>
			<CcyNm>Moldovan Leu</CcyNm>
			<Ccy>MDL</Ccy>
			<CcyNbr>498</CcyNbr>
			<CcyMnrUnts>2</CcyMnrUnts>
		</CcyNtry>
		"
CURRENT:160,CURRENT,MONACO,MC,NORMALIZED_EXISTING_MOTHER_NAME,Euro,EUR,978,2,,,"<CcyNtry>
			<CtryNm>MONACO</CtryNm>
			<CcyNm>Euro</CcyNm>
			<Ccy>EUR</Ccy>
			<CcyNbr>978</CcyNbr>
			<CcyMnrUnts>2</CcyMnrUnts>
		</CcyNtry>
		"
CURRENT:161,CURRENT,MONGOLIA,MN,NORMALIZED_EXISTING_MOTHER_NAME,Tugrik,MNT,496,2,,,"<CcyNtry>
			<CtryNm>MONGOLIA</CtryNm>
			<CcyNm>Tugrik</CcyNm>
			<Ccy>MNT</Ccy>
			<CcyNbr>496</CcyNbr>
			<CcyMnrUnts>2</CcyMnrUnts>
		</CcyNtry>
		"
CURRENT:162,CURRENT,MONTENEGRO,ME,NORMALIZED_EXISTING_MOTHER_NAME,Euro,EUR,978,2,,,"<CcyNtry>
			<CtryNm>MONTENEGRO</CtryNm>
			<CcyNm>Euro</CcyNm>
			<Ccy>EUR</Ccy>
			<CcyNbr>978</CcyNbr>
			<CcyMnrUnts>2</CcyMnrUnts>
		</CcyNtry>
		"
CURRENT:163,CURRENT,MONTSERRAT,MS,NORMALIZED_EXISTING_MOTHER_NAME,East Caribbean Dollar,XCD,951,2,,,"<CcyNtry>
			<CtryNm>MONTSERRAT</CtryNm>
			<CcyNm>East Caribbean Dollar</CcyNm>
			<Ccy>XCD</Ccy>
			<CcyNbr>951</CcyNbr>
			<CcyMnrUnts>2</CcyMnrUnts>
		</CcyNtry>
		"
CURRENT:164,CURRENT,MOROCCO,MA,NORMALIZED_EXISTING_MOTHER_NAME,Moroccan Dirham,MAD,504,2,,,"<CcyNtry>
			<CtryNm>MOROCCO</CtryNm>
			<CcyNm>Moroccan Dirham</CcyNm>
			<Ccy>MAD</Ccy>
			<CcyNbr>504</CcyNbr>
			<CcyMnrUnts>2</CcyMnrUnts>
		</CcyNtry>
		"
CURRENT:165,CURRENT,MOZAMBIQUE,MZ,NORMALIZED_EXISTING_MOTHER_NAME,Mozambique Metical,MZN,943,2,,,"<CcyNtry>
			<CtryNm>MOZAMBIQUE</CtryNm>
			<CcyNm>Mozambique Metical</CcyNm>
			<Ccy>MZN</Ccy>
			<CcyNbr>943</CcyNbr>
			<CcyMnrUnts>2</CcyMnrUnts>
		</CcyNtry>
		"
CURRENT:166,CURRENT,MYANMAR,MM,NORMALIZED_EXISTING_MOTHER_NAME,Kyat,MMK,104,2,,,"<CcyNtry>
			<CtryNm>MYANMAR</CtryNm>
			<CcyNm>Kyat</CcyNm>
			<Ccy>MMK</Ccy>
			<CcyNbr>104</CcyNbr>
			<CcyMnrUnts>2</CcyMnrUnts>
		</CcyNtry>
		"
CURRENT:167,CURRENT,NAMIBIA,NA,NORMALIZED_EXISTING_MOTHER_NAME,Namibia Dollar,NAD,516,2,,,"<CcyNtry>
			<CtryNm>NAMIBIA</CtryNm>
			<CcyNm>Namibia Dollar</CcyNm>
			<Ccy>NAD</Ccy>
			<CcyNbr>516</CcyNbr>
			<CcyMnrUnts>2</CcyMnrUnts>
		</CcyNtry>
		"
CURRENT:168,CURRENT,NAMIBIA,NA,NORMALIZED_EXISTING_MOTHER_NAME,Rand,ZAR,710,2,,,"<CcyNtry>
			<CtryNm>NAMIBIA</CtryNm>
			<CcyNm>Rand</CcyNm>
			<Ccy>ZAR</Ccy>
			<CcyNbr>710</CcyNbr>
			<CcyMnrUnts>2</CcyMnrUnts>
		</CcyNtry>
		"
CURRENT:169,CURRENT,NAURU,NR,NORMALIZED_EXISTING_MOTHER_NAME,Australian Dollar,AUD,036,2,,,"<CcyNtry>
			<CtryNm>NAURU</CtryNm>
			<CcyNm>Australian Dollar</CcyNm>
			<Ccy>AUD</Ccy>
			<CcyNbr>036</CcyNbr>
			<CcyMnrUnts>2</CcyMnrUnts>
		</CcyNtry>
		"
CURRENT:170,CURRENT,NEPAL,NP,NORMALIZED_EXISTING_MOTHER_NAME,Nepalese Rupee,NPR,524,2,,,"<CcyNtry>
			<CtryNm>NEPAL</CtryNm>
			<CcyNm>Nepalese Rupee</CcyNm>
			<Ccy>NPR</Ccy>
			<CcyNbr>524</CcyNbr>
			<CcyMnrUnts>2</CcyMnrUnts>
		</CcyNtry>
		"
CURRENT:171,CURRENT,NETHERLANDS (THE),NL,NORMALIZED_EXISTING_MOTHER_NAME,Euro,EUR,978,2,,,"<CcyNtry>
			<CtryNm>NETHERLANDS (THE)</CtryNm>
			<CcyNm>Euro</CcyNm>
			<Ccy>EUR</Ccy>
			<CcyNbr>978</CcyNbr>
			<CcyMnrUnts>2</CcyMnrUnts>
		</CcyNtry>
		"
CURRENT:172,CURRENT,NEW CALEDONIA,NC,NORMALIZED_EXISTING_MOTHER_NAME,CFP Franc,XPF,953,0,,,"<CcyNtry>
			<CtryNm>NEW CALEDONIA</CtryNm>
			<CcyNm>CFP Franc</CcyNm>
			<Ccy>XPF</Ccy>
			<CcyNbr>953</CcyNbr>
			<CcyMnrUnts>0</CcyMnrUnts>
		</CcyNtry>
		"
CURRENT:173,CURRENT,NEW ZEALAND,NZ,NORMALIZED_EXISTING_MOTHER_NAME,New Zealand Dollar,NZD,554,2,,,"<CcyNtry>
			<CtryNm>NEW ZEALAND</CtryNm>
			<CcyNm>New Zealand Dollar</CcyNm>
			<Ccy>NZD</Ccy>
			<CcyNbr>554</CcyNbr>
			<CcyMnrUnts>2</CcyMnrUnts>
		</CcyNtry>
		"
CURRENT:174,CURRENT,NICARAGUA,NI,NORMALIZED_EXISTING_MOTHER_NAME,Cordoba Oro,NIO,558,2,,,"<CcyNtry>
			<CtryNm>NICARAGUA</CtryNm>
			<CcyNm>Cordoba Oro</CcyNm>
			<Ccy>NIO</Ccy>
			<CcyNbr>558</CcyNbr>
			<CcyMnrUnts>2</CcyMnrUnts>
		</CcyNtry>
		"
CURRENT:175,CURRENT,NIGER (THE),NE,NORMALIZED_EXISTING_MOTHER_NAME,CFA Franc BCEAO,XOF,952,0,,,"<CcyNtry>
			<CtryNm>NIGER (THE)</CtryNm>
			<CcyNm>CFA Franc BCEAO</CcyNm>
			<Ccy>XOF</Ccy>
			<CcyNbr>952</CcyNbr>
			<CcyMnrUnts>0</CcyMnrUnts>
		</CcyNtry>
		"
CURRENT:176,CURRENT,NIGERIA,NG,NORMALIZED_EXISTING_MOTHER_NAME,Naira,NGN,566,2,,,"<CcyNtry>
			<CtryNm>NIGERIA</CtryNm>
			<CcyNm>Naira</CcyNm>
			<Ccy>NGN</Ccy>
			<CcyNbr>566</CcyNbr>
			<CcyMnrUnts>2</CcyMnrUnts>
		</CcyNtry>
		"
CURRENT:177,CURRENT,NIUE,NU,NORMALIZED_EXISTING_MOTHER_NAME,New Zealand Dollar,NZD,554,2,,,"<CcyNtry>
			<CtryNm>NIUE</CtryNm>
			<CcyNm>New Zealand Dollar</CcyNm>
			<Ccy>NZD</Ccy>
			<CcyNbr>554</CcyNbr>
			<CcyMnrUnts>2</CcyMnrUnts>
		</CcyNtry>
		"
CURRENT:178,CURRENT,NORFOLK ISLAND,NF,NORMALIZED_EXISTING_MOTHER_NAME,Australian Dollar,AUD,036,2,,,"<CcyNtry>
			<CtryNm>NORFOLK ISLAND</CtryNm>
			<CcyNm>Australian Dollar</CcyNm>
			<Ccy>AUD</Ccy>
			<CcyNbr>036</CcyNbr>
			<CcyMnrUnts>2</CcyMnrUnts>
		</CcyNtry>
		"
CURRENT:179,CURRENT,NORTHERN MARIANA ISLANDS (THE),MP,NORMALIZED_EXISTING_MOTHER_NAME,US Dollar,USD,840,2,,,"<CcyNtry>
			<CtryNm>NORTHERN MARIANA ISLANDS (THE)</CtryNm>
			<CcyNm>US Dollar</CcyNm>
			<Ccy>USD</Ccy>
			<CcyNbr>840</CcyNbr>
			<CcyMnrUnts>2</CcyMnrUnts>
		</CcyNtry>
		"
CURRENT:180,CURRENT,NORWAY,NO,NORMALIZED_EXISTING_MOTHER_NAME,Norwegian Krone,NOK,578,2,,,"<CcyNtry>
			<CtryNm>NORWAY</CtryNm>
			<CcyNm>Norwegian Krone</CcyNm>
			<Ccy>NOK</Ccy>
			<CcyNbr>578</CcyNbr>
			<CcyMnrUnts>2</CcyMnrUnts>
		</CcyNtry>
		"
CURRENT:181,CURRENT,OMAN,OM,NORMALIZED_EXISTING_MOTHER_NAME,Rial Omani,OMR,512,3,,,"<CcyNtry>
			<CtryNm>OMAN</CtryNm>
			<CcyNm>Rial Omani</CcyNm>
			<Ccy>OMR</Ccy>
			<CcyNbr>512</CcyNbr>
			<CcyMnrUnts>3</CcyMnrUnts>
		</CcyNtry>
		"
CURRENT:182,CURRENT,PAKISTAN,PK,NORMALIZED_EXISTING_MOTHER_NAME,Pakistan Rupee,PKR,586,2,,,"<CcyNtry>
			<CtryNm>PAKISTAN</CtryNm>
			<CcyNm>Pakistan Rupee</CcyNm>
			<Ccy>PKR</Ccy>
			<CcyNbr>586</CcyNbr>
			<CcyMnrUnts>2</CcyMnrUnts>
		</CcyNtry>
		"
CURRENT:183,CURRENT,PALAU,PW,NORMALIZED_EXISTING_MOTHER_NAME,US Dollar,USD,840,2,,,"<CcyNtry>
			<CtryNm>PALAU</CtryNm>
			<CcyNm>US Dollar</CcyNm>
			<Ccy>USD</Ccy>
			<CcyNbr>840</CcyNbr>
			<CcyMnrUnts>2</CcyMnrUnts>
		</CcyNtry>
		"
CURRENT:184,CURRENT,"PALESTINE, STATE OF",PS,NORMALIZED_EXISTING_MOTHER_NAME,No universal currency,,,,,,"<CcyNtry>
			<CtryNm>PALESTINE, STATE OF</CtryNm>
			<CcyNm>No universal currency</CcyNm>
		</CcyNtry>
		"
CURRENT:185,CURRENT,PANAMA,PA,NORMALIZED_EXISTING_MOTHER_NAME,Balboa,PAB,590,2,,,"<CcyNtry>
			<CtryNm>PANAMA</CtryNm>
			<CcyNm>Balboa</CcyNm>
			<Ccy>PAB</Ccy>
			<CcyNbr>590</CcyNbr>
			<CcyMnrUnts>2</CcyMnrUnts>
		</CcyNtry>
		"
CURRENT:186,CURRENT,PANAMA,PA,NORMALIZED_EXISTING_MOTHER_NAME,US Dollar,USD,840,2,,,"<CcyNtry>
			<CtryNm>PANAMA</CtryNm>
			<CcyNm>US Dollar</CcyNm>
			<Ccy>USD</Ccy>
			<CcyNbr>840</CcyNbr>
			<CcyMnrUnts>2</CcyMnrUnts>
		</CcyNtry>
		"
CURRENT:187,CURRENT,PAPUA NEW GUINEA,PG,NORMALIZED_EXISTING_MOTHER_NAME,Kina,PGK,598,2,,,"<CcyNtry>
			<CtryNm>PAPUA NEW GUINEA</CtryNm>
			<CcyNm>Kina</CcyNm>
			<Ccy>PGK</Ccy>
			<CcyNbr>598</CcyNbr>
			<CcyMnrUnts>2</CcyMnrUnts>
		</CcyNtry>
		"
CURRENT:188,CURRENT,PARAGUAY,PY,NORMALIZED_EXISTING_MOTHER_NAME,Guarani,PYG,600,0,,,"<CcyNtry>
			<CtryNm>PARAGUAY</CtryNm>
			<CcyNm>Guarani</CcyNm>
			<Ccy>PYG</Ccy>
			<CcyNbr>600</CcyNbr>
			<CcyMnrUnts>0</CcyMnrUnts>
		</CcyNtry>
		"
CURRENT:189,CURRENT,PERU,PE,NORMALIZED_EXISTING_MOTHER_NAME,Sol,PEN,604,2,,,"<CcyNtry>
			<CtryNm>PERU</CtryNm>
			<CcyNm>Sol</CcyNm>
			<Ccy>PEN</Ccy>
			<CcyNbr>604</CcyNbr>
			<CcyMnrUnts>2</CcyMnrUnts>
		</CcyNtry>
		"
CURRENT:190,CURRENT,PHILIPPINES (THE),PH,NORMALIZED_EXISTING_MOTHER_NAME,Philippine Peso,PHP,608,2,,,"<CcyNtry>
			<CtryNm>PHILIPPINES (THE)</CtryNm>
			<CcyNm>Philippine Peso</CcyNm>
			<Ccy>PHP</Ccy>
			<CcyNbr>608</CcyNbr>
			<CcyMnrUnts>2</CcyMnrUnts>
		</CcyNtry>
		"
CURRENT:191,CURRENT,PITCAIRN,PN,NORMALIZED_EXISTING_MOTHER_NAME,New Zealand Dollar,NZD,554,2,,,"<CcyNtry>
			<CtryNm>PITCAIRN</CtryNm>
			<CcyNm>New Zealand Dollar</CcyNm>
			<Ccy>NZD</Ccy>
			<CcyNbr>554</CcyNbr>
			<CcyMnrUnts>2</CcyMnrUnts>
		</CcyNtry>
		"
CURRENT:192,CURRENT,POLAND,PL,NORMALIZED_EXISTING_MOTHER_NAME,Zloty,PLN,985,2,,,"<CcyNtry>
			<CtryNm>POLAND</CtryNm>
			<CcyNm>Zloty</CcyNm>
			<Ccy>PLN</Ccy>
			<CcyNbr>985</CcyNbr>
			<CcyMnrUnts>2</CcyMnrUnts>
		</CcyNtry>
		"
CURRENT:193,CURRENT,PORTUGAL,PT,NORMALIZED_EXISTING_MOTHER_NAME,Euro,EUR,978,2,,,"<CcyNtry>
			<CtryNm>PORTUGAL</CtryNm>
			<CcyNm>Euro</CcyNm>
			<Ccy>EUR</Ccy>
			<CcyNbr>978</CcyNbr>
			<CcyMnrUnts>2</CcyMnrUnts>
		</CcyNtry>
		"
CURRENT:194,CURRENT,PUERTO RICO,PR,NORMALIZED_EXISTING_MOTHER_NAME,US Dollar,USD,840,2,,,"<CcyNtry>
			<CtryNm>PUERTO RICO</CtryNm>
			<CcyNm>US Dollar</CcyNm>
			<Ccy>USD</Ccy>
			<CcyNbr>840</CcyNbr>
			<CcyMnrUnts>2</CcyMnrUnts>
		</CcyNtry>
		"
CURRENT:195,CURRENT,QATAR,QA,NORMALIZED_EXISTING_MOTHER_NAME,Qatari Rial,QAR,634,2,,,"<CcyNtry>
			<CtryNm>QATAR</CtryNm>
			<CcyNm>Qatari Rial</CcyNm>
			<Ccy>QAR</Ccy>
			<CcyNbr>634</CcyNbr>
			<CcyMnrUnts>2</CcyMnrUnts>
		</CcyNtry>
		"
CURRENT:196,CURRENT,RÉUNION,RE,NORMALIZED_EXISTING_MOTHER_NAME,Euro,EUR,978,2,,,"<CcyNtry>
			<CtryNm>RÉUNION</CtryNm>
			<CcyNm>Euro</CcyNm>
			<Ccy>EUR</Ccy>
			<CcyNbr>978</CcyNbr>
			<CcyMnrUnts>2</CcyMnrUnts>
		</CcyNtry>
		"
CURRENT:197,CURRENT,ROMANIA,RO,NORMALIZED_EXISTING_MOTHER_NAME,Romanian Leu,RON,946,2,,,"<CcyNtry>
			<CtryNm>ROMANIA</CtryNm>
			<CcyNm>Romanian Leu</CcyNm>
			<Ccy>RON</Ccy>
			<CcyNbr>946</CcyNbr>
			<CcyMnrUnts>2</CcyMnrUnts>
		</CcyNtry>
		"
CURRENT:198,CURRENT,RUSSIAN FEDERATION (THE),RU,NORMALIZED_EXISTING_MOTHER_NAME,Russian Ruble,RUB,643,2,,,"<CcyNtry>
			<CtryNm>RUSSIAN FEDERATION (THE)</CtryNm>
			<CcyNm>Russian Ruble</CcyNm>
			<Ccy>RUB</Ccy>
			<CcyNbr>643</CcyNbr>
			<CcyMnrUnts>2</CcyMnrUnts>
		</CcyNtry>
		"
CURRENT:199,CURRENT,RWANDA,RW,NORMALIZED_EXISTING_MOTHER_NAME,Rwanda Franc,RWF,646,0,,,"<CcyNtry>
			<CtryNm>RWANDA</CtryNm>
			<CcyNm>Rwanda Franc</CcyNm>
			<Ccy>RWF</Ccy>
			<CcyNbr>646</CcyNbr>
			<CcyMnrUnts>0</CcyMnrUnts>
		</CcyNtry>
		"
CURRENT:200,CURRENT,SAINT BARTHÉLEMY,BL,NORMALIZED_EXISTING_MOTHER_NAME,Euro,EUR,978,2,,,"<CcyNtry>
			<CtryNm>SAINT BARTHÉLEMY</CtryNm>
			<CcyNm>Euro</CcyNm>
			<Ccy>EUR</Ccy>
			<CcyNbr>978</CcyNbr>
			<CcyMnrUnts>2</CcyMnrUnts>
		</CcyNtry>
		"
CURRENT:201,CURRENT,"SAINT HELENA, ASCENSION AND TRISTAN DA CUNHA",SH,NORMALIZED_EXISTING_MOTHER_NAME,Saint Helena Pound,SHP,654,2,,,"<CcyNtry>
			<CtryNm>SAINT HELENA, ASCENSION AND TRISTAN DA CUNHA</CtryNm>
			<CcyNm>Saint Helena Pound</CcyNm>
			<Ccy>SHP</Ccy>
			<CcyNbr>654</CcyNbr>
			<CcyMnrUnts>2</CcyMnrUnts>
		</CcyNtry>
		"
CURRENT:202,CURRENT,SAINT KITTS AND NEVIS,KN,NORMALIZED_EXISTING_MOTHER_NAME,East Caribbean Dollar,XCD,951,2,,,"<CcyNtry>
			<CtryNm>SAINT KITTS AND NEVIS</CtryNm>
			<CcyNm>East Caribbean Dollar</CcyNm>
			<Ccy>XCD</Ccy>
			<CcyNbr>951</CcyNbr>
			<CcyMnrUnts>2</CcyMnrUnts>
		</CcyNtry>
		"
CURRENT:203,CURRENT,SAINT LUCIA,LC,NORMALIZED_EXISTING_MOTHER_NAME,East Caribbean Dollar,XCD,951,2,,,"<CcyNtry>
			<CtryNm>SAINT LUCIA</CtryNm>
			<CcyNm>East Caribbean Dollar</CcyNm>
			<Ccy>XCD</Ccy>
			<CcyNbr>951</CcyNbr>
			<CcyMnrUnts>2</CcyMnrUnts>
		</CcyNtry>
		"
CURRENT:204,CURRENT,SAINT MARTIN (FRENCH PART),MF,NORMALIZED_EXISTING_MOTHER_NAME,Euro,EUR,978,2,,,"<CcyNtry>
			<CtryNm>SAINT MARTIN (FRENCH PART)</CtryNm>
			<CcyNm>Euro</CcyNm>
			<Ccy>EUR</Ccy>
			<CcyNbr>978</CcyNbr>
			<CcyMnrUnts>2</CcyMnrUnts>
		</CcyNtry>
		"
CURRENT:205,CURRENT,SAINT PIERRE AND MIQUELON,PM,NORMALIZED_EXISTING_MOTHER_NAME,Euro,EUR,978,2,,,"<CcyNtry>
			<CtryNm>SAINT PIERRE AND MIQUELON</CtryNm>
			<CcyNm>Euro</CcyNm>
			<Ccy>EUR</Ccy>
			<CcyNbr>978</CcyNbr>
			<CcyMnrUnts>2</CcyMnrUnts>
		</CcyNtry>
		"
CURRENT:206,CURRENT,SAINT VINCENT AND THE GRENADINES,VC,NORMALIZED_EXISTING_MOTHER_NAME,East Caribbean Dollar,XCD,951,2,,,"<CcyNtry>
			<CtryNm>SAINT VINCENT AND THE GRENADINES</CtryNm>
			<CcyNm>East Caribbean Dollar</CcyNm>
			<Ccy>XCD</Ccy>
			<CcyNbr>951</CcyNbr>
			<CcyMnrUnts>2</CcyMnrUnts>
		</CcyNtry>
		"
CURRENT:207,CURRENT,SAMOA,WS,NORMALIZED_EXISTING_MOTHER_NAME,Tala,WST,882,2,,,"<CcyNtry>
			<CtryNm>SAMOA</CtryNm>
			<CcyNm>Tala</CcyNm>
			<Ccy>WST</Ccy>
			<CcyNbr>882</CcyNbr>
			<CcyMnrUnts>2</CcyMnrUnts>
		</CcyNtry>
		"
CURRENT:208,CURRENT,SAN MARINO,SM,NORMALIZED_EXISTING_MOTHER_NAME,Euro,EUR,978,2,,,"<CcyNtry>
			<CtryNm>SAN MARINO</CtryNm>
			<CcyNm>Euro</CcyNm>
			<Ccy>EUR</Ccy>
			<CcyNbr>978</CcyNbr>
			<CcyMnrUnts>2</CcyMnrUnts>
		</CcyNtry>
		"
CURRENT:209,CURRENT,SAO TOME AND PRINCIPE,ST,NORMALIZED_EXISTING_MOTHER_NAME,Dobra,STN,930,2,,,"<CcyNtry>
			<CtryNm>SAO TOME AND PRINCIPE</CtryNm>
			<CcyNm>Dobra</CcyNm>
			<Ccy>STN</Ccy>
			<CcyNbr>930</CcyNbr>
			<CcyMnrUnts>2</CcyMnrUnts>
		</CcyNtry>
		"
CURRENT:210,CURRENT,SAUDI ARABIA,SA,NORMALIZED_EXISTING_MOTHER_NAME,Saudi Riyal,SAR,682,2,,,"<CcyNtry>
			<CtryNm>SAUDI ARABIA</CtryNm>
			<CcyNm>Saudi Riyal</CcyNm>
			<Ccy>SAR</Ccy>
			<CcyNbr>682</CcyNbr>
			<CcyMnrUnts>2</CcyMnrUnts>
		</CcyNtry>
		"
CURRENT:211,CURRENT,SENEGAL,SN,NORMALIZED_EXISTING_MOTHER_NAME,CFA Franc BCEAO,XOF,952,0,,,"<CcyNtry>
			<CtryNm>SENEGAL</CtryNm>
			<CcyNm>CFA Franc BCEAO</CcyNm>
			<Ccy>XOF</Ccy>
			<CcyNbr>952</CcyNbr>
			<CcyMnrUnts>0</CcyMnrUnts>
		</CcyNtry>
		"
CURRENT:212,CURRENT,SERBIA,RS,NORMALIZED_EXISTING_MOTHER_NAME,Serbian Dinar,RSD,941,2,,,"<CcyNtry>
			<CtryNm>SERBIA</CtryNm>
			<CcyNm>Serbian Dinar</CcyNm>
			<Ccy>RSD</Ccy>
			<CcyNbr>941</CcyNbr>
			<CcyMnrUnts>2</CcyMnrUnts>
		</CcyNtry>
		"
CURRENT:213,CURRENT,SEYCHELLES,SC,NORMALIZED_EXISTING_MOTHER_NAME,Seychelles Rupee,SCR,690,2,,,"<CcyNtry>
			<CtryNm>SEYCHELLES</CtryNm>
			<CcyNm>Seychelles Rupee</CcyNm>
			<Ccy>SCR</Ccy>
			<CcyNbr>690</CcyNbr>
			<CcyMnrUnts>2</CcyMnrUnts>
		</CcyNtry>
		"
CURRENT:214,CURRENT,SIERRA LEONE,SL,NORMALIZED_EXISTING_MOTHER_NAME,Leone,SLE,925,2,,,"<CcyNtry>
			<CtryNm>SIERRA LEONE</CtryNm>
			<CcyNm>Leone</CcyNm>
			<Ccy>SLE</Ccy>
			<CcyNbr>925</CcyNbr>
			<CcyMnrUnts>2</CcyMnrUnts>
		</CcyNtry>
		"
CURRENT:215,CURRENT,SINGAPORE,SG,NORMALIZED_EXISTING_MOTHER_NAME,Singapore Dollar,SGD,702,2,,,"<CcyNtry>
			<CtryNm>SINGAPORE</CtryNm>
			<CcyNm>Singapore Dollar</CcyNm>
			<Ccy>SGD</Ccy>
			<CcyNbr>702</CcyNbr>
			<CcyMnrUnts>2</CcyMnrUnts>
		</CcyNtry>
		"
CURRENT:216,CURRENT,SINT MAARTEN (DUTCH PART),SX,NORMALIZED_EXISTING_MOTHER_NAME,Caribbean Guilder,XCG,532,2,,,"<CcyNtry>
			<CtryNm>SINT MAARTEN (DUTCH PART)</CtryNm>
			<CcyNm>Caribbean Guilder</CcyNm>
			<Ccy>XCG</Ccy>
			<CcyNbr>532</CcyNbr>
			<CcyMnrUnts>2</CcyMnrUnts>
		</CcyNtry>
		"
CURRENT:217,CURRENT,"SISTEMA UNITARIO DE COMPENSACION REGIONAL DE PAGOS ""SUCRE""",,UNMAPPED_OR_NON_COUNTRY_ENTITY,Sucre,XSU,994,N.A.,,,"<CcyNtry>
			<CtryNm>SISTEMA UNITARIO DE COMPENSACION REGIONAL DE PAGOS ""SUCRE""</CtryNm>
			<CcyNm>Sucre</CcyNm>
			<Ccy>XSU</Ccy>
			<CcyNbr>994</CcyNbr>
			<CcyMnrUnts>N.A.</CcyMnrUnts>
		</CcyNtry>
		"
CURRENT:218,CURRENT,SLOVAKIA,SK,NORMALIZED_EXISTING_MOTHER_NAME,Euro,EUR,978,2,,,"<CcyNtry>
			<CtryNm>SLOVAKIA</CtryNm>
			<CcyNm>Euro</CcyNm>
			<Ccy>EUR</Ccy>
			<CcyNbr>978</CcyNbr>
			<CcyMnrUnts>2</CcyMnrUnts>
		</CcyNtry>
		"
CURRENT:219,CURRENT,SLOVENIA,SI,NORMALIZED_EXISTING_MOTHER_NAME,Euro,EUR,978,2,,,"<CcyNtry>
			<CtryNm>SLOVENIA</CtryNm>
			<CcyNm>Euro</CcyNm>
			<Ccy>EUR</Ccy>
			<CcyNbr>978</CcyNbr>
			<CcyMnrUnts>2</CcyMnrUnts>
		</CcyNtry>
		"
CURRENT:220,CURRENT,SOLOMON ISLANDS,SB,NORMALIZED_EXISTING_MOTHER_NAME,Solomon Islands Dollar,SBD,090,2,,,"<CcyNtry>
			<CtryNm>SOLOMON ISLANDS</CtryNm>
			<CcyNm>Solomon Islands Dollar</CcyNm>
			<Ccy>SBD</Ccy>
			<CcyNbr>090</CcyNbr>
			<CcyMnrUnts>2</CcyMnrUnts>
		</CcyNtry>
		"
CURRENT:221,CURRENT,SOMALIA,SO,NORMALIZED_EXISTING_MOTHER_NAME,Somali Shilling,SOS,706,2,,,"<CcyNtry>
			<CtryNm>SOMALIA</CtryNm>
			<CcyNm>Somali Shilling</CcyNm>
			<Ccy>SOS</Ccy>
			<CcyNbr>706</CcyNbr>
			<CcyMnrUnts>2</CcyMnrUnts>
		</CcyNtry>
		"
CURRENT:222,CURRENT,SOUTH AFRICA,ZA,NORMALIZED_EXISTING_MOTHER_NAME,Rand,ZAR,710,2,,,"<CcyNtry>
			<CtryNm>SOUTH AFRICA</CtryNm>
			<CcyNm>Rand</CcyNm>
			<Ccy>ZAR</Ccy>
			<CcyNbr>710</CcyNbr>
			<CcyMnrUnts>2</CcyMnrUnts>
		</CcyNtry>
		"
CURRENT:223,CURRENT,SOUTH GEORGIA AND THE SOUTH SANDWICH ISLANDS,GS,NORMALIZED_EXISTING_MOTHER_NAME,No universal currency,,,,,,"<CcyNtry>
			<CtryNm>SOUTH GEORGIA AND THE SOUTH SANDWICH ISLANDS</CtryNm>
			<CcyNm>No universal currency</CcyNm>
		</CcyNtry>
		"
CURRENT:224,CURRENT,SOUTH SUDAN,SS,NORMALIZED_EXISTING_MOTHER_NAME,South Sudanese Pound,SSP,728,2,,,"<CcyNtry>
			<CtryNm>SOUTH SUDAN</CtryNm>
			<CcyNm>South Sudanese Pound</CcyNm>
			<Ccy>SSP</Ccy>
			<CcyNbr>728</CcyNbr>
			<CcyMnrUnts>2</CcyMnrUnts>
		</CcyNtry>
		"
CURRENT:225,CURRENT,SPAIN,ES,NORMALIZED_EXISTING_MOTHER_NAME,Euro,EUR,978,2,,,"<CcyNtry>
			<CtryNm>SPAIN</CtryNm>
			<CcyNm>Euro</CcyNm>
			<Ccy>EUR</Ccy>
			<CcyNbr>978</CcyNbr>
			<CcyMnrUnts>2</CcyMnrUnts>
		</CcyNtry>
		"
CURRENT:226,CURRENT,SRI LANKA,LK,NORMALIZED_EXISTING_MOTHER_NAME,Sri Lanka Rupee,LKR,144,2,,,"<CcyNtry>
			<CtryNm>SRI LANKA</CtryNm>
			<CcyNm>Sri Lanka Rupee</CcyNm>
			<Ccy>LKR</Ccy>
			<CcyNbr>144</CcyNbr>
			<CcyMnrUnts>2</CcyMnrUnts>
		</CcyNtry>
		"
CURRENT:227,CURRENT,SUDAN (THE),SD,NORMALIZED_EXISTING_MOTHER_NAME,Sudanese Pound,SDG,938,2,,,"<CcyNtry>
			<CtryNm>SUDAN (THE)</CtryNm>
			<CcyNm>Sudanese Pound</CcyNm>
			<Ccy>SDG</Ccy>
			<CcyNbr>938</CcyNbr>
			<CcyMnrUnts>2</CcyMnrUnts>
		</CcyNtry>
		"
CURRENT:228,CURRENT,SURINAME,SR,NORMALIZED_EXISTING_MOTHER_NAME,Surinam Dollar,SRD,968,2,,,"<CcyNtry>
			<CtryNm>SURINAME</CtryNm>
			<CcyNm>Surinam Dollar</CcyNm>
			<Ccy>SRD</Ccy>
			<CcyNbr>968</CcyNbr>
			<CcyMnrUnts>2</CcyMnrUnts>
		</CcyNtry>
		"
CURRENT:229,CURRENT,SVALBARD AND JAN MAYEN,SJ,NORMALIZED_EXISTING_MOTHER_NAME,Norwegian Krone,NOK,578,2,,,"<CcyNtry>
			<CtryNm>SVALBARD AND JAN MAYEN</CtryNm>
			<CcyNm>Norwegian Krone</CcyNm>
			<Ccy>NOK</Ccy>
			<CcyNbr>578</CcyNbr>
			<CcyMnrUnts>2</CcyMnrUnts>
		</CcyNtry>
		"
CURRENT:230,CURRENT,SWEDEN,SE,NORMALIZED_EXISTING_MOTHER_NAME,Swedish Krona,SEK,752,2,,,"<CcyNtry>
			<CtryNm>SWEDEN</CtryNm>
			<CcyNm>Swedish Krona</CcyNm>
			<Ccy>SEK</Ccy>
			<CcyNbr>752</CcyNbr>
			<CcyMnrUnts>2</CcyMnrUnts>
		</CcyNtry>
		"
CURRENT:231,CURRENT,SWITZERLAND,CH,NORMALIZED_EXISTING_MOTHER_NAME,Swiss Franc,CHF,756,2,,,"<CcyNtry>
			<CtryNm>SWITZERLAND</CtryNm>
			<CcyNm>Swiss Franc</CcyNm>
			<Ccy>CHF</Ccy>
			<CcyNbr>756</CcyNbr>
			<CcyMnrUnts>2</CcyMnrUnts>
		</CcyNtry>
		"
CURRENT:232,CURRENT,SWITZERLAND,CH,NORMALIZED_EXISTING_MOTHER_NAME,WIR Euro,CHE,947,2,,true,"<CcyNtry>
			<CtryNm>SWITZERLAND</CtryNm>
			<CcyNm IsFund=""true"">WIR Euro</CcyNm>
			<Ccy>CHE</Ccy>
			<CcyNbr>947</CcyNbr>
			<CcyMnrUnts>2</CcyMnrUnts>
		</CcyNtry>
		"
CURRENT:233,CURRENT,SWITZERLAND,CH,NORMALIZED_EXISTING_MOTHER_NAME,WIR Franc,CHW,948,2,,true,"<CcyNtry>
			<CtryNm>SWITZERLAND</CtryNm>
			<CcyNm IsFund=""true"">WIR Franc</CcyNm>
			<Ccy>CHW</Ccy>
			<CcyNbr>948</CcyNbr>
			<CcyMnrUnts>2</CcyMnrUnts>
		</CcyNtry>
		"
CURRENT:234,CURRENT,SYRIAN ARAB REPUBLIC,SY,NORMALIZED_EXISTING_MOTHER_NAME,Syrian Pound,SYP,760,2,,,"<CcyNtry>
			<CtryNm>SYRIAN ARAB REPUBLIC</CtryNm>
			<CcyNm>Syrian Pound</CcyNm>
			<Ccy>SYP</Ccy>
			<CcyNbr>760</CcyNbr>
			<CcyMnrUnts>2</CcyMnrUnts>
		</CcyNtry>
		"
CURRENT:235,CURRENT,TAIWAN (PROVINCE OF CHINA),TW,NORMALIZED_EXISTING_MOTHER_NAME,New Taiwan Dollar,TWD,901,2,,,"<CcyNtry>
			<CtryNm>TAIWAN (PROVINCE OF CHINA)</CtryNm>
			<CcyNm>New Taiwan Dollar</CcyNm>
			<Ccy>TWD</Ccy>
			<CcyNbr>901</CcyNbr>
			<CcyMnrUnts>2</CcyMnrUnts>
		</CcyNtry>
		"
CURRENT:236,CURRENT,TAJIKISTAN,TJ,NORMALIZED_EXISTING_MOTHER_NAME,Somoni,TJS,972,2,,,"<CcyNtry>
			<CtryNm>TAJIKISTAN</CtryNm>
			<CcyNm>Somoni</CcyNm>
			<Ccy>TJS</Ccy>
			<CcyNbr>972</CcyNbr>
			<CcyMnrUnts>2</CcyMnrUnts>
		</CcyNtry>
		"
CURRENT:237,CURRENT,"TANZANIA, UNITED REPUBLIC OF",TZ,NORMALIZED_EXISTING_MOTHER_NAME,Tanzanian Shilling,TZS,834,2,,,"<CcyNtry>
			<CtryNm>TANZANIA, UNITED REPUBLIC OF</CtryNm>
			<CcyNm>Tanzanian Shilling</CcyNm>
			<Ccy>TZS</Ccy>
			<CcyNbr>834</CcyNbr>
			<CcyMnrUnts>2</CcyMnrUnts>
		</CcyNtry>
		"
CURRENT:238,CURRENT,THAILAND,TH,NORMALIZED_EXISTING_MOTHER_NAME,Baht,THB,764,2,,,"<CcyNtry>
			<CtryNm>THAILAND</CtryNm>
			<CcyNm>Baht</CcyNm>
			<Ccy>THB</Ccy>
			<CcyNbr>764</CcyNbr>
			<CcyMnrUnts>2</CcyMnrUnts>
		</CcyNtry>
		"
CURRENT:239,CURRENT,TIMOR-LESTE,TL,NORMALIZED_EXISTING_MOTHER_NAME,US Dollar,USD,840,2,,,"<CcyNtry>
			<CtryNm>TIMOR-LESTE</CtryNm>
			<CcyNm>US Dollar</CcyNm>
			<Ccy>USD</Ccy>
			<CcyNbr>840</CcyNbr>
			<CcyMnrUnts>2</CcyMnrUnts>
		</CcyNtry>
		"
CURRENT:240,CURRENT,TOGO,TG,NORMALIZED_EXISTING_MOTHER_NAME,CFA Franc BCEAO,XOF,952,0,,,"<CcyNtry>
			<CtryNm>TOGO</CtryNm>
			<CcyNm>CFA Franc BCEAO</CcyNm>
			<Ccy>XOF</Ccy>
			<CcyNbr>952</CcyNbr>
			<CcyMnrUnts>0</CcyMnrUnts>
		</CcyNtry>
		"
CURRENT:241,CURRENT,TOKELAU,TK,NORMALIZED_EXISTING_MOTHER_NAME,New Zealand Dollar,NZD,554,2,,,"<CcyNtry>
			<CtryNm>TOKELAU</CtryNm>
			<CcyNm>New Zealand Dollar</CcyNm>
			<Ccy>NZD</Ccy>
			<CcyNbr>554</CcyNbr>
			<CcyMnrUnts>2</CcyMnrUnts>
		</CcyNtry>
		"
CURRENT:242,CURRENT,TONGA,TO,NORMALIZED_EXISTING_MOTHER_NAME,Pa’anga,TOP,776,2,,,"<CcyNtry>
			<CtryNm>TONGA</CtryNm>
			<CcyNm>Pa’anga</CcyNm>
			<Ccy>TOP</Ccy>
			<CcyNbr>776</CcyNbr>
			<CcyMnrUnts>2</CcyMnrUnts>
		</CcyNtry>
		"
CURRENT:243,CURRENT,TRINIDAD AND TOBAGO,TT,NORMALIZED_EXISTING_MOTHER_NAME,Trinidad and Tobago Dollar,TTD,780,2,,,"<CcyNtry>
			<CtryNm>TRINIDAD AND TOBAGO</CtryNm>
			<CcyNm>Trinidad and Tobago Dollar</CcyNm>
			<Ccy>TTD</Ccy>
			<CcyNbr>780</CcyNbr>
			<CcyMnrUnts>2</CcyMnrUnts>
		</CcyNtry>
		"
CURRENT:244,CURRENT,TUNISIA,TN,NORMALIZED_EXISTING_MOTHER_NAME,Tunisian Dinar,TND,788,3,,,"<CcyNtry>
			<CtryNm>TUNISIA</CtryNm>
			<CcyNm>Tunisian Dinar</CcyNm>
			<Ccy>TND</Ccy>
			<CcyNbr>788</CcyNbr>
			<CcyMnrUnts>3</CcyMnrUnts>
		</CcyNtry>
		"
CURRENT:245,CURRENT,TÜRKİYE,TR,NORMALIZED_EXISTING_MOTHER_NAME,Turkish Lira,TRY,949,2,,,"<CcyNtry>
			<CtryNm>TÜRKİYE</CtryNm>
			<CcyNm>Turkish Lira</CcyNm>
			<Ccy>TRY</Ccy>
			<CcyNbr>949</CcyNbr>
			<CcyMnrUnts>2</CcyMnrUnts>
		</CcyNtry>
		"
CURRENT:246,CURRENT,TURKMENISTAN,TM,NORMALIZED_EXISTING_MOTHER_NAME,Turkmenistan New Manat,TMT,934,2,,,"<CcyNtry>
			<CtryNm>TURKMENISTAN</CtryNm>
			<CcyNm>Turkmenistan New Manat</CcyNm>
			<Ccy>TMT</Ccy>
			<CcyNbr>934</CcyNbr>
			<CcyMnrUnts>2</CcyMnrUnts>
		</CcyNtry>
		"
CURRENT:247,CURRENT,TURKS AND CAICOS ISLANDS (THE),TC,NORMALIZED_EXISTING_MOTHER_NAME,US Dollar,USD,840,2,,,"<CcyNtry>
			<CtryNm>TURKS AND CAICOS ISLANDS (THE)</CtryNm>
			<CcyNm>US Dollar</CcyNm>
			<Ccy>USD</Ccy>
			<CcyNbr>840</CcyNbr>
			<CcyMnrUnts>2</CcyMnrUnts>
		</CcyNtry>
		"
CURRENT:248,CURRENT,TUVALU,TV,NORMALIZED_EXISTING_MOTHER_NAME,Australian Dollar,AUD,036,2,,,"<CcyNtry>
			<CtryNm>TUVALU</CtryNm>
			<CcyNm>Australian Dollar</CcyNm>
			<Ccy>AUD</Ccy>
			<CcyNbr>036</CcyNbr>
			<CcyMnrUnts>2</CcyMnrUnts>
		</CcyNtry>
		"
CURRENT:249,CURRENT,UGANDA,UG,NORMALIZED_EXISTING_MOTHER_NAME,Uganda Shilling,UGX,800,0,,,"<CcyNtry>
			<CtryNm>UGANDA</CtryNm>
			<CcyNm>Uganda Shilling</CcyNm>
			<Ccy>UGX</Ccy>
			<CcyNbr>800</CcyNbr>
			<CcyMnrUnts>0</CcyMnrUnts>
		</CcyNtry>
		"
CURRENT:250,CURRENT,UKRAINE,UA,NORMALIZED_EXISTING_MOTHER_NAME,Hryvnia,UAH,980,2,,,"<CcyNtry>
			<CtryNm>UKRAINE</CtryNm>
			<CcyNm>Hryvnia</CcyNm>
			<Ccy>UAH</Ccy>
			<CcyNbr>980</CcyNbr>
			<CcyMnrUnts>2</CcyMnrUnts>
		</CcyNtry>
		"
CURRENT:251,CURRENT,UNITED ARAB EMIRATES (THE),AE,NORMALIZED_EXISTING_MOTHER_NAME,UAE Dirham,AED,784,2,,,"<CcyNtry>
			<CtryNm>UNITED ARAB EMIRATES (THE)</CtryNm>
			<CcyNm>UAE Dirham</CcyNm>
			<Ccy>AED</Ccy>
			<CcyNbr>784</CcyNbr>
			<CcyMnrUnts>2</CcyMnrUnts>
		</CcyNtry>
		"
CURRENT:252,CURRENT,UNITED KINGDOM OF GREAT BRITAIN AND NORTHERN IRELAND (THE),GB,NORMALIZED_EXISTING_MOTHER_NAME,Pound Sterling,GBP,826,2,,,"<CcyNtry>
			<CtryNm>UNITED KINGDOM OF GREAT BRITAIN AND NORTHERN IRELAND (THE)</CtryNm>
			<CcyNm>Pound Sterling</CcyNm>
			<Ccy>GBP</Ccy>
			<CcyNbr>826</CcyNbr>
			<CcyMnrUnts>2</CcyMnrUnts>
		</CcyNtry>
		"
CURRENT:253,CURRENT,UNITED STATES MINOR OUTLYING ISLANDS (THE),UM,NORMALIZED_EXISTING_MOTHER_NAME,US Dollar,USD,840,2,,,"<CcyNtry>
			<CtryNm>UNITED STATES MINOR OUTLYING ISLANDS (THE)</CtryNm>
			<CcyNm>US Dollar</CcyNm>
			<Ccy>USD</Ccy>
			<CcyNbr>840</CcyNbr>
			<CcyMnrUnts>2</CcyMnrUnts>
		</CcyNtry>
		"
CURRENT:254,CURRENT,UNITED STATES OF AMERICA (THE),US,NORMALIZED_EXISTING_MOTHER_NAME,US Dollar,USD,840,2,,,"<CcyNtry>
			<CtryNm>UNITED STATES OF AMERICA (THE)</CtryNm>
			<CcyNm>US Dollar</CcyNm>
			<Ccy>USD</Ccy>
			<CcyNbr>840</CcyNbr>
			<CcyMnrUnts>2</CcyMnrUnts>
		</CcyNtry>
		"
CURRENT:255,CURRENT,UNITED STATES OF AMERICA (THE),US,NORMALIZED_EXISTING_MOTHER_NAME,US Dollar (Next day),USN,997,2,,true,"<CcyNtry>
			<CtryNm>UNITED STATES OF AMERICA (THE)</CtryNm>
			<CcyNm IsFund=""true"">US Dollar (Next day)</CcyNm>
			<Ccy>USN</Ccy>
			<CcyNbr>997</CcyNbr>
			<CcyMnrUnts>2</CcyMnrUnts>
		</CcyNtry>
		"
CURRENT:256,CURRENT,URUGUAY,UY,NORMALIZED_EXISTING_MOTHER_NAME,Peso Uruguayo,UYU,858,2,,,"<CcyNtry>
			<CtryNm>URUGUAY</CtryNm>
			<CcyNm>Peso Uruguayo</CcyNm>
			<Ccy>UYU</Ccy>
			<CcyNbr>858</CcyNbr>
			<CcyMnrUnts>2</CcyMnrUnts>
		</CcyNtry>
		"
CURRENT:257,CURRENT,URUGUAY,UY,NORMALIZED_EXISTING_MOTHER_NAME,Uruguay Peso en Unidades Indexadas (UI),UYI,940,0,,true,"<CcyNtry>
			<CtryNm>URUGUAY</CtryNm>
			<CcyNm IsFund=""true"">Uruguay Peso en Unidades Indexadas (UI)</CcyNm>
			<Ccy>UYI</Ccy>
			<CcyNbr>940</CcyNbr>
			<CcyMnrUnts>0</CcyMnrUnts>
		</CcyNtry>
		"
CURRENT:258,CURRENT,URUGUAY,UY,NORMALIZED_EXISTING_MOTHER_NAME,Unidad Previsional,UYW,927,4,,true,"<CcyNtry>
			<CtryNm>URUGUAY</CtryNm>
			<CcyNm IsFund=""true"">Unidad Previsional</CcyNm>
			<Ccy>UYW</Ccy>
			<CcyNbr>927</CcyNbr>
			<CcyMnrUnts>4</CcyMnrUnts>
		</CcyNtry>
		"
CURRENT:259,CURRENT,UZBEKISTAN,UZ,NORMALIZED_EXISTING_MOTHER_NAME,Uzbekistan Sum,UZS,860,2,,,"<CcyNtry>
			<CtryNm>UZBEKISTAN</CtryNm>
			<CcyNm>Uzbekistan Sum</CcyNm>
			<Ccy>UZS</Ccy>
			<CcyNbr>860</CcyNbr>
			<CcyMnrUnts>2</CcyMnrUnts>
		</CcyNtry>
		"
CURRENT:260,CURRENT,VANUATU,VU,NORMALIZED_EXISTING_MOTHER_NAME,Vatu,VUV,548,0,,,"<CcyNtry>
			<CtryNm>VANUATU</CtryNm>
			<CcyNm>Vatu</CcyNm>
			<Ccy>VUV</Ccy>
			<CcyNbr>548</CcyNbr>
			<CcyMnrUnts>0</CcyMnrUnts>
		</CcyNtry>
		"
CURRENT:261,CURRENT,VENEZUELA (BOLIVARIAN REPUBLIC OF),VE,NORMALIZED_EXISTING_MOTHER_NAME,Bolívar Soberano,VES,928,2,,,"<CcyNtry>
			<CtryNm>VENEZUELA (BOLIVARIAN REPUBLIC OF)</CtryNm>
			<CcyNm>Bolívar Soberano</CcyNm>
			<Ccy>VES</Ccy>
			<CcyNbr>928</CcyNbr>
			<CcyMnrUnts>2</CcyMnrUnts>
		</CcyNtry>
		"
CURRENT:262,CURRENT,VENEZUELA (BOLIVARIAN REPUBLIC OF),VE,NORMALIZED_EXISTING_MOTHER_NAME,Bolívar Soberano,VED,926,2,,,"<CcyNtry>
			<CtryNm>VENEZUELA (BOLIVARIAN REPUBLIC OF)</CtryNm>
			<CcyNm>Bolívar Soberano</CcyNm>
			<Ccy>VED</Ccy>
			<CcyNbr>926</CcyNbr>
			<CcyMnrUnts>2</CcyMnrUnts>
		</CcyNtry>
		"
CURRENT:263,CURRENT,VIET NAM,VN,NORMALIZED_EXISTING_MOTHER_NAME,Dong,VND,704,0,,,"<CcyNtry>
			<CtryNm>VIET NAM</CtryNm>
			<CcyNm>Dong</CcyNm>
			<Ccy>VND</Ccy>
			<CcyNbr>704</CcyNbr>
			<CcyMnrUnts>0</CcyMnrUnts>
		</CcyNtry>
		"
CURRENT:264,CURRENT,VIRGIN ISLANDS (BRITISH),VG,NORMALIZED_EXISTING_MOTHER_NAME,US Dollar,USD,840,2,,,"<CcyNtry>
			<CtryNm>VIRGIN ISLANDS (BRITISH)</CtryNm>
			<CcyNm>US Dollar</CcyNm>
			<Ccy>USD</Ccy>
			<CcyNbr>840</CcyNbr>
			<CcyMnrUnts>2</CcyMnrUnts>
		</CcyNtry>
		"
CURRENT:265,CURRENT,VIRGIN ISLANDS (U.S.),VI,NORMALIZED_EXISTING_MOTHER_NAME,US Dollar,USD,840,2,,,"<CcyNtry>
			<CtryNm>VIRGIN ISLANDS (U.S.)</CtryNm>
			<CcyNm>US Dollar</CcyNm>
			<Ccy>USD</Ccy>
			<CcyNbr>840</CcyNbr>
			<CcyMnrUnts>2</CcyMnrUnts>
		</CcyNtry>
		"
CURRENT:266,CURRENT,WALLIS AND FUTUNA,WF,NORMALIZED_EXISTING_MOTHER_NAME,CFP Franc,XPF,953,0,,,"<CcyNtry>
			<CtryNm>WALLIS AND FUTUNA</CtryNm>
			<CcyNm>CFP Franc</CcyNm>
			<Ccy>XPF</Ccy>
			<CcyNbr>953</CcyNbr>
			<CcyMnrUnts>0</CcyMnrUnts>
		</CcyNtry>
		"
CURRENT:267,CURRENT,WESTERN SAHARA,EH,NORMALIZED_EXISTING_MOTHER_NAME,Moroccan Dirham,MAD,504,2,,,"<CcyNtry>
			<CtryNm>WESTERN SAHARA</CtryNm>
			<CcyNm>Moroccan Dirham</CcyNm>
			<Ccy>MAD</Ccy>
			<CcyNbr>504</CcyNbr>
			<CcyMnrUnts>2</CcyMnrUnts>
		</CcyNtry>
		"
CURRENT:268,CURRENT,YEMEN,YE,NORMALIZED_EXISTING_MOTHER_NAME,Yemeni Rial,YER,886,2,,,"<CcyNtry>
			<CtryNm>YEMEN</CtryNm>
			<CcyNm>Yemeni Rial</CcyNm>
			<Ccy>YER</Ccy>
			<CcyNbr>886</CcyNbr>
			<CcyMnrUnts>2</CcyMnrUnts>
		</CcyNtry>
		"
CURRENT:269,CURRENT,ZAMBIA,ZM,NORMALIZED_EXISTING_MOTHER_NAME,Zambian Kwacha,ZMW,967,2,,,"<CcyNtry>
			<CtryNm>ZAMBIA</CtryNm>
			<CcyNm>Zambian Kwacha</CcyNm>
			<Ccy>ZMW</Ccy>
			<CcyNbr>967</CcyNbr>
			<CcyMnrUnts>2</CcyMnrUnts>
		</CcyNtry>
		"
CURRENT:270,CURRENT,ZIMBABWE,ZW,NORMALIZED_EXISTING_MOTHER_NAME,Zimbabwe Gold,ZWG,924,2,,,"<CcyNtry>
			<CtryNm>ZIMBABWE</CtryNm>
			<CcyNm>Zimbabwe Gold</CcyNm>
			<Ccy>ZWG</Ccy>
			<CcyNbr>924</CcyNbr>
			<CcyMnrUnts>2</CcyMnrUnts>
		</CcyNtry>
		"
CURRENT:271,CURRENT,ZZ01_Bond Markets Unit European_EURCO,,UNMAPPED_OR_NON_COUNTRY_ENTITY,Bond Markets Unit European Composite Unit (EURCO),XBA,955,N.A.,,,"<CcyNtry>
			<CtryNm>ZZ01_Bond Markets Unit European_EURCO</CtryNm>
			<CcyNm>Bond Markets Unit European Composite Unit (EURCO)</CcyNm>
			<Ccy>XBA</Ccy>
			<CcyNbr>955</CcyNbr>
			<CcyMnrUnts>N.A.</CcyMnrUnts>
		</CcyNtry>
		"
CURRENT:272,CURRENT,ZZ02_Bond Markets Unit European_EMU-6,,UNMAPPED_OR_NON_COUNTRY_ENTITY,Bond Markets Unit European Monetary Unit (E.M.U.-6),XBB,956,N.A.,,,"<CcyNtry>
			<CtryNm>ZZ02_Bond Markets Unit European_EMU-6</CtryNm>
			<CcyNm>Bond Markets Unit European Monetary Unit (E.M.U.-6)</CcyNm>
			<Ccy>XBB</Ccy>
			<CcyNbr>956</CcyNbr>
			<CcyMnrUnts>N.A.</CcyMnrUnts>
		</CcyNtry>
		"
CURRENT:273,CURRENT,ZZ03_Bond Markets Unit European_EUA-9,,UNMAPPED_OR_NON_COUNTRY_ENTITY,Bond Markets Unit European Unit of Account 9 (E.U.A.-9),XBC,957,N.A.,,,"<CcyNtry>
			<CtryNm>ZZ03_Bond Markets Unit European_EUA-9</CtryNm>
			<CcyNm>Bond Markets Unit European Unit of Account 9 (E.U.A.-9)</CcyNm>
			<Ccy>XBC</Ccy>
			<CcyNbr>957</CcyNbr>
			<CcyMnrUnts>N.A.</CcyMnrUnts>
		</CcyNtry>
		"
CURRENT:274,CURRENT,ZZ04_Bond Markets Unit European_EUA-17,,UNMAPPED_OR_NON_COUNTRY_ENTITY,Bond Markets Unit European Unit of Account 17 (E.U.A.-17),XBD,958,N.A.,,,"<CcyNtry>
			<CtryNm>ZZ04_Bond Markets Unit European_EUA-17</CtryNm>
			<CcyNm>Bond Markets Unit European Unit of Account 17 (E.U.A.-17)</CcyNm>
			<Ccy>XBD</Ccy>
			<CcyNbr>958</CcyNbr>
			<CcyMnrUnts>N.A.</CcyMnrUnts>
		</CcyNtry>
		"
CURRENT:275,CURRENT,ZZ06_Testing_Code,,UNMAPPED_OR_NON_COUNTRY_ENTITY,Codes specifically reserved for testing purposes,XTS,963,N.A.,,,"<CcyNtry>
			<CtryNm>ZZ06_Testing_Code</CtryNm>
			<CcyNm>Codes specifically reserved for testing purposes</CcyNm>
			<Ccy>XTS</Ccy>
			<CcyNbr>963</CcyNbr>
			<CcyMnrUnts>N.A.</CcyMnrUnts>
		</CcyNtry>
		"
CURRENT:276,CURRENT,ZZ07_No_Currency,,UNMAPPED_OR_NON_COUNTRY_ENTITY,The codes assigned for transactions where no currency is involved,XXX,999,N.A.,,,"<CcyNtry>
			<CtryNm>ZZ07_No_Currency</CtryNm>
			<CcyNm>The codes assigned for transactions where no currency is involved</CcyNm>
			<Ccy>XXX</Ccy>
			<CcyNbr>999</CcyNbr>
			<CcyMnrUnts>N.A.</CcyMnrUnts>
		</CcyNtry>
		"
CURRENT:277,CURRENT,ZZ08_Gold,,UNMAPPED_OR_NON_COUNTRY_ENTITY,Gold,XAU,959,N.A.,,,"<CcyNtry>
			<CtryNm>ZZ08_Gold</CtryNm>
			<CcyNm>Gold</CcyNm>
			<Ccy>XAU</Ccy>
			<CcyNbr>959</CcyNbr>
			<CcyMnrUnts>N.A.</CcyMnrUnts>
		</CcyNtry>
		"
CURRENT:278,CURRENT,ZZ09_Palladium,,UNMAPPED_OR_NON_COUNTRY_ENTITY,Palladium,XPD,964,N.A.,,,"<CcyNtry>
			<CtryNm>ZZ09_Palladium</CtryNm>
			<CcyNm>Palladium</CcyNm>
			<Ccy>XPD</Ccy>
			<CcyNbr>964</CcyNbr>
			<CcyMnrUnts>N.A.</CcyMnrUnts>
		</CcyNtry>
		"
CURRENT:279,CURRENT,ZZ10_Platinum,,UNMAPPED_OR_NON_COUNTRY_ENTITY,Platinum,XPT,962,N.A.,,,"<CcyNtry>
			<CtryNm>ZZ10_Platinum</CtryNm>
			<CcyNm>Platinum</CcyNm>
			<Ccy>XPT</Ccy>
			<CcyNbr>962</CcyNbr>
			<CcyMnrUnts>N.A.</CcyMnrUnts>
		</CcyNtry>
		"
CURRENT:280,CURRENT,ZZ11_Silver,,UNMAPPED_OR_NON_COUNTRY_ENTITY,Silver,XAG,961,N.A.,,,"<CcyNtry>
			<CtryNm>ZZ11_Silver</CtryNm>
			<CcyNm>Silver</CcyNm>
			<Ccy>XAG</Ccy>
			<CcyNbr>961</CcyNbr>
			<CcyMnrUnts>N.A.</CcyMnrUnts>
		</CcyNtry>
	"
HISTORICAL:1,HISTORICAL,AFGHANISTAN,AF,NORMALIZED_EXISTING_MOTHER_NAME,Afghani,AFA,004,,2003-01,,"<HstrcCcyNtry>
			<CtryNm>AFGHANISTAN</CtryNm>
			<CcyNm>Afghani</CcyNm>
			<Ccy>AFA</Ccy>
			<CcyNbr>004</CcyNbr>
			<WthdrwlDt>2003-01</WthdrwlDt>
		</HstrcCcyNtry>
		"
HISTORICAL:2,HISTORICAL,ÅLAND ISLANDS,AX,NORMALIZED_EXISTING_MOTHER_NAME,Markka,FIM,246,,2002-03,,"<HstrcCcyNtry>
			<CtryNm>ÅLAND ISLANDS</CtryNm>
			<CcyNm>Markka</CcyNm>
			<Ccy>FIM</Ccy>
			<CcyNbr>246</CcyNbr>
			<WthdrwlDt>2002-03</WthdrwlDt>
		</HstrcCcyNtry>
		"
HISTORICAL:3,HISTORICAL,ALBANIA,AL,NORMALIZED_EXISTING_MOTHER_NAME,Old Lek,ALK,008,,1989-12,,"<HstrcCcyNtry>
			<CtryNm>ALBANIA</CtryNm>
			<CcyNm>Old Lek</CcyNm>
			<Ccy>ALK</Ccy>
			<CcyNbr>008</CcyNbr>
			<WthdrwlDt>1989-12</WthdrwlDt>
		</HstrcCcyNtry>
		"
HISTORICAL:4,HISTORICAL,ANDORRA,AD,NORMALIZED_EXISTING_MOTHER_NAME,Andorran Peseta,ADP,020,,2003-07,,"<HstrcCcyNtry>
			<CtryNm>ANDORRA</CtryNm>
			<CcyNm>Andorran Peseta</CcyNm>
			<Ccy>ADP</Ccy>
			<CcyNbr>020</CcyNbr>
			<WthdrwlDt>2003-07</WthdrwlDt>
		</HstrcCcyNtry>
		"
HISTORICAL:5,HISTORICAL,ANDORRA,AD,NORMALIZED_EXISTING_MOTHER_NAME,Spanish Peseta,ESP,724,,2002-03,,"<HstrcCcyNtry>
			<CtryNm>ANDORRA</CtryNm>
			<CcyNm>Spanish Peseta</CcyNm>
			<Ccy>ESP</Ccy>
			<CcyNbr>724</CcyNbr>
			<WthdrwlDt>2002-03</WthdrwlDt>
		</HstrcCcyNtry>
		"
HISTORICAL:6,HISTORICAL,ANDORRA,AD,NORMALIZED_EXISTING_MOTHER_NAME,French Franc,FRF,250,,2002-03,,"<HstrcCcyNtry>
			<CtryNm>ANDORRA</CtryNm>
			<CcyNm>French Franc</CcyNm>
			<Ccy>FRF</Ccy>
			<CcyNbr>250</CcyNbr>
			<WthdrwlDt>2002-03</WthdrwlDt>
		</HstrcCcyNtry>
		"
HISTORICAL:7,HISTORICAL,ANGOLA,AO,NORMALIZED_EXISTING_MOTHER_NAME,Kwanza,AOK,024,,1991-03,,"<HstrcCcyNtry>
			<CtryNm>ANGOLA</CtryNm>
			<CcyNm>Kwanza</CcyNm>
			<Ccy>AOK</Ccy>
			<CcyNbr>024</CcyNbr>
			<WthdrwlDt>1991-03</WthdrwlDt>
		</HstrcCcyNtry>
		"
HISTORICAL:8,HISTORICAL,ANGOLA,AO,NORMALIZED_EXISTING_MOTHER_NAME,New Kwanza,AON,024,,2000-02,,"<HstrcCcyNtry>
			<CtryNm>ANGOLA</CtryNm>
			<CcyNm>New Kwanza</CcyNm>
			<Ccy>AON</Ccy>
			<CcyNbr>024</CcyNbr>
			<WthdrwlDt>2000-02</WthdrwlDt>
		</HstrcCcyNtry>
		"
HISTORICAL:9,HISTORICAL,ANGOLA,AO,NORMALIZED_EXISTING_MOTHER_NAME,Kwanza Reajustado,AOR,982,,2000-02,,"<HstrcCcyNtry>
			<CtryNm>ANGOLA</CtryNm>
			<CcyNm>Kwanza Reajustado</CcyNm>
			<Ccy>AOR</Ccy>
			<CcyNbr>982</CcyNbr>
			<WthdrwlDt>2000-02</WthdrwlDt>
		</HstrcCcyNtry>
		"
HISTORICAL:10,HISTORICAL,ARGENTINA,AR,NORMALIZED_EXISTING_MOTHER_NAME,Austral,ARA,032,,1992-01,,"<HstrcCcyNtry>
			<CtryNm>ARGENTINA</CtryNm>
			<CcyNm>Austral</CcyNm>
			<Ccy>ARA</Ccy>
			<CcyNbr>032</CcyNbr>
			<WthdrwlDt>1992-01</WthdrwlDt>
		</HstrcCcyNtry>
		"
HISTORICAL:11,HISTORICAL,ARGENTINA,AR,NORMALIZED_EXISTING_MOTHER_NAME,Peso Argentino,ARP,032,,1985-07,,"<HstrcCcyNtry>
			<CtryNm>ARGENTINA</CtryNm>
			<CcyNm>Peso Argentino</CcyNm>
			<Ccy>ARP</Ccy>
			<CcyNbr>032</CcyNbr>
			<WthdrwlDt>1985-07</WthdrwlDt>
		</HstrcCcyNtry>
		"
HISTORICAL:12,HISTORICAL,ARGENTINA,AR,NORMALIZED_EXISTING_MOTHER_NAME,Peso,ARY,032,,1989 to 1990,,"<HstrcCcyNtry>
			<CtryNm>ARGENTINA</CtryNm>
			<CcyNm>Peso</CcyNm>
			<Ccy>ARY</Ccy>
			<CcyNbr>032</CcyNbr>
			<WthdrwlDt>1989 to 1990</WthdrwlDt>
		</HstrcCcyNtry>
		"
HISTORICAL:13,HISTORICAL,ARMENIA,AM,NORMALIZED_EXISTING_MOTHER_NAME,Russian Ruble,RUR,810,,1994-08,,"<HstrcCcyNtry>
			<CtryNm>ARMENIA</CtryNm>
			<CcyNm>Russian Ruble</CcyNm>
			<Ccy>RUR</Ccy>
			<CcyNbr>810</CcyNbr>
			<WthdrwlDt>1994-08</WthdrwlDt>
		</HstrcCcyNtry>
		"
HISTORICAL:14,HISTORICAL,AUSTRIA,AT,NORMALIZED_EXISTING_MOTHER_NAME,Schilling,ATS,040,,2002-03,,"<HstrcCcyNtry>
			<CtryNm>AUSTRIA</CtryNm>
			<CcyNm>Schilling</CcyNm>
			<Ccy>ATS</Ccy>
			<CcyNbr>040</CcyNbr>
			<WthdrwlDt>2002-03</WthdrwlDt>
		</HstrcCcyNtry>
		"
HISTORICAL:15,HISTORICAL,AZERBAIJAN,AZ,NORMALIZED_EXISTING_MOTHER_NAME,Azerbaijan Manat,AYM,945,,2005-10,,"<HstrcCcyNtry>
			<CtryNm>AZERBAIJAN</CtryNm>
			<CcyNm>Azerbaijan Manat</CcyNm>
			<Ccy>AYM</Ccy>
			<CcyNbr>945</CcyNbr>
			<WthdrwlDt>2005-10</WthdrwlDt>
		</HstrcCcyNtry>
		"
HISTORICAL:16,HISTORICAL,AZERBAIJAN,AZ,NORMALIZED_EXISTING_MOTHER_NAME,Azerbaijanian Manat,AZM,031,,2005-12,,"<HstrcCcyNtry>
			<CtryNm>AZERBAIJAN</CtryNm>
			<CcyNm>Azerbaijanian Manat</CcyNm>
			<Ccy>AZM</Ccy>
			<CcyNbr>031</CcyNbr>
			<WthdrwlDt>2005-12</WthdrwlDt>
		</HstrcCcyNtry>
		"
HISTORICAL:17,HISTORICAL,AZERBAIJAN,AZ,NORMALIZED_EXISTING_MOTHER_NAME,Russian Ruble,RUR,810,,1994-08,,"<HstrcCcyNtry>
			<CtryNm>AZERBAIJAN</CtryNm>
			<CcyNm>Russian Ruble</CcyNm>
			<Ccy>RUR</Ccy>
			<CcyNbr>810</CcyNbr>
			<WthdrwlDt>1994-08</WthdrwlDt>
		</HstrcCcyNtry>
		"
HISTORICAL:18,HISTORICAL,BELARUS,BY,NORMALIZED_EXISTING_MOTHER_NAME,Belarusian Ruble,BYB,112,,2001-01,,"<HstrcCcyNtry>
			<CtryNm>BELARUS</CtryNm>
			<CcyNm>Belarusian Ruble</CcyNm>
			<Ccy>BYB</Ccy>
			<CcyNbr>112</CcyNbr>
			<WthdrwlDt>2001-01</WthdrwlDt>
		</HstrcCcyNtry>
		"
HISTORICAL:19,HISTORICAL,BELARUS,BY,NORMALIZED_EXISTING_MOTHER_NAME,Belarusian Ruble,BYR,974,,2017-01,,"<HstrcCcyNtry>
			<CtryNm>BELARUS</CtryNm>
			<CcyNm>Belarusian Ruble</CcyNm>
			<Ccy>BYR</Ccy>
			<CcyNbr>974</CcyNbr>
			<WthdrwlDt>2017-01</WthdrwlDt>
		</HstrcCcyNtry>
		"
HISTORICAL:20,HISTORICAL,BELARUS,BY,NORMALIZED_EXISTING_MOTHER_NAME,Russian Ruble,RUR,810,,1994-06,,"<HstrcCcyNtry>
			<CtryNm>BELARUS</CtryNm>
			<CcyNm>Russian Ruble</CcyNm>
			<Ccy>RUR</Ccy>
			<CcyNbr>810</CcyNbr>
			<WthdrwlDt>1994-06</WthdrwlDt>
		</HstrcCcyNtry>
		"
HISTORICAL:21,HISTORICAL,BELGIUM,BE,NORMALIZED_EXISTING_MOTHER_NAME,Convertible Franc,BEC,993,,1990-03,,"<HstrcCcyNtry>
			<CtryNm>BELGIUM</CtryNm>
			<CcyNm>Convertible Franc</CcyNm>
			<Ccy>BEC</Ccy>
			<CcyNbr>993</CcyNbr>
			<WthdrwlDt>1990-03</WthdrwlDt>
		</HstrcCcyNtry>
		"
HISTORICAL:22,HISTORICAL,BELGIUM,BE,NORMALIZED_EXISTING_MOTHER_NAME,Belgian Franc,BEF,056,,2002-03,,"<HstrcCcyNtry>
			<CtryNm>BELGIUM</CtryNm>
			<CcyNm>Belgian Franc</CcyNm>
			<Ccy>BEF</Ccy>
			<CcyNbr>056</CcyNbr>
			<WthdrwlDt>2002-03</WthdrwlDt>
		</HstrcCcyNtry>
		"
HISTORICAL:23,HISTORICAL,BELGIUM,BE,NORMALIZED_EXISTING_MOTHER_NAME,Financial Franc,BEL,992,,1990-03,,"<HstrcCcyNtry>
			<CtryNm>BELGIUM</CtryNm>
			<CcyNm>Financial Franc</CcyNm>
			<Ccy>BEL</Ccy>
			<CcyNbr>992</CcyNbr>
			<WthdrwlDt>1990-03</WthdrwlDt>
		</HstrcCcyNtry>
		"
HISTORICAL:24,HISTORICAL,BOLIVIA,,UNMAPPED_OR_NON_COUNTRY_ENTITY,Peso boliviano,BOP,068,,1987-02,,"<HstrcCcyNtry>
			<CtryNm>BOLIVIA</CtryNm>
			<CcyNm>Peso boliviano</CcyNm>
			<Ccy>BOP</Ccy>
			<CcyNbr>068</CcyNbr>
			<WthdrwlDt>1987-02</WthdrwlDt>
		</HstrcCcyNtry>
		"
HISTORICAL:25,HISTORICAL,BOSNIA AND HERZEGOVINA,BA,NORMALIZED_EXISTING_MOTHER_NAME,Dinar,BAD,070,,1998-07,,"<HstrcCcyNtry>
			<CtryNm>BOSNIA AND HERZEGOVINA</CtryNm>
			<CcyNm>Dinar</CcyNm>
			<Ccy>BAD</Ccy>
			<CcyNbr>070</CcyNbr>
			<WthdrwlDt>1998-07</WthdrwlDt>
		</HstrcCcyNtry>
		"
HISTORICAL:26,HISTORICAL,BRAZIL,BR,NORMALIZED_EXISTING_MOTHER_NAME,Cruzeiro,BRB,076,,1986-03,,"<HstrcCcyNtry>
			<CtryNm>BRAZIL</CtryNm>
			<CcyNm>Cruzeiro</CcyNm>
			<Ccy>BRB</Ccy>
			<CcyNbr>076</CcyNbr>
			<WthdrwlDt>1986-03</WthdrwlDt>
		</HstrcCcyNtry>
		"
HISTORICAL:27,HISTORICAL,BRAZIL,BR,NORMALIZED_EXISTING_MOTHER_NAME,Cruzado,BRC,076,,1989-02,,"<HstrcCcyNtry>
			<CtryNm>BRAZIL</CtryNm>
			<CcyNm>Cruzado</CcyNm>
			<Ccy>BRC</Ccy>
			<CcyNbr>076</CcyNbr>
			<WthdrwlDt>1989-02</WthdrwlDt>
		</HstrcCcyNtry>
		"
HISTORICAL:28,HISTORICAL,BRAZIL,BR,NORMALIZED_EXISTING_MOTHER_NAME,Cruzeiro,BRE,076,,1993-03,,"<HstrcCcyNtry>
			<CtryNm>BRAZIL</CtryNm>
			<CcyNm>Cruzeiro</CcyNm>
			<Ccy>BRE</Ccy>
			<CcyNbr>076</CcyNbr>
			<WthdrwlDt>1993-03</WthdrwlDt>
		</HstrcCcyNtry>
		"
HISTORICAL:29,HISTORICAL,BRAZIL,BR,NORMALIZED_EXISTING_MOTHER_NAME,New Cruzado,BRN,076,,1990-03,,"<HstrcCcyNtry>
			<CtryNm>BRAZIL</CtryNm>
			<CcyNm>New Cruzado</CcyNm>
			<Ccy>BRN</Ccy>
			<CcyNbr>076</CcyNbr>
			<WthdrwlDt>1990-03</WthdrwlDt>
		</HstrcCcyNtry>
		"
HISTORICAL:30,HISTORICAL,BRAZIL,BR,NORMALIZED_EXISTING_MOTHER_NAME,Cruzeiro Real,BRR,987,,1994-07,,"<HstrcCcyNtry>
			<CtryNm>BRAZIL</CtryNm>
			<CcyNm>Cruzeiro Real</CcyNm>
			<Ccy>BRR</Ccy>
			<CcyNbr>987</CcyNbr>
			<WthdrwlDt>1994-07</WthdrwlDt>
		</HstrcCcyNtry>
		"
HISTORICAL:31,HISTORICAL,BULGARIA,BG,NORMALIZED_EXISTING_MOTHER_NAME,Lev A/52,BGJ,100,,1989 to 1990,,"<HstrcCcyNtry>
			<CtryNm>BULGARIA</CtryNm>
			<CcyNm>Lev A/52</CcyNm>
			<Ccy>BGJ</Ccy>
			<CcyNbr>100</CcyNbr>
			<WthdrwlDt>1989 to 1990</WthdrwlDt>
		</HstrcCcyNtry>
		"
HISTORICAL:32,HISTORICAL,BULGARIA,BG,NORMALIZED_EXISTING_MOTHER_NAME,Lev A/62,BGK,100,,1989 to 1990,,"<HstrcCcyNtry>
			<CtryNm>BULGARIA</CtryNm>
			<CcyNm>Lev A/62</CcyNm>
			<Ccy>BGK</Ccy>
			<CcyNbr>100</CcyNbr>
			<WthdrwlDt>1989 to 1990</WthdrwlDt>
		</HstrcCcyNtry>
		"
HISTORICAL:33,HISTORICAL,BULGARIA,BG,NORMALIZED_EXISTING_MOTHER_NAME,Lev,BGL,100,,2003-11,,"<HstrcCcyNtry>
			<CtryNm>BULGARIA</CtryNm>
			<CcyNm>Lev</CcyNm>
			<Ccy>BGL</Ccy>
			<CcyNbr>100</CcyNbr>
			<WthdrwlDt>2003-11</WthdrwlDt>
		</HstrcCcyNtry>
		"
HISTORICAL:34,HISTORICAL,BULGARIA,BG,NORMALIZED_EXISTING_MOTHER_NAME,Bulgarian Lev,BGN,975,,2026-01,,"<HstrcCcyNtry>
			<CtryNm>BULGARIA</CtryNm>
			<CcyNm>Bulgarian Lev</CcyNm>
			<Ccy>BGN</Ccy>
			<CcyNbr>975</CcyNbr>
			<WthdrwlDt>2026-01</WthdrwlDt>
		</HstrcCcyNtry>
		"
HISTORICAL:35,HISTORICAL,BURMA ,,UNMAPPED_OR_NON_COUNTRY_ENTITY,Kyat,BUK,104,,1990-02,,"<HstrcCcyNtry>
			<CtryNm>BURMA </CtryNm>
			<CcyNm>Kyat</CcyNm>
			<Ccy>BUK</Ccy>
			<CcyNbr>104</CcyNbr>
			<WthdrwlDt>1990-02</WthdrwlDt>
		</HstrcCcyNtry>
		"
HISTORICAL:36,HISTORICAL,CROATIA,HR,NORMALIZED_EXISTING_MOTHER_NAME,Croatian Dinar,HRD,191,,1995-01,,"<HstrcCcyNtry>
			<CtryNm>CROATIA</CtryNm>
			<CcyNm>Croatian Dinar</CcyNm>
			<Ccy>HRD</Ccy>
			<CcyNbr>191</CcyNbr>
			<WthdrwlDt>1995-01</WthdrwlDt>
		</HstrcCcyNtry>
		"
HISTORICAL:37,HISTORICAL,CROATIA,HR,NORMALIZED_EXISTING_MOTHER_NAME,Croatian Kuna,HRK,191,,2015-06,,"<HstrcCcyNtry>
			<CtryNm>CROATIA</CtryNm>
			<CcyNm>Croatian Kuna</CcyNm>
			<Ccy>HRK</Ccy>
			<CcyNbr>191</CcyNbr>
			<WthdrwlDt>2015-06</WthdrwlDt>
		</HstrcCcyNtry>
		"
HISTORICAL:38,HISTORICAL,CROATIA,HR,NORMALIZED_EXISTING_MOTHER_NAME,Kuna,HRK,191,,2023-01,,"<HstrcCcyNtry>
			<CtryNm>CROATIA</CtryNm>
			<CcyNm>Kuna</CcyNm>
			<Ccy>HRK</Ccy>
			<CcyNbr>191</CcyNbr>
			<WthdrwlDt>2023-01</WthdrwlDt>
		</HstrcCcyNtry>
		"
HISTORICAL:39,HISTORICAL,CUBA,CU,NORMALIZED_EXISTING_MOTHER_NAME,Peso Convertible,CUC,931,,2021-06,,"<HstrcCcyNtry>
			<CtryNm>CUBA</CtryNm>
			<CcyNm>Peso Convertible</CcyNm>
			<Ccy>CUC</Ccy>
			<CcyNbr>931</CcyNbr>
			<WthdrwlDt>2021-06</WthdrwlDt>
		</HstrcCcyNtry>
		"
HISTORICAL:40,HISTORICAL,CURAÇAO,CW,NORMALIZED_EXISTING_MOTHER_NAME,Netherlands Antillean Guilder,ANG,532,,2025-03,,"<HstrcCcyNtry>
			<CtryNm>CURAÇAO</CtryNm>
			<CcyNm>Netherlands Antillean Guilder</CcyNm>
			<Ccy>ANG</Ccy>
			<CcyNbr>532</CcyNbr>
			<WthdrwlDt>2025-03</WthdrwlDt>
		</HstrcCcyNtry>		
		"
HISTORICAL:41,HISTORICAL,CYPRUS,CY,NORMALIZED_EXISTING_MOTHER_NAME,Cyprus Pound,CYP,196,,2008-01,,"<HstrcCcyNtry>
			<CtryNm>CYPRUS</CtryNm>
			<CcyNm>Cyprus Pound</CcyNm>
			<Ccy>CYP</Ccy>
			<CcyNbr>196</CcyNbr>
			<WthdrwlDt>2008-01</WthdrwlDt>
		</HstrcCcyNtry>
		"
HISTORICAL:42,HISTORICAL,CZECHOSLOVAKIA,,UNMAPPED_OR_NON_COUNTRY_ENTITY,Krona A/53,CSJ,203,,1989 to 1990,,"<HstrcCcyNtry>
			<CtryNm>CZECHOSLOVAKIA</CtryNm>
			<CcyNm>Krona A/53</CcyNm>
			<Ccy>CSJ</Ccy>
			<CcyNbr>203</CcyNbr>
			<WthdrwlDt>1989 to 1990</WthdrwlDt>
		</HstrcCcyNtry>
		"
HISTORICAL:43,HISTORICAL,CZECHOSLOVAKIA,,UNMAPPED_OR_NON_COUNTRY_ENTITY,Koruna,CSK,200,,1993-03,,"<HstrcCcyNtry>
			<CtryNm>CZECHOSLOVAKIA</CtryNm>
			<CcyNm>Koruna</CcyNm>
			<Ccy>CSK</Ccy>
			<CcyNbr>200</CcyNbr>
			<WthdrwlDt>1993-03</WthdrwlDt>
		</HstrcCcyNtry>
		"
HISTORICAL:44,HISTORICAL,ECUADOR,EC,NORMALIZED_EXISTING_MOTHER_NAME,Sucre,ECS,218,,2000-09,,"<HstrcCcyNtry>
			<CtryNm>ECUADOR</CtryNm>
			<CcyNm>Sucre</CcyNm>
			<Ccy>ECS</Ccy>
			<CcyNbr>218</CcyNbr>
			<WthdrwlDt>2000-09</WthdrwlDt>
		</HstrcCcyNtry>
		"
HISTORICAL:45,HISTORICAL,ECUADOR,EC,NORMALIZED_EXISTING_MOTHER_NAME,Unidad de Valor Constante (UVC),ECV,983,,2000-09,,"<HstrcCcyNtry>
			<CtryNm>ECUADOR</CtryNm>
			<CcyNm>Unidad de Valor Constante (UVC)</CcyNm>
			<Ccy>ECV</Ccy>
			<CcyNbr>983</CcyNbr>
			<WthdrwlDt>2000-09</WthdrwlDt>
		</HstrcCcyNtry>
		"
HISTORICAL:46,HISTORICAL,EQUATORIAL GUINEA,GQ,NORMALIZED_EXISTING_MOTHER_NAME,Ekwele,GQE,226,,1986-06,,"<HstrcCcyNtry>
			<CtryNm>EQUATORIAL GUINEA</CtryNm>
			<CcyNm>Ekwele</CcyNm>
			<Ccy>GQE</Ccy>
			<CcyNbr>226</CcyNbr>
			<WthdrwlDt>1986-06</WthdrwlDt>
		</HstrcCcyNtry>
		"
HISTORICAL:47,HISTORICAL,ESTONIA,EE,NORMALIZED_EXISTING_MOTHER_NAME,Kroon,EEK,233,,2011-01,,"<HstrcCcyNtry>
			<CtryNm>ESTONIA</CtryNm>
			<CcyNm>Kroon</CcyNm>
			<Ccy>EEK</Ccy>
			<CcyNbr>233</CcyNbr>
			<WthdrwlDt>2011-01</WthdrwlDt>
		</HstrcCcyNtry>
		"
HISTORICAL:48,HISTORICAL,EUROPEAN MONETARY CO-OPERATION FUND (EMCF),,UNMAPPED_OR_NON_COUNTRY_ENTITY,European Currency Unit (E.C.U),XEU,954,,1999-01,,"<HstrcCcyNtry>
			<CtryNm>EUROPEAN MONETARY CO-OPERATION FUND (EMCF)</CtryNm>
			<CcyNm>European Currency Unit (E.C.U)</CcyNm>
			<Ccy>XEU</Ccy>
			<CcyNbr>954</CcyNbr>
			<WthdrwlDt>1999-01</WthdrwlDt>
		</HstrcCcyNtry>
		"
HISTORICAL:49,HISTORICAL,FINLAND,FI,NORMALIZED_EXISTING_MOTHER_NAME,Markka,FIM,246,,2002-03,,"<HstrcCcyNtry>
			<CtryNm>FINLAND</CtryNm>
			<CcyNm>Markka</CcyNm>
			<Ccy>FIM</Ccy>
			<CcyNbr>246</CcyNbr>
			<WthdrwlDt>2002-03</WthdrwlDt>
		</HstrcCcyNtry>
		"
HISTORICAL:50,HISTORICAL,FRANCE,FR,NORMALIZED_EXISTING_MOTHER_NAME,French Franc,FRF,250,,2002-03,,"<HstrcCcyNtry>
			<CtryNm>FRANCE</CtryNm>
			<CcyNm>French Franc</CcyNm>
			<Ccy>FRF</Ccy>
			<CcyNbr>250</CcyNbr>
			<WthdrwlDt>2002-03</WthdrwlDt>
		</HstrcCcyNtry>
		"
HISTORICAL:51,HISTORICAL,FRENCH  GUIANA,GF,NORMALIZED_EXISTING_MOTHER_NAME,French Franc,FRF,250,,2002-03,,"<HstrcCcyNtry>
			<CtryNm>FRENCH  GUIANA</CtryNm>
			<CcyNm>French Franc</CcyNm>
			<Ccy>FRF</Ccy>
			<CcyNbr>250</CcyNbr>
			<WthdrwlDt>2002-03</WthdrwlDt>
		</HstrcCcyNtry>
		"
HISTORICAL:52,HISTORICAL,FRENCH SOUTHERN TERRITORIES,TF,NORMALIZED_EXISTING_MOTHER_NAME,French Franc,FRF,250,,2002-03,,"<HstrcCcyNtry>
			<CtryNm>FRENCH SOUTHERN TERRITORIES</CtryNm>
			<CcyNm>French Franc</CcyNm>
			<Ccy>FRF</Ccy>
			<CcyNbr>250</CcyNbr>
			<WthdrwlDt>2002-03</WthdrwlDt>
		</HstrcCcyNtry>
		"
HISTORICAL:53,HISTORICAL,GEORGIA,GE,NORMALIZED_EXISTING_MOTHER_NAME,Georgian Coupon,GEK,268,,1995-10,,"<HstrcCcyNtry>
			<CtryNm>GEORGIA</CtryNm>
			<CcyNm>Georgian Coupon</CcyNm>
			<Ccy>GEK</Ccy>
			<CcyNbr>268</CcyNbr>
			<WthdrwlDt>1995-10</WthdrwlDt>
		</HstrcCcyNtry>
		"
HISTORICAL:54,HISTORICAL,GEORGIA,GE,NORMALIZED_EXISTING_MOTHER_NAME,Russian Ruble,RUR,810,,1994-04,,"<HstrcCcyNtry>
			<CtryNm>GEORGIA</CtryNm>
			<CcyNm>Russian Ruble</CcyNm>
			<Ccy>RUR</Ccy>
			<CcyNbr>810</CcyNbr>
			<WthdrwlDt>1994-04</WthdrwlDt>
		</HstrcCcyNtry>
		"
HISTORICAL:55,HISTORICAL,GERMAN DEMOCRATIC REPUBLIC,,UNMAPPED_OR_NON_COUNTRY_ENTITY,Mark der DDR,DDM,278,,1990-07 to 1990-09,,"<HstrcCcyNtry>
			<CtryNm>GERMAN DEMOCRATIC REPUBLIC</CtryNm>
			<CcyNm>Mark der DDR</CcyNm>
			<Ccy>DDM</Ccy>
			<CcyNbr>278</CcyNbr>
			<WthdrwlDt>1990-07 to 1990-09</WthdrwlDt>
		</HstrcCcyNtry>
		"
HISTORICAL:56,HISTORICAL,GERMANY,DE,NORMALIZED_EXISTING_MOTHER_NAME,Deutsche Mark,DEM,276,,2002-03,,"<HstrcCcyNtry>
			<CtryNm>GERMANY</CtryNm>
			<CcyNm>Deutsche Mark</CcyNm>
			<Ccy>DEM</Ccy>
			<CcyNbr>276</CcyNbr>
			<WthdrwlDt>2002-03</WthdrwlDt>
		</HstrcCcyNtry>
		"
HISTORICAL:57,HISTORICAL,GHANA,GH,NORMALIZED_EXISTING_MOTHER_NAME,Cedi,GHC,288,,2008-01,,"<HstrcCcyNtry>
			<CtryNm>GHANA</CtryNm>
			<CcyNm>Cedi</CcyNm>
			<Ccy>GHC</Ccy>
			<CcyNbr>288</CcyNbr>
			<WthdrwlDt>2008-01</WthdrwlDt>
		</HstrcCcyNtry>
		"
HISTORICAL:58,HISTORICAL,GHANA,GH,NORMALIZED_EXISTING_MOTHER_NAME,Ghana Cedi,GHP,939,,2007-06,,"<HstrcCcyNtry>
			<CtryNm>GHANA</CtryNm>
			<CcyNm>Ghana Cedi</CcyNm>
			<Ccy>GHP</Ccy>
			<CcyNbr>939</CcyNbr>
			<WthdrwlDt>2007-06</WthdrwlDt>
		</HstrcCcyNtry>
		"
HISTORICAL:59,HISTORICAL,GREECE,GR,NORMALIZED_EXISTING_MOTHER_NAME,Drachma,GRD,300,,2002-03,,"<HstrcCcyNtry>
			<CtryNm>GREECE</CtryNm>
			<CcyNm>Drachma</CcyNm>
			<Ccy>GRD</Ccy>
			<CcyNbr>300</CcyNbr>
			<WthdrwlDt>2002-03</WthdrwlDt>
		</HstrcCcyNtry>
		"
HISTORICAL:60,HISTORICAL,GUADELOUPE,GP,NORMALIZED_EXISTING_MOTHER_NAME,French Franc,FRF,250,,2002-03,,"<HstrcCcyNtry>
			<CtryNm>GUADELOUPE</CtryNm>
			<CcyNm>French Franc</CcyNm>
			<Ccy>FRF</Ccy>
			<CcyNbr>250</CcyNbr>
			<WthdrwlDt>2002-03</WthdrwlDt>
		</HstrcCcyNtry>
		"
HISTORICAL:61,HISTORICAL,GUINEA,GN,NORMALIZED_EXISTING_MOTHER_NAME,Syli,GNE,324,,1989-12,,"<HstrcCcyNtry>
			<CtryNm>GUINEA</CtryNm>
			<CcyNm>Syli</CcyNm>
			<Ccy>GNE</Ccy>
			<CcyNbr>324</CcyNbr>
			<WthdrwlDt>1989-12</WthdrwlDt>
		</HstrcCcyNtry>
		"
HISTORICAL:62,HISTORICAL,GUINEA,GN,NORMALIZED_EXISTING_MOTHER_NAME,Syli,GNS,324,,1986-02,,"<HstrcCcyNtry>
			<CtryNm>GUINEA</CtryNm>
			<CcyNm>Syli</CcyNm>
			<Ccy>GNS</Ccy>
			<CcyNbr>324</CcyNbr>
			<WthdrwlDt>1986-02</WthdrwlDt>
		</HstrcCcyNtry>
		"
HISTORICAL:63,HISTORICAL,GUINEA-BISSAU,GW,NORMALIZED_EXISTING_MOTHER_NAME,Guinea Escudo,GWE,624,,1978 to 1981,,"<HstrcCcyNtry>
			<CtryNm>GUINEA-BISSAU</CtryNm>
			<CcyNm>Guinea Escudo</CcyNm>
			<Ccy>GWE</Ccy>
			<CcyNbr>624</CcyNbr>
			<WthdrwlDt>1978 to 1981</WthdrwlDt>
		</HstrcCcyNtry>
		"
HISTORICAL:64,HISTORICAL,GUINEA-BISSAU,GW,NORMALIZED_EXISTING_MOTHER_NAME,Guinea-Bissau Peso,GWP,624,,1997-05,,"<HstrcCcyNtry>
			<CtryNm>GUINEA-BISSAU</CtryNm>
			<CcyNm>Guinea-Bissau Peso</CcyNm>
			<Ccy>GWP</Ccy>
			<CcyNbr>624</CcyNbr>
			<WthdrwlDt>1997-05</WthdrwlDt>
		</HstrcCcyNtry>
		"
HISTORICAL:65,HISTORICAL,HOLY SEE (VATICAN CITY STATE),VA,NORMALIZED_EXISTING_MOTHER_NAME,Italian Lira,ITL,380,,2002-03,,"<HstrcCcyNtry>
			<CtryNm>HOLY SEE (VATICAN CITY STATE)</CtryNm>
			<CcyNm>Italian Lira</CcyNm>
			<Ccy>ITL</Ccy>
			<CcyNbr>380</CcyNbr>
			<WthdrwlDt>2002-03</WthdrwlDt>
		</HstrcCcyNtry>
		"
HISTORICAL:66,HISTORICAL,ICELAND,IS,NORMALIZED_EXISTING_MOTHER_NAME,Old Krona,ISJ,352,,1989 to 1990,,"<HstrcCcyNtry>
			<CtryNm>ICELAND</CtryNm>
			<CcyNm>Old Krona</CcyNm>
			<Ccy>ISJ</Ccy>
			<CcyNbr>352</CcyNbr>
			<WthdrwlDt>1989 to 1990</WthdrwlDt>
		</HstrcCcyNtry>
		"
HISTORICAL:67,HISTORICAL,IRELAND,IE,NORMALIZED_EXISTING_MOTHER_NAME,Irish Pound,IEP,372,,2002-03,,"<HstrcCcyNtry>
			<CtryNm>IRELAND</CtryNm>
			<CcyNm>Irish Pound</CcyNm>
			<Ccy>IEP</Ccy>
			<CcyNbr>372</CcyNbr>
			<WthdrwlDt>2002-03</WthdrwlDt>
		</HstrcCcyNtry>
		"
HISTORICAL:68,HISTORICAL,ISRAEL,IL,NORMALIZED_EXISTING_MOTHER_NAME,Pound,ILP,376,,1978 to 1981,,"<HstrcCcyNtry>
			<CtryNm>ISRAEL</CtryNm>
			<CcyNm>Pound</CcyNm>
			<Ccy>ILP</Ccy>
			<CcyNbr>376</CcyNbr>
			<WthdrwlDt>1978 to 1981</WthdrwlDt>
		</HstrcCcyNtry>
		"
HISTORICAL:69,HISTORICAL,ISRAEL,IL,NORMALIZED_EXISTING_MOTHER_NAME,Old Shekel,ILR,376,,1989 to 1990,,"<HstrcCcyNtry>
			<CtryNm>ISRAEL</CtryNm>
			<CcyNm>Old Shekel</CcyNm>
			<Ccy>ILR</Ccy>
			<CcyNbr>376</CcyNbr>
			<WthdrwlDt>1989 to 1990</WthdrwlDt>
		</HstrcCcyNtry>
		"
HISTORICAL:70,HISTORICAL,ITALY,IT,NORMALIZED_EXISTING_MOTHER_NAME,Italian Lira,ITL,380,,2002-03,,"<HstrcCcyNtry>
			<CtryNm>ITALY</CtryNm>
			<CcyNm>Italian Lira</CcyNm>
			<Ccy>ITL</Ccy>
			<CcyNbr>380</CcyNbr>
			<WthdrwlDt>2002-03</WthdrwlDt>
		</HstrcCcyNtry>
		"
HISTORICAL:71,HISTORICAL,KAZAKHSTAN,KZ,NORMALIZED_EXISTING_MOTHER_NAME,Russian Ruble,RUR,810,,1994-05,,"<HstrcCcyNtry>
			<CtryNm>KAZAKHSTAN</CtryNm>
			<CcyNm>Russian Ruble</CcyNm>
			<Ccy>RUR</Ccy>
			<CcyNbr>810</CcyNbr>
			<WthdrwlDt>1994-05</WthdrwlDt>
		</HstrcCcyNtry>
		"
HISTORICAL:72,HISTORICAL,KYRGYZSTAN,KG,NORMALIZED_EXISTING_MOTHER_NAME,Russian Ruble,RUR,810,,1993-01,,"<HstrcCcyNtry>
			<CtryNm>KYRGYZSTAN</CtryNm>
			<CcyNm>Russian Ruble</CcyNm>
			<Ccy>RUR</Ccy>
			<CcyNbr>810</CcyNbr>
			<WthdrwlDt>1993-01</WthdrwlDt>
		</HstrcCcyNtry>
		"
HISTORICAL:73,HISTORICAL,LAO,,UNMAPPED_OR_NON_COUNTRY_ENTITY,Pathet Lao Kip,LAJ,418,,1979-12,,"<HstrcCcyNtry>
			<CtryNm>LAO</CtryNm>
			<CcyNm>Pathet Lao Kip</CcyNm>
			<Ccy>LAJ</Ccy>
			<CcyNbr>418</CcyNbr>
			<WthdrwlDt>1979-12</WthdrwlDt>
		</HstrcCcyNtry>
		"
HISTORICAL:74,HISTORICAL,LATVIA,LV,NORMALIZED_EXISTING_MOTHER_NAME,Latvian Lats,LVL,428,,2014-01,,"<HstrcCcyNtry>
			<CtryNm>LATVIA</CtryNm>
			<CcyNm>Latvian Lats</CcyNm>
			<Ccy>LVL</Ccy>
			<CcyNbr>428</CcyNbr>
			<WthdrwlDt>2014-01</WthdrwlDt>
		</HstrcCcyNtry>
		"
HISTORICAL:75,HISTORICAL,LATVIA,LV,NORMALIZED_EXISTING_MOTHER_NAME,Latvian Ruble,LVR,428,,1994-12,,"<HstrcCcyNtry>
			<CtryNm>LATVIA</CtryNm>
			<CcyNm>Latvian Ruble</CcyNm>
			<Ccy>LVR</Ccy>
			<CcyNbr>428</CcyNbr>
			<WthdrwlDt>1994-12</WthdrwlDt>
		</HstrcCcyNtry>
		"
HISTORICAL:76,HISTORICAL,LESOTHO,LS,NORMALIZED_EXISTING_MOTHER_NAME,Loti,LSM,426,,1985-05,,"<HstrcCcyNtry>
			<CtryNm>LESOTHO</CtryNm>
			<CcyNm>Loti</CcyNm>
			<Ccy>LSM</Ccy>
			<CcyNbr>426</CcyNbr>
			<WthdrwlDt>1985-05</WthdrwlDt>
		</HstrcCcyNtry>
		"
HISTORICAL:77,HISTORICAL,LESOTHO,LS,NORMALIZED_EXISTING_MOTHER_NAME,Financial Rand,ZAL,991,,1995-03,,"<HstrcCcyNtry>
			<CtryNm>LESOTHO</CtryNm>
			<CcyNm>Financial Rand</CcyNm>
			<Ccy>ZAL</Ccy>
			<CcyNbr>991</CcyNbr>
			<WthdrwlDt>1995-03</WthdrwlDt>
		</HstrcCcyNtry>
		"
HISTORICAL:78,HISTORICAL,LITHUANIA,LT,NORMALIZED_EXISTING_MOTHER_NAME,Lithuanian Litas,LTL,440,,2014-12,,"<HstrcCcyNtry>
			<CtryNm>LITHUANIA</CtryNm>
			<CcyNm>Lithuanian Litas</CcyNm>
			<Ccy>LTL</Ccy>
			<CcyNbr>440</CcyNbr>
			<WthdrwlDt>2014-12</WthdrwlDt>
		</HstrcCcyNtry>
		"
HISTORICAL:79,HISTORICAL,LITHUANIA,LT,NORMALIZED_EXISTING_MOTHER_NAME,Talonas,LTT,440,,1993-07,,"<HstrcCcyNtry>
			<CtryNm>LITHUANIA</CtryNm>
			<CcyNm>Talonas</CcyNm>
			<Ccy>LTT</Ccy>
			<CcyNbr>440</CcyNbr>
			<WthdrwlDt>1993-07</WthdrwlDt>
		</HstrcCcyNtry>
		"
HISTORICAL:80,HISTORICAL,LUXEMBOURG,LU,NORMALIZED_EXISTING_MOTHER_NAME,Luxembourg Convertible Franc,LUC,989,,1990-03,,"<HstrcCcyNtry>
			<CtryNm>LUXEMBOURG</CtryNm>
			<CcyNm>Luxembourg Convertible Franc</CcyNm>
			<Ccy>LUC</Ccy>
			<CcyNbr>989</CcyNbr>
			<WthdrwlDt>1990-03</WthdrwlDt>
		</HstrcCcyNtry>
		"
HISTORICAL:81,HISTORICAL,LUXEMBOURG,LU,NORMALIZED_EXISTING_MOTHER_NAME,Luxembourg Franc,LUF,442,,2002-03,,"<HstrcCcyNtry>
			<CtryNm>LUXEMBOURG</CtryNm>
			<CcyNm>Luxembourg Franc</CcyNm>
			<Ccy>LUF</Ccy>
			<CcyNbr>442</CcyNbr>
			<WthdrwlDt>2002-03</WthdrwlDt>
		</HstrcCcyNtry>
		"
HISTORICAL:82,HISTORICAL,LUXEMBOURG,LU,NORMALIZED_EXISTING_MOTHER_NAME,Luxembourg Financial Franc,LUL,988,,1990-03,,"<HstrcCcyNtry>
			<CtryNm>LUXEMBOURG</CtryNm>
			<CcyNm>Luxembourg Financial Franc</CcyNm>
			<Ccy>LUL</Ccy>
			<CcyNbr>988</CcyNbr>
			<WthdrwlDt>1990-03</WthdrwlDt>
		</HstrcCcyNtry>
		"
HISTORICAL:83,HISTORICAL,MADAGASCAR,MG,NORMALIZED_EXISTING_MOTHER_NAME,Malagasy Franc,MGF,450,,2004-12,,"<HstrcCcyNtry>
			<CtryNm>MADAGASCAR</CtryNm>
			<CcyNm>Malagasy Franc</CcyNm>
			<Ccy>MGF</Ccy>
			<CcyNbr>450</CcyNbr>
			<WthdrwlDt>2004-12</WthdrwlDt>
		</HstrcCcyNtry>
		"
HISTORICAL:84,HISTORICAL,MALAWI,MW,NORMALIZED_EXISTING_MOTHER_NAME,Kwacha,MWK,454,,2016-02,,"<HstrcCcyNtry>
			<CtryNm>MALAWI</CtryNm>
			<CcyNm>Kwacha</CcyNm>
			<Ccy>MWK</Ccy>
			<CcyNbr>454</CcyNbr>
			<WthdrwlDt>2016-02</WthdrwlDt>
		</HstrcCcyNtry>
		"
HISTORICAL:85,HISTORICAL,MALDIVES,MV,NORMALIZED_EXISTING_MOTHER_NAME,Maldive Rupee,MVQ,462,,1989-12,,"<HstrcCcyNtry>
			<CtryNm>MALDIVES</CtryNm>
			<CcyNm>Maldive Rupee</CcyNm>
			<Ccy>MVQ</Ccy>
			<CcyNbr>462</CcyNbr>
			<WthdrwlDt>1989-12</WthdrwlDt>
		</HstrcCcyNtry>
		"
HISTORICAL:86,HISTORICAL,MALI,ML,NORMALIZED_EXISTING_MOTHER_NAME,Mali Franc,MLF,466,,1984-11,,"<HstrcCcyNtry>
			<CtryNm>MALI</CtryNm>
			<CcyNm>Mali Franc</CcyNm>
			<Ccy>MLF</Ccy>
			<CcyNbr>466</CcyNbr>
			<WthdrwlDt>1984-11</WthdrwlDt>
		</HstrcCcyNtry>
		"
HISTORICAL:87,HISTORICAL,MALTA,MT,NORMALIZED_EXISTING_MOTHER_NAME,Maltese Lira,MTL,470,,2008-01,,"<HstrcCcyNtry>
			<CtryNm>MALTA</CtryNm>
			<CcyNm>Maltese Lira</CcyNm>
			<Ccy>MTL</Ccy>
			<CcyNbr>470</CcyNbr>
			<WthdrwlDt>2008-01</WthdrwlDt>
		</HstrcCcyNtry>
		"
HISTORICAL:88,HISTORICAL,MALTA,MT,NORMALIZED_EXISTING_MOTHER_NAME,Maltese Pound,MTP,470,,1983-06,,"<HstrcCcyNtry>
			<CtryNm>MALTA</CtryNm>
			<CcyNm>Maltese Pound</CcyNm>
			<Ccy>MTP</Ccy>
			<CcyNbr>470</CcyNbr>
			<WthdrwlDt>1983-06</WthdrwlDt>
		</HstrcCcyNtry>
		"
HISTORICAL:89,HISTORICAL,MARTINIQUE,MQ,NORMALIZED_EXISTING_MOTHER_NAME,French Franc,FRF,250,,2002-03,,"<HstrcCcyNtry>
			<CtryNm>MARTINIQUE</CtryNm>
			<CcyNm>French Franc</CcyNm>
			<Ccy>FRF</Ccy>
			<CcyNbr>250</CcyNbr>
			<WthdrwlDt>2002-03</WthdrwlDt>
		</HstrcCcyNtry>
		"
HISTORICAL:90,HISTORICAL,MAURITANIA,MR,NORMALIZED_EXISTING_MOTHER_NAME,Ouguiya,MRO,478,,2017-12,,"<HstrcCcyNtry>
			<CtryNm>MAURITANIA</CtryNm>
			<CcyNm>Ouguiya</CcyNm>
			<Ccy>MRO</Ccy>
			<CcyNbr>478</CcyNbr>
			<WthdrwlDt>2017-12</WthdrwlDt>
		</HstrcCcyNtry>
		"
HISTORICAL:91,HISTORICAL,MAYOTTE,YT,NORMALIZED_EXISTING_MOTHER_NAME,French Franc,FRF,250,,2002-03,,"<HstrcCcyNtry>
			<CtryNm>MAYOTTE</CtryNm>
			<CcyNm>French Franc</CcyNm>
			<Ccy>FRF</Ccy>
			<CcyNbr>250</CcyNbr>
			<WthdrwlDt>2002-03</WthdrwlDt>
		</HstrcCcyNtry>
		"
HISTORICAL:92,HISTORICAL,MEXICO,MX,NORMALIZED_EXISTING_MOTHER_NAME,Mexican Peso,MXP,484,,1993-01,,"<HstrcCcyNtry>
			<CtryNm>MEXICO</CtryNm>
			<CcyNm>Mexican Peso</CcyNm>
			<Ccy>MXP</Ccy>
			<CcyNbr>484</CcyNbr>
			<WthdrwlDt>1993-01</WthdrwlDt>
		</HstrcCcyNtry>
		"
HISTORICAL:93,HISTORICAL,"MOLDOVA, REPUBLIC OF",MD,NORMALIZED_EXISTING_MOTHER_NAME,Russian Ruble,RUR,810,,1993-12,,"<HstrcCcyNtry>
			<CtryNm>MOLDOVA, REPUBLIC OF</CtryNm>
			<CcyNm>Russian Ruble</CcyNm>
			<Ccy>RUR</Ccy>
			<CcyNbr>810</CcyNbr>
			<WthdrwlDt>1993-12</WthdrwlDt>
		</HstrcCcyNtry>
		"
HISTORICAL:94,HISTORICAL,MONACO,MC,NORMALIZED_EXISTING_MOTHER_NAME,French Franc,FRF,250,,2002-03,,"<HstrcCcyNtry>
			<CtryNm>MONACO</CtryNm>
			<CcyNm>French Franc</CcyNm>
			<Ccy>FRF</Ccy>
			<CcyNbr>250</CcyNbr>
			<WthdrwlDt>2002-03</WthdrwlDt>
		</HstrcCcyNtry>
		"
HISTORICAL:95,HISTORICAL,MOZAMBIQUE,MZ,NORMALIZED_EXISTING_MOTHER_NAME,Mozambique Escudo,MZE,508,,1978 to 1981,,"<HstrcCcyNtry>
			<CtryNm>MOZAMBIQUE</CtryNm>
			<CcyNm>Mozambique Escudo</CcyNm>
			<Ccy>MZE</Ccy>
			<CcyNbr>508</CcyNbr>
			<WthdrwlDt>1978 to 1981</WthdrwlDt>
		</HstrcCcyNtry>
		"
HISTORICAL:96,HISTORICAL,MOZAMBIQUE,MZ,NORMALIZED_EXISTING_MOTHER_NAME,Mozambique Metical,MZM,508,,2006-06,,"<HstrcCcyNtry>
			<CtryNm>MOZAMBIQUE</CtryNm>
			<CcyNm>Mozambique Metical</CcyNm>
			<Ccy>MZM</Ccy>
			<CcyNbr>508</CcyNbr>
			<WthdrwlDt>2006-06</WthdrwlDt>
		</HstrcCcyNtry>
		"
HISTORICAL:97,HISTORICAL,NETHERLANDS,NL,NORMALIZED_EXISTING_MOTHER_NAME,Netherlands Guilder,NLG,528,,2002-03,,"<HstrcCcyNtry>
			<CtryNm>NETHERLANDS</CtryNm>
			<CcyNm>Netherlands Guilder</CcyNm>
			<Ccy>NLG</Ccy>
			<CcyNbr>528</CcyNbr>
			<WthdrwlDt>2002-03</WthdrwlDt>
		</HstrcCcyNtry>
		"
HISTORICAL:98,HISTORICAL,NETHERLANDS ANTILLES,,UNMAPPED_OR_NON_COUNTRY_ENTITY,Netherlands Antillean Guilder,ANG,532,,2010-10,,"<HstrcCcyNtry>
			<CtryNm>NETHERLANDS ANTILLES</CtryNm>
			<CcyNm>Netherlands Antillean Guilder</CcyNm>
			<Ccy>ANG</Ccy>
			<CcyNbr>532</CcyNbr>
			<WthdrwlDt>2010-10</WthdrwlDt>
		</HstrcCcyNtry>
		"
HISTORICAL:99,HISTORICAL,NICARAGUA,NI,NORMALIZED_EXISTING_MOTHER_NAME,Cordoba,NIC,558,,1990-10,,"<HstrcCcyNtry>
			<CtryNm>NICARAGUA</CtryNm>
			<CcyNm>Cordoba</CcyNm>
			<Ccy>NIC</Ccy>
			<CcyNbr>558</CcyNbr>
			<WthdrwlDt>1990-10</WthdrwlDt>
		</HstrcCcyNtry>
		"
HISTORICAL:100,HISTORICAL,PERU,PE,NORMALIZED_EXISTING_MOTHER_NAME,Sol,PEH,604,,1989 to 1990,,"<HstrcCcyNtry>
			<CtryNm>PERU</CtryNm>
			<CcyNm>Sol</CcyNm>
			<Ccy>PEH</Ccy>
			<CcyNbr>604</CcyNbr>
			<WthdrwlDt>1989 to 1990</WthdrwlDt>
		</HstrcCcyNtry>
		"
HISTORICAL:101,HISTORICAL,PERU,PE,NORMALIZED_EXISTING_MOTHER_NAME,Inti,PEI,604,,1991-07,,"<HstrcCcyNtry>
			<CtryNm>PERU</CtryNm>
			<CcyNm>Inti</CcyNm>
			<Ccy>PEI</Ccy>
			<CcyNbr>604</CcyNbr>
			<WthdrwlDt>1991-07</WthdrwlDt>
		</HstrcCcyNtry>
		"
HISTORICAL:102,HISTORICAL,PERU,PE,NORMALIZED_EXISTING_MOTHER_NAME,Nuevo Sol ,PEN,604,,2015-12,,"<HstrcCcyNtry>
			<CtryNm>PERU</CtryNm>
			<CcyNm>Nuevo Sol </CcyNm>
			<Ccy>PEN</Ccy>
			<CcyNbr>604</CcyNbr>
			<WthdrwlDt>2015-12</WthdrwlDt>
		</HstrcCcyNtry>
		"
HISTORICAL:103,HISTORICAL,PERU,PE,NORMALIZED_EXISTING_MOTHER_NAME,Sol,PES,604,,1986-02,,"<HstrcCcyNtry>
			<CtryNm>PERU</CtryNm>
			<CcyNm>Sol</CcyNm>
			<Ccy>PES</Ccy>
			<CcyNbr>604</CcyNbr>
			<WthdrwlDt>1986-02</WthdrwlDt>
		</HstrcCcyNtry>
		"
HISTORICAL:104,HISTORICAL,POLAND,PL,NORMALIZED_EXISTING_MOTHER_NAME,Zloty,PLZ,616,,1997-01,,"<HstrcCcyNtry>
			<CtryNm>POLAND</CtryNm>
			<CcyNm>Zloty</CcyNm>
			<Ccy>PLZ</Ccy>
			<CcyNbr>616</CcyNbr>
			<WthdrwlDt>1997-01</WthdrwlDt>
		</HstrcCcyNtry>
		"
HISTORICAL:105,HISTORICAL,PORTUGAL,PT,NORMALIZED_EXISTING_MOTHER_NAME,Portuguese Escudo,PTE,620,,2002-03,,"<HstrcCcyNtry>
			<CtryNm>PORTUGAL</CtryNm>
			<CcyNm>Portuguese Escudo</CcyNm>
			<Ccy>PTE</Ccy>
			<CcyNbr>620</CcyNbr>
			<WthdrwlDt>2002-03</WthdrwlDt>
		</HstrcCcyNtry>
		"
HISTORICAL:106,HISTORICAL,RÉUNION,RE,NORMALIZED_EXISTING_MOTHER_NAME,French Franc,FRF,250,,2002-03,,"<HstrcCcyNtry>
			<CtryNm>RÉUNION</CtryNm>
			<CcyNm>French Franc</CcyNm>
			<Ccy>FRF</Ccy>
			<CcyNbr>250</CcyNbr>
			<WthdrwlDt>2002-03</WthdrwlDt>
		</HstrcCcyNtry>
		"
HISTORICAL:107,HISTORICAL,ROMANIA,RO,NORMALIZED_EXISTING_MOTHER_NAME,Leu A/52,ROK,642,,1989 to 1990,,"<HstrcCcyNtry>
			<CtryNm>ROMANIA</CtryNm>
			<CcyNm>Leu A/52</CcyNm>
			<Ccy>ROK</Ccy>
			<CcyNbr>642</CcyNbr>
			<WthdrwlDt>1989 to 1990</WthdrwlDt>
		</HstrcCcyNtry>
		"
HISTORICAL:108,HISTORICAL,ROMANIA,RO,NORMALIZED_EXISTING_MOTHER_NAME,Old Leu,ROL,642,,2005-06,,"<HstrcCcyNtry>
			<CtryNm>ROMANIA</CtryNm>
			<CcyNm>Old Leu</CcyNm>
			<Ccy>ROL</Ccy>
			<CcyNbr>642</CcyNbr>
			<WthdrwlDt>2005-06</WthdrwlDt>
		</HstrcCcyNtry>
		"
HISTORICAL:109,HISTORICAL,ROMANIA,RO,NORMALIZED_EXISTING_MOTHER_NAME,New Romanian Leu ,RON,946,,2015-06,,"<HstrcCcyNtry>
			<CtryNm>ROMANIA</CtryNm>
			<CcyNm>New Romanian Leu </CcyNm>
			<Ccy>RON</Ccy>
			<CcyNbr>946</CcyNbr>
			<WthdrwlDt>2015-06</WthdrwlDt>
		</HstrcCcyNtry>
		"
HISTORICAL:110,HISTORICAL,RUSSIAN FEDERATION,RU,NORMALIZED_EXISTING_MOTHER_NAME,Russian Ruble,RUR,810,,2004-01,,"<HstrcCcyNtry>
			<CtryNm>RUSSIAN FEDERATION</CtryNm>
			<CcyNm>Russian Ruble</CcyNm>
			<Ccy>RUR</Ccy>
			<CcyNbr>810</CcyNbr>
			<WthdrwlDt>2004-01</WthdrwlDt>
		</HstrcCcyNtry>
		"
HISTORICAL:111,HISTORICAL,SAINT MARTIN,,UNMAPPED_OR_NON_COUNTRY_ENTITY,French Franc,FRF,250,,1999-01,,"<HstrcCcyNtry>
			<CtryNm>SAINT MARTIN</CtryNm>
			<CcyNm>French Franc</CcyNm>
			<Ccy>FRF</Ccy>
			<CcyNbr>250</CcyNbr>
			<WthdrwlDt>1999-01</WthdrwlDt>
		</HstrcCcyNtry>
		"
HISTORICAL:112,HISTORICAL,SAINT PIERRE AND MIQUELON,PM,NORMALIZED_EXISTING_MOTHER_NAME,French Franc,FRF,250,,2002-03,,"<HstrcCcyNtry>
			<CtryNm>SAINT PIERRE AND MIQUELON</CtryNm>
			<CcyNm>French Franc</CcyNm>
			<Ccy>FRF</Ccy>
			<CcyNbr>250</CcyNbr>
			<WthdrwlDt>2002-03</WthdrwlDt>
		</HstrcCcyNtry>
		"
HISTORICAL:113,HISTORICAL,SAINT-BARTHÉLEMY,BL,NORMALIZED_EXISTING_MOTHER_NAME,French Franc,FRF,250,,1999-01,,"<HstrcCcyNtry>
			<CtryNm>SAINT-BARTHÉLEMY</CtryNm>
			<CcyNm>French Franc</CcyNm>
			<Ccy>FRF</Ccy>
			<CcyNbr>250</CcyNbr>
			<WthdrwlDt>1999-01</WthdrwlDt>
		</HstrcCcyNtry>
		"
HISTORICAL:114,HISTORICAL,SAN MARINO,SM,NORMALIZED_EXISTING_MOTHER_NAME,Italian Lira,ITL,380,,2002-03,,"<HstrcCcyNtry>
			<CtryNm>SAN MARINO</CtryNm>
			<CcyNm>Italian Lira</CcyNm>
			<Ccy>ITL</Ccy>
			<CcyNbr>380</CcyNbr>
			<WthdrwlDt>2002-03</WthdrwlDt>
		</HstrcCcyNtry>
		"
HISTORICAL:115,HISTORICAL,SAO TOME AND PRINCIPE,ST,NORMALIZED_EXISTING_MOTHER_NAME,Dobra,STD,678,,2017-12,,"<HstrcCcyNtry>
			<CtryNm>SAO TOME AND PRINCIPE</CtryNm>
			<CcyNm>Dobra</CcyNm>
			<Ccy>STD</Ccy>
			<CcyNbr>678</CcyNbr>
			<WthdrwlDt>2017-12</WthdrwlDt>
		</HstrcCcyNtry>
		"
HISTORICAL:116,HISTORICAL,SERBIA AND MONTENEGRO,,UNMAPPED_OR_NON_COUNTRY_ENTITY,Serbian Dinar,CSD,891,,2006-10,,"<HstrcCcyNtry>
			<CtryNm>SERBIA AND MONTENEGRO</CtryNm>
			<CcyNm>Serbian Dinar</CcyNm>
			<Ccy>CSD</Ccy>
			<CcyNbr>891</CcyNbr>
			<WthdrwlDt>2006-10</WthdrwlDt>
		</HstrcCcyNtry>
		"
HISTORICAL:117,HISTORICAL,SERBIA AND MONTENEGRO,,UNMAPPED_OR_NON_COUNTRY_ENTITY,Euro,EUR,978,,2006-10,,"<HstrcCcyNtry>
			<CtryNm>SERBIA AND MONTENEGRO</CtryNm>
			<CcyNm>Euro</CcyNm>
			<Ccy>EUR</Ccy>
			<CcyNbr>978</CcyNbr>
			<WthdrwlDt>2006-10</WthdrwlDt>
		</HstrcCcyNtry>
		"
HISTORICAL:118,HISTORICAL,SIERRA LEONE,SL,NORMALIZED_EXISTING_MOTHER_NAME,Leone,SLL,694,,2023-12,,"<HstrcCcyNtry>
			<CtryNm>SIERRA LEONE</CtryNm>
			<CcyNm>Leone</CcyNm>
			<Ccy>SLL</Ccy>
			<CcyNbr>694</CcyNbr>
			<WthdrwlDt>2023-12</WthdrwlDt>
		</HstrcCcyNtry>
		"
HISTORICAL:119,HISTORICAL,SINT MAARTEN (DUTCH PART),SX,NORMALIZED_EXISTING_MOTHER_NAME,Netherlands Antillean Guilder,ANG,532,,2025-03,,"<HstrcCcyNtry>
			<CtryNm>SINT MAARTEN (DUTCH PART)</CtryNm>
			<CcyNm>Netherlands Antillean Guilder</CcyNm>
			<Ccy>ANG</Ccy>
			<CcyNbr>532</CcyNbr>
			<WthdrwlDt>2025-03</WthdrwlDt>
		</HstrcCcyNtry>
		"
HISTORICAL:120,HISTORICAL,SLOVAKIA,SK,NORMALIZED_EXISTING_MOTHER_NAME,Slovak Koruna,SKK,703,,2009-01,,"<HstrcCcyNtry>
			<CtryNm>SLOVAKIA</CtryNm>
			<CcyNm>Slovak Koruna</CcyNm>
			<Ccy>SKK</Ccy>
			<CcyNbr>703</CcyNbr>
			<WthdrwlDt>2009-01</WthdrwlDt>
		</HstrcCcyNtry>
		"
HISTORICAL:121,HISTORICAL,SLOVENIA,SI,NORMALIZED_EXISTING_MOTHER_NAME,Tolar,SIT,705,,2007-01,,"<HstrcCcyNtry>
			<CtryNm>SLOVENIA</CtryNm>
			<CcyNm>Tolar</CcyNm>
			<Ccy>SIT</Ccy>
			<CcyNbr>705</CcyNbr>
			<WthdrwlDt>2007-01</WthdrwlDt>
		</HstrcCcyNtry>
		"
HISTORICAL:122,HISTORICAL,SOUTH AFRICA,ZA,NORMALIZED_EXISTING_MOTHER_NAME,Financial Rand,ZAL,991,,1995-03,,"<HstrcCcyNtry>
			<CtryNm>SOUTH AFRICA</CtryNm>
			<CcyNm>Financial Rand</CcyNm>
			<Ccy>ZAL</Ccy>
			<CcyNbr>991</CcyNbr>
			<WthdrwlDt>1995-03</WthdrwlDt>
		</HstrcCcyNtry>
		"
HISTORICAL:123,HISTORICAL,SOUTH SUDAN,SS,NORMALIZED_EXISTING_MOTHER_NAME,Sudanese Pound,SDG,938,,2012-09,,"<HstrcCcyNtry>
			<CtryNm>SOUTH SUDAN</CtryNm>
			<CcyNm>Sudanese Pound</CcyNm>
			<Ccy>SDG</Ccy>
			<CcyNbr>938</CcyNbr>
			<WthdrwlDt>2012-09</WthdrwlDt>
		</HstrcCcyNtry>
		"
HISTORICAL:124,HISTORICAL,SOUTHERN RHODESIA ,,UNMAPPED_OR_NON_COUNTRY_ENTITY,Rhodesian Dollar,RHD,716,,1978 to 1981,,"<HstrcCcyNtry>
			<CtryNm>SOUTHERN RHODESIA </CtryNm>
			<CcyNm>Rhodesian Dollar</CcyNm>
			<Ccy>RHD</Ccy>
			<CcyNbr>716</CcyNbr>
			<WthdrwlDt>1978 to 1981</WthdrwlDt>
		</HstrcCcyNtry>
		"
HISTORICAL:125,HISTORICAL,SPAIN,ES,NORMALIZED_EXISTING_MOTHER_NAME,Spanish Peseta,ESA,996,,1978 to 1981,,"<HstrcCcyNtry>
			<CtryNm>SPAIN</CtryNm>
			<CcyNm>Spanish Peseta</CcyNm>
			<Ccy>ESA</Ccy>
			<CcyNbr>996</CcyNbr>
			<WthdrwlDt>1978 to 1981</WthdrwlDt>
		</HstrcCcyNtry>
		"
HISTORICAL:126,HISTORICAL,SPAIN,ES,NORMALIZED_EXISTING_MOTHER_NAME,"""A"" Account (convertible Peseta Account)",ESB,995,,1994-12,,"<HstrcCcyNtry>
			<CtryNm>SPAIN</CtryNm>
			<CcyNm>""A"" Account (convertible Peseta Account)</CcyNm>
			<Ccy>ESB</Ccy>
			<CcyNbr>995</CcyNbr>
			<WthdrwlDt>1994-12</WthdrwlDt>
		</HstrcCcyNtry>
		"
HISTORICAL:127,HISTORICAL,SPAIN,ES,NORMALIZED_EXISTING_MOTHER_NAME,Spanish Peseta,ESP,724,,2002-03,,"<HstrcCcyNtry>
			<CtryNm>SPAIN</CtryNm>
			<CcyNm>Spanish Peseta</CcyNm>
			<Ccy>ESP</Ccy>
			<CcyNbr>724</CcyNbr>
			<WthdrwlDt>2002-03</WthdrwlDt>
		</HstrcCcyNtry>
		"
HISTORICAL:128,HISTORICAL,SUDAN,SD,NORMALIZED_EXISTING_MOTHER_NAME,Sudanese Dinar,SDD,736,,2007-07,,"<HstrcCcyNtry>
			<CtryNm>SUDAN</CtryNm>
			<CcyNm>Sudanese Dinar</CcyNm>
			<Ccy>SDD</Ccy>
			<CcyNbr>736</CcyNbr>
			<WthdrwlDt>2007-07</WthdrwlDt>
		</HstrcCcyNtry>
		"
HISTORICAL:129,HISTORICAL,SUDAN,SD,NORMALIZED_EXISTING_MOTHER_NAME,Sudanese Pound,SDP,736,,1998-06,,"<HstrcCcyNtry>
			<CtryNm>SUDAN</CtryNm>
			<CcyNm>Sudanese Pound</CcyNm>
			<Ccy>SDP</Ccy>
			<CcyNbr>736</CcyNbr>
			<WthdrwlDt>1998-06</WthdrwlDt>
		</HstrcCcyNtry>
		"
HISTORICAL:130,HISTORICAL,SURINAME,SR,NORMALIZED_EXISTING_MOTHER_NAME,Surinam Guilder,SRG,740,,2003-12,,"<HstrcCcyNtry>
			<CtryNm>SURINAME</CtryNm>
			<CcyNm>Surinam Guilder</CcyNm>
			<Ccy>SRG</Ccy>
			<CcyNbr>740</CcyNbr>
			<WthdrwlDt>2003-12</WthdrwlDt>
		</HstrcCcyNtry>
		"
HISTORICAL:131,HISTORICAL,SWAZILAND,,UNMAPPED_OR_NON_COUNTRY_ENTITY,Lilangeni,SZL,748,,2018-08,,"<HstrcCcyNtry>
			<CtryNm>SWAZILAND</CtryNm>
			<CcyNm>Lilangeni</CcyNm>
			<Ccy>SZL</Ccy>
			<CcyNbr>748</CcyNbr>
			<WthdrwlDt>2018-08</WthdrwlDt>
		</HstrcCcyNtry>
		"
HISTORICAL:132,HISTORICAL,SWITZERLAND,CH,NORMALIZED_EXISTING_MOTHER_NAME,WIR Franc (for electronic),CHC,948,,2004-11,,"<HstrcCcyNtry>
			<CtryNm>SWITZERLAND</CtryNm>
			<CcyNm>WIR Franc (for electronic)</CcyNm>
			<Ccy>CHC</Ccy>
			<CcyNbr>948</CcyNbr>
			<WthdrwlDt>2004-11</WthdrwlDt>
		</HstrcCcyNtry>
		"
HISTORICAL:133,HISTORICAL,TAJIKISTAN,TJ,NORMALIZED_EXISTING_MOTHER_NAME,Russian Ruble,RUR,810,,1995-05,,"<HstrcCcyNtry>
			<CtryNm>TAJIKISTAN</CtryNm>
			<CcyNm>Russian Ruble</CcyNm>
			<Ccy>RUR</Ccy>
			<CcyNbr>810</CcyNbr>
			<WthdrwlDt>1995-05</WthdrwlDt>
		</HstrcCcyNtry>
		"
HISTORICAL:134,HISTORICAL,TAJIKISTAN,TJ,NORMALIZED_EXISTING_MOTHER_NAME,Tajik Ruble,TJR,762,,2001-04,,"<HstrcCcyNtry>
			<CtryNm>TAJIKISTAN</CtryNm>
			<CcyNm>Tajik Ruble</CcyNm>
			<Ccy>TJR</Ccy>
			<CcyNbr>762</CcyNbr>
			<WthdrwlDt>2001-04</WthdrwlDt>
		</HstrcCcyNtry>
		"
HISTORICAL:135,HISTORICAL,TIMOR-LESTE,TL,NORMALIZED_EXISTING_MOTHER_NAME,Rupiah,IDR,360,,2002-07,,"<HstrcCcyNtry>
			<CtryNm>TIMOR-LESTE</CtryNm>
			<CcyNm>Rupiah</CcyNm>
			<Ccy>IDR</Ccy>
			<CcyNbr>360</CcyNbr>
			<WthdrwlDt>2002-07</WthdrwlDt>
		</HstrcCcyNtry>
		"
HISTORICAL:136,HISTORICAL,TIMOR-LESTE,TL,NORMALIZED_EXISTING_MOTHER_NAME,Timor Escudo,TPE,626,,2002-11,,"<HstrcCcyNtry>
			<CtryNm>TIMOR-LESTE</CtryNm>
			<CcyNm>Timor Escudo</CcyNm>
			<Ccy>TPE</Ccy>
			<CcyNbr>626</CcyNbr>
			<WthdrwlDt>2002-11</WthdrwlDt>
		</HstrcCcyNtry>
		"
HISTORICAL:137,HISTORICAL,TURKEY,,UNMAPPED_OR_NON_COUNTRY_ENTITY,Old Turkish Lira,TRL,792,,2005-12,,"<HstrcCcyNtry>
			<CtryNm>TURKEY</CtryNm>
			<CcyNm>Old Turkish Lira</CcyNm>
			<Ccy>TRL</Ccy>
			<CcyNbr>792</CcyNbr>
			<WthdrwlDt>2005-12</WthdrwlDt>
		</HstrcCcyNtry>
		"
HISTORICAL:138,HISTORICAL,TURKEY,,UNMAPPED_OR_NON_COUNTRY_ENTITY,New Turkish Lira,TRY,949,,2009-01,,"<HstrcCcyNtry>
			<CtryNm>TURKEY</CtryNm>
			<CcyNm>New Turkish Lira</CcyNm>
			<Ccy>TRY</Ccy>
			<CcyNbr>949</CcyNbr>
			<WthdrwlDt>2009-01</WthdrwlDt>
		</HstrcCcyNtry>
		"
HISTORICAL:139,HISTORICAL,TURKMENISTAN,TM,NORMALIZED_EXISTING_MOTHER_NAME,Russian Ruble,RUR,810,,1993-10,,"<HstrcCcyNtry>
			<CtryNm>TURKMENISTAN</CtryNm>
			<CcyNm>Russian Ruble</CcyNm>
			<Ccy>RUR</Ccy>
			<CcyNbr>810</CcyNbr>
			<WthdrwlDt>1993-10</WthdrwlDt>
		</HstrcCcyNtry>
		"
HISTORICAL:140,HISTORICAL,TURKMENISTAN,TM,NORMALIZED_EXISTING_MOTHER_NAME,Turkmenistan Manat,TMM,795,,2009-01,,"<HstrcCcyNtry>
			<CtryNm>TURKMENISTAN</CtryNm>
			<CcyNm>Turkmenistan Manat</CcyNm>
			<Ccy>TMM</Ccy>
			<CcyNbr>795</CcyNbr>
			<WthdrwlDt>2009-01</WthdrwlDt>
		</HstrcCcyNtry>
		"
HISTORICAL:141,HISTORICAL,UGANDA,UG,NORMALIZED_EXISTING_MOTHER_NAME,Uganda Shilling,UGS,800,,1987-05,,"<HstrcCcyNtry>
			<CtryNm>UGANDA</CtryNm>
			<CcyNm>Uganda Shilling</CcyNm>
			<Ccy>UGS</Ccy>
			<CcyNbr>800</CcyNbr>
			<WthdrwlDt>1987-05</WthdrwlDt>
		</HstrcCcyNtry>
		"
HISTORICAL:142,HISTORICAL,UGANDA,UG,NORMALIZED_EXISTING_MOTHER_NAME,Old Shilling,UGW,800,,1989 to 1990,,"<HstrcCcyNtry>
			<CtryNm>UGANDA</CtryNm>
			<CcyNm>Old Shilling</CcyNm>
			<Ccy>UGW</Ccy>
			<CcyNbr>800</CcyNbr>
			<WthdrwlDt>1989 to 1990</WthdrwlDt>
		</HstrcCcyNtry>
		"
HISTORICAL:143,HISTORICAL,UKRAINE,UA,NORMALIZED_EXISTING_MOTHER_NAME,Karbovanet,UAK,804,,1996-09,,"<HstrcCcyNtry>
			<CtryNm>UKRAINE</CtryNm>
			<CcyNm>Karbovanet</CcyNm>
			<Ccy>UAK</Ccy>
			<CcyNbr>804</CcyNbr>
			<WthdrwlDt>1996-09</WthdrwlDt>
		</HstrcCcyNtry>
		"
HISTORICAL:144,HISTORICAL,UNION OF SOVIET SOCIALIST REPUBLICS,,UNMAPPED_OR_NON_COUNTRY_ENTITY,Rouble,SUR,810,,1990-12,,"<HstrcCcyNtry>
			<CtryNm>UNION OF SOVIET SOCIALIST REPUBLICS</CtryNm>
			<CcyNm>Rouble</CcyNm>
			<Ccy>SUR</Ccy>
			<CcyNbr>810</CcyNbr>
			<WthdrwlDt>1990-12</WthdrwlDt>
		</HstrcCcyNtry>
		"
HISTORICAL:145,HISTORICAL,UNITED STATES,US,NORMALIZED_EXISTING_MOTHER_NAME,US Dollar (Same day),USS,998,,2014-03,,"<HstrcCcyNtry>
			<CtryNm>UNITED STATES</CtryNm>
			<CcyNm>US Dollar (Same day)</CcyNm>
			<Ccy>USS</Ccy>
			<CcyNbr>998</CcyNbr>
			<WthdrwlDt>2014-03</WthdrwlDt>
		</HstrcCcyNtry>
		"
HISTORICAL:146,HISTORICAL,URUGUAY,UY,NORMALIZED_EXISTING_MOTHER_NAME,Old Uruguay Peso,UYN,858,,1989-12,,"<HstrcCcyNtry>
			<CtryNm>URUGUAY</CtryNm>
			<CcyNm>Old Uruguay Peso</CcyNm>
			<Ccy>UYN</Ccy>
			<CcyNbr>858</CcyNbr>
			<WthdrwlDt>1989-12</WthdrwlDt>
		</HstrcCcyNtry>
		"
HISTORICAL:147,HISTORICAL,URUGUAY,UY,NORMALIZED_EXISTING_MOTHER_NAME,Uruguayan Peso,UYP,858,,1993-03,,"<HstrcCcyNtry>
			<CtryNm>URUGUAY</CtryNm>
			<CcyNm>Uruguayan Peso</CcyNm>
			<Ccy>UYP</Ccy>
			<CcyNbr>858</CcyNbr>
			<WthdrwlDt>1993-03</WthdrwlDt>
		</HstrcCcyNtry>
		"
HISTORICAL:148,HISTORICAL,UZBEKISTAN,UZ,NORMALIZED_EXISTING_MOTHER_NAME,Russian Ruble,RUR,810,,1994-07,,"<HstrcCcyNtry>
			<CtryNm>UZBEKISTAN</CtryNm>
			<CcyNm>Russian Ruble</CcyNm>
			<Ccy>RUR</Ccy>
			<CcyNbr>810</CcyNbr>
			<WthdrwlDt>1994-07</WthdrwlDt>
		</HstrcCcyNtry>
		"
HISTORICAL:149,HISTORICAL,VENEZUELA,,UNMAPPED_OR_NON_COUNTRY_ENTITY,Bolivar,VEB,862,,2008-01,,"<HstrcCcyNtry>
			<CtryNm>VENEZUELA</CtryNm>
			<CcyNm>Bolivar</CcyNm>
			<Ccy>VEB</Ccy>
			<CcyNbr>862</CcyNbr>
			<WthdrwlDt>2008-01</WthdrwlDt>
		</HstrcCcyNtry>
		"
HISTORICAL:150,HISTORICAL,VENEZUELA,,UNMAPPED_OR_NON_COUNTRY_ENTITY,Bolivar Fuerte,VEF,937,,2011-12,,"<HstrcCcyNtry>
			<CtryNm>VENEZUELA</CtryNm>
			<CcyNm>Bolivar Fuerte</CcyNm>
			<Ccy>VEF</Ccy>
			<CcyNbr>937</CcyNbr>
			<WthdrwlDt>2011-12</WthdrwlDt>
		</HstrcCcyNtry>
		"
HISTORICAL:151,HISTORICAL,VENEZUELA (BOLIVARIAN REPUBLIC OF),VE,NORMALIZED_EXISTING_MOTHER_NAME,Bolivar,VEF,937,,2016-02,,"<HstrcCcyNtry>
			<CtryNm>VENEZUELA (BOLIVARIAN REPUBLIC OF)</CtryNm>
			<CcyNm>Bolivar</CcyNm>
			<Ccy>VEF</Ccy>
			<CcyNbr>937</CcyNbr>
			<WthdrwlDt>2016-02</WthdrwlDt>
		</HstrcCcyNtry>
		"
HISTORICAL:152,HISTORICAL,VENEZUELA (BOLIVARIAN REPUBLIC OF),VE,NORMALIZED_EXISTING_MOTHER_NAME,Bolívar,VEF,937,,2018-08,,"<HstrcCcyNtry>
			<CtryNm>VENEZUELA (BOLIVARIAN REPUBLIC OF)</CtryNm>
			<CcyNm>Bolívar</CcyNm>
			<Ccy>VEF</Ccy>
			<CcyNbr>937</CcyNbr>
			<WthdrwlDt>2018-08</WthdrwlDt>
		</HstrcCcyNtry>
		"
HISTORICAL:153,HISTORICAL,VIETNAM,VN,NORMALIZED_EXISTING_MOTHER_NAME,Old Dong,VNC,704,,1989-1990,,"<HstrcCcyNtry>
			<CtryNm>VIETNAM</CtryNm>
			<CcyNm>Old Dong</CcyNm>
			<Ccy>VNC</Ccy>
			<CcyNbr>704</CcyNbr>
			<WthdrwlDt>1989-1990</WthdrwlDt>
		</HstrcCcyNtry>
		"
HISTORICAL:154,HISTORICAL,"YEMEN, DEMOCRATIC",,UNMAPPED_OR_NON_COUNTRY_ENTITY,Yemeni Dinar,YDD,720,,1991-09,,"<HstrcCcyNtry>
			<CtryNm>YEMEN, DEMOCRATIC</CtryNm>
			<CcyNm>Yemeni Dinar</CcyNm>
			<Ccy>YDD</Ccy>
			<CcyNbr>720</CcyNbr>
			<WthdrwlDt>1991-09</WthdrwlDt>
		</HstrcCcyNtry>
		"
HISTORICAL:155,HISTORICAL,YUGOSLAVIA,,UNMAPPED_OR_NON_COUNTRY_ENTITY,New Yugoslavian Dinar,YUD,890,,1990-01,,"<HstrcCcyNtry>
			<CtryNm>YUGOSLAVIA</CtryNm>
			<CcyNm>New Yugoslavian Dinar</CcyNm>
			<Ccy>YUD</Ccy>
			<CcyNbr>890</CcyNbr>
			<WthdrwlDt>1990-01</WthdrwlDt>
		</HstrcCcyNtry>
		"
HISTORICAL:156,HISTORICAL,YUGOSLAVIA,,UNMAPPED_OR_NON_COUNTRY_ENTITY,New Dinar,YUM,891,,2003-07,,"<HstrcCcyNtry>
			<CtryNm>YUGOSLAVIA</CtryNm>
			<CcyNm>New Dinar</CcyNm>
			<Ccy>YUM</Ccy>
			<CcyNbr>891</CcyNbr>
			<WthdrwlDt>2003-07</WthdrwlDt>
		</HstrcCcyNtry>
		"
HISTORICAL:157,HISTORICAL,YUGOSLAVIA,,UNMAPPED_OR_NON_COUNTRY_ENTITY,Yugoslavian Dinar,YUN,890,,1995-11,,"<HstrcCcyNtry>
			<CtryNm>YUGOSLAVIA</CtryNm>
			<CcyNm>Yugoslavian Dinar</CcyNm>
			<Ccy>YUN</Ccy>
			<CcyNbr>890</CcyNbr>
			<WthdrwlDt>1995-11</WthdrwlDt>
		</HstrcCcyNtry>
		"
HISTORICAL:158,HISTORICAL,ZAIRE,,UNMAPPED_OR_NON_COUNTRY_ENTITY,New Zaire,ZRN,180,,1999-06,,"<HstrcCcyNtry>
			<CtryNm>ZAIRE</CtryNm>
			<CcyNm>New Zaire</CcyNm>
			<Ccy>ZRN</Ccy>
			<CcyNbr>180</CcyNbr>
			<WthdrwlDt>1999-06</WthdrwlDt>
		</HstrcCcyNtry>
		"
HISTORICAL:159,HISTORICAL,ZAIRE,,UNMAPPED_OR_NON_COUNTRY_ENTITY,Zaire,ZRZ,180,,1994-02,,"<HstrcCcyNtry>
			<CtryNm>ZAIRE</CtryNm>
			<CcyNm>Zaire</CcyNm>
			<Ccy>ZRZ</Ccy>
			<CcyNbr>180</CcyNbr>
			<WthdrwlDt>1994-02</WthdrwlDt>
		</HstrcCcyNtry>
		"
HISTORICAL:160,HISTORICAL,ZAMBIA,ZM,NORMALIZED_EXISTING_MOTHER_NAME,Zambian Kwacha,ZMK,894,,2012-12,,"<HstrcCcyNtry>
			<CtryNm>ZAMBIA</CtryNm>
			<CcyNm>Zambian Kwacha</CcyNm>
			<Ccy>ZMK</Ccy>
			<CcyNbr>894</CcyNbr>
			<WthdrwlDt>2012-12</WthdrwlDt>
		</HstrcCcyNtry>
		"
HISTORICAL:161,HISTORICAL,ZIMBABWE,ZW,NORMALIZED_EXISTING_MOTHER_NAME,Rhodesian Dollar,ZWC,716,,1989-12,,"<HstrcCcyNtry>
			<CtryNm>ZIMBABWE</CtryNm>
			<CcyNm>Rhodesian Dollar</CcyNm>
			<Ccy>ZWC</Ccy>
			<CcyNbr>716</CcyNbr>
			<WthdrwlDt>1989-12</WthdrwlDt>
		</HstrcCcyNtry>
		"
HISTORICAL:162,HISTORICAL,ZIMBABWE,ZW,NORMALIZED_EXISTING_MOTHER_NAME,Zimbabwe Dollar (old),ZWD,716,,2006-08,,"<HstrcCcyNtry>
			<CtryNm>ZIMBABWE</CtryNm>
			<CcyNm>Zimbabwe Dollar (old)</CcyNm>
			<Ccy>ZWD</Ccy>
			<CcyNbr>716</CcyNbr>
			<WthdrwlDt>2006-08</WthdrwlDt>
		</HstrcCcyNtry>
		"
HISTORICAL:163,HISTORICAL,ZIMBABWE,ZW,NORMALIZED_EXISTING_MOTHER_NAME,Zimbabwe Dollar,ZWD,716,,2008-08,,"<HstrcCcyNtry>
			<CtryNm>ZIMBABWE</CtryNm>
			<CcyNm>Zimbabwe Dollar</CcyNm>
			<Ccy>ZWD</Ccy>
			<CcyNbr>716</CcyNbr>
			<WthdrwlDt>2008-08</WthdrwlDt>
		</HstrcCcyNtry>
		"
HISTORICAL:164,HISTORICAL,ZIMBABWE,ZW,NORMALIZED_EXISTING_MOTHER_NAME,Zimbabwe Dollar (new),ZWN,942,,2006-09,,"<HstrcCcyNtry>
			<CtryNm>ZIMBABWE</CtryNm>
			<CcyNm>Zimbabwe Dollar (new)</CcyNm>
			<Ccy>ZWN</Ccy>
			<CcyNbr>942</CcyNbr>
			<WthdrwlDt>2006-09</WthdrwlDt>
		</HstrcCcyNtry>
		"
HISTORICAL:165,HISTORICAL,ZIMBABWE,ZW,NORMALIZED_EXISTING_MOTHER_NAME,Zimbabwe Dollar,ZWR,935,,2009-06,,"<HstrcCcyNtry>
			<CtryNm>ZIMBABWE</CtryNm>
			<CcyNm>Zimbabwe Dollar</CcyNm>
			<Ccy>ZWR</Ccy>
			<CcyNbr>935</CcyNbr>
			<WthdrwlDt>2009-06</WthdrwlDt>
		</HstrcCcyNtry>
		"
HISTORICAL:166,HISTORICAL,ZIMBABWE,ZW,NORMALIZED_EXISTING_MOTHER_NAME,Zimbabwe Dollar,ZWL,932,,2024-09,,"<HstrcCcyNtry>
			<CtryNm>ZIMBABWE</CtryNm>
			<CcyNm>Zimbabwe Dollar</CcyNm>
			<Ccy>ZWL</Ccy>
			<CcyNbr>932</CcyNbr>
			<WthdrwlDt>2024-09</WthdrwlDt>
		</HstrcCcyNtry>
		"
HISTORICAL:167,HISTORICAL,ZZ01_Gold-Franc,,UNMAPPED_OR_NON_COUNTRY_ENTITY,Gold-Franc,XFO,,,2006-10,,"<HstrcCcyNtry>
			<CtryNm>ZZ01_Gold-Franc</CtryNm>
			<CcyNm>Gold-Franc</CcyNm>
			<Ccy>XFO</Ccy>
			<WthdrwlDt>2006-10</WthdrwlDt>
		</HstrcCcyNtry>
		"
HISTORICAL:168,HISTORICAL,ZZ02_RINET Funds Code,,UNMAPPED_OR_NON_COUNTRY_ENTITY,RINET Funds Code,XRE,,,1999-11,WAHR,"<HstrcCcyNtry>
			<CtryNm>ZZ02_RINET Funds Code</CtryNm>
			<CcyNm IsFund=""WAHR"">RINET Funds Code</CcyNm>
			<Ccy>XRE</Ccy>
			<WthdrwlDt>1999-11</WthdrwlDt>
		</HstrcCcyNtry>
		"
HISTORICAL:169,HISTORICAL,ZZ05_UIC-Franc,,UNMAPPED_OR_NON_COUNTRY_ENTITY,UIC-Franc,XFU,,,2013-11,WAHR,"<HstrcCcyNtry>
			<CtryNm>ZZ05_UIC-Franc</CtryNm>
			<CcyNm IsFund=""WAHR"">UIC-Franc</CcyNm>
			<Ccy>XFU</Ccy>
			<WthdrwlDt>2013-11</WthdrwlDt>
		</HstrcCcyNtry>
	"
