source_url,table,row,name,symbol,role,fields_json,raw_source_rows_json,evidence
https://www.balkangashub.bg/en/membership/members,1,2,BULGARTRANSGAZ EAD,,MEMBER_OR_PARTICIPANT_SOURCE_RECORD,"{""Number"": ""1"", ""Member"": ""BULGARTRANSGAZ EAD"", ""EIC"": ""21X-BG-A-A0A0A-C"", ""Clearing Member"": """"}","[{""work_id"": ""B05:1177"", ""source_url"": ""https://www.balkangashub.bg/en/membership/members"", ""table"": ""1"", ""row"": ""2"", ""headers_json"": ""[\""Number\"", \""Member\"", \""EIC\"", \""Clearing Member\""]"", ""cells_json"": ""[\""1\"", \""BULGARTRANSGAZ EAD\"", \""21X-BG-A-A0A0A-C\"", \""\""]"", ""row_links_json"": ""[]"", ""content_sha256"": ""ea61fb16bfa9aa1a6f1a3a2022ebf204827bf51d708b4c2b3287962c597d644d"", ""semantic_status"": ""SOURCE_TABLE_ROW_NOT_AUTOMATICALLY_ENTITY""}]",SOURCE_TABLE_RECORD_NOT_GLOBAL_OR_UNIQUE_COMPANY_VERIFICATION
https://www.balkangashub.bg/en/membership/members,1,3,ICGB AD,,MEMBER_OR_PARTICIPANT_SOURCE_RECORD,"{""Number"": ""2"", ""Member"": ""ICGB AD"", ""EIC"": ""58X-ICGB-00-00-H"", ""Clearing Member"": """"}","[{""work_id"": ""B05:1177"", ""source_url"": ""https://www.balkangashub.bg/en/membership/members"", ""table"": ""1"", ""row"": ""3"", ""headers_json"": ""[\""Number\"", \""Member\"", \""EIC\"", \""Clearing Member\""]"", ""cells_json"": ""[\""2\"", \""ICGB AD\"", \""58X-ICGB-00-00-H\"", \""\""]"", ""row_links_json"": ""[]"", ""content_sha256"": ""ea61fb16bfa9aa1a6f1a3a2022ebf204827bf51d708b4c2b3287962c597d644d"", ""semantic_status"": ""SOURCE_TABLE_ROW_NOT_AUTOMATICALLY_ENTITY""}]",SOURCE_TABLE_RECORD_NOT_GLOBAL_OR_UNIQUE_COMPANY_VERIFICATION
https://www.balkangashub.bg/en/membership/members,1,4,NOMAGAS JSC Skopje,,MEMBER_OR_PARTICIPANT_SOURCE_RECORD,"{""Number"": ""3"", ""Member"": ""NOMAGAS JSC Skopje"", ""EIC"": ""21X000000001389O"", ""Clearing Member"": """"}","[{""work_id"": ""B05:1177"", ""source_url"": ""https://www.balkangashub.bg/en/membership/members"", ""table"": ""1"", ""row"": ""4"", ""headers_json"": ""[\""Number\"", \""Member\"", \""EIC\"", \""Clearing Member\""]"", ""cells_json"": ""[\""3\"", \""NOMAGAS JSC Skopje\"", \""21X000000001389O\"", \""\""]"", ""row_links_json"": ""[]"", ""content_sha256"": ""ea61fb16bfa9aa1a6f1a3a2022ebf204827bf51d708b4c2b3287962c597d644d"", ""semantic_status"": ""SOURCE_TABLE_ROW_NOT_AUTOMATICALLY_ENTITY""}]",SOURCE_TABLE_RECORD_NOT_GLOBAL_OR_UNIQUE_COMPANY_VERIFICATION
https://www.balkangashub.bg/en/membership/members,2,2,A. P. M. P. Handelsgesellschaft m. b. H.,,MEMBER_OR_PARTICIPANT_SOURCE_RECORD,"{""Number"": ""1"", ""Member"": ""A. P. M. P. Handelsgesellschaft m. b. H."", ""EIC"": ""25X-APMPHANDELSI"", ""Natural Gas Trading License"": """", ""Clearing Member"": """"}","[{""work_id"": ""B05:1177"", ""source_url"": ""https://www.balkangashub.bg/en/membership/members"", ""table"": ""2"", ""row"": ""2"", ""headers_json"": ""[\""Number\"", \""Member\"", \""EIC\"", \""Natural Gas Trading License\"", \""Clearing Member\""]"", ""cells_json"": ""[\""1\"", \""A. P. M. P. Handelsgesellschaft m. b. H.\"", \""25X-APMPHANDELSI\"", \""\"", \""\""]"", ""row_links_json"": ""[]"", ""content_sha256"": ""ea61fb16bfa9aa1a6f1a3a2022ebf204827bf51d708b4c2b3287962c597d644d"", ""semantic_status"": ""SOURCE_TABLE_ROW_NOT_AUTOMATICALLY_ENTITY""}]",SOURCE_TABLE_RECORD_NOT_GLOBAL_OR_UNIQUE_COMPANY_VERIFICATION
https://www.balkangashub.bg/en/membership/members,2,3,ACTAEL EOOD,,MEMBER_OR_PARTICIPANT_SOURCE_RECORD,"{""Number"": ""2"", ""Member"": ""ACTAEL EOOD"", ""EIC"": ""32X001100101272N"", ""Natural Gas Trading License"": """", ""Clearing Member"": """"}","[{""work_id"": ""B05:1177"", ""source_url"": ""https://www.balkangashub.bg/en/membership/members"", ""table"": ""2"", ""row"": ""3"", ""headers_json"": ""[\""Number\"", \""Member\"", \""EIC\"", \""Natural Gas Trading License\"", \""Clearing Member\""]"", ""cells_json"": ""[\""2\"", \""ACTAEL EOOD\"", \""32X001100101272N\"", \""\"", \""\""]"", ""row_links_json"": ""[]"", ""content_sha256"": ""ea61fb16bfa9aa1a6f1a3a2022ebf204827bf51d708b4c2b3287962c597d644d"", ""semantic_status"": ""SOURCE_TABLE_ROW_NOT_AUTOMATICALLY_ENTITY""}]",SOURCE_TABLE_RECORD_NOT_GLOBAL_OR_UNIQUE_COMPANY_VERIFICATION
https://www.balkangashub.bg/en/membership/members,2,4,Allianz Energy Bulgaria LLC,,MEMBER_OR_PARTICIPANT_SOURCE_RECORD,"{""Number"": ""3"", ""Member"": ""Allianz Energy Bulgaria LLC"", ""EIC"": ""58X-ALNZENRGYBGX"", ""Natural Gas Trading License"": """", ""Clearing Member"": """"}","[{""work_id"": ""B05:1177"", ""source_url"": ""https://www.balkangashub.bg/en/membership/members"", ""table"": ""2"", ""row"": ""4"", ""headers_json"": ""[\""Number\"", \""Member\"", \""EIC\"", \""Natural Gas Trading License\"", \""Clearing Member\""]"", ""cells_json"": ""[\""3\"", \""Allianz Energy Bulgaria LLC\"", \""58X-ALNZENRGYBGX\"", \""\"", \""\""]"", ""row_links_json"": ""[]"", ""content_sha256"": ""ea61fb16bfa9aa1a6f1a3a2022ebf204827bf51d708b4c2b3287962c597d644d"", ""semantic_status"": ""SOURCE_TABLE_ROW_NOT_AUTOMATICALLY_ENTITY""}]",SOURCE_TABLE_RECORD_NOT_GLOBAL_OR_UNIQUE_COMPANY_VERIFICATION
https://www.balkangashub.bg/en/membership/members,2,5,AMV Solar SRL,,MEMBER_OR_PARTICIPANT_SOURCE_RECORD,"{""Number"": ""4"", ""Member"": ""AMV Solar SRL"", ""EIC"": ""30XROAMVSOLAR--D"", ""Natural Gas Trading License"": """", ""Clearing Member"": """"}","[{""work_id"": ""B05:1177"", ""source_url"": ""https://www.balkangashub.bg/en/membership/members"", ""table"": ""2"", ""row"": ""5"", ""headers_json"": ""[\""Number\"", \""Member\"", \""EIC\"", \""Natural Gas Trading License\"", \""Clearing Member\""]"", ""cells_json"": ""[\""4\"", \""AMV Solar SRL\"", \""30XROAMVSOLAR--D\"", \""\"", \""\""]"", ""row_links_json"": ""[]"", ""content_sha256"": ""ea61fb16bfa9aa1a6f1a3a2022ebf204827bf51d708b4c2b3287962c597d644d"", ""semantic_status"": ""SOURCE_TABLE_ROW_NOT_AUTOMATICALLY_ENTITY""}]",SOURCE_TABLE_RECORD_NOT_GLOBAL_OR_UNIQUE_COMPANY_VERIFICATION
https://www.balkangashub.bg/en/membership/members,2,6,ARCH TRADE EOOD,,MEMBER_OR_PARTICIPANT_SOURCE_RECORD,"{""Number"": ""5"", ""Member"": ""ARCH TRADE EOOD"", ""EIC"": ""58X-ARCHTRADE--P"", ""Natural Gas Trading License"": """", ""Clearing Member"": """"}","[{""work_id"": ""B05:1177"", ""source_url"": ""https://www.balkangashub.bg/en/membership/members"", ""table"": ""2"", ""row"": ""6"", ""headers_json"": ""[\""Number\"", \""Member\"", \""EIC\"", \""Natural Gas Trading License\"", \""Clearing Member\""]"", ""cells_json"": ""[\""5\"", \""ARCH TRADE EOOD\"", \""58X-ARCHTRADE--P\"", \""\"", \""\""]"", ""row_links_json"": ""[]"", ""content_sha256"": ""ea61fb16bfa9aa1a6f1a3a2022ebf204827bf51d708b4c2b3287962c597d644d"", ""semantic_status"": ""SOURCE_TABLE_ROW_NOT_AUTOMATICALLY_ENTITY""}]",SOURCE_TABLE_RECORD_NOT_GLOBAL_OR_UNIQUE_COMPANY_VERIFICATION
https://www.balkangashub.bg/en/membership/members,2,7,ARVI INVEST RO SRL,,MEMBER_OR_PARTICIPANT_SOURCE_RECORD,"{""Number"": ""6"", ""Member"": ""ARVI INVEST RO SRL"", ""EIC"": ""60X0000000001377"", ""Natural Gas Trading License"": """", ""Clearing Member"": """"}","[{""work_id"": ""B05:1177"", ""source_url"": ""https://www.balkangashub.bg/en/membership/members"", ""table"": ""2"", ""row"": ""7"", ""headers_json"": ""[\""Number\"", \""Member\"", \""EIC\"", \""Natural Gas Trading License\"", \""Clearing Member\""]"", ""cells_json"": ""[\""6\"", \""ARVI INVEST RO SRL\"", \""60X0000000001377\"", \""\"", \""\""]"", ""row_links_json"": ""[]"", ""content_sha256"": ""ea61fb16bfa9aa1a6f1a3a2022ebf204827bf51d708b4c2b3287962c597d644d"", ""semantic_status"": ""SOURCE_TABLE_ROW_NOT_AUTOMATICALLY_ENTITY""}]",SOURCE_TABLE_RECORD_NOT_GLOBAL_OR_UNIQUE_COMPANY_VERIFICATION
https://www.balkangashub.bg/en/membership/members,2,8,Axpo Bulgaria,,MEMBER_OR_PARTICIPANT_SOURCE_RECORD,"{""Number"": ""7"", ""Member"": ""Axpo Bulgaria"", ""EIC"": ""32XEGL-BULGARIAC"", ""Natural Gas Trading License"": """", ""Clearing Member"": """"}","[{""work_id"": ""B05:1177"", ""source_url"": ""https://www.balkangashub.bg/en/membership/members"", ""table"": ""2"", ""row"": ""8"", ""headers_json"": ""[\""Number\"", \""Member\"", \""EIC\"", \""Natural Gas Trading License\"", \""Clearing Member\""]"", ""cells_json"": ""[\""7\"", \""Axpo Bulgaria\"", \""32XEGL-BULGARIAC\"", \""\"", \""\""]"", ""row_links_json"": ""[]"", ""content_sha256"": ""ea61fb16bfa9aa1a6f1a3a2022ebf204827bf51d708b4c2b3287962c597d644d"", ""semantic_status"": ""SOURCE_TABLE_ROW_NOT_AUTOMATICALLY_ENTITY""}]",SOURCE_TABLE_RECORD_NOT_GLOBAL_OR_UNIQUE_COMPANY_VERIFICATION
https://www.balkangashub.bg/en/membership/members,2,9,Balkan Gas Logistic Ltd.,,MEMBER_OR_PARTICIPANT_SOURCE_RECORD,"{""Number"": ""8"", ""Member"": ""Balkan Gas Logistic Ltd."", ""EIC"": ""58X-00C-BG01-L0C"", ""Natural Gas Trading License"": """", ""Clearing Member"": """"}","[{""work_id"": ""B05:1177"", ""source_url"": ""https://www.balkangashub.bg/en/membership/members"", ""table"": ""2"", ""row"": ""9"", ""headers_json"": ""[\""Number\"", \""Member\"", \""EIC\"", \""Natural Gas Trading License\"", \""Clearing Member\""]"", ""cells_json"": ""[\""8\"", \""Balkan Gas Logistic Ltd.\"", \""58X-00C-BG01-L0C\"", \""\"", \""\""]"", ""row_links_json"": ""[]"", ""content_sha256"": ""ea61fb16bfa9aa1a6f1a3a2022ebf204827bf51d708b4c2b3287962c597d644d"", ""semantic_status"": ""SOURCE_TABLE_ROW_NOT_AUTOMATICALLY_ENTITY""}]",SOURCE_TABLE_RECORD_NOT_GLOBAL_OR_UNIQUE_COMPANY_VERIFICATION
https://www.balkangashub.bg/en/membership/members,2,10,Balkan Gas logistics Ltd,,MEMBER_OR_PARTICIPANT_SOURCE_RECORD,"{""Number"": ""9"", ""Member"": ""Balkan Gas logistics Ltd"", ""EIC"": ""58X0-B-0-G-0-L-9"", ""Natural Gas Trading License"": """", ""Clearing Member"": """"}","[{""work_id"": ""B05:1177"", ""source_url"": ""https://www.balkangashub.bg/en/membership/members"", ""table"": ""2"", ""row"": ""10"", ""headers_json"": ""[\""Number\"", \""Member\"", \""EIC\"", \""Natural Gas Trading License\"", \""Clearing Member\""]"", ""cells_json"": ""[\""9\"", \""Balkan Gas logistics Ltd\"", \""58X0-B-0-G-0-L-9\"", \""\"", \""\""]"", ""row_links_json"": ""[]"", ""content_sha256"": ""ea61fb16bfa9aa1a6f1a3a2022ebf204827bf51d708b4c2b3287962c597d644d"", ""semantic_status"": ""SOURCE_TABLE_ROW_NOT_AUTOMATICALLY_ENTITY""}]",SOURCE_TABLE_RECORD_NOT_GLOBAL_OR_UNIQUE_COMPANY_VERIFICATION
https://www.balkangashub.bg/en/membership/members,2,11,BALKAN UTILITIES JSC,,MEMBER_OR_PARTICIPANT_SOURCE_RECORD,"{""Number"": ""10"", ""Member"": ""BALKAN UTILITIES JSC"", ""EIC"": ""32X001100100235Y"", ""Natural Gas Trading License"": """", ""Clearing Member"": """"}","[{""work_id"": ""B05:1177"", ""source_url"": ""https://www.balkangashub.bg/en/membership/members"", ""table"": ""2"", ""row"": ""11"", ""headers_json"": ""[\""Number\"", \""Member\"", \""EIC\"", \""Natural Gas Trading License\"", \""Clearing Member\""]"", ""cells_json"": ""[\""10\"", \""BALKAN UTILITIES JSC\"", \""32X001100100235Y\"", \""\"", \""\""]"", ""row_links_json"": ""[]"", ""content_sha256"": ""ea61fb16bfa9aa1a6f1a3a2022ebf204827bf51d708b4c2b3287962c597d644d"", ""semantic_status"": ""SOURCE_TABLE_ROW_NOT_AUTOMATICALLY_ENTITY""}]",SOURCE_TABLE_RECORD_NOT_GLOBAL_OR_UNIQUE_COMPANY_VERIFICATION
https://www.balkangashub.bg/en/membership/members,2,12,BULGARGAZ EAD,,MEMBER_OR_PARTICIPANT_SOURCE_RECORD,"{""Number"": ""11"", ""Member"": ""BULGARGAZ EAD"", ""EIC"": ""58X-BULGARGAZ-1G"", ""Natural Gas Trading License"": """", ""Clearing Member"": """"}","[{""work_id"": ""B05:1177"", ""source_url"": ""https://www.balkangashub.bg/en/membership/members"", ""table"": ""2"", ""row"": ""12"", ""headers_json"": ""[\""Number\"", \""Member\"", \""EIC\"", \""Natural Gas Trading License\"", \""Clearing Member\""]"", ""cells_json"": ""[\""11\"", \""BULGARGAZ EAD\"", \""58X-BULGARGAZ-1G\"", \""\"", \""\""]"", ""row_links_json"": ""[]"", ""content_sha256"": ""ea61fb16bfa9aa1a6f1a3a2022ebf204827bf51d708b4c2b3287962c597d644d"", ""semantic_status"": ""SOURCE_TABLE_ROW_NOT_AUTOMATICALLY_ENTITY""}]",SOURCE_TABLE_RECORD_NOT_GLOBAL_OR_UNIQUE_COMPANY_VERIFICATION
https://www.balkangashub.bg/en/membership/members,2,13,BULGARIAN GAS COMPANY,,MEMBER_OR_PARTICIPANT_SOURCE_RECORD,"{""Number"": ""12"", ""Member"": ""BULGARIAN GAS COMPANY"", ""EIC"": ""58X-00000055-BGC"", ""Natural Gas Trading License"": """", ""Clearing Member"": """"}","[{""work_id"": ""B05:1177"", ""source_url"": ""https://www.balkangashub.bg/en/membership/members"", ""table"": ""2"", ""row"": ""13"", ""headers_json"": ""[\""Number\"", \""Member\"", \""EIC\"", \""Natural Gas Trading License\"", \""Clearing Member\""]"", ""cells_json"": ""[\""12\"", \""BULGARIAN GAS COMPANY\"", \""58X-00000055-BGC\"", \""\"", \""\""]"", ""row_links_json"": ""[]"", ""content_sha256"": ""ea61fb16bfa9aa1a6f1a3a2022ebf204827bf51d708b4c2b3287962c597d644d"", ""semantic_status"": ""SOURCE_TABLE_ROW_NOT_AUTOMATICALLY_ENTITY""}]",SOURCE_TABLE_RECORD_NOT_GLOBAL_OR_UNIQUE_COMPANY_VERIFICATION
https://www.balkangashub.bg/en/membership/members,2,14,"CEZ, a.s.",,MEMBER_OR_PARTICIPANT_SOURCE_RECORD,"{""Number"": ""13"", ""Member"": ""CEZ, a.s."", ""EIC"": ""11XCEZ-CZ------1"", ""Natural Gas Trading License"": """", ""Clearing Member"": """"}","[{""work_id"": ""B05:1177"", ""source_url"": ""https://www.balkangashub.bg/en/membership/members"", ""table"": ""2"", ""row"": ""14"", ""headers_json"": ""[\""Number\"", \""Member\"", \""EIC\"", \""Natural Gas Trading License\"", \""Clearing Member\""]"", ""cells_json"": ""[\""13\"", \""CEZ, a.s.\"", \""11XCEZ-CZ------1\"", \""\"", \""\""]"", ""row_links_json"": ""[]"", ""content_sha256"": ""ea61fb16bfa9aa1a6f1a3a2022ebf204827bf51d708b4c2b3287962c597d644d"", ""semantic_status"": ""SOURCE_TABLE_ROW_NOT_AUTOMATICALLY_ENTITY""}]",SOURCE_TABLE_RECORD_NOT_GLOBAL_OR_UNIQUE_COMPANY_VERIFICATION
https://www.balkangashub.bg/en/membership/members,2,15,CNG Systems Ltd,,MEMBER_OR_PARTICIPANT_SOURCE_RECORD,"{""Number"": ""14"", ""Member"": ""CNG Systems Ltd"", ""EIC"": ""58X-C-0030-N-0-G"", ""Natural Gas Trading License"": """", ""Clearing Member"": """"}","[{""work_id"": ""B05:1177"", ""source_url"": ""https://www.balkangashub.bg/en/membership/members"", ""table"": ""2"", ""row"": ""15"", ""headers_json"": ""[\""Number\"", \""Member\"", \""EIC\"", \""Natural Gas Trading License\"", \""Clearing Member\""]"", ""cells_json"": ""[\""14\"", \""CNG Systems Ltd\"", \""58X-C-0030-N-0-G\"", \""\"", \""\""]"", ""row_links_json"": ""[]"", ""content_sha256"": ""ea61fb16bfa9aa1a6f1a3a2022ebf204827bf51d708b4c2b3287962c597d644d"", ""semantic_status"": ""SOURCE_TABLE_ROW_NOT_AUTOMATICALLY_ENTITY""}]",SOURCE_TABLE_RECORD_NOT_GLOBAL_OR_UNIQUE_COMPANY_VERIFICATION
https://www.balkangashub.bg/en/membership/members,2,16,COUNT Energy Trading AS,,MEMBER_OR_PARTICIPANT_SOURCE_RECORD,"{""Number"": ""15"", ""Member"": ""COUNT Energy Trading AS"", ""EIC"": ""23X--160304-WG-C"", ""Natural Gas Trading License"": """", ""Clearing Member"": """"}","[{""work_id"": ""B05:1177"", ""source_url"": ""https://www.balkangashub.bg/en/membership/members"", ""table"": ""2"", ""row"": ""16"", ""headers_json"": ""[\""Number\"", \""Member\"", \""EIC\"", \""Natural Gas Trading License\"", \""Clearing Member\""]"", ""cells_json"": ""[\""15\"", \""COUNT Energy Trading AS\"", \""23X--160304-WG-C\"", \""\"", \""\""]"", ""row_links_json"": ""[]"", ""content_sha256"": ""ea61fb16bfa9aa1a6f1a3a2022ebf204827bf51d708b4c2b3287962c597d644d"", ""semantic_status"": ""SOURCE_TABLE_ROW_NOT_AUTOMATICALLY_ENTITY""}]",SOURCE_TABLE_RECORD_NOT_GLOBAL_OR_UNIQUE_COMPANY_VERIFICATION
https://www.balkangashub.bg/en/membership/members,2,17,D. Trading D.O.O.,,MEMBER_OR_PARTICIPANT_SOURCE_RECORD,"{""Number"": ""16"", ""Member"": ""D. Trading D.O.O."", ""EIC"": ""31X-0153-T-000-R"", ""Natural Gas Trading License"": """", ""Clearing Member"": """"}","[{""work_id"": ""B05:1177"", ""source_url"": ""https://www.balkangashub.bg/en/membership/members"", ""table"": ""2"", ""row"": ""17"", ""headers_json"": ""[\""Number\"", \""Member\"", \""EIC\"", \""Natural Gas Trading License\"", \""Clearing Member\""]"", ""cells_json"": ""[\""16\"", \""D. Trading D.O.O.\"", \""31X-0153-T-000-R\"", \""\"", \""\""]"", ""row_links_json"": ""[]"", ""content_sha256"": ""ea61fb16bfa9aa1a6f1a3a2022ebf204827bf51d708b4c2b3287962c597d644d"", ""semantic_status"": ""SOURCE_TABLE_ROW_NOT_AUTOMATICALLY_ENTITY""}]",SOURCE_TABLE_RECORD_NOT_GLOBAL_OR_UNIQUE_COMPANY_VERIFICATION
https://www.balkangashub.bg/en/membership/members,2,18,DANSKE COMMODITIES A/S,,MEMBER_OR_PARTICIPANT_SOURCE_RECORD,"{""Number"": ""17"", ""Member"": ""DANSKE COMMODITIES A/S"", ""EIC"": ""11XDANSKECOM---P"", ""Natural Gas Trading License"": """", ""Clearing Member"": """"}","[{""work_id"": ""B05:1177"", ""source_url"": ""https://www.balkangashub.bg/en/membership/members"", ""table"": ""2"", ""row"": ""18"", ""headers_json"": ""[\""Number\"", \""Member\"", \""EIC\"", \""Natural Gas Trading License\"", \""Clearing Member\""]"", ""cells_json"": ""[\""17\"", \""DANSKE COMMODITIES A/S\"", \""11XDANSKECOM---P\"", \""\"", \""\""]"", ""row_links_json"": ""[]"", ""content_sha256"": ""ea61fb16bfa9aa1a6f1a3a2022ebf204827bf51d708b4c2b3287962c597d644d"", ""semantic_status"": ""SOURCE_TABLE_ROW_NOT_AUTOMATICALLY_ENTITY""}]",SOURCE_TABLE_RECORD_NOT_GLOBAL_OR_UNIQUE_COMPANY_VERIFICATION
https://www.balkangashub.bg/en/membership/members,2,19,DEPA COMMERCIAL S.M.S.A.,,MEMBER_OR_PARTICIPANT_SOURCE_RECORD,"{""Number"": ""18"", ""Member"": ""DEPA COMMERCIAL S.M.S.A."", ""EIC"": ""23X--161201--D-M"", ""Natural Gas Trading License"": """", ""Clearing Member"": """"}","[{""work_id"": ""B05:1177"", ""source_url"": ""https://www.balkangashub.bg/en/membership/members"", ""table"": ""2"", ""row"": ""19"", ""headers_json"": ""[\""Number\"", \""Member\"", \""EIC\"", \""Natural Gas Trading License\"", \""Clearing Member\""]"", ""cells_json"": ""[\""18\"", \""DEPA COMMERCIAL S.M.S.A.\"", \""23X--161201--D-M\"", \""\"", \""\""]"", ""row_links_json"": ""[]"", ""content_sha256"": ""ea61fb16bfa9aa1a6f1a3a2022ebf204827bf51d708b4c2b3287962c597d644d"", ""semantic_status"": ""SOURCE_TABLE_ROW_NOT_AUTOMATICALLY_ENTITY""}]",SOURCE_TABLE_RECORD_NOT_GLOBAL_OR_UNIQUE_COMPANY_VERIFICATION
https://www.balkangashub.bg/en/membership/members,2,20,Dexia Bulgaria OOD,,MEMBER_OR_PARTICIPANT_SOURCE_RECORD,"{""Number"": ""19"", ""Member"": ""Dexia Bulgaria OOD"", ""EIC"": ""58X--DEXIA-----W"", ""Natural Gas Trading License"": """", ""Clearing Member"": """"}","[{""work_id"": ""B05:1177"", ""source_url"": ""https://www.balkangashub.bg/en/membership/members"", ""table"": ""2"", ""row"": ""20"", ""headers_json"": ""[\""Number\"", \""Member\"", \""EIC\"", \""Natural Gas Trading License\"", \""Clearing Member\""]"", ""cells_json"": ""[\""19\"", \""Dexia Bulgaria OOD\"", \""58X--DEXIA-----W\"", \""\"", \""\""]"", ""row_links_json"": ""[]"", ""content_sha256"": ""ea61fb16bfa9aa1a6f1a3a2022ebf204827bf51d708b4c2b3287962c597d644d"", ""semantic_status"": ""SOURCE_TABLE_ROW_NOT_AUTOMATICALLY_ENTITY""}]",SOURCE_TABLE_RECORD_NOT_GLOBAL_OR_UNIQUE_COMPANY_VERIFICATION
https://www.balkangashub.bg/en/membership/members,2,21,DKW Energiehandel GmbH,,MEMBER_OR_PARTICIPANT_SOURCE_RECORD,"{""Number"": ""20"", ""Member"": ""DKW Energiehandel GmbH"", ""EIC"": ""25X-DKWENERGIE-L"", ""Natural Gas Trading License"": """", ""Clearing Member"": """"}","[{""work_id"": ""B05:1177"", ""source_url"": ""https://www.balkangashub.bg/en/membership/members"", ""table"": ""2"", ""row"": ""21"", ""headers_json"": ""[\""Number\"", \""Member\"", \""EIC\"", \""Natural Gas Trading License\"", \""Clearing Member\""]"", ""cells_json"": ""[\""20\"", \""DKW Energiehandel GmbH\"", \""25X-DKWENERGIE-L\"", \""\"", \""\""]"", ""row_links_json"": ""[]"", ""content_sha256"": ""ea61fb16bfa9aa1a6f1a3a2022ebf204827bf51d708b4c2b3287962c597d644d"", ""semantic_status"": ""SOURCE_TABLE_ROW_NOT_AUTOMATICALLY_ENTITY""}]",SOURCE_TABLE_RECORD_NOT_GLOBAL_OR_UNIQUE_COMPANY_VERIFICATION
https://www.balkangashub.bg/en/membership/members,2,22,DXT International SA,,MEMBER_OR_PARTICIPANT_SOURCE_RECORD,"{""Number"": ""21"", ""Member"": ""DXT International SA"", ""EIC"": ""20X-LU006-DUFGLZ"", ""Natural Gas Trading License"": """", ""Clearing Member"": """"}","[{""work_id"": ""B05:1177"", ""source_url"": ""https://www.balkangashub.bg/en/membership/members"", ""table"": ""2"", ""row"": ""22"", ""headers_json"": ""[\""Number\"", \""Member\"", \""EIC\"", \""Natural Gas Trading License\"", \""Clearing Member\""]"", ""cells_json"": ""[\""21\"", \""DXT International SA\"", \""20X-LU006-DUFGLZ\"", \""\"", \""\""]"", ""row_links_json"": ""[]"", ""content_sha256"": ""ea61fb16bfa9aa1a6f1a3a2022ebf204827bf51d708b4c2b3287962c597d644d"", ""semantic_status"": ""SOURCE_TABLE_ROW_NOT_AUTOMATICALLY_ENTITY""}]",SOURCE_TABLE_RECORD_NOT_GLOBAL_OR_UNIQUE_COMPANY_VERIFICATION
https://www.balkangashub.bg/en/membership/members,2,23,E.ON Energie Romania S.A.,,MEMBER_OR_PARTICIPANT_SOURCE_RECORD,"{""Number"": ""22"", ""Member"": ""E.ON Energie Romania S.A."", ""EIC"": ""30XROEONMOLDOVAM"", ""Natural Gas Trading License"": """", ""Clearing Member"": """"}","[{""work_id"": ""B05:1177"", ""source_url"": ""https://www.balkangashub.bg/en/membership/members"", ""table"": ""2"", ""row"": ""23"", ""headers_json"": ""[\""Number\"", \""Member\"", \""EIC\"", \""Natural Gas Trading License\"", \""Clearing Member\""]"", ""cells_json"": ""[\""22\"", \""E.ON Energie Romania S.A.\"", \""30XROEONMOLDOVAM\"", \""\"", \""\""]"", ""row_links_json"": ""[]"", ""content_sha256"": ""ea61fb16bfa9aa1a6f1a3a2022ebf204827bf51d708b4c2b3287962c597d644d"", ""semantic_status"": ""SOURCE_TABLE_ROW_NOT_AUTOMATICALLY_ENTITY""}]",SOURCE_TABLE_RECORD_NOT_GLOBAL_OR_UNIQUE_COMPANY_VERIFICATION
https://www.balkangashub.bg/en/membership/members,2,24,E2G Ltd,,MEMBER_OR_PARTICIPANT_SOURCE_RECORD,"{""Number"": ""23"", ""Member"": ""E2G Ltd"", ""EIC"": ""58X-A40-E-00-2-G"", ""Natural Gas Trading License"": """", ""Clearing Member"": """"}","[{""work_id"": ""B05:1177"", ""source_url"": ""https://www.balkangashub.bg/en/membership/members"", ""table"": ""2"", ""row"": ""24"", ""headers_json"": ""[\""Number\"", \""Member\"", \""EIC\"", \""Natural Gas Trading License\"", \""Clearing Member\""]"", ""cells_json"": ""[\""23\"", \""E2G Ltd\"", \""58X-A40-E-00-2-G\"", \""\"", \""\""]"", ""row_links_json"": ""[]"", ""content_sha256"": ""ea61fb16bfa9aa1a6f1a3a2022ebf204827bf51d708b4c2b3287962c597d644d"", ""semantic_status"": ""SOURCE_TABLE_ROW_NOT_AUTOMATICALLY_ENTITY""}]",SOURCE_TABLE_RECORD_NOT_GLOBAL_OR_UNIQUE_COMPANY_VERIFICATION
https://www.balkangashub.bg/en/membership/members,2,25,Ecogas Engineering EOOD,,MEMBER_OR_PARTICIPANT_SOURCE_RECORD,"{""Number"": ""24"", ""Member"": ""Ecogas Engineering EOOD"", ""EIC"": ""58X-00-E-01-G-E4"", ""Natural Gas Trading License"": """", ""Clearing Member"": """"}","[{""work_id"": ""B05:1177"", ""source_url"": ""https://www.balkangashub.bg/en/membership/members"", ""table"": ""2"", ""row"": ""25"", ""headers_json"": ""[\""Number\"", \""Member\"", \""EIC\"", \""Natural Gas Trading License\"", \""Clearing Member\""]"", ""cells_json"": ""[\""24\"", \""Ecogas Engineering EOOD\"", \""58X-00-E-01-G-E4\"", \""\"", \""\""]"", ""row_links_json"": ""[]"", ""content_sha256"": ""ea61fb16bfa9aa1a6f1a3a2022ebf204827bf51d708b4c2b3287962c597d644d"", ""semantic_status"": ""SOURCE_TABLE_ROW_NOT_AUTOMATICALLY_ENTITY""}]",SOURCE_TABLE_RECORD_NOT_GLOBAL_OR_UNIQUE_COMPANY_VERIFICATION
https://www.balkangashub.bg/en/membership/members,2,26,Edison S.p.A.,,MEMBER_OR_PARTICIPANT_SOURCE_RECORD,"{""Number"": ""25"", ""Member"": ""Edison S.p.A."", ""EIC"": ""26X00000003791-T"", ""Natural Gas Trading License"": """", ""Clearing Member"": """"}","[{""work_id"": ""B05:1177"", ""source_url"": ""https://www.balkangashub.bg/en/membership/members"", ""table"": ""2"", ""row"": ""26"", ""headers_json"": ""[\""Number\"", \""Member\"", \""EIC\"", \""Natural Gas Trading License\"", \""Clearing Member\""]"", ""cells_json"": ""[\""25\"", \""Edison S.p.A.\"", \""26X00000003791-T\"", \""\"", \""\""]"", ""row_links_json"": ""[]"", ""content_sha256"": ""ea61fb16bfa9aa1a6f1a3a2022ebf204827bf51d708b4c2b3287962c597d644d"", ""semantic_status"": ""SOURCE_TABLE_ROW_NOT_AUTOMATICALLY_ENTITY""}]",SOURCE_TABLE_RECORD_NOT_GLOBAL_OR_UNIQUE_COMPANY_VERIFICATION
https://www.balkangashub.bg/en/membership/members,2,27,Ekometan Vraca EOOD,,MEMBER_OR_PARTICIPANT_SOURCE_RECORD,"{""Number"": ""26"", ""Member"": ""Ekometan Vraca EOOD"", ""EIC"": ""58X-0-EKMTVR-00B"", ""Natural Gas Trading License"": """", ""Clearing Member"": """"}","[{""work_id"": ""B05:1177"", ""source_url"": ""https://www.balkangashub.bg/en/membership/members"", ""table"": ""2"", ""row"": ""27"", ""headers_json"": ""[\""Number\"", \""Member\"", \""EIC\"", \""Natural Gas Trading License\"", \""Clearing Member\""]"", ""cells_json"": ""[\""26\"", \""Ekometan Vraca EOOD\"", \""58X-0-EKMTVR-00B\"", \""\"", \""\""]"", ""row_links_json"": ""[]"", ""content_sha256"": ""ea61fb16bfa9aa1a6f1a3a2022ebf204827bf51d708b4c2b3287962c597d644d"", ""semantic_status"": ""SOURCE_TABLE_ROW_NOT_AUTOMATICALLY_ENTITY""}]",SOURCE_TABLE_RECORD_NOT_GLOBAL_OR_UNIQUE_COMPANY_VERIFICATION
https://www.balkangashub.bg/en/membership/members,2,28,EKOS 17 Ltd,,MEMBER_OR_PARTICIPANT_SOURCE_RECORD,"{""Number"": ""27"", ""Member"": ""EKOS 17 Ltd"", ""EIC"": ""58X--EKOS--17--Y"", ""Natural Gas Trading License"": """", ""Clearing Member"": """"}","[{""work_id"": ""B05:1177"", ""source_url"": ""https://www.balkangashub.bg/en/membership/members"", ""table"": ""2"", ""row"": ""28"", ""headers_json"": ""[\""Number\"", \""Member\"", \""EIC\"", \""Natural Gas Trading License\"", \""Clearing Member\""]"", ""cells_json"": ""[\""27\"", \""EKOS 17 Ltd\"", \""58X--EKOS--17--Y\"", \""\"", \""\""]"", ""row_links_json"": ""[]"", ""content_sha256"": ""ea61fb16bfa9aa1a6f1a3a2022ebf204827bf51d708b4c2b3287962c597d644d"", ""semantic_status"": ""SOURCE_TABLE_ROW_NOT_AUTOMATICALLY_ENTITY""}]",SOURCE_TABLE_RECORD_NOT_GLOBAL_OR_UNIQUE_COMPANY_VERIFICATION
https://www.balkangashub.bg/en/membership/members,2,29,El Bonus EOOD,,MEMBER_OR_PARTICIPANT_SOURCE_RECORD,"{""Number"": ""28"", ""Member"": ""El Bonus EOOD"", ""EIC"": ""32X001100101252T"", ""Natural Gas Trading License"": """", ""Clearing Member"": """"}","[{""work_id"": ""B05:1177"", ""source_url"": ""https://www.balkangashub.bg/en/membership/members"", ""table"": ""2"", ""row"": ""29"", ""headers_json"": ""[\""Number\"", \""Member\"", \""EIC\"", \""Natural Gas Trading License\"", \""Clearing Member\""]"", ""cells_json"": ""[\""28\"", \""El Bonus EOOD\"", \""32X001100101252T\"", \""\"", \""\""]"", ""row_links_json"": ""[]"", ""content_sha256"": ""ea61fb16bfa9aa1a6f1a3a2022ebf204827bf51d708b4c2b3287962c597d644d"", ""semantic_status"": ""SOURCE_TABLE_ROW_NOT_AUTOMATICALLY_ENTITY""}]",SOURCE_TABLE_RECORD_NOT_GLOBAL_OR_UNIQUE_COMPANY_VERIFICATION
https://www.balkangashub.bg/en/membership/members,2,30,ELIT-94 EOOD,,MEMBER_OR_PARTICIPANT_SOURCE_RECORD,"{""Number"": ""29"", ""Member"": ""ELIT-94 EOOD"", ""EIC"": ""58X-E-0000-9-4-0"", ""Natural Gas Trading License"": """", ""Clearing Member"": """"}","[{""work_id"": ""B05:1177"", ""source_url"": ""https://www.balkangashub.bg/en/membership/members"", ""table"": ""2"", ""row"": ""30"", ""headers_json"": ""[\""Number\"", \""Member\"", \""EIC\"", \""Natural Gas Trading License\"", \""Clearing Member\""]"", ""cells_json"": ""[\""29\"", \""ELIT-94 EOOD\"", \""58X-E-0000-9-4-0\"", \""\"", \""\""]"", ""row_links_json"": ""[]"", ""content_sha256"": ""ea61fb16bfa9aa1a6f1a3a2022ebf204827bf51d708b4c2b3287962c597d644d"", ""semantic_status"": ""SOURCE_TABLE_ROW_NOT_AUTOMATICALLY_ENTITY""}]",SOURCE_TABLE_RECORD_NOT_GLOBAL_OR_UNIQUE_COMPANY_VERIFICATION
https://www.balkangashub.bg/en/membership/members,2,31,Elpetra Energy EAD,,MEMBER_OR_PARTICIPANT_SOURCE_RECORD,"{""Number"": ""30"", ""Member"": ""Elpetra Energy EAD"", ""EIC"": ""32X001100100434S"", ""Natural Gas Trading License"": """", ""Clearing Member"": """"}","[{""work_id"": ""B05:1177"", ""source_url"": ""https://www.balkangashub.bg/en/membership/members"", ""table"": ""2"", ""row"": ""31"", ""headers_json"": ""[\""Number\"", \""Member\"", \""EIC\"", \""Natural Gas Trading License\"", \""Clearing Member\""]"", ""cells_json"": ""[\""30\"", \""Elpetra Energy EAD\"", \""32X001100100434S\"", \""\"", \""\""]"", ""row_links_json"": ""[]"", ""content_sha256"": ""ea61fb16bfa9aa1a6f1a3a2022ebf204827bf51d708b4c2b3287962c597d644d"", ""semantic_status"": ""SOURCE_TABLE_ROW_NOT_AUTOMATICALLY_ENTITY""}]",SOURCE_TABLE_RECORD_NOT_GLOBAL_OR_UNIQUE_COMPANY_VERIFICATION
https://www.balkangashub.bg/en/membership/members,2,32,Endex Ltd.,,MEMBER_OR_PARTICIPANT_SOURCE_RECORD,"{""Number"": ""31"", ""Member"": ""Endex Ltd."", ""EIC"": ""58X-20700756-KSZ"", ""Natural Gas Trading License"": """", ""Clearing Member"": """"}","[{""work_id"": ""B05:1177"", ""source_url"": ""https://www.balkangashub.bg/en/membership/members"", ""table"": ""2"", ""row"": ""32"", ""headers_json"": ""[\""Number\"", \""Member\"", \""EIC\"", \""Natural Gas Trading License\"", \""Clearing Member\""]"", ""cells_json"": ""[\""31\"", \""Endex Ltd.\"", \""58X-20700756-KSZ\"", \""\"", \""\""]"", ""row_links_json"": ""[]"", ""content_sha256"": ""ea61fb16bfa9aa1a6f1a3a2022ebf204827bf51d708b4c2b3287962c597d644d"", ""semantic_status"": ""SOURCE_TABLE_ROW_NOT_AUTOMATICALLY_ENTITY""}]",SOURCE_TABLE_RECORD_NOT_GLOBAL_OR_UNIQUE_COMPANY_VERIFICATION
https://www.balkangashub.bg/en/membership/members,2,33,Enemona Ecogaz OOD,,MEMBER_OR_PARTICIPANT_SOURCE_RECORD,"{""Number"": ""32"", ""Member"": ""Enemona Ecogaz OOD"", ""EIC"": ""58X-ENM-ECOGAS-R"", ""Natural Gas Trading License"": """", ""Clearing Member"": """"}","[{""work_id"": ""B05:1177"", ""source_url"": ""https://www.balkangashub.bg/en/membership/members"", ""table"": ""2"", ""row"": ""33"", ""headers_json"": ""[\""Number\"", \""Member\"", \""EIC\"", \""Natural Gas Trading License\"", \""Clearing Member\""]"", ""cells_json"": ""[\""32\"", \""Enemona Ecogaz OOD\"", \""58X-ENM-ECOGAS-R\"", \""\"", \""\""]"", ""row_links_json"": ""[]"", ""content_sha256"": ""ea61fb16bfa9aa1a6f1a3a2022ebf204827bf51d708b4c2b3287962c597d644d"", ""semantic_status"": ""SOURCE_TABLE_ROW_NOT_AUTOMATICALLY_ENTITY""}]",SOURCE_TABLE_RECORD_NOT_GLOBAL_OR_UNIQUE_COMPANY_VERIFICATION
https://www.balkangashub.bg/en/membership/members,2,34,ENERGA BRUSSELS N.V.,,MEMBER_OR_PARTICIPANT_SOURCE_RECORD,"{""Number"": ""33"", ""Member"": ""ENERGA BRUSSELS N.V."", ""EIC"": ""22XLANGERLO----C"", ""Natural Gas Trading License"": """", ""Clearing Member"": """"}","[{""work_id"": ""B05:1177"", ""source_url"": ""https://www.balkangashub.bg/en/membership/members"", ""table"": ""2"", ""row"": ""34"", ""headers_json"": ""[\""Number\"", \""Member\"", \""EIC\"", \""Natural Gas Trading License\"", \""Clearing Member\""]"", ""cells_json"": ""[\""33\"", \""ENERGA BRUSSELS N.V.\"", \""22XLANGERLO----C\"", \""\"", \""\""]"", ""row_links_json"": ""[]"", ""content_sha256"": ""ea61fb16bfa9aa1a6f1a3a2022ebf204827bf51d708b4c2b3287962c597d644d"", ""semantic_status"": ""SOURCE_TABLE_ROW_NOT_AUTOMATICALLY_ENTITY""}]",SOURCE_TABLE_RECORD_NOT_GLOBAL_OR_UNIQUE_COMPANY_VERIFICATION
https://www.balkangashub.bg/en/membership/members,2,35,Energama AD,,MEMBER_OR_PARTICIPANT_SOURCE_RECORD,"{""Number"": ""34"", ""Member"": ""Energama AD"", ""EIC"": ""32X001100101873Y"", ""Natural Gas Trading License"": """", ""Clearing Member"": """"}","[{""work_id"": ""B05:1177"", ""source_url"": ""https://www.balkangashub.bg/en/membership/members"", ""table"": ""2"", ""row"": ""35"", ""headers_json"": ""[\""Number\"", \""Member\"", \""EIC\"", \""Natural Gas Trading License\"", \""Clearing Member\""]"", ""cells_json"": ""[\""34\"", \""Energama AD\"", \""32X001100101873Y\"", \""\"", \""\""]"", ""row_links_json"": ""[]"", ""content_sha256"": ""ea61fb16bfa9aa1a6f1a3a2022ebf204827bf51d708b4c2b3287962c597d644d"", ""semantic_status"": ""SOURCE_TABLE_ROW_NOT_AUTOMATICALLY_ENTITY""}]",SOURCE_TABLE_RECORD_NOT_GLOBAL_OR_UNIQUE_COMPANY_VERIFICATION
https://www.balkangashub.bg/en/membership/members,2,36,ENERGIKO EOOD,,MEMBER_OR_PARTICIPANT_SOURCE_RECORD,"{""Number"": ""35"", ""Member"": ""ENERGIKO EOOD"", ""EIC"": ""58X-ENERGIKO---N"", ""Natural Gas Trading License"": """", ""Clearing Member"": """"}","[{""work_id"": ""B05:1177"", ""source_url"": ""https://www.balkangashub.bg/en/membership/members"", ""table"": ""2"", ""row"": ""36"", ""headers_json"": ""[\""Number\"", \""Member\"", \""EIC\"", \""Natural Gas Trading License\"", \""Clearing Member\""]"", ""cells_json"": ""[\""35\"", \""ENERGIKO EOOD\"", \""58X-ENERGIKO---N\"", \""\"", \""\""]"", ""row_links_json"": ""[]"", ""content_sha256"": ""ea61fb16bfa9aa1a6f1a3a2022ebf204827bf51d708b4c2b3287962c597d644d"", ""semantic_status"": ""SOURCE_TABLE_ROW_NOT_AUTOMATICALLY_ENTITY""}]",SOURCE_TABLE_RECORD_NOT_GLOBAL_OR_UNIQUE_COMPANY_VERIFICATION
https://www.balkangashub.bg/en/membership/members,2,37,ENERGOCOM GAS & POWER SRL,,MEMBER_OR_PARTICIPANT_SOURCE_RECORD,"{""Number"": ""36"", ""Member"": ""ENERGOCOM GAS & POWER SRL"", ""EIC"": ""30XROEGC-GP----2"", ""Natural Gas Trading License"": """", ""Clearing Member"": """"}","[{""work_id"": ""B05:1177"", ""source_url"": ""https://www.balkangashub.bg/en/membership/members"", ""table"": ""2"", ""row"": ""37"", ""headers_json"": ""[\""Number\"", \""Member\"", \""EIC\"", \""Natural Gas Trading License\"", \""Clearing Member\""]"", ""cells_json"": ""[\""36\"", \""ENERGOCOM GAS & POWER SRL\"", \""30XROEGC-GP----2\"", \""\"", \""\""]"", ""row_links_json"": ""[]"", ""content_sha256"": ""ea61fb16bfa9aa1a6f1a3a2022ebf204827bf51d708b4c2b3287962c597d644d"", ""semantic_status"": ""SOURCE_TABLE_ROW_NOT_AUTOMATICALLY_ENTITY""}]",SOURCE_TABLE_RECORD_NOT_GLOBAL_OR_UNIQUE_COMPANY_VERIFICATION
https://www.balkangashub.bg/en/membership/members,2,38,Energy Gas JSC,,MEMBER_OR_PARTICIPANT_SOURCE_RECORD,"{""Number"": ""37"", ""Member"": ""Energy Gas JSC"", ""EIC"": ""58X-E-G-000-BG-V"", ""Natural Gas Trading License"": """", ""Clearing Member"": """"}","[{""work_id"": ""B05:1177"", ""source_url"": ""https://www.balkangashub.bg/en/membership/members"", ""table"": ""2"", ""row"": ""38"", ""headers_json"": ""[\""Number\"", \""Member\"", \""EIC\"", \""Natural Gas Trading License\"", \""Clearing Member\""]"", ""cells_json"": ""[\""37\"", \""Energy Gas JSC\"", \""58X-E-G-000-BG-V\"", \""\"", \""\""]"", ""row_links_json"": ""[]"", ""content_sha256"": ""ea61fb16bfa9aa1a6f1a3a2022ebf204827bf51d708b4c2b3287962c597d644d"", ""semantic_status"": ""SOURCE_TABLE_ROW_NOT_AUTOMATICALLY_ENTITY""}]",SOURCE_TABLE_RECORD_NOT_GLOBAL_OR_UNIQUE_COMPANY_VERIFICATION
https://www.balkangashub.bg/en/membership/members,2,39,ENERGY SUPPLY,,MEMBER_OR_PARTICIPANT_SOURCE_RECORD,"{""Number"": ""38"", ""Member"": ""ENERGY SUPPLY"", ""EIC"": ""32XESUPPLY-BGSFK"", ""Natural Gas Trading License"": """", ""Clearing Member"": """"}","[{""work_id"": ""B05:1177"", ""source_url"": ""https://www.balkangashub.bg/en/membership/members"", ""table"": ""2"", ""row"": ""39"", ""headers_json"": ""[\""Number\"", \""Member\"", \""EIC\"", \""Natural Gas Trading License\"", \""Clearing Member\""]"", ""cells_json"": ""[\""38\"", \""ENERGY SUPPLY\"", \""32XESUPPLY-BGSFK\"", \""\"", \""\""]"", ""row_links_json"": ""[]"", ""content_sha256"": ""ea61fb16bfa9aa1a6f1a3a2022ebf204827bf51d708b4c2b3287962c597d644d"", ""semantic_status"": ""SOURCE_TABLE_ROW_NOT_AUTOMATICALLY_ENTITY""}]",SOURCE_TABLE_RECORD_NOT_GLOBAL_OR_UNIQUE_COMPANY_VERIFICATION
https://www.balkangashub.bg/en/membership/members,2,40,Energy Trader EOOD,,MEMBER_OR_PARTICIPANT_SOURCE_RECORD,"{""Number"": ""39"", ""Member"": ""Energy Trader EOOD"", ""EIC"": ""58X-ENG-TRD-BG-8"", ""Natural Gas Trading License"": """", ""Clearing Member"": """"}","[{""work_id"": ""B05:1177"", ""source_url"": ""https://www.balkangashub.bg/en/membership/members"", ""table"": ""2"", ""row"": ""40"", ""headers_json"": ""[\""Number\"", \""Member\"", \""EIC\"", \""Natural Gas Trading License\"", \""Clearing Member\""]"", ""cells_json"": ""[\""39\"", \""Energy Trader EOOD\"", \""58X-ENG-TRD-BG-8\"", \""\"", \""\""]"", ""row_links_json"": ""[]"", ""content_sha256"": ""ea61fb16bfa9aa1a6f1a3a2022ebf204827bf51d708b4c2b3287962c597d644d"", ""semantic_status"": ""SOURCE_TABLE_ROW_NOT_AUTOMATICALLY_ENTITY""}]",SOURCE_TABLE_RECORD_NOT_GLOBAL_OR_UNIQUE_COMPANY_VERIFICATION
https://www.balkangashub.bg/en/membership/members,2,41,ENERWAVE S.A.,,MEMBER_OR_PARTICIPANT_SOURCE_RECORD,"{""Number"": ""40"", ""Member"": ""ENERWAVE S.A."", ""EIC"": ""29XTHESSALPOWERA"", ""Natural Gas Trading License"": """", ""Clearing Member"": """"}","[{""work_id"": ""B05:1177"", ""source_url"": ""https://www.balkangashub.bg/en/membership/members"", ""table"": ""2"", ""row"": ""41"", ""headers_json"": ""[\""Number\"", \""Member\"", \""EIC\"", \""Natural Gas Trading License\"", \""Clearing Member\""]"", ""cells_json"": ""[\""40\"", \""ENERWAVE S.A.\"", \""29XTHESSALPOWERA\"", \""\"", \""\""]"", ""row_links_json"": ""[]"", ""content_sha256"": ""ea61fb16bfa9aa1a6f1a3a2022ebf204827bf51d708b4c2b3287962c597d644d"", ""semantic_status"": ""SOURCE_TABLE_ROW_NOT_AUTOMATICALLY_ENTITY""}]",SOURCE_TABLE_RECORD_NOT_GLOBAL_OR_UNIQUE_COMPANY_VERIFICATION
https://www.balkangashub.bg/en/membership/members,2,42,ENGIE Energy Management Romania SRL,,MEMBER_OR_PARTICIPANT_SOURCE_RECORD,"{""Number"": ""41"", ""Member"": ""ENGIE Energy Management Romania SRL"", ""EIC"": ""60X0000000000680"", ""Natural Gas Trading License"": """", ""Clearing Member"": """"}","[{""work_id"": ""B05:1177"", ""source_url"": ""https://www.balkangashub.bg/en/membership/members"", ""table"": ""2"", ""row"": ""42"", ""headers_json"": ""[\""Number\"", \""Member\"", \""EIC\"", \""Natural Gas Trading License\"", \""Clearing Member\""]"", ""cells_json"": ""[\""41\"", \""ENGIE Energy Management Romania SRL\"", \""60X0000000000680\"", \""\"", \""\""]"", ""row_links_json"": ""[]"", ""content_sha256"": ""ea61fb16bfa9aa1a6f1a3a2022ebf204827bf51d708b4c2b3287962c597d644d"", ""semantic_status"": ""SOURCE_TABLE_ROW_NOT_AUTOMATICALLY_ENTITY""}]",SOURCE_TABLE_RECORD_NOT_GLOBAL_OR_UNIQUE_COMPANY_VERIFICATION
https://www.balkangashub.bg/en/membership/members,2,43,Erdal Trading LTD,,MEMBER_OR_PARTICIPANT_SOURCE_RECORD,"{""Number"": ""42"", ""Member"": ""Erdal Trading LTD"", ""EIC"": ""23X--180627-ET-6"", ""Natural Gas Trading License"": """", ""Clearing Member"": """"}","[{""work_id"": ""B05:1177"", ""source_url"": ""https://www.balkangashub.bg/en/membership/members"", ""table"": ""2"", ""row"": ""43"", ""headers_json"": ""[\""Number\"", \""Member\"", \""EIC\"", \""Natural Gas Trading License\"", \""Clearing Member\""]"", ""cells_json"": ""[\""42\"", \""Erdal Trading LTD\"", \""23X--180627-ET-6\"", \""\"", \""\""]"", ""row_links_json"": ""[]"", ""content_sha256"": ""ea61fb16bfa9aa1a6f1a3a2022ebf204827bf51d708b4c2b3287962c597d644d"", ""semantic_status"": ""SOURCE_TABLE_ROW_NOT_AUTOMATICALLY_ENTITY""}]",SOURCE_TABLE_RECORD_NOT_GLOBAL_OR_UNIQUE_COMPANY_VERIFICATION
https://www.balkangashub.bg/en/membership/members,2,44,ERU Europe GmbH,,MEMBER_OR_PARTICIPANT_SOURCE_RECORD,"{""Number"": ""43"", ""Member"": ""ERU Europe GmbH"", ""EIC"": ""25X-ERUEUROPEGM1"", ""Natural Gas Trading License"": """", ""Clearing Member"": """"}","[{""work_id"": ""B05:1177"", ""source_url"": ""https://www.balkangashub.bg/en/membership/members"", ""table"": ""2"", ""row"": ""44"", ""headers_json"": ""[\""Number\"", \""Member\"", \""EIC\"", \""Natural Gas Trading License\"", \""Clearing Member\""]"", ""cells_json"": ""[\""43\"", \""ERU Europe GmbH\"", \""25X-ERUEUROPEGM1\"", \""\"", \""\""]"", ""row_links_json"": ""[]"", ""content_sha256"": ""ea61fb16bfa9aa1a6f1a3a2022ebf204827bf51d708b4c2b3287962c597d644d"", ""semantic_status"": ""SOURCE_TABLE_ROW_NOT_AUTOMATICALLY_ENTITY""}]",SOURCE_TABLE_RECORD_NOT_GLOBAL_OR_UNIQUE_COMPANY_VERIFICATION
https://www.balkangashub.bg/en/membership/members,2,45,Etagas EOOD,,MEMBER_OR_PARTICIPANT_SOURCE_RECORD,"{""Number"": ""44"", ""Member"": ""Etagas EOOD"", ""EIC"": ""58X-001-E-0-0T-G"", ""Natural Gas Trading License"": """", ""Clearing Member"": """"}","[{""work_id"": ""B05:1177"", ""source_url"": ""https://www.balkangashub.bg/en/membership/members"", ""table"": ""2"", ""row"": ""45"", ""headers_json"": ""[\""Number\"", \""Member\"", \""EIC\"", \""Natural Gas Trading License\"", \""Clearing Member\""]"", ""cells_json"": ""[\""44\"", \""Etagas EOOD\"", \""58X-001-E-0-0T-G\"", \""\"", \""\""]"", ""row_links_json"": ""[]"", ""content_sha256"": ""ea61fb16bfa9aa1a6f1a3a2022ebf204827bf51d708b4c2b3287962c597d644d"", ""semantic_status"": ""SOURCE_TABLE_ROW_NOT_AUTOMATICALLY_ENTITY""}]",SOURCE_TABLE_RECORD_NOT_GLOBAL_OR_UNIQUE_COMPANY_VERIFICATION
https://www.balkangashub.bg/en/membership/members,2,46,EVN Trading South East Europe EAD,,MEMBER_OR_PARTICIPANT_SOURCE_RECORD,"{""Number"": ""45"", ""Member"": ""EVN Trading South East Europe EAD"", ""EIC"": ""32X-EVN-TSEE---K"", ""Natural Gas Trading License"": """", ""Clearing Member"": """"}","[{""work_id"": ""B05:1177"", ""source_url"": ""https://www.balkangashub.bg/en/membership/members"", ""table"": ""2"", ""row"": ""46"", ""headers_json"": ""[\""Number\"", \""Member\"", \""EIC\"", \""Natural Gas Trading License\"", \""Clearing Member\""]"", ""cells_json"": ""[\""45\"", \""EVN Trading South East Europe EAD\"", \""32X-EVN-TSEE---K\"", \""\"", \""\""]"", ""row_links_json"": ""[]"", ""content_sha256"": ""ea61fb16bfa9aa1a6f1a3a2022ebf204827bf51d708b4c2b3287962c597d644d"", ""semantic_status"": ""SOURCE_TABLE_ROW_NOT_AUTOMATICALLY_ENTITY""}]",SOURCE_TABLE_RECORD_NOT_GLOBAL_OR_UNIQUE_COMPANY_VERIFICATION
https://www.balkangashub.bg/en/membership/members,2,47,Gas Energy Finance LTD,,MEMBER_OR_PARTICIPANT_SOURCE_RECORD,"{""Number"": ""46"", ""Member"": ""Gas Energy Finance LTD"", ""EIC"": ""58X-GASENERFIN-K"", ""Natural Gas Trading License"": """", ""Clearing Member"": """"}","[{""work_id"": ""B05:1177"", ""source_url"": ""https://www.balkangashub.bg/en/membership/members"", ""table"": ""2"", ""row"": ""47"", ""headers_json"": ""[\""Number\"", \""Member\"", \""EIC\"", \""Natural Gas Trading License\"", \""Clearing Member\""]"", ""cells_json"": ""[\""46\"", \""Gas Energy Finance LTD\"", \""58X-GASENERFIN-K\"", \""\"", \""\""]"", ""row_links_json"": ""[]"", ""content_sha256"": ""ea61fb16bfa9aa1a6f1a3a2022ebf204827bf51d708b4c2b3287962c597d644d"", ""semantic_status"": ""SOURCE_TABLE_ROW_NOT_AUTOMATICALLY_ENTITY""}]",SOURCE_TABLE_RECORD_NOT_GLOBAL_OR_UNIQUE_COMPANY_VERIFICATION
https://www.balkangashub.bg/en/membership/members,2,48,Gaz Trading 2002,,MEMBER_OR_PARTICIPANT_SOURCE_RECORD,"{""Number"": ""47"", ""Member"": ""Gaz Trading 2002"", ""EIC"": ""58X-GT2002-0000X"", ""Natural Gas Trading License"": """", ""Clearing Member"": """"}","[{""work_id"": ""B05:1177"", ""source_url"": ""https://www.balkangashub.bg/en/membership/members"", ""table"": ""2"", ""row"": ""48"", ""headers_json"": ""[\""Number\"", \""Member\"", \""EIC\"", \""Natural Gas Trading License\"", \""Clearing Member\""]"", ""cells_json"": ""[\""47\"", \""Gaz Trading 2002\"", \""58X-GT2002-0000X\"", \""\"", \""\""]"", ""row_links_json"": ""[]"", ""content_sha256"": ""ea61fb16bfa9aa1a6f1a3a2022ebf204827bf51d708b4c2b3287962c597d644d"", ""semantic_status"": ""SOURCE_TABLE_ROW_NOT_AUTOMATICALLY_ENTITY""}]",SOURCE_TABLE_RECORD_NOT_GLOBAL_OR_UNIQUE_COMPANY_VERIFICATION
https://www.balkangashub.bg/en/membership/members,2,49,GEN-I ATHENS SMLLC,,MEMBER_OR_PARTICIPANT_SOURCE_RECORD,"{""Number"": ""48"", ""Member"": ""GEN-I ATHENS SMLLC"", ""EIC"": ""29XGEN-I-ATHENSC"", ""Natural Gas Trading License"": """", ""Clearing Member"": """"}","[{""work_id"": ""B05:1177"", ""source_url"": ""https://www.balkangashub.bg/en/membership/members"", ""table"": ""2"", ""row"": ""49"", ""headers_json"": ""[\""Number\"", \""Member\"", \""EIC\"", \""Natural Gas Trading License\"", \""Clearing Member\""]"", ""cells_json"": ""[\""48\"", \""GEN-I ATHENS SMLLC\"", \""29XGEN-I-ATHENSC\"", \""\"", \""\""]"", ""row_links_json"": ""[]"", ""content_sha256"": ""ea61fb16bfa9aa1a6f1a3a2022ebf204827bf51d708b4c2b3287962c597d644d"", ""semantic_status"": ""SOURCE_TABLE_ROW_NOT_AUTOMATICALLY_ENTITY""}]",SOURCE_TABLE_RECORD_NOT_GLOBAL_OR_UNIQUE_COMPANY_VERIFICATION
https://www.balkangashub.bg/en/membership/members,2,50,GEN-I D.O.O.,,MEMBER_OR_PARTICIPANT_SOURCE_RECORD,"{""Number"": ""49"", ""Member"": ""GEN-I D.O.O."", ""EIC"": ""11XIGET--------D"", ""Natural Gas Trading License"": """", ""Clearing Member"": """"}","[{""work_id"": ""B05:1177"", ""source_url"": ""https://www.balkangashub.bg/en/membership/members"", ""table"": ""2"", ""row"": ""50"", ""headers_json"": ""[\""Number\"", \""Member\"", \""EIC\"", \""Natural Gas Trading License\"", \""Clearing Member\""]"", ""cells_json"": ""[\""49\"", \""GEN-I D.O.O.\"", \""11XIGET--------D\"", \""\"", \""\""]"", ""row_links_json"": ""[]"", ""content_sha256"": ""ea61fb16bfa9aa1a6f1a3a2022ebf204827bf51d708b4c2b3287962c597d644d"", ""semantic_status"": ""SOURCE_TABLE_ROW_NOT_AUTOMATICALLY_ENTITY""}]",SOURCE_TABLE_RECORD_NOT_GLOBAL_OR_UNIQUE_COMPANY_VERIFICATION
https://www.balkangashub.bg/en/membership/members,2,51,Geoplin d.o.o. Ljubljana,,MEMBER_OR_PARTICIPANT_SOURCE_RECORD,"{""Number"": ""50"", ""Member"": ""Geoplin d.o.o. Ljubljana"", ""EIC"": ""28X0000000000128"", ""Natural Gas Trading License"": """", ""Clearing Member"": """"}","[{""work_id"": ""B05:1177"", ""source_url"": ""https://www.balkangashub.bg/en/membership/members"", ""table"": ""2"", ""row"": ""51"", ""headers_json"": ""[\""Number\"", \""Member\"", \""EIC\"", \""Natural Gas Trading License\"", \""Clearing Member\""]"", ""cells_json"": ""[\""50\"", \""Geoplin d.o.o. Ljubljana\"", \""28X0000000000128\"", \""\"", \""\""]"", ""row_links_json"": ""[]"", ""content_sha256"": ""ea61fb16bfa9aa1a6f1a3a2022ebf204827bf51d708b4c2b3287962c597d644d"", ""semantic_status"": ""SOURCE_TABLE_ROW_NOT_AUTOMATICALLY_ENTITY""}]",SOURCE_TABLE_RECORD_NOT_GLOBAL_OR_UNIQUE_COMPANY_VERIFICATION
https://www.balkangashub.bg/en/membership/members,2,52,GET ENERGY TRADING,,MEMBER_OR_PARTICIPANT_SOURCE_RECORD,"{""Number"": ""51"", ""Member"": ""GET ENERGY TRADING"", ""EIC"": ""60X000000000134D"", ""Natural Gas Trading License"": """", ""Clearing Member"": """"}","[{""work_id"": ""B05:1177"", ""source_url"": ""https://www.balkangashub.bg/en/membership/members"", ""table"": ""2"", ""row"": ""52"", ""headers_json"": ""[\""Number\"", \""Member\"", \""EIC\"", \""Natural Gas Trading License\"", \""Clearing Member\""]"", ""cells_json"": ""[\""51\"", \""GET ENERGY TRADING\"", \""60X000000000134D\"", \""\"", \""\""]"", ""row_links_json"": ""[]"", ""content_sha256"": ""ea61fb16bfa9aa1a6f1a3a2022ebf204827bf51d708b4c2b3287962c597d644d"", ""semantic_status"": ""SOURCE_TABLE_ROW_NOT_AUTOMATICALLY_ENTITY""}]",SOURCE_TABLE_RECORD_NOT_GLOBAL_OR_UNIQUE_COMPANY_VERIFICATION
https://www.balkangashub.bg/en/membership/members,2,53,GLOBAL COMMERCE-1 LTD,,MEMBER_OR_PARTICIPANT_SOURCE_RECORD,"{""Number"": ""52"", ""Member"": ""GLOBAL COMMERCE-1 LTD"", ""EIC"": ""58X-GLOBALCOMM-G"", ""Natural Gas Trading License"": """", ""Clearing Member"": """"}","[{""work_id"": ""B05:1177"", ""source_url"": ""https://www.balkangashub.bg/en/membership/members"", ""table"": ""2"", ""row"": ""53"", ""headers_json"": ""[\""Number\"", \""Member\"", \""EIC\"", \""Natural Gas Trading License\"", \""Clearing Member\""]"", ""cells_json"": ""[\""52\"", \""GLOBAL COMMERCE-1 LTD\"", \""58X-GLOBALCOMM-G\"", \""\"", \""\""]"", ""row_links_json"": ""[]"", ""content_sha256"": ""ea61fb16bfa9aa1a6f1a3a2022ebf204827bf51d708b4c2b3287962c597d644d"", ""semantic_status"": ""SOURCE_TABLE_ROW_NOT_AUTOMATICALLY_ENTITY""}]",SOURCE_TABLE_RECORD_NOT_GLOBAL_OR_UNIQUE_COMPANY_VERIFICATION
https://www.balkangashub.bg/en/membership/members,2,54,Gray Stone Bulgaria OOD,,MEMBER_OR_PARTICIPANT_SOURCE_RECORD,"{""Number"": ""53"", ""Member"": ""Gray Stone Bulgaria OOD"", ""EIC"": ""32X001100101888L"", ""Natural Gas Trading License"": """", ""Clearing Member"": """"}","[{""work_id"": ""B05:1177"", ""source_url"": ""https://www.balkangashub.bg/en/membership/members"", ""table"": ""2"", ""row"": ""54"", ""headers_json"": ""[\""Number\"", \""Member\"", \""EIC\"", \""Natural Gas Trading License\"", \""Clearing Member\""]"", ""cells_json"": ""[\""53\"", \""Gray Stone Bulgaria OOD\"", \""32X001100101888L\"", \""\"", \""\""]"", ""row_links_json"": ""[]"", ""content_sha256"": ""ea61fb16bfa9aa1a6f1a3a2022ebf204827bf51d708b4c2b3287962c597d644d"", ""semantic_status"": ""SOURCE_TABLE_ROW_NOT_AUTOMATICALLY_ENTITY""}]",SOURCE_TABLE_RECORD_NOT_GLOBAL_OR_UNIQUE_COMPANY_VERIFICATION
https://www.balkangashub.bg/en/membership/members,2,55,Gruppo Societa Gas Rimini S.p.A,,MEMBER_OR_PARTICIPANT_SOURCE_RECORD,"{""Number"": ""54"", ""Member"": ""Gruppo Societa Gas Rimini S.p.A"", ""EIC"": ""59X000000000020K"", ""Natural Gas Trading License"": """", ""Clearing Member"": """"}","[{""work_id"": ""B05:1177"", ""source_url"": ""https://www.balkangashub.bg/en/membership/members"", ""table"": ""2"", ""row"": ""55"", ""headers_json"": ""[\""Number\"", \""Member\"", \""EIC\"", \""Natural Gas Trading License\"", \""Clearing Member\""]"", ""cells_json"": ""[\""54\"", \""Gruppo Societa Gas Rimini S.p.A\"", \""59X000000000020K\"", \""\"", \""\""]"", ""row_links_json"": ""[]"", ""content_sha256"": ""ea61fb16bfa9aa1a6f1a3a2022ebf204827bf51d708b4c2b3287962c597d644d"", ""semantic_status"": ""SOURCE_TABLE_ROW_NOT_AUTOMATICALLY_ENTITY""}]",SOURCE_TABLE_RECORD_NOT_GLOBAL_OR_UNIQUE_COMPANY_VERIFICATION
https://www.balkangashub.bg/en/membership/members,2,56,KCM AD,,MEMBER_OR_PARTICIPANT_SOURCE_RECORD,"{""Number"": ""55"", ""Member"": ""KCM AD"", ""EIC"": ""32X0011001001157"", ""Natural Gas Trading License"": """", ""Clearing Member"": """"}","[{""work_id"": ""B05:1177"", ""source_url"": ""https://www.balkangashub.bg/en/membership/members"", ""table"": ""2"", ""row"": ""56"", ""headers_json"": ""[\""Number\"", \""Member\"", \""EIC\"", \""Natural Gas Trading License\"", \""Clearing Member\""]"", ""cells_json"": ""[\""55\"", \""KCM AD\"", \""32X0011001001157\"", \""\"", \""\""]"", ""row_links_json"": ""[]"", ""content_sha256"": ""ea61fb16bfa9aa1a6f1a3a2022ebf204827bf51d708b4c2b3287962c597d644d"", ""semantic_status"": ""SOURCE_TABLE_ROW_NOT_AUTOMATICALLY_ENTITY""}]",SOURCE_TABLE_RECORD_NOT_GLOBAL_OR_UNIQUE_COMPANY_VERIFICATION
https://www.balkangashub.bg/en/membership/members,2,57,Kogen Zagore EOOD,,MEMBER_OR_PARTICIPANT_SOURCE_RECORD,"{""Number"": ""56"", ""Member"": ""Kogen Zagore EOOD"", ""EIC"": ""32X001100101059N"", ""Natural Gas Trading License"": """", ""Clearing Member"": """"}","[{""work_id"": ""B05:1177"", ""source_url"": ""https://www.balkangashub.bg/en/membership/members"", ""table"": ""2"", ""row"": ""57"", ""headers_json"": ""[\""Number\"", \""Member\"", \""EIC\"", \""Natural Gas Trading License\"", \""Clearing Member\""]"", ""cells_json"": ""[\""56\"", \""Kogen Zagore EOOD\"", \""32X001100101059N\"", \""\"", \""\""]"", ""row_links_json"": ""[]"", ""content_sha256"": ""ea61fb16bfa9aa1a6f1a3a2022ebf204827bf51d708b4c2b3287962c597d644d"", ""semantic_status"": ""SOURCE_TABLE_ROW_NOT_AUTOMATICALLY_ENTITY""}]",SOURCE_TABLE_RECORD_NOT_GLOBAL_OR_UNIQUE_COMPANY_VERIFICATION
https://www.balkangashub.bg/en/membership/members,2,58,Kolmar Bulgaria,,MEMBER_OR_PARTICIPANT_SOURCE_RECORD,"{""Number"": ""57"", ""Member"": ""Kolmar Bulgaria"", ""EIC"": ""58X-0000-0KLMRBG"", ""Natural Gas Trading License"": """", ""Clearing Member"": """"}","[{""work_id"": ""B05:1177"", ""source_url"": ""https://www.balkangashub.bg/en/membership/members"", ""table"": ""2"", ""row"": ""58"", ""headers_json"": ""[\""Number\"", \""Member\"", \""EIC\"", \""Natural Gas Trading License\"", \""Clearing Member\""]"", ""cells_json"": ""[\""57\"", \""Kolmar Bulgaria\"", \""58X-0000-0KLMRBG\"", \""\"", \""\""]"", ""row_links_json"": ""[]"", ""content_sha256"": ""ea61fb16bfa9aa1a6f1a3a2022ebf204827bf51d708b4c2b3287962c597d644d"", ""semantic_status"": ""SOURCE_TABLE_ROW_NOT_AUTOMATICALLY_ENTITY""}]",SOURCE_TABLE_RECORD_NOT_GLOBAL_OR_UNIQUE_COMPANY_VERIFICATION
https://www.balkangashub.bg/en/membership/members,2,59,Kolmar NL B.V.,,MEMBER_OR_PARTICIPANT_SOURCE_RECORD,"{""Number"": ""58"", ""Member"": ""Kolmar NL B.V."", ""EIC"": ""52X000000000075Q"", ""Natural Gas Trading License"": """", ""Clearing Member"": """"}","[{""work_id"": ""B05:1177"", ""source_url"": ""https://www.balkangashub.bg/en/membership/members"", ""table"": ""2"", ""row"": ""59"", ""headers_json"": ""[\""Number\"", \""Member\"", \""EIC\"", \""Natural Gas Trading License\"", \""Clearing Member\""]"", ""cells_json"": ""[\""58\"", \""Kolmar NL B.V.\"", \""52X000000000075Q\"", \""\"", \""\""]"", ""row_links_json"": ""[]"", ""content_sha256"": ""ea61fb16bfa9aa1a6f1a3a2022ebf204827bf51d708b4c2b3287962c597d644d"", ""semantic_status"": ""SOURCE_TABLE_ROW_NOT_AUTOMATICALLY_ENTITY""}]",SOURCE_TABLE_RECORD_NOT_GLOBAL_OR_UNIQUE_COMPANY_VERIFICATION
https://www.balkangashub.bg/en/membership/members,2,60,KPG Invest OOD,,MEMBER_OR_PARTICIPANT_SOURCE_RECORD,"{""Number"": ""59"", ""Member"": ""KPG Invest OOD"", ""EIC"": ""58X-AA-I-00-P-8G"", ""Natural Gas Trading License"": """", ""Clearing Member"": """"}","[{""work_id"": ""B05:1177"", ""source_url"": ""https://www.balkangashub.bg/en/membership/members"", ""table"": ""2"", ""row"": ""60"", ""headers_json"": ""[\""Number\"", \""Member\"", \""EIC\"", \""Natural Gas Trading License\"", \""Clearing Member\""]"", ""cells_json"": ""[\""59\"", \""KPG Invest OOD\"", \""58X-AA-I-00-P-8G\"", \""\"", \""\""]"", ""row_links_json"": ""[]"", ""content_sha256"": ""ea61fb16bfa9aa1a6f1a3a2022ebf204827bf51d708b4c2b3287962c597d644d"", ""semantic_status"": ""SOURCE_TABLE_ROW_NOT_AUTOMATICALLY_ENTITY""}]",SOURCE_TABLE_RECORD_NOT_GLOBAL_OR_UNIQUE_COMPANY_VERIFICATION
https://www.balkangashub.bg/en/membership/members,2,61,M-Gaz EOOD,,MEMBER_OR_PARTICIPANT_SOURCE_RECORD,"{""Number"": ""60"", ""Member"": ""M-Gaz EOOD"", ""EIC"": ""58X-M-GAZ-BG-01M"", ""Natural Gas Trading License"": """", ""Clearing Member"": """"}","[{""work_id"": ""B05:1177"", ""source_url"": ""https://www.balkangashub.bg/en/membership/members"", ""table"": ""2"", ""row"": ""61"", ""headers_json"": ""[\""Number\"", \""Member\"", \""EIC\"", \""Natural Gas Trading License\"", \""Clearing Member\""]"", ""cells_json"": ""[\""60\"", \""M-Gaz EOOD\"", \""58X-M-GAZ-BG-01M\"", \""\"", \""\""]"", ""row_links_json"": ""[]"", ""content_sha256"": ""ea61fb16bfa9aa1a6f1a3a2022ebf204827bf51d708b4c2b3287962c597d644d"", ""semantic_status"": ""SOURCE_TABLE_ROW_NOT_AUTOMATICALLY_ENTITY""}]",SOURCE_TABLE_RECORD_NOT_GLOBAL_OR_UNIQUE_COMPANY_VERIFICATION
https://www.balkangashub.bg/en/membership/members,2,62,MET Austria Energy Trade GmbH,,MEMBER_OR_PARTICIPANT_SOURCE_RECORD,"{""Number"": ""61"", ""Member"": ""MET Austria Energy Trade GmbH"", ""EIC"": ""14X----0000017-3"", ""Natural Gas Trading License"": """", ""Clearing Member"": """"}","[{""work_id"": ""B05:1177"", ""source_url"": ""https://www.balkangashub.bg/en/membership/members"", ""table"": ""2"", ""row"": ""62"", ""headers_json"": ""[\""Number\"", \""Member\"", \""EIC\"", \""Natural Gas Trading License\"", \""Clearing Member\""]"", ""cells_json"": ""[\""61\"", \""MET Austria Energy Trade GmbH\"", \""14X----0000017-3\"", \""\"", \""\""]"", ""row_links_json"": ""[]"", ""content_sha256"": ""ea61fb16bfa9aa1a6f1a3a2022ebf204827bf51d708b4c2b3287962c597d644d"", ""semantic_status"": ""SOURCE_TABLE_ROW_NOT_AUTOMATICALLY_ENTITY""}]",SOURCE_TABLE_RECORD_NOT_GLOBAL_OR_UNIQUE_COMPANY_VERIFICATION
https://www.balkangashub.bg/en/membership/members,2,63,MET Energy Trading Bulgaria,,MEMBER_OR_PARTICIPANT_SOURCE_RECORD,"{""Number"": ""62"", ""Member"": ""MET Energy Trading Bulgaria"", ""EIC"": ""58XMETENERGY-BGW"", ""Natural Gas Trading License"": """", ""Clearing Member"": """"}","[{""work_id"": ""B05:1177"", ""source_url"": ""https://www.balkangashub.bg/en/membership/members"", ""table"": ""2"", ""row"": ""63"", ""headers_json"": ""[\""Number\"", \""Member\"", \""EIC\"", \""Natural Gas Trading License\"", \""Clearing Member\""]"", ""cells_json"": ""[\""62\"", \""MET Energy Trading Bulgaria\"", \""58XMETENERGY-BGW\"", \""\"", \""\""]"", ""row_links_json"": ""[]"", ""content_sha256"": ""ea61fb16bfa9aa1a6f1a3a2022ebf204827bf51d708b4c2b3287962c597d644d"", ""semantic_status"": ""SOURCE_TABLE_ROW_NOT_AUTOMATICALLY_ENTITY""}]",SOURCE_TABLE_RECORD_NOT_GLOBAL_OR_UNIQUE_COMPANY_VERIFICATION
https://www.balkangashub.bg/en/membership/members,2,64,Metamodul Trade EOOD,,MEMBER_OR_PARTICIPANT_SOURCE_RECORD,"{""Number"": ""63"", ""Member"": ""Metamodul Trade EOOD"", ""EIC"": ""58X-METAMODUL--B"", ""Natural Gas Trading License"": """", ""Clearing Member"": """"}","[{""work_id"": ""B05:1177"", ""source_url"": ""https://www.balkangashub.bg/en/membership/members"", ""table"": ""2"", ""row"": ""64"", ""headers_json"": ""[\""Number\"", \""Member\"", \""EIC\"", \""Natural Gas Trading License\"", \""Clearing Member\""]"", ""cells_json"": ""[\""63\"", \""Metamodul Trade EOOD\"", \""58X-METAMODUL--B\"", \""\"", \""\""]"", ""row_links_json"": ""[]"", ""content_sha256"": ""ea61fb16bfa9aa1a6f1a3a2022ebf204827bf51d708b4c2b3287962c597d644d"", ""semantic_status"": ""SOURCE_TABLE_ROW_NOT_AUTOMATICALLY_ENTITY""}]",SOURCE_TABLE_RECORD_NOT_GLOBAL_OR_UNIQUE_COMPANY_VERIFICATION
https://www.balkangashub.bg/en/membership/members,2,65,Metlen Energy & Metals Single Member S.A.,,MEMBER_OR_PARTICIPANT_SOURCE_RECORD,"{""Number"": ""64"", ""Member"": ""Metlen Energy & Metals Single Member S.A."", ""EIC"": ""29XMYTILINEOSSA2"", ""Natural Gas Trading License"": """", ""Clearing Member"": """"}","[{""work_id"": ""B05:1177"", ""source_url"": ""https://www.balkangashub.bg/en/membership/members"", ""table"": ""2"", ""row"": ""65"", ""headers_json"": ""[\""Number\"", \""Member\"", \""EIC\"", \""Natural Gas Trading License\"", \""Clearing Member\""]"", ""cells_json"": ""[\""64\"", \""Metlen Energy & Metals Single Member S.A.\"", \""29XMYTILINEOSSA2\"", \""\"", \""\""]"", ""row_links_json"": ""[]"", ""content_sha256"": ""ea61fb16bfa9aa1a6f1a3a2022ebf204827bf51d708b4c2b3287962c597d644d"", ""semantic_status"": ""SOURCE_TABLE_ROW_NOT_AUTOMATICALLY_ENTITY""}]",SOURCE_TABLE_RECORD_NOT_GLOBAL_OR_UNIQUE_COMPANY_VERIFICATION
https://www.balkangashub.bg/en/membership/members,2,66,MITS Ltd,,MEMBER_OR_PARTICIPANT_SOURCE_RECORD,"{""Number"": ""65"", ""Member"": ""MITS Ltd"", ""EIC"": ""58X-A-00-M-I-80S"", ""Natural Gas Trading License"": """", ""Clearing Member"": """"}","[{""work_id"": ""B05:1177"", ""source_url"": ""https://www.balkangashub.bg/en/membership/members"", ""table"": ""2"", ""row"": ""66"", ""headers_json"": ""[\""Number\"", \""Member\"", \""EIC\"", \""Natural Gas Trading License\"", \""Clearing Member\""]"", ""cells_json"": ""[\""65\"", \""MITS Ltd\"", \""58X-A-00-M-I-80S\"", \""\"", \""\""]"", ""row_links_json"": ""[]"", ""content_sha256"": ""ea61fb16bfa9aa1a6f1a3a2022ebf204827bf51d708b4c2b3287962c597d644d"", ""semantic_status"": ""SOURCE_TABLE_ROW_NOT_AUTOMATICALLY_ENTITY""}]",SOURCE_TABLE_RECORD_NOT_GLOBAL_OR_UNIQUE_COMPANY_VERIFICATION
https://www.balkangashub.bg/en/membership/members,2,67,Mix Gas Group OOD,,MEMBER_OR_PARTICIPANT_SOURCE_RECORD,"{""Number"": ""66"", ""Member"": ""Mix Gas Group OOD"", ""EIC"": ""58X-136-MIX--GAS"", ""Natural Gas Trading License"": """", ""Clearing Member"": """"}","[{""work_id"": ""B05:1177"", ""source_url"": ""https://www.balkangashub.bg/en/membership/members"", ""table"": ""2"", ""row"": ""67"", ""headers_json"": ""[\""Number\"", \""Member\"", \""EIC\"", \""Natural Gas Trading License\"", \""Clearing Member\""]"", ""cells_json"": ""[\""66\"", \""Mix Gas Group OOD\"", \""58X-136-MIX--GAS\"", \""\"", \""\""]"", ""row_links_json"": ""[]"", ""content_sha256"": ""ea61fb16bfa9aa1a6f1a3a2022ebf204827bf51d708b4c2b3287962c597d644d"", ""semantic_status"": ""SOURCE_TABLE_ROW_NOT_AUTOMATICALLY_ENTITY""}]",SOURCE_TABLE_RECORD_NOT_GLOBAL_OR_UNIQUE_COMPANY_VERIFICATION
https://www.balkangashub.bg/en/membership/members,2,68,Most Energy AD,,MEMBER_OR_PARTICIPANT_SOURCE_RECORD,"{""Number"": ""67"", ""Member"": ""Most Energy AD"", ""EIC"": ""32X001100100616M"", ""Natural Gas Trading License"": """", ""Clearing Member"": """"}","[{""work_id"": ""B05:1177"", ""source_url"": ""https://www.balkangashub.bg/en/membership/members"", ""table"": ""2"", ""row"": ""68"", ""headers_json"": ""[\""Number\"", \""Member\"", \""EIC\"", \""Natural Gas Trading License\"", \""Clearing Member\""]"", ""cells_json"": ""[\""67\"", \""Most Energy AD\"", \""32X001100100616M\"", \""\"", \""\""]"", ""row_links_json"": ""[]"", ""content_sha256"": ""ea61fb16bfa9aa1a6f1a3a2022ebf204827bf51d708b4c2b3287962c597d644d"", ""semantic_status"": ""SOURCE_TABLE_ROW_NOT_AUTOMATICALLY_ENTITY""}]",SOURCE_TABLE_RECORD_NOT_GLOBAL_OR_UNIQUE_COMPANY_VERIFICATION
https://www.balkangashub.bg/en/membership/members,2,69,MOST ENERGY GAS OOD,,MEMBER_OR_PARTICIPANT_SOURCE_RECORD,"{""Number"": ""68"", ""Member"": ""MOST ENERGY GAS OOD"", ""EIC"": ""58X-MOSTGAS-BG-E"", ""Natural Gas Trading License"": """", ""Clearing Member"": """"}","[{""work_id"": ""B05:1177"", ""source_url"": ""https://www.balkangashub.bg/en/membership/members"", ""table"": ""2"", ""row"": ""69"", ""headers_json"": ""[\""Number\"", \""Member\"", \""EIC\"", \""Natural Gas Trading License\"", \""Clearing Member\""]"", ""cells_json"": ""[\""68\"", \""MOST ENERGY GAS OOD\"", \""58X-MOSTGAS-BG-E\"", \""\"", \""\""]"", ""row_links_json"": ""[]"", ""content_sha256"": ""ea61fb16bfa9aa1a6f1a3a2022ebf204827bf51d708b4c2b3287962c597d644d"", ""semantic_status"": ""SOURCE_TABLE_ROW_NOT_AUTOMATICALLY_ENTITY""}]",SOURCE_TABLE_RECORD_NOT_GLOBAL_OR_UNIQUE_COMPANY_VERIFICATION
https://www.balkangashub.bg/en/membership/members,2,70,MOTOR OIL (HELLAS) CORINTH REFINERIES S.A.,,MEMBER_OR_PARTICIPANT_SOURCE_RECORD,"{""Number"": ""69"", ""Member"": ""MOTOR OIL (HELLAS) CORINTH REFINERIES S.A."", ""EIC"": ""29XMOTOROILCREFC"", ""Natural Gas Trading License"": """", ""Clearing Member"": """"}","[{""work_id"": ""B05:1177"", ""source_url"": ""https://www.balkangashub.bg/en/membership/members"", ""table"": ""2"", ""row"": ""70"", ""headers_json"": ""[\""Number\"", \""Member\"", \""EIC\"", \""Natural Gas Trading License\"", \""Clearing Member\""]"", ""cells_json"": ""[\""69\"", \""MOTOR OIL (HELLAS) CORINTH REFINERIES S.A.\"", \""29XMOTOROILCREFC\"", \""\"", \""\""]"", ""row_links_json"": ""[]"", ""content_sha256"": ""ea61fb16bfa9aa1a6f1a3a2022ebf204827bf51d708b4c2b3287962c597d644d"", ""semantic_status"": ""SOURCE_TABLE_ROW_NOT_AUTOMATICALLY_ENTITY""}]",SOURCE_TABLE_RECORD_NOT_GLOBAL_OR_UNIQUE_COMPANY_VERIFICATION
https://www.balkangashub.bg/en/membership/members,2,71,MVM CEENERGY BULGARIA EAD,,MEMBER_OR_PARTICIPANT_SOURCE_RECORD,"{""Number"": ""70"", ""Member"": ""MVM CEENERGY BULGARIA EAD"", ""EIC"": ""58X-001001M-C-1B"", ""Natural Gas Trading License"": """", ""Clearing Member"": """"}","[{""work_id"": ""B05:1177"", ""source_url"": ""https://www.balkangashub.bg/en/membership/members"", ""table"": ""2"", ""row"": ""71"", ""headers_json"": ""[\""Number\"", \""Member\"", \""EIC\"", \""Natural Gas Trading License\"", \""Clearing Member\""]"", ""cells_json"": ""[\""70\"", \""MVM CEENERGY BULGARIA EAD\"", \""58X-001001M-C-1B\"", \""\"", \""\""]"", ""row_links_json"": ""[]"", ""content_sha256"": ""ea61fb16bfa9aa1a6f1a3a2022ebf204827bf51d708b4c2b3287962c597d644d"", ""semantic_status"": ""SOURCE_TABLE_ROW_NOT_AUTOMATICALLY_ENTITY""}]",SOURCE_TABLE_RECORD_NOT_GLOBAL_OR_UNIQUE_COMPANY_VERIFICATION
https://www.balkangashub.bg/en/membership/members,2,72,MVM ONEnergy Zrt.,,MEMBER_OR_PARTICIPANT_SOURCE_RECORD,"{""Number"": ""71"", ""Member"": ""MVM ONEnergy Zrt."", ""EIC"": ""15X-MVM--------B"", ""Natural Gas Trading License"": """", ""Clearing Member"": """"}","[{""work_id"": ""B05:1177"", ""source_url"": ""https://www.balkangashub.bg/en/membership/members"", ""table"": ""2"", ""row"": ""72"", ""headers_json"": ""[\""Number\"", \""Member\"", \""EIC\"", \""Natural Gas Trading License\"", \""Clearing Member\""]"", ""cells_json"": ""[\""71\"", \""MVM ONEnergy Zrt.\"", \""15X-MVM--------B\"", \""\"", \""\""]"", ""row_links_json"": ""[]"", ""content_sha256"": ""ea61fb16bfa9aa1a6f1a3a2022ebf204827bf51d708b4c2b3287962c597d644d"", ""semantic_status"": ""SOURCE_TABLE_ROW_NOT_AUTOMATICALLY_ENTITY""}]",SOURCE_TABLE_RECORD_NOT_GLOBAL_OR_UNIQUE_COMPANY_VERIFICATION
https://www.balkangashub.bg/en/membership/members,2,73,Naftogaz Slovakia s.r.o.,,MEMBER_OR_PARTICIPANT_SOURCE_RECORD,"{""Number"": ""72"", ""Member"": ""Naftogaz Slovakia s.r.o."", ""EIC"": ""42X-NAFTOGAZSK-N"", ""Natural Gas Trading License"": """", ""Clearing Member"": """"}","[{""work_id"": ""B05:1177"", ""source_url"": ""https://www.balkangashub.bg/en/membership/members"", ""table"": ""2"", ""row"": ""73"", ""headers_json"": ""[\""Number\"", \""Member\"", \""EIC\"", \""Natural Gas Trading License\"", \""Clearing Member\""]"", ""cells_json"": ""[\""72\"", \""Naftogaz Slovakia s.r.o.\"", \""42X-NAFTOGAZSK-N\"", \""\"", \""\""]"", ""row_links_json"": ""[]"", ""content_sha256"": ""ea61fb16bfa9aa1a6f1a3a2022ebf204827bf51d708b4c2b3287962c597d644d"", ""semantic_status"": ""SOURCE_TABLE_ROW_NOT_AUTOMATICALLY_ENTITY""}]",SOURCE_TABLE_RECORD_NOT_GLOBAL_OR_UNIQUE_COMPANY_VERIFICATION
https://www.balkangashub.bg/en/membership/members,2,74,NEOCHIM,,MEMBER_OR_PARTICIPANT_SOURCE_RECORD,"{""Number"": ""73"", ""Member"": ""NEOCHIM"", ""EIC"": ""32X001100100209Z"", ""Natural Gas Trading License"": """", ""Clearing Member"": """"}","[{""work_id"": ""B05:1177"", ""source_url"": ""https://www.balkangashub.bg/en/membership/members"", ""table"": ""2"", ""row"": ""74"", ""headers_json"": ""[\""Number\"", \""Member\"", \""EIC\"", \""Natural Gas Trading License\"", \""Clearing Member\""]"", ""cells_json"": ""[\""73\"", \""NEOCHIM\"", \""32X001100100209Z\"", \""\"", \""\""]"", ""row_links_json"": ""[]"", ""content_sha256"": ""ea61fb16bfa9aa1a6f1a3a2022ebf204827bf51d708b4c2b3287962c597d644d"", ""semantic_status"": ""SOURCE_TABLE_ROW_NOT_AUTOMATICALLY_ENTITY""}]",SOURCE_TABLE_RECORD_NOT_GLOBAL_OR_UNIQUE_COMPANY_VERIFICATION
https://www.balkangashub.bg/en/membership/members,2,75,NOA ENERGY TRADE SOFIA LTD,,MEMBER_OR_PARTICIPANT_SOURCE_RECORD,"{""Number"": ""74"", ""Member"": ""NOA ENERGY TRADE SOFIA LTD"", ""EIC"": ""32X001100102117U"", ""Natural Gas Trading License"": """", ""Clearing Member"": """"}","[{""work_id"": ""B05:1177"", ""source_url"": ""https://www.balkangashub.bg/en/membership/members"", ""table"": ""2"", ""row"": ""75"", ""headers_json"": ""[\""Number\"", \""Member\"", \""EIC\"", \""Natural Gas Trading License\"", \""Clearing Member\""]"", ""cells_json"": ""[\""74\"", \""NOA ENERGY TRADE SOFIA LTD\"", \""32X001100102117U\"", \""\"", \""\""]"", ""row_links_json"": ""[]"", ""content_sha256"": ""ea61fb16bfa9aa1a6f1a3a2022ebf204827bf51d708b4c2b3287962c597d644d"", ""semantic_status"": ""SOURCE_TABLE_ROW_NOT_AUTOMATICALLY_ENTITY""}]",SOURCE_TABLE_RECORD_NOT_GLOBAL_OR_UNIQUE_COMPANY_VERIFICATION
https://www.balkangashub.bg/en/membership/members,2,76,Nomad Energy Company EOOD,,MEMBER_OR_PARTICIPANT_SOURCE_RECORD,"{""Number"": ""75"", ""Member"": ""Nomad Energy Company EOOD"", ""EIC"": ""32X0011001016581"", ""Natural Gas Trading License"": """", ""Clearing Member"": """"}","[{""work_id"": ""B05:1177"", ""source_url"": ""https://www.balkangashub.bg/en/membership/members"", ""table"": ""2"", ""row"": ""76"", ""headers_json"": ""[\""Number\"", \""Member\"", \""EIC\"", \""Natural Gas Trading License\"", \""Clearing Member\""]"", ""cells_json"": ""[\""75\"", \""Nomad Energy Company EOOD\"", \""32X0011001016581\"", \""\"", \""\""]"", ""row_links_json"": ""[]"", ""content_sha256"": ""ea61fb16bfa9aa1a6f1a3a2022ebf204827bf51d708b4c2b3287962c597d644d"", ""semantic_status"": ""SOURCE_TABLE_ROW_NOT_AUTOMATICALLY_ENTITY""}]",SOURCE_TABLE_RECORD_NOT_GLOBAL_OR_UNIQUE_COMPANY_VERIFICATION
https://www.balkangashub.bg/en/membership/members,2,77,NORDIKA OIL LTD,,MEMBER_OR_PARTICIPANT_SOURCE_RECORD,"{""Number"": ""76"", ""Member"": ""NORDIKA OIL LTD"", ""EIC"": ""58X-NORDIKAOIL-A"", ""Natural Gas Trading License"": """", ""Clearing Member"": """"}","[{""work_id"": ""B05:1177"", ""source_url"": ""https://www.balkangashub.bg/en/membership/members"", ""table"": ""2"", ""row"": ""77"", ""headers_json"": ""[\""Number\"", \""Member\"", \""EIC\"", \""Natural Gas Trading License\"", \""Clearing Member\""]"", ""cells_json"": ""[\""76\"", \""NORDIKA OIL LTD\"", \""58X-NORDIKAOIL-A\"", \""\"", \""\""]"", ""row_links_json"": ""[]"", ""content_sha256"": ""ea61fb16bfa9aa1a6f1a3a2022ebf204827bf51d708b4c2b3287962c597d644d"", ""semantic_status"": ""SOURCE_TABLE_ROW_NOT_AUTOMATICALLY_ENTITY""}]",SOURCE_TABLE_RECORD_NOT_GLOBAL_OR_UNIQUE_COMPANY_VERIFICATION
https://www.balkangashub.bg/en/membership/members,2,78,NOVA POWER & GAS S.A.,,MEMBER_OR_PARTICIPANT_SOURCE_RECORD,"{""Number"": ""77"", ""Member"": ""NOVA POWER & GAS S.A."", ""EIC"": ""30XROTENGAZ----B"", ""Natural Gas Trading License"": """", ""Clearing Member"": """"}","[{""work_id"": ""B05:1177"", ""source_url"": ""https://www.balkangashub.bg/en/membership/members"", ""table"": ""2"", ""row"": ""78"", ""headers_json"": ""[\""Number\"", \""Member\"", \""EIC\"", \""Natural Gas Trading License\"", \""Clearing Member\""]"", ""cells_json"": ""[\""77\"", \""NOVA POWER & GAS S.A.\"", \""30XROTENGAZ----B\"", \""\"", \""\""]"", ""row_links_json"": ""[]"", ""content_sha256"": ""ea61fb16bfa9aa1a6f1a3a2022ebf204827bf51d708b4c2b3287962c597d644d"", ""semantic_status"": ""SOURCE_TABLE_ROW_NOT_AUTOMATICALLY_ENTITY""}]",SOURCE_TABLE_RECORD_NOT_GLOBAL_OR_UNIQUE_COMPANY_VERIFICATION
https://www.balkangashub.bg/en/membership/members,2,79,NRcore,,MEMBER_OR_PARTICIPANT_SOURCE_RECORD,"{""Number"": ""78"", ""Member"": ""NRcore"", ""EIC"": ""60X0000000001474"", ""Natural Gas Trading License"": """", ""Clearing Member"": """"}","[{""work_id"": ""B05:1177"", ""source_url"": ""https://www.balkangashub.bg/en/membership/members"", ""table"": ""2"", ""row"": ""79"", ""headers_json"": ""[\""Number\"", \""Member\"", \""EIC\"", \""Natural Gas Trading License\"", \""Clearing Member\""]"", ""cells_json"": ""[\""78\"", \""NRcore\"", \""60X0000000001474\"", \""\"", \""\""]"", ""row_links_json"": ""[]"", ""content_sha256"": ""ea61fb16bfa9aa1a6f1a3a2022ebf204827bf51d708b4c2b3287962c597d644d"", ""semantic_status"": ""SOURCE_TABLE_ROW_NOT_AUTOMATICALLY_ENTITY""}]",SOURCE_TABLE_RECORD_NOT_GLOBAL_OR_UNIQUE_COMPANY_VERIFICATION
https://www.balkangashub.bg/en/membership/members,2,80,OMV Bulgaria OOD,,MEMBER_OR_PARTICIPANT_SOURCE_RECORD,"{""Number"": ""79"", ""Member"": ""OMV Bulgaria OOD"", ""EIC"": ""58X-00-OMVBG-0-I"", ""Natural Gas Trading License"": """", ""Clearing Member"": """"}","[{""work_id"": ""B05:1177"", ""source_url"": ""https://www.balkangashub.bg/en/membership/members"", ""table"": ""2"", ""row"": ""80"", ""headers_json"": ""[\""Number\"", \""Member\"", \""EIC\"", \""Natural Gas Trading License\"", \""Clearing Member\""]"", ""cells_json"": ""[\""79\"", \""OMV Bulgaria OOD\"", \""58X-00-OMVBG-0-I\"", \""\"", \""\""]"", ""row_links_json"": ""[]"", ""content_sha256"": ""ea61fb16bfa9aa1a6f1a3a2022ebf204827bf51d708b4c2b3287962c597d644d"", ""semantic_status"": ""SOURCE_TABLE_ROW_NOT_AUTOMATICALLY_ENTITY""}]",SOURCE_TABLE_RECORD_NOT_GLOBAL_OR_UNIQUE_COMPANY_VERIFICATION
https://www.balkangashub.bg/en/membership/members,2,81,OMV PETROM S.A,,MEMBER_OR_PARTICIPANT_SOURCE_RECORD,"{""Number"": ""80"", ""Member"": ""OMV PETROM S.A"", ""EIC"": ""30XROPETROM----4"", ""Natural Gas Trading License"": """", ""Clearing Member"": """"}","[{""work_id"": ""B05:1177"", ""source_url"": ""https://www.balkangashub.bg/en/membership/members"", ""table"": ""2"", ""row"": ""81"", ""headers_json"": ""[\""Number\"", \""Member\"", \""EIC\"", \""Natural Gas Trading License\"", \""Clearing Member\""]"", ""cells_json"": ""[\""80\"", \""OMV PETROM S.A\"", \""30XROPETROM----4\"", \""\"", \""\""]"", ""row_links_json"": ""[]"", ""content_sha256"": ""ea61fb16bfa9aa1a6f1a3a2022ebf204827bf51d708b4c2b3287962c597d644d"", ""semantic_status"": ""SOURCE_TABLE_ROW_NOT_AUTOMATICALLY_ENTITY""}]",SOURCE_TABLE_RECORD_NOT_GLOBAL_OR_UNIQUE_COMPANY_VERIFICATION
https://www.balkangashub.bg/en/membership/members,2,82,OPTIMUS ENERGY BG LTD,,MEMBER_OR_PARTICIPANT_SOURCE_RECORD,"{""Number"": ""81"", ""Member"": ""OPTIMUS ENERGY BG LTD"", ""EIC"": ""58X-000-O-E-BG-5"", ""Natural Gas Trading License"": """", ""Clearing Member"": """"}","[{""work_id"": ""B05:1177"", ""source_url"": ""https://www.balkangashub.bg/en/membership/members"", ""table"": ""2"", ""row"": ""82"", ""headers_json"": ""[\""Number\"", \""Member\"", \""EIC\"", \""Natural Gas Trading License\"", \""Clearing Member\""]"", ""cells_json"": ""[\""81\"", \""OPTIMUS ENERGY BG LTD\"", \""58X-000-O-E-BG-5\"", \""\"", \""\""]"", ""row_links_json"": ""[]"", ""content_sha256"": ""ea61fb16bfa9aa1a6f1a3a2022ebf204827bf51d708b4c2b3287962c597d644d"", ""semantic_status"": ""SOURCE_TABLE_ROW_NOT_AUTOMATICALLY_ENTITY""}]",SOURCE_TABLE_RECORD_NOT_GLOBAL_OR_UNIQUE_COMPANY_VERIFICATION
https://www.balkangashub.bg/en/membership/members,2,83,Overgas Inc. EAD,,MEMBER_OR_PARTICIPANT_SOURCE_RECORD,"{""Number"": ""82"", ""Member"": ""Overgas Inc. EAD"", ""EIC"": ""58X-OVERGAS---1I"", ""Natural Gas Trading License"": """", ""Clearing Member"": """"}","[{""work_id"": ""B05:1177"", ""source_url"": ""https://www.balkangashub.bg/en/membership/members"", ""table"": ""2"", ""row"": ""83"", ""headers_json"": ""[\""Number\"", \""Member\"", \""EIC\"", \""Natural Gas Trading License\"", \""Clearing Member\""]"", ""cells_json"": ""[\""82\"", \""Overgas Inc. EAD\"", \""58X-OVERGAS---1I\"", \""\"", \""\""]"", ""row_links_json"": ""[]"", ""content_sha256"": ""ea61fb16bfa9aa1a6f1a3a2022ebf204827bf51d708b4c2b3287962c597d644d"", ""semantic_status"": ""SOURCE_TABLE_ROW_NOT_AUTOMATICALLY_ENTITY""}]",SOURCE_TABLE_RECORD_NOT_GLOBAL_OR_UNIQUE_COMPANY_VERIFICATION
https://www.balkangashub.bg/en/membership/members,2,84,OZBOR ENTERPRISES LIMITED,,MEMBER_OR_PARTICIPANT_SOURCE_RECORD,"{""Number"": ""83"", ""Member"": ""OZBOR ENTERPRISES LIMITED"", ""EIC"": ""69X2C9YZ2T3ZK02X"", ""Natural Gas Trading License"": """", ""Clearing Member"": """"}","[{""work_id"": ""B05:1177"", ""source_url"": ""https://www.balkangashub.bg/en/membership/members"", ""table"": ""2"", ""row"": ""84"", ""headers_json"": ""[\""Number\"", \""Member\"", \""EIC\"", \""Natural Gas Trading License\"", \""Clearing Member\""]"", ""cells_json"": ""[\""83\"", \""OZBOR ENTERPRISES LIMITED\"", \""69X2C9YZ2T3ZK02X\"", \""\"", \""\""]"", ""row_links_json"": ""[]"", ""content_sha256"": ""ea61fb16bfa9aa1a6f1a3a2022ebf204827bf51d708b4c2b3287962c597d644d"", ""semantic_status"": ""SOURCE_TABLE_ROW_NOT_AUTOMATICALLY_ENTITY""}]",SOURCE_TABLE_RECORD_NOT_GLOBAL_OR_UNIQUE_COMPANY_VERIFICATION
https://www.balkangashub.bg/en/membership/members,2,85,PHOTOVOLTAIC GREEN PROJECT S.R.L.,,MEMBER_OR_PARTICIPANT_SOURCE_RECORD,"{""Number"": ""84"", ""Member"": ""PHOTOVOLTAIC GREEN PROJECT S.R.L."", ""EIC"": ""30XROPGP-------2"", ""Natural Gas Trading License"": """", ""Clearing Member"": """"}","[{""work_id"": ""B05:1177"", ""source_url"": ""https://www.balkangashub.bg/en/membership/members"", ""table"": ""2"", ""row"": ""85"", ""headers_json"": ""[\""Number\"", \""Member\"", \""EIC\"", \""Natural Gas Trading License\"", \""Clearing Member\""]"", ""cells_json"": ""[\""84\"", \""PHOTOVOLTAIC GREEN PROJECT S.R.L.\"", \""30XROPGP-------2\"", \""\"", \""\""]"", ""row_links_json"": ""[]"", ""content_sha256"": ""ea61fb16bfa9aa1a6f1a3a2022ebf204827bf51d708b4c2b3287962c597d644d"", ""semantic_status"": ""SOURCE_TABLE_ROW_NOT_AUTOMATICALLY_ENTITY""}]",SOURCE_TABLE_RECORD_NOT_GLOBAL_OR_UNIQUE_COMPANY_VERIFICATION
https://www.balkangashub.bg/en/membership/members,2,86,POWER SMART TRADING LTD,,MEMBER_OR_PARTICIPANT_SOURCE_RECORD,"{""Number"": ""85"", ""Member"": ""POWER SMART TRADING LTD"", ""EIC"": ""58X-001-P-21S0-T"", ""Natural Gas Trading License"": """", ""Clearing Member"": """"}","[{""work_id"": ""B05:1177"", ""source_url"": ""https://www.balkangashub.bg/en/membership/members"", ""table"": ""2"", ""row"": ""86"", ""headers_json"": ""[\""Number\"", \""Member\"", \""EIC\"", \""Natural Gas Trading License\"", \""Clearing Member\""]"", ""cells_json"": ""[\""85\"", \""POWER SMART TRADING LTD\"", \""58X-001-P-21S0-T\"", \""\"", \""\""]"", ""row_links_json"": ""[]"", ""content_sha256"": ""ea61fb16bfa9aa1a6f1a3a2022ebf204827bf51d708b4c2b3287962c597d644d"", ""semantic_status"": ""SOURCE_TABLE_ROW_NOT_AUTOMATICALLY_ENTITY""}]",SOURCE_TABLE_RECORD_NOT_GLOBAL_OR_UNIQUE_COMPANY_VERIFICATION
https://www.balkangashub.bg/en/membership/members,2,87,Powergize Solutions - EOOD,,MEMBER_OR_PARTICIPANT_SOURCE_RECORD,"{""Number"": ""86"", ""Member"": ""Powergize Solutions - EOOD"", ""EIC"": ""32X001100102147L"", ""Natural Gas Trading License"": """", ""Clearing Member"": """"}","[{""work_id"": ""B05:1177"", ""source_url"": ""https://www.balkangashub.bg/en/membership/members"", ""table"": ""2"", ""row"": ""87"", ""headers_json"": ""[\""Number\"", \""Member\"", \""EIC\"", \""Natural Gas Trading License\"", \""Clearing Member\""]"", ""cells_json"": ""[\""86\"", \""Powergize Solutions - EOOD\"", \""32X001100102147L\"", \""\"", \""\""]"", ""row_links_json"": ""[]"", ""content_sha256"": ""ea61fb16bfa9aa1a6f1a3a2022ebf204827bf51d708b4c2b3287962c597d644d"", ""semantic_status"": ""SOURCE_TABLE_ROW_NOT_AUTOMATICALLY_ENTITY""}]",SOURCE_TABLE_RECORD_NOT_GLOBAL_OR_UNIQUE_COMPANY_VERIFICATION
https://www.balkangashub.bg/en/membership/members,2,88,Premier Energy Hungary Kft.,,MEMBER_OR_PARTICIPANT_SOURCE_RECORD,"{""Number"": ""87"", ""Member"": ""Premier Energy Hungary Kft."", ""EIC"": ""39XPREMENERGY-HV"", ""Natural Gas Trading License"": """", ""Clearing Member"": """"}","[{""work_id"": ""B05:1177"", ""source_url"": ""https://www.balkangashub.bg/en/membership/members"", ""table"": ""2"", ""row"": ""88"", ""headers_json"": ""[\""Number\"", \""Member\"", \""EIC\"", \""Natural Gas Trading License\"", \""Clearing Member\""]"", ""cells_json"": ""[\""87\"", \""Premier Energy Hungary Kft.\"", \""39XPREMENERGY-HV\"", \""\"", \""\""]"", ""row_links_json"": ""[]"", ""content_sha256"": ""ea61fb16bfa9aa1a6f1a3a2022ebf204827bf51d708b4c2b3287962c597d644d"", ""semantic_status"": ""SOURCE_TABLE_ROW_NOT_AUTOMATICALLY_ENTITY""}]",SOURCE_TABLE_RECORD_NOT_GLOBAL_OR_UNIQUE_COMPANY_VERIFICATION
https://www.balkangashub.bg/en/membership/members,2,89,PREMIER ENERGY S.A.,,MEMBER_OR_PARTICIPANT_SOURCE_RECORD,"{""Number"": ""88"", ""Member"": ""PREMIER ENERGY S.A."", ""EIC"": ""60X0000000001490"", ""Natural Gas Trading License"": """", ""Clearing Member"": """"}","[{""work_id"": ""B05:1177"", ""source_url"": ""https://www.balkangashub.bg/en/membership/members"", ""table"": ""2"", ""row"": ""89"", ""headers_json"": ""[\""Number\"", \""Member\"", \""EIC\"", \""Natural Gas Trading License\"", \""Clearing Member\""]"", ""cells_json"": ""[\""88\"", \""PREMIER ENERGY S.A.\"", \""60X0000000001490\"", \""\"", \""\""]"", ""row_links_json"": ""[]"", ""content_sha256"": ""ea61fb16bfa9aa1a6f1a3a2022ebf204827bf51d708b4c2b3287962c597d644d"", ""semantic_status"": ""SOURCE_TABLE_ROW_NOT_AUTOMATICALLY_ENTITY""}]",SOURCE_TABLE_RECORD_NOT_GLOBAL_OR_UNIQUE_COMPANY_VERIFICATION
https://www.balkangashub.bg/en/membership/members,2,90,Protos Energy EAD,,MEMBER_OR_PARTICIPANT_SOURCE_RECORD,"{""Number"": ""89"", ""Member"": ""Protos Energy EAD"", ""EIC"": ""58X-PROTOS-ENERI"", ""Natural Gas Trading License"": """", ""Clearing Member"": """"}","[{""work_id"": ""B05:1177"", ""source_url"": ""https://www.balkangashub.bg/en/membership/members"", ""table"": ""2"", ""row"": ""90"", ""headers_json"": ""[\""Number\"", \""Member\"", \""EIC\"", \""Natural Gas Trading License\"", \""Clearing Member\""]"", ""cells_json"": ""[\""89\"", \""Protos Energy EAD\"", \""58X-PROTOS-ENERI\"", \""\"", \""\""]"", ""row_links_json"": ""[]"", ""content_sha256"": ""ea61fb16bfa9aa1a6f1a3a2022ebf204827bf51d708b4c2b3287962c597d644d"", ""semantic_status"": ""SOURCE_TABLE_ROW_NOT_AUTOMATICALLY_ENTITY""}]",SOURCE_TABLE_RECORD_NOT_GLOBAL_OR_UNIQUE_COMPANY_VERIFICATION
https://www.balkangashub.bg/en/membership/members,2,91,Prvo Plinarsko Drustvo d.o.o.,,MEMBER_OR_PARTICIPANT_SOURCE_RECORD,"{""Number"": ""90"", ""Member"": ""Prvo Plinarsko Drustvo d.o.o."", ""EIC"": ""31XG-PPDVU-HR11M"", ""Natural Gas Trading License"": """", ""Clearing Member"": """"}","[{""work_id"": ""B05:1177"", ""source_url"": ""https://www.balkangashub.bg/en/membership/members"", ""table"": ""2"", ""row"": ""91"", ""headers_json"": ""[\""Number\"", \""Member\"", \""EIC\"", \""Natural Gas Trading License\"", \""Clearing Member\""]"", ""cells_json"": ""[\""90\"", \""Prvo Plinarsko Drustvo d.o.o.\"", \""31XG-PPDVU-HR11M\"", \""\"", \""\""]"", ""row_links_json"": ""[]"", ""content_sha256"": ""ea61fb16bfa9aa1a6f1a3a2022ebf204827bf51d708b4c2b3287962c597d644d"", ""semantic_status"": ""SOURCE_TABLE_ROW_NOT_AUTOMATICALLY_ENTITY""}]",SOURCE_TABLE_RECORD_NOT_GLOBAL_OR_UNIQUE_COMPANY_VERIFICATION
https://www.balkangashub.bg/en/membership/members,2,92,Public Power Corporation S.A.,,MEMBER_OR_PARTICIPANT_SOURCE_RECORD,"{""Number"": ""91"", ""Member"": ""Public Power Corporation S.A."", ""EIC"": ""11XPPCDDE9-----D"", ""Natural Gas Trading License"": """", ""Clearing Member"": """"}","[{""work_id"": ""B05:1177"", ""source_url"": ""https://www.balkangashub.bg/en/membership/members"", ""table"": ""2"", ""row"": ""92"", ""headers_json"": ""[\""Number\"", \""Member\"", \""EIC\"", \""Natural Gas Trading License\"", \""Clearing Member\""]"", ""cells_json"": ""[\""91\"", \""Public Power Corporation S.A.\"", \""11XPPCDDE9-----D\"", \""\"", \""\""]"", ""row_links_json"": ""[]"", ""content_sha256"": ""ea61fb16bfa9aa1a6f1a3a2022ebf204827bf51d708b4c2b3287962c597d644d"", ""semantic_status"": ""SOURCE_TABLE_ROW_NOT_AUTOMATICALLY_ENTITY""}]",SOURCE_TABLE_RECORD_NOT_GLOBAL_OR_UNIQUE_COMPANY_VERIFICATION
https://www.balkangashub.bg/en/membership/members,2,93,Raygaz EOOD,,MEMBER_OR_PARTICIPANT_SOURCE_RECORD,"{""Number"": ""92"", ""Member"": ""Raygaz EOOD"", ""EIC"": ""58X-0010-R-114-Z"", ""Natural Gas Trading License"": """", ""Clearing Member"": """"}","[{""work_id"": ""B05:1177"", ""source_url"": ""https://www.balkangashub.bg/en/membership/members"", ""table"": ""2"", ""row"": ""93"", ""headers_json"": ""[\""Number\"", \""Member\"", \""EIC\"", \""Natural Gas Trading License\"", \""Clearing Member\""]"", ""cells_json"": ""[\""92\"", \""Raygaz EOOD\"", \""58X-0010-R-114-Z\"", \""\"", \""\""]"", ""row_links_json"": ""[]"", ""content_sha256"": ""ea61fb16bfa9aa1a6f1a3a2022ebf204827bf51d708b4c2b3287962c597d644d"", ""semantic_status"": ""SOURCE_TABLE_ROW_NOT_AUTOMATICALLY_ENTITY""}]",SOURCE_TABLE_RECORD_NOT_GLOBAL_OR_UNIQUE_COMPANY_VERIFICATION
https://www.balkangashub.bg/en/membership/members,2,94,REA ENERGIA S.L.U.,,MEMBER_OR_PARTICIPANT_SOURCE_RECORD,"{""Number"": ""93"", ""Member"": ""REA ENERGIA S.L.U."", ""EIC"": ""18X000000000LGIB"", ""Natural Gas Trading License"": """", ""Clearing Member"": """"}","[{""work_id"": ""B05:1177"", ""source_url"": ""https://www.balkangashub.bg/en/membership/members"", ""table"": ""2"", ""row"": ""94"", ""headers_json"": ""[\""Number\"", \""Member\"", \""EIC\"", \""Natural Gas Trading License\"", \""Clearing Member\""]"", ""cells_json"": ""[\""93\"", \""REA ENERGIA S.L.U.\"", \""18X000000000LGIB\"", \""\"", \""\""]"", ""row_links_json"": ""[]"", ""content_sha256"": ""ea61fb16bfa9aa1a6f1a3a2022ebf204827bf51d708b4c2b3287962c597d644d"", ""semantic_status"": ""SOURCE_TABLE_ROW_NOT_AUTOMATICALLY_ENTITY""}]",SOURCE_TABLE_RECORD_NOT_GLOBAL_OR_UNIQUE_COMPANY_VERIFICATION
https://www.balkangashub.bg/en/membership/members,2,95,Repotok OOD,,MEMBER_OR_PARTICIPANT_SOURCE_RECORD,"{""Number"": ""94"", ""Member"": ""Repotok OOD"", ""EIC"": ""58X-001R00P00T08"", ""Natural Gas Trading License"": """", ""Clearing Member"": """"}","[{""work_id"": ""B05:1177"", ""source_url"": ""https://www.balkangashub.bg/en/membership/members"", ""table"": ""2"", ""row"": ""95"", ""headers_json"": ""[\""Number\"", \""Member\"", \""EIC\"", \""Natural Gas Trading License\"", \""Clearing Member\""]"", ""cells_json"": ""[\""94\"", \""Repotok OOD\"", \""58X-001R00P00T08\"", \""\"", \""\""]"", ""row_links_json"": ""[]"", ""content_sha256"": ""ea61fb16bfa9aa1a6f1a3a2022ebf204827bf51d708b4c2b3287962c597d644d"", ""semantic_status"": ""SOURCE_TABLE_ROW_NOT_AUTOMATICALLY_ENTITY""}]",SOURCE_TABLE_RECORD_NOT_GLOBAL_OR_UNIQUE_COMPANY_VERIFICATION
https://www.balkangashub.bg/en/membership/members,2,96,ROMENERGY TRADING S.R.L.,,MEMBER_OR_PARTICIPANT_SOURCE_RECORD,"{""Number"": ""95"", ""Member"": ""ROMENERGY TRADING S.R.L."", ""EIC"": ""60X000000000108E"", ""Natural Gas Trading License"": """", ""Clearing Member"": """"}","[{""work_id"": ""B05:1177"", ""source_url"": ""https://www.balkangashub.bg/en/membership/members"", ""table"": ""2"", ""row"": ""96"", ""headers_json"": ""[\""Number\"", \""Member\"", \""EIC\"", \""Natural Gas Trading License\"", \""Clearing Member\""]"", ""cells_json"": ""[\""95\"", \""ROMENERGY TRADING S.R.L.\"", \""60X000000000108E\"", \""\"", \""\""]"", ""row_links_json"": ""[]"", ""content_sha256"": ""ea61fb16bfa9aa1a6f1a3a2022ebf204827bf51d708b4c2b3287962c597d644d"", ""semantic_status"": ""SOURCE_TABLE_ROW_NOT_AUTOMATICALLY_ENTITY""}]",SOURCE_TABLE_RECORD_NOT_GLOBAL_OR_UNIQUE_COMPANY_VERIFICATION
https://www.balkangashub.bg/en/membership/members,2,97,RWE SUPPLY&TRADING,,MEMBER_OR_PARTICIPANT_SOURCE_RECORD,"{""Number"": ""96"", ""Member"": ""RWE SUPPLY&TRADING"", ""EIC"": ""21X000000001033Q"", ""Natural Gas Trading License"": """", ""Clearing Member"": """"}","[{""work_id"": ""B05:1177"", ""source_url"": ""https://www.balkangashub.bg/en/membership/members"", ""table"": ""2"", ""row"": ""97"", ""headers_json"": ""[\""Number\"", \""Member\"", \""EIC\"", \""Natural Gas Trading License\"", \""Clearing Member\""]"", ""cells_json"": ""[\""96\"", \""RWE SUPPLY&TRADING\"", \""21X000000001033Q\"", \""\"", \""\""]"", ""row_links_json"": ""[]"", ""content_sha256"": ""ea61fb16bfa9aa1a6f1a3a2022ebf204827bf51d708b4c2b3287962c597d644d"", ""semantic_status"": ""SOURCE_TABLE_ROW_NOT_AUTOMATICALLY_ENTITY""}]",SOURCE_TABLE_RECORD_NOT_GLOBAL_OR_UNIQUE_COMPANY_VERIFICATION
https://www.balkangashub.bg/en/membership/members,2,98,SD GAS&POWER S.R.L.,,MEMBER_OR_PARTICIPANT_SOURCE_RECORD,"{""Number"": ""97"", ""Member"": ""SD GAS&POWER S.R.L."", ""EIC"": ""60X000000000140I"", ""Natural Gas Trading License"": """", ""Clearing Member"": """"}","[{""work_id"": ""B05:1177"", ""source_url"": ""https://www.balkangashub.bg/en/membership/members"", ""table"": ""2"", ""row"": ""98"", ""headers_json"": ""[\""Number\"", \""Member\"", \""EIC\"", \""Natural Gas Trading License\"", \""Clearing Member\""]"", ""cells_json"": ""[\""97\"", \""SD GAS&POWER S.R.L.\"", \""60X000000000140I\"", \""\"", \""\""]"", ""row_links_json"": ""[]"", ""content_sha256"": ""ea61fb16bfa9aa1a6f1a3a2022ebf204827bf51d708b4c2b3287962c597d644d"", ""semantic_status"": ""SOURCE_TABLE_ROW_NOT_AUTOMATICALLY_ENTITY""}]",SOURCE_TABLE_RECORD_NOT_GLOBAL_OR_UNIQUE_COMPANY_VERIFICATION
https://www.balkangashub.bg/en/membership/members,2,99,SEFE Central & Eastern Europe Kft.,,MEMBER_OR_PARTICIPANT_SOURCE_RECORD,"{""Number"": ""98"", ""Member"": ""SEFE Central & Eastern Europe Kft."", ""EIC"": ""39XWIEEHUNGARIAQ"", ""Natural Gas Trading License"": """", ""Clearing Member"": """"}","[{""work_id"": ""B05:1177"", ""source_url"": ""https://www.balkangashub.bg/en/membership/members"", ""table"": ""2"", ""row"": ""99"", ""headers_json"": ""[\""Number\"", \""Member\"", \""EIC\"", \""Natural Gas Trading License\"", \""Clearing Member\""]"", ""cells_json"": ""[\""98\"", \""SEFE Central & Eastern Europe Kft.\"", \""39XWIEEHUNGARIAQ\"", \""\"", \""\""]"", ""row_links_json"": ""[]"", ""content_sha256"": ""ea61fb16bfa9aa1a6f1a3a2022ebf204827bf51d708b4c2b3287962c597d644d"", ""semantic_status"": ""SOURCE_TABLE_ROW_NOT_AUTOMATICALLY_ENTITY""}]",SOURCE_TABLE_RECORD_NOT_GLOBAL_OR_UNIQUE_COMPANY_VERIFICATION
https://www.balkangashub.bg/en/membership/members,2,100,Shell Energy Europe BV,,MEMBER_OR_PARTICIPANT_SOURCE_RECORD,"{""Number"": ""99"", ""Member"": ""Shell Energy Europe BV"", ""EIC"": ""21X000000001032S"", ""Natural Gas Trading License"": """", ""Clearing Member"": """"}","[{""work_id"": ""B05:1177"", ""source_url"": ""https://www.balkangashub.bg/en/membership/members"", ""table"": ""2"", ""row"": ""100"", ""headers_json"": ""[\""Number\"", \""Member\"", \""EIC\"", \""Natural Gas Trading License\"", \""Clearing Member\""]"", ""cells_json"": ""[\""99\"", \""Shell Energy Europe BV\"", \""21X000000001032S\"", \""\"", \""\""]"", ""row_links_json"": ""[]"", ""content_sha256"": ""ea61fb16bfa9aa1a6f1a3a2022ebf204827bf51d708b4c2b3287962c597d644d"", ""semantic_status"": ""SOURCE_TABLE_ROW_NOT_AUTOMATICALLY_ENTITY""}]",SOURCE_TABLE_RECORD_NOT_GLOBAL_OR_UNIQUE_COMPANY_VERIFICATION
https://www.balkangashub.bg/en/membership/members,2,101,Sigma Invest EOOD,,MEMBER_OR_PARTICIPANT_SOURCE_RECORD,"{""Number"": ""100"", ""Member"": ""Sigma Invest EOOD"", ""EIC"": ""58X--SIGM-INV--X"", ""Natural Gas Trading License"": """", ""Clearing Member"": """"}","[{""work_id"": ""B05:1177"", ""source_url"": ""https://www.balkangashub.bg/en/membership/members"", ""table"": ""2"", ""row"": ""101"", ""headers_json"": ""[\""Number\"", \""Member\"", \""EIC\"", \""Natural Gas Trading License\"", \""Clearing Member\""]"", ""cells_json"": ""[\""100\"", \""Sigma Invest EOOD\"", \""58X--SIGM-INV--X\"", \""\"", \""\""]"", ""row_links_json"": ""[]"", ""content_sha256"": ""ea61fb16bfa9aa1a6f1a3a2022ebf204827bf51d708b4c2b3287962c597d644d"", ""semantic_status"": ""SOURCE_TABLE_ROW_NOT_AUTOMATICALLY_ENTITY""}]",SOURCE_TABLE_RECORD_NOT_GLOBAL_OR_UNIQUE_COMPANY_VERIFICATION
https://www.balkangashub.bg/en/membership/members,2,102,SOCAR Trading Gas & Power SARL,,MEMBER_OR_PARTICIPANT_SOURCE_RECORD,"{""Number"": ""101"", ""Member"": ""SOCAR Trading Gas & Power SARL"", ""EIC"": ""20X-LU017-STGP-K"", ""Natural Gas Trading License"": """", ""Clearing Member"": """"}","[{""work_id"": ""B05:1177"", ""source_url"": ""https://www.balkangashub.bg/en/membership/members"", ""table"": ""2"", ""row"": ""102"", ""headers_json"": ""[\""Number\"", \""Member\"", \""EIC\"", \""Natural Gas Trading License\"", \""Clearing Member\""]"", ""cells_json"": ""[\""101\"", \""SOCAR Trading Gas & Power SARL\"", \""20X-LU017-STGP-K\"", \""\"", \""\""]"", ""row_links_json"": ""[]"", ""content_sha256"": ""ea61fb16bfa9aa1a6f1a3a2022ebf204827bf51d708b4c2b3287962c597d644d"", ""semantic_status"": ""SOURCE_TABLE_ROW_NOT_AUTOMATICALLY_ENTITY""}]",SOURCE_TABLE_RECORD_NOT_GLOBAL_OR_UNIQUE_COMPANY_VERIFICATION
https://www.balkangashub.bg/en/membership/members,2,103,Solprim SRL,,MEMBER_OR_PARTICIPANT_SOURCE_RECORD,"{""Number"": ""102"", ""Member"": ""Solprim SRL"", ""EIC"": ""30XROSOLPRIM---W"", ""Natural Gas Trading License"": """", ""Clearing Member"": """"}","[{""work_id"": ""B05:1177"", ""source_url"": ""https://www.balkangashub.bg/en/membership/members"", ""table"": ""2"", ""row"": ""103"", ""headers_json"": ""[\""Number\"", \""Member\"", \""EIC\"", \""Natural Gas Trading License\"", \""Clearing Member\""]"", ""cells_json"": ""[\""102\"", \""Solprim SRL\"", \""30XROSOLPRIM---W\"", \""\"", \""\""]"", ""row_links_json"": ""[]"", ""content_sha256"": ""ea61fb16bfa9aa1a6f1a3a2022ebf204827bf51d708b4c2b3287962c597d644d"", ""semantic_status"": ""SOURCE_TABLE_ROW_NOT_AUTOMATICALLY_ENTITY""}]",SOURCE_TABLE_RECORD_NOT_GLOBAL_OR_UNIQUE_COMPANY_VERIFICATION
https://www.balkangashub.bg/en/membership/members,2,104,Spectro Energy EOOD,,MEMBER_OR_PARTICIPANT_SOURCE_RECORD,"{""Number"": ""103"", ""Member"": ""Spectro Energy EOOD"", ""EIC"": ""58X-00000-SPCT-5"", ""Natural Gas Trading License"": """", ""Clearing Member"": """"}","[{""work_id"": ""B05:1177"", ""source_url"": ""https://www.balkangashub.bg/en/membership/members"", ""table"": ""2"", ""row"": ""104"", ""headers_json"": ""[\""Number\"", \""Member\"", \""EIC\"", \""Natural Gas Trading License\"", \""Clearing Member\""]"", ""cells_json"": ""[\""103\"", \""Spectro Energy EOOD\"", \""58X-00000-SPCT-5\"", \""\"", \""\""]"", ""row_links_json"": ""[]"", ""content_sha256"": ""ea61fb16bfa9aa1a6f1a3a2022ebf204827bf51d708b4c2b3287962c597d644d"", ""semantic_status"": ""SOURCE_TABLE_ROW_NOT_AUTOMATICALLY_ENTITY""}]",SOURCE_TABLE_RECORD_NOT_GLOBAL_OR_UNIQUE_COMPANY_VERIFICATION
https://www.balkangashub.bg/en/membership/members,2,105,SPS GLOBAL OOD,,MEMBER_OR_PARTICIPANT_SOURCE_RECORD,"{""Number"": ""104"", ""Member"": ""SPS GLOBAL OOD"", ""EIC"": ""58X-0000002--SPS"", ""Natural Gas Trading License"": """", ""Clearing Member"": """"}","[{""work_id"": ""B05:1177"", ""source_url"": ""https://www.balkangashub.bg/en/membership/members"", ""table"": ""2"", ""row"": ""105"", ""headers_json"": ""[\""Number\"", \""Member\"", \""EIC\"", \""Natural Gas Trading License\"", \""Clearing Member\""]"", ""cells_json"": ""[\""104\"", \""SPS GLOBAL OOD\"", \""58X-0000002--SPS\"", \""\"", \""\""]"", ""row_links_json"": ""[]"", ""content_sha256"": ""ea61fb16bfa9aa1a6f1a3a2022ebf204827bf51d708b4c2b3287962c597d644d"", ""semantic_status"": ""SOURCE_TABLE_ROW_NOT_AUTOMATICALLY_ENTITY""}]",SOURCE_TABLE_RECORD_NOT_GLOBAL_OR_UNIQUE_COMPANY_VERIFICATION
https://www.balkangashub.bg/en/membership/members,2,106,Stomana Industry SA,,MEMBER_OR_PARTICIPANT_SOURCE_RECORD,"{""Number"": ""105"", ""Member"": ""Stomana Industry SA"", ""EIC"": ""58X-STOMANAIND-W"", ""Natural Gas Trading License"": """", ""Clearing Member"": """"}","[{""work_id"": ""B05:1177"", ""source_url"": ""https://www.balkangashub.bg/en/membership/members"", ""table"": ""2"", ""row"": ""106"", ""headers_json"": ""[\""Number\"", \""Member\"", \""EIC\"", \""Natural Gas Trading License\"", \""Clearing Member\""]"", ""cells_json"": ""[\""105\"", \""Stomana Industry SA\"", \""58X-STOMANAIND-W\"", \""\"", \""\""]"", ""row_links_json"": ""[]"", ""content_sha256"": ""ea61fb16bfa9aa1a6f1a3a2022ebf204827bf51d708b4c2b3287962c597d644d"", ""semantic_status"": ""SOURCE_TABLE_ROW_NOT_AUTOMATICALLY_ENTITY""}]",SOURCE_TABLE_RECORD_NOT_GLOBAL_OR_UNIQUE_COMPANY_VERIFICATION
https://www.balkangashub.bg/en/membership/members,2,107,Sustainable Energy Supply LTD,,MEMBER_OR_PARTICIPANT_SOURCE_RECORD,"{""Number"": ""106"", ""Member"": ""Sustainable Energy Supply LTD"", ""EIC"": ""58X-0-000000007E"", ""Natural Gas Trading License"": """", ""Clearing Member"": """"}","[{""work_id"": ""B05:1177"", ""source_url"": ""https://www.balkangashub.bg/en/membership/members"", ""table"": ""2"", ""row"": ""107"", ""headers_json"": ""[\""Number\"", \""Member\"", \""EIC\"", \""Natural Gas Trading License\"", \""Clearing Member\""]"", ""cells_json"": ""[\""106\"", \""Sustainable Energy Supply LTD\"", \""58X-0-000000007E\"", \""\"", \""\""]"", ""row_links_json"": ""[]"", ""content_sha256"": ""ea61fb16bfa9aa1a6f1a3a2022ebf204827bf51d708b4c2b3287962c597d644d"", ""semantic_status"": ""SOURCE_TABLE_ROW_NOT_AUTOMATICALLY_ENTITY""}]",SOURCE_TABLE_RECORD_NOT_GLOBAL_OR_UNIQUE_COMPANY_VERIFICATION
https://www.balkangashub.bg/en/membership/members,2,108,Sustainable Energy Supply North S.R.L.,,MEMBER_OR_PARTICIPANT_SOURCE_RECORD,"{""Number"": ""107"", ""Member"": ""Sustainable Energy Supply North S.R.L."", ""EIC"": ""60X000000000112N"", ""Natural Gas Trading License"": """", ""Clearing Member"": """"}","[{""work_id"": ""B05:1177"", ""source_url"": ""https://www.balkangashub.bg/en/membership/members"", ""table"": ""2"", ""row"": ""108"", ""headers_json"": ""[\""Number\"", \""Member\"", \""EIC\"", \""Natural Gas Trading License\"", \""Clearing Member\""]"", ""cells_json"": ""[\""107\"", \""Sustainable Energy Supply North S.R.L.\"", \""60X000000000112N\"", \""\"", \""\""]"", ""row_links_json"": ""[]"", ""content_sha256"": ""ea61fb16bfa9aa1a6f1a3a2022ebf204827bf51d708b4c2b3287962c597d644d"", ""semantic_status"": ""SOURCE_TABLE_ROW_NOT_AUTOMATICALLY_ENTITY""}]",SOURCE_TABLE_RECORD_NOT_GLOBAL_OR_UNIQUE_COMPANY_VERIFICATION
https://www.balkangashub.bg/en/membership/members,2,109,Synergon Energy OOD,,MEMBER_OR_PARTICIPANT_SOURCE_RECORD,"{""Number"": ""108"", ""Member"": ""Synergon Energy OOD"", ""EIC"": ""32X001100100910M"", ""Natural Gas Trading License"": """", ""Clearing Member"": """"}","[{""work_id"": ""B05:1177"", ""source_url"": ""https://www.balkangashub.bg/en/membership/members"", ""table"": ""2"", ""row"": ""109"", ""headers_json"": ""[\""Number\"", \""Member\"", \""EIC\"", \""Natural Gas Trading License\"", \""Clearing Member\""]"", ""cells_json"": ""[\""108\"", \""Synergon Energy OOD\"", \""32X001100100910M\"", \""\"", \""\""]"", ""row_links_json"": ""[]"", ""content_sha256"": ""ea61fb16bfa9aa1a6f1a3a2022ebf204827bf51d708b4c2b3287962c597d644d"", ""semantic_status"": ""SOURCE_TABLE_ROW_NOT_AUTOMATICALLY_ENTITY""}]",SOURCE_TABLE_RECORD_NOT_GLOBAL_OR_UNIQUE_COMPANY_VERIFICATION
https://www.balkangashub.bg/en/membership/members,2,110,TELEGAZ OOD,,MEMBER_OR_PARTICIPANT_SOURCE_RECORD,"{""Number"": ""109"", ""Member"": ""TELEGAZ OOD"", ""EIC"": ""58X-TELEGAS-BG-N"", ""Natural Gas Trading License"": """", ""Clearing Member"": """"}","[{""work_id"": ""B05:1177"", ""source_url"": ""https://www.balkangashub.bg/en/membership/members"", ""table"": ""2"", ""row"": ""110"", ""headers_json"": ""[\""Number\"", \""Member\"", \""EIC\"", \""Natural Gas Trading License\"", \""Clearing Member\""]"", ""cells_json"": ""[\""109\"", \""TELEGAZ OOD\"", \""58X-TELEGAS-BG-N\"", \""\"", \""\""]"", ""row_links_json"": ""[]"", ""content_sha256"": ""ea61fb16bfa9aa1a6f1a3a2022ebf204827bf51d708b4c2b3287962c597d644d"", ""semantic_status"": ""SOURCE_TABLE_ROW_NOT_AUTOMATICALLY_ENTITY""}]",SOURCE_TABLE_RECORD_NOT_GLOBAL_OR_UNIQUE_COMPANY_VERIFICATION
https://www.balkangashub.bg/en/membership/members,2,111,Terra Gas Industry EAD,,MEMBER_OR_PARTICIPANT_SOURCE_RECORD,"{""Number"": ""110"", ""Member"": ""Terra Gas Industry EAD"", ""EIC"": ""58X-0001-T-G017I"", ""Natural Gas Trading License"": """", ""Clearing Member"": """"}","[{""work_id"": ""B05:1177"", ""source_url"": ""https://www.balkangashub.bg/en/membership/members"", ""table"": ""2"", ""row"": ""111"", ""headers_json"": ""[\""Number\"", \""Member\"", \""EIC\"", \""Natural Gas Trading License\"", \""Clearing Member\""]"", ""cells_json"": ""[\""110\"", \""Terra Gas Industry EAD\"", \""58X-0001-T-G017I\"", \""\"", \""\""]"", ""row_links_json"": ""[]"", ""content_sha256"": ""ea61fb16bfa9aa1a6f1a3a2022ebf204827bf51d708b4c2b3287962c597d644d"", ""semantic_status"": ""SOURCE_TABLE_ROW_NOT_AUTOMATICALLY_ENTITY""}]",SOURCE_TABLE_RECORD_NOT_GLOBAL_OR_UNIQUE_COMPANY_VERIFICATION
https://www.balkangashub.bg/en/membership/members,2,112,TERRA WAY ENERGY GROUP EOOD,,MEMBER_OR_PARTICIPANT_SOURCE_RECORD,"{""Number"": ""111"", ""Member"": ""TERRA WAY ENERGY GROUP EOOD"", ""EIC"": ""58X-110W0002000T"", ""Natural Gas Trading License"": """", ""Clearing Member"": """"}","[{""work_id"": ""B05:1177"", ""source_url"": ""https://www.balkangashub.bg/en/membership/members"", ""table"": ""2"", ""row"": ""112"", ""headers_json"": ""[\""Number\"", \""Member\"", \""EIC\"", \""Natural Gas Trading License\"", \""Clearing Member\""]"", ""cells_json"": ""[\""111\"", \""TERRA WAY ENERGY GROUP EOOD\"", \""58X-110W0002000T\"", \""\"", \""\""]"", ""row_links_json"": ""[]"", ""content_sha256"": ""ea61fb16bfa9aa1a6f1a3a2022ebf204827bf51d708b4c2b3287962c597d644d"", ""semantic_status"": ""SOURCE_TABLE_ROW_NOT_AUTOMATICALLY_ENTITY""}]",SOURCE_TABLE_RECORD_NOT_GLOBAL_OR_UNIQUE_COMPANY_VERIFICATION
https://www.balkangashub.bg/en/membership/members,2,113,TIBIEL LTD,,MEMBER_OR_PARTICIPANT_SOURCE_RECORD,"{""Number"": ""112"", ""Member"": ""TIBIEL LTD"", ""EIC"": ""58X-TIBIEL-LTD-K"", ""Natural Gas Trading License"": """", ""Clearing Member"": """"}","[{""work_id"": ""B05:1177"", ""source_url"": ""https://www.balkangashub.bg/en/membership/members"", ""table"": ""2"", ""row"": ""113"", ""headers_json"": ""[\""Number\"", \""Member\"", \""EIC\"", \""Natural Gas Trading License\"", \""Clearing Member\""]"", ""cells_json"": ""[\""112\"", \""TIBIEL LTD\"", \""58X-TIBIEL-LTD-K\"", \""\"", \""\""]"", ""row_links_json"": ""[]"", ""content_sha256"": ""ea61fb16bfa9aa1a6f1a3a2022ebf204827bf51d708b4c2b3287962c597d644d"", ""semantic_status"": ""SOURCE_TABLE_ROW_NOT_AUTOMATICALLY_ENTITY""}]",SOURCE_TABLE_RECORD_NOT_GLOBAL_OR_UNIQUE_COMPANY_VERIFICATION
https://www.balkangashub.bg/en/membership/members,2,114,Tinmar Energy S.A.,,MEMBER_OR_PARTICIPANT_SOURCE_RECORD,"{""Number"": ""113"", ""Member"": ""Tinmar Energy S.A."", ""EIC"": ""30XROTINMAREN--M"", ""Natural Gas Trading License"": """", ""Clearing Member"": """"}","[{""work_id"": ""B05:1177"", ""source_url"": ""https://www.balkangashub.bg/en/membership/members"", ""table"": ""2"", ""row"": ""114"", ""headers_json"": ""[\""Number\"", \""Member\"", \""EIC\"", \""Natural Gas Trading License\"", \""Clearing Member\""]"", ""cells_json"": ""[\""113\"", \""Tinmar Energy S.A.\"", \""30XROTINMAREN--M\"", \""\"", \""\""]"", ""row_links_json"": ""[]"", ""content_sha256"": ""ea61fb16bfa9aa1a6f1a3a2022ebf204827bf51d708b4c2b3287962c597d644d"", ""semantic_status"": ""SOURCE_TABLE_ROW_NOT_AUTOMATICALLY_ENTITY""}]",SOURCE_TABLE_RECORD_NOT_GLOBAL_OR_UNIQUE_COMPANY_VERIFICATION
https://www.balkangashub.bg/en/membership/members,2,115,Toplofikacia - Pleven AD,,MEMBER_OR_PARTICIPANT_SOURCE_RECORD,"{""Number"": ""114"", ""Member"": ""Toplofikacia - Pleven AD"", ""EIC"": ""32X0011001000266"", ""Natural Gas Trading License"": """", ""Clearing Member"": """"}","[{""work_id"": ""B05:1177"", ""source_url"": ""https://www.balkangashub.bg/en/membership/members"", ""table"": ""2"", ""row"": ""115"", ""headers_json"": ""[\""Number\"", \""Member\"", \""EIC\"", \""Natural Gas Trading License\"", \""Clearing Member\""]"", ""cells_json"": ""[\""114\"", \""Toplofikacia - Pleven AD\"", \""32X0011001000266\"", \""\"", \""\""]"", ""row_links_json"": ""[]"", ""content_sha256"": ""ea61fb16bfa9aa1a6f1a3a2022ebf204827bf51d708b4c2b3287962c597d644d"", ""semantic_status"": ""SOURCE_TABLE_ROW_NOT_AUTOMATICALLY_ENTITY""}]",SOURCE_TABLE_RECORD_NOT_GLOBAL_OR_UNIQUE_COMPANY_VERIFICATION
https://www.balkangashub.bg/en/membership/members,2,116,Toplofikacia Pernik AD,,MEMBER_OR_PARTICIPANT_SOURCE_RECORD,"{""Number"": ""115"", ""Member"": ""Toplofikacia Pernik AD"", ""EIC"": ""32X001100100010L"", ""Natural Gas Trading License"": """", ""Clearing Member"": """"}","[{""work_id"": ""B05:1177"", ""source_url"": ""https://www.balkangashub.bg/en/membership/members"", ""table"": ""2"", ""row"": ""116"", ""headers_json"": ""[\""Number\"", \""Member\"", \""EIC\"", \""Natural Gas Trading License\"", \""Clearing Member\""]"", ""cells_json"": ""[\""115\"", \""Toplofikacia Pernik AD\"", \""32X001100100010L\"", \""\"", \""\""]"", ""row_links_json"": ""[]"", ""content_sha256"": ""ea61fb16bfa9aa1a6f1a3a2022ebf204827bf51d708b4c2b3287962c597d644d"", ""semantic_status"": ""SOURCE_TABLE_ROW_NOT_AUTOMATICALLY_ENTITY""}]",SOURCE_TABLE_RECORD_NOT_GLOBAL_OR_UNIQUE_COMPANY_VERIFICATION
https://www.balkangashub.bg/en/membership/members,2,117,Toplofikacia Ruse AD,,MEMBER_OR_PARTICIPANT_SOURCE_RECORD,"{""Number"": ""116"", ""Member"": ""Toplofikacia Ruse AD"", ""EIC"": ""32XTOPLO-RUSE--L"", ""Natural Gas Trading License"": """", ""Clearing Member"": """"}","[{""work_id"": ""B05:1177"", ""source_url"": ""https://www.balkangashub.bg/en/membership/members"", ""table"": ""2"", ""row"": ""117"", ""headers_json"": ""[\""Number\"", \""Member\"", \""EIC\"", \""Natural Gas Trading License\"", \""Clearing Member\""]"", ""cells_json"": ""[\""116\"", \""Toplofikacia Ruse AD\"", \""32XTOPLO-RUSE--L\"", \""\"", \""\""]"", ""row_links_json"": ""[]"", ""content_sha256"": ""ea61fb16bfa9aa1a6f1a3a2022ebf204827bf51d708b4c2b3287962c597d644d"", ""semantic_status"": ""SOURCE_TABLE_ROW_NOT_AUTOMATICALLY_ENTITY""}]",SOURCE_TABLE_RECORD_NOT_GLOBAL_OR_UNIQUE_COMPANY_VERIFICATION
https://www.balkangashub.bg/en/membership/members,2,118,Toplofikacia Sofia EAD,,MEMBER_OR_PARTICIPANT_SOURCE_RECORD,"{""Number"": ""117"", ""Member"": ""Toplofikacia Sofia EAD"", ""EIC"": ""58X-CHPSOFIA--1T"", ""Natural Gas Trading License"": """", ""Clearing Member"": """"}","[{""work_id"": ""B05:1177"", ""source_url"": ""https://www.balkangashub.bg/en/membership/members"", ""table"": ""2"", ""row"": ""118"", ""headers_json"": ""[\""Number\"", \""Member\"", \""EIC\"", \""Natural Gas Trading License\"", \""Clearing Member\""]"", ""cells_json"": ""[\""117\"", \""Toplofikacia Sofia EAD\"", \""58X-CHPSOFIA--1T\"", \""\"", \""\""]"", ""row_links_json"": ""[]"", ""content_sha256"": ""ea61fb16bfa9aa1a6f1a3a2022ebf204827bf51d708b4c2b3287962c597d644d"", ""semantic_status"": ""SOURCE_TABLE_ROW_NOT_AUTOMATICALLY_ENTITY""}]",SOURCE_TABLE_RECORD_NOT_GLOBAL_OR_UNIQUE_COMPANY_VERIFICATION
https://www.balkangashub.bg/en/membership/members,2,119,Trafigura Nat Gas Limited,,MEMBER_OR_PARTICIPANT_SOURCE_RECORD,"{""Number"": ""118"", ""Member"": ""Trafigura Nat Gas Limited"", ""EIC"": ""21X000000001107N"", ""Natural Gas Trading License"": """", ""Clearing Member"": """"}","[{""work_id"": ""B05:1177"", ""source_url"": ""https://www.balkangashub.bg/en/membership/members"", ""table"": ""2"", ""row"": ""119"", ""headers_json"": ""[\""Number\"", \""Member\"", \""EIC\"", \""Natural Gas Trading License\"", \""Clearing Member\""]"", ""cells_json"": ""[\""118\"", \""Trafigura Nat Gas Limited\"", \""21X000000001107N\"", \""\"", \""\""]"", ""row_links_json"": ""[]"", ""content_sha256"": ""ea61fb16bfa9aa1a6f1a3a2022ebf204827bf51d708b4c2b3287962c597d644d"", ""semantic_status"": ""SOURCE_TABLE_ROW_NOT_AUTOMATICALLY_ENTITY""}]",SOURCE_TABLE_RECORD_NOT_GLOBAL_OR_UNIQUE_COMPANY_VERIFICATION
https://www.balkangashub.bg/en/membership/members,2,120,Udinex EOOD,,MEMBER_OR_PARTICIPANT_SOURCE_RECORD,"{""Number"": ""119"", ""Member"": ""Udinex EOOD"", ""EIC"": ""58X-UDINEX-LTD-C"", ""Natural Gas Trading License"": """", ""Clearing Member"": """"}","[{""work_id"": ""B05:1177"", ""source_url"": ""https://www.balkangashub.bg/en/membership/members"", ""table"": ""2"", ""row"": ""120"", ""headers_json"": ""[\""Number\"", \""Member\"", \""EIC\"", \""Natural Gas Trading License\"", \""Clearing Member\""]"", ""cells_json"": ""[\""119\"", \""Udinex EOOD\"", \""58X-UDINEX-LTD-C\"", \""\"", \""\""]"", ""row_links_json"": ""[]"", ""content_sha256"": ""ea61fb16bfa9aa1a6f1a3a2022ebf204827bf51d708b4c2b3287962c597d644d"", ""semantic_status"": ""SOURCE_TABLE_ROW_NOT_AUTOMATICALLY_ENTITY""}]",SOURCE_TABLE_RECORD_NOT_GLOBAL_OR_UNIQUE_COMPANY_VERIFICATION
https://www.balkangashub.bg/en/membership/members,2,121,Uniper Global Commodities SE,,MEMBER_OR_PARTICIPANT_SOURCE_RECORD,"{""Number"": ""120"", ""Member"": ""Uniper Global Commodities SE"", ""EIC"": ""11XEON-H-------8"", ""Natural Gas Trading License"": """", ""Clearing Member"": """"}","[{""work_id"": ""B05:1177"", ""source_url"": ""https://www.balkangashub.bg/en/membership/members"", ""table"": ""2"", ""row"": ""121"", ""headers_json"": ""[\""Number\"", \""Member\"", \""EIC\"", \""Natural Gas Trading License\"", \""Clearing Member\""]"", ""cells_json"": ""[\""120\"", \""Uniper Global Commodities SE\"", \""11XEON-H-------8\"", \""\"", \""\""]"", ""row_links_json"": ""[]"", ""content_sha256"": ""ea61fb16bfa9aa1a6f1a3a2022ebf204827bf51d708b4c2b3287962c597d644d"", ""semantic_status"": ""SOURCE_TABLE_ROW_NOT_AUTOMATICALLY_ENTITY""}]",SOURCE_TABLE_RECORD_NOT_GLOBAL_OR_UNIQUE_COMPANY_VERIFICATION
https://www.balkangashub.bg/en/membership/members,2,122,Vitol Gas and Power BV,,MEMBER_OR_PARTICIPANT_SOURCE_RECORD,"{""Number"": ""121"", ""Member"": ""Vitol Gas and Power BV"", ""EIC"": ""14X----0000009-1"", ""Natural Gas Trading License"": """", ""Clearing Member"": """"}","[{""work_id"": ""B05:1177"", ""source_url"": ""https://www.balkangashub.bg/en/membership/members"", ""table"": ""2"", ""row"": ""122"", ""headers_json"": ""[\""Number\"", \""Member\"", \""EIC\"", \""Natural Gas Trading License\"", \""Clearing Member\""]"", ""cells_json"": ""[\""121\"", \""Vitol Gas and Power BV\"", \""14X----0000009-1\"", \""\"", \""\""]"", ""row_links_json"": ""[]"", ""content_sha256"": ""ea61fb16bfa9aa1a6f1a3a2022ebf204827bf51d708b4c2b3287962c597d644d"", ""semantic_status"": ""SOURCE_TABLE_ROW_NOT_AUTOMATICALLY_ENTITY""}]",SOURCE_TABLE_RECORD_NOT_GLOBAL_OR_UNIQUE_COMPANY_VERIFICATION
https://www.balkangashub.bg/en/membership/members,2,123,VNG Handel & Vertrieb GmbH,,MEMBER_OR_PARTICIPANT_SOURCE_RECORD,"{""Number"": ""122"", ""Member"": ""VNG Handel & Vertrieb GmbH"", ""EIC"": ""23XVNGAG-------P"", ""Natural Gas Trading License"": """", ""Clearing Member"": """"}","[{""work_id"": ""B05:1177"", ""source_url"": ""https://www.balkangashub.bg/en/membership/members"", ""table"": ""2"", ""row"": ""123"", ""headers_json"": ""[\""Number\"", \""Member\"", \""EIC\"", \""Natural Gas Trading License\"", \""Clearing Member\""]"", ""cells_json"": ""[\""122\"", \""VNG Handel & Vertrieb GmbH\"", \""23XVNGAG-------P\"", \""\"", \""\""]"", ""row_links_json"": ""[]"", ""content_sha256"": ""ea61fb16bfa9aa1a6f1a3a2022ebf204827bf51d708b4c2b3287962c597d644d"", ""semantic_status"": ""SOURCE_TABLE_ROW_NOT_AUTOMATICALLY_ENTITY""}]",SOURCE_TABLE_RECORD_NOT_GLOBAL_OR_UNIQUE_COMPANY_VERIFICATION
https://www.balkangashub.bg/en/membership/members,2,124,Westgass Netherlands B.V.,,MEMBER_OR_PARTICIPANT_SOURCE_RECORD,"{""Number"": ""123"", ""Member"": ""Westgass Netherlands B.V."", ""EIC"": ""52X000000000094M"", ""Natural Gas Trading License"": """", ""Clearing Member"": """"}","[{""work_id"": ""B05:1177"", ""source_url"": ""https://www.balkangashub.bg/en/membership/members"", ""table"": ""2"", ""row"": ""124"", ""headers_json"": ""[\""Number\"", \""Member\"", \""EIC\"", \""Natural Gas Trading License\"", \""Clearing Member\""]"", ""cells_json"": ""[\""123\"", \""Westgass Netherlands B.V.\"", \""52X000000000094M\"", \""\"", \""\""]"", ""row_links_json"": ""[]"", ""content_sha256"": ""ea61fb16bfa9aa1a6f1a3a2022ebf204827bf51d708b4c2b3287962c597d644d"", ""semantic_status"": ""SOURCE_TABLE_ROW_NOT_AUTOMATICALLY_ENTITY""}]",SOURCE_TABLE_RECORD_NOT_GLOBAL_OR_UNIQUE_COMPANY_VERIFICATION
https://www.balkangashub.bg/en/membership/members,2,125,YAR POWER S.R.L.,,MEMBER_OR_PARTICIPANT_SOURCE_RECORD,"{""Number"": ""124"", ""Member"": ""YAR POWER S.R.L."", ""EIC"": ""60X0000000001393"", ""Natural Gas Trading License"": """", ""Clearing Member"": """"}","[{""work_id"": ""B05:1177"", ""source_url"": ""https://www.balkangashub.bg/en/membership/members"", ""table"": ""2"", ""row"": ""125"", ""headers_json"": ""[\""Number\"", \""Member\"", \""EIC\"", \""Natural Gas Trading License\"", \""Clearing Member\""]"", ""cells_json"": ""[\""124\"", \""YAR POWER S.R.L.\"", \""60X0000000001393\"", \""\"", \""\""]"", ""row_links_json"": ""[]"", ""content_sha256"": ""ea61fb16bfa9aa1a6f1a3a2022ebf204827bf51d708b4c2b3287962c597d644d"", ""semantic_status"": ""SOURCE_TABLE_ROW_NOT_AUTOMATICALLY_ENTITY""}]",SOURCE_TABLE_RECORD_NOT_GLOBAL_OR_UNIQUE_COMPANY_VERIFICATION
https://www.balkangashub.bg/en/membership/members,2,126,Zlatna Panega Cеment AD,,MEMBER_OR_PARTICIPANT_SOURCE_RECORD,"{""Number"": ""125"", ""Member"": ""Zlatna Panega Cеment AD"", ""EIC"": ""32X001100101111A"", ""Natural Gas Trading License"": """", ""Clearing Member"": """"}","[{""work_id"": ""B05:1177"", ""source_url"": ""https://www.balkangashub.bg/en/membership/members"", ""table"": ""2"", ""row"": ""126"", ""headers_json"": ""[\""Number\"", \""Member\"", \""EIC\"", \""Natural Gas Trading License\"", \""Clearing Member\""]"", ""cells_json"": ""[\""125\"", \""Zlatna Panega Cеment AD\"", \""32X001100101111A\"", \""\"", \""\""]"", ""row_links_json"": ""[]"", ""content_sha256"": ""ea61fb16bfa9aa1a6f1a3a2022ebf204827bf51d708b4c2b3287962c597d644d"", ""semantic_status"": ""SOURCE_TABLE_ROW_NOT_AUTOMATICALLY_ENTITY""}]",SOURCE_TABLE_RECORD_NOT_GLOBAL_OR_UNIQUE_COMPANY_VERIFICATION
https://www.balkangashub.bg/en/membership/members,3,2,Petroceltic S.àr.l.,,MEMBER_OR_PARTICIPANT_SOURCE_RECORD,"{""Number"": ""1"", ""Member"": ""Petroceltic S.àr.l."", ""EIC"": ""58X-PETROCELT--8"", ""Clearing Member"": """"}","[{""work_id"": ""B05:1177"", ""source_url"": ""https://www.balkangashub.bg/en/membership/members"", ""table"": ""3"", ""row"": ""2"", ""headers_json"": ""[\""Number\"", \""Member\"", \""EIC\"", \""Clearing Member\""]"", ""cells_json"": ""[\""1\"", \""Petroceltic S.àr.l.\"", \""58X-PETROCELT--8\"", \""\""]"", ""row_links_json"": ""[]"", ""content_sha256"": ""ea61fb16bfa9aa1a6f1a3a2022ebf204827bf51d708b4c2b3287962c597d644d"", ""semantic_status"": ""SOURCE_TABLE_ROW_NOT_AUTOMATICALLY_ENTITY""}]",SOURCE_TABLE_RECORD_NOT_GLOBAL_OR_UNIQUE_COMPANY_VERIFICATION
https://www.afrinexexchange.com/static/membership/MEMDirectory.aspx,2,2,Elara Capital (Mauritius) Ltd,7101,MEMBER_OR_PARTICIPANT_SOURCE_RECORD,"{""Sr. No."": ""1"", ""Member Name"": ""Elara Capital (Mauritius) Ltd"", ""Member Type"": ""Trading Member"", ""Member Code"": ""7101""}","[{""work_id"": ""B05:1018"", ""source_url"": ""https://www.afrinexexchange.com/static/membership/MEMDirectory.aspx"", ""table"": ""2"", ""row"": ""2"", ""headers_json"": ""[]"", ""cells_json"": ""[\""1\"", \""Elara Capital (Mauritius) Ltd\"", \""Trading Member\"", \""7101\""]"", ""row_links_json"": ""[\""https://www.afrinexexchange.com/static/membership/Elara.aspx\""]"", ""content_sha256"": ""798267b98dcf11058846750b43d2ba0f87a365dd45d494257897ad8a9f6605b1"", ""semantic_status"": ""SOURCE_TABLE_ROW_NOT_AUTOMATICALLY_ENTITY""}]",SOURCE_TABLE_RECORD_NOT_GLOBAL_OR_UNIQUE_COMPANY_VERIFICATION
https://www.afrinexexchange.com/static/membership/MEMDirectory.aspx,2,3,DTOS Capital Markets Ltd.,7102,MEMBER_OR_PARTICIPANT_SOURCE_RECORD,"{""Sr. No."": ""2"", ""Member Name"": ""DTOS Capital Markets Ltd."", ""Member Type"": ""Trading Member"", ""Member Code"": ""7102""}","[{""work_id"": ""B05:1018"", ""source_url"": ""https://www.afrinexexchange.com/static/membership/MEMDirectory.aspx"", ""table"": ""2"", ""row"": ""3"", ""headers_json"": ""[]"", ""cells_json"": ""[\""2\"", \""DTOS Capital Markets Ltd.\"", \""Trading Member\"", \""7102\""]"", ""row_links_json"": ""[\""https://www.afrinexexchange.com/static/membership/dtoscapital.aspx\""]"", ""content_sha256"": ""798267b98dcf11058846750b43d2ba0f87a365dd45d494257897ad8a9f6605b1"", ""semantic_status"": ""SOURCE_TABLE_ROW_NOT_AUTOMATICALLY_ENTITY""}]",SOURCE_TABLE_RECORD_NOT_GLOBAL_OR_UNIQUE_COMPANY_VERIFICATION
https://www.afrinexexchange.com/static/membership/MEMDirectory.aspx,2,4,SBM Capital Markets Ltd,7103,MEMBER_OR_PARTICIPANT_SOURCE_RECORD,"{""Sr. No."": ""3"", ""Member Name"": ""SBM Capital Markets Ltd"", ""Member Type"": ""Trading Member"", ""Member Code"": ""7103""}","[{""work_id"": ""B05:1018"", ""source_url"": ""https://www.afrinexexchange.com/static/membership/MEMDirectory.aspx"", ""table"": ""2"", ""row"": ""4"", ""headers_json"": ""[]"", ""cells_json"": ""[\""3\"", \""SBM Capital Markets Ltd\"", \""Trading Member\"", \""7103\""]"", ""row_links_json"": ""[\""https://www.afrinexexchange.com/static/membership/sbmcapitalmarkets.aspx\""]"", ""content_sha256"": ""798267b98dcf11058846750b43d2ba0f87a365dd45d494257897ad8a9f6605b1"", ""semantic_status"": ""SOURCE_TABLE_ROW_NOT_AUTOMATICALLY_ENTITY""}]",SOURCE_TABLE_RECORD_NOT_GLOBAL_OR_UNIQUE_COMPANY_VERIFICATION
https://www.afrinexexchange.com/static/membership/MEMDirectory.aspx,2,5,MCB Securities Ltd,7104,MEMBER_OR_PARTICIPANT_SOURCE_RECORD,"{""Sr. No."": ""4"", ""Member Name"": ""MCB Securities Ltd"", ""Member Type"": ""Trading Cum Self Clearing Member"", ""Member Code"": ""7104""}","[{""work_id"": ""B05:1018"", ""source_url"": ""https://www.afrinexexchange.com/static/membership/MEMDirectory.aspx"", ""table"": ""2"", ""row"": ""5"", ""headers_json"": ""[]"", ""cells_json"": ""[\""4\"", \""MCB Securities Ltd\"", \""Trading Cum Self Clearing Member\"", \""7104\""]"", ""row_links_json"": ""[\""https://www.afrinexexchange.com/static/membership/MCBStockbrokers.aspx\""]"", ""content_sha256"": ""798267b98dcf11058846750b43d2ba0f87a365dd45d494257897ad8a9f6605b1"", ""semantic_status"": ""SOURCE_TABLE_ROW_NOT_AUTOMATICALLY_ENTITY""}]",SOURCE_TABLE_RECORD_NOT_GLOBAL_OR_UNIQUE_COMPANY_VERIFICATION
https://www.afrinexexchange.com/static/membership/MEMDirectory.aspx,2,6,String AI IFSC Pvt. Ltd.,7105,MEMBER_OR_PARTICIPANT_SOURCE_RECORD,"{""Sr. No."": ""5"", ""Member Name"": ""String AI IFSC Pvt. Ltd."", ""Member Type"": ""Trading Member"", ""Member Code"": ""7105""}","[{""work_id"": ""B05:1018"", ""source_url"": ""https://www.afrinexexchange.com/static/membership/MEMDirectory.aspx"", ""table"": ""2"", ""row"": ""6"", ""headers_json"": ""[]"", ""cells_json"": ""[\""5\"", \""String AI IFSC Pvt. Ltd.\"", \""Trading Member\"", \""7105\""]"", ""row_links_json"": ""[\""https://www.afrinexexchange.com/static/membership/String.aspx\""]"", ""content_sha256"": ""798267b98dcf11058846750b43d2ba0f87a365dd45d494257897ad8a9f6605b1"", ""semantic_status"": ""SOURCE_TABLE_ROW_NOT_AUTOMATICALLY_ENTITY""}]",SOURCE_TABLE_RECORD_NOT_GLOBAL_OR_UNIQUE_COMPANY_VERIFICATION
https://www.bisxbahamas.com/bahamas-government-registered-stock,1,2,,BSBGRS900291,DIRECTORY_RECORD_REVIEW,"{""Symbol"": ""BSBGRS900291"", ""Issue Date"": ""08 Jul 2020"", ""Maturity Date"": ""10 Dec 2029"", ""Coupon Rate"": ""4.395833%""}","[{""work_id"": ""B05:1301"", ""source_url"": ""https://www.bisxbahamas.com/bahamas-government-registered-stock"", ""table"": ""1"", ""row"": ""2"", ""headers_json"": ""[\""Symbol\"", \""Issue Date\"", \""Maturity Date\"", \""Coupon Rate\""]"", ""cells_json"": ""[\""BSBGRS900291\"", \""08 Jul 2020\"", \""10 Dec 2029\"", \""4.395833%\""]"", ""row_links_json"": ""[\""https://www.bisxbahamas.com/all-listings/bsbgrs900291\""]"", ""content_sha256"": ""6e9e2032b0a18d9a8f6c1afe5f91074063adca139987647759a3d5de81696ecb"", ""semantic_status"": ""SOURCE_TABLE_ROW_NOT_AUTOMATICALLY_ENTITY""}]",SOURCE_TABLE_RECORD_NOT_GLOBAL_OR_UNIQUE_COMPANY_VERIFICATION
https://www.bisxbahamas.com/bahamas-government-registered-stock,1,3,,BSBGRS900283,DIRECTORY_RECORD_REVIEW,"{""Symbol"": ""BSBGRS900283"", ""Issue Date"": ""08 Jul 2020"", ""Maturity Date"": ""10 Dec 2028"", ""Coupon Rate"": ""4.385417%""}","[{""work_id"": ""B05:1301"", ""source_url"": ""https://www.bisxbahamas.com/bahamas-government-registered-stock"", ""table"": ""1"", ""row"": ""3"", ""headers_json"": ""[\""Symbol\"", \""Issue Date\"", \""Maturity Date\"", \""Coupon Rate\""]"", ""cells_json"": ""[\""BSBGRS900283\"", \""08 Jul 2020\"", \""10 Dec 2028\"", \""4.385417%\""]"", ""row_links_json"": ""[\""https://www.bisxbahamas.com/all-listings/bsbgrs900283\""]"", ""content_sha256"": ""6e9e2032b0a18d9a8f6c1afe5f91074063adca139987647759a3d5de81696ecb"", ""semantic_status"": ""SOURCE_TABLE_ROW_NOT_AUTOMATICALLY_ENTITY""}]",SOURCE_TABLE_RECORD_NOT_GLOBAL_OR_UNIQUE_COMPANY_VERIFICATION
https://www.bisxbahamas.com/bahamas-government-registered-stock,1,4,,BSBGRS900275,DIRECTORY_RECORD_REVIEW,"{""Symbol"": ""BSBGRS900275"", ""Issue Date"": ""08 Jul 2020"", ""Maturity Date"": ""10 Dec 2027"", ""Coupon Rate"": ""4.375%""}","[{""work_id"": ""B05:1301"", ""source_url"": ""https://www.bisxbahamas.com/bahamas-government-registered-stock"", ""table"": ""1"", ""row"": ""4"", ""headers_json"": ""[\""Symbol\"", \""Issue Date\"", \""Maturity Date\"", \""Coupon Rate\""]"", ""cells_json"": ""[\""BSBGRS900275\"", \""08 Jul 2020\"", \""10 Dec 2027\"", \""4.375%\""]"", ""row_links_json"": ""[\""https://www.bisxbahamas.com/all-listings/bsbgrs900275\""]"", ""content_sha256"": ""6e9e2032b0a18d9a8f6c1afe5f91074063adca139987647759a3d5de81696ecb"", ""semantic_status"": ""SOURCE_TABLE_ROW_NOT_AUTOMATICALLY_ENTITY""}]",SOURCE_TABLE_RECORD_NOT_GLOBAL_OR_UNIQUE_COMPANY_VERIFICATION
https://www.bisxbahamas.com/bahamas-government-registered-stock,1,5,,BSBGRS900267,DIRECTORY_RECORD_REVIEW,"{""Symbol"": ""BSBGRS900267"", ""Issue Date"": ""08 Jul 2020"", ""Maturity Date"": ""10 Dec 2026"", ""Coupon Rate"": ""4.364583%""}","[{""work_id"": ""B05:1301"", ""source_url"": ""https://www.bisxbahamas.com/bahamas-government-registered-stock"", ""table"": ""1"", ""row"": ""5"", ""headers_json"": ""[\""Symbol\"", \""Issue Date\"", \""Maturity Date\"", \""Coupon Rate\""]"", ""cells_json"": ""[\""BSBGRS900267\"", \""08 Jul 2020\"", \""10 Dec 2026\"", \""4.364583%\""]"", ""row_links_json"": ""[\""https://www.bisxbahamas.com/all-listings/bsbgrs900267\""]"", ""content_sha256"": ""6e9e2032b0a18d9a8f6c1afe5f91074063adca139987647759a3d5de81696ecb"", ""semantic_status"": ""SOURCE_TABLE_ROW_NOT_AUTOMATICALLY_ENTITY""}]",SOURCE_TABLE_RECORD_NOT_GLOBAL_OR_UNIQUE_COMPANY_VERIFICATION
https://www.bisxbahamas.com/bahamas-government-registered-stock,1,6,,BSBGRS890302,DIRECTORY_RECORD_REVIEW,"{""Symbol"": ""BSBGRS890302"", ""Issue Date"": ""08 Jul 2020"", ""Maturity Date"": ""19 Oct 2030"", ""Coupon Rate"": ""4.40625%""}","[{""work_id"": ""B05:1301"", ""source_url"": ""https://www.bisxbahamas.com/bahamas-government-registered-stock"", ""table"": ""1"", ""row"": ""6"", ""headers_json"": ""[\""Symbol\"", \""Issue Date\"", \""Maturity Date\"", \""Coupon Rate\""]"", ""cells_json"": ""[\""BSBGRS890302\"", \""08 Jul 2020\"", \""19 Oct 2030\"", \""4.40625%\""]"", ""row_links_json"": ""[\""https://www.bisxbahamas.com/all-listings/bsbgrs890302\""]"", ""content_sha256"": ""6e9e2032b0a18d9a8f6c1afe5f91074063adca139987647759a3d5de81696ecb"", ""semantic_status"": ""SOURCE_TABLE_ROW_NOT_AUTOMATICALLY_ENTITY""}]",SOURCE_TABLE_RECORD_NOT_GLOBAL_OR_UNIQUE_COMPANY_VERIFICATION
https://www.bisxbahamas.com/bahamas-government-registered-stock,1,7,,BSBGRS880378,DIRECTORY_RECORD_REVIEW,"{""Symbol"": ""BSBGRS880378"", ""Issue Date"": ""08 Jul 2020"", ""Maturity Date"": ""26 Jul 2037"", ""Coupon Rate"": ""4.427083%""}","[{""work_id"": ""B05:1301"", ""source_url"": ""https://www.bisxbahamas.com/bahamas-government-registered-stock"", ""table"": ""1"", ""row"": ""7"", ""headers_json"": ""[\""Symbol\"", \""Issue Date\"", \""Maturity Date\"", \""Coupon Rate\""]"", ""cells_json"": ""[\""BSBGRS880378\"", \""08 Jul 2020\"", \""26 Jul 2037\"", \""4.427083%\""]"", ""row_links_json"": ""[\""https://www.bisxbahamas.com/all-listings/bsbgrs880378\""]"", ""content_sha256"": ""6e9e2032b0a18d9a8f6c1afe5f91074063adca139987647759a3d5de81696ecb"", ""semantic_status"": ""SOURCE_TABLE_ROW_NOT_AUTOMATICALLY_ENTITY""}]",SOURCE_TABLE_RECORD_NOT_GLOBAL_OR_UNIQUE_COMPANY_VERIFICATION
https://www.bisxbahamas.com/bahamas-government-registered-stock,1,8,,BSBGRS880345,DIRECTORY_RECORD_REVIEW,"{""Symbol"": ""BSBGRS880345"", ""Issue Date"": ""08 Jul 2020"", ""Maturity Date"": ""26 Jul 2034"", ""Coupon Rate"": ""4.395833%""}","[{""work_id"": ""B05:1301"", ""source_url"": ""https://www.bisxbahamas.com/bahamas-government-registered-stock"", ""table"": ""1"", ""row"": ""8"", ""headers_json"": ""[\""Symbol\"", \""Issue Date\"", \""Maturity Date\"", \""Coupon Rate\""]"", ""cells_json"": ""[\""BSBGRS880345\"", \""08 Jul 2020\"", \""26 Jul 2034\"", \""4.395833%\""]"", ""row_links_json"": ""[\""https://www.bisxbahamas.com/all-listings/bsbgrs880345\""]"", ""content_sha256"": ""6e9e2032b0a18d9a8f6c1afe5f91074063adca139987647759a3d5de81696ecb"", ""semantic_status"": ""SOURCE_TABLE_ROW_NOT_AUTOMATICALLY_ENTITY""}]",SOURCE_TABLE_RECORD_NOT_GLOBAL_OR_UNIQUE_COMPANY_VERIFICATION
https://www.bisxbahamas.com/bahamas-government-registered-stock,1,9,,BSBGRS880311,DIRECTORY_RECORD_REVIEW,"{""Symbol"": ""BSBGRS880311"", ""Issue Date"": ""08 Jul 2020"", ""Maturity Date"": ""26 Jul 2031"", ""Coupon Rate"": ""4.364583%""}","[{""work_id"": ""B05:1301"", ""source_url"": ""https://www.bisxbahamas.com/bahamas-government-registered-stock"", ""table"": ""1"", ""row"": ""9"", ""headers_json"": ""[\""Symbol\"", \""Issue Date\"", \""Maturity Date\"", \""Coupon Rate\""]"", ""cells_json"": ""[\""BSBGRS880311\"", \""08 Jul 2020\"", \""26 Jul 2031\"", \""4.364583%\""]"", ""row_links_json"": ""[\""https://www.bisxbahamas.com/all-listings/bsbgrs880311\""]"", ""content_sha256"": ""6e9e2032b0a18d9a8f6c1afe5f91074063adca139987647759a3d5de81696ecb"", ""semantic_status"": ""SOURCE_TABLE_ROW_NOT_AUTOMATICALLY_ENTITY""}]",SOURCE_TABLE_RECORD_NOT_GLOBAL_OR_UNIQUE_COMPANY_VERIFICATION
https://www.bisxbahamas.com/bahamas-government-registered-stock,1,10,,BSBGRS880295,DIRECTORY_RECORD_REVIEW,"{""Symbol"": ""BSBGRS880295"", ""Issue Date"": ""08 Jul 2020"", ""Maturity Date"": ""26 Jul 2029"", ""Coupon Rate"": ""4.34375%""}","[{""work_id"": ""B05:1301"", ""source_url"": ""https://www.bisxbahamas.com/bahamas-government-registered-stock"", ""table"": ""1"", ""row"": ""10"", ""headers_json"": ""[\""Symbol\"", \""Issue Date\"", \""Maturity Date\"", \""Coupon Rate\""]"", ""cells_json"": ""[\""BSBGRS880295\"", \""08 Jul 2020\"", \""26 Jul 2029\"", \""4.34375%\""]"", ""row_links_json"": ""[\""https://www.bisxbahamas.com/all-listings/bsbgrs880295\""]"", ""content_sha256"": ""6e9e2032b0a18d9a8f6c1afe5f91074063adca139987647759a3d5de81696ecb"", ""semantic_status"": ""SOURCE_TABLE_ROW_NOT_AUTOMATICALLY_ENTITY""}]",SOURCE_TABLE_RECORD_NOT_GLOBAL_OR_UNIQUE_COMPANY_VERIFICATION
https://www.bisxbahamas.com/bahamas-government-registered-stock,1,11,,BSBGRS870304,DIRECTORY_RECORD_REVIEW,"{""Symbol"": ""BSBGRS870304"", ""Issue Date"": ""08 Jul 2020"", ""Maturity Date"": ""26 Apr 2030"", ""Coupon Rate"": ""4.354167%""}","[{""work_id"": ""B05:1301"", ""source_url"": ""https://www.bisxbahamas.com/bahamas-government-registered-stock"", ""table"": ""1"", ""row"": ""11"", ""headers_json"": ""[\""Symbol\"", \""Issue Date\"", \""Maturity Date\"", \""Coupon Rate\""]"", ""cells_json"": ""[\""BSBGRS870304\"", \""08 Jul 2020\"", \""26 Apr 2030\"", \""4.354167%\""]"", ""row_links_json"": ""[\""https://www.bisxbahamas.com/all-listings/bsbgrs870304\""]"", ""content_sha256"": ""6e9e2032b0a18d9a8f6c1afe5f91074063adca139987647759a3d5de81696ecb"", ""semantic_status"": ""SOURCE_TABLE_ROW_NOT_AUTOMATICALLY_ENTITY""}]",SOURCE_TABLE_RECORD_NOT_GLOBAL_OR_UNIQUE_COMPANY_VERIFICATION
https://www.bisxbahamas.com/bahamas-government-registered-stock,1,12,,BSBGRS870296,DIRECTORY_RECORD_REVIEW,"{""Symbol"": ""BSBGRS870296"", ""Issue Date"": ""08 Jul 2020"", ""Maturity Date"": ""26 Apr 2029"", ""Coupon Rate"": ""4.34375%""}","[{""work_id"": ""B05:1301"", ""source_url"": ""https://www.bisxbahamas.com/bahamas-government-registered-stock"", ""table"": ""1"", ""row"": ""12"", ""headers_json"": ""[\""Symbol\"", \""Issue Date\"", \""Maturity Date\"", \""Coupon Rate\""]"", ""cells_json"": ""[\""BSBGRS870296\"", \""08 Jul 2020\"", \""26 Apr 2029\"", \""4.34375%\""]"", ""row_links_json"": ""[\""https://www.bisxbahamas.com/all-listings/bsbgrs870296\""]"", ""content_sha256"": ""6e9e2032b0a18d9a8f6c1afe5f91074063adca139987647759a3d5de81696ecb"", ""semantic_status"": ""SOURCE_TABLE_ROW_NOT_AUTOMATICALLY_ENTITY""}]",SOURCE_TABLE_RECORD_NOT_GLOBAL_OR_UNIQUE_COMPANY_VERIFICATION
https://www.bisxbahamas.com/bahamas-government-registered-stock,1,13,,BSBGRS870288,DIRECTORY_RECORD_REVIEW,"{""Symbol"": ""BSBGRS870288"", ""Issue Date"": ""08 Jul 2020"", ""Maturity Date"": ""26 Apr 2028"", ""Coupon Rate"": ""4.33333%""}","[{""work_id"": ""B05:1301"", ""source_url"": ""https://www.bisxbahamas.com/bahamas-government-registered-stock"", ""table"": ""1"", ""row"": ""13"", ""headers_json"": ""[\""Symbol\"", \""Issue Date\"", \""Maturity Date\"", \""Coupon Rate\""]"", ""cells_json"": ""[\""BSBGRS870288\"", \""08 Jul 2020\"", \""26 Apr 2028\"", \""4.33333%\""]"", ""row_links_json"": ""[\""https://www.bisxbahamas.com/all-listings/bsbgrs870288\""]"", ""content_sha256"": ""6e9e2032b0a18d9a8f6c1afe5f91074063adca139987647759a3d5de81696ecb"", ""semantic_status"": ""SOURCE_TABLE_ROW_NOT_AUTOMATICALLY_ENTITY""}]",SOURCE_TABLE_RECORD_NOT_GLOBAL_OR_UNIQUE_COMPANY_VERIFICATION
https://www.bisxbahamas.com/bahamas-government-registered-stock,1,14,,BSBGRS860362,DIRECTORY_RECORD_REVIEW,"{""Symbol"": ""BSBGRS860362"", ""Issue Date"": ""08 Jul 2020"", ""Maturity Date"": ""27 Aug 2036"", ""Coupon Rate"": ""4.5%""}","[{""work_id"": ""B05:1301"", ""source_url"": ""https://www.bisxbahamas.com/bahamas-government-registered-stock"", ""table"": ""1"", ""row"": ""14"", ""headers_json"": ""[\""Symbol\"", \""Issue Date\"", \""Maturity Date\"", \""Coupon Rate\""]"", ""cells_json"": ""[\""BSBGRS860362\"", \""08 Jul 2020\"", \""27 Aug 2036\"", \""4.5%\""]"", ""row_links_json"": ""[\""https://www.bisxbahamas.com/all-listings/bsbgrs860362\""]"", ""content_sha256"": ""6e9e2032b0a18d9a8f6c1afe5f91074063adca139987647759a3d5de81696ecb"", ""semantic_status"": ""SOURCE_TABLE_ROW_NOT_AUTOMATICALLY_ENTITY""}]",SOURCE_TABLE_RECORD_NOT_GLOBAL_OR_UNIQUE_COMPANY_VERIFICATION
https://www.bisxbahamas.com/bahamas-government-registered-stock,1,15,,BSBGRS860354,DIRECTORY_RECORD_REVIEW,"{""Symbol"": ""BSBGRS860354"", ""Issue Date"": ""08 Jul 2020"", ""Maturity Date"": ""27 Aug 2035"", ""Coupon Rate"": ""4.484375%""}","[{""work_id"": ""B05:1301"", ""source_url"": ""https://www.bisxbahamas.com/bahamas-government-registered-stock"", ""table"": ""1"", ""row"": ""15"", ""headers_json"": ""[\""Symbol\"", \""Issue Date\"", \""Maturity Date\"", \""Coupon Rate\""]"", ""cells_json"": ""[\""BSBGRS860354\"", \""08 Jul 2020\"", \""27 Aug 2035\"", \""4.484375%\""]"", ""row_links_json"": ""[\""https://www.bisxbahamas.com/all-listings/bsbgrs860354\""]"", ""content_sha256"": ""6e9e2032b0a18d9a8f6c1afe5f91074063adca139987647759a3d5de81696ecb"", ""semantic_status"": ""SOURCE_TABLE_ROW_NOT_AUTOMATICALLY_ENTITY""}]",SOURCE_TABLE_RECORD_NOT_GLOBAL_OR_UNIQUE_COMPANY_VERIFICATION
https://www.bisxbahamas.com/bahamas-government-registered-stock,1,16,,BSBGRS860347,DIRECTORY_RECORD_REVIEW,"{""Symbol"": ""BSBGRS860347"", ""Issue Date"": ""08 Jul 2020"", ""Maturity Date"": ""27 Aug 2034"", ""Coupon Rate"": ""4.46875%""}","[{""work_id"": ""B05:1301"", ""source_url"": ""https://www.bisxbahamas.com/bahamas-government-registered-stock"", ""table"": ""1"", ""row"": ""16"", ""headers_json"": ""[\""Symbol\"", \""Issue Date\"", \""Maturity Date\"", \""Coupon Rate\""]"", ""cells_json"": ""[\""BSBGRS860347\"", \""08 Jul 2020\"", \""27 Aug 2034\"", \""4.46875%\""]"", ""row_links_json"": ""[\""https://www.bisxbahamas.com/all-listings/bsbgrs860347\""]"", ""content_sha256"": ""6e9e2032b0a18d9a8f6c1afe5f91074063adca139987647759a3d5de81696ecb"", ""semantic_status"": ""SOURCE_TABLE_ROW_NOT_AUTOMATICALLY_ENTITY""}]",SOURCE_TABLE_RECORD_NOT_GLOBAL_OR_UNIQUE_COMPANY_VERIFICATION
https://www.bisxbahamas.com/bahamas-government-registered-stock,1,17,,BSBGRS860339,DIRECTORY_RECORD_REVIEW,"{""Symbol"": ""BSBGRS860339"", ""Issue Date"": ""08 Jul 2020"", ""Maturity Date"": ""27 Aug 2033"", ""Coupon Rate"": ""4.453125%""}","[{""work_id"": ""B05:1301"", ""source_url"": ""https://www.bisxbahamas.com/bahamas-government-registered-stock"", ""table"": ""1"", ""row"": ""17"", ""headers_json"": ""[\""Symbol\"", \""Issue Date\"", \""Maturity Date\"", \""Coupon Rate\""]"", ""cells_json"": ""[\""BSBGRS860339\"", \""08 Jul 2020\"", \""27 Aug 2033\"", \""4.453125%\""]"", ""row_links_json"": ""[\""https://www.bisxbahamas.com/all-listings/bsbgrs860339\""]"", ""content_sha256"": ""6e9e2032b0a18d9a8f6c1afe5f91074063adca139987647759a3d5de81696ecb"", ""semantic_status"": ""SOURCE_TABLE_ROW_NOT_AUTOMATICALLY_ENTITY""}]",SOURCE_TABLE_RECORD_NOT_GLOBAL_OR_UNIQUE_COMPANY_VERIFICATION
https://www.bisxbahamas.com/bahamas-government-registered-stock,1,18,,BSBGRS860321,DIRECTORY_RECORD_REVIEW,"{""Symbol"": ""BSBGRS860321"", ""Issue Date"": ""08 Jul 2020"", ""Maturity Date"": ""27 Aug 2032"", ""Coupon Rate"": ""4.4375%""}","[{""work_id"": ""B05:1301"", ""source_url"": ""https://www.bisxbahamas.com/bahamas-government-registered-stock"", ""table"": ""1"", ""row"": ""18"", ""headers_json"": ""[\""Symbol\"", \""Issue Date\"", \""Maturity Date\"", \""Coupon Rate\""]"", ""cells_json"": ""[\""BSBGRS860321\"", \""08 Jul 2020\"", \""27 Aug 2032\"", \""4.4375%\""]"", ""row_links_json"": ""[\""https://www.bisxbahamas.com/all-listings/bsbgrs860321\""]"", ""content_sha256"": ""6e9e2032b0a18d9a8f6c1afe5f91074063adca139987647759a3d5de81696ecb"", ""semantic_status"": ""SOURCE_TABLE_ROW_NOT_AUTOMATICALLY_ENTITY""}]",SOURCE_TABLE_RECORD_NOT_GLOBAL_OR_UNIQUE_COMPANY_VERIFICATION
https://www.bisxbahamas.com/bahamas-government-registered-stock,1,19,,BSBGRS860313,DIRECTORY_RECORD_REVIEW,"{""Symbol"": ""BSBGRS860313"", ""Issue Date"": ""08 Jul 2020"", ""Maturity Date"": ""27 Aug 2031"", ""Coupon Rate"": ""4.421875%""}","[{""work_id"": ""B05:1301"", ""source_url"": ""https://www.bisxbahamas.com/bahamas-government-registered-stock"", ""table"": ""1"", ""row"": ""19"", ""headers_json"": ""[\""Symbol\"", \""Issue Date\"", \""Maturity Date\"", \""Coupon Rate\""]"", ""cells_json"": ""[\""BSBGRS860313\"", \""08 Jul 2020\"", \""27 Aug 2031\"", \""4.421875%\""]"", ""row_links_json"": ""[\""https://www.bisxbahamas.com/all-listings/bsbgrs860313\""]"", ""content_sha256"": ""6e9e2032b0a18d9a8f6c1afe5f91074063adca139987647759a3d5de81696ecb"", ""semantic_status"": ""SOURCE_TABLE_ROW_NOT_AUTOMATICALLY_ENTITY""}]",SOURCE_TABLE_RECORD_NOT_GLOBAL_OR_UNIQUE_COMPANY_VERIFICATION
https://www.bisxbahamas.com/bahamas-government-registered-stock,1,20,,BSBGRS860305,DIRECTORY_RECORD_REVIEW,"{""Symbol"": ""BSBGRS860305"", ""Issue Date"": ""08 Jul 2020"", ""Maturity Date"": ""27 Aug 2030"", ""Coupon Rate"": ""4.40625%""}","[{""work_id"": ""B05:1301"", ""source_url"": ""https://www.bisxbahamas.com/bahamas-government-registered-stock"", ""table"": ""1"", ""row"": ""20"", ""headers_json"": ""[\""Symbol\"", \""Issue Date\"", \""Maturity Date\"", \""Coupon Rate\""]"", ""cells_json"": ""[\""BSBGRS860305\"", \""08 Jul 2020\"", \""27 Aug 2030\"", \""4.40625%\""]"", ""row_links_json"": ""[\""https://www.bisxbahamas.com/all-listings/bsbgrs860305\""]"", ""content_sha256"": ""6e9e2032b0a18d9a8f6c1afe5f91074063adca139987647759a3d5de81696ecb"", ""semantic_status"": ""SOURCE_TABLE_ROW_NOT_AUTOMATICALLY_ENTITY""}]",SOURCE_TABLE_RECORD_NOT_GLOBAL_OR_UNIQUE_COMPANY_VERIFICATION
https://www.bisxbahamas.com/bahamas-government-registered-stock,1,21,,BSBGRS860297,DIRECTORY_RECORD_REVIEW,"{""Symbol"": ""BSBGRS860297"", ""Issue Date"": ""08 Jul 2020"", ""Maturity Date"": ""27 Aug 2029"", ""Coupon Rate"": ""4.390625%""}","[{""work_id"": ""B05:1301"", ""source_url"": ""https://www.bisxbahamas.com/bahamas-government-registered-stock"", ""table"": ""1"", ""row"": ""21"", ""headers_json"": ""[\""Symbol\"", \""Issue Date\"", \""Maturity Date\"", \""Coupon Rate\""]"", ""cells_json"": ""[\""BSBGRS860297\"", \""08 Jul 2020\"", \""27 Aug 2029\"", \""4.390625%\""]"", ""row_links_json"": ""[\""https://www.bisxbahamas.com/all-listings/bsbgrs860297\""]"", ""content_sha256"": ""6e9e2032b0a18d9a8f6c1afe5f91074063adca139987647759a3d5de81696ecb"", ""semantic_status"": ""SOURCE_TABLE_ROW_NOT_AUTOMATICALLY_ENTITY""}]",SOURCE_TABLE_RECORD_NOT_GLOBAL_OR_UNIQUE_COMPANY_VERIFICATION
https://www.bisxbahamas.com/bahamas-government-registered-stock,1,22,,BSBGRS860289,DIRECTORY_RECORD_REVIEW,"{""Symbol"": ""BSBGRS860289"", ""Issue Date"": ""08 Jul 2020"", ""Maturity Date"": ""27 Aug 2028"", ""Coupon Rate"": ""4.375%""}","[{""work_id"": ""B05:1301"", ""source_url"": ""https://www.bisxbahamas.com/bahamas-government-registered-stock"", ""table"": ""1"", ""row"": ""22"", ""headers_json"": ""[\""Symbol\"", \""Issue Date\"", \""Maturity Date\"", \""Coupon Rate\""]"", ""cells_json"": ""[\""BSBGRS860289\"", \""08 Jul 2020\"", \""27 Aug 2028\"", \""4.375%\""]"", ""row_links_json"": ""[\""https://www.bisxbahamas.com/all-listings/bsbgrs860289\""]"", ""content_sha256"": ""6e9e2032b0a18d9a8f6c1afe5f91074063adca139987647759a3d5de81696ecb"", ""semantic_status"": ""SOURCE_TABLE_ROW_NOT_AUTOMATICALLY_ENTITY""}]",SOURCE_TABLE_RECORD_NOT_GLOBAL_OR_UNIQUE_COMPANY_VERIFICATION
https://www.bisxbahamas.com/bahamas-government-registered-stock,1,23,,BSBGRS850330,DIRECTORY_RECORD_REVIEW,"{""Symbol"": ""BSBGRS850330"", ""Issue Date"": ""08 Jul 2020"", ""Maturity Date"": ""19 Jan 2033"", ""Coupon Rate"": ""4.65625%""}","[{""work_id"": ""B05:1301"", ""source_url"": ""https://www.bisxbahamas.com/bahamas-government-registered-stock"", ""table"": ""1"", ""row"": ""23"", ""headers_json"": ""[\""Symbol\"", \""Issue Date\"", \""Maturity Date\"", \""Coupon Rate\""]"", ""cells_json"": ""[\""BSBGRS850330\"", \""08 Jul 2020\"", \""19 Jan 2033\"", \""4.65625%\""]"", ""row_links_json"": ""[\""https://www.bisxbahamas.com/all-listings/bsbgrs850330\""]"", ""content_sha256"": ""6e9e2032b0a18d9a8f6c1afe5f91074063adca139987647759a3d5de81696ecb"", ""semantic_status"": ""SOURCE_TABLE_ROW_NOT_AUTOMATICALLY_ENTITY""}]",SOURCE_TABLE_RECORD_NOT_GLOBAL_OR_UNIQUE_COMPANY_VERIFICATION
https://www.bisxbahamas.com/bahamas-government-registered-stock,1,24,,BSBGRS850322,DIRECTORY_RECORD_REVIEW,"{""Symbol"": ""BSBGRS850322"", ""Issue Date"": ""08 Jul 2020"", ""Maturity Date"": ""19 Jan 2032"", ""Coupon Rate"": ""4.625%""}","[{""work_id"": ""B05:1301"", ""source_url"": ""https://www.bisxbahamas.com/bahamas-government-registered-stock"", ""table"": ""1"", ""row"": ""24"", ""headers_json"": ""[\""Symbol\"", \""Issue Date\"", \""Maturity Date\"", \""Coupon Rate\""]"", ""cells_json"": ""[\""BSBGRS850322\"", \""08 Jul 2020\"", \""19 Jan 2032\"", \""4.625%\""]"", ""row_links_json"": ""[\""https://www.bisxbahamas.com/all-listings/bsbgrs850322\""]"", ""content_sha256"": ""6e9e2032b0a18d9a8f6c1afe5f91074063adca139987647759a3d5de81696ecb"", ""semantic_status"": ""SOURCE_TABLE_ROW_NOT_AUTOMATICALLY_ENTITY""}]",SOURCE_TABLE_RECORD_NOT_GLOBAL_OR_UNIQUE_COMPANY_VERIFICATION
https://www.bisxbahamas.com/bahamas-government-registered-stock,1,25,,BSBGRS850314,DIRECTORY_RECORD_REVIEW,"{""Symbol"": ""BSBGRS850314"", ""Issue Date"": ""08 Jul 2020"", ""Maturity Date"": ""19 Jan 2031"", ""Coupon Rate"": ""4.59375%""}","[{""work_id"": ""B05:1301"", ""source_url"": ""https://www.bisxbahamas.com/bahamas-government-registered-stock"", ""table"": ""1"", ""row"": ""25"", ""headers_json"": ""[\""Symbol\"", \""Issue Date\"", \""Maturity Date\"", \""Coupon Rate\""]"", ""cells_json"": ""[\""BSBGRS850314\"", \""08 Jul 2020\"", \""19 Jan 2031\"", \""4.59375%\""]"", ""row_links_json"": ""[\""https://www.bisxbahamas.com/all-listings/bsbgrs850314\""]"", ""content_sha256"": ""6e9e2032b0a18d9a8f6c1afe5f91074063adca139987647759a3d5de81696ecb"", ""semantic_status"": ""SOURCE_TABLE_ROW_NOT_AUTOMATICALLY_ENTITY""}]",SOURCE_TABLE_RECORD_NOT_GLOBAL_OR_UNIQUE_COMPANY_VERIFICATION
https://www.bisxbahamas.com/bahamas-government-registered-stock,1,26,,BSBGRS850306,DIRECTORY_RECORD_REVIEW,"{""Symbol"": ""BSBGRS850306"", ""Issue Date"": ""08 Jul 2020"", ""Maturity Date"": ""19 Jan 2030"", ""Coupon Rate"": ""4.5625%""}","[{""work_id"": ""B05:1301"", ""source_url"": ""https://www.bisxbahamas.com/bahamas-government-registered-stock"", ""table"": ""1"", ""row"": ""26"", ""headers_json"": ""[\""Symbol\"", \""Issue Date\"", \""Maturity Date\"", \""Coupon Rate\""]"", ""cells_json"": ""[\""BSBGRS850306\"", \""08 Jul 2020\"", \""19 Jan 2030\"", \""4.5625%\""]"", ""row_links_json"": ""[\""https://www.bisxbahamas.com/all-listings/bsbgrs850306\""]"", ""content_sha256"": ""6e9e2032b0a18d9a8f6c1afe5f91074063adca139987647759a3d5de81696ecb"", ""semantic_status"": ""SOURCE_TABLE_ROW_NOT_AUTOMATICALLY_ENTITY""}]",SOURCE_TABLE_RECORD_NOT_GLOBAL_OR_UNIQUE_COMPANY_VERIFICATION
https://www.bisxbahamas.com/bahamas-government-registered-stock,1,27,,BSBGRS850298,DIRECTORY_RECORD_REVIEW,"{""Symbol"": ""BSBGRS850298"", ""Issue Date"": ""08 Jul 2020"", ""Maturity Date"": ""19 Jan 2029"", ""Coupon Rate"": ""4.53125%""}","[{""work_id"": ""B05:1301"", ""source_url"": ""https://www.bisxbahamas.com/bahamas-government-registered-stock"", ""table"": ""1"", ""row"": ""27"", ""headers_json"": ""[\""Symbol\"", \""Issue Date\"", \""Maturity Date\"", \""Coupon Rate\""]"", ""cells_json"": ""[\""BSBGRS850298\"", \""08 Jul 2020\"", \""19 Jan 2029\"", \""4.53125%\""]"", ""row_links_json"": ""[\""https://www.bisxbahamas.com/all-listings/bsbgrs850298\""]"", ""content_sha256"": ""6e9e2032b0a18d9a8f6c1afe5f91074063adca139987647759a3d5de81696ecb"", ""semantic_status"": ""SOURCE_TABLE_ROW_NOT_AUTOMATICALLY_ENTITY""}]",SOURCE_TABLE_RECORD_NOT_GLOBAL_OR_UNIQUE_COMPANY_VERIFICATION
https://www.bisxbahamas.com/bahamas-government-registered-stock,1,28,,BSBGRS850280,DIRECTORY_RECORD_REVIEW,"{""Symbol"": ""BSBGRS850280"", ""Issue Date"": ""08 Jul 2020"", ""Maturity Date"": ""19 Jan 2028"", ""Coupon Rate"": ""4.5%""}","[{""work_id"": ""B05:1301"", ""source_url"": ""https://www.bisxbahamas.com/bahamas-government-registered-stock"", ""table"": ""1"", ""row"": ""28"", ""headers_json"": ""[\""Symbol\"", \""Issue Date\"", \""Maturity Date\"", \""Coupon Rate\""]"", ""cells_json"": ""[\""BSBGRS850280\"", \""08 Jul 2020\"", \""19 Jan 2028\"", \""4.5%\""]"", ""row_links_json"": ""[\""https://www.bisxbahamas.com/all-listings/bsbgrs850280\""]"", ""content_sha256"": ""6e9e2032b0a18d9a8f6c1afe5f91074063adca139987647759a3d5de81696ecb"", ""semantic_status"": ""SOURCE_TABLE_ROW_NOT_AUTOMATICALLY_ENTITY""}]",SOURCE_TABLE_RECORD_NOT_GLOBAL_OR_UNIQUE_COMPANY_VERIFICATION
https://www.bisxbahamas.com/bahamas-government-registered-stock,1,29,,BSBGRS840331,DIRECTORY_RECORD_REVIEW,"{""Symbol"": ""BSBGRS840331"", ""Issue Date"": ""08 Jul 2020"", ""Maturity Date"": ""22 Sep 2033"", ""Coupon Rate"": ""4.6875%""}","[{""work_id"": ""B05:1301"", ""source_url"": ""https://www.bisxbahamas.com/bahamas-government-registered-stock"", ""table"": ""1"", ""row"": ""29"", ""headers_json"": ""[\""Symbol\"", \""Issue Date\"", \""Maturity Date\"", \""Coupon Rate\""]"", ""cells_json"": ""[\""BSBGRS840331\"", \""08 Jul 2020\"", \""22 Sep 2033\"", \""4.6875%\""]"", ""row_links_json"": ""[\""https://www.bisxbahamas.com/all-listings/bsbgrs840331\""]"", ""content_sha256"": ""6e9e2032b0a18d9a8f6c1afe5f91074063adca139987647759a3d5de81696ecb"", ""semantic_status"": ""SOURCE_TABLE_ROW_NOT_AUTOMATICALLY_ENTITY""}]",SOURCE_TABLE_RECORD_NOT_GLOBAL_OR_UNIQUE_COMPANY_VERIFICATION
https://www.bisxbahamas.com/bahamas-government-registered-stock,1,30,,BSBGRS840323,DIRECTORY_RECORD_REVIEW,"{""Symbol"": ""BSBGRS840323"", ""Issue Date"": ""08 Jul 2020"", ""Maturity Date"": ""22 Sep 2032"", ""Coupon Rate"": ""4.65625%""}","[{""work_id"": ""B05:1301"", ""source_url"": ""https://www.bisxbahamas.com/bahamas-government-registered-stock"", ""table"": ""1"", ""row"": ""30"", ""headers_json"": ""[\""Symbol\"", \""Issue Date\"", \""Maturity Date\"", \""Coupon Rate\""]"", ""cells_json"": ""[\""BSBGRS840323\"", \""08 Jul 2020\"", \""22 Sep 2032\"", \""4.65625%\""]"", ""row_links_json"": ""[\""https://www.bisxbahamas.com/all-listings/bsbgrs840323\""]"", ""content_sha256"": ""6e9e2032b0a18d9a8f6c1afe5f91074063adca139987647759a3d5de81696ecb"", ""semantic_status"": ""SOURCE_TABLE_ROW_NOT_AUTOMATICALLY_ENTITY""}]",SOURCE_TABLE_RECORD_NOT_GLOBAL_OR_UNIQUE_COMPANY_VERIFICATION
https://www.bisxbahamas.com/bahamas-government-registered-stock,1,31,,BSBGRS840315,DIRECTORY_RECORD_REVIEW,"{""Symbol"": ""BSBGRS840315"", ""Issue Date"": ""08 Jul 2020"", ""Maturity Date"": ""22 Sep 2031"", ""Coupon Rate"": ""4.625%""}","[{""work_id"": ""B05:1301"", ""source_url"": ""https://www.bisxbahamas.com/bahamas-government-registered-stock"", ""table"": ""1"", ""row"": ""31"", ""headers_json"": ""[\""Symbol\"", \""Issue Date\"", \""Maturity Date\"", \""Coupon Rate\""]"", ""cells_json"": ""[\""BSBGRS840315\"", \""08 Jul 2020\"", \""22 Sep 2031\"", \""4.625%\""]"", ""row_links_json"": ""[\""https://www.bisxbahamas.com/all-listings/bsbgrs840315\""]"", ""content_sha256"": ""6e9e2032b0a18d9a8f6c1afe5f91074063adca139987647759a3d5de81696ecb"", ""semantic_status"": ""SOURCE_TABLE_ROW_NOT_AUTOMATICALLY_ENTITY""}]",SOURCE_TABLE_RECORD_NOT_GLOBAL_OR_UNIQUE_COMPANY_VERIFICATION
https://www.bisxbahamas.com/bahamas-government-registered-stock,1,32,,BSBGRS840307,DIRECTORY_RECORD_REVIEW,"{""Symbol"": ""BSBGRS840307"", ""Issue Date"": ""08 Jul 2020"", ""Maturity Date"": ""22 Sep 2030"", ""Coupon Rate"": ""4.59375%""}","[{""work_id"": ""B05:1301"", ""source_url"": ""https://www.bisxbahamas.com/bahamas-government-registered-stock"", ""table"": ""1"", ""row"": ""32"", ""headers_json"": ""[\""Symbol\"", \""Issue Date\"", \""Maturity Date\"", \""Coupon Rate\""]"", ""cells_json"": ""[\""BSBGRS840307\"", \""08 Jul 2020\"", \""22 Sep 2030\"", \""4.59375%\""]"", ""row_links_json"": ""[\""https://www.bisxbahamas.com/all-listings/bsbgrs840307\""]"", ""content_sha256"": ""6e9e2032b0a18d9a8f6c1afe5f91074063adca139987647759a3d5de81696ecb"", ""semantic_status"": ""SOURCE_TABLE_ROW_NOT_AUTOMATICALLY_ENTITY""}]",SOURCE_TABLE_RECORD_NOT_GLOBAL_OR_UNIQUE_COMPANY_VERIFICATION
https://www.bisxbahamas.com/bahamas-government-registered-stock,1,33,,BSBGRS840299,DIRECTORY_RECORD_REVIEW,"{""Symbol"": ""BSBGRS840299"", ""Issue Date"": ""08 Jul 2020"", ""Maturity Date"": ""22 Sep 2029"", ""Coupon Rate"": ""4.5625%""}","[{""work_id"": ""B05:1301"", ""source_url"": ""https://www.bisxbahamas.com/bahamas-government-registered-stock"", ""table"": ""1"", ""row"": ""33"", ""headers_json"": ""[\""Symbol\"", \""Issue Date\"", \""Maturity Date\"", \""Coupon Rate\""]"", ""cells_json"": ""[\""BSBGRS840299\"", \""08 Jul 2020\"", \""22 Sep 2029\"", \""4.5625%\""]"", ""row_links_json"": ""[\""https://www.bisxbahamas.com/all-listings/bsbgrs840299\""]"", ""content_sha256"": ""6e9e2032b0a18d9a8f6c1afe5f91074063adca139987647759a3d5de81696ecb"", ""semantic_status"": ""SOURCE_TABLE_ROW_NOT_AUTOMATICALLY_ENTITY""}]",SOURCE_TABLE_RECORD_NOT_GLOBAL_OR_UNIQUE_COMPANY_VERIFICATION
https://www.bisxbahamas.com/bahamas-government-registered-stock,1,34,,BSBGRS840281,DIRECTORY_RECORD_REVIEW,"{""Symbol"": ""BSBGRS840281"", ""Issue Date"": ""08 Jul 2020"", ""Maturity Date"": ""22 Sep 2028"", ""Coupon Rate"": ""4.53125%""}","[{""work_id"": ""B05:1301"", ""source_url"": ""https://www.bisxbahamas.com/bahamas-government-registered-stock"", ""table"": ""1"", ""row"": ""34"", ""headers_json"": ""[\""Symbol\"", \""Issue Date\"", \""Maturity Date\"", \""Coupon Rate\""]"", ""cells_json"": ""[\""BSBGRS840281\"", \""08 Jul 2020\"", \""22 Sep 2028\"", \""4.53125%\""]"", ""row_links_json"": ""[\""https://www.bisxbahamas.com/all-listings/bsbgrs840281\""]"", ""content_sha256"": ""6e9e2032b0a18d9a8f6c1afe5f91074063adca139987647759a3d5de81696ecb"", ""semantic_status"": ""SOURCE_TABLE_ROW_NOT_AUTOMATICALLY_ENTITY""}]",SOURCE_TABLE_RECORD_NOT_GLOBAL_OR_UNIQUE_COMPANY_VERIFICATION
https://www.bisxbahamas.com/bahamas-government-registered-stock,1,35,,BSBGRS830308,DIRECTORY_RECORD_REVIEW,"{""Symbol"": ""BSBGRS830308"", ""Issue Date"": ""08 Jul 2020"", ""Maturity Date"": ""28 Nov 2030"", ""Coupon Rate"": ""4.65625%""}","[{""work_id"": ""B05:1301"", ""source_url"": ""https://www.bisxbahamas.com/bahamas-government-registered-stock"", ""table"": ""1"", ""row"": ""35"", ""headers_json"": ""[\""Symbol\"", \""Issue Date\"", \""Maturity Date\"", \""Coupon Rate\""]"", ""cells_json"": ""[\""BSBGRS830308\"", \""08 Jul 2020\"", \""28 Nov 2030\"", \""4.65625%\""]"", ""row_links_json"": ""[\""https://www.bisxbahamas.com/all-listings/bsbgrs830308\""]"", ""content_sha256"": ""6e9e2032b0a18d9a8f6c1afe5f91074063adca139987647759a3d5de81696ecb"", ""semantic_status"": ""SOURCE_TABLE_ROW_NOT_AUTOMATICALLY_ENTITY""}]",SOURCE_TABLE_RECORD_NOT_GLOBAL_OR_UNIQUE_COMPANY_VERIFICATION
https://www.bisxbahamas.com/bahamas-government-registered-stock,1,36,,BSBGRS830274,DIRECTORY_RECORD_REVIEW,"{""Symbol"": ""BSBGRS830274"", ""Issue Date"": ""08 Jul 2020"", ""Maturity Date"": ""28 Nov 2027"", ""Coupon Rate"": ""4.5625%""}","[{""work_id"": ""B05:1301"", ""source_url"": ""https://www.bisxbahamas.com/bahamas-government-registered-stock"", ""table"": ""1"", ""row"": ""36"", ""headers_json"": ""[\""Symbol\"", \""Issue Date\"", \""Maturity Date\"", \""Coupon Rate\""]"", ""cells_json"": ""[\""BSBGRS830274\"", \""08 Jul 2020\"", \""28 Nov 2027\"", \""4.5625%\""]"", ""row_links_json"": ""[\""https://www.bisxbahamas.com/all-listings/bsbgrs830274\""]"", ""content_sha256"": ""6e9e2032b0a18d9a8f6c1afe5f91074063adca139987647759a3d5de81696ecb"", ""semantic_status"": ""SOURCE_TABLE_ROW_NOT_AUTOMATICALLY_ENTITY""}]",SOURCE_TABLE_RECORD_NOT_GLOBAL_OR_UNIQUE_COMPANY_VERIFICATION
https://www.bisxbahamas.com/bahamas-government-registered-stock,1,37,,BSBGRS820291,DIRECTORY_RECORD_REVIEW,"{""Symbol"": ""BSBGRS820291"", ""Issue Date"": ""08 Jul 2020"", ""Maturity Date"": ""08 Oct 2029"", ""Coupon Rate"": ""4.625%""}","[{""work_id"": ""B05:1301"", ""source_url"": ""https://www.bisxbahamas.com/bahamas-government-registered-stock"", ""table"": ""1"", ""row"": ""37"", ""headers_json"": ""[\""Symbol\"", \""Issue Date\"", \""Maturity Date\"", \""Coupon Rate\""]"", ""cells_json"": ""[\""BSBGRS820291\"", \""08 Jul 2020\"", \""08 Oct 2029\"", \""4.625%\""]"", ""row_links_json"": ""[\""https://www.bisxbahamas.com/all-listings/bsbgrs820291\""]"", ""content_sha256"": ""6e9e2032b0a18d9a8f6c1afe5f91074063adca139987647759a3d5de81696ecb"", ""semantic_status"": ""SOURCE_TABLE_ROW_NOT_AUTOMATICALLY_ENTITY""}]",SOURCE_TABLE_RECORD_NOT_GLOBAL_OR_UNIQUE_COMPANY_VERIFICATION
https://www.bisxbahamas.com/bahamas-government-registered-stock,1,38,,BSBGRS820283,DIRECTORY_RECORD_REVIEW,"{""Symbol"": ""BSBGRS820283"", ""Issue Date"": ""08 Jul 2020"", ""Maturity Date"": ""08 Oct 2028"", ""Coupon Rate"": ""4.59375%""}","[{""work_id"": ""B05:1301"", ""source_url"": ""https://www.bisxbahamas.com/bahamas-government-registered-stock"", ""table"": ""1"", ""row"": ""38"", ""headers_json"": ""[\""Symbol\"", \""Issue Date\"", \""Maturity Date\"", \""Coupon Rate\""]"", ""cells_json"": ""[\""BSBGRS820283\"", \""08 Jul 2020\"", \""08 Oct 2028\"", \""4.59375%\""]"", ""row_links_json"": ""[\""https://www.bisxbahamas.com/all-listings/bsbgrs820283\""]"", ""content_sha256"": ""6e9e2032b0a18d9a8f6c1afe5f91074063adca139987647759a3d5de81696ecb"", ""semantic_status"": ""SOURCE_TABLE_ROW_NOT_AUTOMATICALLY_ENTITY""}]",SOURCE_TABLE_RECORD_NOT_GLOBAL_OR_UNIQUE_COMPANY_VERIFICATION
https://www.bisxbahamas.com/bahamas-government-registered-stock,1,39,,BSBGRS820275,DIRECTORY_RECORD_REVIEW,"{""Symbol"": ""BSBGRS820275"", ""Issue Date"": ""08 Jul 2020"", ""Maturity Date"": ""08 Oct 2027"", ""Coupon Rate"": ""4.5625%""}","[{""work_id"": ""B05:1301"", ""source_url"": ""https://www.bisxbahamas.com/bahamas-government-registered-stock"", ""table"": ""1"", ""row"": ""39"", ""headers_json"": ""[\""Symbol\"", \""Issue Date\"", \""Maturity Date\"", \""Coupon Rate\""]"", ""cells_json"": ""[\""BSBGRS820275\"", \""08 Jul 2020\"", \""08 Oct 2027\"", \""4.5625%\""]"", ""row_links_json"": ""[\""https://www.bisxbahamas.com/all-listings/bsbgrs820275\""]"", ""content_sha256"": ""6e9e2032b0a18d9a8f6c1afe5f91074063adca139987647759a3d5de81696ecb"", ""semantic_status"": ""SOURCE_TABLE_ROW_NOT_AUTOMATICALLY_ENTITY""}]",SOURCE_TABLE_RECORD_NOT_GLOBAL_OR_UNIQUE_COMPANY_VERIFICATION
https://www.bisxbahamas.com/bahamas-government-registered-stock,1,40,,BSBGRS810375,DIRECTORY_RECORD_REVIEW,"{""Symbol"": ""BSBGRS810375"", ""Issue Date"": ""08 Jul 2020"", ""Maturity Date"": ""26 Jul 2037"", ""Coupon Rate"": ""4.875%""}","[{""work_id"": ""B05:1301"", ""source_url"": ""https://www.bisxbahamas.com/bahamas-government-registered-stock"", ""table"": ""1"", ""row"": ""40"", ""headers_json"": ""[\""Symbol\"", \""Issue Date\"", \""Maturity Date\"", \""Coupon Rate\""]"", ""cells_json"": ""[\""BSBGRS810375\"", \""08 Jul 2020\"", \""26 Jul 2037\"", \""4.875%\""]"", ""row_links_json"": ""[\""https://www.bisxbahamas.com/all-listings/bsbgrs810375\""]"", ""content_sha256"": ""6e9e2032b0a18d9a8f6c1afe5f91074063adca139987647759a3d5de81696ecb"", ""semantic_status"": ""SOURCE_TABLE_ROW_NOT_AUTOMATICALLY_ENTITY""}]",SOURCE_TABLE_RECORD_NOT_GLOBAL_OR_UNIQUE_COMPANY_VERIFICATION
https://www.bisxbahamas.com/bahamas-government-registered-stock,1,41,,BSBGRS810367,DIRECTORY_RECORD_REVIEW,"{""Symbol"": ""BSBGRS810367"", ""Issue Date"": ""08 Jul 2020"", ""Maturity Date"": ""26 Jul 2036"", ""Coupon Rate"": ""4.84375%""}","[{""work_id"": ""B05:1301"", ""source_url"": ""https://www.bisxbahamas.com/bahamas-government-registered-stock"", ""table"": ""1"", ""row"": ""41"", ""headers_json"": ""[\""Symbol\"", \""Issue Date\"", \""Maturity Date\"", \""Coupon Rate\""]"", ""cells_json"": ""[\""BSBGRS810367\"", \""08 Jul 2020\"", \""26 Jul 2036\"", \""4.84375%\""]"", ""row_links_json"": ""[\""https://www.bisxbahamas.com/all-listings/bsbgrs810367\""]"", ""content_sha256"": ""6e9e2032b0a18d9a8f6c1afe5f91074063adca139987647759a3d5de81696ecb"", ""semantic_status"": ""SOURCE_TABLE_ROW_NOT_AUTOMATICALLY_ENTITY""}]",SOURCE_TABLE_RECORD_NOT_GLOBAL_OR_UNIQUE_COMPANY_VERIFICATION
https://www.bisxbahamas.com/bahamas-government-registered-stock,1,42,,BSBGRS810359,DIRECTORY_RECORD_REVIEW,"{""Symbol"": ""BSBGRS810359"", ""Issue Date"": ""08 Jul 2020"", ""Maturity Date"": ""26 Jul 2035"", ""Coupon Rate"": ""4.8125%""}","[{""work_id"": ""B05:1301"", ""source_url"": ""https://www.bisxbahamas.com/bahamas-government-registered-stock"", ""table"": ""1"", ""row"": ""42"", ""headers_json"": ""[\""Symbol\"", \""Issue Date\"", \""Maturity Date\"", \""Coupon Rate\""]"", ""cells_json"": ""[\""BSBGRS810359\"", \""08 Jul 2020\"", \""26 Jul 2035\"", \""4.8125%\""]"", ""row_links_json"": ""[\""https://www.bisxbahamas.com/all-listings/bsbgrs810359\""]"", ""content_sha256"": ""6e9e2032b0a18d9a8f6c1afe5f91074063adca139987647759a3d5de81696ecb"", ""semantic_status"": ""SOURCE_TABLE_ROW_NOT_AUTOMATICALLY_ENTITY""}]",SOURCE_TABLE_RECORD_NOT_GLOBAL_OR_UNIQUE_COMPANY_VERIFICATION
https://www.bisxbahamas.com/bahamas-government-registered-stock,1,43,,BSBGRS810276,DIRECTORY_RECORD_REVIEW,"{""Symbol"": ""BSBGRS810276"", ""Issue Date"": ""08 Jul 2020"", ""Maturity Date"": ""26 Jul 2027"", ""Coupon Rate"": ""4.5625%""}","[{""work_id"": ""B05:1301"", ""source_url"": ""https://www.bisxbahamas.com/bahamas-government-registered-stock"", ""table"": ""1"", ""row"": ""43"", ""headers_json"": ""[\""Symbol\"", \""Issue Date\"", \""Maturity Date\"", \""Coupon Rate\""]"", ""cells_json"": ""[\""BSBGRS810276\"", \""08 Jul 2020\"", \""26 Jul 2027\"", \""4.5625%\""]"", ""row_links_json"": ""[\""https://www.bisxbahamas.com/all-listings/bsbgrs810276\""]"", ""content_sha256"": ""6e9e2032b0a18d9a8f6c1afe5f91074063adca139987647759a3d5de81696ecb"", ""semantic_status"": ""SOURCE_TABLE_ROW_NOT_AUTOMATICALLY_ENTITY""}]",SOURCE_TABLE_RECORD_NOT_GLOBAL_OR_UNIQUE_COMPANY_VERIFICATION
https://www.bisxbahamas.com/bahamas-government-registered-stock,1,44,,BSBGRS800277,DIRECTORY_RECORD_REVIEW,"{""Symbol"": ""BSBGRS800277"", ""Issue Date"": ""08 Jul 2020"", ""Maturity Date"": ""09 May 2027"", ""Coupon Rate"": ""4.5625%""}","[{""work_id"": ""B05:1301"", ""source_url"": ""https://www.bisxbahamas.com/bahamas-government-registered-stock"", ""table"": ""1"", ""row"": ""44"", ""headers_json"": ""[\""Symbol\"", \""Issue Date\"", \""Maturity Date\"", \""Coupon Rate\""]"", ""cells_json"": ""[\""BSBGRS800277\"", \""08 Jul 2020\"", \""09 May 2027\"", \""4.5625%\""]"", ""row_links_json"": ""[\""https://www.bisxbahamas.com/all-listings/bsbgrs800277\""]"", ""content_sha256"": ""6e9e2032b0a18d9a8f6c1afe5f91074063adca139987647759a3d5de81696ecb"", ""semantic_status"": ""SOURCE_TABLE_ROW_NOT_AUTOMATICALLY_ENTITY""}]",SOURCE_TABLE_RECORD_NOT_GLOBAL_OR_UNIQUE_COMPANY_VERIFICATION
https://www.bisxbahamas.com/bahamas-government-registered-stock,1,45,,BSBGRS790270,DIRECTORY_RECORD_REVIEW,"{""Symbol"": ""BSBGRS790270"", ""Issue Date"": ""08 Jul 2020"", ""Maturity Date"": ""28 Mar 2027"", ""Coupon Rate"": ""4.5625%""}","[{""work_id"": ""B05:1301"", ""source_url"": ""https://www.bisxbahamas.com/bahamas-government-registered-stock"", ""table"": ""1"", ""row"": ""45"", ""headers_json"": ""[\""Symbol\"", \""Issue Date\"", \""Maturity Date\"", \""Coupon Rate\""]"", ""cells_json"": ""[\""BSBGRS790270\"", \""08 Jul 2020\"", \""28 Mar 2027\"", \""4.5625%\""]"", ""row_links_json"": ""[\""https://www.bisxbahamas.com/all-listings/bsbgrs790270\""]"", ""content_sha256"": ""6e9e2032b0a18d9a8f6c1afe5f91074063adca139987647759a3d5de81696ecb"", ""semantic_status"": ""SOURCE_TABLE_ROW_NOT_AUTOMATICALLY_ENTITY""}]",SOURCE_TABLE_RECORD_NOT_GLOBAL_OR_UNIQUE_COMPANY_VERIFICATION
https://www.bisxbahamas.com/bahamas-government-registered-stock,1,46,,BSBGRS790262,DIRECTORY_RECORD_REVIEW,"{""Symbol"": ""BSBGRS790262"", ""Issue Date"": ""08 Jul 2020"", ""Maturity Date"": ""28 Mar 2026"", ""Coupon Rate"": ""4.53%""}","[{""work_id"": ""B05:1301"", ""source_url"": ""https://www.bisxbahamas.com/bahamas-government-registered-stock"", ""table"": ""1"", ""row"": ""46"", ""headers_json"": ""[\""Symbol\"", \""Issue Date\"", \""Maturity Date\"", \""Coupon Rate\""]"", ""cells_json"": ""[\""BSBGRS790262\"", \""08 Jul 2020\"", \""28 Mar 2026\"", \""4.53%\""]"", ""row_links_json"": ""[\""https://www.bisxbahamas.com/all-listings/bsbgrs790262\""]"", ""content_sha256"": ""6e9e2032b0a18d9a8f6c1afe5f91074063adca139987647759a3d5de81696ecb"", ""semantic_status"": ""SOURCE_TABLE_ROW_NOT_AUTOMATICALLY_ENTITY""}]",SOURCE_TABLE_RECORD_NOT_GLOBAL_OR_UNIQUE_COMPANY_VERIFICATION
https://www.bisxbahamas.com/bahamas-government-registered-stock,1,47,,BSBGRS780263,DIRECTORY_RECORD_REVIEW,"{""Symbol"": ""BSBGRS780263"", ""Issue Date"": ""08 Jul 2020"", ""Maturity Date"": ""22 Sep 2026"", ""Coupon Rate"": ""4.56%""}","[{""work_id"": ""B05:1301"", ""source_url"": ""https://www.bisxbahamas.com/bahamas-government-registered-stock"", ""table"": ""1"", ""row"": ""47"", ""headers_json"": ""[\""Symbol\"", \""Issue Date\"", \""Maturity Date\"", \""Coupon Rate\""]"", ""cells_json"": ""[\""BSBGRS780263\"", \""08 Jul 2020\"", \""22 Sep 2026\"", \""4.56%\""]"", ""row_links_json"": ""[\""https://www.bisxbahamas.com/all-listings/bsbgrs780263\""]"", ""content_sha256"": ""6e9e2032b0a18d9a8f6c1afe5f91074063adca139987647759a3d5de81696ecb"", ""semantic_status"": ""SOURCE_TABLE_ROW_NOT_AUTOMATICALLY_ENTITY""}]",SOURCE_TABLE_RECORD_NOT_GLOBAL_OR_UNIQUE_COMPANY_VERIFICATION
https://www.bisxbahamas.com/bahamas-government-registered-stock,1,48,,BSBGRS780255,DIRECTORY_RECORD_REVIEW,"{""Symbol"": ""BSBGRS780255"", ""Issue Date"": ""08 Jul 2020"", ""Maturity Date"": ""22 Sep 2025"", ""Coupon Rate"": ""4.53%""}","[{""work_id"": ""B05:1301"", ""source_url"": ""https://www.bisxbahamas.com/bahamas-government-registered-stock"", ""table"": ""1"", ""row"": ""48"", ""headers_json"": ""[\""Symbol\"", \""Issue Date\"", \""Maturity Date\"", \""Coupon Rate\""]"", ""cells_json"": ""[\""BSBGRS780255\"", \""08 Jul 2020\"", \""22 Sep 2025\"", \""4.53%\""]"", ""row_links_json"": ""[\""https://www.bisxbahamas.com/all-listings/bsbgrs780255\""]"", ""content_sha256"": ""6e9e2032b0a18d9a8f6c1afe5f91074063adca139987647759a3d5de81696ecb"", ""semantic_status"": ""SOURCE_TABLE_ROW_NOT_AUTOMATICALLY_ENTITY""}]",SOURCE_TABLE_RECORD_NOT_GLOBAL_OR_UNIQUE_COMPANY_VERIFICATION
https://www.bisxbahamas.com/bahamas-government-registered-stock,1,49,,BSBGRS770264,DIRECTORY_RECORD_REVIEW,"{""Symbol"": ""BSBGRS770264"", ""Issue Date"": ""08 Jul 2020"", ""Maturity Date"": ""04 May 2026"", ""Coupon Rate"": ""4.56%""}","[{""work_id"": ""B05:1301"", ""source_url"": ""https://www.bisxbahamas.com/bahamas-government-registered-stock"", ""table"": ""1"", ""row"": ""49"", ""headers_json"": ""[\""Symbol\"", \""Issue Date\"", \""Maturity Date\"", \""Coupon Rate\""]"", ""cells_json"": ""[\""BSBGRS770264\"", \""08 Jul 2020\"", \""04 May 2026\"", \""4.56%\""]"", ""row_links_json"": ""[\""https://www.bisxbahamas.com/all-listings/bsbgrs770264\""]"", ""content_sha256"": ""6e9e2032b0a18d9a8f6c1afe5f91074063adca139987647759a3d5de81696ecb"", ""semantic_status"": ""SOURCE_TABLE_ROW_NOT_AUTOMATICALLY_ENTITY""}]",SOURCE_TABLE_RECORD_NOT_GLOBAL_OR_UNIQUE_COMPANY_VERIFICATION
https://www.bisxbahamas.com/bahamas-government-registered-stock,1,50,,BSBGRS770256,DIRECTORY_RECORD_REVIEW,"{""Symbol"": ""BSBGRS770256"", ""Issue Date"": ""08 Jul 2020"", ""Maturity Date"": ""04 May 2025"", ""Coupon Rate"": ""4.53125%""}","[{""work_id"": ""B05:1301"", ""source_url"": ""https://www.bisxbahamas.com/bahamas-government-registered-stock"", ""table"": ""1"", ""row"": ""50"", ""headers_json"": ""[\""Symbol\"", \""Issue Date\"", \""Maturity Date\"", \""Coupon Rate\""]"", ""cells_json"": ""[\""BSBGRS770256\"", \""08 Jul 2020\"", \""04 May 2025\"", \""4.53125%\""]"", ""row_links_json"": ""[\""https://www.bisxbahamas.com/all-listings/bsbgrs770256\""]"", ""content_sha256"": ""6e9e2032b0a18d9a8f6c1afe5f91074063adca139987647759a3d5de81696ecb"", ""semantic_status"": ""SOURCE_TABLE_ROW_NOT_AUTOMATICALLY_ENTITY""}]",SOURCE_TABLE_RECORD_NOT_GLOBAL_OR_UNIQUE_COMPANY_VERIFICATION
https://www.bisxbahamas.com/bahamas-government-registered-stock,1,51,,BSBGRS760265,DIRECTORY_RECORD_REVIEW,"{""Symbol"": ""BSBGRS760265"", ""Issue Date"": ""08 Jul 2020"", ""Maturity Date"": ""18 Jan 2026"", ""Coupon Rate"": ""4.56%""}","[{""work_id"": ""B05:1301"", ""source_url"": ""https://www.bisxbahamas.com/bahamas-government-registered-stock"", ""table"": ""1"", ""row"": ""51"", ""headers_json"": ""[\""Symbol\"", \""Issue Date\"", \""Maturity Date\"", \""Coupon Rate\""]"", ""cells_json"": ""[\""BSBGRS760265\"", \""08 Jul 2020\"", \""18 Jan 2026\"", \""4.56%\""]"", ""row_links_json"": ""[\""https://www.bisxbahamas.com/all-listings/bsbgrs760265\""]"", ""content_sha256"": ""6e9e2032b0a18d9a8f6c1afe5f91074063adca139987647759a3d5de81696ecb"", ""semantic_status"": ""SOURCE_TABLE_ROW_NOT_AUTOMATICALLY_ENTITY""}]",SOURCE_TABLE_RECORD_NOT_GLOBAL_OR_UNIQUE_COMPANY_VERIFICATION
https://www.bisxbahamas.com/bahamas-government-registered-stock,1,52,,BSBGRS750258,DIRECTORY_RECORD_REVIEW,"{""Symbol"": ""BSBGRS750258"", ""Issue Date"": ""08 Jul 2020"", ""Maturity Date"": ""07 Sep 2025"", ""Coupon Rate"": ""4.53%""}","[{""work_id"": ""B05:1301"", ""source_url"": ""https://www.bisxbahamas.com/bahamas-government-registered-stock"", ""table"": ""1"", ""row"": ""52"", ""headers_json"": ""[\""Symbol\"", \""Issue Date\"", \""Maturity Date\"", \""Coupon Rate\""]"", ""cells_json"": ""[\""BSBGRS750258\"", \""08 Jul 2020\"", \""07 Sep 2025\"", \""4.53%\""]"", ""row_links_json"": ""[\""https://www.bisxbahamas.com/all-listings/bsbgrs750258\""]"", ""content_sha256"": ""6e9e2032b0a18d9a8f6c1afe5f91074063adca139987647759a3d5de81696ecb"", ""semantic_status"": ""SOURCE_TABLE_ROW_NOT_AUTOMATICALLY_ENTITY""}]",SOURCE_TABLE_RECORD_NOT_GLOBAL_OR_UNIQUE_COMPANY_VERIFICATION
https://www.bisxbahamas.com/bahamas-government-registered-stock,1,53,,BSBGRS740259,DIRECTORY_RECORD_REVIEW,"{""Symbol"": ""BSBGRS740259"", ""Issue Date"": ""08 Jul 2020"", ""Maturity Date"": ""30 Jun 2025"", ""Coupon Rate"": ""4.63%""}","[{""work_id"": ""B05:1301"", ""source_url"": ""https://www.bisxbahamas.com/bahamas-government-registered-stock"", ""table"": ""1"", ""row"": ""53"", ""headers_json"": ""[\""Symbol\"", \""Issue Date\"", \""Maturity Date\"", \""Coupon Rate\""]"", ""cells_json"": ""[\""BSBGRS740259\"", \""08 Jul 2020\"", \""30 Jun 2025\"", \""4.63%\""]"", ""row_links_json"": ""[\""https://www.bisxbahamas.com/all-listings/bsbgrs740259\""]"", ""content_sha256"": ""6e9e2032b0a18d9a8f6c1afe5f91074063adca139987647759a3d5de81696ecb"", ""semantic_status"": ""SOURCE_TABLE_ROW_NOT_AUTOMATICALLY_ENTITY""}]",SOURCE_TABLE_RECORD_NOT_GLOBAL_OR_UNIQUE_COMPANY_VERIFICATION
https://www.bisxbahamas.com/bahamas-government-registered-stock,1,54,,BSBGRS730250,DIRECTORY_RECORD_REVIEW,"{""Symbol"": ""BSBGRS730250"", ""Issue Date"": ""08 Jul 2020"", ""Maturity Date"": ""28 Jun 2025"", ""Coupon Rate"": ""4.53%""}","[{""work_id"": ""B05:1301"", ""source_url"": ""https://www.bisxbahamas.com/bahamas-government-registered-stock"", ""table"": ""1"", ""row"": ""54"", ""headers_json"": ""[\""Symbol\"", \""Issue Date\"", \""Maturity Date\"", \""Coupon Rate\""]"", ""cells_json"": ""[\""BSBGRS730250\"", \""08 Jul 2020\"", \""28 Jun 2025\"", \""4.53%\""]"", ""row_links_json"": ""[\""https://www.bisxbahamas.com/all-listings/bsbgrs730250\""]"", ""content_sha256"": ""6e9e2032b0a18d9a8f6c1afe5f91074063adca139987647759a3d5de81696ecb"", ""semantic_status"": ""SOURCE_TABLE_ROW_NOT_AUTOMATICALLY_ENTITY""}]",SOURCE_TABLE_RECORD_NOT_GLOBAL_OR_UNIQUE_COMPANY_VERIFICATION
https://www.bisxbahamas.com/bahamas-government-registered-stock,1,55,,BSBGRS720251,DIRECTORY_RECORD_REVIEW,"{""Symbol"": ""BSBGRS720251"", ""Issue Date"": ""08 Jul 2020"", ""Maturity Date"": ""27 Apr 2025"", ""Coupon Rate"": ""4.5625%""}","[{""work_id"": ""B05:1301"", ""source_url"": ""https://www.bisxbahamas.com/bahamas-government-registered-stock"", ""table"": ""1"", ""row"": ""55"", ""headers_json"": ""[\""Symbol\"", \""Issue Date\"", \""Maturity Date\"", \""Coupon Rate\""]"", ""cells_json"": ""[\""BSBGRS720251\"", \""08 Jul 2020\"", \""27 Apr 2025\"", \""4.5625%\""]"", ""row_links_json"": ""[\""https://www.bisxbahamas.com/all-listings/bsbgrs720251\""]"", ""content_sha256"": ""6e9e2032b0a18d9a8f6c1afe5f91074063adca139987647759a3d5de81696ecb"", ""semantic_status"": ""SOURCE_TABLE_ROW_NOT_AUTOMATICALLY_ENTITY""}]",SOURCE_TABLE_RECORD_NOT_GLOBAL_OR_UNIQUE_COMPANY_VERIFICATION
https://www.bisxbahamas.com/bahamas-government-registered-stock,1,56,,BSBGR1360308,DIRECTORY_RECORD_REVIEW,"{""Symbol"": ""BSBGR1360308"", ""Issue Date"": ""08 Jul 2020"", ""Maturity Date"": ""21 Apr 2030"", ""Coupon Rate"": ""4.76%""}","[{""work_id"": ""B05:1301"", ""source_url"": ""https://www.bisxbahamas.com/bahamas-government-registered-stock"", ""table"": ""1"", ""row"": ""56"", ""headers_json"": ""[\""Symbol\"", \""Issue Date\"", \""Maturity Date\"", \""Coupon Rate\""]"", ""cells_json"": ""[\""BSBGR1360308\"", \""08 Jul 2020\"", \""21 Apr 2030\"", \""4.76%\""]"", ""row_links_json"": ""[\""https://www.bisxbahamas.com/all-listings/bsbgr1360308\""]"", ""content_sha256"": ""6e9e2032b0a18d9a8f6c1afe5f91074063adca139987647759a3d5de81696ecb"", ""semantic_status"": ""SOURCE_TABLE_ROW_NOT_AUTOMATICALLY_ENTITY""}]",SOURCE_TABLE_RECORD_NOT_GLOBAL_OR_UNIQUE_COMPANY_VERIFICATION
https://www.bisxbahamas.com/bahamas-government-registered-stock,1,57,,BSBGR1360274,DIRECTORY_RECORD_REVIEW,"{""Symbol"": ""BSBGR1360274"", ""Issue Date"": ""08 Jul 2020"", ""Maturity Date"": ""21 Apr 2027"", ""Coupon Rate"": ""4.05%""}","[{""work_id"": ""B05:1301"", ""source_url"": ""https://www.bisxbahamas.com/bahamas-government-registered-stock"", ""table"": ""1"", ""row"": ""57"", ""headers_json"": ""[\""Symbol\"", \""Issue Date\"", \""Maturity Date\"", \""Coupon Rate\""]"", ""cells_json"": ""[\""BSBGR1360274\"", \""08 Jul 2020\"", \""21 Apr 2027\"", \""4.05%\""]"", ""row_links_json"": ""[\""https://www.bisxbahamas.com/all-listings/bsbgr1360274\""]"", ""content_sha256"": ""6e9e2032b0a18d9a8f6c1afe5f91074063adca139987647759a3d5de81696ecb"", ""semantic_status"": ""SOURCE_TABLE_ROW_NOT_AUTOMATICALLY_ENTITY""}]",SOURCE_TABLE_RECORD_NOT_GLOBAL_OR_UNIQUE_COMPANY_VERIFICATION
https://www.bisxbahamas.com/bahamas-government-registered-stock,1,58,,BSBGR1360258,DIRECTORY_RECORD_REVIEW,"{""Symbol"": ""BSBGR1360258"", ""Issue Date"": ""08 Jul 2020"", ""Maturity Date"": ""21 Apr 2025"", ""Coupon Rate"": ""3.45%""}","[{""work_id"": ""B05:1301"", ""source_url"": ""https://www.bisxbahamas.com/bahamas-government-registered-stock"", ""table"": ""1"", ""row"": ""58"", ""headers_json"": ""[\""Symbol\"", \""Issue Date\"", \""Maturity Date\"", \""Coupon Rate\""]"", ""cells_json"": ""[\""BSBGR1360258\"", \""08 Jul 2020\"", \""21 Apr 2025\"", \""3.45%\""]"", ""row_links_json"": ""[\""https://www.bisxbahamas.com/all-listings/bsbgr1360258\""]"", ""content_sha256"": ""6e9e2032b0a18d9a8f6c1afe5f91074063adca139987647759a3d5de81696ecb"", ""semantic_status"": ""SOURCE_TABLE_ROW_NOT_AUTOMATICALLY_ENTITY""}]",SOURCE_TABLE_RECORD_NOT_GLOBAL_OR_UNIQUE_COMPANY_VERIFICATION
https://www.bisxbahamas.com/bahamas-government-registered-stock,1,59,,BSBGR1341506,DIRECTORY_RECORD_REVIEW,"{""Symbol"": ""BSBGR1341506"", ""Issue Date"": ""08 Jul 2020"", ""Maturity Date"": ""17 Jan 1950"", ""Coupon Rate"": ""5.69%""}","[{""work_id"": ""B05:1301"", ""source_url"": ""https://www.bisxbahamas.com/bahamas-government-registered-stock"", ""table"": ""1"", ""row"": ""59"", ""headers_json"": ""[\""Symbol\"", \""Issue Date\"", \""Maturity Date\"", \""Coupon Rate\""]"", ""cells_json"": ""[\""BSBGR1341506\"", \""08 Jul 2020\"", \""17 Jan 1950\"", \""5.69%\""]"", ""row_links_json"": ""[\""https://www.bisxbahamas.com/all-listings/bsbgr1341506\""]"", ""content_sha256"": ""6e9e2032b0a18d9a8f6c1afe5f91074063adca139987647759a3d5de81696ecb"", ""semantic_status"": ""SOURCE_TABLE_ROW_NOT_AUTOMATICALLY_ENTITY""}]",SOURCE_TABLE_RECORD_NOT_GLOBAL_OR_UNIQUE_COMPANY_VERIFICATION
https://www.bisxbahamas.com/bahamas-government-registered-stock,1,60,,BSBGR1341407,DIRECTORY_RECORD_REVIEW,"{""Symbol"": ""BSBGR1341407"", ""Issue Date"": ""08 Jul 2020"", ""Maturity Date"": ""17 Jan 2040"", ""Coupon Rate"": ""5.35%""}","[{""work_id"": ""B05:1301"", ""source_url"": ""https://www.bisxbahamas.com/bahamas-government-registered-stock"", ""table"": ""1"", ""row"": ""60"", ""headers_json"": ""[\""Symbol\"", \""Issue Date\"", \""Maturity Date\"", \""Coupon Rate\""]"", ""cells_json"": ""[\""BSBGR1341407\"", \""08 Jul 2020\"", \""17 Jan 2040\"", \""5.35%\""]"", ""row_links_json"": ""[\""https://www.bisxbahamas.com/all-listings/bsbgr1341407\""]"", ""content_sha256"": ""6e9e2032b0a18d9a8f6c1afe5f91074063adca139987647759a3d5de81696ecb"", ""semantic_status"": ""SOURCE_TABLE_ROW_NOT_AUTOMATICALLY_ENTITY""}]",SOURCE_TABLE_RECORD_NOT_GLOBAL_OR_UNIQUE_COMPANY_VERIFICATION
https://www.bisxbahamas.com/bahamas-government-registered-stock,1,61,,BSBGR1341308,DIRECTORY_RECORD_REVIEW,"{""Symbol"": ""BSBGR1341308"", ""Issue Date"": ""08 Jul 2020"", ""Maturity Date"": ""17 Jan 2030"", ""Coupon Rate"": ""4.85%""}","[{""work_id"": ""B05:1301"", ""source_url"": ""https://www.bisxbahamas.com/bahamas-government-registered-stock"", ""table"": ""1"", ""row"": ""61"", ""headers_json"": ""[\""Symbol\"", \""Issue Date\"", \""Maturity Date\"", \""Coupon Rate\""]"", ""cells_json"": ""[\""BSBGR1341308\"", \""08 Jul 2020\"", \""17 Jan 2030\"", \""4.85%\""]"", ""row_links_json"": ""[\""https://www.bisxbahamas.com/all-listings/bsbgr1341308\""]"", ""content_sha256"": ""6e9e2032b0a18d9a8f6c1afe5f91074063adca139987647759a3d5de81696ecb"", ""semantic_status"": ""SOURCE_TABLE_ROW_NOT_AUTOMATICALLY_ENTITY""}]",SOURCE_TABLE_RECORD_NOT_GLOBAL_OR_UNIQUE_COMPANY_VERIFICATION
https://www.bisxbahamas.com/bahamas-government-registered-stock,1,62,,BSBGR1340276,DIRECTORY_RECORD_REVIEW,"{""Symbol"": ""BSBGR1340276"", ""Issue Date"": ""08 Jul 2020"", ""Maturity Date"": ""17 Jan 2027"", ""Coupon Rate"": ""4.15%""}","[{""work_id"": ""B05:1301"", ""source_url"": ""https://www.bisxbahamas.com/bahamas-government-registered-stock"", ""table"": ""1"", ""row"": ""62"", ""headers_json"": ""[\""Symbol\"", \""Issue Date\"", \""Maturity Date\"", \""Coupon Rate\""]"", ""cells_json"": ""[\""BSBGR1340276\"", \""08 Jul 2020\"", \""17 Jan 2027\"", \""4.15%\""]"", ""row_links_json"": ""[\""https://www.bisxbahamas.com/all-listings/bsbgr1340276\""]"", ""content_sha256"": ""6e9e2032b0a18d9a8f6c1afe5f91074063adca139987647759a3d5de81696ecb"", ""semantic_status"": ""SOURCE_TABLE_ROW_NOT_AUTOMATICALLY_ENTITY""}]",SOURCE_TABLE_RECORD_NOT_GLOBAL_OR_UNIQUE_COMPANY_VERIFICATION
https://www.bisxbahamas.com/bahamas-government-registered-stock,1,63,,BSBGR1322498,DIRECTORY_RECORD_REVIEW,"{""Symbol"": ""BSBGR1322498"", ""Issue Date"": ""08 Jul 2020"", ""Maturity Date"": ""15 Oct 2049"", ""Coupon Rate"": ""5.65%""}","[{""work_id"": ""B05:1301"", ""source_url"": ""https://www.bisxbahamas.com/bahamas-government-registered-stock"", ""table"": ""1"", ""row"": ""63"", ""headers_json"": ""[\""Symbol\"", \""Issue Date\"", \""Maturity Date\"", \""Coupon Rate\""]"", ""cells_json"": ""[\""BSBGR1322498\"", \""08 Jul 2020\"", \""15 Oct 2049\"", \""5.65%\""]"", ""row_links_json"": ""[\""https://www.bisxbahamas.com/all-listings/bsbgr1322498\""]"", ""content_sha256"": ""6e9e2032b0a18d9a8f6c1afe5f91074063adca139987647759a3d5de81696ecb"", ""semantic_status"": ""SOURCE_TABLE_ROW_NOT_AUTOMATICALLY_ENTITY""}]",SOURCE_TABLE_RECORD_NOT_GLOBAL_OR_UNIQUE_COMPANY_VERIFICATION
https://www.bisxbahamas.com/bahamas-government-registered-stock,1,64,,BSBGR1321391,DIRECTORY_RECORD_REVIEW,"{""Symbol"": ""BSBGR1321391"", ""Issue Date"": ""08 Jul 2020"", ""Maturity Date"": ""15 Oct 2039"", ""Coupon Rate"": ""5.29%""}","[{""work_id"": ""B05:1301"", ""source_url"": ""https://www.bisxbahamas.com/bahamas-government-registered-stock"", ""table"": ""1"", ""row"": ""64"", ""headers_json"": ""[\""Symbol\"", \""Issue Date\"", \""Maturity Date\"", \""Coupon Rate\""]"", ""cells_json"": ""[\""BSBGR1321391\"", \""08 Jul 2020\"", \""15 Oct 2039\"", \""5.29%\""]"", ""row_links_json"": ""[\""https://www.bisxbahamas.com/all-listings/bsbgr1321391\""]"", ""content_sha256"": ""6e9e2032b0a18d9a8f6c1afe5f91074063adca139987647759a3d5de81696ecb"", ""semantic_status"": ""SOURCE_TABLE_ROW_NOT_AUTOMATICALLY_ENTITY""}]",SOURCE_TABLE_RECORD_NOT_GLOBAL_OR_UNIQUE_COMPANY_VERIFICATION
https://www.bisxbahamas.com/bahamas-government-registered-stock,1,65,,BSBGR1320294,DIRECTORY_RECORD_REVIEW,"{""Symbol"": ""BSBGR1320294"", ""Issue Date"": ""08 Jul 2020"", ""Maturity Date"": ""15 Oct 2029"", ""Coupon Rate"": ""4.81%""}","[{""work_id"": ""B05:1301"", ""source_url"": ""https://www.bisxbahamas.com/bahamas-government-registered-stock"", ""table"": ""1"", ""row"": ""65"", ""headers_json"": ""[\""Symbol\"", \""Issue Date\"", \""Maturity Date\"", \""Coupon Rate\""]"", ""cells_json"": ""[\""BSBGR1320294\"", \""08 Jul 2020\"", \""15 Oct 2029\"", \""4.81%\""]"", ""row_links_json"": ""[\""https://www.bisxbahamas.com/all-listings/bsbgr1320294\""]"", ""content_sha256"": ""6e9e2032b0a18d9a8f6c1afe5f91074063adca139987647759a3d5de81696ecb"", ""semantic_status"": ""SOURCE_TABLE_ROW_NOT_AUTOMATICALLY_ENTITY""}]",SOURCE_TABLE_RECORD_NOT_GLOBAL_OR_UNIQUE_COMPANY_VERIFICATION
https://www.bisxbahamas.com/bahamas-government-registered-stock,1,66,,BSBGR1320260,DIRECTORY_RECORD_REVIEW,"{""Symbol"": ""BSBGR1320260"", ""Issue Date"": ""08 Jul 2020"", ""Maturity Date"": ""15 Oct 2026"", ""Coupon Rate"": ""4.08%""}","[{""work_id"": ""B05:1301"", ""source_url"": ""https://www.bisxbahamas.com/bahamas-government-registered-stock"", ""table"": ""1"", ""row"": ""66"", ""headers_json"": ""[\""Symbol\"", \""Issue Date\"", \""Maturity Date\"", \""Coupon Rate\""]"", ""cells_json"": ""[\""BSBGR1320260\"", \""08 Jul 2020\"", \""15 Oct 2026\"", \""4.08%\""]"", ""row_links_json"": ""[\""https://www.bisxbahamas.com/all-listings/bsbgr1320260\""]"", ""content_sha256"": ""6e9e2032b0a18d9a8f6c1afe5f91074063adca139987647759a3d5de81696ecb"", ""semantic_status"": ""SOURCE_TABLE_ROW_NOT_AUTOMATICALLY_ENTITY""}]",SOURCE_TABLE_RECORD_NOT_GLOBAL_OR_UNIQUE_COMPANY_VERIFICATION
https://www.bisxbahamas.com/bahamas-government-registered-stock,1,67,,BSBGR1312499,DIRECTORY_RECORD_REVIEW,"{""Symbol"": ""BSBGR1312499"", ""Issue Date"": ""08 Jul 2020"", ""Maturity Date"": ""15 Jul 2049"", ""Coupon Rate"": ""5.6%""}","[{""work_id"": ""B05:1301"", ""source_url"": ""https://www.bisxbahamas.com/bahamas-government-registered-stock"", ""table"": ""1"", ""row"": ""67"", ""headers_json"": ""[\""Symbol\"", \""Issue Date\"", \""Maturity Date\"", \""Coupon Rate\""]"", ""cells_json"": ""[\""BSBGR1312499\"", \""08 Jul 2020\"", \""15 Jul 2049\"", \""5.6%\""]"", ""row_links_json"": ""[\""https://www.bisxbahamas.com/all-listings/bsbgr1312499\""]"", ""content_sha256"": ""6e9e2032b0a18d9a8f6c1afe5f91074063adca139987647759a3d5de81696ecb"", ""semantic_status"": ""SOURCE_TABLE_ROW_NOT_AUTOMATICALLY_ENTITY""}]",SOURCE_TABLE_RECORD_NOT_GLOBAL_OR_UNIQUE_COMPANY_VERIFICATION
https://www.bisxbahamas.com/bahamas-government-registered-stock,1,68,,BSBGR1312390,DIRECTORY_RECORD_REVIEW,"{""Symbol"": ""BSBGR1312390"", ""Issue Date"": ""08 Jul 2020"", ""Maturity Date"": ""15 Jul 2039"", ""Coupon Rate"": ""5.14%""}","[{""work_id"": ""B05:1301"", ""source_url"": ""https://www.bisxbahamas.com/bahamas-government-registered-stock"", ""table"": ""1"", ""row"": ""68"", ""headers_json"": ""[\""Symbol\"", \""Issue Date\"", \""Maturity Date\"", \""Coupon Rate\""]"", ""cells_json"": ""[\""BSBGR1312390\"", \""08 Jul 2020\"", \""15 Jul 2039\"", \""5.14%\""]"", ""row_links_json"": ""[\""https://www.bisxbahamas.com/all-listings/bsbgr1312390\""]"", ""content_sha256"": ""6e9e2032b0a18d9a8f6c1afe5f91074063adca139987647759a3d5de81696ecb"", ""semantic_status"": ""SOURCE_TABLE_ROW_NOT_AUTOMATICALLY_ENTITY""}]",SOURCE_TABLE_RECORD_NOT_GLOBAL_OR_UNIQUE_COMPANY_VERIFICATION
https://www.bisxbahamas.com/bahamas-government-registered-stock,1,69,,BSBGR1312291,DIRECTORY_RECORD_REVIEW,"{""Symbol"": ""BSBGR1312291"", ""Issue Date"": ""08 Jul 2020"", ""Maturity Date"": ""15 Jul 2029"", ""Coupon Rate"": ""4.68%""}","[{""work_id"": ""B05:1301"", ""source_url"": ""https://www.bisxbahamas.com/bahamas-government-registered-stock"", ""table"": ""1"", ""row"": ""69"", ""headers_json"": ""[\""Symbol\"", \""Issue Date\"", \""Maturity Date\"", \""Coupon Rate\""]"", ""cells_json"": ""[\""BSBGR1312291\"", \""08 Jul 2020\"", \""15 Jul 2029\"", \""4.68%\""]"", ""row_links_json"": ""[\""https://www.bisxbahamas.com/all-listings/bsbgr1312291\""]"", ""content_sha256"": ""6e9e2032b0a18d9a8f6c1afe5f91074063adca139987647759a3d5de81696ecb"", ""semantic_status"": ""SOURCE_TABLE_ROW_NOT_AUTOMATICALLY_ENTITY""}]",SOURCE_TABLE_RECORD_NOT_GLOBAL_OR_UNIQUE_COMPANY_VERIFICATION
https://www.bisxbahamas.com/bahamas-government-registered-stock,1,70,,BSBGR1310261,DIRECTORY_RECORD_REVIEW,"{""Symbol"": ""BSBGR1310261"", ""Issue Date"": ""08 Jul 2020"", ""Maturity Date"": ""15 Jul 2026"", ""Coupon Rate"": ""3.97%""}","[{""work_id"": ""B05:1301"", ""source_url"": ""https://www.bisxbahamas.com/bahamas-government-registered-stock"", ""table"": ""1"", ""row"": ""70"", ""headers_json"": ""[\""Symbol\"", \""Issue Date\"", \""Maturity Date\"", \""Coupon Rate\""]"", ""cells_json"": ""[\""BSBGR1310261\"", \""08 Jul 2020\"", \""15 Jul 2026\"", \""3.97%\""]"", ""row_links_json"": ""[\""https://www.bisxbahamas.com/all-listings/bsbgr1310261\""]"", ""content_sha256"": ""6e9e2032b0a18d9a8f6c1afe5f91074063adca139987647759a3d5de81696ecb"", ""semantic_status"": ""SOURCE_TABLE_ROW_NOT_AUTOMATICALLY_ENTITY""}]",SOURCE_TABLE_RECORD_NOT_GLOBAL_OR_UNIQUE_COMPANY_VERIFICATION
https://www.bisxbahamas.com/bahamas-government-registered-stock,1,71,,BSBGR1292493,DIRECTORY_RECORD_REVIEW,"{""Symbol"": ""BSBGR1292493"", ""Issue Date"": ""08 Jul 2020"", ""Maturity Date"": ""15 Apr 2049"", ""Coupon Rate"": ""5.55%""}","[{""work_id"": ""B05:1301"", ""source_url"": ""https://www.bisxbahamas.com/bahamas-government-registered-stock"", ""table"": ""1"", ""row"": ""71"", ""headers_json"": ""[\""Symbol\"", \""Issue Date\"", \""Maturity Date\"", \""Coupon Rate\""]"", ""cells_json"": ""[\""BSBGR1292493\"", \""08 Jul 2020\"", \""15 Apr 2049\"", \""5.55%\""]"", ""row_links_json"": ""[\""https://www.bisxbahamas.com/all-listings/bsbgr1292493\""]"", ""content_sha256"": ""6e9e2032b0a18d9a8f6c1afe5f91074063adca139987647759a3d5de81696ecb"", ""semantic_status"": ""SOURCE_TABLE_ROW_NOT_AUTOMATICALLY_ENTITY""}]",SOURCE_TABLE_RECORD_NOT_GLOBAL_OR_UNIQUE_COMPANY_VERIFICATION
https://www.bisxbahamas.com/bahamas-government-registered-stock,1,72,,BSBGR1292394,DIRECTORY_RECORD_REVIEW,"{""Symbol"": ""BSBGR1292394"", ""Issue Date"": ""08 Jul 2020"", ""Maturity Date"": ""15 Apr 2039"", ""Coupon Rate"": ""5.04%""}","[{""work_id"": ""B05:1301"", ""source_url"": ""https://www.bisxbahamas.com/bahamas-government-registered-stock"", ""table"": ""1"", ""row"": ""72"", ""headers_json"": ""[\""Symbol\"", \""Issue Date\"", \""Maturity Date\"", \""Coupon Rate\""]"", ""cells_json"": ""[\""BSBGR1292394\"", \""08 Jul 2020\"", \""15 Apr 2039\"", \""5.04%\""]"", ""row_links_json"": ""[\""https://www.bisxbahamas.com/all-listings/bsbgr1292394\""]"", ""content_sha256"": ""6e9e2032b0a18d9a8f6c1afe5f91074063adca139987647759a3d5de81696ecb"", ""semantic_status"": ""SOURCE_TABLE_ROW_NOT_AUTOMATICALLY_ENTITY""}]",SOURCE_TABLE_RECORD_NOT_GLOBAL_OR_UNIQUE_COMPANY_VERIFICATION
https://www.bisxbahamas.com/bahamas-government-registered-stock,1,73,,BSBGR1290299,DIRECTORY_RECORD_REVIEW,"{""Symbol"": ""BSBGR1290299"", ""Issue Date"": ""08 Jul 2020"", ""Maturity Date"": ""15 Apr 2029"", ""Coupon Rate"": ""4.59%""}","[{""work_id"": ""B05:1301"", ""source_url"": ""https://www.bisxbahamas.com/bahamas-government-registered-stock"", ""table"": ""1"", ""row"": ""73"", ""headers_json"": ""[\""Symbol\"", \""Issue Date\"", \""Maturity Date\"", \""Coupon Rate\""]"", ""cells_json"": ""[\""BSBGR1290299\"", \""08 Jul 2020\"", \""15 Apr 2029\"", \""4.59%\""]"", ""row_links_json"": ""[\""https://www.bisxbahamas.com/all-listings/bsbgr1290299\""]"", ""content_sha256"": ""6e9e2032b0a18d9a8f6c1afe5f91074063adca139987647759a3d5de81696ecb"", ""semantic_status"": ""SOURCE_TABLE_ROW_NOT_AUTOMATICALLY_ENTITY""}]",SOURCE_TABLE_RECORD_NOT_GLOBAL_OR_UNIQUE_COMPANY_VERIFICATION
https://www.bisxbahamas.com/bahamas-government-registered-stock,1,74,,BSBGR1290265,DIRECTORY_RECORD_REVIEW,"{""Symbol"": ""BSBGR1290265"", ""Issue Date"": ""08 Jul 2020"", ""Maturity Date"": ""15 Apr 2026"", ""Coupon Rate"": ""3.89%""}","[{""work_id"": ""B05:1301"", ""source_url"": ""https://www.bisxbahamas.com/bahamas-government-registered-stock"", ""table"": ""1"", ""row"": ""74"", ""headers_json"": ""[\""Symbol\"", \""Issue Date\"", \""Maturity Date\"", \""Coupon Rate\""]"", ""cells_json"": ""[\""BSBGR1290265\"", \""08 Jul 2020\"", \""15 Apr 2026\"", \""3.89%\""]"", ""row_links_json"": ""[\""https://www.bisxbahamas.com/all-listings/bsbgr1290265\""]"", ""content_sha256"": ""6e9e2032b0a18d9a8f6c1afe5f91074063adca139987647759a3d5de81696ecb"", ""semantic_status"": ""SOURCE_TABLE_ROW_NOT_AUTOMATICALLY_ENTITY""}]",SOURCE_TABLE_RECORD_NOT_GLOBAL_OR_UNIQUE_COMPANY_VERIFICATION
https://www.bisxbahamas.com/bahamas-government-registered-stock,1,75,,BSBGR1271497,DIRECTORY_RECORD_REVIEW,"{""Symbol"": ""BSBGR1271497"", ""Issue Date"": ""08 Jul 2020"", ""Maturity Date"": ""15 Jan 2049"", ""Coupon Rate"": ""5.5%""}","[{""work_id"": ""B05:1301"", ""source_url"": ""https://www.bisxbahamas.com/bahamas-government-registered-stock"", ""table"": ""1"", ""row"": ""75"", ""headers_json"": ""[\""Symbol\"", \""Issue Date\"", \""Maturity Date\"", \""Coupon Rate\""]"", ""cells_json"": ""[\""BSBGR1271497\"", \""08 Jul 2020\"", \""15 Jan 2049\"", \""5.5%\""]"", ""row_links_json"": ""[\""https://www.bisxbahamas.com/all-listings/bsbgr1271497\""]"", ""content_sha256"": ""6e9e2032b0a18d9a8f6c1afe5f91074063adca139987647759a3d5de81696ecb"", ""semantic_status"": ""SOURCE_TABLE_ROW_NOT_AUTOMATICALLY_ENTITY""}]",SOURCE_TABLE_RECORD_NOT_GLOBAL_OR_UNIQUE_COMPANY_VERIFICATION
https://www.bisxbahamas.com/bahamas-government-registered-stock,1,76,,BSBGR1271398,DIRECTORY_RECORD_REVIEW,"{""Symbol"": ""BSBGR1271398"", ""Issue Date"": ""08 Jul 2020"", ""Maturity Date"": ""15 Jan 2039"", ""Coupon Rate"": ""5%""}","[{""work_id"": ""B05:1301"", ""source_url"": ""https://www.bisxbahamas.com/bahamas-government-registered-stock"", ""table"": ""1"", ""row"": ""76"", ""headers_json"": ""[\""Symbol\"", \""Issue Date\"", \""Maturity Date\"", \""Coupon Rate\""]"", ""cells_json"": ""[\""BSBGR1271398\"", \""08 Jul 2020\"", \""15 Jan 2039\"", \""5%\""]"", ""row_links_json"": ""[\""https://www.bisxbahamas.com/all-listings/bsbgr1271398\""]"", ""content_sha256"": ""6e9e2032b0a18d9a8f6c1afe5f91074063adca139987647759a3d5de81696ecb"", ""semantic_status"": ""SOURCE_TABLE_ROW_NOT_AUTOMATICALLY_ENTITY""}]",SOURCE_TABLE_RECORD_NOT_GLOBAL_OR_UNIQUE_COMPANY_VERIFICATION
https://www.bisxbahamas.com/bahamas-government-registered-stock,1,77,,BSBGR1270291,DIRECTORY_RECORD_REVIEW,"{""Symbol"": ""BSBGR1270291"", ""Issue Date"": ""08 Jul 2020"", ""Maturity Date"": ""15 Jan 2029"", ""Coupon Rate"": ""4.5%""}","[{""work_id"": ""B05:1301"", ""source_url"": ""https://www.bisxbahamas.com/bahamas-government-registered-stock"", ""table"": ""1"", ""row"": ""77"", ""headers_json"": ""[\""Symbol\"", \""Issue Date\"", \""Maturity Date\"", \""Coupon Rate\""]"", ""cells_json"": ""[\""BSBGR1270291\"", \""08 Jul 2020\"", \""15 Jan 2029\"", \""4.5%\""]"", ""row_links_json"": ""[\""https://www.bisxbahamas.com/all-listings/bsbgr1270291\""]"", ""content_sha256"": ""6e9e2032b0a18d9a8f6c1afe5f91074063adca139987647759a3d5de81696ecb"", ""semantic_status"": ""SOURCE_TABLE_ROW_NOT_AUTOMATICALLY_ENTITY""}]",SOURCE_TABLE_RECORD_NOT_GLOBAL_OR_UNIQUE_COMPANY_VERIFICATION
https://www.bisxbahamas.com/bahamas-government-registered-stock,1,78,,BSBGR1270267,DIRECTORY_RECORD_REVIEW,"{""Symbol"": ""BSBGR1270267"", ""Issue Date"": ""08 Jul 2020"", ""Maturity Date"": ""15 Jan 2026"", ""Coupon Rate"": ""3.81%""}","[{""work_id"": ""B05:1301"", ""source_url"": ""https://www.bisxbahamas.com/bahamas-government-registered-stock"", ""table"": ""1"", ""row"": ""78"", ""headers_json"": ""[\""Symbol\"", \""Issue Date\"", \""Maturity Date\"", \""Coupon Rate\""]"", ""cells_json"": ""[\""BSBGR1270267\"", \""08 Jul 2020\"", \""15 Jan 2026\"", \""3.81%\""]"", ""row_links_json"": ""[\""https://www.bisxbahamas.com/all-listings/bsbgr1270267\""]"", ""content_sha256"": ""6e9e2032b0a18d9a8f6c1afe5f91074063adca139987647759a3d5de81696ecb"", ""semantic_status"": ""SOURCE_TABLE_ROW_NOT_AUTOMATICALLY_ENTITY""}]",SOURCE_TABLE_RECORD_NOT_GLOBAL_OR_UNIQUE_COMPANY_VERIFICATION
https://www.bisxbahamas.com/bahamas-government-registered-stock,1,79,,BSBGR1253255,DIRECTORY_RECORD_REVIEW,"{""Symbol"": ""BSBGR1253255"", ""Issue Date"": ""08 Jul 2020"", ""Maturity Date"": ""15 Oct 2025"", ""Coupon Rate"": ""3.87%""}","[{""work_id"": ""B05:1301"", ""source_url"": ""https://www.bisxbahamas.com/bahamas-government-registered-stock"", ""table"": ""1"", ""row"": ""79"", ""headers_json"": ""[\""Symbol\"", \""Issue Date\"", \""Maturity Date\"", \""Coupon Rate\""]"", ""cells_json"": ""[\""BSBGR1253255\"", \""08 Jul 2020\"", \""15 Oct 2025\"", \""3.87%\""]"", ""row_links_json"": ""[\""https://www.bisxbahamas.com/all-listings/bsbgr1253255\""]"", ""content_sha256"": ""6e9e2032b0a18d9a8f6c1afe5f91074063adca139987647759a3d5de81696ecb"", ""semantic_status"": ""SOURCE_TABLE_ROW_NOT_AUTOMATICALLY_ENTITY""}]",SOURCE_TABLE_RECORD_NOT_GLOBAL_OR_UNIQUE_COMPANY_VERIFICATION
https://www.bisxbahamas.com/bahamas-government-registered-stock,1,80,,BSBGR1252380,DIRECTORY_RECORD_REVIEW,"{""Symbol"": ""BSBGR1252380"", ""Issue Date"": ""08 Jul 2020"", ""Maturity Date"": ""15 Oct 2038"", ""Coupon Rate"": ""5%""}","[{""work_id"": ""B05:1301"", ""source_url"": ""https://www.bisxbahamas.com/bahamas-government-registered-stock"", ""table"": ""1"", ""row"": ""80"", ""headers_json"": ""[\""Symbol\"", \""Issue Date\"", \""Maturity Date\"", \""Coupon Rate\""]"", ""cells_json"": ""[\""BSBGR1252380\"", \""08 Jul 2020\"", \""15 Oct 2038\"", \""5%\""]"", ""row_links_json"": ""[\""https://www.bisxbahamas.com/all-listings/bsbgr1252380\""]"", ""content_sha256"": ""6e9e2032b0a18d9a8f6c1afe5f91074063adca139987647759a3d5de81696ecb"", ""semantic_status"": ""SOURCE_TABLE_ROW_NOT_AUTOMATICALLY_ENTITY""}]",SOURCE_TABLE_RECORD_NOT_GLOBAL_OR_UNIQUE_COMPANY_VERIFICATION
https://www.bisxbahamas.com/bahamas-government-registered-stock,1,81,,BSBGR1251481,DIRECTORY_RECORD_REVIEW,"{""Symbol"": ""BSBGR1251481"", ""Issue Date"": ""08 Jul 2020"", ""Maturity Date"": ""15 Oct 2048"", ""Coupon Rate"": ""5.5%""}","[{""work_id"": ""B05:1301"", ""source_url"": ""https://www.bisxbahamas.com/bahamas-government-registered-stock"", ""table"": ""1"", ""row"": ""81"", ""headers_json"": ""[\""Symbol\"", \""Issue Date\"", \""Maturity Date\"", \""Coupon Rate\""]"", ""cells_json"": ""[\""BSBGR1251481\"", \""08 Jul 2020\"", \""15 Oct 2048\"", \""5.5%\""]"", ""row_links_json"": ""[\""https://www.bisxbahamas.com/all-listings/bsbgr1251481\""]"", ""content_sha256"": ""6e9e2032b0a18d9a8f6c1afe5f91074063adca139987647759a3d5de81696ecb"", ""semantic_status"": ""SOURCE_TABLE_ROW_NOT_AUTOMATICALLY_ENTITY""}]",SOURCE_TABLE_RECORD_NOT_GLOBAL_OR_UNIQUE_COMPANY_VERIFICATION
https://www.bisxbahamas.com/bahamas-government-registered-stock,1,82,,BSBGR1251283,DIRECTORY_RECORD_REVIEW,"{""Symbol"": ""BSBGR1251283"", ""Issue Date"": ""08 Jul 2020"", ""Maturity Date"": ""15 Oct 2028"", ""Coupon Rate"": ""4.57%""}","[{""work_id"": ""B05:1301"", ""source_url"": ""https://www.bisxbahamas.com/bahamas-government-registered-stock"", ""table"": ""1"", ""row"": ""82"", ""headers_json"": ""[\""Symbol\"", \""Issue Date\"", \""Maturity Date\"", \""Coupon Rate\""]"", ""cells_json"": ""[\""BSBGR1251283\"", \""08 Jul 2020\"", \""15 Oct 2028\"", \""4.57%\""]"", ""row_links_json"": ""[\""https://www.bisxbahamas.com/all-listings/bsbgr1251283\""]"", ""content_sha256"": ""6e9e2032b0a18d9a8f6c1afe5f91074063adca139987647759a3d5de81696ecb"", ""semantic_status"": ""SOURCE_TABLE_ROW_NOT_AUTOMATICALLY_ENTITY""}]",SOURCE_TABLE_RECORD_NOT_GLOBAL_OR_UNIQUE_COMPANY_VERIFICATION
https://www.bisxbahamas.com/bahamas-government-registered-stock,1,83,,BSBGR1242381,DIRECTORY_RECORD_REVIEW,"{""Symbol"": ""BSBGR1242381"", ""Issue Date"": ""08 Jul 2020"", ""Maturity Date"": ""13 Jul 2038"", ""Coupon Rate"": ""5.06%""}","[{""work_id"": ""B05:1301"", ""source_url"": ""https://www.bisxbahamas.com/bahamas-government-registered-stock"", ""table"": ""1"", ""row"": ""83"", ""headers_json"": ""[\""Symbol\"", \""Issue Date\"", \""Maturity Date\"", \""Coupon Rate\""]"", ""cells_json"": ""[\""BSBGR1242381\"", \""08 Jul 2020\"", \""13 Jul 2038\"", \""5.06%\""]"", ""row_links_json"": ""[\""https://www.bisxbahamas.com/all-listings/bsbgr1242381\""]"", ""content_sha256"": ""6e9e2032b0a18d9a8f6c1afe5f91074063adca139987647759a3d5de81696ecb"", ""semantic_status"": ""SOURCE_TABLE_ROW_NOT_AUTOMATICALLY_ENTITY""}]",SOURCE_TABLE_RECORD_NOT_GLOBAL_OR_UNIQUE_COMPANY_VERIFICATION
https://www.bisxbahamas.com/bahamas-government-registered-stock,1,84,,BSBGR1242282,DIRECTORY_RECORD_REVIEW,"{""Symbol"": ""BSBGR1242282"", ""Issue Date"": ""08 Jul 2020"", ""Maturity Date"": ""13 Jul 2028"", ""Coupon Rate"": ""4.66%""}","[{""work_id"": ""B05:1301"", ""source_url"": ""https://www.bisxbahamas.com/bahamas-government-registered-stock"", ""table"": ""1"", ""row"": ""84"", ""headers_json"": ""[\""Symbol\"", \""Issue Date\"", \""Maturity Date\"", \""Coupon Rate\""]"", ""cells_json"": ""[\""BSBGR1242282\"", \""08 Jul 2020\"", \""13 Jul 2028\"", \""4.66%\""]"", ""row_links_json"": ""[\""https://www.bisxbahamas.com/all-listings/bsbgr1242282\""]"", ""content_sha256"": ""6e9e2032b0a18d9a8f6c1afe5f91074063adca139987647759a3d5de81696ecb"", ""semantic_status"": ""SOURCE_TABLE_ROW_NOT_AUTOMATICALLY_ENTITY""}]",SOURCE_TABLE_RECORD_NOT_GLOBAL_OR_UNIQUE_COMPANY_VERIFICATION
https://www.bisxbahamas.com/bahamas-government-registered-stock,1,85,,BSBGR1240252,DIRECTORY_RECORD_REVIEW,"{""Symbol"": ""BSBGR1240252"", ""Issue Date"": ""08 Jul 2020"", ""Maturity Date"": ""13 Jul 2025"", ""Coupon Rate"": ""3.96%""}","[{""work_id"": ""B05:1301"", ""source_url"": ""https://www.bisxbahamas.com/bahamas-government-registered-stock"", ""table"": ""1"", ""row"": ""85"", ""headers_json"": ""[\""Symbol\"", \""Issue Date\"", \""Maturity Date\"", \""Coupon Rate\""]"", ""cells_json"": ""[\""BSBGR1240252\"", \""08 Jul 2020\"", \""13 Jul 2025\"", \""3.96%\""]"", ""row_links_json"": ""[\""https://www.bisxbahamas.com/all-listings/bsbgr1240252\""]"", ""content_sha256"": ""6e9e2032b0a18d9a8f6c1afe5f91074063adca139987647759a3d5de81696ecb"", ""semantic_status"": ""SOURCE_TABLE_ROW_NOT_AUTOMATICALLY_ENTITY""}]",SOURCE_TABLE_RECORD_NOT_GLOBAL_OR_UNIQUE_COMPANY_VERIFICATION
https://www.bisxbahamas.com/bahamas-government-registered-stock,1,86,,BSBGR1211386,DIRECTORY_RECORD_REVIEW,"{""Symbol"": ""BSBGR1211386"", ""Issue Date"": ""08 Jul 2020"", ""Maturity Date"": ""23 Feb 2038"", ""Coupon Rate"": ""5.24%""}","[{""work_id"": ""B05:1301"", ""source_url"": ""https://www.bisxbahamas.com/bahamas-government-registered-stock"", ""table"": ""1"", ""row"": ""86"", ""headers_json"": ""[\""Symbol\"", \""Issue Date\"", \""Maturity Date\"", \""Coupon Rate\""]"", ""cells_json"": ""[\""BSBGR1211386\"", \""08 Jul 2020\"", \""23 Feb 2038\"", \""5.24%\""]"", ""row_links_json"": ""[\""https://www.bisxbahamas.com/all-listings/bsbgr1211386\""]"", ""content_sha256"": ""6e9e2032b0a18d9a8f6c1afe5f91074063adca139987647759a3d5de81696ecb"", ""semantic_status"": ""SOURCE_TABLE_ROW_NOT_AUTOMATICALLY_ENTITY""}]",SOURCE_TABLE_RECORD_NOT_GLOBAL_OR_UNIQUE_COMPANY_VERIFICATION
https://www.bisxbahamas.com/bahamas-government-registered-stock,1,87,,BSBGR1210289,DIRECTORY_RECORD_REVIEW,"{""Symbol"": ""BSBGR1210289"", ""Issue Date"": ""08 Jul 2020"", ""Maturity Date"": ""23 Feb 2028"", ""Coupon Rate"": ""4.83%""}","[{""work_id"": ""B05:1301"", ""source_url"": ""https://www.bisxbahamas.com/bahamas-government-registered-stock"", ""table"": ""1"", ""row"": ""87"", ""headers_json"": ""[\""Symbol\"", \""Issue Date\"", \""Maturity Date\"", \""Coupon Rate\""]"", ""cells_json"": ""[\""BSBGR1210289\"", \""08 Jul 2020\"", \""23 Feb 2028\"", \""4.83%\""]"", ""row_links_json"": ""[\""https://www.bisxbahamas.com/all-listings/bsbgr1210289\""]"", ""content_sha256"": ""6e9e2032b0a18d9a8f6c1afe5f91074063adca139987647759a3d5de81696ecb"", ""semantic_status"": ""SOURCE_TABLE_ROW_NOT_AUTOMATICALLY_ENTITY""}]",SOURCE_TABLE_RECORD_NOT_GLOBAL_OR_UNIQUE_COMPANY_VERIFICATION
https://www.bisxbahamas.com/bahamas-government-registered-stock,1,88,,BSBGR1200371,DIRECTORY_RECORD_REVIEW,"{""Symbol"": ""BSBGR1200371"", ""Issue Date"": ""08 Jul 2020"", ""Maturity Date"": ""15 Dec 2037"", ""Coupon Rate"": ""5.22%""}","[{""work_id"": ""B05:1301"", ""source_url"": ""https://www.bisxbahamas.com/bahamas-government-registered-stock"", ""table"": ""1"", ""row"": ""88"", ""headers_json"": ""[\""Symbol\"", \""Issue Date\"", \""Maturity Date\"", \""Coupon Rate\""]"", ""cells_json"": ""[\""BSBGR1200371\"", \""08 Jul 2020\"", \""15 Dec 2037\"", \""5.22%\""]"", ""row_links_json"": ""[\""https://www.bisxbahamas.com/all-listings/bsbgr1200371\""]"", ""content_sha256"": ""6e9e2032b0a18d9a8f6c1afe5f91074063adca139987647759a3d5de81696ecb"", ""semantic_status"": ""SOURCE_TABLE_ROW_NOT_AUTOMATICALLY_ENTITY""}]",SOURCE_TABLE_RECORD_NOT_GLOBAL_OR_UNIQUE_COMPANY_VERIFICATION
https://www.bisxbahamas.com/bahamas-government-registered-stock,1,89,,BSBGR1200272,DIRECTORY_RECORD_REVIEW,"{""Symbol"": ""BSBGR1200272"", ""Issue Date"": ""08 Jul 2020"", ""Maturity Date"": ""15 Dec 2027"", ""Coupon Rate"": ""4.82%""}","[{""work_id"": ""B05:1301"", ""source_url"": ""https://www.bisxbahamas.com/bahamas-government-registered-stock"", ""table"": ""1"", ""row"": ""89"", ""headers_json"": ""[\""Symbol\"", \""Issue Date\"", \""Maturity Date\"", \""Coupon Rate\""]"", ""cells_json"": ""[\""BSBGR1200272\"", \""08 Jul 2020\"", \""15 Dec 2027\"", \""4.82%\""]"", ""row_links_json"": ""[\""https://www.bisxbahamas.com/all-listings/bsbgr1200272\""]"", ""content_sha256"": ""6e9e2032b0a18d9a8f6c1afe5f91074063adca139987647759a3d5de81696ecb"", ""semantic_status"": ""SOURCE_TABLE_ROW_NOT_AUTOMATICALLY_ENTITY""}]",SOURCE_TABLE_RECORD_NOT_GLOBAL_OR_UNIQUE_COMPANY_VERIFICATION
https://www.bisxbahamas.com/bahamas-government-registered-stock,1,90,,BSBGR1180375,DIRECTORY_RECORD_REVIEW,"{""Symbol"": ""BSBGR1180375"", ""Issue Date"": ""08 Jul 2020"", ""Maturity Date"": ""13 Oct 2037"", ""Coupon Rate"": ""5.22%""}","[{""work_id"": ""B05:1301"", ""source_url"": ""https://www.bisxbahamas.com/bahamas-government-registered-stock"", ""table"": ""1"", ""row"": ""90"", ""headers_json"": ""[\""Symbol\"", \""Issue Date\"", \""Maturity Date\"", \""Coupon Rate\""]"", ""cells_json"": ""[\""BSBGR1180375\"", \""08 Jul 2020\"", \""13 Oct 2037\"", \""5.22%\""]"", ""row_links_json"": ""[\""https://www.bisxbahamas.com/all-listings/bsbgr1180375\""]"", ""content_sha256"": ""6e9e2032b0a18d9a8f6c1afe5f91074063adca139987647759a3d5de81696ecb"", ""semantic_status"": ""SOURCE_TABLE_ROW_NOT_AUTOMATICALLY_ENTITY""}]",SOURCE_TABLE_RECORD_NOT_GLOBAL_OR_UNIQUE_COMPANY_VERIFICATION
https://www.bisxbahamas.com/bahamas-government-registered-stock,1,91,,BSBGR1180276,DIRECTORY_RECORD_REVIEW,"{""Symbol"": ""BSBGR1180276"", ""Issue Date"": ""08 Jul 2020"", ""Maturity Date"": ""13 Oct 2027"", ""Coupon Rate"": ""4.82%""}","[{""work_id"": ""B05:1301"", ""source_url"": ""https://www.bisxbahamas.com/bahamas-government-registered-stock"", ""table"": ""1"", ""row"": ""91"", ""headers_json"": ""[\""Symbol\"", \""Issue Date\"", \""Maturity Date\"", \""Coupon Rate\""]"", ""cells_json"": ""[\""BSBGR1180276\"", \""08 Jul 2020\"", \""13 Oct 2027\"", \""4.82%\""]"", ""row_links_json"": ""[\""https://www.bisxbahamas.com/all-listings/bsbgr1180276\""]"", ""content_sha256"": ""6e9e2032b0a18d9a8f6c1afe5f91074063adca139987647759a3d5de81696ecb"", ""semantic_status"": ""SOURCE_TABLE_ROW_NOT_AUTOMATICALLY_ENTITY""}]",SOURCE_TABLE_RECORD_NOT_GLOBAL_OR_UNIQUE_COMPANY_VERIFICATION
https://www.bisxbahamas.com/bahamas-government-registered-stock,1,92,,BSBGR1170376,DIRECTORY_RECORD_REVIEW,"{""Symbol"": ""BSBGR1170376"", ""Issue Date"": ""08 Jul 2020"", ""Maturity Date"": ""14 Jul 2037"", ""Coupon Rate"": ""5.2%""}","[{""work_id"": ""B05:1301"", ""source_url"": ""https://www.bisxbahamas.com/bahamas-government-registered-stock"", ""table"": ""1"", ""row"": ""92"", ""headers_json"": ""[\""Symbol\"", \""Issue Date\"", \""Maturity Date\"", \""Coupon Rate\""]"", ""cells_json"": ""[\""BSBGR1170376\"", \""08 Jul 2020\"", \""14 Jul 2037\"", \""5.2%\""]"", ""row_links_json"": ""[\""https://www.bisxbahamas.com/all-listings/bsbgr1170376\""]"", ""content_sha256"": ""6e9e2032b0a18d9a8f6c1afe5f91074063adca139987647759a3d5de81696ecb"", ""semantic_status"": ""SOURCE_TABLE_ROW_NOT_AUTOMATICALLY_ENTITY""}]",SOURCE_TABLE_RECORD_NOT_GLOBAL_OR_UNIQUE_COMPANY_VERIFICATION
https://www.bisxbahamas.com/bahamas-government-registered-stock,1,93,,BSBGR1170277,DIRECTORY_RECORD_REVIEW,"{""Symbol"": ""BSBGR1170277"", ""Issue Date"": ""08 Jul 2020"", ""Maturity Date"": ""14 Jul 2027"", ""Coupon Rate"": ""4.8%""}","[{""work_id"": ""B05:1301"", ""source_url"": ""https://www.bisxbahamas.com/bahamas-government-registered-stock"", ""table"": ""1"", ""row"": ""93"", ""headers_json"": ""[\""Symbol\"", \""Issue Date\"", \""Maturity Date\"", \""Coupon Rate\""]"", ""cells_json"": ""[\""BSBGR1170277\"", \""08 Jul 2020\"", \""14 Jul 2027\"", \""4.8%\""]"", ""row_links_json"": ""[\""https://www.bisxbahamas.com/all-listings/bsbgr1170277\""]"", ""content_sha256"": ""6e9e2032b0a18d9a8f6c1afe5f91074063adca139987647759a3d5de81696ecb"", ""semantic_status"": ""SOURCE_TABLE_ROW_NOT_AUTOMATICALLY_ENTITY""}]",SOURCE_TABLE_RECORD_NOT_GLOBAL_OR_UNIQUE_COMPANY_VERIFICATION
https://www.bisxbahamas.com/bahamas-government-registered-stock,1,94,,BSBGR1120363,DIRECTORY_RECORD_REVIEW,"{""Symbol"": ""BSBGR1120363"", ""Issue Date"": ""08 Jul 2020"", ""Maturity Date"": ""13 Oct 2036"", ""Coupon Rate"": ""5.4%""}","[{""work_id"": ""B05:1301"", ""source_url"": ""https://www.bisxbahamas.com/bahamas-government-registered-stock"", ""table"": ""1"", ""row"": ""94"", ""headers_json"": ""[\""Symbol\"", \""Issue Date\"", \""Maturity Date\"", \""Coupon Rate\""]"", ""cells_json"": ""[\""BSBGR1120363\"", \""08 Jul 2020\"", \""13 Oct 2036\"", \""5.4%\""]"", ""row_links_json"": ""[\""https://www.bisxbahamas.com/all-listings/bsbgr1120363\""]"", ""content_sha256"": ""6e9e2032b0a18d9a8f6c1afe5f91074063adca139987647759a3d5de81696ecb"", ""semantic_status"": ""SOURCE_TABLE_ROW_NOT_AUTOMATICALLY_ENTITY""}]",SOURCE_TABLE_RECORD_NOT_GLOBAL_OR_UNIQUE_COMPANY_VERIFICATION
https://www.bisxbahamas.com/bahamas-government-registered-stock,1,95,,BSBGR1090368,DIRECTORY_RECORD_REVIEW,"{""Symbol"": ""BSBGR1090368"", ""Issue Date"": ""08 Jul 2020"", ""Maturity Date"": ""03 Oct 2036"", ""Coupon Rate"": ""5.4%""}","[{""work_id"": ""B05:1301"", ""source_url"": ""https://www.bisxbahamas.com/bahamas-government-registered-stock"", ""table"": ""1"", ""row"": ""95"", ""headers_json"": ""[\""Symbol\"", \""Issue Date\"", \""Maturity Date\"", \""Coupon Rate\""]"", ""cells_json"": ""[\""BSBGR1090368\"", \""08 Jul 2020\"", \""03 Oct 2036\"", \""5.4%\""]"", ""row_links_json"": ""[\""https://www.bisxbahamas.com/all-listings/bsbgr1090368\""]"", ""content_sha256"": ""6e9e2032b0a18d9a8f6c1afe5f91074063adca139987647759a3d5de81696ecb"", ""semantic_status"": ""SOURCE_TABLE_ROW_NOT_AUTOMATICALLY_ENTITY""}]",SOURCE_TABLE_RECORD_NOT_GLOBAL_OR_UNIQUE_COMPANY_VERIFICATION
https://www.bisxbahamas.com/bahamas-government-registered-stock,1,96,,BSBGR1080369,DIRECTORY_RECORD_REVIEW,"{""Symbol"": ""BSBGR1080369"", ""Issue Date"": ""08 Jul 2020"", ""Maturity Date"": ""23 Sep 2036"", ""Coupon Rate"": ""5.4%""}","[{""work_id"": ""B05:1301"", ""source_url"": ""https://www.bisxbahamas.com/bahamas-government-registered-stock"", ""table"": ""1"", ""row"": ""96"", ""headers_json"": ""[\""Symbol\"", \""Issue Date\"", \""Maturity Date\"", \""Coupon Rate\""]"", ""cells_json"": ""[\""BSBGR1080369\"", \""08 Jul 2020\"", \""23 Sep 2036\"", \""5.4%\""]"", ""row_links_json"": ""[\""https://www.bisxbahamas.com/all-listings/bsbgr1080369\""]"", ""content_sha256"": ""6e9e2032b0a18d9a8f6c1afe5f91074063adca139987647759a3d5de81696ecb"", ""semantic_status"": ""SOURCE_TABLE_ROW_NOT_AUTOMATICALLY_ENTITY""}]",SOURCE_TABLE_RECORD_NOT_GLOBAL_OR_UNIQUE_COMPANY_VERIFICATION
https://www.bisxbahamas.com/bahamas-government-registered-stock,1,97,,BSBGR1070360,DIRECTORY_RECORD_REVIEW,"{""Symbol"": ""BSBGR1070360"", ""Issue Date"": ""08 Jul 2020"", ""Maturity Date"": ""26 Aug 2036"", ""Coupon Rate"": ""5.4%""}","[{""work_id"": ""B05:1301"", ""source_url"": ""https://www.bisxbahamas.com/bahamas-government-registered-stock"", ""table"": ""1"", ""row"": ""97"", ""headers_json"": ""[\""Symbol\"", \""Issue Date\"", \""Maturity Date\"", \""Coupon Rate\""]"", ""cells_json"": ""[\""BSBGR1070360\"", \""08 Jul 2020\"", \""26 Aug 2036\"", \""5.4%\""]"", ""row_links_json"": ""[\""https://www.bisxbahamas.com/all-listings/bsbgr1070360\""]"", ""content_sha256"": ""6e9e2032b0a18d9a8f6c1afe5f91074063adca139987647759a3d5de81696ecb"", ""semantic_status"": ""SOURCE_TABLE_ROW_NOT_AUTOMATICALLY_ENTITY""}]",SOURCE_TABLE_RECORD_NOT_GLOBAL_OR_UNIQUE_COMPANY_VERIFICATION
https://www.bisxbahamas.com/bahamas-government-registered-stock,1,98,,BSBGR1060361,DIRECTORY_RECORD_REVIEW,"{""Symbol"": ""BSBGR1060361"", ""Issue Date"": ""08 Jul 2020"", ""Maturity Date"": ""04 Aug 2036"", ""Coupon Rate"": ""5.4%""}","[{""work_id"": ""B05:1301"", ""source_url"": ""https://www.bisxbahamas.com/bahamas-government-registered-stock"", ""table"": ""1"", ""row"": ""98"", ""headers_json"": ""[\""Symbol\"", \""Issue Date\"", \""Maturity Date\"", \""Coupon Rate\""]"", ""cells_json"": ""[\""BSBGR1060361\"", \""08 Jul 2020\"", \""04 Aug 2036\"", \""5.4%\""]"", ""row_links_json"": ""[\""https://www.bisxbahamas.com/all-listings/bsbgr1060361\""]"", ""content_sha256"": ""6e9e2032b0a18d9a8f6c1afe5f91074063adca139987647759a3d5de81696ecb"", ""semantic_status"": ""SOURCE_TABLE_ROW_NOT_AUTOMATICALLY_ENTITY""}]",SOURCE_TABLE_RECORD_NOT_GLOBAL_OR_UNIQUE_COMPANY_VERIFICATION
https://www.bisxbahamas.com/bahamas-government-registered-stock,1,99,,BSBGR1050263,DIRECTORY_RECORD_REVIEW,"{""Symbol"": ""BSBGR1050263"", ""Issue Date"": ""08 Jul 2020"", ""Maturity Date"": ""25 Jul 2026"", ""Coupon Rate"": ""4.55%""}","[{""work_id"": ""B05:1301"", ""source_url"": ""https://www.bisxbahamas.com/bahamas-government-registered-stock"", ""table"": ""1"", ""row"": ""99"", ""headers_json"": ""[\""Symbol\"", \""Issue Date\"", \""Maturity Date\"", \""Coupon Rate\""]"", ""cells_json"": ""[\""BSBGR1050263\"", \""08 Jul 2020\"", \""25 Jul 2026\"", \""4.55%\""]"", ""row_links_json"": ""[\""https://www.bisxbahamas.com/all-listings/bsbgr1050263\""]"", ""content_sha256"": ""6e9e2032b0a18d9a8f6c1afe5f91074063adca139987647759a3d5de81696ecb"", ""semantic_status"": ""SOURCE_TABLE_ROW_NOT_AUTOMATICALLY_ENTITY""}]",SOURCE_TABLE_RECORD_NOT_GLOBAL_OR_UNIQUE_COMPANY_VERIFICATION
https://www.cssf.lu/en/information-requirements-issuers-of-securities/,1,2,E3717 SMG Hospitality SE,,DIRECTORY_RECORD_REVIEW,"{""Issuer"": ""E3717 SMG Hospitality SE"", ""Financial report concerned"": ""Annual financial report as of 31.12.2025"", ""Publication deadline"": ""30.04.2026""}","[{""work_id"": ""B05:1872"", ""source_url"": ""https://www.cssf.lu/en/information-requirements-issuers-of-securities/"", ""table"": ""1"", ""row"": ""2"", ""headers_json"": ""[]"", ""cells_json"": ""[\""E3717 SMG Hospitality SE\"", \""Annual financial report as of 31.12.2025\"", \""30.04.2026\""]"", ""row_links_json"": ""[]"", ""content_sha256"": ""91b4649da4f9dd37fc613f1a85b76dacd581c4c9a950cf556f4dc591f61d51bd"", ""semantic_status"": ""SOURCE_TABLE_ROW_NOT_AUTOMATICALLY_ENTITY""}]",SOURCE_TABLE_RECORD_NOT_GLOBAL_OR_UNIQUE_COMPANY_VERIFICATION
https://www.cssf.lu/en/information-requirements-issuers-of-securities/,1,3,E3488 Corestate Capital Holding S.A.,,DIRECTORY_RECORD_REVIEW,"{""Issuer"": ""E3488 Corestate Capital Holding S.A."", ""Financial report concerned"": ""Annual financial report as of 31.12.2025"", ""Publication deadline"": ""30.04.2026""}","[{""work_id"": ""B05:1872"", ""source_url"": ""https://www.cssf.lu/en/information-requirements-issuers-of-securities/"", ""table"": ""1"", ""row"": ""3"", ""headers_json"": ""[]"", ""cells_json"": ""[\""E3488 Corestate Capital Holding S.A.\"", \""Annual financial report as of 31.12.2025\"", \""30.04.2026\""]"", ""row_links_json"": ""[]"", ""content_sha256"": ""91b4649da4f9dd37fc613f1a85b76dacd581c4c9a950cf556f4dc591f61d51bd"", ""semantic_status"": ""SOURCE_TABLE_ROW_NOT_AUTOMATICALLY_ENTITY""}]",SOURCE_TABLE_RECORD_NOT_GLOBAL_OR_UNIQUE_COMPANY_VERIFICATION
https://www.cssf.lu/en/information-requirements-issuers-of-securities/,1,4,E1192 Gaz Capital S.A.,,DIRECTORY_RECORD_REVIEW,"{""Issuer"": ""E1192 Gaz Capital S.A."", ""Financial report concerned"": ""Annual financial report as of 31.12.2025"", ""Publication deadline"": ""30.04.2026""}","[{""work_id"": ""B05:1872"", ""source_url"": ""https://www.cssf.lu/en/information-requirements-issuers-of-securities/"", ""table"": ""1"", ""row"": ""4"", ""headers_json"": ""[]"", ""cells_json"": ""[\""E1192 Gaz Capital S.A.\"", \""Annual financial report as of 31.12.2025\"", \""30.04.2026\""]"", ""row_links_json"": ""[]"", ""content_sha256"": ""91b4649da4f9dd37fc613f1a85b76dacd581c4c9a950cf556f4dc591f61d51bd"", ""semantic_status"": ""SOURCE_TABLE_ROW_NOT_AUTOMATICALLY_ENTITY""}]",SOURCE_TABLE_RECORD_NOT_GLOBAL_OR_UNIQUE_COMPANY_VERIFICATION
https://www.cssf.lu/en/information-requirements-issuers-of-securities/,1,5,E957 KSG Agro S.A.,,DIRECTORY_RECORD_REVIEW,"{""Issuer"": ""E957 KSG Agro S.A."", ""Financial report concerned"": ""Annual financial report as of 31.12.2025"", ""Publication deadline"": ""30.04.2026""}","[{""work_id"": ""B05:1872"", ""source_url"": ""https://www.cssf.lu/en/information-requirements-issuers-of-securities/"", ""table"": ""1"", ""row"": ""5"", ""headers_json"": ""[]"", ""cells_json"": ""[\""E957 KSG Agro S.A.\"", \""Annual financial report as of 31.12.2025\"", \""30.04.2026\""]"", ""row_links_json"": ""[]"", ""content_sha256"": ""91b4649da4f9dd37fc613f1a85b76dacd581c4c9a950cf556f4dc591f61d51bd"", ""semantic_status"": ""SOURCE_TABLE_ROW_NOT_AUTOMATICALLY_ENTITY""}]",SOURCE_TABLE_RECORD_NOT_GLOBAL_OR_UNIQUE_COMPANY_VERIFICATION
https://www.cssf.lu/en/information-requirements-issuers-of-securities/,1,6,E3758 UNIPRO Capital a.s.,,DIRECTORY_RECORD_REVIEW,"{""Issuer"": ""E3758 UNIPRO Capital a.s."", ""Financial report concerned"": ""Half-yearly financial report as of 30.06.2025"", ""Publication deadline"": ""30.09.2025""}","[{""work_id"": ""B05:1872"", ""source_url"": ""https://www.cssf.lu/en/information-requirements-issuers-of-securities/"", ""table"": ""1"", ""row"": ""6"", ""headers_json"": ""[]"", ""cells_json"": ""[\""E3758 UNIPRO Capital a.s.\"", \""Half-yearly financial report as of 30.06.2025\"", \""30.09.2025\""]"", ""row_links_json"": ""[]"", ""content_sha256"": ""91b4649da4f9dd37fc613f1a85b76dacd581c4c9a950cf556f4dc591f61d51bd"", ""semantic_status"": ""SOURCE_TABLE_ROW_NOT_AUTOMATICALLY_ENTITY""}]",SOURCE_TABLE_RECORD_NOT_GLOBAL_OR_UNIQUE_COMPANY_VERIFICATION
https://www.cssf.lu/en/information-requirements-issuers-of-securities/,1,7,E3758 UNIPRO Capital a.s.,,DIRECTORY_RECORD_REVIEW,"{""Issuer"": ""E3758 UNIPRO Capital a.s."", ""Financial report concerned"": ""Annual financial report as of 31.12.2025"", ""Publication deadline"": ""30.04.2026""}","[{""work_id"": ""B05:1872"", ""source_url"": ""https://www.cssf.lu/en/information-requirements-issuers-of-securities/"", ""table"": ""1"", ""row"": ""7"", ""headers_json"": ""[]"", ""cells_json"": ""[\""E3758 UNIPRO Capital a.s.\"", \""Annual financial report as of 31.12.2025\"", \""30.04.2026\""]"", ""row_links_json"": ""[]"", ""content_sha256"": ""91b4649da4f9dd37fc613f1a85b76dacd581c4c9a950cf556f4dc591f61d51bd"", ""semantic_status"": ""SOURCE_TABLE_ROW_NOT_AUTOMATICALLY_ENTITY""}]",SOURCE_TABLE_RECORD_NOT_GLOBAL_OR_UNIQUE_COMPANY_VERIFICATION
https://www.cssf.lu/en/information-requirements-issuers-of-securities/,1,8,E3488 Corestate Capital Holding S.A.,,DIRECTORY_RECORD_REVIEW,"{""Issuer"": ""E3488 Corestate Capital Holding S.A."", ""Financial report concerned"": ""Half-yearly financial report as of 30.06.2025"", ""Publication deadline"": ""30.09.2025""}","[{""work_id"": ""B05:1872"", ""source_url"": ""https://www.cssf.lu/en/information-requirements-issuers-of-securities/"", ""table"": ""1"", ""row"": ""8"", ""headers_json"": ""[]"", ""cells_json"": ""[\""E3488 Corestate Capital Holding S.A.\"", \""Half-yearly financial report as of 30.06.2025\"", \""30.09.2025\""]"", ""row_links_json"": ""[]"", ""content_sha256"": ""91b4649da4f9dd37fc613f1a85b76dacd581c4c9a950cf556f4dc591f61d51bd"", ""semantic_status"": ""SOURCE_TABLE_ROW_NOT_AUTOMATICALLY_ENTITY""}]",SOURCE_TABLE_RECORD_NOT_GLOBAL_OR_UNIQUE_COMPANY_VERIFICATION
https://www.cssf.lu/en/information-requirements-issuers-of-securities/,1,9,E3758 UNIPRO Capital a.s.,,DIRECTORY_RECORD_REVIEW,"{""Issuer"": ""E3758 UNIPRO Capital a.s."", ""Financial report concerned"": ""Annual financial report as of 31.12.2024"", ""Publication deadline"": ""30.04.2025""}","[{""work_id"": ""B05:1872"", ""source_url"": ""https://www.cssf.lu/en/information-requirements-issuers-of-securities/"", ""table"": ""1"", ""row"": ""9"", ""headers_json"": ""[]"", ""cells_json"": ""[\""E3758 UNIPRO Capital a.s.\"", \""Annual financial report as of 31.12.2024\"", \""30.04.2025\""]"", ""row_links_json"": ""[]"", ""content_sha256"": ""91b4649da4f9dd37fc613f1a85b76dacd581c4c9a950cf556f4dc591f61d51bd"", ""semantic_status"": ""SOURCE_TABLE_ROW_NOT_AUTOMATICALLY_ENTITY""}]",SOURCE_TABLE_RECORD_NOT_GLOBAL_OR_UNIQUE_COMPANY_VERIFICATION
https://www.cssf.lu/en/information-requirements-issuers-of-securities/,1,10,E3758 UNIPRO Capital a.s.,,DIRECTORY_RECORD_REVIEW,"{""Issuer"": ""E3758 UNIPRO Capital a.s."", ""Financial report concerned"": ""Half-yearly financial report as of 30.06.2024"", ""Publication deadline"": ""30.09.2024""}","[{""work_id"": ""B05:1872"", ""source_url"": ""https://www.cssf.lu/en/information-requirements-issuers-of-securities/"", ""table"": ""1"", ""row"": ""10"", ""headers_json"": ""[]"", ""cells_json"": ""[\""E3758 UNIPRO Capital a.s.\"", \""Half-yearly financial report as of 30.06.2024\"", \""30.09.2024\""]"", ""row_links_json"": ""[]"", ""content_sha256"": ""91b4649da4f9dd37fc613f1a85b76dacd581c4c9a950cf556f4dc591f61d51bd"", ""semantic_status"": ""SOURCE_TABLE_ROW_NOT_AUTOMATICALLY_ENTITY""}]",SOURCE_TABLE_RECORD_NOT_GLOBAL_OR_UNIQUE_COMPANY_VERIFICATION
https://www.cssf.lu/en/information-requirements-issuers-of-securities/,1,11,E3758 UNIPRO Capital a.s.,,DIRECTORY_RECORD_REVIEW,"{""Issuer"": ""E3758 UNIPRO Capital a.s."", ""Financial report concerned"": ""Annual financial report as of 31.12.2023"", ""Publication deadline"": ""30.04.2024""}","[{""work_id"": ""B05:1872"", ""source_url"": ""https://www.cssf.lu/en/information-requirements-issuers-of-securities/"", ""table"": ""1"", ""row"": ""11"", ""headers_json"": ""[]"", ""cells_json"": ""[\""E3758 UNIPRO Capital a.s.\"", \""Annual financial report as of 31.12.2023\"", \""30.04.2024\""]"", ""row_links_json"": ""[]"", ""content_sha256"": ""91b4649da4f9dd37fc613f1a85b76dacd581c4c9a950cf556f4dc591f61d51bd"", ""semantic_status"": ""SOURCE_TABLE_ROW_NOT_AUTOMATICALLY_ENTITY""}]",SOURCE_TABLE_RECORD_NOT_GLOBAL_OR_UNIQUE_COMPANY_VERIFICATION
https://www.cssf.lu/en/information-requirements-issuers-of-securities/,1,12,E3488 Corestate Capital Holding S.A.,,DIRECTORY_RECORD_REVIEW,"{""Issuer"": ""E3488 Corestate Capital Holding S.A."", ""Financial report concerned"": ""Half-yearly financial report as of 30.06.2023"", ""Publication deadline"": ""30.09.2023""}","[{""work_id"": ""B05:1872"", ""source_url"": ""https://www.cssf.lu/en/information-requirements-issuers-of-securities/"", ""table"": ""1"", ""row"": ""12"", ""headers_json"": ""[]"", ""cells_json"": ""[\""E3488 Corestate Capital Holding S.A.\"", \""Half-yearly financial report as of 30.06.2023\"", \""30.09.2023\""]"", ""row_links_json"": ""[]"", ""content_sha256"": ""91b4649da4f9dd37fc613f1a85b76dacd581c4c9a950cf556f4dc591f61d51bd"", ""semantic_status"": ""SOURCE_TABLE_ROW_NOT_AUTOMATICALLY_ENTITY""}]",SOURCE_TABLE_RECORD_NOT_GLOBAL_OR_UNIQUE_COMPANY_VERIFICATION
https://www.cssf.lu/en/information-requirements-issuers-of-securities/,2,2,–,,DIRECTORY_RECORD_REVIEW,"{""Reference"": ""–"", ""Issuer"": ""–"", ""Date"": ""–""}","[{""work_id"": ""B05:1872"", ""source_url"": ""https://www.cssf.lu/en/information-requirements-issuers-of-securities/"", ""table"": ""2"", ""row"": ""2"", ""headers_json"": ""[]"", ""cells_json"": ""[\""–\"", \""–\"", \""–\""]"", ""row_links_json"": ""[]"", ""content_sha256"": ""91b4649da4f9dd37fc613f1a85b76dacd581c4c9a950cf556f4dc591f61d51bd"", ""semantic_status"": ""SOURCE_TABLE_ROW_NOT_AUTOMATICALLY_ENTITY""}]",SOURCE_TABLE_RECORD_NOT_GLOBAL_OR_UNIQUE_COMPANY_VERIFICATION
https://www.cssf.lu/en/information-requirements-issuers-of-securities/,4,2,cssf_cookies,,DIRECTORY_RECORD_REVIEW,"{""Name"": ""cssf_cookies"", ""Description"": ""Saves information regarding the user's consent to the use of cookies for each optional category."", ""Duration"": ""1 year""}","[{""work_id"": ""B05:1872"", ""source_url"": ""https://www.cssf.lu/en/information-requirements-issuers-of-securities/"", ""table"": ""4"", ""row"": ""2"", ""headers_json"": ""[\""Name\"", \""Description\"", \""Duration\""]"", ""cells_json"": ""[\""cssf_cookies\"", \""Saves information regarding the user's consent to the use of cookies for each optional category.\"", \""1 year\""]"", ""row_links_json"": ""[]"", ""content_sha256"": ""91b4649da4f9dd37fc613f1a85b76dacd581c4c9a950cf556f4dc591f61d51bd"", ""semantic_status"": ""SOURCE_TABLE_ROW_NOT_AUTOMATICALLY_ENTITY""}]",SOURCE_TABLE_RECORD_NOT_GLOBAL_OR_UNIQUE_COMPANY_VERIFICATION
https://www.cssf.lu/en/information-requirements-issuers-of-securities/,4,3,ROUTEID,,DIRECTORY_RECORD_REVIEW,"{""Name"": ""ROUTEID"", ""Description"": ""Technical cookie allowing load distribution."", ""Duration"": ""Deleted when the browsing session ends""}","[{""work_id"": ""B05:1872"", ""source_url"": ""https://www.cssf.lu/en/information-requirements-issuers-of-securities/"", ""table"": ""4"", ""row"": ""3"", ""headers_json"": ""[\""Name\"", \""Description\"", \""Duration\""]"", ""cells_json"": ""[\""ROUTEID\"", \""Technical cookie allowing load distribution.\"", \""Deleted when the browsing session ends\""]"", ""row_links_json"": ""[]"", ""content_sha256"": ""91b4649da4f9dd37fc613f1a85b76dacd581c4c9a950cf556f4dc591f61d51bd"", ""semantic_status"": ""SOURCE_TABLE_ROW_NOT_AUTOMATICALLY_ENTITY""}]",SOURCE_TABLE_RECORD_NOT_GLOBAL_OR_UNIQUE_COMPANY_VERIFICATION
https://www.cssf.lu/en/information-requirements-issuers-of-securities/,4,4,TBMCookie*,,DIRECTORY_RECORD_REVIEW,"{""Name"": ""TBMCookie*"", ""Description"": ""Security: This cookies protects the website against automated attacks."", ""Duration"": ""Deleted when the browsing session ends""}","[{""work_id"": ""B05:1872"", ""source_url"": ""https://www.cssf.lu/en/information-requirements-issuers-of-securities/"", ""table"": ""4"", ""row"": ""4"", ""headers_json"": ""[\""Name\"", \""Description\"", \""Duration\""]"", ""cells_json"": ""[\""TBMCookie*\"", \""Security: This cookies protects the website against automated attacks.\"", \""Deleted when the browsing session ends\""]"", ""row_links_json"": ""[]"", ""content_sha256"": ""91b4649da4f9dd37fc613f1a85b76dacd581c4c9a950cf556f4dc591f61d51bd"", ""semantic_status"": ""SOURCE_TABLE_ROW_NOT_AUTOMATICALLY_ENTITY""}]",SOURCE_TABLE_RECORD_NOT_GLOBAL_OR_UNIQUE_COMPANY_VERIFICATION
https://www.cssf.lu/en/information-requirements-issuers-of-securities/,4,5,__utmvc,,DIRECTORY_RECORD_REVIEW,"{""Name"": ""__utmvc"", ""Description"": ""These first party cookies are set by a third party service to filter out malicious requests."", ""Duration"": ""Deleted when the browsing session ends""}","[{""work_id"": ""B05:1872"", ""source_url"": ""https://www.cssf.lu/en/information-requirements-issuers-of-securities/"", ""table"": ""4"", ""row"": ""5"", ""headers_json"": ""[\""Name\"", \""Description\"", \""Duration\""]"", ""cells_json"": ""[\""__utmvc\"", \""These first party cookies are set by a third party service to filter out malicious requests.\"", \""Deleted when the browsing session ends\""]"", ""row_links_json"": ""[]"", ""content_sha256"": ""91b4649da4f9dd37fc613f1a85b76dacd581c4c9a950cf556f4dc591f61d51bd"", ""semantic_status"": ""SOURCE_TABLE_ROW_NOT_AUTOMATICALLY_ENTITY""}]",SOURCE_TABLE_RECORD_NOT_GLOBAL_OR_UNIQUE_COMPANY_VERIFICATION
https://www.cssf.lu/en/information-requirements-issuers-of-securities/,4,6,__utmvm*,,DIRECTORY_RECORD_REVIEW,"{""Name"": ""__utmvm*"", ""Description"": ""These first party cookies are set by a third party service to filter out malicious requests."", ""Duration"": ""15 minutes""}","[{""work_id"": ""B05:1872"", ""source_url"": ""https://www.cssf.lu/en/information-requirements-issuers-of-securities/"", ""table"": ""4"", ""row"": ""6"", ""headers_json"": ""[\""Name\"", \""Description\"", \""Duration\""]"", ""cells_json"": ""[\""__utmvm*\"", \""These first party cookies are set by a third party service to filter out malicious requests.\"", \""15 minutes\""]"", ""row_links_json"": ""[]"", ""content_sha256"": ""91b4649da4f9dd37fc613f1a85b76dacd581c4c9a950cf556f4dc591f61d51bd"", ""semantic_status"": ""SOURCE_TABLE_ROW_NOT_AUTOMATICALLY_ENTITY""}]",SOURCE_TABLE_RECORD_NOT_GLOBAL_OR_UNIQUE_COMPANY_VERIFICATION
https://www.cssf.lu/en/information-requirements-issuers-of-securities/,5,2,cssf_profile,,DIRECTORY_RECORD_REVIEW,"{""Name"": ""cssf_profile"", ""Description"": ""This cookie adapts the website pages to the profile chosen by the visitor (professionals, markets, consumers)."", ""Duration"": ""1 year""}","[{""work_id"": ""B05:1872"", ""source_url"": ""https://www.cssf.lu/en/information-requirements-issuers-of-securities/"", ""table"": ""5"", ""row"": ""2"", ""headers_json"": ""[\""Name\"", \""Description\"", \""Duration\""]"", ""cells_json"": ""[\""cssf_profile\"", \""This cookie adapts the website pages to the profile chosen by the visitor (professionals, markets, consumers).\"", \""1 year\""]"", ""row_links_json"": ""[]"", ""content_sha256"": ""91b4649da4f9dd37fc613f1a85b76dacd581c4c9a950cf556f4dc591f61d51bd"", ""semantic_status"": ""SOURCE_TABLE_ROW_NOT_AUTOMATICALLY_ENTITY""}]",SOURCE_TABLE_RECORD_NOT_GLOBAL_OR_UNIQUE_COMPANY_VERIFICATION
https://www.cssf.lu/en/information-requirements-issuers-of-securities/,5,3,pll_language,,DIRECTORY_RECORD_REVIEW,"{""Name"": ""pll_language"", ""Description"": ""This cookie saves the user’s language choice."", ""Duration"": ""1 year""}","[{""work_id"": ""B05:1872"", ""source_url"": ""https://www.cssf.lu/en/information-requirements-issuers-of-securities/"", ""table"": ""5"", ""row"": ""3"", ""headers_json"": ""[\""Name\"", \""Description\"", \""Duration\""]"", ""cells_json"": ""[\""pll_language\"", \""This cookie saves the user’s language choice.\"", \""1 year\""]"", ""row_links_json"": ""[]"", ""content_sha256"": ""91b4649da4f9dd37fc613f1a85b76dacd581c4c9a950cf556f4dc591f61d51bd"", ""semantic_status"": ""SOURCE_TABLE_ROW_NOT_AUTOMATICALLY_ENTITY""}]",SOURCE_TABLE_RECORD_NOT_GLOBAL_OR_UNIQUE_COMPANY_VERIFICATION
https://www.cssf.lu/en/information-requirements-issuers-of-securities/,6,2,_pk_id.#,,DIRECTORY_RECORD_REVIEW,"{""Name"": ""_pk_id.#"", ""Description"": ""Collects anonymous statistical data on the website consultations, such as the number of visits or the average time spent on the website. The data is processed in-house and is not shared with a third party."", ""Duration"": ""1 year""}","[{""work_id"": ""B05:1872"", ""source_url"": ""https://www.cssf.lu/en/information-requirements-issuers-of-securities/"", ""table"": ""6"", ""row"": ""2"", ""headers_json"": ""[\""Name\"", \""Description\"", \""Duration\""]"", ""cells_json"": ""[\""_pk_id.#\"", \""Collects anonymous statistical data on the website consultations, such as the number of visits or the average time spent on the website. The data is processed in-house and is not shared with a third party.\"", \""1 year\""]"", ""row_links_json"": ""[]"", ""content_sha256"": ""91b4649da4f9dd37fc613f1a85b76dacd581c4c9a950cf556f4dc591f61d51bd"", ""semantic_status"": ""SOURCE_TABLE_ROW_NOT_AUTOMATICALLY_ENTITY""}]",SOURCE_TABLE_RECORD_NOT_GLOBAL_OR_UNIQUE_COMPANY_VERIFICATION
https://www.cssf.lu/en/information-requirements-issuers-of-securities/,6,3,_pk_ses.#,,DIRECTORY_RECORD_REVIEW,"{""Name"": ""_pk_ses.#"", ""Description"": ""Collects anonymous statistical data for the tracking of the pages consulted during the browsing session. The data is processed in-house and is not shared with a third party."", ""Duration"": ""30 minutes""}","[{""work_id"": ""B05:1872"", ""source_url"": ""https://www.cssf.lu/en/information-requirements-issuers-of-securities/"", ""table"": ""6"", ""row"": ""3"", ""headers_json"": ""[\""Name\"", \""Description\"", \""Duration\""]"", ""cells_json"": ""[\""_pk_ses.#\"", \""Collects anonymous statistical data for the tracking of the pages consulted during the browsing session. The data is processed in-house and is not shared with a third party.\"", \""30 minutes\""]"", ""row_links_json"": ""[]"", ""content_sha256"": ""91b4649da4f9dd37fc613f1a85b76dacd581c4c9a950cf556f4dc591f61d51bd"", ""semantic_status"": ""SOURCE_TABLE_ROW_NOT_AUTOMATICALLY_ENTITY""}]",SOURCE_TABLE_RECORD_NOT_GLOBAL_OR_UNIQUE_COMPANY_VERIFICATION
https://www.ecseonline.com/equities-securities-listing/,1,4,The West Indies Oil Company Ltd.,WIOC,DIRECTORY_RECORD_REVIEW,"{""Country"": """", ""Company Name"": ""The West Indies Oil Company Ltd."", ""Symbol"": ""WIOC"", ""ISIN"": ""AG8450451123""}","[{""work_id"": ""B05:2031"", ""source_url"": ""https://www.ecseonline.com/equities-securities-listing/"", ""table"": ""1"", ""row"": ""4"", ""headers_json"": ""[\""Country\"", \""Company Name\"", \""Symbol\"", \""ISIN\""]"", ""cells_json"": ""[\""\"", \""The West Indies Oil Company Ltd.\"", \""WIOC\"", \""AG8450451123\""]"", ""row_links_json"": ""[]"", ""content_sha256"": ""4bc59acd4e0a3adb46dca67eec36ce5bb25888f7e7dbf83eb44028dad909af2a"", ""semantic_status"": ""SOURCE_TABLE_ROW_NOT_AUTOMATICALLY_ENTITY""}]",SOURCE_TABLE_RECORD_NOT_GLOBAL_OR_UNIQUE_COMPANY_VERIFICATION
https://www.ecseonline.com/equities-securities-listing/,1,6,Dominica Electricity Services Ltd.,DES,DIRECTORY_RECORD_REVIEW,"{""Country"": """", ""Company Name"": ""Dominica Electricity Services Ltd."", ""Symbol"": ""DES"", ""ISIN"": ""DM2402601095""}","[{""work_id"": ""B05:2031"", ""source_url"": ""https://www.ecseonline.com/equities-securities-listing/"", ""table"": ""1"", ""row"": ""6"", ""headers_json"": ""[\""Country\"", \""Company Name\"", \""Symbol\"", \""ISIN\""]"", ""cells_json"": ""[\""\"", \""Dominica Electricity Services Ltd.\"", \""DES\"", \""DM2402601095\""]"", ""row_links_json"": ""[]"", ""content_sha256"": ""4bc59acd4e0a3adb46dca67eec36ce5bb25888f7e7dbf83eb44028dad909af2a"", ""semantic_status"": ""SOURCE_TABLE_ROW_NOT_AUTOMATICALLY_ENTITY""}]",SOURCE_TABLE_RECORD_NOT_GLOBAL_OR_UNIQUE_COMPANY_VERIFICATION
https://www.ecseonline.com/equities-securities-listing/,1,8,Grenada Co-operative Bank Ltd.,GCBL,DIRECTORY_RECORD_REVIEW,"{""Country"": """", ""Company Name"": ""Grenada Co-operative Bank Ltd."", ""Symbol"": ""GCBL"", ""ISIN"": ""GD3351751056""}","[{""work_id"": ""B05:2031"", ""source_url"": ""https://www.ecseonline.com/equities-securities-listing/"", ""table"": ""1"", ""row"": ""8"", ""headers_json"": ""[\""Country\"", \""Company Name\"", \""Symbol\"", \""ISIN\""]"", ""cells_json"": ""[\""\"", \""Grenada Co-operative Bank Ltd.\"", \""GCBL\"", \""GD3351751056\""]"", ""row_links_json"": ""[]"", ""content_sha256"": ""4bc59acd4e0a3adb46dca67eec36ce5bb25888f7e7dbf83eb44028dad909af2a"", ""semantic_status"": ""SOURCE_TABLE_ROW_NOT_AUTOMATICALLY_ENTITY""}]",SOURCE_TABLE_RECORD_NOT_GLOBAL_OR_UNIQUE_COMPANY_VERIFICATION
https://www.ecseonline.com/equities-securities-listing/,1,9,Grenada Electricity Services Ltd.,GESL,DIRECTORY_RECORD_REVIEW,"{""Country"": """", ""Company Name"": ""Grenada Electricity Services Ltd."", ""Symbol"": ""GESL"", ""ISIN"": ""GD3402601086""}","[{""work_id"": ""B05:2031"", ""source_url"": ""https://www.ecseonline.com/equities-securities-listing/"", ""table"": ""1"", ""row"": ""9"", ""headers_json"": ""[\""Country\"", \""Company Name\"", \""Symbol\"", \""ISIN\""]"", ""cells_json"": ""[\""\"", \""Grenada Electricity Services Ltd.\"", \""GESL\"", \""GD3402601086\""]"", ""row_links_json"": ""[]"", ""content_sha256"": ""4bc59acd4e0a3adb46dca67eec36ce5bb25888f7e7dbf83eb44028dad909af2a"", ""semantic_status"": ""SOURCE_TABLE_ROW_NOT_AUTOMATICALLY_ENTITY""}]",SOURCE_TABLE_RECORD_NOT_GLOBAL_OR_UNIQUE_COMPANY_VERIFICATION
https://www.ecseonline.com/equities-securities-listing/,1,10,Grenreal Property Corporation Ltd.,GPCL,DIRECTORY_RECORD_REVIEW,"{""Country"": """", ""Company Name"": ""Grenreal Property Corporation Ltd."", ""Symbol"": ""GPCL"", ""ISIN"": ""GD3456401067""}","[{""work_id"": ""B05:2031"", ""source_url"": ""https://www.ecseonline.com/equities-securities-listing/"", ""table"": ""1"", ""row"": ""10"", ""headers_json"": ""[\""Country\"", \""Company Name\"", \""Symbol\"", \""ISIN\""]"", ""cells_json"": ""[\""\"", \""Grenreal Property Corporation Ltd.\"", \""GPCL\"", \""GD3456401067\""]"", ""row_links_json"": ""[]"", ""content_sha256"": ""4bc59acd4e0a3adb46dca67eec36ce5bb25888f7e7dbf83eb44028dad909af2a"", ""semantic_status"": ""SOURCE_TABLE_ROW_NOT_AUTOMATICALLY_ENTITY""}]",SOURCE_TABLE_RECORD_NOT_GLOBAL_OR_UNIQUE_COMPANY_VERIFICATION
https://www.ecseonline.com/equities-securities-listing/,1,12,The Bank of Nevis Ltd.,BON,DIRECTORY_RECORD_REVIEW,"{""Country"": """", ""Company Name"": ""The Bank of Nevis Ltd."", ""Symbol"": ""BON"", ""ISIN"": ""KN1035651071""}","[{""work_id"": ""B05:2031"", ""source_url"": ""https://www.ecseonline.com/equities-securities-listing/"", ""table"": ""1"", ""row"": ""12"", ""headers_json"": ""[\""Country\"", \""Company Name\"", \""Symbol\"", \""ISIN\""]"", ""cells_json"": ""[\""\"", \""The Bank of Nevis Ltd.\"", \""BON\"", \""KN1035651071\""]"", ""row_links_json"": ""[]"", ""content_sha256"": ""4bc59acd4e0a3adb46dca67eec36ce5bb25888f7e7dbf83eb44028dad909af2a"", ""semantic_status"": ""SOURCE_TABLE_ROW_NOT_AUTOMATICALLY_ENTITY""}]",SOURCE_TABLE_RECORD_NOT_GLOBAL_OR_UNIQUE_COMPANY_VERIFICATION
https://www.ecseonline.com/equities-securities-listing/,1,13,Cable & Wireless St Kitts & Nevis Ltd.,CWKN,DIRECTORY_RECORD_REVIEW,"{""Country"": """", ""Company Name"": ""Cable & Wireless St Kitts & Nevis Ltd."", ""Symbol"": ""CWKN"", ""ISIN"": ""KN1530511077""}","[{""work_id"": ""B05:2031"", ""source_url"": ""https://www.ecseonline.com/equities-securities-listing/"", ""table"": ""1"", ""row"": ""13"", ""headers_json"": ""[\""Country\"", \""Company Name\"", \""Symbol\"", \""ISIN\""]"", ""cells_json"": ""[\""\"", \""Cable & Wireless St Kitts & Nevis Ltd.\"", \""CWKN\"", \""KN1530511077\""]"", ""row_links_json"": ""[]"", ""content_sha256"": ""4bc59acd4e0a3adb46dca67eec36ce5bb25888f7e7dbf83eb44028dad909af2a"", ""semantic_status"": ""SOURCE_TABLE_ROW_NOT_AUTOMATICALLY_ENTITY""}]",SOURCE_TABLE_RECORD_NOT_GLOBAL_OR_UNIQUE_COMPANY_VERIFICATION
https://www.ecseonline.com/equities-securities-listing/,1,14,The St. Kitts Nevis Anguilla Trading and Development Company Ltd.,TDC,DIRECTORY_RECORD_REVIEW,"{""Country"": """", ""Company Name"": ""The St. Kitts Nevis Anguilla Trading and Development Company Ltd."", ""Symbol"": ""TDC"", ""ISIN"": ""KN7404851077""}","[{""work_id"": ""B05:2031"", ""source_url"": ""https://www.ecseonline.com/equities-securities-listing/"", ""table"": ""1"", ""row"": ""14"", ""headers_json"": ""[\""Country\"", \""Company Name\"", \""Symbol\"", \""ISIN\""]"", ""cells_json"": ""[\""\"", \""The St. Kitts Nevis Anguilla Trading and Development Company Ltd.\"", \""TDC\"", \""KN7404851077\""]"", ""row_links_json"": ""[]"", ""content_sha256"": ""4bc59acd4e0a3adb46dca67eec36ce5bb25888f7e7dbf83eb44028dad909af2a"", ""semantic_status"": ""SOURCE_TABLE_ROW_NOT_AUTOMATICALLY_ENTITY""}]",SOURCE_TABLE_RECORD_NOT_GLOBAL_OR_UNIQUE_COMPANY_VERIFICATION
https://www.ecseonline.com/equities-securities-listing/,1,15,St Kitts Nevis Anguilla National Bank Ltd.,SKNB,DIRECTORY_RECORD_REVIEW,"{""Country"": """", ""Company Name"": ""St Kitts Nevis Anguilla National Bank Ltd."", ""Symbol"": ""SKNB"", ""ISIN"": ""KN7404841003""}","[{""work_id"": ""B05:2031"", ""source_url"": ""https://www.ecseonline.com/equities-securities-listing/"", ""table"": ""1"", ""row"": ""15"", ""headers_json"": ""[\""Country\"", \""Company Name\"", \""Symbol\"", \""ISIN\""]"", ""cells_json"": ""[\""\"", \""St Kitts Nevis Anguilla National Bank Ltd.\"", \""SKNB\"", \""KN7404841003\""]"", ""row_links_json"": ""[]"", ""content_sha256"": ""4bc59acd4e0a3adb46dca67eec36ce5bb25888f7e7dbf83eb44028dad909af2a"", ""semantic_status"": ""SOURCE_TABLE_ROW_NOT_AUTOMATICALLY_ENTITY""}]",SOURCE_TABLE_RECORD_NOT_GLOBAL_OR_UNIQUE_COMPANY_VERIFICATION
https://www.ecseonline.com/equities-securities-listing/,1,16,S. L. Horsford & Company Ltd.,SLH,DIRECTORY_RECORD_REVIEW,"{""Country"": """", ""Company Name"": ""S. L. Horsford & Company Ltd."", ""Symbol"": ""SLH"", ""ISIN"": ""KN7004901058""}","[{""work_id"": ""B05:2031"", ""source_url"": ""https://www.ecseonline.com/equities-securities-listing/"", ""table"": ""1"", ""row"": ""16"", ""headers_json"": ""[\""Country\"", \""Company Name\"", \""Symbol\"", \""ISIN\""]"", ""cells_json"": ""[\""\"", \""S. L. Horsford & Company Ltd.\"", \""SLH\"", \""KN7004901058\""]"", ""row_links_json"": ""[]"", ""content_sha256"": ""4bc59acd4e0a3adb46dca67eec36ce5bb25888f7e7dbf83eb44028dad909af2a"", ""semantic_status"": ""SOURCE_TABLE_ROW_NOT_AUTOMATICALLY_ENTITY""}]",SOURCE_TABLE_RECORD_NOT_GLOBAL_OR_UNIQUE_COMPANY_VERIFICATION
https://www.ecseonline.com/equities-securities-listing/,1,18,St. Lucia Electricity Services Ltd.,SLES,DIRECTORY_RECORD_REVIEW,"{""Country"": """", ""Company Name"": ""St. Lucia Electricity Services Ltd."", ""Symbol"": ""SLES"", ""ISIN"": ""LC7402601047""}","[{""work_id"": ""B05:2031"", ""source_url"": ""https://www.ecseonline.com/equities-securities-listing/"", ""table"": ""1"", ""row"": ""18"", ""headers_json"": ""[\""Country\"", \""Company Name\"", \""Symbol\"", \""ISIN\""]"", ""cells_json"": ""[\""\"", \""St. Lucia Electricity Services Ltd.\"", \""SLES\"", \""LC7402601047\""]"", ""row_links_json"": ""[]"", ""content_sha256"": ""4bc59acd4e0a3adb46dca67eec36ce5bb25888f7e7dbf83eb44028dad909af2a"", ""semantic_status"": ""SOURCE_TABLE_ROW_NOT_AUTOMATICALLY_ENTITY""}]",SOURCE_TABLE_RECORD_NOT_GLOBAL_OR_UNIQUE_COMPANY_VERIFICATION
https://www.ecseonline.com/equities-securities-listing/,1,19,East Caribbean Financial Holding Company,ECFH,DIRECTORY_RECORD_REVIEW,"{""Country"": """", ""Company Name"": ""East Caribbean Financial Holding Company"", ""Symbol"": ""ECFH"", ""ISIN"": ""LC2521551066""}","[{""work_id"": ""B05:2031"", ""source_url"": ""https://www.ecseonline.com/equities-securities-listing/"", ""table"": ""1"", ""row"": ""19"", ""headers_json"": ""[\""Country\"", \""Company Name\"", \""Symbol\"", \""ISIN\""]"", ""cells_json"": ""[\""\"", \""East Caribbean Financial Holding Company\"", \""ECFH\"", \""LC2521551066\""]"", ""row_links_json"": ""[]"", ""content_sha256"": ""4bc59acd4e0a3adb46dca67eec36ce5bb25888f7e7dbf83eb44028dad909af2a"", ""semantic_status"": ""SOURCE_TABLE_ROW_NOT_AUTOMATICALLY_ENTITY""}]",SOURCE_TABLE_RECORD_NOT_GLOBAL_OR_UNIQUE_COMPANY_VERIFICATION
https://www.ecseonline.com/equities-securities-listing/,1,21,Bank of St. Vincent and the Grenadines Ltd.,BOSV,DIRECTORY_RECORD_REVIEW,"{""Country"": """", ""Company Name"": ""Bank of St. Vincent and the Grenadines Ltd."", ""Symbol"": ""BOSV"", ""ISIN"": ""VC1057408319""}","[{""work_id"": ""B05:2031"", ""source_url"": ""https://www.ecseonline.com/equities-securities-listing/"", ""table"": ""1"", ""row"": ""21"", ""headers_json"": ""[\""Country\"", \""Company Name\"", \""Symbol\"", \""ISIN\""]"", ""cells_json"": ""[\""\"", \""Bank of St. Vincent and the Grenadines Ltd.\"", \""BOSV\"", \""VC1057408319\""]"", ""row_links_json"": ""[]"", ""content_sha256"": ""4bc59acd4e0a3adb46dca67eec36ce5bb25888f7e7dbf83eb44028dad909af2a"", ""semantic_status"": ""SOURCE_TABLE_ROW_NOT_AUTOMATICALLY_ENTITY""}]",SOURCE_TABLE_RECORD_NOT_GLOBAL_OR_UNIQUE_COMPANY_VERIFICATION
https://www.enexgroup.gr/web/guest/active-energy-markets-members,1,2,AKEN EUROPE B.V.,,MEMBER_OR_PARTICIPANT_SOURCE_RECORD,"{""A/A"": ""1"", ""Company name"": ""AKEN EUROPE B.V."", ""dam & idm"": """", ""derivatives market"": """", ""natural gas"": """", ""ppa platform"": """", ""country"": ""NETHERLANDS""}","[{""work_id"": ""B05:2082"", ""source_url"": ""https://www.enexgroup.gr/web/guest/active-energy-markets-members"", ""table"": ""1"", ""row"": ""2"", ""headers_json"": ""[\""A/A\"", \""Company name\"", \""dam & idm\"", \""derivatives market\"", \""natural gas\"", \""ppa platform\"", \""country\""]"", ""cells_json"": ""[\""1\"", \""AKEN EUROPE B.V.\"", \""\"", \""\"", \""\"", \""\"", \""NETHERLANDS\""]"", ""row_links_json"": ""[]"", ""content_sha256"": ""c79e198919e8615877e63f8a4f6173edb1ece94c7459d397fc3005ad742d27c0"", ""semantic_status"": ""SOURCE_TABLE_ROW_NOT_AUTOMATICALLY_ENTITY""}]",SOURCE_TABLE_RECORD_NOT_GLOBAL_OR_UNIQUE_COMPANY_VERIFICATION
https://www.enexgroup.gr/web/guest/active-energy-markets-members,1,3,ALPHA FINANCE Î.Î.Î .Î.Î¥,,MEMBER_OR_PARTICIPANT_SOURCE_RECORD,"{""A/A"": ""2"", ""Company name"": ""ALPHA FINANCE Î.Î.Î .Î.Î¥"", ""dam & idm"": """", ""derivatives market"": """", ""natural gas"": """", ""ppa platform"": """", ""country"": ""GREECE""}","[{""work_id"": ""B05:2082"", ""source_url"": ""https://www.enexgroup.gr/web/guest/active-energy-markets-members"", ""table"": ""1"", ""row"": ""3"", ""headers_json"": ""[\""A/A\"", \""Company name\"", \""dam & idm\"", \""derivatives market\"", \""natural gas\"", \""ppa platform\"", \""country\""]"", ""cells_json"": ""[\""2\"", \""ALPHA FINANCE Î.Î.Î .Î.Î¥\"", \""\"", \""\"", \""\"", \""\"", \""GREECE\""]"", ""row_links_json"": ""[\""http://www.alphafinance.gr/AlphaFinance/en/Home.aspx\""]"", ""content_sha256"": ""c79e198919e8615877e63f8a4f6173edb1ece94c7459d397fc3005ad742d27c0"", ""semantic_status"": ""SOURCE_TABLE_ROW_NOT_AUTOMATICALLY_ENTITY""}]",SOURCE_TABLE_RECORD_NOT_GLOBAL_OR_UNIQUE_COMPANY_VERIFICATION
https://www.enexgroup.gr/web/guest/active-energy-markets-members,1,4,ALLIANZ ENERGY BULGARIA LLC,,MEMBER_OR_PARTICIPANT_SOURCE_RECORD,"{""A/A"": ""3"", ""Company name"": ""ALLIANZ ENERGY BULGARIA LLC"", ""dam & idm"": """", ""derivatives market"": """", ""natural gas"": """", ""ppa platform"": """", ""country"": ""BULGARIA""}","[{""work_id"": ""B05:2082"", ""source_url"": ""https://www.enexgroup.gr/web/guest/active-energy-markets-members"", ""table"": ""1"", ""row"": ""4"", ""headers_json"": ""[\""A/A\"", \""Company name\"", \""dam & idm\"", \""derivatives market\"", \""natural gas\"", \""ppa platform\"", \""country\""]"", ""cells_json"": ""[\""3\"", \""ALLIANZ ENERGY BULGARIA LLC\"", \""\"", \""\"", \""\"", \""\"", \""BULGARIA\""]"", ""row_links_json"": ""[\""https://www.allianz-energy.com/\""]"", ""content_sha256"": ""c79e198919e8615877e63f8a4f6173edb1ece94c7459d397fc3005ad742d27c0"", ""semantic_status"": ""SOURCE_TABLE_ROW_NOT_AUTOMATICALLY_ENTITY""}]",SOURCE_TABLE_RECORD_NOT_GLOBAL_OR_UNIQUE_COMPANY_VERIFICATION
https://www.enexgroup.gr/web/guest/active-energy-markets-members,1,5,ALPIQ ENERGY SE,,MEMBER_OR_PARTICIPANT_SOURCE_RECORD,"{""A/A"": ""4"", ""Company name"": ""ALPIQ ENERGY SE"", ""dam & idm"": """", ""derivatives market"": """", ""natural gas"": """", ""ppa platform"": """", ""country"": ""CZECH REPUBLIC""}","[{""work_id"": ""B05:2082"", ""source_url"": ""https://www.enexgroup.gr/web/guest/active-energy-markets-members"", ""table"": ""1"", ""row"": ""5"", ""headers_json"": ""[\""A/A\"", \""Company name\"", \""dam & idm\"", \""derivatives market\"", \""natural gas\"", \""ppa platform\"", \""country\""]"", ""cells_json"": ""[\""4\"", \""ALPIQ ENERGY SE\"", \""\"", \""\"", \""\"", \""\"", \""CZECH REPUBLIC\""]"", ""row_links_json"": ""[\""https://www.alpiq.com/\""]"", ""content_sha256"": ""c79e198919e8615877e63f8a4f6173edb1ece94c7459d397fc3005ad742d27c0"", ""semantic_status"": ""SOURCE_TABLE_ROW_NOT_AUTOMATICALLY_ENTITY""}]",SOURCE_TABLE_RECORD_NOT_GLOBAL_OR_UNIQUE_COMPANY_VERIFICATION
https://www.enexgroup.gr/web/guest/active-energy-markets-members,1,6,AR ENERGY ÎÎÎÎÎ Î¡ÎÎ£Î©Î Î ÎÎÎ©ÎÎ¥ÎÎ ÎÎ¤ÎÎÎ¡ÎÎÎ,,MEMBER_OR_PARTICIPANT_SOURCE_RECORD,"{""A/A"": ""5"", ""Company name"": ""AR ENERGY ÎÎÎÎÎ Î¡ÎÎ£Î©Î Î ÎÎÎ©ÎÎ¥ÎÎ ÎÎ¤ÎÎÎ¡ÎÎÎ"", ""dam & idm"": """", ""derivatives market"": """", ""natural gas"": """", ""ppa platform"": """", ""country"": ""GREECE""}","[{""work_id"": ""B05:2082"", ""source_url"": ""https://www.enexgroup.gr/web/guest/active-energy-markets-members"", ""table"": ""1"", ""row"": ""6"", ""headers_json"": ""[\""A/A\"", \""Company name\"", \""dam & idm\"", \""derivatives market\"", \""natural gas\"", \""ppa platform\"", \""country\""]"", ""cells_json"": ""[\""5\"", \""AR ENERGY ÎÎÎÎÎ Î¡ÎÎ£Î©Î Î ÎÎÎ©ÎÎ¥ÎÎ ÎÎ¤ÎÎÎ¡ÎÎÎ\"", \""\"", \""\"", \""\"", \""\"", \""GREECE\""]"", ""row_links_json"": ""[]"", ""content_sha256"": ""c79e198919e8615877e63f8a4f6173edb1ece94c7459d397fc3005ad742d27c0"", ""semantic_status"": ""SOURCE_TABLE_ROW_NOT_AUTOMATICALLY_ENTITY""}]",SOURCE_TABLE_RECORD_NOT_GLOBAL_OR_UNIQUE_COMPANY_VERIFICATION
https://www.enexgroup.gr/web/guest/active-energy-markets-members,1,7,AYEN ENERGIJA d.o.o,,MEMBER_OR_PARTICIPANT_SOURCE_RECORD,"{""A/A"": ""6"", ""Company name"": ""AYEN ENERGIJA d.o.o"", ""dam & idm"": """", ""derivatives market"": """", ""natural gas"": """", ""ppa platform"": """", ""country"": ""SLOVENIA""}","[{""work_id"": ""B05:2082"", ""source_url"": ""https://www.enexgroup.gr/web/guest/active-energy-markets-members"", ""table"": ""1"", ""row"": ""7"", ""headers_json"": ""[\""A/A\"", \""Company name\"", \""dam & idm\"", \""derivatives market\"", \""natural gas\"", \""ppa platform\"", \""country\""]"", ""cells_json"": ""[\""6\"", \""AYEN ENERGIJA d.o.o\"", \""\"", \""\"", \""\"", \""\"", \""SLOVENIA\""]"", ""row_links_json"": ""[\""http://www.ayen.com.tr/ayendooENG/\""]"", ""content_sha256"": ""c79e198919e8615877e63f8a4f6173edb1ece94c7459d397fc3005ad742d27c0"", ""semantic_status"": ""SOURCE_TABLE_ROW_NOT_AUTOMATICALLY_ENTITY""}]",SOURCE_TABLE_RECORD_NOT_GLOBAL_OR_UNIQUE_COMPANY_VERIFICATION
https://www.enexgroup.gr/web/guest/active-energy-markets-members,1,8,AXPO BULGARIA EAD,,MEMBER_OR_PARTICIPANT_SOURCE_RECORD,"{""A/A"": ""7"", ""Company name"": ""AXPO BULGARIA EAD"", ""dam & idm"": """", ""derivatives market"": """", ""natural gas"": """", ""ppa platform"": """", ""country"": ""BULGARIA""}","[{""work_id"": ""B05:2082"", ""source_url"": ""https://www.enexgroup.gr/web/guest/active-energy-markets-members"", ""table"": ""1"", ""row"": ""8"", ""headers_json"": ""[\""A/A\"", \""Company name\"", \""dam & idm\"", \""derivatives market\"", \""natural gas\"", \""ppa platform\"", \""country\""]"", ""cells_json"": ""[\""7\"", \""AXPO BULGARIA EAD\"", \""\"", \""\"", \""\"", \""\"", \""BULGARIA\""]"", ""row_links_json"": ""[\""https://www.axpo.com/bg/en/about-us.html\""]"", ""content_sha256"": ""c79e198919e8615877e63f8a4f6173edb1ece94c7459d397fc3005ad742d27c0"", ""semantic_status"": ""SOURCE_TABLE_ROW_NOT_AUTOMATICALLY_ENTITY""}]",SOURCE_TABLE_RECORD_NOT_GLOBAL_OR_UNIQUE_COMPANY_VERIFICATION
https://www.enexgroup.gr/web/guest/active-energy-markets-members,1,9,AXPO SOLUTIONS AG (GREEK BRANCH),,MEMBER_OR_PARTICIPANT_SOURCE_RECORD,"{""A/A"": ""8"", ""Company name"": ""AXPO SOLUTIONS AG (GREEK BRANCH)"", ""dam & idm"": """", ""derivatives market"": """", ""natural gas"": """", ""ppa platform"": """", ""country"": ""SWITZERLAND""}","[{""work_id"": ""B05:2082"", ""source_url"": ""https://www.enexgroup.gr/web/guest/active-energy-markets-members"", ""table"": ""1"", ""row"": ""9"", ""headers_json"": ""[\""A/A\"", \""Company name\"", \""dam & idm\"", \""derivatives market\"", \""natural gas\"", \""ppa platform\"", \""country\""]"", ""cells_json"": ""[\""8\"", \""AXPO SOLUTIONS AG (GREEK BRANCH)\"", \""\"", \""\"", \""\"", \""\"", \""SWITZERLAND\""]"", ""row_links_json"": ""[\""https://www.axpo.com/gr/en/about-us.html\""]"", ""content_sha256"": ""c79e198919e8615877e63f8a4f6173edb1ece94c7459d397fc3005ad742d27c0"", ""semantic_status"": ""SOURCE_TABLE_ROW_NOT_AUTOMATICALLY_ENTITY""}]",SOURCE_TABLE_RECORD_NOT_GLOBAL_OR_UNIQUE_COMPANY_VERIFICATION
https://www.enexgroup.gr/web/guest/active-energy-markets-members,1,10,BULGARGAZ EAD,,MEMBER_OR_PARTICIPANT_SOURCE_RECORD,"{""A/A"": ""9"", ""Company name"": ""BULGARGAZ EAD"", ""dam & idm"": """", ""derivatives market"": """", ""natural gas"": """", ""ppa platform"": """", ""country"": ""BULGARIA""}","[{""work_id"": ""B05:2082"", ""source_url"": ""https://www.enexgroup.gr/web/guest/active-energy-markets-members"", ""table"": ""1"", ""row"": ""10"", ""headers_json"": ""[\""A/A\"", \""Company name\"", \""dam & idm\"", \""derivatives market\"", \""natural gas\"", \""ppa platform\"", \""country\""]"", ""cells_json"": ""[\""9\"", \""BULGARGAZ EAD\"", \""\"", \""\"", \""\"", \""\"", \""BULGARIA\""]"", ""row_links_json"": ""[\""https://www.bulgargaz.bg/en\""]"", ""content_sha256"": ""c79e198919e8615877e63f8a4f6173edb1ece94c7459d397fc3005ad742d27c0"", ""semantic_status"": ""SOURCE_TABLE_ROW_NOT_AUTOMATICALLY_ENTITY""}]",SOURCE_TABLE_RECORD_NOT_GLOBAL_OR_UNIQUE_COMPANY_VERIFICATION
https://www.enexgroup.gr/web/guest/active-energy-markets-members,1,11,CAPALO AI,,MEMBER_OR_PARTICIPANT_SOURCE_RECORD,"{""A/A"": ""10"", ""Company name"": ""CAPALO AI"", ""dam & idm"": """", ""derivatives market"": """", ""natural gas"": """", ""ppa platform"": """", ""country"": ""FINLAND""}","[{""work_id"": ""B05:2082"", ""source_url"": ""https://www.enexgroup.gr/web/guest/active-energy-markets-members"", ""table"": ""1"", ""row"": ""11"", ""headers_json"": ""[\""A/A\"", \""Company name\"", \""dam & idm\"", \""derivatives market\"", \""natural gas\"", \""ppa platform\"", \""country\""]"", ""cells_json"": ""[\""10\"", \""CAPALO AI\"", \""\"", \""\"", \""\"", \""\"", \""FINLAND\""]"", ""row_links_json"": ""[\""https://capaloai.com/\""]"", ""content_sha256"": ""c79e198919e8615877e63f8a4f6173edb1ece94c7459d397fc3005ad742d27c0"", ""semantic_status"": ""SOURCE_TABLE_ROW_NOT_AUTOMATICALLY_ENTITY""}]",SOURCE_TABLE_RECORD_NOT_GLOBAL_OR_UNIQUE_COMPANY_VERIFICATION
https://www.enexgroup.gr/web/guest/active-energy-markets-members,1,12,CENTRICA ENERGY LIMITED (GREEK BRANCH),,MEMBER_OR_PARTICIPANT_SOURCE_RECORD,"{""A/A"": ""11"", ""Company name"": ""CENTRICA ENERGY LIMITED (GREEK BRANCH)"", ""dam & idm"": """", ""derivatives market"": """", ""natural gas"": """", ""ppa platform"": """", ""country"": ""UK""}","[{""work_id"": ""B05:2082"", ""source_url"": ""https://www.enexgroup.gr/web/guest/active-energy-markets-members"", ""table"": ""1"", ""row"": ""12"", ""headers_json"": ""[\""A/A\"", \""Company name\"", \""dam & idm\"", \""derivatives market\"", \""natural gas\"", \""ppa platform\"", \""country\""]"", ""cells_json"": ""[\""11\"", \""CENTRICA ENERGY LIMITED (GREEK BRANCH)\"", \""\"", \""\"", \""\"", \""\"", \""UK\""]"", ""row_links_json"": ""[\""https://centricaenergy.com/\""]"", ""content_sha256"": ""c79e198919e8615877e63f8a4f6173edb1ece94c7459d397fc3005ad742d27c0"", ""semantic_status"": ""SOURCE_TABLE_ROW_NOT_AUTOMATICALLY_ENTITY""}]",SOURCE_TABLE_RECORD_NOT_GLOBAL_OR_UNIQUE_COMPANY_VERIFICATION
https://www.enexgroup.gr/web/guest/active-energy-markets-members,1,13,CEZ A.S.,,MEMBER_OR_PARTICIPANT_SOURCE_RECORD,"{""A/A"": ""12"", ""Company name"": ""CEZ A.S."", ""dam & idm"": """", ""derivatives market"": """", ""natural gas"": """", ""ppa platform"": """", ""country"": ""CZECH REPUBLIC""}","[{""work_id"": ""B05:2082"", ""source_url"": ""https://www.enexgroup.gr/web/guest/active-energy-markets-members"", ""table"": ""1"", ""row"": ""13"", ""headers_json"": ""[\""A/A\"", \""Company name\"", \""dam & idm\"", \""derivatives market\"", \""natural gas\"", \""ppa platform\"", \""country\""]"", ""cells_json"": ""[\""12\"", \""CEZ A.S.\"", \""\"", \""\"", \""\"", \""\"", \""CZECH REPUBLIC\""]"", ""row_links_json"": ""[\""https://www.cez.cz/en/home\""]"", ""content_sha256"": ""c79e198919e8615877e63f8a4f6173edb1ece94c7459d397fc3005ad742d27c0"", ""semantic_status"": ""SOURCE_TABLE_ROW_NOT_AUTOMATICALLY_ENTITY""}]",SOURCE_TABLE_RECORD_NOT_GLOBAL_OR_UNIQUE_COMPANY_VERIFICATION
https://www.enexgroup.gr/web/guest/active-energy-markets-members,1,14,DANSKE COMMODITIES A/S,,MEMBER_OR_PARTICIPANT_SOURCE_RECORD,"{""A/A"": ""13"", ""Company name"": ""DANSKE COMMODITIES A/S"", ""dam & idm"": """", ""derivatives market"": """", ""natural gas"": """", ""ppa platform"": """", ""country"": ""DENMARK""}","[{""work_id"": ""B05:2082"", ""source_url"": ""https://www.enexgroup.gr/web/guest/active-energy-markets-members"", ""table"": ""1"", ""row"": ""14"", ""headers_json"": ""[\""A/A\"", \""Company name\"", \""dam & idm\"", \""derivatives market\"", \""natural gas\"", \""ppa platform\"", \""country\""]"", ""cells_json"": ""[\""13\"", \""DANSKE COMMODITIES A/S\"", \""\"", \""\"", \""\"", \""\"", \""DENMARK\""]"", ""row_links_json"": ""[\""https://danskecommodities.com/\""]"", ""content_sha256"": ""c79e198919e8615877e63f8a4f6173edb1ece94c7459d397fc3005ad742d27c0"", ""semantic_status"": ""SOURCE_TABLE_ROW_NOT_AUTOMATICALLY_ENTITY""}]",SOURCE_TABLE_RECORD_NOT_GLOBAL_OR_UNIQUE_COMPANY_VERIFICATION
https://www.enexgroup.gr/web/guest/active-energy-markets-members,1,15,DELOITTE BUSINESS SOLUTIONS A.E.,,MEMBER_OR_PARTICIPANT_SOURCE_RECORD,"{""A/A"": ""14"", ""Company name"": ""DELOITTE BUSINESS SOLUTIONS A.E."", ""dam & idm"": """", ""derivatives market"": """", ""natural gas"": """", ""ppa platform"": """", ""country"": ""GREECE""}","[{""work_id"": ""B05:2082"", ""source_url"": ""https://www.enexgroup.gr/web/guest/active-energy-markets-members"", ""table"": ""1"", ""row"": ""15"", ""headers_json"": ""[\""A/A\"", \""Company name\"", \""dam & idm\"", \""derivatives market\"", \""natural gas\"", \""ppa platform\"", \""country\""]"", ""cells_json"": ""[\""14\"", \""DELOITTE BUSINESS SOLUTIONS A.E.\"", \""\"", \""\"", \""\"", \""\"", \""GREECE\""]"", ""row_links_json"": ""[\""https://www.deloitte.com/gr/en.html\""]"", ""content_sha256"": ""c79e198919e8615877e63f8a4f6173edb1ece94c7459d397fc3005ad742d27c0"", ""semantic_status"": ""SOURCE_TABLE_ROW_NOT_AUTOMATICALLY_ENTITY""}]",SOURCE_TABLE_RECORD_NOT_GLOBAL_OR_UNIQUE_COMPANY_VERIFICATION
https://www.enexgroup.gr/web/guest/active-energy-markets-members,1,16,Duferco Energia S.pA.,,MEMBER_OR_PARTICIPANT_SOURCE_RECORD,"{""A/A"": ""15"", ""Company name"": ""Duferco Energia S.pA."", ""dam & idm"": """", ""derivatives market"": """", ""natural gas"": """", ""ppa platform"": """", ""country"": ""ITALIA""}","[{""work_id"": ""B05:2082"", ""source_url"": ""https://www.enexgroup.gr/web/guest/active-energy-markets-members"", ""table"": ""1"", ""row"": ""16"", ""headers_json"": ""[\""A/A\"", \""Company name\"", \""dam & idm\"", \""derivatives market\"", \""natural gas\"", \""ppa platform\"", \""country\""]"", ""cells_json"": ""[\""15\"", \""Duferco Energia S.pA.\"", \""\"", \""\"", \""\"", \""\"", \""ITALIA\""]"", ""row_links_json"": ""[\""https://dufercoenergia.com/\""]"", ""content_sha256"": ""c79e198919e8615877e63f8a4f6173edb1ece94c7459d397fc3005ad742d27c0"", ""semantic_status"": ""SOURCE_TABLE_ROW_NOT_AUTOMATICALLY_ENTITY""}]",SOURCE_TABLE_RECORD_NOT_GLOBAL_OR_UNIQUE_COMPANY_VERIFICATION
https://www.enexgroup.gr/web/guest/active-energy-markets-members,1,17,DUFERCO HELLAS Î.Î.,,MEMBER_OR_PARTICIPANT_SOURCE_RECORD,"{""A/A"": ""16"", ""Company name"": ""DUFERCO HELLAS Î.Î."", ""dam & idm"": """", ""derivatives market"": """", ""natural gas"": """", ""ppa platform"": """", ""country"": ""GREECE""}","[{""work_id"": ""B05:2082"", ""source_url"": ""https://www.enexgroup.gr/web/guest/active-energy-markets-members"", ""table"": ""1"", ""row"": ""17"", ""headers_json"": ""[\""A/A\"", \""Company name\"", \""dam & idm\"", \""derivatives market\"", \""natural gas\"", \""ppa platform\"", \""country\""]"", ""cells_json"": ""[\""16\"", \""DUFERCO HELLAS Î.Î.\"", \""\"", \""\"", \""\"", \""\"", \""GREECE\""]"", ""row_links_json"": ""[\""https://dufercohellas.gr/\""]"", ""content_sha256"": ""c79e198919e8615877e63f8a4f6173edb1ece94c7459d397fc3005ad742d27c0"", ""semantic_status"": ""SOURCE_TABLE_ROW_NOT_AUTOMATICALLY_ENTITY""}]",SOURCE_TABLE_RECORD_NOT_GLOBAL_OR_UNIQUE_COMPANY_VERIFICATION
https://www.enexgroup.gr/web/guest/active-energy-markets-members,1,18,DXT INTERNATIONAL S.A.,,MEMBER_OR_PARTICIPANT_SOURCE_RECORD,"{""A/A"": ""17"", ""Company name"": ""DXT INTERNATIONAL S.A."", ""dam & idm"": """", ""derivatives market"": """", ""natural gas"": """", ""ppa platform"": """", ""country"": ""LUXEMBOURG""}","[{""work_id"": ""B05:2082"", ""source_url"": ""https://www.enexgroup.gr/web/guest/active-energy-markets-members"", ""table"": ""1"", ""row"": ""18"", ""headers_json"": ""[\""A/A\"", \""Company name\"", \""dam & idm\"", \""derivatives market\"", \""natural gas\"", \""ppa platform\"", \""country\""]"", ""cells_json"": ""[\""17\"", \""DXT INTERNATIONAL S.A.\"", \""\"", \""\"", \""\"", \""\"", \""LUXEMBOURG\""]"", ""row_links_json"": ""[]"", ""content_sha256"": ""c79e198919e8615877e63f8a4f6173edb1ece94c7459d397fc3005ad742d27c0"", ""semantic_status"": ""SOURCE_TABLE_ROW_NOT_AUTOMATICALLY_ENTITY""}]",SOURCE_TABLE_RECORD_NOT_GLOBAL_OR_UNIQUE_COMPANY_VERIFICATION
https://www.enexgroup.gr/web/guest/active-energy-markets-members,1,19,D. TRADING d.o.o.,,MEMBER_OR_PARTICIPANT_SOURCE_RECORD,"{""A/A"": ""18"", ""Company name"": ""D. TRADING d.o.o."", ""dam & idm"": """", ""derivatives market"": """", ""natural gas"": """", ""ppa platform"": """", ""country"": ""CROATIA""}","[{""work_id"": ""B05:2082"", ""source_url"": ""https://www.enexgroup.gr/web/guest/active-energy-markets-members"", ""table"": ""1"", ""row"": ""19"", ""headers_json"": ""[\""A/A\"", \""Company name\"", \""dam & idm\"", \""derivatives market\"", \""natural gas\"", \""ppa platform\"", \""country\""]"", ""cells_json"": ""[\""18\"", \""D. TRADING d.o.o.\"", \""\"", \""\"", \""\"", \""\"", \""CROATIA\""]"", ""row_links_json"": ""[\""https://www.d.trading/en/\""]"", ""content_sha256"": ""c79e198919e8615877e63f8a4f6173edb1ece94c7459d397fc3005ad742d27c0"", ""semantic_status"": ""SOURCE_TABLE_ROW_NOT_AUTOMATICALLY_ENTITY""}]",SOURCE_TABLE_RECORD_NOT_GLOBAL_OR_UNIQUE_COMPANY_VERIFICATION
https://www.enexgroup.gr/web/guest/active-energy-markets-members,1,20,ECOENER HELLAS ÎÎÎÎÎ Î¡ÎÎ£Î©Î Î Î.Î.,,MEMBER_OR_PARTICIPANT_SOURCE_RECORD,"{""A/A"": ""19"", ""Company name"": ""ECOENER HELLAS ÎÎÎÎÎ Î¡ÎÎ£Î©Î Î Î.Î."", ""dam & idm"": """", ""derivatives market"": """", ""natural gas"": """", ""ppa platform"": """", ""country"": ""GREECE""}","[{""work_id"": ""B05:2082"", ""source_url"": ""https://www.enexgroup.gr/web/guest/active-energy-markets-members"", ""table"": ""1"", ""row"": ""20"", ""headers_json"": ""[\""A/A\"", \""Company name\"", \""dam & idm\"", \""derivatives market\"", \""natural gas\"", \""ppa platform\"", \""country\""]"", ""cells_json"": ""[\""19\"", \""ECOENER HELLAS ÎÎÎÎÎ Î¡ÎÎ£Î©Î Î Î.Î.\"", \""\"", \""\"", \""\"", \""\"", \""GREECE\""]"", ""row_links_json"": ""[\""https://ecoenerhellas.wordpress.com/\""]"", ""content_sha256"": ""c79e198919e8615877e63f8a4f6173edb1ece94c7459d397fc3005ad742d27c0"", ""semantic_status"": ""SOURCE_TABLE_ROW_NOT_AUTOMATICALLY_ENTITY""}]",SOURCE_TABLE_RECORD_NOT_GLOBAL_OR_UNIQUE_COMPANY_VERIFICATION
https://www.enexgroup.gr/web/guest/active-energy-markets-members,1,21,EDISON S.p.A.,,MEMBER_OR_PARTICIPANT_SOURCE_RECORD,"{""A/A"": ""20"", ""Company name"": ""EDISON S.p.A."", ""dam & idm"": """", ""derivatives market"": """", ""natural gas"": """", ""ppa platform"": """", ""country"": ""ITALY""}","[{""work_id"": ""B05:2082"", ""source_url"": ""https://www.enexgroup.gr/web/guest/active-energy-markets-members"", ""table"": ""1"", ""row"": ""21"", ""headers_json"": ""[\""A/A\"", \""Company name\"", \""dam & idm\"", \""derivatives market\"", \""natural gas\"", \""ppa platform\"", \""country\""]"", ""cells_json"": ""[\""20\"", \""EDISON S.p.A.\"", \""\"", \""\"", \""\"", \""\"", \""ITALY\""]"", ""row_links_json"": ""[\""https://www.edison.it/en\""]"", ""content_sha256"": ""c79e198919e8615877e63f8a4f6173edb1ece94c7459d397fc3005ad742d27c0"", ""semantic_status"": ""SOURCE_TABLE_ROW_NOT_AUTOMATICALLY_ENTITY""}]",SOURCE_TABLE_RECORD_NOT_GLOBAL_OR_UNIQUE_COMPANY_VERIFICATION
https://www.enexgroup.gr/web/guest/active-energy-markets-members,1,22,ELECTRADE S.P.A.,,MEMBER_OR_PARTICIPANT_SOURCE_RECORD,"{""A/A"": ""21"", ""Company name"": ""ELECTRADE S.P.A."", ""dam & idm"": """", ""derivatives market"": """", ""natural gas"": """", ""ppa platform"": """", ""country"": ""ITALY""}","[{""work_id"": ""B05:2082"", ""source_url"": ""https://www.enexgroup.gr/web/guest/active-energy-markets-members"", ""table"": ""1"", ""row"": ""22"", ""headers_json"": ""[\""A/A\"", \""Company name\"", \""dam & idm\"", \""derivatives market\"", \""natural gas\"", \""ppa platform\"", \""country\""]"", ""cells_json"": ""[\""21\"", \""ELECTRADE S.P.A.\"", \""\"", \""\"", \""\"", \""\"", \""ITALY\""]"", ""row_links_json"": ""[\""https://www.electrade.it/\""]"", ""content_sha256"": ""c79e198919e8615877e63f8a4f6173edb1ece94c7459d397fc3005ad742d27c0"", ""semantic_status"": ""SOURCE_TABLE_ROW_NOT_AUTOMATICALLY_ENTITY""}]",SOURCE_TABLE_RECORD_NOT_GLOBAL_OR_UNIQUE_COMPANY_VERIFICATION
https://www.enexgroup.gr/web/guest/active-energy-markets-members,1,23,ELEKTRICNI FINANCNI TIM d.o.o,,MEMBER_OR_PARTICIPANT_SOURCE_RECORD,"{""A/A"": ""22"", ""Company name"": ""ELEKTRICNI FINANCNI TIM d.o.o"", ""dam & idm"": """", ""derivatives market"": """", ""natural gas"": """", ""ppa platform"": """", ""country"": ""SLOVENIA""}","[{""work_id"": ""B05:2082"", ""source_url"": ""https://www.enexgroup.gr/web/guest/active-energy-markets-members"", ""table"": ""1"", ""row"": ""23"", ""headers_json"": ""[\""A/A\"", \""Company name\"", \""dam & idm\"", \""derivatives market\"", \""natural gas\"", \""ppa platform\"", \""country\""]"", ""cells_json"": ""[\""22\"", \""ELEKTRICNI FINANCNI TIM d.o.o\"", \""\"", \""\"", \""\"", \""\"", \""SLOVENIA\""]"", ""row_links_json"": ""[\""http://www.eft-group.net/slovenia/\""]"", ""content_sha256"": ""c79e198919e8615877e63f8a4f6173edb1ece94c7459d397fc3005ad742d27c0"", ""semantic_status"": ""SOURCE_TABLE_ROW_NOT_AUTOMATICALLY_ENTITY""}]",SOURCE_TABLE_RECORD_NOT_GLOBAL_OR_UNIQUE_COMPANY_VERIFICATION
https://www.enexgroup.gr/web/guest/active-energy-markets-members,1,24,ELVALHALCOR S.A.,,MEMBER_OR_PARTICIPANT_SOURCE_RECORD,"{""A/A"": ""23"", ""Company name"": ""ELVALHALCOR S.A."", ""dam & idm"": """", ""derivatives market"": """", ""natural gas"": """", ""ppa platform"": """", ""country"": ""GREECE""}","[{""work_id"": ""B05:2082"", ""source_url"": ""https://www.enexgroup.gr/web/guest/active-energy-markets-members"", ""table"": ""1"", ""row"": ""24"", ""headers_json"": ""[\""A/A\"", \""Company name\"", \""dam & idm\"", \""derivatives market\"", \""natural gas\"", \""ppa platform\"", \""country\""]"", ""cells_json"": ""[\""23\"", \""ELVALHALCOR S.A.\"", \""\"", \""\"", \""\"", \""\"", \""GREECE\""]"", ""row_links_json"": ""[\""https://www.elvalhalcor.com/\""]"", ""content_sha256"": ""c79e198919e8615877e63f8a4f6173edb1ece94c7459d397fc3005ad742d27c0"", ""semantic_status"": ""SOURCE_TABLE_ROW_NOT_AUTOMATICALLY_ENTITY""}]",SOURCE_TABLE_RECORD_NOT_GLOBAL_OR_UNIQUE_COMPANY_VERIFICATION
https://www.enexgroup.gr/web/guest/active-energy-markets-members,1,25,ENEL GLOBAL TRADING SpA,,MEMBER_OR_PARTICIPANT_SOURCE_RECORD,"{""A/A"": ""24"", ""Company name"": ""ENEL GLOBAL TRADING SpA"", ""dam & idm"": """", ""derivatives market"": """", ""natural gas"": """", ""ppa platform"": """", ""country"": ""ITALY""}","[{""work_id"": ""B05:2082"", ""source_url"": ""https://www.enexgroup.gr/web/guest/active-energy-markets-members"", ""table"": ""1"", ""row"": ""25"", ""headers_json"": ""[\""A/A\"", \""Company name\"", \""dam & idm\"", \""derivatives market\"", \""natural gas\"", \""ppa platform\"", \""country\""]"", ""cells_json"": ""[\""24\"", \""ENEL GLOBAL TRADING SpA\"", \""\"", \""\"", \""\"", \""\"", \""ITALY\""]"", ""row_links_json"": ""[\""http://www.enel.com\""]"", ""content_sha256"": ""c79e198919e8615877e63f8a4f6173edb1ece94c7459d397fc3005ad742d27c0"", ""semantic_status"": ""SOURCE_TABLE_ROW_NOT_AUTOMATICALLY_ENTITY""}]",SOURCE_TABLE_RECORD_NOT_GLOBAL_OR_UNIQUE_COMPANY_VERIFICATION
https://www.enexgroup.gr/web/guest/active-energy-markets-members,1,26,ENERGIKO EOOD,,MEMBER_OR_PARTICIPANT_SOURCE_RECORD,"{""A/A"": ""25"", ""Company name"": ""ENERGIKO EOOD"", ""dam & idm"": """", ""derivatives market"": """", ""natural gas"": """", ""ppa platform"": """", ""country"": ""BULGARIA""}","[{""work_id"": ""B05:2082"", ""source_url"": ""https://www.enexgroup.gr/web/guest/active-energy-markets-members"", ""table"": ""1"", ""row"": ""26"", ""headers_json"": ""[\""A/A\"", \""Company name\"", \""dam & idm\"", \""derivatives market\"", \""natural gas\"", \""ppa platform\"", \""country\""]"", ""cells_json"": ""[\""25\"", \""ENERGIKO EOOD\"", \""\"", \""\"", \""\"", \""\"", \""BULGARIA\""]"", ""row_links_json"": ""[]"", ""content_sha256"": ""c79e198919e8615877e63f8a4f6173edb1ece94c7459d397fc3005ad742d27c0"", ""semantic_status"": ""SOURCE_TABLE_ROW_NOT_AUTOMATICALLY_ENTITY""}]",SOURCE_TABLE_RECORD_NOT_GLOBAL_OR_UNIQUE_COMPANY_VERIFICATION
https://www.enexgroup.gr/web/guest/active-energy-markets-members,1,27,ENERGO-PRO Energy Services EAD,,MEMBER_OR_PARTICIPANT_SOURCE_RECORD,"{""A/A"": ""26"", ""Company name"": ""ENERGO-PRO Energy Services EAD"", ""dam & idm"": """", ""derivatives market"": """", ""natural gas"": """", ""ppa platform"": """", ""country"": ""BULGARIA""}","[{""work_id"": ""B05:2082"", ""source_url"": ""https://www.enexgroup.gr/web/guest/active-energy-markets-members"", ""table"": ""1"", ""row"": ""27"", ""headers_json"": ""[\""A/A\"", \""Company name\"", \""dam & idm\"", \""derivatives market\"", \""natural gas\"", \""ppa platform\"", \""country\""]"", ""cells_json"": ""[\""26\"", \""ENERGO-PRO Energy Services EAD\"", \""\"", \""\"", \""\"", \""\"", \""BULGARIA\""]"", ""row_links_json"": ""[\""https://energo-pro-energyservices.bg/en/homepage\""]"", ""content_sha256"": ""c79e198919e8615877e63f8a4f6173edb1ece94c7459d397fc3005ad742d27c0"", ""semantic_status"": ""SOURCE_TABLE_ROW_NOT_AUTOMATICALLY_ENTITY""}]",SOURCE_TABLE_RECORD_NOT_GLOBAL_OR_UNIQUE_COMPANY_VERIFICATION
https://www.enexgroup.gr/web/guest/active-energy-markets-members,1,28,ENERGOVIA LTD,,MEMBER_OR_PARTICIPANT_SOURCE_RECORD,"{""A/A"": ""27"", ""Company name"": ""ENERGOVIA LTD"", ""dam & idm"": """", ""derivatives market"": """", ""natural gas"": """", ""ppa platform"": """", ""country"": ""BULGARIA""}","[{""work_id"": ""B05:2082"", ""source_url"": ""https://www.enexgroup.gr/web/guest/active-energy-markets-members"", ""table"": ""1"", ""row"": ""28"", ""headers_json"": ""[\""A/A\"", \""Company name\"", \""dam & idm\"", \""derivatives market\"", \""natural gas\"", \""ppa platform\"", \""country\""]"", ""cells_json"": ""[\""27\"", \""ENERGOVIA LTD\"", \""\"", \""\"", \""\"", \""\"", \""BULGARIA\""]"", ""row_links_json"": ""[]"", ""content_sha256"": ""c79e198919e8615877e63f8a4f6173edb1ece94c7459d397fc3005ad742d27c0"", ""semantic_status"": ""SOURCE_TABLE_ROW_NOT_AUTOMATICALLY_ENTITY""}]",SOURCE_TABLE_RECORD_NOT_GLOBAL_OR_UNIQUE_COMPANY_VERIFICATION
https://www.enexgroup.gr/web/guest/active-energy-markets-members,1,29,Enerjisa Europe Kft.,,MEMBER_OR_PARTICIPANT_SOURCE_RECORD,"{""A/A"": ""28"", ""Company name"": ""Enerjisa Europe Kft."", ""dam & idm"": """", ""derivatives market"": """", ""natural gas"": """", ""ppa platform"": """", ""country"": ""HUNGARY""}","[{""work_id"": ""B05:2082"", ""source_url"": ""https://www.enexgroup.gr/web/guest/active-energy-markets-members"", ""table"": ""1"", ""row"": ""29"", ""headers_json"": ""[\""A/A\"", \""Company name\"", \""dam & idm\"", \""derivatives market\"", \""natural gas\"", \""ppa platform\"", \""country\""]"", ""cells_json"": ""[\""28\"", \""Enerjisa Europe Kft.\"", \""\"", \""\"", \""\"", \""\"", \""HUNGARY\""]"", ""row_links_json"": ""[\""https://enerjisaeurope.com/\""]"", ""content_sha256"": ""c79e198919e8615877e63f8a4f6173edb1ece94c7459d397fc3005ad742d27c0"", ""semantic_status"": ""SOURCE_TABLE_ROW_NOT_AUTOMATICALLY_ENTITY""}]",SOURCE_TABLE_RECORD_NOT_GLOBAL_OR_UNIQUE_COMPANY_VERIFICATION
https://www.enexgroup.gr/web/guest/active-energy-markets-members,1,30,Enerwave Î.Î.,,MEMBER_OR_PARTICIPANT_SOURCE_RECORD,"{""A/A"": ""29"", ""Company name"": ""Enerwave Î.Î."", ""dam & idm"": """", ""derivatives market"": """", ""natural gas"": """", ""ppa platform"": """", ""country"": ""GREECE""}","[{""work_id"": ""B05:2082"", ""source_url"": ""https://www.enexgroup.gr/web/guest/active-energy-markets-members"", ""table"": ""1"", ""row"": ""30"", ""headers_json"": ""[\""A/A\"", \""Company name\"", \""dam & idm\"", \""derivatives market\"", \""natural gas\"", \""ppa platform\"", \""country\""]"", ""cells_json"": ""[\""29\"", \""Enerwave Î.Î.\"", \""\"", \""\"", \""\"", \""\"", \""GREECE\""]"", ""row_links_json"": ""[\""https://www.elpedison.gr/\""]"", ""content_sha256"": ""c79e198919e8615877e63f8a4f6173edb1ece94c7459d397fc3005ad742d27c0"", ""semantic_status"": ""SOURCE_TABLE_ROW_NOT_AUTOMATICALLY_ENTITY""}]",SOURCE_TABLE_RECORD_NOT_GLOBAL_OR_UNIQUE_COMPANY_VERIFICATION
https://www.enexgroup.gr/web/guest/active-energy-markets-members,1,31,Enery Power Holding GmbH,,MEMBER_OR_PARTICIPANT_SOURCE_RECORD,"{""A/A"": ""30"", ""Company name"": ""Enery Power Holding GmbH"", ""dam & idm"": """", ""derivatives market"": """", ""natural gas"": """", ""ppa platform"": """", ""country"": ""AUSTRIA""}","[{""work_id"": ""B05:2082"", ""source_url"": ""https://www.enexgroup.gr/web/guest/active-energy-markets-members"", ""table"": ""1"", ""row"": ""31"", ""headers_json"": ""[\""A/A\"", \""Company name\"", \""dam & idm\"", \""derivatives market\"", \""natural gas\"", \""ppa platform\"", \""country\""]"", ""cells_json"": ""[\""30\"", \""Enery Power Holding GmbH\"", \""\"", \""\"", \""\"", \""\"", \""AUSTRIA\""]"", ""row_links_json"": ""[\""https://enery.energy/en/home/\""]"", ""content_sha256"": ""c79e198919e8615877e63f8a4f6173edb1ece94c7459d397fc3005ad742d27c0"", ""semantic_status"": ""SOURCE_TABLE_ROW_NOT_AUTOMATICALLY_ENTITY""}]",SOURCE_TABLE_RECORD_NOT_GLOBAL_OR_UNIQUE_COMPANY_VERIFICATION
https://www.enexgroup.gr/web/guest/active-energy-markets-members,1,32,ENET Energy SA,,MEMBER_OR_PARTICIPANT_SOURCE_RECORD,"{""A/A"": ""31"", ""Company name"": ""ENET Energy SA"", ""dam & idm"": """", ""derivatives market"": """", ""natural gas"": """", ""ppa platform"": """", ""country"": ""SWITZERLAND""}","[{""work_id"": ""B05:2082"", ""source_url"": ""https://www.enexgroup.gr/web/guest/active-energy-markets-members"", ""table"": ""1"", ""row"": ""32"", ""headers_json"": ""[\""A/A\"", \""Company name\"", \""dam & idm\"", \""derivatives market\"", \""natural gas\"", \""ppa platform\"", \""country\""]"", ""cells_json"": ""[\""31\"", \""ENET Energy SA\"", \""\"", \""\"", \""\"", \""\"", \""SWITZERLAND\""]"", ""row_links_json"": ""[\""https://enetsa.ch/en/home/\""]"", ""content_sha256"": ""c79e198919e8615877e63f8a4f6173edb1ece94c7459d397fc3005ad742d27c0"", ""semantic_status"": ""SOURCE_TABLE_ROW_NOT_AUTOMATICALLY_ENTITY""}]",SOURCE_TABLE_RECORD_NOT_GLOBAL_OR_UNIQUE_COMPANY_VERIFICATION
https://www.enexgroup.gr/web/guest/active-energy-markets-members,1,33,ENGIE Energy Management Romania S.R.L.,,MEMBER_OR_PARTICIPANT_SOURCE_RECORD,"{""A/A"": ""32"", ""Company name"": ""ENGIE Energy Management Romania S.R.L."", ""dam & idm"": """", ""derivatives market"": """", ""natural gas"": """", ""ppa platform"": """", ""country"": ""ROMANIA""}","[{""work_id"": ""B05:2082"", ""source_url"": ""https://www.enexgroup.gr/web/guest/active-energy-markets-members"", ""table"": ""1"", ""row"": ""33"", ""headers_json"": ""[\""A/A\"", \""Company name\"", \""dam & idm\"", \""derivatives market\"", \""natural gas\"", \""ppa platform\"", \""country\""]"", ""cells_json"": ""[\""32\"", \""ENGIE Energy Management Romania S.R.L.\"", \""\"", \""\"", \""\"", \""\"", \""ROMANIA\""]"", ""row_links_json"": ""[\""https://www.engie.ro/\""]"", ""content_sha256"": ""c79e198919e8615877e63f8a4f6173edb1ece94c7459d397fc3005ad742d27c0"", ""semantic_status"": ""SOURCE_TABLE_ROW_NOT_AUTOMATICALLY_ENTITY""}]",SOURCE_TABLE_RECORD_NOT_GLOBAL_OR_UNIQUE_COMPANY_VERIFICATION
https://www.enexgroup.gr/web/guest/active-energy-markets-members,1,34,ENSCO Energy Services Company AG,,MEMBER_OR_PARTICIPANT_SOURCE_RECORD,"{""A/A"": ""33"", ""Company name"": ""ENSCO Energy Services Company AG"", ""dam & idm"": """", ""derivatives market"": """", ""natural gas"": """", ""ppa platform"": """", ""country"": ""SWITZERLAND""}","[{""work_id"": ""B05:2082"", ""source_url"": ""https://www.enexgroup.gr/web/guest/active-energy-markets-members"", ""table"": ""1"", ""row"": ""34"", ""headers_json"": ""[\""A/A\"", \""Company name\"", \""dam & idm\"", \""derivatives market\"", \""natural gas\"", \""ppa platform\"", \""country\""]"", ""cells_json"": ""[\""33\"", \""ENSCO Energy Services Company AG\"", \""\"", \""\"", \""\"", \""\"", \""SWITZERLAND\""]"", ""row_links_json"": ""[\""https://www.ensco.eu/\""]"", ""content_sha256"": ""c79e198919e8615877e63f8a4f6173edb1ece94c7459d397fc3005ad742d27c0"", ""semantic_status"": ""SOURCE_TABLE_ROW_NOT_AUTOMATICALLY_ENTITY""}]",SOURCE_TABLE_RECORD_NOT_GLOBAL_OR_UNIQUE_COMPANY_VERIFICATION
https://www.enexgroup.gr/web/guest/active-energy-markets-members,1,35,EUNICE POWER,,MEMBER_OR_PARTICIPANT_SOURCE_RECORD,"{""A/A"": ""34"", ""Company name"": ""EUNICE POWER"", ""dam & idm"": """", ""derivatives market"": """", ""natural gas"": """", ""ppa platform"": """", ""country"": ""GREECE""}","[{""work_id"": ""B05:2082"", ""source_url"": ""https://www.enexgroup.gr/web/guest/active-energy-markets-members"", ""table"": ""1"", ""row"": ""35"", ""headers_json"": ""[\""A/A\"", \""Company name\"", \""dam & idm\"", \""derivatives market\"", \""natural gas\"", \""ppa platform\"", \""country\""]"", ""cells_json"": ""[\""34\"", \""EUNICE POWER\"", \""\"", \""\"", \""\"", \""\"", \""GREECE\""]"", ""row_links_json"": ""[\""http://eunice-group.com/gr/\""]"", ""content_sha256"": ""c79e198919e8615877e63f8a4f6173edb1ece94c7459d397fc3005ad742d27c0"", ""semantic_status"": ""SOURCE_TABLE_ROW_NOT_AUTOMATICALLY_ENTITY""}]",SOURCE_TABLE_RECORD_NOT_GLOBAL_OR_UNIQUE_COMPANY_VERIFICATION
https://www.enexgroup.gr/web/guest/active-energy-markets-members,1,36,EUROBANK EQUITIES Î.Î.Î .Î.Î¥,,MEMBER_OR_PARTICIPANT_SOURCE_RECORD,"{""A/A"": ""35"", ""Company name"": ""EUROBANK EQUITIES Î.Î.Î .Î.Î¥"", ""dam & idm"": """", ""derivatives market"": """", ""natural gas"": """", ""ppa platform"": """", ""country"": ""GREECE""}","[{""work_id"": ""B05:2082"", ""source_url"": ""https://www.enexgroup.gr/web/guest/active-energy-markets-members"", ""table"": ""1"", ""row"": ""36"", ""headers_json"": ""[\""A/A\"", \""Company name\"", \""dam & idm\"", \""derivatives market\"", \""natural gas\"", \""ppa platform\"", \""country\""]"", ""cells_json"": ""[\""35\"", \""EUROBANK EQUITIES Î.Î.Î .Î.Î¥\"", \""\"", \""\"", \""\"", \""\"", \""GREECE\""]"", ""row_links_json"": ""[\""https://www.euroxx.gr/gr/home\""]"", ""content_sha256"": ""c79e198919e8615877e63f8a4f6173edb1ece94c7459d397fc3005ad742d27c0"", ""semantic_status"": ""SOURCE_TABLE_ROW_NOT_AUTOMATICALLY_ENTITY""}]",SOURCE_TABLE_RECORD_NOT_GLOBAL_OR_UNIQUE_COMPANY_VERIFICATION
https://www.enexgroup.gr/web/guest/active-energy-markets-members,1,37,EUROXX SECURITIES S.A.,,MEMBER_OR_PARTICIPANT_SOURCE_RECORD,"{""A/A"": ""36"", ""Company name"": ""EUROXX SECURITIES S.A."", ""dam & idm"": """", ""derivatives market"": """", ""natural gas"": """", ""ppa platform"": """", ""country"": ""GREECE""}","[{""work_id"": ""B05:2082"", ""source_url"": ""https://www.enexgroup.gr/web/guest/active-energy-markets-members"", ""table"": ""1"", ""row"": ""37"", ""headers_json"": ""[\""A/A\"", \""Company name\"", \""dam & idm\"", \""derivatives market\"", \""natural gas\"", \""ppa platform\"", \""country\""]"", ""cells_json"": ""[\""36\"", \""EUROXX SECURITIES S.A.\"", \""\"", \""\"", \""\"", \""\"", \""GREECE\""]"", ""row_links_json"": ""[\""https://www.euroxx.gr/gr/home\""]"", ""content_sha256"": ""c79e198919e8615877e63f8a4f6173edb1ece94c7459d397fc3005ad742d27c0"", ""semantic_status"": ""SOURCE_TABLE_ROW_NOT_AUTOMATICALLY_ENTITY""}]",SOURCE_TABLE_RECORD_NOT_GLOBAL_OR_UNIQUE_COMPANY_VERIFICATION
https://www.enexgroup.gr/web/guest/active-energy-markets-members,1,38,EVN TRADING SOUTH EAST EUROPE,,MEMBER_OR_PARTICIPANT_SOURCE_RECORD,"{""A/A"": ""37"", ""Company name"": ""EVN TRADING SOUTH EAST EUROPE"", ""dam & idm"": """", ""derivatives market"": """", ""natural gas"": """", ""ppa platform"": """", ""country"": ""BULGARIA""}","[{""work_id"": ""B05:2082"", ""source_url"": ""https://www.enexgroup.gr/web/guest/active-energy-markets-members"", ""table"": ""1"", ""row"": ""38"", ""headers_json"": ""[\""A/A\"", \""Company name\"", \""dam & idm\"", \""derivatives market\"", \""natural gas\"", \""ppa platform\"", \""country\""]"", ""cells_json"": ""[\""37\"", \""EVN TRADING SOUTH EAST EUROPE\"", \""\"", \""\"", \""\"", \""\"", \""BULGARIA\""]"", ""row_links_json"": ""[\""https://evn.bg/\""]"", ""content_sha256"": ""c79e198919e8615877e63f8a4f6173edb1ece94c7459d397fc3005ad742d27c0"", ""semantic_status"": ""SOURCE_TABLE_ROW_NOT_AUTOMATICALLY_ENTITY""}]",SOURCE_TABLE_RECORD_NOT_GLOBAL_OR_UNIQUE_COMPANY_VERIFICATION
https://www.enexgroup.gr/web/guest/active-energy-markets-members,1,39,EXALCO SOCIETE ANONYME ALUMINUM INDUSTRY,,MEMBER_OR_PARTICIPANT_SOURCE_RECORD,"{""A/A"": ""38"", ""Company name"": ""EXALCO SOCIETE ANONYME ALUMINUM INDUSTRY"", ""dam & idm"": """", ""derivatives market"": """", ""natural gas"": """", ""ppa platform"": """", ""country"": ""GREECE""}","[{""work_id"": ""B05:2082"", ""source_url"": ""https://www.enexgroup.gr/web/guest/active-energy-markets-members"", ""table"": ""1"", ""row"": ""39"", ""headers_json"": ""[\""A/A\"", \""Company name\"", \""dam & idm\"", \""derivatives market\"", \""natural gas\"", \""ppa platform\"", \""country\""]"", ""cells_json"": ""[\""38\"", \""EXALCO SOCIETE ANONYME ALUMINUM INDUSTRY\"", \""\"", \""\"", \""\"", \""\"", \""GREECE\""]"", ""row_links_json"": ""[\""https://www.exalco.gr/\""]"", ""content_sha256"": ""c79e198919e8615877e63f8a4f6173edb1ece94c7459d397fc3005ad742d27c0"", ""semantic_status"": ""SOURCE_TABLE_ROW_NOT_AUTOMATICALLY_ENTITY""}]",SOURCE_TABLE_RECORD_NOT_GLOBAL_OR_UNIQUE_COMPANY_VERIFICATION
https://www.enexgroup.gr/web/guest/active-energy-markets-members,1,40,FARIA Renewables S.A.,,MEMBER_OR_PARTICIPANT_SOURCE_RECORD,"{""A/A"": ""39"", ""Company name"": ""FARIA Renewables S.A."", ""dam & idm"": """", ""derivatives market"": """", ""natural gas"": """", ""ppa platform"": """", ""country"": ""GREECE""}","[{""work_id"": ""B05:2082"", ""source_url"": ""https://www.enexgroup.gr/web/guest/active-energy-markets-members"", ""table"": ""1"", ""row"": ""40"", ""headers_json"": ""[\""A/A\"", \""Company name\"", \""dam & idm\"", \""derivatives market\"", \""natural gas\"", \""ppa platform\"", \""country\""]"", ""cells_json"": ""[\""39\"", \""FARIA Renewables S.A.\"", \""\"", \""\"", \""\"", \""\"", \""GREECE\""]"", ""row_links_json"": ""[\""https://fariarenewables.com/\""]"", ""content_sha256"": ""c79e198919e8615877e63f8a4f6173edb1ece94c7459d397fc3005ad742d27c0"", ""semantic_status"": ""SOURCE_TABLE_ROW_NOT_AUTOMATICALLY_ENTITY""}]",SOURCE_TABLE_RECORD_NOT_GLOBAL_OR_UNIQUE_COMPANY_VERIFICATION
https://www.enexgroup.gr/web/guest/active-energy-markets-members,1,41,FORENA ENERGY Î.Î,,MEMBER_OR_PARTICIPANT_SOURCE_RECORD,"{""A/A"": ""40"", ""Company name"": ""FORENA ENERGY Î.Î"", ""dam & idm"": """", ""derivatives market"": """", ""natural gas"": """", ""ppa platform"": """", ""country"": ""GREECE""}","[{""work_id"": ""B05:2082"", ""source_url"": ""https://www.enexgroup.gr/web/guest/active-energy-markets-members"", ""table"": ""1"", ""row"": ""41"", ""headers_json"": ""[\""A/A\"", \""Company name\"", \""dam & idm\"", \""derivatives market\"", \""natural gas\"", \""ppa platform\"", \""country\""]"", ""cells_json"": ""[\""40\"", \""FORENA ENERGY Î.Î\"", \""\"", \""\"", \""\"", \""\"", \""GREECE\""]"", ""row_links_json"": ""[\""https://www.forenaenergy.gr/el/\""]"", ""content_sha256"": ""c79e198919e8615877e63f8a4f6173edb1ece94c7459d397fc3005ad742d27c0"", ""semantic_status"": ""SOURCE_TABLE_ROW_NOT_AUTOMATICALLY_ENTITY""}]",SOURCE_TABLE_RECORD_NOT_GLOBAL_OR_UNIQUE_COMPANY_VERIFICATION
https://www.enexgroup.gr/web/guest/active-energy-markets-members,1,42,GASTRADE S.A.,,MEMBER_OR_PARTICIPANT_SOURCE_RECORD,"{""A/A"": ""41"", ""Company name"": ""GASTRADE S.A."", ""dam & idm"": """", ""derivatives market"": """", ""natural gas"": """", ""ppa platform"": """", ""country"": ""GREECE""}","[{""work_id"": ""B05:2082"", ""source_url"": ""https://www.enexgroup.gr/web/guest/active-energy-markets-members"", ""table"": ""1"", ""row"": ""42"", ""headers_json"": ""[\""A/A\"", \""Company name\"", \""dam & idm\"", \""derivatives market\"", \""natural gas\"", \""ppa platform\"", \""country\""]"", ""cells_json"": ""[\""41\"", \""GASTRADE S.A.\"", \""\"", \""\"", \""\"", \""\"", \""GREECE\""]"", ""row_links_json"": ""[\""https://www.gastrade.gr/\""]"", ""content_sha256"": ""c79e198919e8615877e63f8a4f6173edb1ece94c7459d397fc3005ad742d27c0"", ""semantic_status"": ""SOURCE_TABLE_ROW_NOT_AUTOMATICALLY_ENTITY""}]",SOURCE_TABLE_RECORD_NOT_GLOBAL_OR_UNIQUE_COMPANY_VERIFICATION
https://www.enexgroup.gr/web/guest/active-energy-markets-members,1,43,GEN - I ATHENS Î.Î.Î .Î. (SMLLC),,MEMBER_OR_PARTICIPANT_SOURCE_RECORD,"{""A/A"": ""42"", ""Company name"": ""GEN - I ATHENS Î.Î.Î .Î. (SMLLC)"", ""dam & idm"": """", ""derivatives market"": """", ""natural gas"": """", ""ppa platform"": """", ""country"": ""GREECE""}","[{""work_id"": ""B05:2082"", ""source_url"": ""https://www.enexgroup.gr/web/guest/active-energy-markets-members"", ""table"": ""1"", ""row"": ""43"", ""headers_json"": ""[\""A/A\"", \""Company name\"", \""dam & idm\"", \""derivatives market\"", \""natural gas\"", \""ppa platform\"", \""country\""]"", ""cells_json"": ""[\""42\"", \""GEN - I ATHENS Î.Î.Î .Î. (SMLLC)\"", \""\"", \""\"", \""\"", \""\"", \""GREECE\""]"", ""row_links_json"": ""[\""https://www.gen-i.eu/gr/en/?cr=1\""]"", ""content_sha256"": ""c79e198919e8615877e63f8a4f6173edb1ece94c7459d397fc3005ad742d27c0"", ""semantic_status"": ""SOURCE_TABLE_ROW_NOT_AUTOMATICALLY_ENTITY""}]",SOURCE_TABLE_RECORD_NOT_GLOBAL_OR_UNIQUE_COMPANY_VERIFICATION
https://www.enexgroup.gr/web/guest/active-energy-markets-members,1,44,Globalsat Energis Single Member S.A.,,MEMBER_OR_PARTICIPANT_SOURCE_RECORD,"{""A/A"": ""43"", ""Company name"": ""Globalsat Energis Single Member S.A."", ""dam & idm"": """", ""derivatives market"": """", ""natural gas"": """", ""ppa platform"": """", ""country"": ""GREECE""}","[{""work_id"": ""B05:2082"", ""source_url"": ""https://www.enexgroup.gr/web/guest/active-energy-markets-members"", ""table"": ""1"", ""row"": ""44"", ""headers_json"": ""[\""A/A\"", \""Company name\"", \""dam & idm\"", \""derivatives market\"", \""natural gas\"", \""ppa platform\"", \""country\""]"", ""cells_json"": ""[\""43\"", \""Globalsat Energis Single Member S.A.\"", \""\"", \""\"", \""\"", \""\"", \""GREECE\""]"", ""row_links_json"": ""[\""https://www.globalsat.gr/\""]"", ""content_sha256"": ""c79e198919e8615877e63f8a4f6173edb1ece94c7459d397fc3005ad742d27c0"", ""semantic_status"": ""SOURCE_TABLE_ROW_NOT_AUTOMATICALLY_ENTITY""}]",SOURCE_TABLE_RECORD_NOT_GLOBAL_OR_UNIQUE_COMPANY_VERIFICATION
https://www.enexgroup.gr/web/guest/active-energy-markets-members,1,45,GREEN ENERGY AGGREGATOR SERVICES Î.Î.,,MEMBER_OR_PARTICIPANT_SOURCE_RECORD,"{""A/A"": ""44"", ""Company name"": ""GREEN ENERGY AGGREGATOR SERVICES Î.Î."", ""dam & idm"": """", ""derivatives market"": """", ""natural gas"": """", ""ppa platform"": """", ""country"": ""GREECE""}","[{""work_id"": ""B05:2082"", ""source_url"": ""https://www.enexgroup.gr/web/guest/active-energy-markets-members"", ""table"": ""1"", ""row"": ""45"", ""headers_json"": ""[\""A/A\"", \""Company name\"", \""dam & idm\"", \""derivatives market\"", \""natural gas\"", \""ppa platform\"", \""country\""]"", ""cells_json"": ""[\""44\"", \""GREEN ENERGY AGGREGATOR SERVICES Î.Î.\"", \""\"", \""\"", \""\"", \""\"", \""GREECE\""]"", ""row_links_json"": ""[\""https://www.greenaggregator.com/\""]"", ""content_sha256"": ""c79e198919e8615877e63f8a4f6173edb1ece94c7459d397fc3005ad742d27c0"", ""semantic_status"": ""SOURCE_TABLE_ROW_NOT_AUTOMATICALLY_ENTITY""}]",SOURCE_TABLE_RECORD_NOT_GLOBAL_OR_UNIQUE_COMPANY_VERIFICATION
https://www.enexgroup.gr/web/guest/active-energy-markets-members,1,46,GREENSTEEL-CEDALION COMMODITIES S.A,,MEMBER_OR_PARTICIPANT_SOURCE_RECORD,"{""A/A"": ""45"", ""Company name"": ""GREENSTEEL-CEDALION COMMODITIES S.A"", ""dam & idm"": """", ""derivatives market"": """", ""natural gas"": """", ""ppa platform"": """", ""country"": ""GREECE""}","[{""work_id"": ""B05:2082"", ""source_url"": ""https://www.enexgroup.gr/web/guest/active-energy-markets-members"", ""table"": ""1"", ""row"": ""46"", ""headers_json"": ""[\""A/A\"", \""Company name\"", \""dam & idm\"", \""derivatives market\"", \""natural gas\"", \""ppa platform\"", \""country\""]"", ""cells_json"": ""[\""45\"", \""GREENSTEEL-CEDALION COMMODITIES S.A\"", \""\"", \""\"", \""\"", \""\"", \""GREECE\""]"", ""row_links_json"": ""[\""https://www.cedalion.gr/en/about-us/company-profile/\""]"", ""content_sha256"": ""c79e198919e8615877e63f8a4f6173edb1ece94c7459d397fc3005ad742d27c0"", ""semantic_status"": ""SOURCE_TABLE_ROW_NOT_AUTOMATICALLY_ENTITY""}]",SOURCE_TABLE_RECORD_NOT_GLOBAL_OR_UNIQUE_COMPANY_VERIFICATION
https://www.enexgroup.gr/web/guest/active-energy-markets-members,1,47,GREEN VALUE S.A.,,MEMBER_OR_PARTICIPANT_SOURCE_RECORD,"{""A/A"": ""46"", ""Company name"": ""GREEN VALUE S.A."", ""dam & idm"": """", ""derivatives market"": """", ""natural gas"": """", ""ppa platform"": """", ""country"": ""GREECE""}","[{""work_id"": ""B05:2082"", ""source_url"": ""https://www.enexgroup.gr/web/guest/active-energy-markets-members"", ""table"": ""1"", ""row"": ""47"", ""headers_json"": ""[\""A/A\"", \""Company name\"", \""dam & idm\"", \""derivatives market\"", \""natural gas\"", \""ppa platform\"", \""country\""]"", ""cells_json"": ""[\""46\"", \""GREEN VALUE S.A.\"", \""\"", \""\"", \""\"", \""\"", \""GREECE\""]"", ""row_links_json"": ""[\""https://greenvalue.gr/el/\""]"", ""content_sha256"": ""c79e198919e8615877e63f8a4f6173edb1ece94c7459d397fc3005ad742d27c0"", ""semantic_status"": ""SOURCE_TABLE_ROW_NOT_AUTOMATICALLY_ENTITY""}]",SOURCE_TABLE_RECORD_NOT_GLOBAL_OR_UNIQUE_COMPANY_VERIFICATION
https://www.enexgroup.gr/web/guest/active-energy-markets-members,1,48,HELLAGROLIP S.A.,,MEMBER_OR_PARTICIPANT_SOURCE_RECORD,"{""A/A"": ""47"", ""Company name"": ""HELLAGROLIP S.A."", ""dam & idm"": """", ""derivatives market"": """", ""natural gas"": """", ""ppa platform"": """", ""country"": ""GREECE""}","[{""work_id"": ""B05:2082"", ""source_url"": ""https://www.enexgroup.gr/web/guest/active-energy-markets-members"", ""table"": ""1"", ""row"": ""48"", ""headers_json"": ""[\""A/A\"", \""Company name\"", \""dam & idm\"", \""derivatives market\"", \""natural gas\"", \""ppa platform\"", \""country\""]"", ""cells_json"": ""[\""47\"", \""HELLAGROLIP S.A.\"", \""\"", \""\"", \""\"", \""\"", \""GREECE\""]"", ""row_links_json"": ""[\""https://www.hellagrolip.bg/en/\""]"", ""content_sha256"": ""c79e198919e8615877e63f8a4f6173edb1ece94c7459d397fc3005ad742d27c0"", ""semantic_status"": ""SOURCE_TABLE_ROW_NOT_AUTOMATICALLY_ENTITY""}]",SOURCE_TABLE_RECORD_NOT_GLOBAL_OR_UNIQUE_COMPANY_VERIFICATION
https://www.enexgroup.gr/web/guest/active-energy-markets-members,1,49,HELLENiQ RENEWABLES,,MEMBER_OR_PARTICIPANT_SOURCE_RECORD,"{""A/A"": ""48"", ""Company name"": ""HELLENiQ RENEWABLES"", ""dam & idm"": """", ""derivatives market"": """", ""natural gas"": """", ""ppa platform"": """", ""country"": ""GREECE""}","[{""work_id"": ""B05:2082"", ""source_url"": ""https://www.enexgroup.gr/web/guest/active-energy-markets-members"", ""table"": ""1"", ""row"": ""49"", ""headers_json"": ""[\""A/A\"", \""Company name\"", \""dam & idm\"", \""derivatives market\"", \""natural gas\"", \""ppa platform\"", \""country\""]"", ""cells_json"": ""[\""48\"", \""HELLENiQ RENEWABLES\"", \""\"", \""\"", \""\"", \""\"", \""GREECE\""]"", ""row_links_json"": ""[\""https://www.elperes.gr/en/\""]"", ""content_sha256"": ""c79e198919e8615877e63f8a4f6173edb1ece94c7459d397fc3005ad742d27c0"", ""semantic_status"": ""SOURCE_TABLE_ROW_NOT_AUTOMATICALLY_ENTITY""}]",SOURCE_TABLE_RECORD_NOT_GLOBAL_OR_UNIQUE_COMPANY_VERIFICATION
https://www.enexgroup.gr/web/guest/active-energy-markets-members,1,50,HSE d.o.o.,,MEMBER_OR_PARTICIPANT_SOURCE_RECORD,"{""A/A"": ""49"", ""Company name"": ""HSE d.o.o."", ""dam & idm"": """", ""derivatives market"": """", ""natural gas"": """", ""ppa platform"": """", ""country"": ""SLOVENIA""}","[{""work_id"": ""B05:2082"", ""source_url"": ""https://www.enexgroup.gr/web/guest/active-energy-markets-members"", ""table"": ""1"", ""row"": ""50"", ""headers_json"": ""[\""A/A\"", \""Company name\"", \""dam & idm\"", \""derivatives market\"", \""natural gas\"", \""ppa platform\"", \""country\""]"", ""cells_json"": ""[\""49\"", \""HSE d.o.o.\"", \""\"", \""\"", \""\"", \""\"", \""SLOVENIA\""]"", ""row_links_json"": ""[\""https://www.hse.si/en/\""]"", ""content_sha256"": ""c79e198919e8615877e63f8a4f6173edb1ece94c7459d397fc3005ad742d27c0"", ""semantic_status"": ""SOURCE_TABLE_ROW_NOT_AUTOMATICALLY_ENTITY""}]",SOURCE_TABLE_RECORD_NOT_GLOBAL_OR_UNIQUE_COMPANY_VERIFICATION
https://www.enexgroup.gr/web/guest/active-energy-markets-members,1,51,INTERBETON CONSTRUCTION MATERIALS S.A.,,MEMBER_OR_PARTICIPANT_SOURCE_RECORD,"{""A/A"": ""50"", ""Company name"": ""INTERBETON CONSTRUCTION MATERIALS S.A."", ""dam & idm"": """", ""derivatives market"": """", ""natural gas"": """", ""ppa platform"": """", ""country"": ""GREECE""}","[{""work_id"": ""B05:2082"", ""source_url"": ""https://www.enexgroup.gr/web/guest/active-energy-markets-members"", ""table"": ""1"", ""row"": ""51"", ""headers_json"": ""[\""A/A\"", \""Company name\"", \""dam & idm\"", \""derivatives market\"", \""natural gas\"", \""ppa platform\"", \""country\""]"", ""cells_json"": ""[\""50\"", \""INTERBETON CONSTRUCTION MATERIALS S.A.\"", \""\"", \""\"", \""\"", \""\"", \""GREECE\""]"", ""row_links_json"": ""[\""https://interbeton.gr/\""]"", ""content_sha256"": ""c79e198919e8615877e63f8a4f6173edb1ece94c7459d397fc3005ad742d27c0"", ""semantic_status"": ""SOURCE_TABLE_ROW_NOT_AUTOMATICALLY_ENTITY""}]",SOURCE_TABLE_RECORD_NOT_GLOBAL_OR_UNIQUE_COMPANY_VERIFICATION
https://www.enexgroup.gr/web/guest/active-energy-markets-members,1,52,IXION ENERGY,,MEMBER_OR_PARTICIPANT_SOURCE_RECORD,"{""A/A"": ""51"", ""Company name"": ""IXION ENERGY"", ""dam & idm"": """", ""derivatives market"": """", ""natural gas"": """", ""ppa platform"": """", ""country"": ""GREECE""}","[{""work_id"": ""B05:2082"", ""source_url"": ""https://www.enexgroup.gr/web/guest/active-energy-markets-members"", ""table"": ""1"", ""row"": ""52"", ""headers_json"": ""[\""A/A\"", \""Company name\"", \""dam & idm\"", \""derivatives market\"", \""natural gas\"", \""ppa platform\"", \""country\""]"", ""cells_json"": ""[\""51\"", \""IXION ENERGY\"", \""\"", \""\"", \""\"", \""\"", \""GREECE\""]"", ""row_links_json"": ""[\""https://ixion.gr/en/homepage/\""]"", ""content_sha256"": ""c79e198919e8615877e63f8a4f6173edb1ece94c7459d397fc3005ad742d27c0"", ""semantic_status"": ""SOURCE_TABLE_ROW_NOT_AUTOMATICALLY_ENTITY""}]",SOURCE_TABLE_RECORD_NOT_GLOBAL_OR_UNIQUE_COMPANY_VERIFICATION
https://www.enexgroup.gr/web/guest/active-energy-markets-members,1,53,Kelag International Ljubljana d.o.o.,,MEMBER_OR_PARTICIPANT_SOURCE_RECORD,"{""A/A"": ""52"", ""Company name"": ""Kelag International Ljubljana d.o.o."", ""dam & idm"": """", ""derivatives market"": """", ""natural gas"": """", ""ppa platform"": """", ""country"": ""SLOVENIA""}","[{""work_id"": ""B05:2082"", ""source_url"": ""https://www.enexgroup.gr/web/guest/active-energy-markets-members"", ""table"": ""1"", ""row"": ""53"", ""headers_json"": ""[\""A/A\"", \""Company name\"", \""dam & idm\"", \""derivatives market\"", \""natural gas\"", \""ppa platform\"", \""country\""]"", ""cells_json"": ""[\""52\"", \""Kelag International Ljubljana d.o.o.\"", \""\"", \""\"", \""\"", \""\"", \""SLOVENIA\""]"", ""row_links_json"": ""[\""https://www.kelag-international.com/\""]"", ""content_sha256"": ""c79e198919e8615877e63f8a4f6173edb1ece94c7459d397fc3005ad742d27c0"", ""semantic_status"": ""SOURCE_TABLE_ROW_NOT_AUTOMATICALLY_ENTITY""}]",SOURCE_TABLE_RECORD_NOT_GLOBAL_OR_UNIQUE_COMPANY_VERIFICATION
https://www.enexgroup.gr/web/guest/active-energy-markets-members,1,54,KIEFER ENERGY CONSTRUCTIONS INVESTMENTS ÎÎÎ©ÎÎ¥ÎÎ ÎÎ¤ÎÎÎ¡ÎÎÎ,,MEMBER_OR_PARTICIPANT_SOURCE_RECORD,"{""A/A"": ""53"", ""Company name"": ""KIEFER ENERGY CONSTRUCTIONS INVESTMENTS ÎÎÎ©ÎÎ¥ÎÎ ÎÎ¤ÎÎÎ¡ÎÎÎ"", ""dam & idm"": """", ""derivatives market"": """", ""natural gas"": """", ""ppa platform"": """", ""country"": ""GREECE""}","[{""work_id"": ""B05:2082"", ""source_url"": ""https://www.enexgroup.gr/web/guest/active-energy-markets-members"", ""table"": ""1"", ""row"": ""54"", ""headers_json"": ""[\""A/A\"", \""Company name\"", \""dam & idm\"", \""derivatives market\"", \""natural gas\"", \""ppa platform\"", \""country\""]"", ""cells_json"": ""[\""53\"", \""KIEFER ENERGY CONSTRUCTIONS INVESTMENTS ÎÎÎ©ÎÎ¥ÎÎ ÎÎ¤ÎÎÎ¡ÎÎÎ\"", \""\"", \""\"", \""\"", \""\"", \""GREECE\""]"", ""row_links_json"": ""[\""https://kiefer.gr/\""]"", ""content_sha256"": ""c79e198919e8615877e63f8a4f6173edb1ece94c7459d397fc3005ad742d27c0"", ""semantic_status"": ""SOURCE_TABLE_ROW_NOT_AUTOMATICALLY_ENTITY""}]",SOURCE_TABLE_RECORD_NOT_GLOBAL_OR_UNIQUE_COMPANY_VERIFICATION
https://www.enexgroup.gr/web/guest/active-energy-markets-members,1,55,KOLMAR NL B.V.,,MEMBER_OR_PARTICIPANT_SOURCE_RECORD,"{""A/A"": ""54"", ""Company name"": ""KOLMAR NL B.V."", ""dam & idm"": """", ""derivatives market"": """", ""natural gas"": """", ""ppa platform"": """", ""country"": ""NETHERLANDS""}","[{""work_id"": ""B05:2082"", ""source_url"": ""https://www.enexgroup.gr/web/guest/active-energy-markets-members"", ""table"": ""1"", ""row"": ""55"", ""headers_json"": ""[\""A/A\"", \""Company name\"", \""dam & idm\"", \""derivatives market\"", \""natural gas\"", \""ppa platform\"", \""country\""]"", ""cells_json"": ""[\""54\"", \""KOLMAR NL B.V.\"", \""\"", \""\"", \""\"", \""\"", \""NETHERLANDS\""]"", ""row_links_json"": ""[\""https://www.kolmargroup.com/\""]"", ""content_sha256"": ""c79e198919e8615877e63f8a4f6173edb1ece94c7459d397fc3005ad742d27c0"", ""semantic_status"": ""SOURCE_TABLE_ROW_NOT_AUTOMATICALLY_ENTITY""}]",SOURCE_TABLE_RECORD_NOT_GLOBAL_OR_UNIQUE_COMPANY_VERIFICATION
https://www.enexgroup.gr/web/guest/active-energy-markets-members,1,56,M-GAZ EOOD,,MEMBER_OR_PARTICIPANT_SOURCE_RECORD,"{""A/A"": ""55"", ""Company name"": ""M-GAZ EOOD"", ""dam & idm"": """", ""derivatives market"": """", ""natural gas"": """", ""ppa platform"": """", ""country"": ""BULGARIA""}","[{""work_id"": ""B05:2082"", ""source_url"": ""https://www.enexgroup.gr/web/guest/active-energy-markets-members"", ""table"": ""1"", ""row"": ""56"", ""headers_json"": ""[\""A/A\"", \""Company name\"", \""dam & idm\"", \""derivatives market\"", \""natural gas\"", \""ppa platform\"", \""country\""]"", ""cells_json"": ""[\""55\"", \""M-GAZ EOOD\"", \""\"", \""\"", \""\"", \""\"", \""BULGARIA\""]"", ""row_links_json"": ""[\""https://mgas-bg.com/en/news-en/\""]"", ""content_sha256"": ""c79e198919e8615877e63f8a4f6173edb1ece94c7459d397fc3005ad742d27c0"", ""semantic_status"": ""SOURCE_TABLE_ROW_NOT_AUTOMATICALLY_ENTITY""}]",SOURCE_TABLE_RECORD_NOT_GLOBAL_OR_UNIQUE_COMPANY_VERIFICATION
https://www.enexgroup.gr/web/guest/active-energy-markets-members,1,57,MET ENERGY TRADING BULGARIA EAD,,MEMBER_OR_PARTICIPANT_SOURCE_RECORD,"{""A/A"": ""56"", ""Company name"": ""MET ENERGY TRADING BULGARIA EAD"", ""dam & idm"": """", ""derivatives market"": """", ""natural gas"": """", ""ppa platform"": """", ""country"": ""BULGARIA""}","[{""work_id"": ""B05:2082"", ""source_url"": ""https://www.enexgroup.gr/web/guest/active-energy-markets-members"", ""table"": ""1"", ""row"": ""57"", ""headers_json"": ""[\""A/A\"", \""Company name\"", \""dam & idm\"", \""derivatives market\"", \""natural gas\"", \""ppa platform\"", \""country\""]"", ""cells_json"": ""[\""56\"", \""MET ENERGY TRADING BULGARIA EAD\"", \""\"", \""\"", \""\"", \""\"", \""BULGARIA\""]"", ""row_links_json"": ""[\""https://bg.met.com/en/\""]"", ""content_sha256"": ""c79e198919e8615877e63f8a4f6173edb1ece94c7459d397fc3005ad742d27c0"", ""semantic_status"": ""SOURCE_TABLE_ROW_NOT_AUTOMATICALLY_ENTITY""}]",SOURCE_TABLE_RECORD_NOT_GLOBAL_OR_UNIQUE_COMPANY_VERIFICATION
https://www.enexgroup.gr/web/guest/active-energy-markets-members,1,58,MET GREECE SINGLE MEMBER S.A,,MEMBER_OR_PARTICIPANT_SOURCE_RECORD,"{""A/A"": ""57"", ""Company name"": ""MET GREECE SINGLE MEMBER S.A"", ""dam & idm"": """", ""derivatives market"": """", ""natural gas"": """", ""ppa platform"": """", ""country"": ""GREECE""}","[{""work_id"": ""B05:2082"", ""source_url"": ""https://www.enexgroup.gr/web/guest/active-energy-markets-members"", ""table"": ""1"", ""row"": ""58"", ""headers_json"": ""[\""A/A\"", \""Company name\"", \""dam & idm\"", \""derivatives market\"", \""natural gas\"", \""ppa platform\"", \""country\""]"", ""cells_json"": ""[\""57\"", \""MET GREECE SINGLE MEMBER S.A\"", \""\"", \""\"", \""\"", \""\"", \""GREECE\""]"", ""row_links_json"": ""[]"", ""content_sha256"": ""c79e198919e8615877e63f8a4f6173edb1ece94c7459d397fc3005ad742d27c0"", ""semantic_status"": ""SOURCE_TABLE_ROW_NOT_AUTOMATICALLY_ENTITY""}]",SOURCE_TABLE_RECORD_NOT_GLOBAL_OR_UNIQUE_COMPANY_VERIFICATION
https://www.enexgroup.gr/web/guest/active-energy-markets-members,1,59,Metlen Energy & Metals A.E. **,,MEMBER_OR_PARTICIPANT_SOURCE_RECORD,"{""A/A"": ""58"", ""Company name"": ""Metlen Energy & Metals A.E. **"", ""dam & idm"": """", ""derivatives market"": """", ""natural gas"": """", ""ppa platform"": """", ""country"": ""GREECE""}","[{""work_id"": ""B05:2082"", ""source_url"": ""https://www.enexgroup.gr/web/guest/active-energy-markets-members"", ""table"": ""1"", ""row"": ""59"", ""headers_json"": ""[\""A/A\"", \""Company name\"", \""dam & idm\"", \""derivatives market\"", \""natural gas\"", \""ppa platform\"", \""country\""]"", ""cells_json"": ""[\""58\"", \""Metlen Energy & Metals A.E. **\"", \""\"", \""\"", \""\"", \""\"", \""GREECE\""]"", ""row_links_json"": ""[\""https://www.metlengroup.com/\""]"", ""content_sha256"": ""c79e198919e8615877e63f8a4f6173edb1ece94c7459d397fc3005ad742d27c0"", ""semantic_status"": ""SOURCE_TABLE_ROW_NOT_AUTOMATICALLY_ENTITY""}]",SOURCE_TABLE_RECORD_NOT_GLOBAL_OR_UNIQUE_COMPANY_VERIFICATION
https://www.enexgroup.gr/web/guest/active-energy-markets-members,1,60,MFT ENERGY A/S,,MEMBER_OR_PARTICIPANT_SOURCE_RECORD,"{""A/A"": ""59"", ""Company name"": ""MFT ENERGY A/S"", ""dam & idm"": """", ""derivatives market"": """", ""natural gas"": """", ""ppa platform"": """", ""country"": ""DENMARK""}","[{""work_id"": ""B05:2082"", ""source_url"": ""https://www.enexgroup.gr/web/guest/active-energy-markets-members"", ""table"": ""1"", ""row"": ""60"", ""headers_json"": ""[\""A/A\"", \""Company name\"", \""dam & idm\"", \""derivatives market\"", \""natural gas\"", \""ppa platform\"", \""country\""]"", ""cells_json"": ""[\""59\"", \""MFT ENERGY A/S\"", \""\"", \""\"", \""\"", \""\"", \""DENMARK\""]"", ""row_links_json"": ""[\""http://www.mft-energy.com\""]"", ""content_sha256"": ""c79e198919e8615877e63f8a4f6173edb1ece94c7459d397fc3005ad742d27c0"", ""semantic_status"": ""SOURCE_TABLE_ROW_NOT_AUTOMATICALLY_ENTITY""}]",SOURCE_TABLE_RECORD_NOT_GLOBAL_OR_UNIQUE_COMPANY_VERIFICATION
https://www.enexgroup.gr/web/guest/active-energy-markets-members,1,61,Îind Energy A/S,,MEMBER_OR_PARTICIPANT_SOURCE_RECORD,"{""A/A"": ""60"", ""Company name"": ""Îind Energy A/S"", ""dam & idm"": """", ""derivatives market"": """", ""natural gas"": """", ""ppa platform"": """", ""country"": ""DENMARK""}","[{""work_id"": ""B05:2082"", ""source_url"": ""https://www.enexgroup.gr/web/guest/active-energy-markets-members"", ""table"": ""1"", ""row"": ""61"", ""headers_json"": ""[\""A/A\"", \""Company name\"", \""dam & idm\"", \""derivatives market\"", \""natural gas\"", \""ppa platform\"", \""country\""]"", ""cells_json"": ""[\""60\"", \""Îind Energy A/S\"", \""\"", \""\"", \""\"", \""\"", \""DENMARK\""]"", ""row_links_json"": ""[\""https://mindenergy.com/\""]"", ""content_sha256"": ""c79e198919e8615877e63f8a4f6173edb1ece94c7459d397fc3005ad742d27c0"", ""semantic_status"": ""SOURCE_TABLE_ROW_NOT_AUTOMATICALLY_ENTITY""}]",SOURCE_TABLE_RECORD_NOT_GLOBAL_OR_UNIQUE_COMPANY_VERIFICATION
https://www.enexgroup.gr/web/guest/active-energy-markets-members,1,62,ÎÎÎ¤ÎROIL RENEWABLE ENERGY MONOÎ Î¡ÎÎ£Î©Î Î Î.Î.,,MEMBER_OR_PARTICIPANT_SOURCE_RECORD,"{""A/A"": ""61"", ""Company name"": ""ÎÎÎ¤ÎROIL RENEWABLE ENERGY MONOÎ Î¡ÎÎ£Î©Î Î Î.Î."", ""dam & idm"": """", ""derivatives market"": """", ""natural gas"": """", ""ppa platform"": """", ""country"": ""GREECE""}","[{""work_id"": ""B05:2082"", ""source_url"": ""https://www.enexgroup.gr/web/guest/active-energy-markets-members"", ""table"": ""1"", ""row"": ""62"", ""headers_json"": ""[\""A/A\"", \""Company name\"", \""dam & idm\"", \""derivatives market\"", \""natural gas\"", \""ppa platform\"", \""country\""]"", ""cells_json"": ""[\""61\"", \""ÎÎÎ¤ÎROIL RENEWABLE ENERGY MONOÎ Î¡ÎÎ£Î©Î Î Î.Î.\"", \""\"", \""\"", \""\"", \""\"", \""GREECE\""]"", ""row_links_json"": ""[\""https://www.moh.gr/proionta-ypiresies/ilektrismos/\""]"", ""content_sha256"": ""c79e198919e8615877e63f8a4f6173edb1ece94c7459d397fc3005ad742d27c0"", ""semantic_status"": ""SOURCE_TABLE_ROW_NOT_AUTOMATICALLY_ENTITY""}]",SOURCE_TABLE_RECORD_NOT_GLOBAL_OR_UNIQUE_COMPANY_VERIFICATION
https://www.enexgroup.gr/web/guest/active-energy-markets-members,1,63,NATIONAL BANK OF GREECE S.A.,,MEMBER_OR_PARTICIPANT_SOURCE_RECORD,"{""A/A"": ""62"", ""Company name"": ""NATIONAL BANK OF GREECE S.A."", ""dam & idm"": """", ""derivatives market"": """", ""natural gas"": """", ""ppa platform"": """", ""country"": ""GREECE""}","[{""work_id"": ""B05:2082"", ""source_url"": ""https://www.enexgroup.gr/web/guest/active-energy-markets-members"", ""table"": ""1"", ""row"": ""63"", ""headers_json"": ""[\""A/A\"", \""Company name\"", \""dam & idm\"", \""derivatives market\"", \""natural gas\"", \""ppa platform\"", \""country\""]"", ""cells_json"": ""[\""62\"", \""NATIONAL BANK OF GREECE S.A.\"", \""\"", \""\"", \""\"", \""\"", \""GREECE\""]"", ""row_links_json"": ""[\""https://www.nbg.gr/en\""]"", ""content_sha256"": ""c79e198919e8615877e63f8a4f6173edb1ece94c7459d397fc3005ad742d27c0"", ""semantic_status"": ""SOURCE_TABLE_ROW_NOT_AUTOMATICALLY_ENTITY""}]",SOURCE_TABLE_RECORD_NOT_GLOBAL_OR_UNIQUE_COMPANY_VERIFICATION
https://www.enexgroup.gr/web/guest/active-energy-markets-members,1,64,NIDHOG ApS,,MEMBER_OR_PARTICIPANT_SOURCE_RECORD,"{""A/A"": ""63"", ""Company name"": ""NIDHOG ApS"", ""dam & idm"": """", ""derivatives market"": """", ""natural gas"": """", ""ppa platform"": """", ""country"": ""DENMARK""}","[{""work_id"": ""B05:2082"", ""source_url"": ""https://www.enexgroup.gr/web/guest/active-energy-markets-members"", ""table"": ""1"", ""row"": ""64"", ""headers_json"": ""[\""A/A\"", \""Company name\"", \""dam & idm\"", \""derivatives market\"", \""natural gas\"", \""ppa platform\"", \""country\""]"", ""cells_json"": ""[\""63\"", \""NIDHOG ApS\"", \""\"", \""\"", \""\"", \""\"", \""DENMARK\""]"", ""row_links_json"": ""[]"", ""content_sha256"": ""c79e198919e8615877e63f8a4f6173edb1ece94c7459d397fc3005ad742d27c0"", ""semantic_status"": ""SOURCE_TABLE_ROW_NOT_AUTOMATICALLY_ENTITY""}]",SOURCE_TABLE_RECORD_NOT_GLOBAL_OR_UNIQUE_COMPANY_VERIFICATION
https://www.enexgroup.gr/web/guest/active-energy-markets-members,1,65,NOMAD ENERGY COMPANY LTD,,MEMBER_OR_PARTICIPANT_SOURCE_RECORD,"{""A/A"": ""64"", ""Company name"": ""NOMAD ENERGY COMPANY LTD"", ""dam & idm"": """", ""derivatives market"": """", ""natural gas"": """", ""ppa platform"": """", ""country"": ""BULGARIA""}","[{""work_id"": ""B05:2082"", ""source_url"": ""https://www.enexgroup.gr/web/guest/active-energy-markets-members"", ""table"": ""1"", ""row"": ""65"", ""headers_json"": ""[\""A/A\"", \""Company name\"", \""dam & idm\"", \""derivatives market\"", \""natural gas\"", \""ppa platform\"", \""country\""]"", ""cells_json"": ""[\""64\"", \""NOMAD ENERGY COMPANY LTD\"", \""\"", \""\"", \""\"", \""\"", \""BULGARIA\""]"", ""row_links_json"": ""[\""https://nec.bg/en/\""]"", ""content_sha256"": ""c79e198919e8615877e63f8a4f6173edb1ece94c7459d397fc3005ad742d27c0"", ""semantic_status"": ""SOURCE_TABLE_ROW_NOT_AUTOMATICALLY_ENTITY""}]",SOURCE_TABLE_RECORD_NOT_GLOBAL_OR_UNIQUE_COMPANY_VERIFICATION
https://www.enexgroup.gr/web/guest/active-energy-markets-members,1,66,NORD ENERGY OY,,MEMBER_OR_PARTICIPANT_SOURCE_RECORD,"{""A/A"": ""65"", ""Company name"": ""NORD ENERGY OY"", ""dam & idm"": """", ""derivatives market"": """", ""natural gas"": """", ""ppa platform"": """", ""country"": ""FINLAND""}","[{""work_id"": ""B05:2082"", ""source_url"": ""https://www.enexgroup.gr/web/guest/active-energy-markets-members"", ""table"": ""1"", ""row"": ""66"", ""headers_json"": ""[\""A/A\"", \""Company name\"", \""dam & idm\"", \""derivatives market\"", \""natural gas\"", \""ppa platform\"", \""country\""]"", ""cells_json"": ""[\""65\"", \""NORD ENERGY OY\"", \""\"", \""\"", \""\"", \""\"", \""FINLAND\""]"", ""row_links_json"": ""[\""https://nordenergy.eu/\""]"", ""content_sha256"": ""c79e198919e8615877e63f8a4f6173edb1ece94c7459d397fc3005ad742d27c0"", ""semantic_status"": ""SOURCE_TABLE_ROW_NOT_AUTOMATICALLY_ENTITY""}]",SOURCE_TABLE_RECORD_NOT_GLOBAL_OR_UNIQUE_COMPANY_VERIFICATION
https://www.enexgroup.gr/web/guest/active-energy-markets-members,1,67,NRG SUPPLY AND TRADING S.A.,,MEMBER_OR_PARTICIPANT_SOURCE_RECORD,"{""A/A"": ""66"", ""Company name"": ""NRG SUPPLY AND TRADING S.A."", ""dam & idm"": """", ""derivatives market"": """", ""natural gas"": """", ""ppa platform"": """", ""country"": ""GREECE""}","[{""work_id"": ""B05:2082"", ""source_url"": ""https://www.enexgroup.gr/web/guest/active-energy-markets-members"", ""table"": ""1"", ""row"": ""67"", ""headers_json"": ""[\""A/A\"", \""Company name\"", \""dam & idm\"", \""derivatives market\"", \""natural gas\"", \""ppa platform\"", \""country\""]"", ""cells_json"": ""[\""66\"", \""NRG SUPPLY AND TRADING S.A.\"", \""\"", \""\"", \""\"", \""\"", \""GREECE\""]"", ""row_links_json"": ""[\""https://www.nrg.gr/\""]"", ""content_sha256"": ""c79e198919e8615877e63f8a4f6173edb1ece94c7459d397fc3005ad742d27c0"", ""semantic_status"": ""SOURCE_TABLE_ROW_NOT_AUTOMATICALLY_ENTITY""}]",SOURCE_TABLE_RECORD_NOT_GLOBAL_OR_UNIQUE_COMPANY_VERIFICATION
https://www.enexgroup.gr/web/guest/active-energy-markets-members,1,68,ODINSON ÎÎÎ©ÎÎ¥ÎÎ ÎÎ¤ÎÎÎ¡ÎÎÎ,,MEMBER_OR_PARTICIPANT_SOURCE_RECORD,"{""A/A"": ""67"", ""Company name"": ""ODINSON ÎÎÎ©ÎÎ¥ÎÎ ÎÎ¤ÎÎÎ¡ÎÎÎ"", ""dam & idm"": """", ""derivatives market"": """", ""natural gas"": """", ""ppa platform"": """", ""country"": ""GREECE""}","[{""work_id"": ""B05:2082"", ""source_url"": ""https://www.enexgroup.gr/web/guest/active-energy-markets-members"", ""table"": ""1"", ""row"": ""68"", ""headers_json"": ""[\""A/A\"", \""Company name\"", \""dam & idm\"", \""derivatives market\"", \""natural gas\"", \""ppa platform\"", \""country\""]"", ""cells_json"": ""[\""67\"", \""ODINSON ÎÎÎ©ÎÎ¥ÎÎ ÎÎ¤ÎÎÎ¡ÎÎÎ\"", \""\"", \""\"", \""\"", \""\"", \""GREECE\""]"", ""row_links_json"": ""[]"", ""content_sha256"": ""c79e198919e8615877e63f8a4f6173edb1ece94c7459d397fc3005ad742d27c0"", ""semantic_status"": ""SOURCE_TABLE_ROW_NOT_AUTOMATICALLY_ENTITY""}]",SOURCE_TABLE_RECORD_NOT_GLOBAL_OR_UNIQUE_COMPANY_VERIFICATION
https://www.enexgroup.gr/web/guest/active-energy-markets-members,1,69,OMV PETROM SA,,MEMBER_OR_PARTICIPANT_SOURCE_RECORD,"{""A/A"": ""68"", ""Company name"": ""OMV PETROM SA"", ""dam & idm"": """", ""derivatives market"": """", ""natural gas"": """", ""ppa platform"": """", ""country"": ""ROMANIA""}","[{""work_id"": ""B05:2082"", ""source_url"": ""https://www.enexgroup.gr/web/guest/active-energy-markets-members"", ""table"": ""1"", ""row"": ""69"", ""headers_json"": ""[\""A/A\"", \""Company name\"", \""dam & idm\"", \""derivatives market\"", \""natural gas\"", \""ppa platform\"", \""country\""]"", ""cells_json"": ""[\""68\"", \""OMV PETROM SA\"", \""\"", \""\"", \""\"", \""\"", \""ROMANIA\""]"", ""row_links_json"": ""[\""https://www.omvpetrom.com/en\""]"", ""content_sha256"": ""c79e198919e8615877e63f8a4f6173edb1ece94c7459d397fc3005ad742d27c0"", ""semantic_status"": ""SOURCE_TABLE_ROW_NOT_AUTOMATICALLY_ENTITY""}]",SOURCE_TABLE_RECORD_NOT_GLOBAL_OR_UNIQUE_COMPANY_VERIFICATION
https://www.enexgroup.gr/web/guest/active-energy-markets-members,1,70,OPTIMUS ENERGY SOCIETE ANONYME,,MEMBER_OR_PARTICIPANT_SOURCE_RECORD,"{""A/A"": ""69"", ""Company name"": ""OPTIMUS ENERGY SOCIETE ANONYME"", ""dam & idm"": """", ""derivatives market"": """", ""natural gas"": """", ""ppa platform"": """", ""country"": ""GREECE""}","[{""work_id"": ""B05:2082"", ""source_url"": ""https://www.enexgroup.gr/web/guest/active-energy-markets-members"", ""table"": ""1"", ""row"": ""70"", ""headers_json"": ""[\""A/A\"", \""Company name\"", \""dam & idm\"", \""derivatives market\"", \""natural gas\"", \""ppa platform\"", \""country\""]"", ""cells_json"": ""[\""69\"", \""OPTIMUS ENERGY SOCIETE ANONYME\"", \""\"", \""\"", \""\"", \""\"", \""GREECE\""]"", ""row_links_json"": ""[\""https://optimusenergy.gr/\""]"", ""content_sha256"": ""c79e198919e8615877e63f8a4f6173edb1ece94c7459d397fc3005ad742d27c0"", ""semantic_status"": ""SOURCE_TABLE_ROW_NOT_AUTOMATICALLY_ENTITY""}]",SOURCE_TABLE_RECORD_NOT_GLOBAL_OR_UNIQUE_COMPANY_VERIFICATION
https://www.enexgroup.gr/web/guest/active-energy-markets-members,1,71,OVERGAS INC. AD,,MEMBER_OR_PARTICIPANT_SOURCE_RECORD,"{""A/A"": ""70"", ""Company name"": ""OVERGAS INC. AD"", ""dam & idm"": """", ""derivatives market"": """", ""natural gas"": """", ""ppa platform"": """", ""country"": ""BULGARIA""}","[{""work_id"": ""B05:2082"", ""source_url"": ""https://www.enexgroup.gr/web/guest/active-energy-markets-members"", ""table"": ""1"", ""row"": ""71"", ""headers_json"": ""[\""A/A\"", \""Company name\"", \""dam & idm\"", \""derivatives market\"", \""natural gas\"", \""ppa platform\"", \""country\""]"", ""cells_json"": ""[\""70\"", \""OVERGAS INC. AD\"", \""\"", \""\"", \""\"", \""\"", \""BULGARIA\""]"", ""row_links_json"": ""[\""https://www.overgas.bg/en/\""]"", ""content_sha256"": ""c79e198919e8615877e63f8a4f6173edb1ece94c7459d397fc3005ad742d27c0"", ""semantic_status"": ""SOURCE_TABLE_ROW_NOT_AUTOMATICALLY_ENTITY""}]",SOURCE_TABLE_RECORD_NOT_GLOBAL_OR_UNIQUE_COMPANY_VERIFICATION
https://www.enexgroup.gr/web/guest/active-energy-markets-members,1,72,OZBOR ENTERPRISES LIMITED,,MEMBER_OR_PARTICIPANT_SOURCE_RECORD,"{""A/A"": ""71"", ""Company name"": ""OZBOR ENTERPRISES LIMITED"", ""dam & idm"": """", ""derivatives market"": """", ""natural gas"": """", ""ppa platform"": """", ""country"": ""CYPRUS""}","[{""work_id"": ""B05:2082"", ""source_url"": ""https://www.enexgroup.gr/web/guest/active-energy-markets-members"", ""table"": ""1"", ""row"": ""72"", ""headers_json"": ""[\""A/A\"", \""Company name\"", \""dam & idm\"", \""derivatives market\"", \""natural gas\"", \""ppa platform\"", \""country\""]"", ""cells_json"": ""[\""71\"", \""OZBOR ENTERPRISES LIMITED\"", \""\"", \""\"", \""\"", \""\"", \""CYPRUS\""]"", ""row_links_json"": ""[]"", ""content_sha256"": ""c79e198919e8615877e63f8a4f6173edb1ece94c7459d397fc3005ad742d27c0"", ""semantic_status"": ""SOURCE_TABLE_ROW_NOT_AUTOMATICALLY_ENTITY""}]",SOURCE_TABLE_RECORD_NOT_GLOBAL_OR_UNIQUE_COMPANY_VERIFICATION
https://www.enexgroup.gr/web/guest/active-energy-markets-members,1,73,PIRAEUS SECURITIES S.A.,,MEMBER_OR_PARTICIPANT_SOURCE_RECORD,"{""A/A"": ""72"", ""Company name"": ""PIRAEUS SECURITIES S.A."", ""dam & idm"": """", ""derivatives market"": """", ""natural gas"": """", ""ppa platform"": """", ""country"": ""GREECE""}","[{""work_id"": ""B05:2082"", ""source_url"": ""https://www.enexgroup.gr/web/guest/active-energy-markets-members"", ""table"": ""1"", ""row"": ""73"", ""headers_json"": ""[\""A/A\"", \""Company name\"", \""dam & idm\"", \""derivatives market\"", \""natural gas\"", \""ppa platform\"", \""country\""]"", ""cells_json"": ""[\""72\"", \""PIRAEUS SECURITIES S.A.\"", \""\"", \""\"", \""\"", \""\"", \""GREECE\""]"", ""row_links_json"": ""[\""https://www.piraeusbankgroup.com/en/group-profile/groups-presence/greece/piraeus-aepey\""]"", ""content_sha256"": ""c79e198919e8615877e63f8a4f6173edb1ece94c7459d397fc3005ad742d27c0"", ""semantic_status"": ""SOURCE_TABLE_ROW_NOT_AUTOMATICALLY_ENTITY""}]",SOURCE_TABLE_RECORD_NOT_GLOBAL_OR_UNIQUE_COMPANY_VERIFICATION
https://www.enexgroup.gr/web/guest/active-energy-markets-members,1,74,"PETROL d.d., LJUBLJANA",,MEMBER_OR_PARTICIPANT_SOURCE_RECORD,"{""A/A"": ""73"", ""Company name"": ""PETROL d.d., LJUBLJANA"", ""dam & idm"": """", ""derivatives market"": """", ""natural gas"": """", ""ppa platform"": """", ""country"": ""SLOVENIA""}","[{""work_id"": ""B05:2082"", ""source_url"": ""https://www.enexgroup.gr/web/guest/active-energy-markets-members"", ""table"": ""1"", ""row"": ""74"", ""headers_json"": ""[\""A/A\"", \""Company name\"", \""dam & idm\"", \""derivatives market\"", \""natural gas\"", \""ppa platform\"", \""country\""]"", ""cells_json"": ""[\""73\"", \""PETROL d.d., LJUBLJANA\"", \""\"", \""\"", \""\"", \""\"", \""SLOVENIA\""]"", ""row_links_json"": ""[\""https://www.petrol.eu/sl/podjetja/petrol-dd-ljubljana\""]"", ""content_sha256"": ""c79e198919e8615877e63f8a4f6173edb1ece94c7459d397fc3005ad742d27c0"", ""semantic_status"": ""SOURCE_TABLE_ROW_NOT_AUTOMATICALLY_ENTITY""}]",SOURCE_TABLE_RECORD_NOT_GLOBAL_OR_UNIQUE_COMPANY_VERIFICATION
https://www.enexgroup.gr/web/guest/active-energy-markets-members,1,75,POWER FACTORS SINGLE MEMBER SOCIETE ANONYME,,MEMBER_OR_PARTICIPANT_SOURCE_RECORD,"{""A/A"": ""74"", ""Company name"": ""POWER FACTORS SINGLE MEMBER SOCIETE ANONYME"", ""dam & idm"": """", ""derivatives market"": """", ""natural gas"": """", ""ppa platform"": """", ""country"": ""GREECE""}","[{""work_id"": ""B05:2082"", ""source_url"": ""https://www.enexgroup.gr/web/guest/active-energy-markets-members"", ""table"": ""1"", ""row"": ""75"", ""headers_json"": ""[\""A/A\"", \""Company name\"", \""dam & idm\"", \""derivatives market\"", \""natural gas\"", \""ppa platform\"", \""country\""]"", ""cells_json"": ""[\""74\"", \""POWER FACTORS SINGLE MEMBER SOCIETE ANONYME\"", \""\"", \""\"", \""\"", \""\"", \""GREECE\""]"", ""row_links_json"": ""[\""https://www.powerfactors.com/\""]"", ""content_sha256"": ""c79e198919e8615877e63f8a4f6173edb1ece94c7459d397fc3005ad742d27c0"", ""semantic_status"": ""SOURCE_TABLE_ROW_NOT_AUTOMATICALLY_ENTITY""}]",SOURCE_TABLE_RECORD_NOT_GLOBAL_OR_UNIQUE_COMPANY_VERIFICATION
https://www.enexgroup.gr/web/guest/active-energy-markets-members,1,76,PPD NL B.V.,,MEMBER_OR_PARTICIPANT_SOURCE_RECORD,"{""A/A"": ""75"", ""Company name"": ""PPD NL B.V."", ""dam & idm"": """", ""derivatives market"": """", ""natural gas"": """", ""ppa platform"": """", ""country"": ""NETHERLANDS""}","[{""work_id"": ""B05:2082"", ""source_url"": ""https://www.enexgroup.gr/web/guest/active-energy-markets-members"", ""table"": ""1"", ""row"": ""76"", ""headers_json"": ""[\""A/A\"", \""Company name\"", \""dam & idm\"", \""derivatives market\"", \""natural gas\"", \""ppa platform\"", \""country\""]"", ""cells_json"": ""[\""75\"", \""PPD NL B.V.\"", \""\"", \""\"", \""\"", \""\"", \""NETHERLANDS\""]"", ""row_links_json"": ""[\""https://www.ppd-global.com/\""]"", ""content_sha256"": ""c79e198919e8615877e63f8a4f6173edb1ece94c7459d397fc3005ad742d27c0"", ""semantic_status"": ""SOURCE_TABLE_ROW_NOT_AUTOMATICALLY_ENTITY""}]",SOURCE_TABLE_RECORD_NOT_GLOBAL_OR_UNIQUE_COMPANY_VERIFICATION
https://www.enexgroup.gr/web/guest/active-energy-markets-members,1,77,PRINCIPIA ENERGY SERVICES,,MEMBER_OR_PARTICIPANT_SOURCE_RECORD,"{""A/A"": ""76"", ""Company name"": ""PRINCIPIA ENERGY SERVICES"", ""dam & idm"": """", ""derivatives market"": """", ""natural gas"": """", ""ppa platform"": """", ""country"": ""GREECE""}","[{""work_id"": ""B05:2082"", ""source_url"": ""https://www.enexgroup.gr/web/guest/active-energy-markets-members"", ""table"": ""1"", ""row"": ""77"", ""headers_json"": ""[\""A/A\"", \""Company name\"", \""dam & idm\"", \""derivatives market\"", \""natural gas\"", \""ppa platform\"", \""country\""]"", ""cells_json"": ""[\""76\"", \""PRINCIPIA ENERGY SERVICES\"", \""\"", \""\"", \""\"", \""\"", \""GREECE\""]"", ""row_links_json"": ""[\""https://principia-energy.com/\""]"", ""content_sha256"": ""c79e198919e8615877e63f8a4f6173edb1ece94c7459d397fc3005ad742d27c0"", ""semantic_status"": ""SOURCE_TABLE_ROW_NOT_AUTOMATICALLY_ENTITY""}]",SOURCE_TABLE_RECORD_NOT_GLOBAL_OR_UNIQUE_COMPANY_VERIFICATION
https://www.enexgroup.gr/web/guest/active-energy-markets-members,1,78,PROTERGIA ENERGY S.A.,,MEMBER_OR_PARTICIPANT_SOURCE_RECORD,"{""A/A"": ""77"", ""Company name"": ""PROTERGIA ENERGY S.A."", ""dam & idm"": """", ""derivatives market"": """", ""natural gas"": """", ""ppa platform"": """", ""country"": ""GREECE""}","[{""work_id"": ""B05:2082"", ""source_url"": ""https://www.enexgroup.gr/web/guest/active-energy-markets-members"", ""table"": ""1"", ""row"": ""78"", ""headers_json"": ""[\""A/A\"", \""Company name\"", \""dam & idm\"", \""derivatives market\"", \""natural gas\"", \""ppa platform\"", \""country\""]"", ""cells_json"": ""[\""77\"", \""PROTERGIA ENERGY S.A.\"", \""\"", \""\"", \""\"", \""\"", \""GREECE\""]"", ""row_links_json"": ""[\""http://www.prot-energy.gr/\""]"", ""content_sha256"": ""c79e198919e8615877e63f8a4f6173edb1ece94c7459d397fc3005ad742d27c0"", ""semantic_status"": ""SOURCE_TABLE_ROW_NOT_AUTOMATICALLY_ENTITY""}]",SOURCE_TABLE_RECORD_NOT_GLOBAL_OR_UNIQUE_COMPANY_VERIFICATION
https://www.enexgroup.gr/web/guest/active-energy-markets-members,1,79,PROTERGIA ÎÎÎ¡ÎÎÎÎÎÎÎ¤Î¡ÎÎÎ ÎÎÎ©ÎÎ¥ÎÎ ÎÎ¤ÎÎÎ¡ÎÎÎ,,MEMBER_OR_PARTICIPANT_SOURCE_RECORD,"{""A/A"": ""78"", ""Company name"": ""PROTERGIA ÎÎÎ¡ÎÎÎÎÎÎÎ¤Î¡ÎÎÎ ÎÎÎ©ÎÎ¥ÎÎ ÎÎ¤ÎÎÎ¡ÎÎÎ"", ""dam & idm"": """", ""derivatives market"": """", ""natural gas"": """", ""ppa platform"": """", ""country"": ""GREECE""}","[{""work_id"": ""B05:2082"", ""source_url"": ""https://www.enexgroup.gr/web/guest/active-energy-markets-members"", ""table"": ""1"", ""row"": ""79"", ""headers_json"": ""[\""A/A\"", \""Company name\"", \""dam & idm\"", \""derivatives market\"", \""natural gas\"", \""ppa platform\"", \""country\""]"", ""cells_json"": ""[\""78\"", \""PROTERGIA ÎÎÎ¡ÎÎÎÎÎÎÎ¤Î¡ÎÎÎ ÎÎÎ©ÎÎ¥ÎÎ ÎÎ¤ÎÎÎ¡ÎÎÎ\"", \""\"", \""\"", \""\"", \""\"", \""GREECE\""]"", ""row_links_json"": ""[\""https://www.protergia.gr/el\""]"", ""content_sha256"": ""c79e198919e8615877e63f8a4f6173edb1ece94c7459d397fc3005ad742d27c0"", ""semantic_status"": ""SOURCE_TABLE_ROW_NOT_AUTOMATICALLY_ENTITY""}]",SOURCE_TABLE_RECORD_NOT_GLOBAL_OR_UNIQUE_COMPANY_VERIFICATION
https://www.enexgroup.gr/web/guest/active-energy-markets-members,1,80,RENER ENERGY ÎÎÎ©ÎÎ¥ÎÎ ÎÎ¤ÎÎÎ¡ÎÎÎ,,MEMBER_OR_PARTICIPANT_SOURCE_RECORD,"{""A/A"": ""79"", ""Company name"": ""RENER ENERGY ÎÎÎ©ÎÎ¥ÎÎ ÎÎ¤ÎÎÎ¡ÎÎÎ"", ""dam & idm"": """", ""derivatives market"": """", ""natural gas"": """", ""ppa platform"": """", ""country"": ""GREECE""}","[{""work_id"": ""B05:2082"", ""source_url"": ""https://www.enexgroup.gr/web/guest/active-energy-markets-members"", ""table"": ""1"", ""row"": ""80"", ""headers_json"": ""[\""A/A\"", \""Company name\"", \""dam & idm\"", \""derivatives market\"", \""natural gas\"", \""ppa platform\"", \""country\""]"", ""cells_json"": ""[\""79\"", \""RENER ENERGY ÎÎÎ©ÎÎ¥ÎÎ ÎÎ¤ÎÎÎ¡ÎÎÎ\"", \""\"", \""\"", \""\"", \""\"", \""GREECE\""]"", ""row_links_json"": ""[]"", ""content_sha256"": ""c79e198919e8615877e63f8a4f6173edb1ece94c7459d397fc3005ad742d27c0"", ""semantic_status"": ""SOURCE_TABLE_ROW_NOT_AUTOMATICALLY_ENTITY""}]",SOURCE_TABLE_RECORD_NOT_GLOBAL_OR_UNIQUE_COMPANY_VERIFICATION
https://www.enexgroup.gr/web/guest/active-energy-markets-members,1,81,RENEWABLE SOURCES OF ENERGY ÎÎÎÎÎ Î¡ÎÎ£Î©Î Î Î.Î,,MEMBER_OR_PARTICIPANT_SOURCE_RECORD,"{""A/A"": ""80"", ""Company name"": ""RENEWABLE SOURCES OF ENERGY ÎÎÎÎÎ Î¡ÎÎ£Î©Î Î Î.Î"", ""dam & idm"": """", ""derivatives market"": """", ""natural gas"": """", ""ppa platform"": """", ""country"": ""GREECE""}","[{""work_id"": ""B05:2082"", ""source_url"": ""https://www.enexgroup.gr/web/guest/active-energy-markets-members"", ""table"": ""1"", ""row"": ""81"", ""headers_json"": ""[\""A/A\"", \""Company name\"", \""dam & idm\"", \""derivatives market\"", \""natural gas\"", \""ppa platform\"", \""country\""]"", ""cells_json"": ""[\""80\"", \""RENEWABLE SOURCES OF ENERGY ÎÎÎÎÎ Î¡ÎÎ£Î©Î Î Î.Î\"", \""\"", \""\"", \""\"", \""\"", \""GREECE\""]"", ""row_links_json"": ""[]"", ""content_sha256"": ""c79e198919e8615877e63f8a4f6173edb1ece94c7459d397fc3005ad742d27c0"", ""semantic_status"": ""SOURCE_TABLE_ROW_NOT_AUTOMATICALLY_ENTITY""}]",SOURCE_TABLE_RECORD_NOT_GLOBAL_OR_UNIQUE_COMPANY_VERIFICATION
https://www.enexgroup.gr/web/guest/active-energy-markets-members,1,82,RENOPTIPOWER S.A.,,MEMBER_OR_PARTICIPANT_SOURCE_RECORD,"{""A/A"": ""81"", ""Company name"": ""RENOPTIPOWER S.A."", ""dam & idm"": """", ""derivatives market"": """", ""natural gas"": """", ""ppa platform"": """", ""country"": ""GREECE""}","[{""work_id"": ""B05:2082"", ""source_url"": ""https://www.enexgroup.gr/web/guest/active-energy-markets-members"", ""table"": ""1"", ""row"": ""82"", ""headers_json"": ""[\""A/A\"", \""Company name\"", \""dam & idm\"", \""derivatives market\"", \""natural gas\"", \""ppa platform\"", \""country\""]"", ""cells_json"": ""[\""81\"", \""RENOPTIPOWER S.A.\"", \""\"", \""\"", \""\"", \""\"", \""GREECE\""]"", ""row_links_json"": ""[\""http://www.renoptipower.gr\""]"", ""content_sha256"": ""c79e198919e8615877e63f8a4f6173edb1ece94c7459d397fc3005ad742d27c0"", ""semantic_status"": ""SOURCE_TABLE_ROW_NOT_AUTOMATICALLY_ENTITY""}]",SOURCE_TABLE_RECORD_NOT_GLOBAL_OR_UNIQUE_COMPANY_VERIFICATION
https://www.enexgroup.gr/web/guest/active-energy-markets-members,1,83,RESPECT ENERGY S.A.,,MEMBER_OR_PARTICIPANT_SOURCE_RECORD,"{""A/A"": ""82"", ""Company name"": ""RESPECT ENERGY S.A."", ""dam & idm"": """", ""derivatives market"": """", ""natural gas"": """", ""ppa platform"": """", ""country"": ""POLAND""}","[{""work_id"": ""B05:2082"", ""source_url"": ""https://www.enexgroup.gr/web/guest/active-energy-markets-members"", ""table"": ""1"", ""row"": ""83"", ""headers_json"": ""[\""A/A\"", \""Company name\"", \""dam & idm\"", \""derivatives market\"", \""natural gas\"", \""ppa platform\"", \""country\""]"", ""cells_json"": ""[\""82\"", \""RESPECT ENERGY S.A.\"", \""\"", \""\"", \""\"", \""\"", \""POLAND\""]"", ""row_links_json"": ""[\""https://respectenergy.group/en/\""]"", ""content_sha256"": ""c79e198919e8615877e63f8a4f6173edb1ece94c7459d397fc3005ad742d27c0"", ""semantic_status"": ""SOURCE_TABLE_ROW_NOT_AUTOMATICALLY_ENTITY""}]",SOURCE_TABLE_RECORD_NOT_GLOBAL_OR_UNIQUE_COMPANY_VERIFICATION
https://www.enexgroup.gr/web/guest/active-energy-markets-members,1,84,REYTECH TRADING,,MEMBER_OR_PARTICIPANT_SOURCE_RECORD,"{""A/A"": ""83"", ""Company name"": ""REYTECH TRADING"", ""dam & idm"": """", ""derivatives market"": """", ""natural gas"": """", ""ppa platform"": """", ""country"": ""GREECE""}","[{""work_id"": ""B05:2082"", ""source_url"": ""https://www.enexgroup.gr/web/guest/active-energy-markets-members"", ""table"": ""1"", ""row"": ""84"", ""headers_json"": ""[\""A/A\"", \""Company name\"", \""dam & idm\"", \""derivatives market\"", \""natural gas\"", \""ppa platform\"", \""country\""]"", ""cells_json"": ""[\""83\"", \""REYTECH TRADING\"", \""\"", \""\"", \""\"", \""\"", \""GREECE\""]"", ""row_links_json"": ""[\""https://www.reytech.com.tr/homepage\""]"", ""content_sha256"": ""c79e198919e8615877e63f8a4f6173edb1ece94c7459d397fc3005ad742d27c0"", ""semantic_status"": ""SOURCE_TABLE_ROW_NOT_AUTOMATICALLY_ENTITY""}]",SOURCE_TABLE_RECORD_NOT_GLOBAL_OR_UNIQUE_COMPANY_VERIFICATION
https://www.enexgroup.gr/web/guest/active-energy-markets-members,1,85,ROMENERGY TRADING S.R.L,,MEMBER_OR_PARTICIPANT_SOURCE_RECORD,"{""A/A"": ""84"", ""Company name"": ""ROMENERGY TRADING S.R.L"", ""dam & idm"": """", ""derivatives market"": """", ""natural gas"": """", ""ppa platform"": """", ""country"": ""ROMANIA""}","[{""work_id"": ""B05:2082"", ""source_url"": ""https://www.enexgroup.gr/web/guest/active-energy-markets-members"", ""table"": ""1"", ""row"": ""85"", ""headers_json"": ""[\""A/A\"", \""Company name\"", \""dam & idm\"", \""derivatives market\"", \""natural gas\"", \""ppa platform\"", \""country\""]"", ""cells_json"": ""[\""84\"", \""ROMENERGY TRADING S.R.L\"", \""\"", \""\"", \""\"", \""\"", \""ROMANIA\""]"", ""row_links_json"": ""[\""https://ret.energy/\""]"", ""content_sha256"": ""c79e198919e8615877e63f8a4f6173edb1ece94c7459d397fc3005ad742d27c0"", ""semantic_status"": ""SOURCE_TABLE_ROW_NOT_AUTOMATICALLY_ENTITY""}]",SOURCE_TABLE_RECORD_NOT_GLOBAL_OR_UNIQUE_COMPANY_VERIFICATION
https://www.enexgroup.gr/web/guest/active-energy-markets-members,1,86,RWE Supply & Trading GmbH,,MEMBER_OR_PARTICIPANT_SOURCE_RECORD,"{""A/A"": ""85"", ""Company name"": ""RWE Supply & Trading GmbH"", ""dam & idm"": """", ""derivatives market"": """", ""natural gas"": """", ""ppa platform"": """", ""country"": ""GERMANY""}","[{""work_id"": ""B05:2082"", ""source_url"": ""https://www.enexgroup.gr/web/guest/active-energy-markets-members"", ""table"": ""1"", ""row"": ""86"", ""headers_json"": ""[\""A/A\"", \""Company name\"", \""dam & idm\"", \""derivatives market\"", \""natural gas\"", \""ppa platform\"", \""country\""]"", ""cells_json"": ""[\""85\"", \""RWE Supply & Trading GmbH\"", \""\"", \""\"", \""\"", \""\"", \""GERMANY\""]"", ""row_links_json"": ""[\""https://www.rwe.com/en/the-group/rwest/\""]"", ""content_sha256"": ""c79e198919e8615877e63f8a4f6173edb1ece94c7459d397fc3005ad742d27c0"", ""semantic_status"": ""SOURCE_TABLE_ROW_NOT_AUTOMATICALLY_ENTITY""}]",SOURCE_TABLE_RECORD_NOT_GLOBAL_OR_UNIQUE_COMPANY_VERIFICATION
https://www.enexgroup.gr/web/guest/active-energy-markets-members,1,87,SECOND FOUNDATION TRADING AG (GREEK BRANCH),,MEMBER_OR_PARTICIPANT_SOURCE_RECORD,"{""A/A"": ""86"", ""Company name"": ""SECOND FOUNDATION TRADING AG (GREEK BRANCH)"", ""dam & idm"": """", ""derivatives market"": """", ""natural gas"": """", ""ppa platform"": """", ""country"": ""SWITZERLAND""}","[{""work_id"": ""B05:2082"", ""source_url"": ""https://www.enexgroup.gr/web/guest/active-energy-markets-members"", ""table"": ""1"", ""row"": ""87"", ""headers_json"": ""[\""A/A\"", \""Company name\"", \""dam & idm\"", \""derivatives market\"", \""natural gas\"", \""ppa platform\"", \""country\""]"", ""cells_json"": ""[\""86\"", \""SECOND FOUNDATION TRADING AG (GREEK BRANCH)\"", \""\"", \""\"", \""\"", \""\"", \""SWITZERLAND\""]"", ""row_links_json"": ""[\""https://www.second-foundation.eu/\"", \""https://www.second-foundation.eu/\"", \""https://www.second-foundation.eu/\"", \""https://www.second-foundation.eu/\""]"", ""content_sha256"": ""c79e198919e8615877e63f8a4f6173edb1ece94c7459d397fc3005ad742d27c0"", ""semantic_status"": ""SOURCE_TABLE_ROW_NOT_AUTOMATICALLY_ENTITY""}]",SOURCE_TABLE_RECORD_NOT_GLOBAL_OR_UNIQUE_COMPANY_VERIFICATION
https://www.enexgroup.gr/web/guest/active-energy-markets-members,1,88,SIRIUS ENERGY CEE S.R.O.,,MEMBER_OR_PARTICIPANT_SOURCE_RECORD,"{""A/A"": ""87"", ""Company name"": ""SIRIUS ENERGY CEE S.R.O."", ""dam & idm"": """", ""derivatives market"": """", ""natural gas"": """", ""ppa platform"": """", ""country"": ""CZECH REPUBLIC""}","[{""work_id"": ""B05:2082"", ""source_url"": ""https://www.enexgroup.gr/web/guest/active-energy-markets-members"", ""table"": ""1"", ""row"": ""88"", ""headers_json"": ""[\""A/A\"", \""Company name\"", \""dam & idm\"", \""derivatives market\"", \""natural gas\"", \""ppa platform\"", \""country\""]"", ""cells_json"": ""[\""87\"", \""SIRIUS ENERGY CEE S.R.O.\"", \""\"", \""\"", \""\"", \""\"", \""CZECH REPUBLIC\""]"", ""row_links_json"": ""[\""https://siriusenergy.ch/\""]"", ""content_sha256"": ""c79e198919e8615877e63f8a4f6173edb1ece94c7459d397fc3005ad742d27c0"", ""semantic_status"": ""SOURCE_TABLE_ROW_NOT_AUTOMATICALLY_ENTITY""}]",SOURCE_TABLE_RECORD_NOT_GLOBAL_OR_UNIQUE_COMPANY_VERIFICATION
https://www.enexgroup.gr/web/guest/active-energy-markets-members,1,89,SOCAR Trading Gas & Power SARL,,MEMBER_OR_PARTICIPANT_SOURCE_RECORD,"{""A/A"": ""88"", ""Company name"": ""SOCAR Trading Gas & Power SARL"", ""dam & idm"": """", ""derivatives market"": """", ""natural gas"": """", ""ppa platform"": """", ""country"": ""LUXEMBOURG""}","[{""work_id"": ""B05:2082"", ""source_url"": ""https://www.enexgroup.gr/web/guest/active-energy-markets-members"", ""table"": ""1"", ""row"": ""89"", ""headers_json"": ""[\""A/A\"", \""Company name\"", \""dam & idm\"", \""derivatives market\"", \""natural gas\"", \""ppa platform\"", \""country\""]"", ""cells_json"": ""[\""88\"", \""SOCAR Trading Gas & Power SARL\"", \""\"", \""\"", \""\"", \""\"", \""LUXEMBOURG\""]"", ""row_links_json"": ""[\""https://www.socartrading.com/\""]"", ""content_sha256"": ""c79e198919e8615877e63f8a4f6173edb1ece94c7459d397fc3005ad742d27c0"", ""semantic_status"": ""SOURCE_TABLE_ROW_NOT_AUTOMATICALLY_ENTITY""}]",SOURCE_TABLE_RECORD_NOT_GLOBAL_OR_UNIQUE_COMPANY_VERIFICATION
https://www.enexgroup.gr/web/guest/active-energy-markets-members,1,90,SOLAR ENERGY,,MEMBER_OR_PARTICIPANT_SOURCE_RECORD,"{""A/A"": ""89"", ""Company name"": ""SOLAR ENERGY"", ""dam & idm"": """", ""derivatives market"": """", ""natural gas"": """", ""ppa platform"": """", ""country"": ""GREECE""}","[{""work_id"": ""B05:2082"", ""source_url"": ""https://www.enexgroup.gr/web/guest/active-energy-markets-members"", ""table"": ""1"", ""row"": ""90"", ""headers_json"": ""[\""A/A\"", \""Company name\"", \""dam & idm\"", \""derivatives market\"", \""natural gas\"", \""ppa platform\"", \""country\""]"", ""cells_json"": ""[\""89\"", \""SOLAR ENERGY\"", \""\"", \""\"", \""\"", \""\"", \""GREECE\""]"", ""row_links_json"": ""[\""http://www.soumpasis-solar.gr/\""]"", ""content_sha256"": ""c79e198919e8615877e63f8a4f6173edb1ece94c7459d397fc3005ad742d27c0"", ""semantic_status"": ""SOURCE_TABLE_ROW_NOT_AUTOMATICALLY_ENTITY""}]",SOURCE_TABLE_RECORD_NOT_GLOBAL_OR_UNIQUE_COMPANY_VERIFICATION
https://www.enexgroup.gr/web/guest/active-energy-markets-members,1,91,STATKRAFT MARKETS GMBH,,MEMBER_OR_PARTICIPANT_SOURCE_RECORD,"{""A/A"": ""90"", ""Company name"": ""STATKRAFT MARKETS GMBH"", ""dam & idm"": """", ""derivatives market"": """", ""natural gas"": """", ""ppa platform"": """", ""country"": ""GERMANY""}","[{""work_id"": ""B05:2082"", ""source_url"": ""https://www.enexgroup.gr/web/guest/active-energy-markets-members"", ""table"": ""1"", ""row"": ""91"", ""headers_json"": ""[\""A/A\"", \""Company name\"", \""dam & idm\"", \""derivatives market\"", \""natural gas\"", \""ppa platform\"", \""country\""]"", ""cells_json"": ""[\""90\"", \""STATKRAFT MARKETS GMBH\"", \""\"", \""\"", \""\"", \""\"", \""GERMANY\""]"", ""row_links_json"": ""[\""https://www.statkraft.com/\""]"", ""content_sha256"": ""c79e198919e8615877e63f8a4f6173edb1ece94c7459d397fc3005ad742d27c0"", ""semantic_status"": ""SOURCE_TABLE_ROW_NOT_AUTOMATICALLY_ENTITY""}]",SOURCE_TABLE_RECORD_NOT_GLOBAL_OR_UNIQUE_COMPANY_VERIFICATION
https://www.enexgroup.gr/web/guest/active-energy-markets-members,1,92,STORAGEGATE ÎÎÎÎÎ Î¡ÎÎ£Î©Î Î Î.Î.,,MEMBER_OR_PARTICIPANT_SOURCE_RECORD,"{""A/A"": ""91"", ""Company name"": ""STORAGEGATE ÎÎÎÎÎ Î¡ÎÎ£Î©Î Î Î.Î."", ""dam & idm"": """", ""derivatives market"": """", ""natural gas"": """", ""ppa platform"": """", ""country"": ""GREECE""}","[{""work_id"": ""B05:2082"", ""source_url"": ""https://www.enexgroup.gr/web/guest/active-energy-markets-members"", ""table"": ""1"", ""row"": ""92"", ""headers_json"": ""[\""A/A\"", \""Company name\"", \""dam & idm\"", \""derivatives market\"", \""natural gas\"", \""ppa platform\"", \""country\""]"", ""cells_json"": ""[\""91\"", \""STORAGEGATE ÎÎÎÎÎ Î¡ÎÎ£Î©Î Î Î.Î.\"", \""\"", \""\"", \""\"", \""\"", \""GREECE\""]"", ""row_links_json"": ""[]"", ""content_sha256"": ""c79e198919e8615877e63f8a4f6173edb1ece94c7459d397fc3005ad742d27c0"", ""semantic_status"": ""SOURCE_TABLE_ROW_NOT_AUTOMATICALLY_ENTITY""}]",SOURCE_TABLE_RECORD_NOT_GLOBAL_OR_UNIQUE_COMPANY_VERIFICATION
https://www.enexgroup.gr/web/guest/active-energy-markets-members,1,93,SURVEY DIGITAL PHOTOVOLTAICS,,MEMBER_OR_PARTICIPANT_SOURCE_RECORD,"{""A/A"": ""92"", ""Company name"": ""SURVEY DIGITAL PHOTOVOLTAICS"", ""dam & idm"": """", ""derivatives market"": """", ""natural gas"": """", ""ppa platform"": """", ""country"": ""GREECE""}","[{""work_id"": ""B05:2082"", ""source_url"": ""https://www.enexgroup.gr/web/guest/active-energy-markets-members"", ""table"": ""1"", ""row"": ""93"", ""headers_json"": ""[\""A/A\"", \""Company name\"", \""dam & idm\"", \""derivatives market\"", \""natural gas\"", \""ppa platform\"", \""country\""]"", ""cells_json"": ""[\""92\"", \""SURVEY DIGITAL PHOTOVOLTAICS\"", \""\"", \""\"", \""\"", \""\"", \""GREECE\""]"", ""row_links_json"": ""[\""https://www.survey-digital.com/?lang=en\""]"", ""content_sha256"": ""c79e198919e8615877e63f8a4f6173edb1ece94c7459d397fc3005ad742d27c0"", ""semantic_status"": ""SOURCE_TABLE_ROW_NOT_AUTOMATICALLY_ENTITY""}]",SOURCE_TABLE_RECORD_NOT_GLOBAL_OR_UNIQUE_COMPANY_VERIFICATION
https://www.enexgroup.gr/web/guest/active-energy-markets-members,1,94,SUSTAINABLE ENERGY SUPPLY LTD,,MEMBER_OR_PARTICIPANT_SOURCE_RECORD,"{""A/A"": ""93"", ""Company name"": ""SUSTAINABLE ENERGY SUPPLY LTD"", ""dam & idm"": """", ""derivatives market"": """", ""natural gas"": """", ""ppa platform"": """", ""country"": ""BULGARIA""}","[{""work_id"": ""B05:2082"", ""source_url"": ""https://www.enexgroup.gr/web/guest/active-energy-markets-members"", ""table"": ""1"", ""row"": ""94"", ""headers_json"": ""[\""A/A\"", \""Company name\"", \""dam & idm\"", \""derivatives market\"", \""natural gas\"", \""ppa platform\"", \""country\""]"", ""cells_json"": ""[\""93\"", \""SUSTAINABLE ENERGY SUPPLY LTD\"", \""\"", \""\"", \""\"", \""\"", \""BULGARIA\""]"", ""row_links_json"": ""[\""https://senergysupply.bg/en\""]"", ""content_sha256"": ""c79e198919e8615877e63f8a4f6173edb1ece94c7459d397fc3005ad742d27c0"", ""semantic_status"": ""SOURCE_TABLE_ROW_NOT_AUTOMATICALLY_ENTITY""}]",SOURCE_TABLE_RECORD_NOT_GLOBAL_OR_UNIQUE_COMPANY_VERIFICATION
https://www.enexgroup.gr/web/guest/active-energy-markets-members,1,95,SYMPOWER GREECE ÎÎÎÎÎ Î¡ÎÎ£Î©Î Î Î.Î.Î.,,MEMBER_OR_PARTICIPANT_SOURCE_RECORD,"{""A/A"": ""94"", ""Company name"": ""SYMPOWER GREECE ÎÎÎÎÎ Î¡ÎÎ£Î©Î Î Î.Î.Î."", ""dam & idm"": """", ""derivatives market"": """", ""natural gas"": """", ""ppa platform"": """", ""country"": ""GREECE""}","[{""work_id"": ""B05:2082"", ""source_url"": ""https://www.enexgroup.gr/web/guest/active-energy-markets-members"", ""table"": ""1"", ""row"": ""95"", ""headers_json"": ""[\""A/A\"", \""Company name\"", \""dam & idm\"", \""derivatives market\"", \""natural gas\"", \""ppa platform\"", \""country\""]"", ""cells_json"": ""[\""94\"", \""SYMPOWER GREECE ÎÎÎÎÎ Î¡ÎÎ£Î©Î Î Î.Î.Î.\"", \""\"", \""\"", \""\"", \""\"", \""GREECE\""]"", ""row_links_json"": ""[\""https://greece.sympower.net/\""]"", ""content_sha256"": ""c79e198919e8615877e63f8a4f6173edb1ece94c7459d397fc3005ad742d27c0"", ""semantic_status"": ""SOURCE_TABLE_ROW_NOT_AUTOMATICALLY_ENTITY""}]",SOURCE_TABLE_RECORD_NOT_GLOBAL_OR_UNIQUE_COMPANY_VERIFICATION
https://www.enexgroup.gr/web/guest/active-energy-markets-members,1,96,THERMOILEKTRIKI KOMOTINIS S.A.,,MEMBER_OR_PARTICIPANT_SOURCE_RECORD,"{""A/A"": ""95"", ""Company name"": ""THERMOILEKTRIKI KOMOTINIS S.A."", ""dam & idm"": """", ""derivatives market"": """", ""natural gas"": """", ""ppa platform"": """", ""country"": ""GREECE""}","[{""work_id"": ""B05:2082"", ""source_url"": ""https://www.enexgroup.gr/web/guest/active-energy-markets-members"", ""table"": ""1"", ""row"": ""96"", ""headers_json"": ""[\""A/A\"", \""Company name\"", \""dam & idm\"", \""derivatives market\"", \""natural gas\"", \""ppa platform\"", \""country\""]"", ""cells_json"": ""[\""95\"", \""THERMOILEKTRIKI KOMOTINIS S.A.\"", \""\"", \""\"", \""\"", \""\"", \""GREECE\""]"", ""row_links_json"": ""[]"", ""content_sha256"": ""c79e198919e8615877e63f8a4f6173edb1ece94c7459d397fc3005ad742d27c0"", ""semantic_status"": ""SOURCE_TABLE_ROW_NOT_AUTOMATICALLY_ENTITY""}]",SOURCE_TABLE_RECORD_NOT_GLOBAL_OR_UNIQUE_COMPANY_VERIFICATION
https://www.enexgroup.gr/web/guest/active-energy-markets-members,1,97,TIBIEL Ltd.,,MEMBER_OR_PARTICIPANT_SOURCE_RECORD,"{""A/A"": ""96"", ""Company name"": ""TIBIEL Ltd."", ""dam & idm"": """", ""derivatives market"": """", ""natural gas"": """", ""ppa platform"": """", ""country"": ""BULGARIA""}","[{""work_id"": ""B05:2082"", ""source_url"": ""https://www.enexgroup.gr/web/guest/active-energy-markets-members"", ""table"": ""1"", ""row"": ""97"", ""headers_json"": ""[\""A/A\"", \""Company name\"", \""dam & idm\"", \""derivatives market\"", \""natural gas\"", \""ppa platform\"", \""country\""]"", ""cells_json"": ""[\""96\"", \""TIBIEL Ltd.\"", \""\"", \""\"", \""\"", \""\"", \""BULGARIA\""]"", ""row_links_json"": ""[\""https://tibiel.com/\""]"", ""content_sha256"": ""c79e198919e8615877e63f8a4f6173edb1ece94c7459d397fc3005ad742d27c0"", ""semantic_status"": ""SOURCE_TABLE_ROW_NOT_AUTOMATICALLY_ENTITY""}]",SOURCE_TABLE_RECORD_NOT_GLOBAL_OR_UNIQUE_COMPANY_VERIFICATION
https://www.enexgroup.gr/web/guest/active-energy-markets-members,1,98,TRAFIGURA NAT GAS LIMITED,,MEMBER_OR_PARTICIPANT_SOURCE_RECORD,"{""A/A"": ""97"", ""Company name"": ""TRAFIGURA NAT GAS LIMITED"", ""dam & idm"": """", ""derivatives market"": """", ""natural gas"": """", ""ppa platform"": """", ""country"": ""MALTA""}","[{""work_id"": ""B05:2082"", ""source_url"": ""https://www.enexgroup.gr/web/guest/active-energy-markets-members"", ""table"": ""1"", ""row"": ""98"", ""headers_json"": ""[\""A/A\"", \""Company name\"", \""dam & idm\"", \""derivatives market\"", \""natural gas\"", \""ppa platform\"", \""country\""]"", ""cells_json"": ""[\""97\"", \""TRAFIGURA NAT GAS LIMITED\"", \""\"", \""\"", \""\"", \""\"", \""MALTA\""]"", ""row_links_json"": ""[\""https://www.trafigura.com\""]"", ""content_sha256"": ""c79e198919e8615877e63f8a4f6173edb1ece94c7459d397fc3005ad742d27c0"", ""semantic_status"": ""SOURCE_TABLE_ROW_NOT_AUTOMATICALLY_ENTITY""}]",SOURCE_TABLE_RECORD_NOT_GLOBAL_OR_UNIQUE_COMPANY_VERIFICATION
https://www.enexgroup.gr/web/guest/active-energy-markets-members,1,99,Vitol Gas and Power B.V.,,MEMBER_OR_PARTICIPANT_SOURCE_RECORD,"{""A/A"": ""98"", ""Company name"": ""Vitol Gas and Power B.V."", ""dam & idm"": """", ""derivatives market"": """", ""natural gas"": """", ""ppa platform"": """", ""country"": ""NETHERLANDS""}","[{""work_id"": ""B05:2082"", ""source_url"": ""https://www.enexgroup.gr/web/guest/active-energy-markets-members"", ""table"": ""1"", ""row"": ""99"", ""headers_json"": ""[\""A/A\"", \""Company name\"", \""dam & idm\"", \""derivatives market\"", \""natural gas\"", \""ppa platform\"", \""country\""]"", ""cells_json"": ""[\""98\"", \""Vitol Gas and Power B.V.\"", \""\"", \""\"", \""\"", \""\"", \""NETHERLANDS\""]"", ""row_links_json"": ""[\""https://www.vitol.com/\""]"", ""content_sha256"": ""c79e198919e8615877e63f8a4f6173edb1ece94c7459d397fc3005ad742d27c0"", ""semantic_status"": ""SOURCE_TABLE_ROW_NOT_AUTOMATICALLY_ENTITY""}]",SOURCE_TABLE_RECORD_NOT_GLOBAL_OR_UNIQUE_COMPANY_VERIFICATION
https://www.enexgroup.gr/web/guest/active-energy-markets-members,1,100,VOLTON ÎÎÎÎÎÎÎÎ ÎÎÎÎ¡ÎÎÎÎÎÎ ÎÎÎ©ÎÎ¥ÎÎ ÎÎ¤ÎÎÎ¡ÎÎÎ,,MEMBER_OR_PARTICIPANT_SOURCE_RECORD,"{""A/A"": ""99"", ""Company name"": ""VOLTON ÎÎÎÎÎÎÎÎ ÎÎÎÎ¡ÎÎÎÎÎÎ ÎÎÎ©ÎÎ¥ÎÎ ÎÎ¤ÎÎÎ¡ÎÎÎ"", ""dam & idm"": """", ""derivatives market"": """", ""natural gas"": """", ""ppa platform"": """", ""country"": ""GREECE""}","[{""work_id"": ""B05:2082"", ""source_url"": ""https://www.enexgroup.gr/web/guest/active-energy-markets-members"", ""table"": ""1"", ""row"": ""100"", ""headers_json"": ""[\""A/A\"", \""Company name\"", \""dam & idm\"", \""derivatives market\"", \""natural gas\"", \""ppa platform\"", \""country\""]"", ""cells_json"": ""[\""99\"", \""VOLTON ÎÎÎÎÎÎÎÎ ÎÎÎÎ¡ÎÎÎÎÎÎ ÎÎÎ©ÎÎ¥ÎÎ ÎÎ¤ÎÎÎ¡ÎÎÎ\"", \""\"", \""\"", \""\"", \""\"", \""GREECE\""]"", ""row_links_json"": ""[\""https://volton.gr/\""]"", ""content_sha256"": ""c79e198919e8615877e63f8a4f6173edb1ece94c7459d397fc3005ad742d27c0"", ""semantic_status"": ""SOURCE_TABLE_ROW_NOT_AUTOMATICALLY_ENTITY""}]",SOURCE_TABLE_RECORD_NOT_GLOBAL_OR_UNIQUE_COMPANY_VERIFICATION
https://www.enexgroup.gr/web/guest/active-energy-markets-members,1,101,ÎÎÎÎÎ GAS & LIGHT,,MEMBER_OR_PARTICIPANT_SOURCE_RECORD,"{""A/A"": ""100"", ""Company name"": ""ÎÎÎÎÎ GAS & LIGHT"", ""dam & idm"": """", ""derivatives market"": """", ""natural gas"": """", ""ppa platform"": """", ""country"": ""GREECE""}","[{""work_id"": ""B05:2082"", ""source_url"": ""https://www.enexgroup.gr/web/guest/active-energy-markets-members"", ""table"": ""1"", ""row"": ""101"", ""headers_json"": ""[\""A/A\"", \""Company name\"", \""dam & idm\"", \""derivatives market\"", \""natural gas\"", \""ppa platform\"", \""country\""]"", ""cells_json"": ""[\""100\"", \""ÎÎÎÎÎ GAS & LIGHT\"", \""\"", \""\"", \""\"", \""\"", \""GREECE\""]"", ""row_links_json"": ""[\""https://www.zenith.gr/\""]"", ""content_sha256"": ""c79e198919e8615877e63f8a4f6173edb1ece94c7459d397fc3005ad742d27c0"", ""semantic_status"": ""SOURCE_TABLE_ROW_NOT_AUTOMATICALLY_ENTITY""}]",SOURCE_TABLE_RECORD_NOT_GLOBAL_OR_UNIQUE_COMPANY_VERIFICATION
https://www.enexgroup.gr/web/guest/active-energy-markets-members,1,102,ZEPHIROS ENERGY TRADING A.E.,,MEMBER_OR_PARTICIPANT_SOURCE_RECORD,"{""A/A"": ""101"", ""Company name"": ""ZEPHIROS ENERGY TRADING A.E."", ""dam & idm"": """", ""derivatives market"": """", ""natural gas"": """", ""ppa platform"": """", ""country"": ""GREECE""}","[{""work_id"": ""B05:2082"", ""source_url"": ""https://www.enexgroup.gr/web/guest/active-energy-markets-members"", ""table"": ""1"", ""row"": ""102"", ""headers_json"": ""[\""A/A\"", \""Company name\"", \""dam & idm\"", \""derivatives market\"", \""natural gas\"", \""ppa platform\"", \""country\""]"", ""cells_json"": ""[\""101\"", \""ZEPHIROS ENERGY TRADING A.E.\"", \""\"", \""\"", \""\"", \""\"", \""GREECE\""]"", ""row_links_json"": ""[\""https://www.zephirosepe.gr/el/\""]"", ""content_sha256"": ""c79e198919e8615877e63f8a4f6173edb1ece94c7459d397fc3005ad742d27c0"", ""semantic_status"": ""SOURCE_TABLE_ROW_NOT_AUTOMATICALLY_ENTITY""}]",SOURCE_TABLE_RECORD_NOT_GLOBAL_OR_UNIQUE_COMPANY_VERIFICATION
https://www.enexgroup.gr/web/guest/active-energy-markets-members,1,103,ÎÎÎÎÎÎ¡Î¤ÎÎ¤ÎÎ£ ÎÎÎÎ§ÎÎÎ¡ÎÎ£Î¤ÎÎ£ ÎÎÎ¤ÎÎ¦ÎÎ¡ÎÎ£ ÎÎÎÎÎ¤Î¡ÎÎÎÎ£ ÎÎÎÎ¡ÎÎÎÎÎ£ (AÎÎÎÎ) ÎÎÎ©ÎÎ¥ÎÎ ÎÎ¤ÎÎÎ¡ÎÎÎ,,MEMBER_OR_PARTICIPANT_SOURCE_RECORD,"{""A/A"": ""102"", ""Company name"": ""ÎÎÎÎÎÎ¡Î¤ÎÎ¤ÎÎ£ ÎÎÎÎ§ÎÎÎ¡ÎÎ£Î¤ÎÎ£ ÎÎÎ¤ÎÎ¦ÎÎ¡ÎÎ£ ÎÎÎÎÎ¤Î¡ÎÎÎÎ£ ÎÎÎÎ¡ÎÎÎÎÎ£ (AÎÎÎÎ) ÎÎÎ©ÎÎ¥ÎÎ ÎÎ¤ÎÎÎ¡ÎÎÎ"", ""dam & idm"": """", ""derivatives market"": """", ""natural gas"": """", ""ppa platform"": """", ""country"": ""GREECE""}","[{""work_id"": ""B05:2082"", ""source_url"": ""https://www.enexgroup.gr/web/guest/active-energy-markets-members"", ""table"": ""1"", ""row"": ""103"", ""headers_json"": ""[\""A/A\"", \""Company name\"", \""dam & idm\"", \""derivatives market\"", \""natural gas\"", \""ppa platform\"", \""country\""]"", ""cells_json"": ""[\""102\"", \""ÎÎÎÎÎÎ¡Î¤ÎÎ¤ÎÎ£ ÎÎÎÎ§ÎÎÎ¡ÎÎ£Î¤ÎÎ£ ÎÎÎ¤ÎÎ¦ÎÎ¡ÎÎ£ ÎÎÎÎÎ¤Î¡ÎÎÎÎ£ ÎÎÎÎ¡ÎÎÎÎÎ£ (AÎÎÎÎ) ÎÎÎ©ÎÎ¥ÎÎ ÎÎ¤ÎÎÎ¡ÎÎÎ\"", \""\"", \""\"", \""\"", \""\"", \""GREECE\""]"", ""row_links_json"": ""[\""https://www.admie.gr/en\""]"", ""content_sha256"": ""c79e198919e8615877e63f8a4f6173edb1ece94c7459d397fc3005ad742d27c0"", ""semantic_status"": ""SOURCE_TABLE_ROW_NOT_AUTOMATICALLY_ENTITY""}]",SOURCE_TABLE_RECORD_NOT_GLOBAL_OR_UNIQUE_COMPANY_VERIFICATION
https://www.enexgroup.gr/web/guest/active-energy-markets-members,1,104,ÎÎÎ¡ÎÎ¤ ÎÎÎÎÎ Î¡ÎÎ£Î©Î Î ÎÎÎ©ÎÎ¥ÎÎ ÎÎ¤ÎÎÎ¡ÎÎ ÎÎÎÎ¦ÎÎ¡Î©Î Î Î¡ÎÎªÎÎÎ¤Î©Î ÎÎÎ Î¥Î ÎÎ¡ÎÎ£ÎÎ©Î,,MEMBER_OR_PARTICIPANT_SOURCE_RECORD,"{""A/A"": ""103"", ""Company name"": ""ÎÎÎ¡ÎÎ¤ ÎÎÎÎÎ Î¡ÎÎ£Î©Î Î ÎÎÎ©ÎÎ¥ÎÎ ÎÎ¤ÎÎÎ¡ÎÎ ÎÎÎÎ¦ÎÎ¡Î©Î Î Î¡ÎÎªÎÎÎ¤Î©Î ÎÎÎ Î¥Î ÎÎ¡ÎÎ£ÎÎ©Î"", ""dam & idm"": """", ""derivatives market"": """", ""natural gas"": """", ""ppa platform"": """", ""country"": ""GREECE""}","[{""work_id"": ""B05:2082"", ""source_url"": ""https://www.enexgroup.gr/web/guest/active-energy-markets-members"", ""table"": ""1"", ""row"": ""104"", ""headers_json"": ""[\""A/A\"", \""Company name\"", \""dam & idm\"", \""derivatives market\"", \""natural gas\"", \""ppa platform\"", \""country\""]"", ""cells_json"": ""[\""103\"", \""ÎÎÎ¡ÎÎ¤ ÎÎÎÎÎ Î¡ÎÎ£Î©Î Î ÎÎÎ©ÎÎ¥ÎÎ ÎÎ¤ÎÎÎ¡ÎÎ ÎÎÎÎ¦ÎÎ¡Î©Î Î Î¡ÎÎªÎÎÎ¤Î©Î ÎÎÎ Î¥Î ÎÎ¡ÎÎ£ÎÎ©Î\"", \""\"", \""\"", \""\"", \""\"", \""GREECE\""]"", ""row_links_json"": ""[\""https://verd.gr/\""]"", ""content_sha256"": ""c79e198919e8615877e63f8a4f6173edb1ece94c7459d397fc3005ad742d27c0"", ""semantic_status"": ""SOURCE_TABLE_ROW_NOT_AUTOMATICALLY_ENTITY""}]",SOURCE_TABLE_RECORD_NOT_GLOBAL_OR_UNIQUE_COMPANY_VERIFICATION
https://www.enexgroup.gr/web/guest/active-energy-markets-members,1,105,ÎÎ.ÎÎÎÎ¡ Î.Î. ÎÎÎÎ¡ÎÎÎÎÎÎÎ£ ÎÎ ÎÎ§ÎÎÎ¡ÎÎ£ÎÎÎ£ ÎÎÎ©ÎÎ¥ÎÎ ÎÎ¤ÎÎÎ¡ÎÎ,,MEMBER_OR_PARTICIPANT_SOURCE_RECORD,"{""A/A"": ""104"", ""Company name"": ""ÎÎ.ÎÎÎÎ¡ Î.Î. ÎÎÎÎ¡ÎÎÎÎÎÎÎ£ ÎÎ ÎÎ§ÎÎÎ¡ÎÎ£ÎÎÎ£ ÎÎÎ©ÎÎ¥ÎÎ ÎÎ¤ÎÎÎ¡ÎÎ"", ""dam & idm"": """", ""derivatives market"": """", ""natural gas"": """", ""ppa platform"": """", ""country"": ""GREECE""}","[{""work_id"": ""B05:2082"", ""source_url"": ""https://www.enexgroup.gr/web/guest/active-energy-markets-members"", ""table"": ""1"", ""row"": ""105"", ""headers_json"": ""[\""A/A\"", \""Company name\"", \""dam & idm\"", \""derivatives market\"", \""natural gas\"", \""ppa platform\"", \""country\""]"", ""cells_json"": ""[\""104\"", \""ÎÎ.ÎÎÎÎ¡ Î.Î. ÎÎÎÎ¡ÎÎÎÎÎÎÎ£ ÎÎ ÎÎ§ÎÎÎ¡ÎÎ£ÎÎÎ£ ÎÎÎ©ÎÎ¥ÎÎ ÎÎ¤ÎÎÎ¡ÎÎ\"", \""\"", \""\"", \""\"", \""\"", \""GREECE\""]"", ""row_links_json"": ""[\""http://viener.eu/\""]"", ""content_sha256"": ""c79e198919e8615877e63f8a4f6173edb1ece94c7459d397fc3005ad742d27c0"", ""semantic_status"": ""SOURCE_TABLE_ROW_NOT_AUTOMATICALLY_ENTITY""}]",SOURCE_TABLE_RECORD_NOT_GLOBAL_OR_UNIQUE_COMPANY_VERIFICATION
https://www.enexgroup.gr/web/guest/active-energy-markets-members,1,106,ÎÎÎÎÎÎ¡Î ÎÎ¤ Î.Î.,,MEMBER_OR_PARTICIPANT_SOURCE_RECORD,"{""A/A"": ""105"", ""Company name"": ""ÎÎÎÎÎÎ¡Î ÎÎ¤ Î.Î."", ""dam & idm"": """", ""derivatives market"": """", ""natural gas"": """", ""ppa platform"": """", ""country"": ""GREECE""}","[{""work_id"": ""B05:2082"", ""source_url"": ""https://www.enexgroup.gr/web/guest/active-energy-markets-members"", ""table"": ""1"", ""row"": ""106"", ""headers_json"": ""[\""A/A\"", \""Company name\"", \""dam & idm\"", \""derivatives market\"", \""natural gas\"", \""ppa platform\"", \""country\""]"", ""cells_json"": ""[\""105\"", \""ÎÎÎÎÎÎ¡Î ÎÎ¤ Î.Î.\"", \""\"", \""\"", \""\"", \""\"", \""GREECE\""]"", ""row_links_json"": ""[\""http://www.biokarpet.gr\""]"", ""content_sha256"": ""c79e198919e8615877e63f8a4f6173edb1ece94c7459d397fc3005ad742d27c0"", ""semantic_status"": ""SOURCE_TABLE_ROW_NOT_AUTOMATICALLY_ENTITY""}]",SOURCE_TABLE_RECORD_NOT_GLOBAL_OR_UNIQUE_COMPANY_VERIFICATION
https://www.enexgroup.gr/web/guest/active-energy-markets-members,1,107,ÎÎÎÎÎÎ¡ Î.Î.,,MEMBER_OR_PARTICIPANT_SOURCE_RECORD,"{""A/A"": ""106"", ""Company name"": ""ÎÎÎÎÎÎ¡ Î.Î."", ""dam & idm"": """", ""derivatives market"": """", ""natural gas"": """", ""ppa platform"": """", ""country"": ""GREECE""}","[{""work_id"": ""B05:2082"", ""source_url"": ""https://www.enexgroup.gr/web/guest/active-energy-markets-members"", ""table"": ""1"", ""row"": ""107"", ""headers_json"": ""[\""A/A\"", \""Company name\"", \""dam & idm\"", \""derivatives market\"", \""natural gas\"", \""ppa platform\"", \""country\""]"", ""cells_json"": ""[\""106\"", \""ÎÎÎÎÎÎ¡ Î.Î.\"", \""\"", \""\"", \""\"", \""\"", \""GREECE\""]"", ""row_links_json"": ""[\""http://www.markoubros.com/index.php\""]"", ""content_sha256"": ""c79e198919e8615877e63f8a4f6173edb1ece94c7459d397fc3005ad742d27c0"", ""semantic_status"": ""SOURCE_TABLE_ROW_NOT_AUTOMATICALLY_ENTITY""}]",SOURCE_TABLE_RECORD_NOT_GLOBAL_OR_UNIQUE_COMPANY_VERIFICATION
https://www.enexgroup.gr/web/guest/active-energy-markets-members,1,108,ÎÎÎ Î Î.Î.Î. **,,MEMBER_OR_PARTICIPANT_SOURCE_RECORD,"{""A/A"": ""107"", ""Company name"": ""ÎÎÎ Î Î.Î.Î. **"", ""dam & idm"": """", ""derivatives market"": """", ""natural gas"": """", ""ppa platform"": """", ""country"": ""GREECE""}","[{""work_id"": ""B05:2082"", ""source_url"": ""https://www.enexgroup.gr/web/guest/active-energy-markets-members"", ""table"": ""1"", ""row"": ""108"", ""headers_json"": ""[\""A/A\"", \""Company name\"", \""dam & idm\"", \""derivatives market\"", \""natural gas\"", \""ppa platform\"", \""country\""]"", ""cells_json"": ""[\""107\"", \""ÎÎÎ Î Î.Î.Î. **\"", \""\"", \""\"", \""\"", \""\"", \""GREECE\""]"", ""row_links_json"": ""[\""http://www.depa.gr/\""]"", ""content_sha256"": ""c79e198919e8615877e63f8a4f6173edb1ece94c7459d397fc3005ad742d27c0"", ""semantic_status"": ""SOURCE_TABLE_ROW_NOT_AUTOMATICALLY_ENTITY""}]",SOURCE_TABLE_RECORD_NOT_GLOBAL_OR_UNIQUE_COMPANY_VERIFICATION
https://www.enexgroup.gr/web/guest/active-energy-markets-members,1,109,ÎÎÎÎ§ÎÎÎ¡ÎÎ£Î¤ÎÎ£ ÎÎÎÎÎÎÎ¥ Î£Î¥Î£Î¤ÎÎÎÎ¤ÎÎ£ Î¦Î¥Î£ÎÎÎÎ¥ ÎÎÎ¡ÎÎÎ¥ ÎÎÎ©ÎÎ¥ÎÎ ÎÎ¤ÎÎÎ¡ÎÎÎ,,MEMBER_OR_PARTICIPANT_SOURCE_RECORD,"{""A/A"": ""108"", ""Company name"": ""ÎÎÎÎ§ÎÎÎ¡ÎÎ£Î¤ÎÎ£ ÎÎÎÎÎÎÎ¥ Î£Î¥Î£Î¤ÎÎÎÎ¤ÎÎ£ Î¦Î¥Î£ÎÎÎÎ¥ ÎÎÎ¡ÎÎÎ¥ ÎÎÎ©ÎÎ¥ÎÎ ÎÎ¤ÎÎÎ¡ÎÎÎ"", ""dam & idm"": """", ""derivatives market"": """", ""natural gas"": """", ""ppa platform"": """", ""country"": ""GREECE""}","[{""work_id"": ""B05:2082"", ""source_url"": ""https://www.enexgroup.gr/web/guest/active-energy-markets-members"", ""table"": ""1"", ""row"": ""109"", ""headers_json"": ""[\""A/A\"", \""Company name\"", \""dam & idm\"", \""derivatives market\"", \""natural gas\"", \""ppa platform\"", \""country\""]"", ""cells_json"": ""[\""108\"", \""ÎÎÎÎ§ÎÎÎ¡ÎÎ£Î¤ÎÎ£ ÎÎÎÎÎÎÎ¥ Î£Î¥Î£Î¤ÎÎÎÎ¤ÎÎ£ Î¦Î¥Î£ÎÎÎÎ¥ ÎÎÎ¡ÎÎÎ¥ ÎÎÎ©ÎÎ¥ÎÎ ÎÎ¤ÎÎÎ¡ÎÎÎ\"", \""\"", \""\"", \""\"", \""\"", \""GREECE\""]"", ""row_links_json"": ""[\""https://www.desfa.gr/en/\""]"", ""content_sha256"": ""c79e198919e8615877e63f8a4f6173edb1ece94c7459d397fc3005ad742d27c0"", ""semantic_status"": ""SOURCE_TABLE_ROW_NOT_AUTOMATICALLY_ENTITY""}]",SOURCE_TABLE_RECORD_NOT_GLOBAL_OR_UNIQUE_COMPANY_VERIFICATION
https://www.enexgroup.gr/web/guest/active-energy-markets-members,1,110,ÎÎÎÎÎ£ÎÎ ÎÎ ÎÎ§ÎÎÎ¡ÎÎ£Î ÎÎÎÎÎ¤Î¡ÎÎ£ÎÎÎ¥ Î.Î. *,,MEMBER_OR_PARTICIPANT_SOURCE_RECORD,"{""A/A"": ""109"", ""Company name"": ""ÎÎÎÎÎ£ÎÎ ÎÎ ÎÎ§ÎÎÎ¡ÎÎ£Î ÎÎÎÎÎ¤Î¡ÎÎ£ÎÎÎ¥ Î.Î. *"", ""dam & idm"": """", ""derivatives market"": """", ""natural gas"": """", ""ppa platform"": """", ""country"": ""GREECE""}","[{""work_id"": ""B05:2082"", ""source_url"": ""https://www.enexgroup.gr/web/guest/active-energy-markets-members"", ""table"": ""1"", ""row"": ""110"", ""headers_json"": ""[\""A/A\"", \""Company name\"", \""dam & idm\"", \""derivatives market\"", \""natural gas\"", \""ppa platform\"", \""country\""]"", ""cells_json"": ""[\""109\"", \""ÎÎÎÎÎ£ÎÎ ÎÎ ÎÎ§ÎÎÎ¡ÎÎ£Î ÎÎÎÎÎ¤Î¡ÎÎ£ÎÎÎ¥ Î.Î. *\"", \""\"", \""\"", \""\"", \""\"", \""GREECE\""]"", ""row_links_json"": ""[\""https://www.dei.gr/el\""]"", ""content_sha256"": ""c79e198919e8615877e63f8a4f6173edb1ece94c7459d397fc3005ad742d27c0"", ""semantic_status"": ""SOURCE_TABLE_ROW_NOT_AUTOMATICALLY_ENTITY""}]",SOURCE_TABLE_RECORD_NOT_GLOBAL_OR_UNIQUE_COMPANY_VERIFICATION
https://www.enexgroup.gr/web/guest/active-energy-markets-members,1,111,ÎÎÎÎ§ÎÎÎ¡ÎÎ£Î¤ÎÎ£ ÎÎ Î & ÎÎÎÎ¥ÎÎ£ÎÎ©Î Î Î¡ÎÎÎÎÎ¥Î£ÎÎ£ Î.Î.,,MEMBER_OR_PARTICIPANT_SOURCE_RECORD,"{""A/A"": ""110"", ""Company name"": ""ÎÎÎÎ§ÎÎÎ¡ÎÎ£Î¤ÎÎ£ ÎÎ Î & ÎÎÎÎ¥ÎÎ£ÎÎ©Î Î Î¡ÎÎÎÎÎ¥Î£ÎÎ£ Î.Î."", ""dam & idm"": """", ""derivatives market"": """", ""natural gas"": """", ""ppa platform"": """", ""country"": ""GREECE""}","[{""work_id"": ""B05:2082"", ""source_url"": ""https://www.enexgroup.gr/web/guest/active-energy-markets-members"", ""table"": ""1"", ""row"": ""111"", ""headers_json"": ""[\""A/A\"", \""Company name\"", \""dam & idm\"", \""derivatives market\"", \""natural gas\"", \""ppa platform\"", \""country\""]"", ""cells_json"": ""[\""110\"", \""ÎÎÎÎ§ÎÎÎ¡ÎÎ£Î¤ÎÎ£ ÎÎ Î & ÎÎÎÎ¥ÎÎ£ÎÎ©Î Î Î¡ÎÎÎÎÎ¥Î£ÎÎ£ Î.Î.\"", \""\"", \""\"", \""\"", \""\"", \""GREECE\""]"", ""row_links_json"": ""[\""https://www.dapeep.gr/\""]"", ""content_sha256"": ""c79e198919e8615877e63f8a4f6173edb1ece94c7459d397fc3005ad742d27c0"", ""semantic_status"": ""SOURCE_TABLE_ROW_NOT_AUTOMATICALLY_ENTITY""}]",SOURCE_TABLE_RECORD_NOT_GLOBAL_OR_UNIQUE_COMPANY_VERIFICATION
https://www.enexgroup.gr/web/guest/active-energy-markets-members,1,112,ÎÎÎÎÎÎÎ ÎÎÎÎÎÎÎÎ ÎÎ¤ÎÎÎ¡ÎÎÎ Î ÎÎ¤Î¡ÎÎÎÎÎ©Î ÎÎÎ©ÎÎ¥ÎÎ ÎÎ¤ÎÎÎ¡ÎÎÎ,,MEMBER_OR_PARTICIPANT_SOURCE_RECORD,"{""A/A"": ""111"", ""Company name"": ""ÎÎÎÎÎÎÎ ÎÎÎÎÎÎÎÎ ÎÎ¤ÎÎÎ¡ÎÎÎ Î ÎÎ¤Î¡ÎÎÎÎÎ©Î ÎÎÎ©ÎÎ¥ÎÎ ÎÎ¤ÎÎÎ¡ÎÎÎ"", ""dam & idm"": """", ""derivatives market"": """", ""natural gas"": """", ""ppa platform"": """", ""country"": ""GREECE""}","[{""work_id"": ""B05:2082"", ""source_url"": ""https://www.enexgroup.gr/web/guest/active-energy-markets-members"", ""table"": ""1"", ""row"": ""112"", ""headers_json"": ""[\""A/A\"", \""Company name\"", \""dam & idm\"", \""derivatives market\"", \""natural gas\"", \""ppa platform\"", \""country\""]"", ""cells_json"": ""[\""111\"", \""ÎÎÎÎÎÎÎ ÎÎÎÎÎÎÎÎ ÎÎ¤ÎÎÎ¡ÎÎÎ Î ÎÎ¤Î¡ÎÎÎÎÎ©Î ÎÎÎ©ÎÎ¥ÎÎ ÎÎ¤ÎÎÎ¡ÎÎÎ\"", \""\"", \""\"", \""\"", \""\"", \""GREECE\""]"", ""row_links_json"": ""[\""https://www.elin.gr/\""]"", ""content_sha256"": ""c79e198919e8615877e63f8a4f6173edb1ece94c7459d397fc3005ad742d27c0"", ""semantic_status"": ""SOURCE_TABLE_ROW_NOT_AUTOMATICALLY_ENTITY""}]",SOURCE_TABLE_RECORD_NOT_GLOBAL_OR_UNIQUE_COMPANY_VERIFICATION
https://www.enexgroup.gr/web/guest/active-energy-markets-members,1,113,ÎÎ¤ÎÎÎ¡ÎÎÎ Î ÎÎ¡ÎÎ§ÎÎ£ ÎÎÎ¡ÎÎÎ¥ ÎÎ¤Î¤ÎÎÎÎ£ âÎÎÎÎÎÎÎÎ ÎÎÎÎÎ Î¡ÎÎ£Î©Î Î ÎÎÎ©ÎÎ¥ÎÎ ÎÎ¤ÎÎÎ¡ÎÎÎ ÎÎÎÎ¡ÎÎÎÎÎ£,,MEMBER_OR_PARTICIPANT_SOURCE_RECORD,"{""A/A"": ""112"", ""Company name"": ""ÎÎ¤ÎÎÎ¡ÎÎÎ Î ÎÎ¡ÎÎ§ÎÎ£ ÎÎÎ¡ÎÎÎ¥ ÎÎ¤Î¤ÎÎÎÎ£ âÎÎÎÎÎÎÎÎ ÎÎÎÎÎ Î¡ÎÎ£Î©Î Î ÎÎÎ©ÎÎ¥ÎÎ ÎÎ¤ÎÎÎ¡ÎÎÎ ÎÎÎÎ¡ÎÎÎÎÎ£"", ""dam & idm"": """", ""derivatives market"": """", ""natural gas"": """", ""ppa platform"": """", ""country"": ""GREECE""}","[{""work_id"": ""B05:2082"", ""source_url"": ""https://www.enexgroup.gr/web/guest/active-energy-markets-members"", ""table"": ""1"", ""row"": ""113"", ""headers_json"": ""[\""A/A\"", \""Company name\"", \""dam & idm\"", \""derivatives market\"", \""natural gas\"", \""ppa platform\"", \""country\""]"", ""cells_json"": ""[\""112\"", \""ÎÎ¤ÎÎÎ¡ÎÎÎ Î ÎÎ¡ÎÎ§ÎÎ£ ÎÎÎ¡ÎÎÎ¥ ÎÎ¤Î¤ÎÎÎÎ£ âÎÎÎÎÎÎÎÎ ÎÎÎÎÎ Î¡ÎÎ£Î©Î Î ÎÎÎ©ÎÎ¥ÎÎ ÎÎ¤ÎÎÎ¡ÎÎÎ ÎÎÎÎ¡ÎÎÎÎÎ£\"", \""\"", \""\"", \""\"", \""\"", \""GREECE\""]"", ""row_links_json"": ""[\""https://www.fysikoaerioellados.gr/\""]"", ""content_sha256"": ""c79e198919e8615877e63f8a4f6173edb1ece94c7459d397fc3005ad742d27c0"", ""semantic_status"": ""SOURCE_TABLE_ROW_NOT_AUTOMATICALLY_ENTITY""}]",SOURCE_TABLE_RECORD_NOT_GLOBAL_OR_UNIQUE_COMPANY_VERIFICATION
https://www.enexgroup.gr/web/guest/active-energy-markets-members,1,114,ÎÎ¡Î©Î ÎÎÎ©ÎÎ¥ÎÎ ÎÎ¤ÎÎÎ¡ÎÎÎ ÎÎÎÎ¡ÎÎÎÎÎÎ©Î Î¥Î ÎÎ¡ÎÎ£ÎÎ©Î,,MEMBER_OR_PARTICIPANT_SOURCE_RECORD,"{""A/A"": ""113"", ""Company name"": ""ÎÎ¡Î©Î ÎÎÎ©ÎÎ¥ÎÎ ÎÎ¤ÎÎÎ¡ÎÎÎ ÎÎÎÎ¡ÎÎÎÎÎÎ©Î Î¥Î ÎÎ¡ÎÎ£ÎÎ©Î"", ""dam & idm"": """", ""derivatives market"": """", ""natural gas"": """", ""ppa platform"": """", ""country"": ""GREECE""}","[{""work_id"": ""B05:2082"", ""source_url"": ""https://www.enexgroup.gr/web/guest/active-energy-markets-members"", ""table"": ""1"", ""row"": ""114"", ""headers_json"": ""[\""A/A\"", \""Company name\"", \""dam & idm\"", \""derivatives market\"", \""natural gas\"", \""ppa platform\"", \""country\""]"", ""cells_json"": ""[\""113\"", \""ÎÎ¡Î©Î ÎÎÎ©ÎÎ¥ÎÎ ÎÎ¤ÎÎÎ¡ÎÎÎ ÎÎÎÎ¡ÎÎÎÎÎÎ©Î Î¥Î ÎÎ¡ÎÎ£ÎÎ©Î\"", \""\"", \""\"", \""\"", \""\"", \""GREECE\""]"", ""row_links_json"": ""[\""https://www.heron.gr/\""]"", ""content_sha256"": ""c79e198919e8615877e63f8a4f6173edb1ece94c7459d397fc3005ad742d27c0"", ""semantic_status"": ""SOURCE_TABLE_ROW_NOT_AUTOMATICALLY_ENTITY""}]",SOURCE_TABLE_RECORD_NOT_GLOBAL_OR_UNIQUE_COMPANY_VERIFICATION
https://www.enexgroup.gr/web/guest/active-energy-markets-members,1,115,ÎÎÎ¡ÎÎÎÎÎ£ POWER Î.Î.,,MEMBER_OR_PARTICIPANT_SOURCE_RECORD,"{""A/A"": ""114"", ""Company name"": ""ÎÎÎ¡ÎÎÎÎÎ£ POWER Î.Î."", ""dam & idm"": """", ""derivatives market"": """", ""natural gas"": """", ""ppa platform"": """", ""country"": ""GREECE""}","[{""work_id"": ""B05:2082"", ""source_url"": ""https://www.enexgroup.gr/web/guest/active-energy-markets-members"", ""table"": ""1"", ""row"": ""115"", ""headers_json"": ""[\""A/A\"", \""Company name\"", \""dam & idm\"", \""derivatives market\"", \""natural gas\"", \""ppa platform\"", \""country\""]"", ""cells_json"": ""[\""114\"", \""ÎÎÎ¡ÎÎÎÎÎ£ POWER Î.Î.\"", \""\"", \""\"", \""\"", \""\"", \""GREECE\""]"", ""row_links_json"": ""[\""http://www.korinthospower.gr/\""]"", ""content_sha256"": ""c79e198919e8615877e63f8a4f6173edb1ece94c7459d397fc3005ad742d27c0"", ""semantic_status"": ""SOURCE_TABLE_ROW_NOT_AUTOMATICALLY_ENTITY""}]",SOURCE_TABLE_RECORD_NOT_GLOBAL_OR_UNIQUE_COMPANY_VERIFICATION
https://www.enexgroup.gr/web/guest/active-energy-markets-members,1,116,ÎÎ©ÎÎ£Î¤ÎÎÎ¤ÎÎÎÎ£ Î. ÎÎÎ¡ÎÎÎ¥ Î.Î.,,MEMBER_OR_PARTICIPANT_SOURCE_RECORD,"{""A/A"": ""115"", ""Company name"": ""ÎÎ©ÎÎ£Î¤ÎÎÎ¤ÎÎÎÎ£ Î. ÎÎÎ¡ÎÎÎ¥ Î.Î."", ""dam & idm"": """", ""derivatives market"": """", ""natural gas"": """", ""ppa platform"": """", ""country"": ""GREECE""}","[{""work_id"": ""B05:2082"", ""source_url"": ""https://www.enexgroup.gr/web/guest/active-energy-markets-members"", ""table"": ""1"", ""row"": ""116"", ""headers_json"": ""[\""A/A\"", \""Company name\"", \""dam & idm\"", \""derivatives market\"", \""natural gas\"", \""ppa platform\"", \""country\""]"", ""cells_json"": ""[\""115\"", \""ÎÎ©ÎÎ£Î¤ÎÎÎ¤ÎÎÎÎ£ Î. ÎÎÎ¡ÎÎÎ¥ Î.Î.\"", \""\"", \""\"", \""\"", \""\"", \""GREECE\""]"", ""row_links_json"": ""[\""https://violarsa.com/en/\""]"", ""content_sha256"": ""c79e198919e8615877e63f8a4f6173edb1ece94c7459d397fc3005ad742d27c0"", ""semantic_status"": ""SOURCE_TABLE_ROW_NOT_AUTOMATICALLY_ENTITY""}]",SOURCE_TABLE_RECORD_NOT_GLOBAL_OR_UNIQUE_COMPANY_VERIFICATION
https://www.enexgroup.gr/web/guest/active-energy-markets-members,1,117,Î.Î.Î. - ÎÎÎÎÎÎÎÎÎÎ ÎÎ¤ÎÎÎ¡ÎÎ Î§ÎÎ¡Î¤ÎÎ¥ ÎÎÎÎÎ Î¡ÎÎ£Î©Î Î ÎÎÎ©ÎÎ¥ÎÎ ÎÎ¤ÎÎÎ¡ÎÎ,,MEMBER_OR_PARTICIPANT_SOURCE_RECORD,"{""A/A"": ""116"", ""Company name"": ""Î.Î.Î. - ÎÎÎÎÎÎÎÎÎÎ ÎÎ¤ÎÎÎ¡ÎÎ Î§ÎÎ¡Î¤ÎÎ¥ ÎÎÎÎÎ Î¡ÎÎ£Î©Î Î ÎÎÎ©ÎÎ¥ÎÎ ÎÎ¤ÎÎÎ¡ÎÎ"", ""dam & idm"": """", ""derivatives market"": """", ""natural gas"": """", ""ppa platform"": """", ""country"": ""GREECE""}","[{""work_id"": ""B05:2082"", ""source_url"": ""https://www.enexgroup.gr/web/guest/active-energy-markets-members"", ""table"": ""1"", ""row"": ""117"", ""headers_json"": ""[\""A/A\"", \""Company name\"", \""dam & idm\"", \""derivatives market\"", \""natural gas\"", \""ppa platform\"", \""country\""]"", ""cells_json"": ""[\""116\"", \""Î.Î.Î. - ÎÎÎÎÎÎÎÎÎÎ ÎÎ¤ÎÎÎ¡ÎÎ Î§ÎÎ¡Î¤ÎÎ¥ ÎÎÎÎÎ Î¡ÎÎ£Î©Î Î ÎÎÎ©ÎÎ¥ÎÎ ÎÎ¤ÎÎÎ¡ÎÎ\"", \""\"", \""\"", \""\"", \""\"", \""GREECE\""]"", ""row_links_json"": ""[\""https://www.melpaper.com/\""]"", ""content_sha256"": ""c79e198919e8615877e63f8a4f6173edb1ece94c7459d397fc3005ad742d27c0"", ""semantic_status"": ""SOURCE_TABLE_ROW_NOT_AUTOMATICALLY_ENTITY""}]",SOURCE_TABLE_RECORD_NOT_GLOBAL_OR_UNIQUE_COMPANY_VERIFICATION
https://www.enexgroup.gr/web/guest/active-energy-markets-members,1,118,ÎÎÎ¤ÎÎ¡ ÎÎÎ (ÎÎÎÎÎ£) ÎÎÎ¥ÎÎÎ£Î¤ÎÎ¡ÎÎ ÎÎÎ¡ÎÎÎÎÎ¥ Î.Î.,,MEMBER_OR_PARTICIPANT_SOURCE_RECORD,"{""A/A"": ""117"", ""Company name"": ""ÎÎÎ¤ÎÎ¡ ÎÎÎ (ÎÎÎÎÎ£) ÎÎÎ¥ÎÎÎ£Î¤ÎÎ¡ÎÎ ÎÎÎ¡ÎÎÎÎÎ¥ Î.Î."", ""dam & idm"": """", ""derivatives market"": """", ""natural gas"": """", ""ppa platform"": """", ""country"": ""GREECE""}","[{""work_id"": ""B05:2082"", ""source_url"": ""https://www.enexgroup.gr/web/guest/active-energy-markets-members"", ""table"": ""1"", ""row"": ""118"", ""headers_json"": ""[\""A/A\"", \""Company name\"", \""dam & idm\"", \""derivatives market\"", \""natural gas\"", \""ppa platform\"", \""country\""]"", ""cells_json"": ""[\""117\"", \""ÎÎÎ¤ÎÎ¡ ÎÎÎ (ÎÎÎÎÎ£) ÎÎÎ¥ÎÎÎ£Î¤ÎÎ¡ÎÎ ÎÎÎ¡ÎÎÎÎÎ¥ Î.Î.\"", \""\"", \""\"", \""\"", \""\"", \""GREECE\""]"", ""row_links_json"": ""[\""https://www.moh.gr/en/\""]"", ""content_sha256"": ""c79e198919e8615877e63f8a4f6173edb1ece94c7459d397fc3005ad742d27c0"", ""semantic_status"": ""SOURCE_TABLE_ROW_NOT_AUTOMATICALLY_ENTITY""}]",SOURCE_TABLE_RECORD_NOT_GLOBAL_OR_UNIQUE_COMPANY_VERIFICATION
https://www.enexgroup.gr/web/guest/active-energy-markets-members,1,119,ÎÎ¤Î ÎÎÎÎÎÎ¤Î ÎÎÎ©ÎÎ¥ÎÎ ÎÎ¤ÎÎÎ¡ÎÎÎ,,MEMBER_OR_PARTICIPANT_SOURCE_RECORD,"{""A/A"": ""118"", ""Company name"": ""ÎÎ¤Î ÎÎÎÎÎÎ¤Î ÎÎÎ©ÎÎ¥ÎÎ ÎÎ¤ÎÎÎ¡ÎÎÎ"", ""dam & idm"": """", ""derivatives market"": """", ""natural gas"": """", ""ppa platform"": """", ""country"": ""GREECE""}","[{""work_id"": ""B05:2082"", ""source_url"": ""https://www.enexgroup.gr/web/guest/active-energy-markets-members"", ""table"": ""1"", ""row"": ""119"", ""headers_json"": ""[\""A/A\"", \""Company name\"", \""dam & idm\"", \""derivatives market\"", \""natural gas\"", \""ppa platform\"", \""country\""]"", ""cells_json"": ""[\""118\"", \""ÎÎ¤Î ÎÎÎÎÎÎ¤Î ÎÎÎ©ÎÎ¥ÎÎ ÎÎ¤ÎÎÎ¡ÎÎÎ\"", \""\"", \""\"", \""\"", \""\"", \""GREECE\""]"", ""row_links_json"": ""[\""https://ote-estate.gr/el-gr\""]"", ""content_sha256"": ""c79e198919e8615877e63f8a4f6173edb1ece94c7459d397fc3005ad742d27c0"", ""semantic_status"": ""SOURCE_TABLE_ROW_NOT_AUTOMATICALLY_ENTITY""}]",SOURCE_TABLE_RECORD_NOT_GLOBAL_OR_UNIQUE_COMPANY_VERIFICATION
https://www.enexgroup.gr/web/guest/active-energy-markets-members,1,120,Î Î¡ÎÎÎÎÎÎÎ£ GAS ÎÎÎÎÎ Î¡ÎÎ£Î©Î Î ÎÎÎ©ÎÎ¥ÎÎ ÎÎ¤ÎÎÎ¡ÎÎÎ,,MEMBER_OR_PARTICIPANT_SOURCE_RECORD,"{""A/A"": ""119"", ""Company name"": ""Î Î¡ÎÎÎÎÎÎÎ£ GAS ÎÎÎÎÎ Î¡ÎÎ£Î©Î Î ÎÎÎ©ÎÎ¥ÎÎ ÎÎ¤ÎÎÎ¡ÎÎÎ"", ""dam & idm"": """", ""derivatives market"": """", ""natural gas"": """", ""ppa platform"": """", ""country"": ""GREECE""}","[{""work_id"": ""B05:2082"", ""source_url"": ""https://www.enexgroup.gr/web/guest/active-energy-markets-members"", ""table"": ""1"", ""row"": ""120"", ""headers_json"": ""[\""A/A\"", \""Company name\"", \""dam & idm\"", \""derivatives market\"", \""natural gas\"", \""ppa platform\"", \""country\""]"", ""cells_json"": ""[\""119\"", \""Î Î¡ÎÎÎÎÎÎÎ£ GAS ÎÎÎÎÎ Î¡ÎÎ£Î©Î Î ÎÎÎ©ÎÎ¥ÎÎ ÎÎ¤ÎÎÎ¡ÎÎÎ\"", \""\"", \""\"", \""\"", \""\"", \""GREECE\""]"", ""row_links_json"": ""[\""https://www.prometheusgas.gr/en/\""]"", ""content_sha256"": ""c79e198919e8615877e63f8a4f6173edb1ece94c7459d397fc3005ad742d27c0"", ""semantic_status"": ""SOURCE_TABLE_ROW_NOT_AUTOMATICALLY_ENTITY""}]",SOURCE_TABLE_RECORD_NOT_GLOBAL_OR_UNIQUE_COMPANY_VERIFICATION
https://www.enexgroup.gr/web/guest/active-energy-markets-members,1,121,Î¤ÎÎ¡ÎÎ ÎÎÎÎ¡ÎÎÎÎÎÎ Î.Î.Î.Î.Î¤.Î.,,MEMBER_OR_PARTICIPANT_SOURCE_RECORD,"{""A/A"": ""120"", ""Company name"": ""Î¤ÎÎ¡ÎÎ ÎÎÎÎ¡ÎÎÎÎÎÎ Î.Î.Î.Î.Î¤.Î."", ""dam & idm"": """", ""derivatives market"": """", ""natural gas"": """", ""ppa platform"": """", ""country"": ""GREECE""}","[{""work_id"": ""B05:2082"", ""source_url"": ""https://www.enexgroup.gr/web/guest/active-energy-markets-members"", ""table"": ""1"", ""row"": ""121"", ""headers_json"": ""[\""A/A\"", \""Company name\"", \""dam & idm\"", \""derivatives market\"", \""natural gas\"", \""ppa platform\"", \""country\""]"", ""cells_json"": ""[\""120\"", \""Î¤ÎÎ¡ÎÎ ÎÎÎÎ¡ÎÎÎÎÎÎ Î.Î.Î.Î.Î¤.Î.\"", \""\"", \""\"", \""\"", \""\"", \""GREECE\""]"", ""row_links_json"": ""[\""https://www.terna-energy.com/el/\""]"", ""content_sha256"": ""c79e198919e8615877e63f8a4f6173edb1ece94c7459d397fc3005ad742d27c0"", ""semantic_status"": ""SOURCE_TABLE_ROW_NOT_AUTOMATICALLY_ENTITY""}]",SOURCE_TABLE_RECORD_NOT_GLOBAL_OR_UNIQUE_COMPANY_VERIFICATION
https://www.enexgroup.gr/web/guest/active-energy-markets-members,1,122,Î§. Î¡ÎÎÎÎ£ Î.Î.Î.Î.,,MEMBER_OR_PARTICIPANT_SOURCE_RECORD,"{""A/A"": ""121"", ""Company name"": ""Î§. Î¡ÎÎÎÎ£ Î.Î.Î.Î."", ""dam & idm"": """", ""derivatives market"": """", ""natural gas"": """", ""ppa platform"": """", ""country"": ""Greece""}","[{""work_id"": ""B05:2082"", ""source_url"": ""https://www.enexgroup.gr/web/guest/active-energy-markets-members"", ""table"": ""1"", ""row"": ""122"", ""headers_json"": ""[\""A/A\"", \""Company name\"", \""dam & idm\"", \""derivatives market\"", \""natural gas\"", \""ppa platform\"", \""country\""]"", ""cells_json"": ""[\""121\"", \""Î§. Î¡ÎÎÎÎ£ Î.Î.Î.Î.\"", \""\"", \""\"", \""\"", \""\"", \""Greece\""]"", ""row_links_json"": ""[\""https://www.energia.gr/article/126695/h-rokas-avee\""]"", ""content_sha256"": ""c79e198919e8615877e63f8a4f6173edb1ece94c7459d397fc3005ad742d27c0"", ""semantic_status"": ""SOURCE_TABLE_ROW_NOT_AUTOMATICALLY_ENTITY""}]",SOURCE_TABLE_RECORD_NOT_GLOBAL_OR_UNIQUE_COMPANY_VERIFICATION
https://www.gfsc.gg/commission/registered-entities,1,2,492 Accounting and Tax Limited,,DIRECTORY_RECORD_REVIEW,"{""GFSC Ref."": ""3083959"", ""Name"": ""492 Accounting and Tax Limited"", ""Registration(s)"": ""Prescribed Business - Accountant"", ""Filters"": ""Prescribed Business - Accountant"", """": ""view""}","[{""work_id"": ""B05:2395"", ""source_url"": ""https://www.gfsc.gg/commission/registered-entities"", ""table"": ""1"", ""row"": ""2"", ""headers_json"": ""[\""GFSC Ref.\"", \""Name\"", \""Registration(s)\"", \""Filters\"", \""\""]"", ""cells_json"": ""[\""3083959\"", \""492 Accounting and Tax Limited\"", \""Prescribed Business - Accountant\"", \""Prescribed Business - Accountant\"", \""view\""]"", ""row_links_json"": ""[\""https://www.gfsc.gg/commission/registered-entities/3083959\"", \""https://www.gfsc.gg/commission/registered-entities/3083959\"", \""https://www.gfsc.gg/commission/registered-entities/3083959\"", \""https://www.gfsc.gg/commission/registered-entities/3083959\""]"", ""content_sha256"": ""4187aec917da4cecdf210e63d93dac1a17b098d54ea0d945a82579a687fdd7dc"", ""semantic_status"": ""SOURCE_TABLE_ROW_NOT_AUTOMATICALLY_ENTITY""}]",SOURCE_TABLE_RECORD_NOT_GLOBAL_OR_UNIQUE_COMPANY_VERIFICATION
https://www.gfsc.gg/commission/registered-entities,1,3,A.G. Accounting Services Limited,,DIRECTORY_RECORD_REVIEW,"{""GFSC Ref."": ""2009134"", ""Name"": ""A.G. Accounting Services Limited"", ""Registration(s)"": ""Prescribed Business - Accountant"", ""Filters"": ""Prescribed Business - Accountant"", """": ""view""}","[{""work_id"": ""B05:2395"", ""source_url"": ""https://www.gfsc.gg/commission/registered-entities"", ""table"": ""1"", ""row"": ""3"", ""headers_json"": ""[\""GFSC Ref.\"", \""Name\"", \""Registration(s)\"", \""Filters\"", \""\""]"", ""cells_json"": ""[\""2009134\"", \""A.G. Accounting Services Limited\"", \""Prescribed Business - Accountant\"", \""Prescribed Business - Accountant\"", \""view\""]"", ""row_links_json"": ""[\""https://www.gfsc.gg/commission/registered-entities/2009134\"", \""https://www.gfsc.gg/commission/registered-entities/2009134\"", \""https://www.gfsc.gg/commission/registered-entities/2009134\"", \""https://www.gfsc.gg/commission/registered-entities/2009134\""]"", ""content_sha256"": ""4187aec917da4cecdf210e63d93dac1a17b098d54ea0d945a82579a687fdd7dc"", ""semantic_status"": ""SOURCE_TABLE_ROW_NOT_AUTOMATICALLY_ENTITY""}]",SOURCE_TABLE_RECORD_NOT_GLOBAL_OR_UNIQUE_COMPANY_VERIFICATION
https://www.gfsc.gg/commission/registered-entities,1,4,ABT Advocates,,DIRECTORY_RECORD_REVIEW,"{""GFSC Ref."": ""1032905"", ""Name"": ""ABT Advocates"", ""Registration(s)"": ""Prescribed Business - Legal Professional"", ""Filters"": ""Prescribed Business - Legal Professional"", """": ""view""}","[{""work_id"": ""B05:2395"", ""source_url"": ""https://www.gfsc.gg/commission/registered-entities"", ""table"": ""1"", ""row"": ""4"", ""headers_json"": ""[\""GFSC Ref.\"", \""Name\"", \""Registration(s)\"", \""Filters\"", \""\""]"", ""cells_json"": ""[\""1032905\"", \""ABT Advocates\"", \""Prescribed Business - Legal Professional\"", \""Prescribed Business - Legal Professional\"", \""view\""]"", ""row_links_json"": ""[\""https://www.gfsc.gg/commission/registered-entities/1032905\"", \""https://www.gfsc.gg/commission/registered-entities/1032905\"", \""https://www.gfsc.gg/commission/registered-entities/1032905\"", \""https://www.gfsc.gg/commission/registered-entities/1032905\""]"", ""content_sha256"": ""4187aec917da4cecdf210e63d93dac1a17b098d54ea0d945a82579a687fdd7dc"", ""semantic_status"": ""SOURCE_TABLE_ROW_NOT_AUTOMATICALLY_ENTITY""}]",SOURCE_TABLE_RECORD_NOT_GLOBAL_OR_UNIQUE_COMPANY_VERIFICATION
https://www.gfsc.gg/commission/registered-entities,1,5,Accounts For You Limited,,DIRECTORY_RECORD_REVIEW,"{""GFSC Ref."": ""2268361"", ""Name"": ""Accounts For You Limited"", ""Registration(s)"": ""Prescribed Business - Accountant"", ""Filters"": ""Prescribed Business - Accountant"", """": ""view""}","[{""work_id"": ""B05:2395"", ""source_url"": ""https://www.gfsc.gg/commission/registered-entities"", ""table"": ""1"", ""row"": ""5"", ""headers_json"": ""[\""GFSC Ref.\"", \""Name\"", \""Registration(s)\"", \""Filters\"", \""\""]"", ""cells_json"": ""[\""2268361\"", \""Accounts For You Limited\"", \""Prescribed Business - Accountant\"", \""Prescribed Business - Accountant\"", \""view\""]"", ""row_links_json"": ""[\""https://www.gfsc.gg/commission/registered-entities/2268361\"", \""https://www.gfsc.gg/commission/registered-entities/2268361\"", \""https://www.gfsc.gg/commission/registered-entities/2268361\"", \""https://www.gfsc.gg/commission/registered-entities/2268361\""]"", ""content_sha256"": ""4187aec917da4cecdf210e63d93dac1a17b098d54ea0d945a82579a687fdd7dc"", ""semantic_status"": ""SOURCE_TABLE_ROW_NOT_AUTOMATICALLY_ENTITY""}]",SOURCE_TABLE_RECORD_NOT_GLOBAL_OR_UNIQUE_COMPANY_VERIFICATION
https://www.gfsc.gg/commission/registered-entities,1,6,AFR Advocates - Atkinson Ferbrache Richardson,,DIRECTORY_RECORD_REVIEW,"{""GFSC Ref."": ""1041503"", ""Name"": ""AFR Advocates - Atkinson Ferbrache Richardson"", ""Registration(s)"": ""Prescribed Business - Legal Professional"", ""Filters"": ""Prescribed Business - Legal Professional"", """": ""view""}","[{""work_id"": ""B05:2395"", ""source_url"": ""https://www.gfsc.gg/commission/registered-entities"", ""table"": ""1"", ""row"": ""6"", ""headers_json"": ""[\""GFSC Ref.\"", \""Name\"", \""Registration(s)\"", \""Filters\"", \""\""]"", ""cells_json"": ""[\""1041503\"", \""AFR Advocates - Atkinson Ferbrache Richardson\"", \""Prescribed Business - Legal Professional\"", \""Prescribed Business - Legal Professional\"", \""view\""]"", ""row_links_json"": ""[\""https://www.gfsc.gg/commission/registered-entities/1041503\"", \""https://www.gfsc.gg/commission/registered-entities/1041503\"", \""https://www.gfsc.gg/commission/registered-entities/1041503\"", \""https://www.gfsc.gg/commission/registered-entities/1041503\""]"", ""content_sha256"": ""4187aec917da4cecdf210e63d93dac1a17b098d54ea0d945a82579a687fdd7dc"", ""semantic_status"": ""SOURCE_TABLE_ROW_NOT_AUTOMATICALLY_ENTITY""}]",SOURCE_TABLE_RECORD_NOT_GLOBAL_OR_UNIQUE_COMPANY_VERIFICATION
https://www.gfsc.gg/commission/registered-entities,1,7,Appleby (Guernsey) LLP,,DIRECTORY_RECORD_REVIEW,"{""GFSC Ref."": ""2006690"", ""Name"": ""Appleby (Guernsey) LLP"", ""Registration(s)"": ""Prescribed Business - Legal Professional"", ""Filters"": ""Prescribed Business - Legal Professional"", """": ""view""}","[{""work_id"": ""B05:2395"", ""source_url"": ""https://www.gfsc.gg/commission/registered-entities"", ""table"": ""1"", ""row"": ""7"", ""headers_json"": ""[\""GFSC Ref.\"", \""Name\"", \""Registration(s)\"", \""Filters\"", \""\""]"", ""cells_json"": ""[\""2006690\"", \""Appleby (Guernsey) LLP\"", \""Prescribed Business - Legal Professional\"", \""Prescribed Business - Legal Professional\"", \""view\""]"", ""row_links_json"": ""[\""https://www.gfsc.gg/commission/registered-entities/2006690\"", \""https://www.gfsc.gg/commission/registered-entities/2006690\"", \""https://www.gfsc.gg/commission/registered-entities/2006690\"", \""https://www.gfsc.gg/commission/registered-entities/2006690\""]"", ""content_sha256"": ""4187aec917da4cecdf210e63d93dac1a17b098d54ea0d945a82579a687fdd7dc"", ""semantic_status"": ""SOURCE_TABLE_ROW_NOT_AUTOMATICALLY_ENTITY""}]",SOURCE_TABLE_RECORD_NOT_GLOBAL_OR_UNIQUE_COMPANY_VERIFICATION
https://www.gfsc.gg/commission/registered-entities,1,8,Aquarius Accounting Services Limited,,DIRECTORY_RECORD_REVIEW,"{""GFSC Ref."": ""1045997"", ""Name"": ""Aquarius Accounting Services Limited"", ""Registration(s)"": ""Prescribed Business - Accountant"", ""Filters"": ""Prescribed Business - Accountant"", """": ""view""}","[{""work_id"": ""B05:2395"", ""source_url"": ""https://www.gfsc.gg/commission/registered-entities"", ""table"": ""1"", ""row"": ""8"", ""headers_json"": ""[\""GFSC Ref.\"", \""Name\"", \""Registration(s)\"", \""Filters\"", \""\""]"", ""cells_json"": ""[\""1045997\"", \""Aquarius Accounting Services Limited\"", \""Prescribed Business - Accountant\"", \""Prescribed Business - Accountant\"", \""view\""]"", ""row_links_json"": ""[\""https://www.gfsc.gg/commission/registered-entities/1045997\"", \""https://www.gfsc.gg/commission/registered-entities/1045997\"", \""https://www.gfsc.gg/commission/registered-entities/1045997\"", \""https://www.gfsc.gg/commission/registered-entities/1045997\""]"", ""content_sha256"": ""4187aec917da4cecdf210e63d93dac1a17b098d54ea0d945a82579a687fdd7dc"", ""semantic_status"": ""SOURCE_TABLE_ROW_NOT_AUTOMATICALLY_ENTITY""}]",SOURCE_TABLE_RECORD_NOT_GLOBAL_OR_UNIQUE_COMPANY_VERIFICATION
https://www.gfsc.gg/commission/registered-entities,1,9,Arkus Advisory (Guernsey) Ltd.,,DIRECTORY_RECORD_REVIEW,"{""GFSC Ref."": ""2101601"", ""Name"": ""Arkus Advisory (Guernsey) Ltd."", ""Registration(s)"": ""Prescribed Business - Accountant"", ""Filters"": ""Prescribed Business - Accountant"", """": ""view""}","[{""work_id"": ""B05:2395"", ""source_url"": ""https://www.gfsc.gg/commission/registered-entities"", ""table"": ""1"", ""row"": ""9"", ""headers_json"": ""[\""GFSC Ref.\"", \""Name\"", \""Registration(s)\"", \""Filters\"", \""\""]"", ""cells_json"": ""[\""2101601\"", \""Arkus Advisory (Guernsey) Ltd.\"", \""Prescribed Business - Accountant\"", \""Prescribed Business - Accountant\"", \""view\""]"", ""row_links_json"": ""[\""https://www.gfsc.gg/commission/registered-entities/2101601\"", \""https://www.gfsc.gg/commission/registered-entities/2101601\"", \""https://www.gfsc.gg/commission/registered-entities/2101601\"", \""https://www.gfsc.gg/commission/registered-entities/2101601\""]"", ""content_sha256"": ""4187aec917da4cecdf210e63d93dac1a17b098d54ea0d945a82579a687fdd7dc"", ""semantic_status"": ""SOURCE_TABLE_ROW_NOT_AUTOMATICALLY_ENTITY""}]",SOURCE_TABLE_RECORD_NOT_GLOBAL_OR_UNIQUE_COMPANY_VERIFICATION
https://www.gfsc.gg/commission/registered-entities,1,10,Ashton & Co,,DIRECTORY_RECORD_REVIEW,"{""GFSC Ref."": ""2596980"", ""Name"": ""Ashton & Co"", ""Registration(s)"": ""Prescribed Business - Accountant"", ""Filters"": ""Prescribed Business - Accountant"", """": ""view""}","[{""work_id"": ""B05:2395"", ""source_url"": ""https://www.gfsc.gg/commission/registered-entities"", ""table"": ""1"", ""row"": ""10"", ""headers_json"": ""[\""GFSC Ref.\"", \""Name\"", \""Registration(s)\"", \""Filters\"", \""\""]"", ""cells_json"": ""[\""2596980\"", \""Ashton & Co\"", \""Prescribed Business - Accountant\"", \""Prescribed Business - Accountant\"", \""view\""]"", ""row_links_json"": ""[\""https://www.gfsc.gg/commission/registered-entities/2596980\"", \""https://www.gfsc.gg/commission/registered-entities/2596980\"", \""https://www.gfsc.gg/commission/registered-entities/2596980\"", \""https://www.gfsc.gg/commission/registered-entities/2596980\""]"", ""content_sha256"": ""4187aec917da4cecdf210e63d93dac1a17b098d54ea0d945a82579a687fdd7dc"", ""semantic_status"": ""SOURCE_TABLE_ROW_NOT_AUTOMATICALLY_ENTITY""}]",SOURCE_TABLE_RECORD_NOT_GLOBAL_OR_UNIQUE_COMPANY_VERIFICATION
https://www.gfsc.gg/commission/registered-entities,1,11,Aston CM (Guernsey) Limited,,DIRECTORY_RECORD_REVIEW,"{""GFSC Ref."": ""2804676"", ""Name"": ""Aston CM (Guernsey) Limited"", ""Registration(s)"": ""Money Service Providers"", ""Filters"": ""Money Service Providers"", """": ""view""}","[{""work_id"": ""B05:2395"", ""source_url"": ""https://www.gfsc.gg/commission/registered-entities"", ""table"": ""1"", ""row"": ""11"", ""headers_json"": ""[\""GFSC Ref.\"", \""Name\"", \""Registration(s)\"", \""Filters\"", \""\""]"", ""cells_json"": ""[\""2804676\"", \""Aston CM (Guernsey) Limited\"", \""Money Service Providers\"", \""Money Service Providers\"", \""view\""]"", ""row_links_json"": ""[\""https://www.gfsc.gg/commission/registered-entities/2804676\"", \""https://www.gfsc.gg/commission/registered-entities/2804676\"", \""https://www.gfsc.gg/commission/registered-entities/2804676\"", \""https://www.gfsc.gg/commission/registered-entities/2804676\""]"", ""content_sha256"": ""4187aec917da4cecdf210e63d93dac1a17b098d54ea0d945a82579a687fdd7dc"", ""semantic_status"": ""SOURCE_TABLE_ROW_NOT_AUTOMATICALLY_ENTITY""}]",SOURCE_TABLE_RECORD_NOT_GLOBAL_OR_UNIQUE_COMPANY_VERIFICATION
