work_id,target_url,discovery_hosts,source_observation_count,source_observations_json,business_value,action,completeness,status,priority,selection_evidence,score,hostname
B05:1498,https://www.bse-sofia.bg/en/membership-terms,www.bse-sofia.bg,1,"[{""host"": ""www.bse-sofia.bg"", ""observed_page"": ""https://www.bse-sofia.bg/en/"", ""target_url"": ""https://www.bse-sofia.bg/en/membership-terms"", ""anchor_text"": ""Membership terms"", ""keyword_matches"": ""member"", ""evidence"": ""OBSERVED_LINK_NOT_DIRECTORY_CONTENT_VERIFIED"", ""source_body_sha256_observed"": ""1a12edf7d53949825abd70bdebaa72e78aac931b7a967c3b4585bd8c2b1bc566""}]",DIRECTORY_EXPORT_DISCOVERY_AND_UNIVERSE_BOUNDARY,REVIEW_ROLE_THEN_FETCH_ALL_PAGES_AND_SOURCE_TOTAL;CLASSIFY_COMPANY_SECURITY_MEMBER_LICENSEE_OR_FORM,UNKNOWN,OBSERVED_LINK_REQUIRES_CONTENT_VALIDATION,P2_OTHER_CANDIDATE_REVIEW,B25 pending path and query signals: member,1,www.bse-sofia.bg
B05:1533,https://www.bvb.ro/ForCompanies/AeroMarket/IssuingBonds,www.bvb.ro,1,"[{""host"": ""www.bvb.ro"", ""observed_page"": ""https://www.bvb.ro/"", ""target_url"": ""https://www.bvb.ro/ForCompanies/AeroMarket/IssuingBonds"", ""anchor_text"": ""Obligatiuni"", ""keyword_matches"": ""companies"", ""evidence"": ""OBSERVED_LINK_NOT_DIRECTORY_CONTENT_VERIFIED"", ""source_body_sha256_observed"": ""1f93ceb2fb33234e52c40eb22feb4712b8485864c6c6cb240189ee8d74f008f8""}]",DIRECTORY_EXPORT_DISCOVERY_AND_UNIVERSE_BOUNDARY,REVIEW_ROLE_THEN_FETCH_ALL_PAGES_AND_SOURCE_TOTAL;CLASSIFY_COMPANY_SECURITY_MEMBER_LICENSEE_OR_FORM,UNKNOWN,OBSERVED_LINK_REQUIRES_CONTENT_VALIDATION,P2_OTHER_CANDIDATE_REVIEW,B25 pending path and query signals: Compan,1,www.bvb.ro
B05:1655,https://www.cboe.com/markets/us/options/symbol-directory/weeklys-options,www.cboe.ca,1,"[{""host"": ""www.cboe.ca"", ""observed_page"": ""https://www.cboe.com/ca/equities/"", ""target_url"": ""https://www.cboe.com/markets/us/options/symbol-directory/weeklys-options"", ""anchor_text"": ""Weeklys Options"", ""keyword_matches"": ""directory"", ""evidence"": ""OBSERVED_LINK_NOT_DIRECTORY_CONTENT_VERIFIED"", ""source_body_sha256_observed"": ""3a37b099bc123e5bdd9c6de6bb2669d56fd1558fcd83070811997f40179e5fb7""}]",DIRECTORY_EXPORT_DISCOVERY_AND_UNIVERSE_BOUNDARY,REVIEW_ROLE_THEN_FETCH_ALL_PAGES_AND_SOURCE_TOTAL;CLASSIFY_COMPANY_SECURITY_MEMBER_LICENSEE_OR_FORM,UNKNOWN,OBSERVED_LINK_REQUIRES_CONTENT_VALIDATION,P2_OTHER_CANDIDATE_REVIEW,B25 pending path and query signals: directory,5,www.cboe.com
B05:1728,https://www.cds.ca/participants/resources/cds-participant-rules,www.cds.ca,4,"[{""host"": ""www.cds.ca"", ""observed_page"": ""https://www.cds.ca/"", ""target_url"": ""https://www.cds.ca/participants/resources/cds-participant-rules"", ""anchor_text"": ""CDS Participant Rules"", ""evidence"": ""OBSERVED_LINK_NOT_DIRECTORY_CONTENT_VERIFIED"", ""source_body_sha256_observed"": ""977bc383cfdbba702140277c4587bc2815d8b1465c327e2862b6e9511a65c802""}, {""host"": ""www.cds.ca"", ""observed_page"": ""https://www.cds.ca/"", ""target_url"": ""https://www.cds.ca/participants/resources/cds-participant-rules"", ""anchor_text"": ""CDS Participant Rules"", ""evidence"": ""OBSERVED_LINK_NOT_DIRECTORY_CONTENT_VERIFIED"", ""source_body_sha256_observed"": ""977bc383cfdbba702140277c4587bc2815d8b1465c327e2862b6e9511a65c802""}, {""host"": ""www.cds.ca"", ""observed_page"": ""https://www.cds.ca/"", ""target_url"": ""https://www.cds.ca/participants/resources/cds-participant-rules"", ""anchor_text"": ""CDS Participant Rules"", ""evidence"": ""OBSERVED_LINK_NOT_DIRECTORY_CONTENT_VERIFIED"", ""source_body_sha256_observed"": ""977bc383cfdbba702140277c4587bc2815d8b1465c327e2862b6e9511a65c802""}, {""host"": ""www.cds.ca"", ""observed_page"": ""https://www.cds.ca/"", ""target_url"": ""https://www.cds.ca/participants/resources/cds-participant-rules"", ""anchor_text"": ""CDS Participant Rules"", ""evidence"": ""OBSERVED_LINK_NOT_DIRECTORY_CONTENT_VERIFIED"", ""source_body_sha256_observed"": ""977bc383cfdbba702140277c4587bc2815d8b1465c327e2862b6e9511a65c802""}]",DIRECTORY_EXPORT_DISCOVERY_AND_UNIVERSE_BOUNDARY,REVIEW_ROLE_THEN_FETCH_ALL_PAGES_AND_SOURCE_TOTAL;CLASSIFY_COMPANY_SECURITY_MEMBER_LICENSEE_OR_FORM,UNKNOWN,OBSERVED_LINK_REQUIRES_CONTENT_VALIDATION,P2_OTHER_CANDIDATE_REVIEW,B25 pending path and query signals: participant|participant,2,www.cds.ca
B05:1752,https://www.centralbank.ie/financial-system/payments-and-securities-settlements/national-stakeholder-groups,www.centralbank.ie,1,"[{""host"": ""www.centralbank.ie"", ""observed_page"": ""https://www.centralbank.ie/"", ""target_url"": ""https://www.centralbank.ie/financial-system/payments-and-securities-settlements/national-stakeholder-groups"", ""anchor_text"": ""National Stakeholder Groups"", ""keyword_matches"": ""securit"", ""evidence"": ""OBSERVED_LINK_NOT_DIRECTORY_CONTENT_VERIFIED"", ""source_body_sha256_observed"": ""847f664dd5ede073be0204b4beb53f05ea2d5065e20b01ebacf716351fc3c4a0""}]",DIRECTORY_EXPORT_DISCOVERY_AND_UNIVERSE_BOUNDARY,REVIEW_ROLE_THEN_FETCH_ALL_PAGES_AND_SOURCE_TOTAL;CLASSIFY_COMPANY_SECURITY_MEMBER_LICENSEE_OR_FORM,UNKNOWN,OBSERVED_LINK_REQUIRES_CONTENT_VALIDATION,P2_OTHER_CANDIDATE_REVIEW,B25 pending path and query signals: securit,1,www.centralbank.ie
B05:1794,https://www.cima.ky/securities-reporting-requirements-and-schedule,www.cima.ky,1,"[{""host"": ""www.cima.ky"", ""observed_page"": ""https://www.cima.ky/"", ""target_url"": ""https://www.cima.ky/securities-reporting-requirements-and-schedule"", ""anchor_text"": ""Reporting Requirements and Schedule"", ""keyword_matches"": ""securit"", ""evidence"": ""OBSERVED_LINK_NOT_DIRECTORY_CONTENT_VERIFIED"", ""source_body_sha256_observed"": ""0e5b0ebe5b62bcf10f5bd71b233d19243cca196da8a5f87aa1824e286b249302""}]",DIRECTORY_EXPORT_DISCOVERY_AND_UNIVERSE_BOUNDARY,REVIEW_ROLE_THEN_FETCH_ALL_PAGES_AND_SOURCE_TOTAL;CLASSIFY_COMPANY_SECURITY_MEMBER_LICENSEE_OR_FORM,UNKNOWN,OBSERVED_LINK_REQUIRES_CONTENT_VALIDATION,P2_OTHER_CANDIDATE_REVIEW,B25 pending path and query signals: securit,1,www.cima.ky
B05:1831,https://www.cma.or.ke/licensing/,www.cma.or.ke,1,"[{""host"": ""www.cma.or.ke"", ""observed_page"": ""https://www.cma.or.ke/"", ""target_url"": ""https://www.cma.or.ke/licensing/"", ""anchor_text"": ""Checklist"", ""keyword_matches"": ""licens"", ""evidence"": ""OBSERVED_LINK_NOT_DIRECTORY_CONTENT_VERIFIED"", ""source_body_sha256_observed"": ""a26843ac3bf0d2c4cb37822e2782dce54375922059d3df88e17610cb572d0ba9""}]",DIRECTORY_EXPORT_DISCOVERY_AND_UNIVERSE_BOUNDARY,REVIEW_ROLE_THEN_FETCH_ALL_PAGES_AND_SOURCE_TOTAL;CLASSIFY_COMPANY_SECURITY_MEMBER_LICENSEE_OR_FORM,UNKNOWN,OBSERVED_LINK_REQUIRES_CONTENT_VALIDATION,P2_OTHER_CANDIDATE_REVIEW,B25 pending path and query signals: licen,1,www.cma.or.ke
B05:1900,https://www.csx.ky/listing/listing-rules-and-forms.asp,www.csx.ky,1,"[{""host"": ""www.csx.ky"", ""observed_page"": ""https://www.csx.ky/"", ""target_url"": ""https://www.csx.ky/listing/listing-rules-and-forms.asp"", ""anchor_text"": ""Listing Rules and Forms"", ""keyword_matches"": ""listing"", ""evidence"": ""OBSERVED_LINK_NOT_DIRECTORY_CONTENT_VERIFIED"", ""source_body_sha256_observed"": ""f9e7d4175dcf859a93f3837467edc8edac9746f1193cd8a26aeb75111e881f65""}]",DIRECTORY_EXPORT_DISCOVERY_AND_UNIVERSE_BOUNDARY,REVIEW_ROLE_THEN_FETCH_ALL_PAGES_AND_SOURCE_TOTAL;CLASSIFY_COMPANY_SECURITY_MEMBER_LICENSEE_OR_FORM,UNKNOWN,OBSERVED_LINK_REQUIRES_CONTENT_VALIDATION,P2_OTHER_CANDIDATE_REVIEW,B25 pending path and query signals: listing|listing,6,www.csx.ky
B05:1954,https://www.dfm.ae/the-exchange/market-information/listed-securities,www.dfm.ae,1,"[{""host"": ""www.dfm.ae"", ""observed_page"": ""https://www.dfm.ae/"", ""target_url"": ""https://www.dfm.ae/the-exchange/market-information/listed-securities"", ""anchor_text"": ""Listed Securities"", ""keyword_matches"": ""listed|securit"", ""evidence"": ""OBSERVED_LINK_NOT_DIRECTORY_CONTENT_VERIFIED"", ""source_body_sha256_observed"": ""74edc96871343144ab72fd68a6b4146f21bc7a3a326fb90a8e0a07732f2aa77e""}]",DIRECTORY_EXPORT_DISCOVERY_AND_UNIVERSE_BOUNDARY,REVIEW_ROLE_THEN_FETCH_ALL_PAGES_AND_SOURCE_TOTAL;CLASSIFY_COMPANY_SECURITY_MEMBER_LICENSEE_OR_FORM,UNKNOWN,OBSERVED_LINK_REQUIRES_CONTENT_VALIDATION,P2_OTHER_CANDIDATE_REVIEW,B25 pending path and query signals: listed|securit,6,www.dfm.ae
B05:2007,https://www.ecc.de/en/membership/dcp-members/requirements,www.ecc.de,1,"[{""host"": ""www.ecc.de"", ""observed_page"": ""https://www.ecc.de/en/"", ""target_url"": ""https://www.ecc.de/en/membership/dcp-members/requirements"", ""anchor_text"": ""Requirements"", ""keyword_matches"": ""member"", ""evidence"": ""OBSERVED_LINK_NOT_DIRECTORY_CONTENT_VERIFIED"", ""source_body_sha256_observed"": ""f1f874ca63bca77f38946f0119f2c10aaea74772ba03471300f60726c346f6c0""}]",DIRECTORY_EXPORT_DISCOVERY_AND_UNIVERSE_BOUNDARY,REVIEW_ROLE_THEN_FETCH_ALL_PAGES_AND_SOURCE_TOTAL;CLASSIFY_COMPANY_SECURITY_MEMBER_LICENSEE_OR_FORM,UNKNOWN,OBSERVED_LINK_REQUIRES_CONTENT_VALIDATION,P2_OTHER_CANDIDATE_REVIEW,B25 pending path and query signals: member|member,2,www.ecc.de
B05:2034,https://www.ecseonline.com/markets/regional-government-securities-market-rgsm/,www.ecseonline.com,1,"[{""host"": ""www.ecseonline.com"", ""observed_page"": ""https://www.ecseonline.com/"", ""target_url"": ""https://www.ecseonline.com/markets/regional-government-securities-market-rgsm/"", ""anchor_text"": ""Regional Government Securities Market (RGSM)"", ""keyword_matches"": ""securit"", ""evidence"": ""OBSERVED_LINK_NOT_DIRECTORY_CONTENT_VERIFIED"", ""source_body_sha256_observed"": ""f2f72361fd97727d0b91658d0b076431b42cd8abb0d697678c875e9abc15b2b8""}]",DIRECTORY_EXPORT_DISCOVERY_AND_UNIVERSE_BOUNDARY,REVIEW_ROLE_THEN_FETCH_ALL_PAGES_AND_SOURCE_TOTAL;CLASSIFY_COMPANY_SECURITY_MEMBER_LICENSEE_OR_FORM,UNKNOWN,OBSERVED_LINK_REQUIRES_CONTENT_VALIDATION,P2_OTHER_CANDIDATE_REVIEW,B25 pending path and query signals: securit,1,www.ecseonline.com
B05:2102,https://www.ese.co.sz/members/dealers/,www.ese.co.sz,1,"[{""host"": ""www.ese.co.sz"", ""observed_page"": ""https://www.ese.co.sz/"", ""target_url"": ""https://www.ese.co.sz/members/dealers/"", ""anchor_text"": ""Primary Dealers"", ""evidence"": ""OBSERVED_LINK_NOT_DIRECTORY_CONTENT_VERIFIED"", ""source_body_sha256_observed"": ""00af8618323b12122c00fac7191184eb009c9281e10af0266b5b9fd62cb5f590""}]",DIRECTORY_EXPORT_DISCOVERY_AND_UNIVERSE_BOUNDARY,REVIEW_ROLE_THEN_FETCH_ALL_PAGES_AND_SOURCE_TOTAL;CLASSIFY_COMPANY_SECURITY_MEMBER_LICENSEE_OR_FORM,UNKNOWN,OBSERVED_LINK_REQUIRES_CONTENT_VALIDATION,P2_OTHER_CANDIDATE_REVIEW,B25 pending path and query signals: member,1,www.ese.co.sz
B05:2114,https://www.esma.europa.eu/esmas-activities/investors-and-issuers/investment-services-and-crowdfunding,www.esma.europa.eu,1,"[{""host"": ""www.esma.europa.eu"", ""observed_page"": ""https://www.esma.europa.eu/"", ""target_url"": ""https://www.esma.europa.eu/esmas-activities/investors-and-issuers/investment-services-and-crowdfunding"", ""anchor_text"": ""Investment Services and Crowdfunding"", ""keyword_matches"": ""issuer"", ""evidence"": ""OBSERVED_LINK_NOT_DIRECTORY_CONTENT_VERIFIED"", ""source_body_sha256_observed"": ""0160ecba2977455ea76b8c62e8aca767863f0962065bcd2279d8b8ab19e73dd2""}]",DIRECTORY_EXPORT_DISCOVERY_AND_UNIVERSE_BOUNDARY,REVIEW_ROLE_THEN_FETCH_ALL_PAGES_AND_SOURCE_TOTAL;CLASSIFY_COMPANY_SECURITY_MEMBER_LICENSEE_OR_FORM,UNKNOWN,OBSERVED_LINK_REQUIRES_CONTENT_VALIDATION,P2_OTHER_CANDIDATE_REVIEW,B25 pending path and query signals: issuer,1,www.esma.europa.eu
B05:2129,https://www.eurex.com/ec-en/join/admission-requirements/isa-direct-light-licence-holder,www.eurexclearing.com,1,"[{""host"": ""www.eurexclearing.com"", ""observed_page"": ""https://www.eurex.com/ec-en/"", ""target_url"": ""https://www.eurex.com/ec-en/join/admission-requirements/isa-direct-light-licence-holder"", ""anchor_text"": ""ISA Direct Light Licence Holder"", ""keyword_matches"": ""licenc"", ""evidence"": ""OBSERVED_LINK_NOT_DIRECTORY_CONTENT_VERIFIED"", ""source_body_sha256_observed"": ""32afa44652f6aee966081751b4b4571a42e06501f0d6175fa0807b9480fd8228""}]",DIRECTORY_EXPORT_DISCOVERY_AND_UNIVERSE_BOUNDARY,REVIEW_ROLE_THEN_FETCH_ALL_PAGES_AND_SOURCE_TOTAL;CLASSIFY_COMPANY_SECURITY_MEMBER_LICENSEE_OR_FORM,UNKNOWN,OBSERVED_LINK_REQUIRES_CONTENT_VALIDATION,P2_OTHER_CANDIDATE_REVIEW,B25 pending path and query signals: licen,1,www.eurex.com
B05:2311,https://www.fma-li.li/de/finanzdienstleister/bereich-versicherungen-vorsorgeeinrichtungen/versicherungsunternehmen/register,www.fma-li.li,1,"[{""host"": ""www.fma-li.li"", ""observed_page"": ""https://www.fma-li.li/de"", ""target_url"": ""https://www.fma-li.li/de/finanzdienstleister/bereich-versicherungen-vorsorgeeinrichtungen/versicherungsunternehmen/register"", ""anchor_text"": ""Register"", ""keyword_matches"": ""register"", ""evidence"": ""OBSERVED_LINK_NOT_DIRECTORY_CONTENT_VERIFIED"", ""source_body_sha256_observed"": ""cfcd26274873b35d246996c5ff74a51336922a2bacefdf21d15850c14e8af933""}]",DIRECTORY_EXPORT_DISCOVERY_AND_UNIVERSE_BOUNDARY,REVIEW_ROLE_THEN_FETCH_ALL_PAGES_AND_SOURCE_TOTAL;CLASSIFY_COMPANY_SECURITY_MEMBER_LICENSEE_OR_FORM,UNKNOWN,OBSERVED_LINK_REQUIRES_CONTENT_VALIDATION,P2_OTHER_CANDIDATE_REVIEW,B25 pending path and query signals: register,5,www.fma-li.li
B05:2419,https://www.gleif.org/en/organizational-identity/become-a-vlei-issuer-qvi/vlei-ecosystem-governance-framework,www.gleif.org,1,"[{""host"": ""www.gleif.org"", ""observed_page"": ""https://www.gleif.org/en"", ""target_url"": ""https://www.gleif.org/en/organizational-identity/become-a-vlei-issuer-qvi/vlei-ecosystem-governance-framework"", ""anchor_text"": ""vLEI Ecosystem Governance Framework"", ""keyword_matches"": ""issuer"", ""evidence"": ""OBSERVED_LINK_NOT_DIRECTORY_CONTENT_VERIFIED"", ""source_body_sha256_observed"": ""a9144877987c606ceb745bfdc640b323620631f413057bfee91c368e3771169c""}]",DIRECTORY_EXPORT_DISCOVERY_AND_UNIVERSE_BOUNDARY,REVIEW_ROLE_THEN_FETCH_ALL_PAGES_AND_SOURCE_TOTAL;CLASSIFY_COMPANY_SECURITY_MEMBER_LICENSEE_OR_FORM,UNKNOWN,OBSERVED_LINK_REQUIRES_CONTENT_VALIDATION,P2_OTHER_CANDIDATE_REVIEW,B25 pending path and query signals: issuer,1,www.gleif.org
B05:2475,https://www.hkex.com.hk/Listing/Disciplinary-and-Enforcement/Overview?sc_lang=en,www.hkex.com.hk,1,"[{""host"": ""www.hkex.com.hk"", ""observed_page"": ""https://www.hkex.com.hk/?sc_lang=en"", ""target_url"": ""https://www.hkex.com.hk/Listing/Disciplinary-and-Enforcement/Overview?sc_lang=en"", ""anchor_text"": ""Enforcement"", ""keyword_matches"": ""listing"", ""evidence"": ""OBSERVED_LINK_NOT_DIRECTORY_CONTENT_VERIFIED"", ""source_body_sha256_observed"": ""d177c4fd7167dfe7fd2670099ed0f3fd192343a218eee2df624ef9f54e6ea035""}]",DIRECTORY_EXPORT_DISCOVERY_AND_UNIVERSE_BOUNDARY,REVIEW_ROLE_THEN_FETCH_ALL_PAGES_AND_SOURCE_TOTAL;CLASSIFY_COMPANY_SECURITY_MEMBER_LICENSEE_OR_FORM,UNKNOWN,OBSERVED_LINK_REQUIRES_CONTENT_VALIDATION,P2_OTHER_CANDIDATE_REVIEW,B25 pending path and query signals: Listing,5,www.hkex.com.hk
B05:2554,https://www.icexindia.com/membership/authorised-person,www.icexindia.com,1,"[{""host"": ""www.icexindia.com"", ""observed_page"": ""https://www.icexindia.com/"", ""target_url"": ""https://www.icexindia.com/membership/authorised-person"", ""anchor_text"": ""Authorized Person"", ""keyword_matches"": ""member"", ""evidence"": ""OBSERVED_LINK_NOT_DIRECTORY_CONTENT_VERIFIED"", ""source_body_sha256_observed"": ""a470eb02198bafd65210d59d1749f54103c0129b00db7f872dab816768ba3bce""}]",DIRECTORY_EXPORT_DISCOVERY_AND_UNIVERSE_BOUNDARY,REVIEW_ROLE_THEN_FETCH_ALL_PAGES_AND_SOURCE_TOTAL;CLASSIFY_COMPANY_SECURITY_MEMBER_LICENSEE_OR_FORM,UNKNOWN,OBSERVED_LINK_REQUIRES_CONTENT_VALIDATION,P2_OTHER_CANDIDATE_REVIEW,B25 pending path and query signals: member,1,www.icexindia.com
B05:2577,https://www.icmagroup.org/market-practice-and-regulatory-policy/primary-markets/primary-market-committees/icma-financial-institution-issuer-forum/,www.icmagroup.org,1,"[{""host"": ""www.icmagroup.org"", ""observed_page"": ""https://www.icmagroup.org/"", ""target_url"": ""https://www.icmagroup.org/market-practice-and-regulatory-policy/primary-markets/primary-market-committees/icma-financial-institution-issuer-forum/"", ""anchor_text"": ""ICMA Financial Institution Issuer Forum"", ""keyword_matches"": ""issuer"", ""evidence"": ""OBSERVED_LINK_NOT_DIRECTORY_CONTENT_VERIFIED"", ""source_body_sha256_observed"": ""62d1010431e700d902235f3fd1509e5a69e00735aafecdd86683149a6d75fce7""}]",DIRECTORY_EXPORT_DISCOVERY_AND_UNIVERSE_BOUNDARY,REVIEW_ROLE_THEN_FETCH_ALL_PAGES_AND_SOURCE_TOTAL;CLASSIFY_COMPANY_SECURITY_MEMBER_LICENSEE_OR_FORM,UNKNOWN,OBSERVED_LINK_REQUIRES_CONTENT_VALIDATION,P2_OTHER_CANDIDATE_REVIEW,B25 pending path and query signals: issuer,1,www.icmagroup.org
B05:2623,https://www.indiainx.com/static/Membership_Calender.aspx,www.indiainx.com,1,"[{""host"": ""www.indiainx.com"", ""observed_page"": ""https://www.indiainx.com/"", ""target_url"": ""https://www.indiainx.com/static/Membership_Calender.aspx"", ""anchor_text"": ""Member Compliance Calendar"", ""keyword_matches"": ""member"", ""evidence"": ""OBSERVED_LINK_NOT_DIRECTORY_CONTENT_VERIFIED"", ""source_body_sha256_observed"": ""40615047869310e48e94e7dc96c8868deec650d8d2213c416e0534e5c63f7934""}]",DIRECTORY_EXPORT_DISCOVERY_AND_UNIVERSE_BOUNDARY,REVIEW_ROLE_THEN_FETCH_ALL_PAGES_AND_SOURCE_TOTAL;CLASSIFY_COMPANY_SECURITY_MEMBER_LICENSEE_OR_FORM,UNKNOWN,OBSERVED_LINK_REQUIRES_CONTENT_VALIDATION,P2_OTHER_CANDIDATE_REVIEW,B25 pending path and query signals: Member,1,www.indiainx.com
B05:2814,https://www.interactivebrokers.com/en/trading/top-ten-products/top-ten-products-stocks.php?menu=B,www.interactivebrokers.com,1,"[{""host"": ""www.interactivebrokers.com"", ""observed_page"": ""https://www.interactivebrokers.com/"", ""target_url"": ""https://www.interactivebrokers.com/en/trading/top-ten-products/top-ten-products-stocks.php?menu=B"", ""anchor_text"": ""Top Ten Products"", ""keyword_matches"": ""broker"", ""evidence"": ""OBSERVED_LINK_NOT_DIRECTORY_CONTENT_VERIFIED"", ""source_body_sha256_observed"": ""c423dbe5a1eea57f1c39e9cdf9e3c72dd6d50f7072f91d4914530be3ee0669c9""}]",DIRECTORY_EXPORT_DISCOVERY_AND_UNIVERSE_BOUNDARY,REVIEW_ROLE_THEN_FETCH_ALL_PAGES_AND_SOURCE_TOTAL;CLASSIFY_COMPANY_SECURITY_MEMBER_LICENSEE_OR_FORM,UNKNOWN,OBSERVED_LINK_REQUIRES_CONTENT_VALIDATION,P2_OTHER_CANDIDATE_REVIEW,B25 pending path and query signals: stock,1,www.interactivebrokers.com
B05:3041,https://www.japannext.co.jp/pub_data/pub_onboarding/Japannext_PTS_ITCH_Equities_v1.7.TCP.pcap,www.japannext.co.jp,1,"[{""host"": ""www.japannext.co.jp"", ""observed_page"": ""https://www.japannext.co.jp/"", ""target_url"": ""https://www.japannext.co.jp/pub_data/pub_onboarding/Japannext_PTS_ITCH_Equities_v1.7.TCP.pcap"", ""anchor_text"": ""ITCH Equities 1.7 Sample TCP PCAP File"", ""keyword_matches"": ""equities"", ""evidence"": ""OBSERVED_LINK_NOT_DIRECTORY_CONTENT_VERIFIED"", ""source_body_sha256_observed"": ""a55bb1269a8c4b77d34263278389ec89eaa126011b5b49eebe1d53b84948193a""}]",DIRECTORY_EXPORT_DISCOVERY_AND_UNIVERSE_BOUNDARY,REVIEW_ROLE_THEN_FETCH_ALL_PAGES_AND_SOURCE_TOTAL;CLASSIFY_COMPANY_SECURITY_MEMBER_LICENSEE_OR_FORM,UNKNOWN,OBSERVED_LINK_REQUIRES_CONTENT_VALIDATION,P2_OTHER_CANDIDATE_REVIEW,B25 pending path and query signals: Equit,1,www.japannext.co.jp
B05:3068,https://www.jpx.co.jp/listing/market-alerts/supervision/index.html,www.jpx.co.jp,1,"[{""host"": ""www.jpx.co.jp"", ""observed_page"": ""https://www.jpx.co.jp/"", ""target_url"": ""https://www.jpx.co.jp/listing/market-alerts/supervision/index.html"", ""anchor_text"": ""監理・整理銘柄一覧"", ""keyword_matches"": ""listing"", ""evidence"": ""OBSERVED_LINK_NOT_DIRECTORY_CONTENT_VERIFIED"", ""source_body_sha256_observed"": ""400bdea291c1ccf4690084b4091f0ae91d14ec2facef1c4ef25832dba9aa3ab8""}]",DIRECTORY_EXPORT_DISCOVERY_AND_UNIVERSE_BOUNDARY,REVIEW_ROLE_THEN_FETCH_ALL_PAGES_AND_SOURCE_TOTAL;CLASSIFY_COMPANY_SECURITY_MEMBER_LICENSEE_OR_FORM,UNKNOWN,OBSERVED_LINK_REQUIRES_CONTENT_VALIDATION,P2_OTHER_CANDIDATE_REVIEW,B25 pending path and query signals: listing,5,www.jpx.co.jp
B05:3116,https://www.latibex.com/esp/Empresas/Ficha/CIA_ENERG_DE_MINAS_GERAIS_PREF__BRCMIGACNPR3,www.latibex.com,1,"[{""host"": ""www.latibex.com"", ""observed_page"": ""https://www.latibex.com/esp/"", ""target_url"": ""https://www.latibex.com/esp/Empresas/Ficha/CIA_ENERG_DE_MINAS_GERAIS_PREF__BRCMIGACNPR3"", ""anchor_text"": """", ""keyword_matches"": ""empresas"", ""evidence"": ""OBSERVED_LINK_NOT_DIRECTORY_CONTENT_VERIFIED"", ""source_body_sha256_observed"": ""4cdf770479588d59c5ca704f6a76f876e3e48e71e08eebcc076301fb597514af""}]",DIRECTORY_EXPORT_DISCOVERY_AND_UNIVERSE_BOUNDARY,REVIEW_ROLE_THEN_FETCH_ALL_PAGES_AND_SOURCE_TOTAL;CLASSIFY_COMPANY_SECURITY_MEMBER_LICENSEE_OR_FORM,UNKNOWN,OBSERVED_LINK_REQUIRES_CONTENT_VALIDATION,P2_OTHER_CANDIDATE_REVIEW,B25 pending path and query signals: Empresas,1,www.latibex.com
B05:3202,https://www.linkedin.com/company/british-columbia-securities-commission/,www.bcsc.bc.ca,1,"[{""host"": ""www.bcsc.bc.ca"", ""observed_page"": ""https://www.bcsc.bc.ca/"", ""target_url"": ""https://www.linkedin.com/company/british-columbia-securities-commission/"", ""anchor_text"": """", ""keyword_matches"": ""company|securit"", ""evidence"": ""OBSERVED_LINK_NOT_DIRECTORY_CONTENT_VERIFIED"", ""source_body_sha256_observed"": ""15278b16c215563900f0b1dde6c8c8d06dd76400ba95ab095bcd4373eba03aa8""}]",DIRECTORY_EXPORT_DISCOVERY_AND_UNIVERSE_BOUNDARY,REVIEW_ROLE_THEN_FETCH_ALL_PAGES_AND_SOURCE_TOTAL;CLASSIFY_COMPANY_SECURITY_MEMBER_LICENSEE_OR_FORM,UNKNOWN,OBSERVED_LINK_REQUIRES_CONTENT_VALIDATION,P2_OTHER_CANDIDATE_REVIEW,B25 pending path and query signals: compan|securit,2,www.linkedin.com
B05:3395,https://www.lsc.gov.la/issuance/issuer_info.php,www.lsc.gov.la,1,"[{""host"": ""www.lsc.gov.la"", ""observed_page"": ""https://www.lsc.gov.la/"", ""target_url"": ""https://www.lsc.gov.la/issuance/issuer_info.php"", ""anchor_text"": ""ຂໍ້ມູນຂອງບໍລິສັດອອກຈໍາໜ່າຍຫຼັກຊັບ"", ""keyword_matches"": ""issuer"", ""evidence"": ""OBSERVED_LINK_NOT_DIRECTORY_CONTENT_VERIFIED"", ""source_body_sha256_observed"": ""89df5ff367be3a947481482b3e4103c61d7c16c7a60332ce749b26e5d0f5ac34""}]",DIRECTORY_EXPORT_DISCOVERY_AND_UNIVERSE_BOUNDARY,REVIEW_ROLE_THEN_FETCH_ALL_PAGES_AND_SOURCE_TOTAL;CLASSIFY_COMPANY_SECURITY_MEMBER_LICENSEE_OR_FORM,UNKNOWN,OBSERVED_LINK_REQUIRES_CONTENT_VALIDATION,P2_OTHER_CANDIDATE_REVIEW,B25 pending path and query signals: issuer,1,www.lsc.gov.la
B05:3459,https://www.macquarie.com/uk/en/disclosures/security-and-fraud.html,www.macquarie.com,1,"[{""host"": ""www.macquarie.com"", ""observed_page"": ""https://www.macquarie.com/uk/en.html"", ""target_url"": ""https://www.macquarie.com/uk/en/disclosures/security-and-fraud.html"", ""anchor_text"": ""local regulator or authority"", ""keyword_matches"": ""securit"", ""evidence"": ""OBSERVED_LINK_NOT_DIRECTORY_CONTENT_VERIFIED"", ""source_body_sha256_observed"": ""48dd11cbebf2a6fe73a128680a5bcd26700487ba25ab426bb9b82470c544b8d8""}]",DIRECTORY_EXPORT_DISCOVERY_AND_UNIVERSE_BOUNDARY,REVIEW_ROLE_THEN_FETCH_ALL_PAGES_AND_SOURCE_TOTAL;CLASSIFY_COMPANY_SECURITY_MEMBER_LICENSEE_OR_FORM,UNKNOWN,OBSERVED_LINK_REQUIRES_CONTENT_VALIDATION,P2_OTHER_CANDIDATE_REVIEW,B25 pending path and query signals: securit,1,www.macquarie.com
B05:3489,https://www.merj.exchange/trading/broker-dealers,www.merj.exchange,1,"[{""host"": ""www.merj.exchange"", ""observed_page"": ""https://www.merj.exchange/"", ""target_url"": ""https://www.merj.exchange/trading/broker-dealers"", ""anchor_text"": ""Broker-DealersLicensed broker-dealers"", ""keyword_matches"": ""broker|licens"", ""evidence"": ""OBSERVED_LINK_NOT_DIRECTORY_CONTENT_VERIFIED"", ""source_body_sha256_observed"": ""c7b9efb9aa6524f6b1afacf54de95bbc5f1781d4921cec0c098a7becacbffe40""}]",DIRECTORY_EXPORT_DISCOVERY_AND_UNIVERSE_BOUNDARY,REVIEW_ROLE_THEN_FETCH_ALL_PAGES_AND_SOURCE_TOTAL;CLASSIFY_COMPANY_SECURITY_MEMBER_LICENSEE_OR_FORM,UNKNOWN,OBSERVED_LINK_REQUIRES_CONTENT_VALIDATION,P2_OTHER_CANDIDATE_REVIEW,B25 pending path and query signals: broker,1,www.merj.exchange
B05:3526,https://www.millenniumbcp.pt/empresas/financiamento-empresarial/curto-prazo/factoring-internacional-exportacao,ind.millenniumbcp.pt,1,"[{""host"": ""ind.millenniumbcp.pt"", ""observed_page"": ""https://www.millenniumbcp.pt/"", ""target_url"": ""https://www.millenniumbcp.pt/empresas/financiamento-empresarial/curto-prazo/factoring-internacional-exportacao"", ""anchor_text"": ""Factoring internacional de exportação"", ""keyword_matches"": ""empresas"", ""evidence"": ""OBSERVED_LINK_NOT_DIRECTORY_CONTENT_VERIFIED"", ""source_body_sha256_observed"": ""feceea8761b5e7b800cda969a73f4e14a3488be59aadbd4153706bf83191b740""}]",DIRECTORY_EXPORT_DISCOVERY_AND_UNIVERSE_BOUNDARY,REVIEW_ROLE_THEN_FETCH_ALL_PAGES_AND_SOURCE_TOTAL;CLASSIFY_COMPANY_SECURITY_MEMBER_LICENSEE_OR_FORM,UNKNOWN,OBSERVED_LINK_REQUIRES_CONTENT_VALIDATION,P2_OTHER_CANDIDATE_REVIEW,B25 pending path and query signals: empresas,1,www.millenniumbcp.pt
B05:3580,https://www.nasdaq.com/products/fintech/eqlipse/central-securities-depository-technology,www.cinnober.com,1,"[{""host"": ""www.cinnober.com"", ""observed_page"": ""https://www.nasdaq.com/products/fintech/eqlipse"", ""target_url"": ""https://www.nasdaq.com/products/fintech/eqlipse/central-securities-depository-technology"", ""anchor_text"": ""Explore Nasdaq Eqlipse CSD"", ""keyword_matches"": ""securit"", ""evidence"": ""OBSERVED_LINK_NOT_DIRECTORY_CONTENT_VERIFIED"", ""source_body_sha256_observed"": ""bd81e6b1673180b1829acbedf422e573796ab65e047558fcd8f80e5f0eedb1db""}]",DIRECTORY_EXPORT_DISCOVERY_AND_UNIVERSE_BOUNDARY,REVIEW_ROLE_THEN_FETCH_ALL_PAGES_AND_SOURCE_TOTAL;CLASSIFY_COMPANY_SECURITY_MEMBER_LICENSEE_OR_FORM,UNKNOWN,OBSERVED_LINK_REQUIRES_CONTENT_VALIDATION,P2_OTHER_CANDIDATE_REVIEW,B25 pending path and query signals: securit,1,www.nasdaq.com
B05:3642,https://www.nasdng.com/markets/admitted,www.nasdng.com,1,"[{""host"": ""www.nasdng.com"", ""observed_page"": ""https://www.nasdng.com/"", ""target_url"": ""https://www.nasdng.com/markets/admitted"", ""anchor_text"": ""Admitted CompaniesPublic companies listing and tradable on NASD OTC"", ""keyword_matches"": ""companies|listing"", ""evidence"": ""OBSERVED_LINK_NOT_DIRECTORY_CONTENT_VERIFIED"", ""source_body_sha256_observed"": ""082d59921cdd1edc90283a89fb9cf3b2aea82efb97e35d6194d16d0c44774b85""}]",DIRECTORY_EXPORT_DISCOVERY_AND_UNIVERSE_BOUNDARY,REVIEW_ROLE_THEN_FETCH_ALL_PAGES_AND_SOURCE_TOTAL;CLASSIFY_COMPANY_SECURITY_MEMBER_LICENSEE_OR_FORM,UNKNOWN,OBSERVED_LINK_REQUIRES_CONTENT_VALIDATION,P2_OTHER_CANDIDATE_REVIEW,B25 pending path and query signals: admitted,1,www.nasdng.com
B05:3689,https://www.nse.co.ke/trading-participant-financials/,www.nse.co.ke,1,"[{""host"": ""www.nse.co.ke"", ""observed_page"": ""https://www.nse.co.ke/"", ""target_url"": ""https://www.nse.co.ke/trading-participant-financials/"", ""anchor_text"": ""Trading Participant Financials"", ""keyword_matches"": ""participant"", ""evidence"": ""OBSERVED_LINK_NOT_DIRECTORY_CONTENT_VERIFIED"", ""source_body_sha256_observed"": ""2834249cc4dc834933cf66fccbe36d1409a091c832f5aeafc1436db5b4e77b6e""}]",DIRECTORY_EXPORT_DISCOVERY_AND_UNIVERSE_BOUNDARY,REVIEW_ROLE_THEN_FETCH_ALL_PAGES_AND_SOURCE_TOTAL;CLASSIFY_COMPANY_SECURITY_MEMBER_LICENSEE_OR_FORM,UNKNOWN,OBSERVED_LINK_REQUIRES_CONTENT_VALIDATION,P2_OTHER_CANDIDATE_REVIEW,B25 pending path and query signals: participant,1,www.nse.co.ke
B05:3703,https://www.nse.or.jp/listing/alerts/,www.nse.or.jp,1,"[{""host"": ""www.nse.or.jp"", ""observed_page"": ""https://www.nse.or.jp/"", ""target_url"": ""https://www.nse.or.jp/listing/alerts/"", ""anchor_text"": ""不明確な情報等に関する注意喚起"", ""keyword_matches"": ""listing"", ""evidence"": ""OBSERVED_LINK_NOT_DIRECTORY_CONTENT_VERIFIED"", ""source_body_sha256_observed"": ""9c44a48201201215b68d0b529fd50884e998fd6e5a78d91580e89b5166bfbd7c""}]",DIRECTORY_EXPORT_DISCOVERY_AND_UNIVERSE_BOUNDARY,REVIEW_ROLE_THEN_FETCH_ALL_PAGES_AND_SOURCE_TOTAL;CLASSIFY_COMPANY_SECURITY_MEMBER_LICENSEE_OR_FORM,UNKNOWN,OBSERVED_LINK_REQUIRES_CONTENT_VALIDATION,P2_OTHER_CANDIDATE_REVIEW,B25 pending path and query signals: listing,5,www.nse.or.jp
B05:3760,https://www.nsx.com.au/listing/trading-models/,www.nsxa.com.au,1,"[{""host"": ""www.nsxa.com.au"", ""observed_page"": ""https://www.nsx.com.au/"", ""target_url"": ""https://www.nsx.com.au/listing/trading-models/"", ""anchor_text"": ""Trading Models"", ""keyword_matches"": ""listing"", ""evidence"": ""OBSERVED_LINK_NOT_DIRECTORY_CONTENT_VERIFIED"", ""source_body_sha256_observed"": ""22575b4dea7824079287de3d5ac74074ecdbc693ae38e7670e7a9224d61aa547""}]",DIRECTORY_EXPORT_DISCOVERY_AND_UNIVERSE_BOUNDARY,REVIEW_ROLE_THEN_FETCH_ALL_PAGES_AND_SOURCE_TOTAL;CLASSIFY_COMPANY_SECURITY_MEMBER_LICENSEE_OR_FORM,UNKNOWN,OBSERVED_LINK_REQUIRES_CONTENT_VALIDATION,P2_OTHER_CANDIDATE_REVIEW,B25 pending path and query signals: listing,5,www.nsx.com.au
B05:34,http://www.pngx.com.pg/new-guinea-islands-produce-company/,www.pngx.com.pg,1,"[{""host"": ""www.pngx.com.pg"", ""observed_page"": ""https://www.pngx.com.pg/"", ""target_url"": ""http://www.pngx.com.pg/new-guinea-islands-produce-company/"", ""anchor_text"": """", ""keyword_matches"": ""company"", ""evidence"": ""OBSERVED_LINK_NOT_DIRECTORY_CONTENT_VERIFIED"", ""source_body_sha256_observed"": ""a3346785e51504ff51593c4f66cd2f45af0423a137d1bc86cc2e8a2c2f7cefc2""}]",DIRECTORY_EXPORT_DISCOVERY_AND_UNIVERSE_BOUNDARY,REVIEW_ROLE_THEN_FETCH_ALL_PAGES_AND_SOURCE_TOTAL;CLASSIFY_COMPANY_SECURITY_MEMBER_LICENSEE_OR_FORM,UNKNOWN,OBSERVED_LINK_REQUIRES_CONTENT_VALIDATION,P2_OTHER_CANDIDATE_REVIEW,B25 pending path and query signals: compan,1,www.pngx.com.pg
B05:3972,https://www.qfma.org.qa/Arabic/InternationalRelations/IOSCOInternationalOrganizationOfSecuritiesCommissions/Pages/default.aspx,www.qfma.org.qa,1,"[{""host"": ""www.qfma.org.qa"", ""observed_page"": ""https://www.qfma.org.qa/arabic/Pages/default.aspx"", ""target_url"": ""https://www.qfma.org.qa/Arabic/InternationalRelations/IOSCOInternationalOrganizationOfSecuritiesCommissions/Pages/default.aspx"", ""anchor_text"": ""منظمة الأيسكو"", ""keyword_matches"": ""securit"", ""evidence"": ""OBSERVED_LINK_NOT_DIRECTORY_CONTENT_VERIFIED"", ""source_body_sha256_observed"": ""53114b9f0222f34ef4922358921e411583c250ab2e916e071158a7af1e55ce89""}]",DIRECTORY_EXPORT_DISCOVERY_AND_UNIVERSE_BOUNDARY,REVIEW_ROLE_THEN_FETCH_ALL_PAGES_AND_SOURCE_TOTAL;CLASSIFY_COMPANY_SECURITY_MEMBER_LICENSEE_OR_FORM,UNKNOWN,OBSERVED_LINK_REQUIRES_CONTENT_VALIDATION,P2_OTHER_CANDIDATE_REVIEW,B25 pending path and query signals: Securit,1,www.qfma.org.qa
B05:4064,https://www.sdc.com.jo/ar/publicShareholdingCompanies?member_cat=903,www.sdc.com.jo,1,"[{""host"": ""www.sdc.com.jo"", ""observed_page"": ""https://www.sdc.com.jo/"", ""target_url"": ""https://www.sdc.com.jo/ar/publicShareholdingCompanies?member_cat=903"", ""anchor_text"": """", ""keyword_matches"": ""companies|member"", ""evidence"": ""OBSERVED_LINK_NOT_DIRECTORY_CONTENT_VERIFIED"", ""source_body_sha256_observed"": ""04a57b0fe7663d6d7a9c8c15709bc49aba49ba40fbf289024186d920b8ab1ab3""}]",DIRECTORY_EXPORT_DISCOVERY_AND_UNIVERSE_BOUNDARY,REVIEW_ROLE_THEN_FETCH_ALL_PAGES_AND_SOURCE_TOTAL;CLASSIFY_COMPANY_SECURITY_MEMBER_LICENSEE_OR_FORM,UNKNOWN,OBSERVED_LINK_REQUIRES_CONTENT_VALIDATION,P2_OTHER_CANDIDATE_REVIEW,B25 pending path and query signals: Compan|member,2,www.sdc.com.jo
B05:4102,https://www.seczambia.org.zm/investor-protection/licensing/investment-advisors/,www.seczambia.org.zm,1,"[{""host"": ""www.seczambia.org.zm"", ""observed_page"": ""https://www.seczambia.org.zm/"", ""target_url"": ""https://www.seczambia.org.zm/investor-protection/licensing/investment-advisors/"", ""anchor_text"": ""Investment Advisors"", ""keyword_matches"": ""licens"", ""evidence"": ""OBSERVED_LINK_NOT_DIRECTORY_CONTENT_VERIFIED"", ""source_body_sha256_observed"": ""df03a6689294bab70e492d39f46e4cacaa92e5de87273151d2bea01b7eaad443""}]",DIRECTORY_EXPORT_DISCOVERY_AND_UNIVERSE_BOUNDARY,REVIEW_ROLE_THEN_FETCH_ALL_PAGES_AND_SOURCE_TOTAL;CLASSIFY_COMPANY_SECURITY_MEMBER_LICENSEE_OR_FORM,UNKNOWN,OBSERVED_LINK_REQUIRES_CONTENT_VALIDATION,P2_OTHER_CANDIDATE_REVIEW,B25 pending path and query signals: licen,1,www.seczambia.org.zm
B05:4150,https://www.sfc.hk/en/Rules-and-standards/Uncertificated-Securities-Market/Approved-Securities-Registrars,www.sfc.hk,1,"[{""host"": ""www.sfc.hk"", ""observed_page"": ""https://www.sfc.hk/en/"", ""target_url"": ""https://www.sfc.hk/en/Rules-and-standards/Uncertificated-Securities-Market/Approved-Securities-Registrars"", ""anchor_text"": ""Approved Securities Registrars"", ""keyword_matches"": ""securit"", ""evidence"": ""OBSERVED_LINK_NOT_DIRECTORY_CONTENT_VERIFIED"", ""source_body_sha256_observed"": ""d1361f90fef41d274beb7c732fa0dc397c96466b1686a15bd53a09b721c2dc24""}]",DIRECTORY_EXPORT_DISCOVERY_AND_UNIVERSE_BOUNDARY,REVIEW_ROLE_THEN_FETCH_ALL_PAGES_AND_SOURCE_TOTAL;CLASSIFY_COMPANY_SECURITY_MEMBER_LICENSEE_OR_FORM,UNKNOWN,OBSERVED_LINK_REQUIRES_CONTENT_VALIDATION,P2_OTHER_CANDIDATE_REVIEW,B25 pending path and query signals: Securit|Securit,2,www.sfc.hk
B05:4185,https://www.simvse.com.au/docs/rules-and-regulations/listing-rules/SIMVSE_LR_Ch12_141010.pdf,www.simvse.com.au,1,"[{""host"": ""www.simvse.com.au"", ""observed_page"": ""https://www.simvse.com.au/"", ""target_url"": ""https://www.simvse.com.au/docs/rules-and-regulations/listing-rules/SIMVSE_LR_Ch12_141010.pdf"", ""anchor_text"": ""Chapter 12: Interpretation of Exchange listing rules"", ""keyword_matches"": ""listing"", ""evidence"": ""OBSERVED_LINK_NOT_DIRECTORY_CONTENT_VERIFIED"", ""source_body_sha256_observed"": ""96cdfd60756f6450f53c9da8738461942fb0c9b73e7f6cc675542c62a6795641""}]",DIRECTORY_EXPORT_DISCOVERY_AND_UNIVERSE_BOUNDARY,REVIEW_ROLE_THEN_FETCH_ALL_PAGES_AND_SOURCE_TOTAL;CLASSIFY_COMPANY_SECURITY_MEMBER_LICENSEE_OR_FORM,UNKNOWN,OBSERVED_LINK_REQUIRES_CONTENT_VALIDATION,P2_OTHER_CANDIDATE_REVIEW,B25 pending path and query signals: listing,5,www.simvse.com.au
B05:4226,https://www.sipc.org/for-members/portal-webinar,www.sipc.org,1,"[{""host"": ""www.sipc.org"", ""observed_page"": ""https://www.sipc.org/"", ""target_url"": ""https://www.sipc.org/for-members/portal-webinar"", ""anchor_text"": ""Broker-Dealer Portal Webinar"", ""keyword_matches"": ""broker|member"", ""evidence"": ""OBSERVED_LINK_NOT_DIRECTORY_CONTENT_VERIFIED"", ""source_body_sha256_observed"": ""2dd52e9c46ea8f303d44e6b089a7d3a131b2d9faba4245b929baaf274186db80""}]",DIRECTORY_EXPORT_DISCOVERY_AND_UNIVERSE_BOUNDARY,REVIEW_ROLE_THEN_FETCH_ALL_PAGES_AND_SOURCE_TOTAL;CLASSIFY_COMPANY_SECURITY_MEMBER_LICENSEE_OR_FORM,UNKNOWN,OBSERVED_LINK_REQUIRES_CONTENT_VALIDATION,P2_OTHER_CANDIDATE_REVIEW,B25 pending path and query signals: member,1,www.sipc.org
B05:4260,https://www.six-group.com/de/products-services/securities-services/securities-finance/securities-lending-borrowing.html,www.six-repo.com,1,"[{""host"": ""www.six-repo.com"", ""observed_page"": ""https://www.six-group.com/de/products-services/securities-services/securities-finance/repo.html"", ""target_url"": ""https://www.six-group.com/de/products-services/securities-services/securities-finance/securities-lending-borrowing.html"", ""anchor_text"": ""Securities Lending & Borrowing"", ""keyword_matches"": ""securit"", ""evidence"": ""OBSERVED_LINK_NOT_DIRECTORY_CONTENT_VERIFIED"", ""source_body_sha256_observed"": ""5731600921bbca7a9e05ac1c71d123ae29f05122f76bb2ce807bb2878906cc56""}]",DIRECTORY_EXPORT_DISCOVERY_AND_UNIVERSE_BOUNDARY,REVIEW_ROLE_THEN_FETCH_ALL_PAGES_AND_SOURCE_TOTAL;CLASSIFY_COMPANY_SECURITY_MEMBER_LICENSEE_OR_FORM,UNKNOWN,OBSERVED_LINK_REQUIRES_CONTENT_VALIDATION,P2_OTHER_CANDIDATE_REVIEW,B25 pending path and query signals: securit|securit|securit,3,www.six-group.com
B05:4370,https://www.sse.or.jp/listing/company2270,www.sse.or.jp,1,"[{""host"": ""www.sse.or.jp"", ""observed_page"": ""https://www.sse.or.jp/"", ""target_url"": ""https://www.sse.or.jp/listing/company2270"", ""anchor_text"": ""雪印メグミルク(株)"", ""keyword_matches"": ""company|listing"", ""evidence"": ""OBSERVED_LINK_NOT_DIRECTORY_CONTENT_VERIFIED"", ""source_body_sha256_observed"": ""46ac1f150ce0e36c9b38ac54950f38000c323f406214b2d5fcce64c4313bc3b8""}]",DIRECTORY_EXPORT_DISCOVERY_AND_UNIVERSE_BOUNDARY,REVIEW_ROLE_THEN_FETCH_ALL_PAGES_AND_SOURCE_TOTAL;CLASSIFY_COMPANY_SECURITY_MEMBER_LICENSEE_OR_FORM,UNKNOWN,OBSERVED_LINK_REQUIRES_CONTENT_VALIDATION,P2_OTHER_CANDIDATE_REVIEW,B25 pending path and query signals: listing|compan,6,www.sse.or.jp
B05:4495,https://www.tcifsc.tc/company-managers-fee-schedule,www.tcifsc.tc,1,"[{""host"": ""www.tcifsc.tc"", ""observed_page"": ""https://www.tcifsc.tc/"", ""target_url"": ""https://www.tcifsc.tc/company-managers-fee-schedule"", ""anchor_text"": ""Fee Schedule"", ""keyword_matches"": ""company"", ""evidence"": ""OBSERVED_LINK_NOT_DIRECTORY_CONTENT_VERIFIED"", ""source_body_sha256_observed"": ""46c35d7556c9d5b1aa5b68129bad6e7473ad71c884b53af315042b4a0ddf5068""}]",DIRECTORY_EXPORT_DISCOVERY_AND_UNIVERSE_BOUNDARY,REVIEW_ROLE_THEN_FETCH_ALL_PAGES_AND_SOURCE_TOTAL;CLASSIFY_COMPANY_SECURITY_MEMBER_LICENSEE_OR_FORM,UNKNOWN,OBSERVED_LINK_REQUIRES_CONTENT_VALIDATION,P2_OTHER_CANDIDATE_REVIEW,B25 pending path and query signals: compan,1,www.tcifsc.tc
B05:4543,https://www.tmxaustralia.com/equities/support/resources,www.tmxaustralia.com,1,"[{""host"": ""www.tmxaustralia.com"", ""observed_page"": ""https://www.tmxaustralia.com/"", ""target_url"": ""https://www.tmxaustralia.com/equities/support/resources"", ""anchor_text"": ""Resources"", ""keyword_matches"": ""equities"", ""evidence"": ""OBSERVED_LINK_NOT_DIRECTORY_CONTENT_VERIFIED"", ""source_body_sha256_observed"": ""cbd86ba69dc77e2141a6be9522cce2ba3d096927c97efae748cbad05845bf415""}]",DIRECTORY_EXPORT_DISCOVERY_AND_UNIVERSE_BOUNDARY,REVIEW_ROLE_THEN_FETCH_ALL_PAGES_AND_SOURCE_TOTAL;CLASSIFY_COMPANY_SECURITY_MEMBER_LICENSEE_OR_FORM,UNKNOWN,OBSERVED_LINK_REQUIRES_CONTENT_VALIDATION,P2_OTHER_CANDIDATE_REVIEW,B25 pending path and query signals: equit,1,www.tmxaustralia.com
B05:4567,https://www.tradition.com/products/equities.aspx,www.tradition.com,1,"[{""host"": ""www.tradition.com"", ""observed_page"": ""https://www.tradition.com/"", ""target_url"": ""https://www.tradition.com/products/equities.aspx"", ""anchor_text"": ""Equities"", ""keyword_matches"": ""equities"", ""evidence"": ""OBSERVED_LINK_NOT_DIRECTORY_CONTENT_VERIFIED"", ""source_body_sha256_observed"": ""858af9d7e7708eb6fca749c2b2b02e967d83cb7ee842088378bdf8e22f8e8c22""}]",DIRECTORY_EXPORT_DISCOVERY_AND_UNIVERSE_BOUNDARY,REVIEW_ROLE_THEN_FETCH_ALL_PAGES_AND_SOURCE_TOTAL;CLASSIFY_COMPANY_SECURITY_MEMBER_LICENSEE_OR_FORM,UNKNOWN,OBSERVED_LINK_REQUIRES_CONTENT_VALIDATION,P2_OTHER_CANDIDATE_REVIEW,B25 pending path and query signals: equit,1,www.tradition.com
B05:4740,https://www.vfsc.vu/financial-dealers-licensee-list,www.vfsc.vu,1,"[{""host"": ""www.vfsc.vu"", ""observed_page"": ""https://www.vfsc.vu/"", ""target_url"": ""https://www.vfsc.vu/financial-dealers-licensee-list"", ""anchor_text"": ""Financial Dealers Licensee List"", ""keyword_matches"": ""licens"", ""evidence"": ""OBSERVED_LINK_NOT_DIRECTORY_CONTENT_VERIFIED"", ""source_body_sha256_observed"": ""8f948f4b76300797cb4d4505fe59716201081b761d03ee167ff3b5daa9c2f0aa""}]",DIRECTORY_EXPORT_DISCOVERY_AND_UNIVERSE_BOUNDARY,REVIEW_ROLE_THEN_FETCH_ALL_PAGES_AND_SOURCE_TOTAL;CLASSIFY_COMPANY_SECURITY_MEMBER_LICENSEE_OR_FORM,UNKNOWN,OBSERVED_LINK_REQUIRES_CONTENT_VALIDATION,P2_OTHER_CANDIDATE_REVIEW,B25 pending path and query signals: licen,1,www.vfsc.vu
B05:313,https://cmda.gov.mv/en/staff-directory?category=41,cmda.gov.mv,1,"[{""host"": ""cmda.gov.mv"", ""observed_page"": ""https://cmda.gov.mv/en"", ""target_url"": ""https://cmda.gov.mv/en/staff-directory?category=41"", ""anchor_text"": ""— Staff Information"", ""keyword_matches"": ""directory"", ""evidence"": ""OBSERVED_LINK_NOT_DIRECTORY_CONTENT_VERIFIED"", ""source_body_sha256_observed"": ""17368c72eda271b47ecbbe62817e3458ec0cf6b36dc3e308f08525ab4c738c5c""}]",DIRECTORY_EXPORT_DISCOVERY_AND_UNIVERSE_BOUNDARY,REVIEW_ROLE_THEN_FETCH_ALL_PAGES_AND_SOURCE_TOTAL;CLASSIFY_COMPANY_SECURITY_MEMBER_LICENSEE_OR_FORM,UNKNOWN,OBSERVED_LINK_REQUIRES_CONTENT_VALIDATION,P2_OTHER_CANDIDATE_REVIEW,B25 pending path and query signals: directory,5,cmda.gov.mv
B05:404,https://grupocimd.com/empresas/intermoney-consultoria/,www.grupocimd.com,1,"[{""host"": ""www.grupocimd.com"", ""observed_page"": ""https://grupocimd.com/"", ""target_url"": ""https://grupocimd.com/empresas/intermoney-consultoria/"", ""anchor_text"": ""Ver más"", ""keyword_matches"": ""empresas"", ""evidence"": ""OBSERVED_LINK_NOT_DIRECTORY_CONTENT_VERIFIED"", ""source_body_sha256_observed"": ""c9f5df6e6bd384757484e24167c9f14adaf85f9d46326a333e0e1df16ab2b806""}]",DIRECTORY_EXPORT_DISCOVERY_AND_UNIVERSE_BOUNDARY,REVIEW_ROLE_THEN_FETCH_ALL_PAGES_AND_SOURCE_TOTAL;CLASSIFY_COMPANY_SECURITY_MEMBER_LICENSEE_OR_FORM,UNKNOWN,OBSERVED_LINK_REQUIRES_CONTENT_VALIDATION,P2_OTHER_CANDIDATE_REVIEW,B25 pending path and query signals: empresas,1,grupocimd.com
B05:438,https://guyanastockexchangeinc.com/security/demerara-distillers-limited/,www.gasci.com,1,"[{""host"": ""www.gasci.com"", ""observed_page"": ""https://guyanastockexchangeinc.com/"", ""target_url"": ""https://guyanastockexchangeinc.com/security/demerara-distillers-limited/"", ""anchor_text"": ""ddl"", ""keyword_matches"": ""securit"", ""evidence"": ""OBSERVED_LINK_NOT_DIRECTORY_CONTENT_VERIFIED"", ""source_body_sha256_observed"": ""7ee56db31d80f871d6d10dba045b86a501d03a378e88b638e1bbaf2f0bad5b47""}]",DIRECTORY_EXPORT_DISCOVERY_AND_UNIVERSE_BOUNDARY,REVIEW_ROLE_THEN_FETCH_ALL_PAGES_AND_SOURCE_TOTAL;CLASSIFY_COMPANY_SECURITY_MEMBER_LICENSEE_OR_FORM,UNKNOWN,OBSERVED_LINK_REQUIRES_CONTENT_VALIDATION,P2_OTHER_CANDIDATE_REVIEW,B25 pending path and query signals: securit,1,guyanastockexchangeinc.com
B05:530,https://jpjenkins.com/company/cpp-group-plc/,jpjenkins.com,1,"[{""host"": ""jpjenkins.com"", ""observed_page"": ""https://jpjenkins.com/"", ""target_url"": ""https://jpjenkins.com/company/cpp-group-plc/"", ""anchor_text"": ""CPP 20.00 GBX"", ""keyword_matches"": ""company"", ""evidence"": ""OBSERVED_LINK_NOT_DIRECTORY_CONTENT_VERIFIED"", ""source_body_sha256_observed"": ""e1fb5c766ba93f1e099601a28912c605365fba17ea377ccf8531eec71f3579bf""}]",DIRECTORY_EXPORT_DISCOVERY_AND_UNIVERSE_BOUNDARY,REVIEW_ROLE_THEN_FETCH_ALL_PAGES_AND_SOURCE_TOTAL;CLASSIFY_COMPANY_SECURITY_MEMBER_LICENSEE_OR_FORM,UNKNOWN,OBSERVED_LINK_REQUIRES_CONTENT_VALIDATION,P2_OTHER_CANDIDATE_REVIEW,B25 pending path and query signals: compan,1,jpjenkins.com
B05:586,https://kabu.com/company/policy/execution.html,www.kabu.com,1,"[{""host"": ""www.kabu.com"", ""observed_page"": ""https://kabu.com/"", ""target_url"": ""https://kabu.com/company/policy/execution.html"", ""anchor_text"": ""最良執行方針"", ""keyword_matches"": ""company"", ""evidence"": ""OBSERVED_LINK_NOT_DIRECTORY_CONTENT_VERIFIED"", ""source_body_sha256_observed"": ""8243cc4eac6585d4863335a6d038772adaaca412cffb6a767fc8378a4cad89f5""}]",DIRECTORY_EXPORT_DISCOVERY_AND_UNIVERSE_BOUNDARY,REVIEW_ROLE_THEN_FETCH_ALL_PAGES_AND_SOURCE_TOTAL;CLASSIFY_COMPANY_SECURITY_MEMBER_LICENSEE_OR_FORM,UNKNOWN,OBSERVED_LINK_REQUIRES_CONTENT_VALIDATION,P2_OTHER_CANDIDATE_REVIEW,B25 pending path and query signals: compan,1,kabu.com
B05:665,https://ltse.com/private-markets/late-stage-companies,www.longtermstockexchange.com,1,"[{""host"": ""www.longtermstockexchange.com"", ""observed_page"": ""https://ltse.com/"", ""target_url"": ""https://ltse.com/private-markets/late-stage-companies"", ""anchor_text"": ""Late-Stage Private Companies"", ""keyword_matches"": ""companies"", ""evidence"": ""OBSERVED_LINK_NOT_DIRECTORY_CONTENT_VERIFIED"", ""source_body_sha256_observed"": ""5e1536f452dab01503be84783a6789cba9ac2c344221eec1a3e42fae04b9e4a6""}]",DIRECTORY_EXPORT_DISCOVERY_AND_UNIVERSE_BOUNDARY,REVIEW_ROLE_THEN_FETCH_ALL_PAGES_AND_SOURCE_TOTAL;CLASSIFY_COMPANY_SECURITY_MEMBER_LICENSEE_OR_FORM,UNKNOWN,OBSERVED_LINK_REQUIRES_CONTENT_VALIDATION,P2_OTHER_CANDIDATE_REVIEW,B25 pending path and query signals: compan,1,ltse.com
B05:697,https://merj.exchange/trading/direct-participants,merj.exchange,1,"[{""host"": ""merj.exchange"", ""observed_page"": ""https://merj.exchange/"", ""target_url"": ""https://merj.exchange/trading/direct-participants"", ""anchor_text"": ""Direct ParticipantsDirect market access"", ""keyword_matches"": ""participant"", ""evidence"": ""OBSERVED_LINK_NOT_DIRECTORY_CONTENT_VERIFIED"", ""source_body_sha256_observed"": ""c7b9efb9aa6524f6b1afacf54de95bbc5f1781d4921cec0c098a7becacbffe40""}]",DIRECTORY_EXPORT_DISCOVERY_AND_UNIVERSE_BOUNDARY,REVIEW_ROLE_THEN_FETCH_ALL_PAGES_AND_SOURCE_TOTAL;CLASSIFY_COMPANY_SECURITY_MEMBER_LICENSEE_OR_FORM,UNKNOWN,OBSERVED_LINK_REQUIRES_CONTENT_VALIDATION,P2_OTHER_CANDIDATE_REVIEW,B25 pending path and query signals: participant,1,merj.exchange
B05:710,https://mse.co.mw/company/MWICON001146,www.mse.co.mw,1,"[{""host"": ""www.mse.co.mw"", ""observed_page"": ""https://www.mse.co.mw/"", ""target_url"": ""https://mse.co.mw/company/MWICON001146"", ""anchor_text"": ""ICON"", ""keyword_matches"": ""company"", ""evidence"": ""OBSERVED_LINK_NOT_DIRECTORY_CONTENT_VERIFIED"", ""source_body_sha256_observed"": ""0a0008e73499219931ac8d539feefa4212674fc932780dc0629656eb4237e33a""}]",DIRECTORY_EXPORT_DISCOVERY_AND_UNIVERSE_BOUNDARY,REVIEW_ROLE_THEN_FETCH_ALL_PAGES_AND_SOURCE_TOTAL;CLASSIFY_COMPANY_SECURITY_MEMBER_LICENSEE_OR_FORM,UNKNOWN,OBSERVED_LINK_REQUIRES_CONTENT_VALIDATION,P2_OTHER_CANDIDATE_REVIEW,B25 pending path and query signals: compan,1,mse.co.mw
B05:754,https://new.nzx.com/products/nzx-issuer-case-studies,new.nzx.com,1,"[{""host"": ""new.nzx.com"", ""observed_page"": ""https://new.nzx.com/"", ""target_url"": ""https://new.nzx.com/products/nzx-issuer-case-studies"", ""anchor_text"": ""NZX Issuer Case Studies"", ""keyword_matches"": ""issuer"", ""evidence"": ""OBSERVED_LINK_NOT_DIRECTORY_CONTENT_VERIFIED"", ""source_body_sha256_observed"": ""0053eee994a85aa752e51c2bb91b555ad0f8b73173fa223fffbbc92b3b9cf5b9""}]",DIRECTORY_EXPORT_DISCOVERY_AND_UNIVERSE_BOUNDARY,REVIEW_ROLE_THEN_FETCH_ALL_PAGES_AND_SOURCE_TOTAL;CLASSIFY_COMPANY_SECURITY_MEMBER_LICENSEE_OR_FORM,UNKNOWN,OBSERVED_LINK_REQUIRES_CONTENT_VALIDATION,P2_OTHER_CANDIDATE_REVIEW,B25 pending path and query signals: issuer,1,new.nzx.com
B05:788,https://otc.nfmf.no/public/company/428.html,www.notc.no,1,"[{""host"": ""www.notc.no"", ""observed_page"": ""https://www.notc.no/"", ""target_url"": ""https://otc.nfmf.no/public/company/428.html"", ""anchor_text"": ""Vis"", ""keyword_matches"": ""company"", ""evidence"": ""OBSERVED_LINK_NOT_DIRECTORY_CONTENT_VERIFIED"", ""source_body_sha256_observed"": ""272ec92306b09bbf485ef3b28f10128958ab6a851f036b73c2d80bb896ce4224""}]",DIRECTORY_EXPORT_DISCOVERY_AND_UNIVERSE_BOUNDARY,REVIEW_ROLE_THEN_FETCH_ALL_PAGES_AND_SOURCE_TOTAL;CLASSIFY_COMPANY_SECURITY_MEMBER_LICENSEE_OR_FORM,UNKNOWN,OBSERVED_LINK_REQUIRES_CONTENT_VALIDATION,P2_OTHER_CANDIDATE_REVIEW,B25 pending path and query signals: compan,1,otc.nfmf.no
B05:831,https://progress.market/en/rules-and-regulations-for-issuers/256,progress.market,1,"[{""host"": ""progress.market"", ""observed_page"": ""https://progress.market/"", ""target_url"": ""https://progress.market/en/rules-and-regulations-for-issuers/256"", ""anchor_text"": ""Rules and regulations for issuers"", ""keyword_matches"": ""issuer"", ""evidence"": ""OBSERVED_LINK_NOT_DIRECTORY_CONTENT_VERIFIED"", ""source_body_sha256_observed"": ""d9c96cb222e489267f4ad77f1fc9434fd786cdda5d11dfa273fa9b1c696527cd""}]",DIRECTORY_EXPORT_DISCOVERY_AND_UNIVERSE_BOUNDARY,REVIEW_ROLE_THEN_FETCH_ALL_PAGES_AND_SOURCE_TOTAL;CLASSIFY_COMPANY_SECURITY_MEMBER_LICENSEE_OR_FORM,UNKNOWN,OBSERVED_LINK_REQUIRES_CONTENT_VALIDATION,P2_OTHER_CANDIDATE_REVIEW,B25 pending path and query signals: issuer,1,progress.market
B05:861,https://registry.vfsc.vu/vanuatu-security/service/create.html?service=createMyUser&returnUrl=/vanuatu-master/auth/loggedIn.html,www.vfsc.vu,1,"[{""host"": ""www.vfsc.vu"", ""observed_page"": ""https://www.vfsc.vu/"", ""target_url"": ""https://registry.vfsc.vu/vanuatu-security/service/create.html?service=createMyUser&returnUrl=/vanuatu-master/auth/loggedIn.html"", ""anchor_text"": ""Register a New User"", ""keyword_matches"": ""register|securit"", ""evidence"": ""OBSERVED_LINK_NOT_DIRECTORY_CONTENT_VERIFIED"", ""source_body_sha256_observed"": ""8f948f4b76300797cb4d4505fe59716201081b761d03ee167ff3b5daa9c2f0aa""}]",DIRECTORY_EXPORT_DISCOVERY_AND_UNIVERSE_BOUNDARY,REVIEW_ROLE_THEN_FETCH_ALL_PAGES_AND_SOURCE_TOTAL;CLASSIFY_COMPANY_SECURITY_MEMBER_LICENSEE_OR_FORM,UNKNOWN,OBSERVED_LINK_REQUIRES_CONTENT_VALIDATION,P2_OTHER_CANDIDATE_REVIEW,B25 pending path and query signals: securit,1,registry.vfsc.vu
B05:896,https://serviciosexternos.sugeval.fi.cr/RNVIWeb/Participantes/ProveedoresPrecios,www.sugeval.fi.cr,1,"[{""host"": ""www.sugeval.fi.cr"", ""observed_page"": ""https://www.sugeval.fi.cr/"", ""target_url"": ""https://serviciosexternos.sugeval.fi.cr/RNVIWeb/Participantes/ProveedoresPrecios"", ""anchor_text"": ""Proveedor de precios"", ""keyword_matches"": ""participant"", ""evidence"": ""OBSERVED_LINK_NOT_DIRECTORY_CONTENT_VERIFIED"", ""source_body_sha256_observed"": ""44e2879503ab0c6a65dc4e8390f700756d575a9735786a9958e132059566d40d""}]",DIRECTORY_EXPORT_DISCOVERY_AND_UNIVERSE_BOUNDARY,REVIEW_ROLE_THEN_FETCH_ALL_PAGES_AND_SOURCE_TOTAL;CLASSIFY_COMPANY_SECURITY_MEMBER_LICENSEE_OR_FORM,UNKNOWN,OBSERVED_LINK_REQUIRES_CONTENT_VALIDATION,P2_OTHER_CANDIDATE_REVIEW,B25 pending path and query signals: Participant,1,serviciosexternos.sugeval.fi.cr
B05:1032,https://www.aixkz.com/en/pages/issuers-disclosures,aix.kz,3,"[{""host"": ""aix.kz"", ""observed_page"": ""https://www.aixkz.com/en"", ""target_url"": ""https://www.aixkz.com/en/pages/issuers-disclosures"", ""anchor_text"": ""Issuers' Disclosures"", ""evidence"": ""OBSERVED_LINK_NOT_DIRECTORY_CONTENT_VERIFIED"", ""source_body_sha256_observed"": ""f96177223b30405acb9b957924548bff693301ad99044502781bb872ac2ec3c0""}, {""host"": ""aix.kz"", ""observed_page"": ""https://www.aixkz.com/en"", ""target_url"": ""https://www.aixkz.com/en/pages/issuers-disclosures"", ""anchor_text"": ""Issuers' Disclosures"", ""evidence"": ""OBSERVED_LINK_NOT_DIRECTORY_CONTENT_VERIFIED"", ""source_body_sha256_observed"": ""f96177223b30405acb9b957924548bff693301ad99044502781bb872ac2ec3c0""}, {""host"": ""aix.kz"", ""observed_page"": ""https://www.aixkz.com/en"", ""target_url"": ""https://www.aixkz.com/en/pages/issuers-disclosures"", ""anchor_text"": ""All"", ""evidence"": ""OBSERVED_LINK_NOT_DIRECTORY_CONTENT_VERIFIED"", ""source_body_sha256_observed"": ""f96177223b30405acb9b957924548bff693301ad99044502781bb872ac2ec3c0""}]",DIRECTORY_EXPORT_DISCOVERY_AND_UNIVERSE_BOUNDARY,REVIEW_ROLE_THEN_FETCH_ALL_PAGES_AND_SOURCE_TOTAL;CLASSIFY_COMPANY_SECURITY_MEMBER_LICENSEE_OR_FORM,UNKNOWN,OBSERVED_LINK_REQUIRES_CONTENT_VALIDATION,P2_OTHER_CANDIDATE_REVIEW,B25 pending path and query signals: issuer,1,www.aixkz.com
B05:1064,https://www.asc.ca/en/issuer-regulation/fees-and-filing-deadlines,www.albertasecurities.com,1,"[{""host"": ""www.albertasecurities.com"", ""observed_page"": ""https://www.asc.ca/"", ""target_url"": ""https://www.asc.ca/en/issuer-regulation/fees-and-filing-deadlines"", ""anchor_text"": ""Fees & Filing Deadlines"", ""keyword_matches"": ""issuer"", ""evidence"": ""OBSERVED_LINK_NOT_DIRECTORY_CONTENT_VERIFIED"", ""source_body_sha256_observed"": ""934a41df838ca4c21cbc645f51c29897fc43e758e1545d8d9b73bb0cd82c2d4e""}]",DIRECTORY_EXPORT_DISCOVERY_AND_UNIVERSE_BOUNDARY,REVIEW_ROLE_THEN_FETCH_ALL_PAGES_AND_SOURCE_TOTAL;CLASSIFY_COMPANY_SECURITY_MEMBER_LICENSEE_OR_FORM,UNKNOWN,OBSERVED_LINK_REQUIRES_CONTENT_VALIDATION,P2_OTHER_CANDIDATE_REVIEW,B25 pending path and query signals: issuer,1,www.asc.ca
B05:1112,https://www.asic.gov.au/for-finance-professionals/credit-licensees/applying-for-and-managing-your-credit-licence/apply-for-a-credit-licence,www.asic.gov.au,1,"[{""host"": ""www.asic.gov.au"", ""observed_page"": ""https://www.asic.gov.au/"", ""target_url"": ""https://www.asic.gov.au/for-finance-professionals/credit-licensees/applying-for-and-managing-your-credit-licence/apply-for-a-credit-licence"", ""anchor_text"": ""Apply for a credit licence"", ""keyword_matches"": ""licenc|licens"", ""evidence"": ""OBSERVED_LINK_NOT_DIRECTORY_CONTENT_VERIFIED"", ""source_body_sha256_observed"": ""d33c516abedc2608bfe0767f01a3522a05fda178631141ce71b347389b2923b2""}]",DIRECTORY_EXPORT_DISCOVERY_AND_UNIVERSE_BOUNDARY,REVIEW_ROLE_THEN_FETCH_ALL_PAGES_AND_SOURCE_TOTAL;CLASSIFY_COMPANY_SECURITY_MEMBER_LICENSEE_OR_FORM,UNKNOWN,OBSERVED_LINK_REQUIRES_CONTENT_VALIDATION,P2_OTHER_CANDIDATE_REVIEW,B25 pending path and query signals: licen|licen|licen,3,www.asic.gov.au
B05:1190,https://www.bancamarch.es/es/empresas/soluciones-para-empresas/cobros-y-pagos/,www.bancamarch.es,1,"[{""host"": ""www.bancamarch.es"", ""observed_page"": ""https://www.bancamarch.es/es/"", ""target_url"": ""https://www.bancamarch.es/es/empresas/soluciones-para-empresas/cobros-y-pagos/"", ""anchor_text"": ""Cobros y pagos"", ""keyword_matches"": ""empresas"", ""evidence"": ""OBSERVED_LINK_NOT_DIRECTORY_CONTENT_VERIFIED"", ""source_body_sha256_observed"": ""50888e1dd9d66b841d921e6d5c341b306c10e7632237d1afec1751a9493ff445""}]",DIRECTORY_EXPORT_DISCOVERY_AND_UNIVERSE_BOUNDARY,REVIEW_ROLE_THEN_FETCH_ALL_PAGES_AND_SOURCE_TOTAL;CLASSIFY_COMPANY_SECURITY_MEMBER_LICENSEE_OR_FORM,UNKNOWN,OBSERVED_LINK_REQUIRES_CONTENT_VALIDATION,P2_OTHER_CANDIDATE_REVIEW,B25 pending path and query signals: empresas|empresas,2,www.bancamarch.es
B05:1214,https://www.bcsc.bc.ca/industry/issuer-regulation,www.bcsc.bc.ca,1,"[{""host"": ""www.bcsc.bc.ca"", ""observed_page"": ""https://www.bcsc.bc.ca/"", ""target_url"": ""https://www.bcsc.bc.ca/industry/issuer-regulation"", ""anchor_text"": ""Issuer Regulation"", ""keyword_matches"": ""issuer"", ""evidence"": ""OBSERVED_LINK_NOT_DIRECTORY_CONTENT_VERIFIED"", ""source_body_sha256_observed"": ""15278b16c215563900f0b1dde6c8c8d06dd76400ba95ab095bcd4373eba03aa8""}]",DIRECTORY_EXPORT_DISCOVERY_AND_UNIVERSE_BOUNDARY,REVIEW_ROLE_THEN_FETCH_ALL_PAGES_AND_SOURCE_TOTAL;CLASSIFY_COMPANY_SECURITY_MEMBER_LICENSEE_OR_FORM,UNKNOWN,OBSERVED_LINK_REQUIRES_CONTENT_VALIDATION,P2_OTHER_CANDIDATE_REVIEW,B25 pending path and query signals: issuer,1,www.bcsc.bc.ca
B05:1269,https://www.belizefsc.org.bz/securities-forms/,www.belizefsc.org.bz,1,"[{""host"": ""www.belizefsc.org.bz"", ""observed_page"": ""https://www.belizefsc.org.bz/"", ""target_url"": ""https://www.belizefsc.org.bz/securities-forms/"", ""anchor_text"": ""Securities Forms"", ""keyword_matches"": ""securit"", ""evidence"": ""OBSERVED_LINK_NOT_DIRECTORY_CONTENT_VERIFIED"", ""source_body_sha256_observed"": ""4885fc4fd81ba97aa555daeff1548c9e0d60b6e0c01bab379134a7259a1eeddd""}]",DIRECTORY_EXPORT_DISCOVERY_AND_UNIVERSE_BOUNDARY,REVIEW_ROLE_THEN_FETCH_ALL_PAGES_AND_SOURCE_TOTAL;CLASSIFY_COMPANY_SECURITY_MEMBER_LICENSEE_OR_FORM,UNKNOWN,OBSERVED_LINK_REQUIRES_CONTENT_VALIDATION,P2_OTHER_CANDIDATE_REVIEW,B25 pending path and query signals: securit,1,www.belizefsc.org.bz
B05:1287,https://www.bisxbahamas.com/all-listings/cbl,www.bisxbahamas.com,1,"[{""host"": ""www.bisxbahamas.com"", ""observed_page"": ""https://www.bisxbahamas.com/"", ""target_url"": ""https://www.bisxbahamas.com/all-listings/cbl"", ""anchor_text"": ""CBL 15,980.00 Vol $4.34"", ""keyword_matches"": ""listing"", ""evidence"": ""OBSERVED_LINK_NOT_DIRECTORY_CONTENT_VERIFIED"", ""source_body_sha256_observed"": ""d27b182388104a15416654d577521612a22e33b38b6c04b0bee2791192e5ec57""}]",DIRECTORY_EXPORT_DISCOVERY_AND_UNIVERSE_BOUNDARY,REVIEW_ROLE_THEN_FETCH_ALL_PAGES_AND_SOURCE_TOTAL;CLASSIFY_COMPANY_SECURITY_MEMBER_LICENSEE_OR_FORM,UNKNOWN,OBSERVED_LINK_REQUIRES_CONTENT_VALIDATION,P2_OTHER_CANDIDATE_REVIEW,B25 pending path and query signals: listing,5,www.bisxbahamas.com
B05:1457,https://www.bolsasymercados.es/es/securities-services/bme-clearing/quienes-somos/miembros.html,www.bolsasymercados.es,1,"[{""host"": ""www.bolsasymercados.es"", ""observed_page"": ""https://www.bolsasymercados.es/es/home.html"", ""target_url"": ""https://www.bolsasymercados.es/es/securities-services/bme-clearing/quienes-somos/miembros.html"", ""anchor_text"": ""Cómo hacerse miembro"", ""keyword_matches"": ""securit"", ""evidence"": ""OBSERVED_LINK_NOT_DIRECTORY_CONTENT_VERIFIED"", ""source_body_sha256_observed"": ""3ddedb57bba97b3d4d47bab509fab17ee1076af9b1f5445e2a15ebad98af5185""}]",DIRECTORY_EXPORT_DISCOVERY_AND_UNIVERSE_BOUNDARY,REVIEW_ROLE_THEN_FETCH_ALL_PAGES_AND_SOURCE_TOTAL;CLASSIFY_COMPANY_SECURITY_MEMBER_LICENSEE_OR_FORM,UNKNOWN,OBSERVED_LINK_REQUIRES_CONTENT_VALIDATION,P2_OTHER_CANDIDATE_REVIEW,B25 pending path and query signals: securit,1,www.bolsasymercados.es
B05:2368,https://www.fsra.co.sz/renew-license/,www.fsra.co.sz,1,"[{""host"": ""www.fsra.co.sz"", ""observed_page"": ""https://www.fsra.co.sz/"", ""target_url"": ""https://www.fsra.co.sz/renew-license/"", ""anchor_text"": ""Renew License"", ""keyword_matches"": ""licens"", ""evidence"": ""OBSERVED_LINK_NOT_DIRECTORY_CONTENT_VERIFIED"", ""source_body_sha256_observed"": ""b39762ddb46d0f8d9eae0dc5fe8894ef0e7adffd39b31e94f9fad57699868496""}]",DIRECTORY_EXPORT_DISCOVERY_AND_UNIVERSE_BOUNDARY,REVIEW_ROLE_THEN_FETCH_ALL_PAGES_AND_SOURCE_TOTAL;CLASSIFY_COMPANY_SECURITY_MEMBER_LICENSEE_OR_FORM,UNKNOWN,OBSERVED_LINK_REQUIRES_CONTENT_VALIDATION,P2_OTHER_CANDIDATE_REVIEW,B25 pending path and query signals: licen,1,www.fsra.co.sz
B05:1156,https://www.asx.com.au/content/asx/home/listings/upcoming-floats-and-listings.html,www.asx.com.au,1,"[{""host"": ""www.asx.com.au"", ""observed_page"": ""https://www.asx.com.au/"", ""target_url"": ""https://www.asx.com.au/content/asx/home/listings/upcoming-floats-and-listings.html"", ""anchor_text"": ""Upcoming listings"", ""keyword_matches"": ""listing"", ""evidence"": ""OBSERVED_LINK_NOT_DIRECTORY_CONTENT_VERIFIED"", ""source_body_sha256_observed"": ""73be3e6b46ae61afebffb6dc029f198b84dc10777709f8065a99c9853d72d177""}]",DIRECTORY_EXPORT_DISCOVERY_AND_UNIVERSE_BOUNDARY,REVIEW_ROLE_THEN_FETCH_ALL_PAGES_AND_SOURCE_TOTAL;CLASSIFY_COMPANY_SECURITY_MEMBER_LICENSEE_OR_FORM,UNKNOWN,OBSERVED_LINK_REQUIRES_CONTENT_VALIDATION,P2_OTHER_CANDIDATE_REVIEW,B25 pending path and query signals: listing|listing,6,www.asx.com.au
B05:4642,https://www.tsx.com/en/listings/tsx-and-tsxv-issuer-resources/tsx-issuer-resources/declaring-dividends-or-distributions,www.tsx.com,1,"[{""host"": ""www.tsx.com"", ""observed_page"": ""https://www.tsx.com/"", ""target_url"": ""https://www.tsx.com/en/listings/tsx-and-tsxv-issuer-resources/tsx-issuer-resources/declaring-dividends-or-distributions"", ""anchor_text"": ""Declaring Dividends or Distributions"", ""keyword_matches"": ""issuer|listing"", ""evidence"": ""OBSERVED_LINK_NOT_DIRECTORY_CONTENT_VERIFIED"", ""source_body_sha256_observed"": ""9eb80ac6d855cd23fbcf2b58a31d191b5691c06c035e8cd928ba55f2b3384afc""}]",DIRECTORY_EXPORT_DISCOVERY_AND_UNIVERSE_BOUNDARY,REVIEW_ROLE_THEN_FETCH_ALL_PAGES_AND_SOURCE_TOTAL;CLASSIFY_COMPANY_SECURITY_MEMBER_LICENSEE_OR_FORM,UNKNOWN,OBSERVED_LINK_REQUIRES_CONTENT_VALIDATION,P2_OTHER_CANDIDATE_REVIEW,B25 pending path and query signals: listing|issuer|issuer,7,www.tsx.com
B05:3607,https://www.nasdaqdubai.com/listing/readiness-considerations,www.nasdaqdubai.com,1,"[{""host"": ""www.nasdaqdubai.com"", ""observed_page"": ""https://www.nasdaqdubai.com/"", ""target_url"": ""https://www.nasdaqdubai.com/listing/readiness-considerations"", ""anchor_text"": ""Readiness Considerations"", ""keyword_matches"": ""listing"", ""evidence"": ""OBSERVED_LINK_NOT_DIRECTORY_CONTENT_VERIFIED"", ""source_body_sha256_observed"": ""faa53c138840ca41e2037eb6be5cf86e5e3c02b796faa15b4815797ec6faf070""}]",DIRECTORY_EXPORT_DISCOVERY_AND_UNIVERSE_BOUNDARY,REVIEW_ROLE_THEN_FETCH_ALL_PAGES_AND_SOURCE_TOTAL;CLASSIFY_COMPANY_SECURITY_MEMBER_LICENSEE_OR_FORM,UNKNOWN,OBSERVED_LINK_REQUIRES_CONTENT_VALIDATION,P2_OTHER_CANDIDATE_REVIEW,B25 pending path and query signals: listing,5,www.nasdaqdubai.com
B05:3860,https://www.osc.ca/en/industry/companies/selling-securities-ontario,www.osc.ca,1,"[{""host"": ""www.osc.ca"", ""observed_page"": ""https://www.osc.ca/en"", ""target_url"": ""https://www.osc.ca/en/industry/companies/selling-securities-ontario"", ""anchor_text"": ""Selling securities in Ontario"", ""keyword_matches"": ""companies|securit"", ""evidence"": ""OBSERVED_LINK_NOT_DIRECTORY_CONTENT_VERIFIED"", ""source_body_sha256_observed"": ""1d2d3eeb8cfac4ea84c4a263b0e5cd063914163db30584df431bde24f357bb52""}]",DIRECTORY_EXPORT_DISCOVERY_AND_UNIVERSE_BOUNDARY,REVIEW_ROLE_THEN_FETCH_ALL_PAGES_AND_SOURCE_TOTAL;CLASSIFY_COMPANY_SECURITY_MEMBER_LICENSEE_OR_FORM,UNKNOWN,OBSERVED_LINK_REQUIRES_CONTENT_VALIDATION,P2_OTHER_CANDIDATE_REVIEW,B25 pending path and query signals: compan|securit,2,www.osc.ca
B05:3939,https://www.psx.com.pk/psx/resources-and-tools/brokerage-firms/renewal-of-securities-brokerage-license-from-secp,www.psx.com.pk,1,"[{""host"": ""www.psx.com.pk"", ""observed_page"": ""https://www.psx.com.pk/"", ""target_url"": ""https://www.psx.com.pk/psx/resources-and-tools/brokerage-firms/renewal-of-securities-brokerage-license-from-secp"", ""anchor_text"": ""Renewal of Securities Brokerage License from SECP"", ""keyword_matches"": ""broker|licens|securit"", ""evidence"": ""OBSERVED_LINK_NOT_DIRECTORY_CONTENT_VERIFIED"", ""source_body_sha256_observed"": ""9047bbcbae46b284d0c6e427946bec2fa77c07858eeafa3341a7534da6998fee""}]",DIRECTORY_EXPORT_DISCOVERY_AND_UNIVERSE_BOUNDARY,REVIEW_ROLE_THEN_FETCH_ALL_PAGES_AND_SOURCE_TOTAL;CLASSIFY_COMPANY_SECURITY_MEMBER_LICENSEE_OR_FORM,UNKNOWN,OBSERVED_LINK_REQUIRES_CONTENT_VALIDATION,P2_OTHER_CANDIDATE_REVIEW,B25 pending path and query signals: broker|securit|broker|licen,4,www.psx.com.pk
B05:4793,https://www.wienerborse.at/listing/aktien/notierungsloeschungen/,www.wienerboerse.at|www.wienerborse.at,2,"[{""host"": ""www.wienerborse.at"", ""observed_page"": ""https://www.wienerborse.at/"", ""target_url"": ""https://www.wienerborse.at/listing/aktien/notierungsloeschungen/"", ""anchor_text"": ""Notierungslöschungen"", ""keyword_matches"": ""listing"", ""evidence"": ""OBSERVED_LINK_NOT_DIRECTORY_CONTENT_VERIFIED"", ""source_body_sha256_observed"": ""8265cf9a64976443ceec55857348c29c1e566c8e2b2c1bd0517c9d69792db584""}, {""host"": ""www.wienerboerse.at"", ""observed_page"": ""https://www.wienerborse.at/"", ""target_url"": ""https://www.wienerborse.at/listing/aktien/notierungsloeschungen/"", ""anchor_text"": ""Notierungslöschungen"", ""keyword_matches"": ""listing"", ""evidence"": ""OBSERVED_LINK_NOT_DIRECTORY_CONTENT_VERIFIED"", ""source_body_sha256_observed"": ""6a22e8bd924e623445b32b4544f80a00c0424f5107be1561612a09670611c121""}]",DIRECTORY_EXPORT_DISCOVERY_AND_UNIVERSE_BOUNDARY,REVIEW_ROLE_THEN_FETCH_ALL_PAGES_AND_SOURCE_TOTAL;CLASSIFY_COMPANY_SECURITY_MEMBER_LICENSEE_OR_FORM,UNKNOWN,OBSERVED_LINK_REQUIRES_CONTENT_VALIDATION,P2_OTHER_CANDIDATE_REVIEW,B25 pending path and query signals: listing,5,www.wienerborse.at
B05:1335,https://www.bmv.com.mx/en/issuers/issuers-information,www.bmv.com.mx,1,"[{""host"": ""www.bmv.com.mx"", ""observed_page"": ""https://www.bmv.com.mx/"", ""target_url"": ""https://www.bmv.com.mx/en/issuers/issuers-information"", ""anchor_text"": ""Issuers Information"", ""keyword_matches"": ""issuer"", ""evidence"": ""OBSERVED_LINK_NOT_DIRECTORY_CONTENT_VERIFIED"", ""source_body_sha256_observed"": ""03382cf5cd6132bba774ac72a5d672794c10603969d3795e4560e578e46f62b6""}]",DIRECTORY_EXPORT_DISCOVERY_AND_UNIVERSE_BOUNDARY,REVIEW_ROLE_THEN_FETCH_ALL_PAGES_AND_SOURCE_TOTAL;CLASSIFY_COMPANY_SECURITY_MEMBER_LICENSEE_OR_FORM,UNKNOWN,OBSERVED_LINK_REQUIRES_CONTENT_VALIDATION,P2_OTHER_CANDIDATE_REVIEW,B25 pending path and query signals: issuer|issuer,2,www.bmv.com.mx
B05:2179,https://www.euronext.com/en/listing/esg-for-issuers/my-esg-profile,www.ccg.it|www.euronext.com,2,"[{""host"": ""www.ccg.it"", ""observed_page"": ""https://www.euronext.com/en/clearing"", ""target_url"": ""https://www.euronext.com/en/listing/esg-for-issuers/my-esg-profile"", ""anchor_text"": ""My ESG Profile"", ""keyword_matches"": ""issuer|listing"", ""evidence"": ""OBSERVED_LINK_NOT_DIRECTORY_CONTENT_VERIFIED"", ""source_body_sha256_observed"": ""5d0144f68116c9324cc4b42e8eacbee1d605fdf3c575f97ee106e94255dbba9b""}, {""host"": ""www.euronext.com"", ""observed_page"": ""https://www.euronext.com/en"", ""target_url"": ""https://www.euronext.com/en/listing/esg-for-issuers/my-esg-profile"", ""anchor_text"": ""My ESG Profile"", ""keyword_matches"": ""issuer|listing"", ""evidence"": ""OBSERVED_LINK_NOT_DIRECTORY_CONTENT_VERIFIED"", ""source_body_sha256_observed"": ""c5a4734cb3d415686c0f83f854b2f86445c0353235f86d03843abb35bfc415bb""}]",DIRECTORY_EXPORT_DISCOVERY_AND_UNIVERSE_BOUNDARY,REVIEW_ROLE_THEN_FETCH_ALL_PAGES_AND_SOURCE_TOTAL;CLASSIFY_COMPANY_SECURITY_MEMBER_LICENSEE_OR_FORM,UNKNOWN,OBSERVED_LINK_REQUIRES_CONTENT_VALIDATION,P2_OTHER_CANDIDATE_REVIEW,B25 pending path and query signals: listing|issuer,6,www.euronext.com
B05:81,https://athens.euronext.com/en/market-data/data-services/statistics/member-reports-monthly,www.athexgroup.gr,1,"[{""host"": ""www.athexgroup.gr"", ""observed_page"": ""https://athens.euronext.com/en"", ""target_url"": ""https://athens.euronext.com/en/market-data/data-services/statistics/member-reports-monthly"", ""anchor_text"": ""Members' Reports"", ""keyword_matches"": ""member"", ""evidence"": ""OBSERVED_LINK_NOT_DIRECTORY_CONTENT_VERIFIED"", ""source_body_sha256_observed"": ""edff16b6a63ca60c7820a8bfb960b63bafa37abe7276a1f319be451613c647ce""}]",DIRECTORY_EXPORT_DISCOVERY_AND_UNIVERSE_BOUNDARY,REVIEW_ROLE_THEN_FETCH_ALL_PAGES_AND_SOURCE_TOTAL;CLASSIFY_COMPANY_SECURITY_MEMBER_LICENSEE_OR_FORM,UNKNOWN,OBSERVED_LINK_REQUIRES_CONTENT_VALIDATION,P2_OTHER_CANDIDATE_REVIEW,B25 pending path and query signals: member,1,athens.euronext.com
B05:3749,https://www.nssmc.gov.ua/register/nahliad/perelik-vstanovlenykh-obmezhen-vidnovlen-obihu-tsp/,www.nssmc.gov.ua,1,"[{""host"": ""www.nssmc.gov.ua"", ""observed_page"": ""https://www.nssmc.gov.ua/"", ""target_url"": ""https://www.nssmc.gov.ua/register/nahliad/perelik-vstanovlenykh-obmezhen-vidnovlen-obihu-tsp/"", ""anchor_text"": ""Перелік встановлених Обмежень/Відновлень обігу ЦП"", ""keyword_matches"": ""register"", ""evidence"": ""OBSERVED_LINK_NOT_DIRECTORY_CONTENT_VERIFIED"", ""source_body_sha256_observed"": ""49b960a81c5263d0abd8af18300f53a94489c85a3734af41e2def2de517bea3d""}]",DIRECTORY_EXPORT_DISCOVERY_AND_UNIVERSE_BOUNDARY,REVIEW_ROLE_THEN_FETCH_ALL_PAGES_AND_SOURCE_TOTAL;CLASSIFY_COMPANY_SECURITY_MEMBER_LICENSEE_OR_FORM,UNKNOWN,OBSERVED_LINK_REQUIRES_CONTENT_VALIDATION,P2_OTHER_CANDIDATE_REVIEW,B25 pending path and query signals: register,5,www.nssmc.gov.ua
B05:618,https://live.euronext.com/en/markets/dublin/equities/list,www.ise.ie,1,"[{""host"": ""www.ise.ie"", ""observed_page"": ""https://live.euronext.com/en/markets/dublin"", ""target_url"": ""https://live.euronext.com/en/markets/dublin/equities/list"", ""anchor_text"": ""Stocks"", ""keyword_matches"": ""equities"", ""evidence"": ""OBSERVED_LINK_NOT_DIRECTORY_CONTENT_VERIFIED"", ""source_body_sha256_observed"": ""176f16b54e1928d0b7f21426bb8690e9dd49d233d90c6cfaec7b86ee19fd2056""}]",DIRECTORY_EXPORT_DISCOVERY_AND_UNIVERSE_BOUNDARY,REVIEW_ROLE_THEN_FETCH_ALL_PAGES_AND_SOURCE_TOTAL;CLASSIFY_COMPANY_SECURITY_MEMBER_LICENSEE_OR_FORM,UNKNOWN,OBSERVED_LINK_REQUIRES_CONTENT_VALIDATION,P2_OTHER_CANDIDATE_REVIEW,B25 pending path and query signals: equit,1,live.euronext.com
B05:4077,https://www.sebon.gov.np/notices/invitation-for-bids-security-guard-service,www.sebon.gov.np,1,"[{""host"": ""www.sebon.gov.np"", ""observed_page"": ""https://www.sebon.gov.np/"", ""target_url"": ""https://www.sebon.gov.np/notices/invitation-for-bids-security-guard-service"", ""anchor_text"": ""Invitation for Bids : Security Guard ServiceNEW"", ""keyword_matches"": ""securit"", ""evidence"": ""OBSERVED_LINK_NOT_DIRECTORY_CONTENT_VERIFIED"", ""source_body_sha256_observed"": ""e8b327c3dee78237f826acdabe79b4b15ccdc212d3b450e18c4e952928af36ca""}]",DIRECTORY_EXPORT_DISCOVERY_AND_UNIVERSE_BOUNDARY,REVIEW_ROLE_THEN_FETCH_ALL_PAGES_AND_SOURCE_TOTAL;CLASSIFY_COMPANY_SECURITY_MEMBER_LICENSEE_OR_FORM,UNKNOWN,OBSERVED_LINK_REQUIRES_CONTENT_VALIDATION,P2_OTHER_CANDIDATE_REVIEW,B25 pending path and query signals: securit,1,www.sebon.gov.np
B05:4761,https://www.vorvel.eu/en/etf/partecipants-vorvel-equities,www.vorvel.eu,1,"[{""host"": ""www.vorvel.eu"", ""observed_page"": ""https://www.vorvel.eu/en"", ""target_url"": ""https://www.vorvel.eu/en/etf/partecipants-vorvel-equities"", ""anchor_text"": ""Partecipant"", ""keyword_matches"": ""equities"", ""evidence"": ""OBSERVED_LINK_NOT_DIRECTORY_CONTENT_VERIFIED"", ""source_body_sha256_observed"": ""f817ae7701ec5f558db75cc6f7e4df7305fdd71db82e772bb191da411211d494""}]",DIRECTORY_EXPORT_DISCOVERY_AND_UNIVERSE_BOUNDARY,REVIEW_ROLE_THEN_FETCH_ALL_PAGES_AND_SOURCE_TOTAL;CLASSIFY_COMPANY_SECURITY_MEMBER_LICENSEE_OR_FORM,UNKNOWN,OBSERVED_LINK_REQUIRES_CONTENT_VALIDATION,P2_OTHER_CANDIDATE_REVIEW,B25 pending path and query signals: equit,1,www.vorvel.eu
B05:1963,https://www.dfsa.ae/what-we-do/dfsa-listing-authority/disclosure-database,www.dfsa.ae,1,"[{""host"": ""www.dfsa.ae"", ""observed_page"": ""https://www.dfsa.ae/"", ""target_url"": ""https://www.dfsa.ae/what-we-do/dfsa-listing-authority/disclosure-database"", ""anchor_text"": ""Disclosure Database"", ""keyword_matches"": ""listing"", ""evidence"": ""OBSERVED_LINK_NOT_DIRECTORY_CONTENT_VERIFIED"", ""source_body_sha256_observed"": ""ebc8c9ac1271aa4e3dce4c44eca94eae767571835c9ef0fdfe8eeeecc837cb2b""}]",DIRECTORY_EXPORT_DISCOVERY_AND_UNIVERSE_BOUNDARY,REVIEW_ROLE_THEN_FETCH_ALL_PAGES_AND_SOURCE_TOTAL;CLASSIFY_COMPANY_SECURITY_MEMBER_LICENSEE_OR_FORM,UNKNOWN,OBSERVED_LINK_REQUIRES_CONTENT_VALIDATION,P2_OTHER_CANDIDATE_REVIEW,B25 pending path and query signals: listing,5,www.dfsa.ae
B05:3497,https://www.miaxglobal.com/company/about/global-exchange-group,www.miaxglobal.com|www.miaxoptions.com,2,"[{""host"": ""www.miaxglobal.com"", ""observed_page"": ""https://www.miaxglobal.com/"", ""target_url"": ""https://www.miaxglobal.com/company/about/global-exchange-group"", ""anchor_text"": ""Global Exchange Group"", ""keyword_matches"": ""company"", ""evidence"": ""OBSERVED_LINK_NOT_DIRECTORY_CONTENT_VERIFIED"", ""source_body_sha256_observed"": ""a648f87a4c4291b6adf61cfa3d50d111c3ac04d283fbc30f5b12f0ebb753fb7c""}, {""host"": ""www.miaxoptions.com"", ""observed_page"": ""https://www.miaxglobal.com/"", ""target_url"": ""https://www.miaxglobal.com/company/about/global-exchange-group"", ""anchor_text"": ""Global Exchange Group"", ""keyword_matches"": ""company"", ""evidence"": ""OBSERVED_LINK_NOT_DIRECTORY_CONTENT_VERIFIED"", ""source_body_sha256_observed"": ""a648f87a4c4291b6adf61cfa3d50d111c3ac04d283fbc30f5b12f0ebb753fb7c""}]",DIRECTORY_EXPORT_DISCOVERY_AND_UNIVERSE_BOUNDARY,REVIEW_ROLE_THEN_FETCH_ALL_PAGES_AND_SOURCE_TOTAL;CLASSIFY_COMPANY_SECURITY_MEMBER_LICENSEE_OR_FORM,UNKNOWN,OBSERVED_LINK_REQUIRES_CONTENT_VALIDATION,P2_OTHER_CANDIDATE_REVIEW,B25 pending path and query signals: compan,1,www.miaxglobal.com
B05:1520,https://www.bsx.com/corporate-and-securitised-debt,www.bsx.com,1,"[{""host"": ""www.bsx.com"", ""observed_page"": ""https://www.bsx.com/"", ""target_url"": ""https://www.bsx.com/corporate-and-securitised-debt"", ""anchor_text"": ""Corporate & Securitised Debt"", ""keyword_matches"": ""securit"", ""evidence"": ""OBSERVED_LINK_NOT_DIRECTORY_CONTENT_VERIFIED"", ""source_body_sha256_observed"": ""a0c12f6f568ca36e7a14ea13460567da144382124468b75000194e875cfaae8d""}]",DIRECTORY_EXPORT_DISCOVERY_AND_UNIVERSE_BOUNDARY,REVIEW_ROLE_THEN_FETCH_ALL_PAGES_AND_SOURCE_TOTAL;CLASSIFY_COMPANY_SECURITY_MEMBER_LICENSEE_OR_FORM,UNKNOWN,OBSERVED_LINK_REQUIRES_CONTENT_VALIDATION,P2_OTHER_CANDIDATE_REVIEW,B25 pending path and query signals: securit,1,www.bsx.com
B05:2080,https://www.efama.org/newsroom/news/efrag-general-assembly-approves-efama-s-membership,www.efama.org,1,"[{""host"": ""www.efama.org"", ""observed_page"": ""https://www.efama.org/"", ""target_url"": ""https://www.efama.org/newsroom/news/efrag-general-assembly-approves-efama-s-membership"", ""anchor_text"": """", ""keyword_matches"": ""member"", ""evidence"": ""OBSERVED_LINK_NOT_DIRECTORY_CONTENT_VERIFIED"", ""source_body_sha256_observed"": ""3e0816edcb0b096b36e945500b69065e9f50278fbb31f8721c7c56fb4be5c973""}]",DIRECTORY_EXPORT_DISCOVERY_AND_UNIVERSE_BOUNDARY,REVIEW_ROLE_THEN_FETCH_ALL_PAGES_AND_SOURCE_TOTAL;CLASSIFY_COMPANY_SECURITY_MEMBER_LICENSEE_OR_FORM,UNKNOWN,OBSERVED_LINK_REQUIRES_CONTENT_VALIDATION,P2_OTHER_CANDIDATE_REVIEW,B25 pending path and query signals: member,-7,www.efama.org
B05:1499,https://www.bse-sofia.bg/en/mtf-international-company,www.bse-sofia.bg,1,"[{""host"": ""www.bse-sofia.bg"", ""observed_page"": ""https://www.bse-sofia.bg/en/"", ""target_url"": ""https://www.bse-sofia.bg/en/mtf-international-company"", ""anchor_text"": ""Listed Instruments"", ""keyword_matches"": ""company|listed"", ""evidence"": ""OBSERVED_LINK_NOT_DIRECTORY_CONTENT_VERIFIED"", ""source_body_sha256_observed"": ""1a12edf7d53949825abd70bdebaa72e78aac931b7a967c3b4585bd8c2b1bc566""}]",DIRECTORY_EXPORT_DISCOVERY_AND_UNIVERSE_BOUNDARY,REVIEW_ROLE_THEN_FETCH_ALL_PAGES_AND_SOURCE_TOTAL;CLASSIFY_COMPANY_SECURITY_MEMBER_LICENSEE_OR_FORM,UNKNOWN,OBSERVED_LINK_REQUIRES_CONTENT_VALIDATION,P2_OTHER_CANDIDATE_REVIEW,B25 pending path and query signals: compan,1,www.bse-sofia.bg
B05:1534,https://www.bvb.ro/ForCompanies/AeroMarket/IssuingShares,www.bvb.ro,1,"[{""host"": ""www.bvb.ro"", ""observed_page"": ""https://www.bvb.ro/"", ""target_url"": ""https://www.bvb.ro/ForCompanies/AeroMarket/IssuingShares"", ""anchor_text"": ""Piata AeRO"", ""keyword_matches"": ""companies"", ""evidence"": ""OBSERVED_LINK_NOT_DIRECTORY_CONTENT_VERIFIED"", ""source_body_sha256_observed"": ""1f93ceb2fb33234e52c40eb22feb4712b8485864c6c6cb240189ee8d74f008f8""}]",DIRECTORY_EXPORT_DISCOVERY_AND_UNIVERSE_BOUNDARY,REVIEW_ROLE_THEN_FETCH_ALL_PAGES_AND_SOURCE_TOTAL;CLASSIFY_COMPANY_SECURITY_MEMBER_LICENSEE_OR_FORM,UNKNOWN,OBSERVED_LINK_REQUIRES_CONTENT_VALIDATION,P2_OTHER_CANDIDATE_REVIEW,B25 pending path and query signals: Compan,1,www.bvb.ro
B05:1656,https://www.cboe.com/solutions/listings/ca/,fx.cboe.com|markets.cboe.com|www.bats.com|www.bidstrading.com|www.cboe.co.jp|www.cboe.com|www.cboedigital.com,7,"[{""host"": ""fx.cboe.com"", ""observed_page"": ""https://www.cboe.com/markets/fx"", ""target_url"": ""https://www.cboe.com/solutions/listings/ca/"", ""anchor_text"": ""Canada Listings"", ""keyword_matches"": ""listing"", ""evidence"": ""OBSERVED_LINK_NOT_DIRECTORY_CONTENT_VERIFIED"", ""source_body_sha256_observed"": ""c5f5894fa5cd08820a475e0e579fef158bd946e0460eb3c5dc25ed7dad616fdd""}, {""host"": ""markets.cboe.com"", ""observed_page"": ""https://www.cboe.com/"", ""target_url"": ""https://www.cboe.com/solutions/listings/ca/"", ""anchor_text"": ""Canada Listings"", ""keyword_matches"": ""listing"", ""evidence"": ""OBSERVED_LINK_NOT_DIRECTORY_CONTENT_VERIFIED"", ""source_body_sha256_observed"": ""27deea74fed1babb8be3481049574c953752db49039701280d94aa3fce603747""}, {""host"": ""www.bats.com"", ""observed_page"": ""https://www.cboe.com/"", ""target_url"": ""https://www.cboe.com/solutions/listings/ca/"", ""anchor_text"": ""Canada Listings"", ""keyword_matches"": ""listing"", ""evidence"": ""OBSERVED_LINK_NOT_DIRECTORY_CONTENT_VERIFIED"", ""source_body_sha256_observed"": ""27deea74fed1babb8be3481049574c953752db49039701280d94aa3fce603747""}, {""host"": ""www.bidstrading.com"", ""observed_page"": ""https://www.cboe.com/markets/bidstrading"", ""target_url"": ""https://www.cboe.com/solutions/listings/ca/"", ""anchor_text"": ""Canada Listings"", ""keyword_matches"": ""listing"", ""evidence"": ""OBSERVED_LINK_NOT_DIRECTORY_CONTENT_VERIFIED"", ""source_body_sha256_observed"": ""4d3883ca06c0329bd43af1e4b1f734b290fa16f48571a7d1c821b2e3c966c356""}, {""host"": ""www.cboe.com"", ""observed_page"": ""https://www.cboe.com/"", ""target_url"": ""https://www.cboe.com/solutions/listings/ca/"", ""anchor_text"": ""Canada Listings"", ""keyword_matches"": ""listing"", ""evidence"": ""OBSERVED_LINK_NOT_DIRECTORY_CONTENT_VERIFIED"", ""source_body_sha256_observed"": ""27deea74fed1babb8be3481049574c953752db49039701280d94aa3fce603747""}, {""host"": ""www.cboe.co.jp"", ""observed_page"": ""https://www.cboe.com/"", ""target_url"": ""https://www.cboe.com/solutions/listings/ca/"", ""anchor_text"": ""Canada Listings"", ""keyword_matches"": ""listing"", ""evidence"": ""OBSERVED_LINK_NOT_DIRECTORY_CONTENT_VERIFIED"", ""source_body_sha256_observed"": ""27deea74fed1babb8be3481049574c953752db49039701280d94aa3fce603747""}, {""host"": ""www.cboedigital.com"", ""observed_page"": ""https://www.cboe.com/solutions/clearing/us"", ""target_url"": ""https://www.cboe.com/solutions/listings/ca/"", ""anchor_text"": ""Canada Listings"", ""keyword_matches"": ""listing"", ""evidence"": ""OBSERVED_LINK_NOT_DIRECTORY_CONTENT_VERIFIED"", ""source_body_sha256_observed"": ""e95766274a5ef883245c8a2ed47d59e0145d80de417dc3916828f2e7007347f9""}]",DIRECTORY_EXPORT_DISCOVERY_AND_UNIVERSE_BOUNDARY,REVIEW_ROLE_THEN_FETCH_ALL_PAGES_AND_SOURCE_TOTAL;CLASSIFY_COMPANY_SECURITY_MEMBER_LICENSEE_OR_FORM,UNKNOWN,OBSERVED_LINK_REQUIRES_CONTENT_VALIDATION,P2_OTHER_CANDIDATE_REVIEW,B25 pending path and query signals: listing,5,www.cboe.com
B05:1729,https://www.cds.ca/participants/resources/participant-list,www.cds.ca,4,"[{""host"": ""www.cds.ca"", ""observed_page"": ""https://www.cds.ca/"", ""target_url"": ""https://www.cds.ca/participants/resources/participant-list"", ""anchor_text"": ""Participant List"", ""evidence"": ""OBSERVED_LINK_NOT_DIRECTORY_CONTENT_VERIFIED"", ""source_body_sha256_observed"": ""977bc383cfdbba702140277c4587bc2815d8b1465c327e2862b6e9511a65c802""}, {""host"": ""www.cds.ca"", ""observed_page"": ""https://www.cds.ca/"", ""target_url"": ""https://www.cds.ca/participants/resources/participant-list"", ""anchor_text"": ""Participant List"", ""evidence"": ""OBSERVED_LINK_NOT_DIRECTORY_CONTENT_VERIFIED"", ""source_body_sha256_observed"": ""977bc383cfdbba702140277c4587bc2815d8b1465c327e2862b6e9511a65c802""}, {""host"": ""www.cds.ca"", ""observed_page"": ""https://www.cds.ca/"", ""target_url"": ""https://www.cds.ca/participants/resources/participant-list"", ""anchor_text"": ""Participant List"", ""evidence"": ""OBSERVED_LINK_NOT_DIRECTORY_CONTENT_VERIFIED"", ""source_body_sha256_observed"": ""977bc383cfdbba702140277c4587bc2815d8b1465c327e2862b6e9511a65c802""}, {""host"": ""www.cds.ca"", ""observed_page"": ""https://www.cds.ca/"", ""target_url"": ""https://www.cds.ca/participants/resources/participant-list"", ""anchor_text"": ""Participant List"", ""evidence"": ""OBSERVED_LINK_NOT_DIRECTORY_CONTENT_VERIFIED"", ""source_body_sha256_observed"": ""977bc383cfdbba702140277c4587bc2815d8b1465c327e2862b6e9511a65c802""}]",DIRECTORY_EXPORT_DISCOVERY_AND_UNIVERSE_BOUNDARY,REVIEW_ROLE_THEN_FETCH_ALL_PAGES_AND_SOURCE_TOTAL;CLASSIFY_COMPANY_SECURITY_MEMBER_LICENSEE_OR_FORM,UNKNOWN,OBSERVED_LINK_REQUIRES_CONTENT_VALIDATION,P2_OTHER_CANDIDATE_REVIEW,B25 pending path and query signals: participant|participant,2,www.cds.ca
B05:1753,https://www.centralbank.ie/financial-system/payments-and-securities-settlements/oversight,www.centralbank.ie,1,"[{""host"": ""www.centralbank.ie"", ""observed_page"": ""https://www.centralbank.ie/"", ""target_url"": ""https://www.centralbank.ie/financial-system/payments-and-securities-settlements/oversight"", ""anchor_text"": ""Oversight"", ""keyword_matches"": ""securit"", ""evidence"": ""OBSERVED_LINK_NOT_DIRECTORY_CONTENT_VERIFIED"", ""source_body_sha256_observed"": ""847f664dd5ede073be0204b4beb53f05ea2d5065e20b01ebacf716351fc3c4a0""}]",DIRECTORY_EXPORT_DISCOVERY_AND_UNIVERSE_BOUNDARY,REVIEW_ROLE_THEN_FETCH_ALL_PAGES_AND_SOURCE_TOTAL;CLASSIFY_COMPANY_SECURITY_MEMBER_LICENSEE_OR_FORM,UNKNOWN,OBSERVED_LINK_REQUIRES_CONTENT_VALIDATION,P2_OTHER_CANDIDATE_REVIEW,B25 pending path and query signals: securit,1,www.centralbank.ie
B05:1795,https://www.cima.ky/securities-statistics,www.cima.ky,1,"[{""host"": ""www.cima.ky"", ""observed_page"": ""https://www.cima.ky/"", ""target_url"": ""https://www.cima.ky/securities-statistics"", ""anchor_text"": ""Statistics"", ""keyword_matches"": ""securit"", ""evidence"": ""OBSERVED_LINK_NOT_DIRECTORY_CONTENT_VERIFIED"", ""source_body_sha256_observed"": ""0e5b0ebe5b62bcf10f5bd71b233d19243cca196da8a5f87aa1824e286b249302""}]",DIRECTORY_EXPORT_DISCOVERY_AND_UNIVERSE_BOUNDARY,REVIEW_ROLE_THEN_FETCH_ALL_PAGES_AND_SOURCE_TOTAL;CLASSIFY_COMPANY_SECURITY_MEMBER_LICENSEE_OR_FORM,UNKNOWN,OBSERVED_LINK_REQUIRES_CONTENT_VALIDATION,P2_OTHER_CANDIDATE_REVIEW,B25 pending path and query signals: securit,1,www.cima.ky
B05:1892,https://www.csx.ky/listing/corporate-debt.asp,www.csx.ky,1,"[{""host"": ""www.csx.ky"", ""observed_page"": ""https://www.csx.ky/"", ""target_url"": ""https://www.csx.ky/listing/corporate-debt.asp"", ""anchor_text"": ""Corporate Debt"", ""keyword_matches"": ""listing"", ""evidence"": ""OBSERVED_LINK_NOT_DIRECTORY_CONTENT_VERIFIED"", ""source_body_sha256_observed"": ""f9e7d4175dcf859a93f3837467edc8edac9746f1193cd8a26aeb75111e881f65""}]",DIRECTORY_EXPORT_DISCOVERY_AND_UNIVERSE_BOUNDARY,REVIEW_ROLE_THEN_FETCH_ALL_PAGES_AND_SOURCE_TOTAL;CLASSIFY_COMPANY_SECURITY_MEMBER_LICENSEE_OR_FORM,UNKNOWN,OBSERVED_LINK_REQUIRES_CONTENT_VALIDATION,P2_OTHER_CANDIDATE_REVIEW,B25 pending path and query signals: listing,5,www.csx.ky
B05:1941,https://www.dfm.ae/raise-capital/ipo-listings/family-businesses,www.dfm.ae,1,"[{""host"": ""www.dfm.ae"", ""observed_page"": ""https://www.dfm.ae/"", ""target_url"": ""https://www.dfm.ae/raise-capital/ipo-listings/family-businesses"", ""anchor_text"": ""Family Businesses"", ""keyword_matches"": ""listing"", ""evidence"": ""OBSERVED_LINK_NOT_DIRECTORY_CONTENT_VERIFIED"", ""source_body_sha256_observed"": ""74edc96871343144ab72fd68a6b4146f21bc7a3a326fb90a8e0a07732f2aa77e""}]",DIRECTORY_EXPORT_DISCOVERY_AND_UNIVERSE_BOUNDARY,REVIEW_ROLE_THEN_FETCH_ALL_PAGES_AND_SOURCE_TOTAL;CLASSIFY_COMPANY_SECURITY_MEMBER_LICENSEE_OR_FORM,UNKNOWN,OBSERVED_LINK_REQUIRES_CONTENT_VALIDATION,P2_OTHER_CANDIDATE_REVIEW,B25 pending path and query signals: listing,5,www.dfm.ae
B05:2008,https://www.ecc.de/en/membership/non-clearing-members,www.ecc.de,1,"[{""host"": ""www.ecc.de"", ""observed_page"": ""https://www.ecc.de/en/"", ""target_url"": ""https://www.ecc.de/en/membership/non-clearing-members"", ""anchor_text"": ""Non-Clearing Members"", ""keyword_matches"": ""member"", ""evidence"": ""OBSERVED_LINK_NOT_DIRECTORY_CONTENT_VERIFIED"", ""source_body_sha256_observed"": ""f1f874ca63bca77f38946f0119f2c10aaea74772ba03471300f60726c346f6c0""}]",DIRECTORY_EXPORT_DISCOVERY_AND_UNIVERSE_BOUNDARY,REVIEW_ROLE_THEN_FETCH_ALL_PAGES_AND_SOURCE_TOTAL;CLASSIFY_COMPANY_SECURITY_MEMBER_LICENSEE_OR_FORM,UNKNOWN,OBSERVED_LINK_REQUIRES_CONTENT_VALIDATION,P2_OTHER_CANDIDATE_REVIEW,B25 pending path and query signals: member|member,2,www.ecc.de
B05:2037,https://www.ecseonline.com/wp-content/uploads/2026/09/Media-Press-Release-New-Broker-Dealers_Internal-Circulation-1.pdf,www.ecseonline.com,1,"[{""host"": ""www.ecseonline.com"", ""observed_page"": ""https://www.ecseonline.com/"", ""target_url"": ""https://www.ecseonline.com/wp-content/uploads/2026/09/Media-Press-Release-New-Broker-Dealers_Internal-Circulation-1.pdf"", ""anchor_text"": ""11 September 2026"", ""keyword_matches"": ""broker"", ""evidence"": ""OBSERVED_LINK_NOT_DIRECTORY_CONTENT_VERIFIED"", ""source_body_sha256_observed"": ""f2f72361fd97727d0b91658d0b076431b42cd8abb0d697678c875e9abc15b2b8""}]",DIRECTORY_EXPORT_DISCOVERY_AND_UNIVERSE_BOUNDARY,REVIEW_ROLE_THEN_FETCH_ALL_PAGES_AND_SOURCE_TOTAL;CLASSIFY_COMPANY_SECURITY_MEMBER_LICENSEE_OR_FORM,UNKNOWN,OBSERVED_LINK_REQUIRES_CONTENT_VALIDATION,P2_OTHER_CANDIDATE_REVIEW,B25 pending path and query signals: Broker,1,www.ecseonline.com
B05:2103,https://www.ese.co.sz/members/gds/,www.ese.co.sz,1,"[{""host"": ""www.ese.co.sz"", ""observed_page"": ""https://www.ese.co.sz/"", ""target_url"": ""https://www.ese.co.sz/members/gds/"", ""anchor_text"": ""Government Debt Sponsor"", ""evidence"": ""OBSERVED_LINK_NOT_DIRECTORY_CONTENT_VERIFIED"", ""source_body_sha256_observed"": ""00af8618323b12122c00fac7191184eb009c9281e10af0266b5b9fd62cb5f590""}]",DIRECTORY_EXPORT_DISCOVERY_AND_UNIVERSE_BOUNDARY,REVIEW_ROLE_THEN_FETCH_ALL_PAGES_AND_SOURCE_TOTAL;CLASSIFY_COMPANY_SECURITY_MEMBER_LICENSEE_OR_FORM,UNKNOWN,OBSERVED_LINK_REQUIRES_CONTENT_VALIDATION,P2_OTHER_CANDIDATE_REVIEW,B25 pending path and query signals: member,1,www.ese.co.sz
B05:2117,https://www.esma.europa.eu/esmas-activities/markets-and-infrastructure/central-securities-depositories,www.esma.europa.eu,1,"[{""host"": ""www.esma.europa.eu"", ""observed_page"": ""https://www.esma.europa.eu/"", ""target_url"": ""https://www.esma.europa.eu/esmas-activities/markets-and-infrastructure/central-securities-depositories"", ""anchor_text"": ""Central Securities Depositories"", ""keyword_matches"": ""securit"", ""evidence"": ""OBSERVED_LINK_NOT_DIRECTORY_CONTENT_VERIFIED"", ""source_body_sha256_observed"": ""0160ecba2977455ea76b8c62e8aca767863f0962065bcd2279d8b8ab19e73dd2""}]",DIRECTORY_EXPORT_DISCOVERY_AND_UNIVERSE_BOUNDARY,REVIEW_ROLE_THEN_FETCH_ALL_PAGES_AND_SOURCE_TOTAL;CLASSIFY_COMPANY_SECURITY_MEMBER_LICENSEE_OR_FORM,UNKNOWN,OBSERVED_LINK_REQUIRES_CONTENT_VALIDATION,P2_OTHER_CANDIDATE_REVIEW,B25 pending path and query signals: securit,1,www.esma.europa.eu
B05:2130,https://www.eurex.com/ec-en/join/admission-requirements/isa-direct-member,www.eurexclearing.com,1,"[{""host"": ""www.eurexclearing.com"", ""observed_page"": ""https://www.eurex.com/ec-en/"", ""target_url"": ""https://www.eurex.com/ec-en/join/admission-requirements/isa-direct-member"", ""anchor_text"": ""ISA Direct Member"", ""keyword_matches"": ""member"", ""evidence"": ""OBSERVED_LINK_NOT_DIRECTORY_CONTENT_VERIFIED"", ""source_body_sha256_observed"": ""32afa44652f6aee966081751b4b4571a42e06501f0d6175fa0807b9480fd8228""}]",DIRECTORY_EXPORT_DISCOVERY_AND_UNIVERSE_BOUNDARY,REVIEW_ROLE_THEN_FETCH_ALL_PAGES_AND_SOURCE_TOTAL;CLASSIFY_COMPANY_SECURITY_MEMBER_LICENSEE_OR_FORM,UNKNOWN,OBSERVED_LINK_REQUIRES_CONTENT_VALIDATION,P2_OTHER_CANDIDATE_REVIEW,B25 pending path and query signals: member,1,www.eurex.com
B05:2312,https://www.fma-li.li/de/finanzdienstleister/bereich-versicherungen-vorsorgeeinrichtungen/versicherungsvermittler/register,www.fma-li.li,1,"[{""host"": ""www.fma-li.li"", ""observed_page"": ""https://www.fma-li.li/de"", ""target_url"": ""https://www.fma-li.li/de/finanzdienstleister/bereich-versicherungen-vorsorgeeinrichtungen/versicherungsvermittler/register"", ""anchor_text"": ""Register"", ""keyword_matches"": ""register"", ""evidence"": ""OBSERVED_LINK_NOT_DIRECTORY_CONTENT_VERIFIED"", ""source_body_sha256_observed"": ""cfcd26274873b35d246996c5ff74a51336922a2bacefdf21d15850c14e8af933""}]",DIRECTORY_EXPORT_DISCOVERY_AND_UNIVERSE_BOUNDARY,REVIEW_ROLE_THEN_FETCH_ALL_PAGES_AND_SOURCE_TOTAL;CLASSIFY_COMPANY_SECURITY_MEMBER_LICENSEE_OR_FORM,UNKNOWN,OBSERVED_LINK_REQUIRES_CONTENT_VALIDATION,P2_OTHER_CANDIDATE_REVIEW,B25 pending path and query signals: register,5,www.fma-li.li
B05:2420,https://www.gleif.org/en/organizational-identity/become-an-lei-issuer,www.gleif.org,1,"[{""host"": ""www.gleif.org"", ""observed_page"": ""https://www.gleif.org/en"", ""target_url"": ""https://www.gleif.org/en/organizational-identity/become-an-lei-issuer"", ""anchor_text"": ""Become an LEI Issuer"", ""keyword_matches"": ""issuer"", ""evidence"": ""OBSERVED_LINK_NOT_DIRECTORY_CONTENT_VERIFIED"", ""source_body_sha256_observed"": ""a9144877987c606ceb745bfdc640b323620631f413057bfee91c368e3771169c""}]",DIRECTORY_EXPORT_DISCOVERY_AND_UNIVERSE_BOUNDARY,REVIEW_ROLE_THEN_FETCH_ALL_PAGES_AND_SOURCE_TOTAL;CLASSIFY_COMPANY_SECURITY_MEMBER_LICENSEE_OR_FORM,UNKNOWN,OBSERVED_LINK_REQUIRES_CONTENT_VALIDATION,P2_OTHER_CANDIDATE_REVIEW,B25 pending path and query signals: issuer,1,www.gleif.org
B05:2476,https://www.hkex.com.hk/Listing/Explore-By-Role/Directors?sc_lang=en,www.hkex.com.hk,1,"[{""host"": ""www.hkex.com.hk"", ""observed_page"": ""https://www.hkex.com.hk/?sc_lang=en"", ""target_url"": ""https://www.hkex.com.hk/Listing/Explore-By-Role/Directors?sc_lang=en"", ""anchor_text"": ""Directors"", ""keyword_matches"": ""listing"", ""evidence"": ""OBSERVED_LINK_NOT_DIRECTORY_CONTENT_VERIFIED"", ""source_body_sha256_observed"": ""d177c4fd7167dfe7fd2670099ed0f3fd192343a218eee2df624ef9f54e6ea035""}]",DIRECTORY_EXPORT_DISCOVERY_AND_UNIVERSE_BOUNDARY,REVIEW_ROLE_THEN_FETCH_ALL_PAGES_AND_SOURCE_TOTAL;CLASSIFY_COMPANY_SECURITY_MEMBER_LICENSEE_OR_FORM,UNKNOWN,OBSERVED_LINK_REQUIRES_CONTENT_VALIDATION,P2_OTHER_CANDIDATE_REVIEW,B25 pending path and query signals: Listing,5,www.hkex.com.hk
B05:2555,https://www.icexindia.com/membership/backoffice-vendor-list,www.icexindia.com,1,"[{""host"": ""www.icexindia.com"", ""observed_page"": ""https://www.icexindia.com/"", ""target_url"": ""https://www.icexindia.com/membership/backoffice-vendor-list"", ""anchor_text"": ""Backoffice Vendor List"", ""keyword_matches"": ""member"", ""evidence"": ""OBSERVED_LINK_NOT_DIRECTORY_CONTENT_VERIFIED"", ""source_body_sha256_observed"": ""a470eb02198bafd65210d59d1749f54103c0129b00db7f872dab816768ba3bce""}]",DIRECTORY_EXPORT_DISCOVERY_AND_UNIVERSE_BOUNDARY,REVIEW_ROLE_THEN_FETCH_ALL_PAGES_AND_SOURCE_TOTAL;CLASSIFY_COMPANY_SECURITY_MEMBER_LICENSEE_OR_FORM,UNKNOWN,OBSERVED_LINK_REQUIRES_CONTENT_VALIDATION,P2_OTHER_CANDIDATE_REVIEW,B25 pending path and query signals: member,1,www.icexindia.com
B05:2578,https://www.icmagroup.org/market-practice-and-regulatory-policy/primary-markets/primary-market-committees/public-sector-issuer-forum/,www.icmagroup.org,1,"[{""host"": ""www.icmagroup.org"", ""observed_page"": ""https://www.icmagroup.org/"", ""target_url"": ""https://www.icmagroup.org/market-practice-and-regulatory-policy/primary-markets/primary-market-committees/public-sector-issuer-forum/"", ""anchor_text"": ""Public Sector Issuer Forum"", ""keyword_matches"": ""issuer"", ""evidence"": ""OBSERVED_LINK_NOT_DIRECTORY_CONTENT_VERIFIED"", ""source_body_sha256_observed"": ""62d1010431e700d902235f3fd1509e5a69e00735aafecdd86683149a6d75fce7""}]",DIRECTORY_EXPORT_DISCOVERY_AND_UNIVERSE_BOUNDARY,REVIEW_ROLE_THEN_FETCH_ALL_PAGES_AND_SOURCE_TOTAL;CLASSIFY_COMPANY_SECURITY_MEMBER_LICENSEE_OR_FORM,UNKNOWN,OBSERVED_LINK_REQUIRES_CONTENT_VALIDATION,P2_OTHER_CANDIDATE_REVIEW,B25 pending path and query signals: issuer,1,www.icmagroup.org
B05:2624,https://www.indiainx.com/static/Membership_Forms_for_Banks.aspx,www.indiainx.com,1,"[{""host"": ""www.indiainx.com"", ""observed_page"": ""https://www.indiainx.com/"", ""target_url"": ""https://www.indiainx.com/static/Membership_Forms_for_Banks.aspx"", ""anchor_text"": ""Membership Forms for Banks"", ""keyword_matches"": ""member"", ""evidence"": ""OBSERVED_LINK_NOT_DIRECTORY_CONTENT_VERIFIED"", ""source_body_sha256_observed"": ""40615047869310e48e94e7dc96c8868deec650d8d2213c416e0534e5c63f7934""}]",DIRECTORY_EXPORT_DISCOVERY_AND_UNIVERSE_BOUNDARY,REVIEW_ROLE_THEN_FETCH_ALL_PAGES_AND_SOURCE_TOTAL;CLASSIFY_COMPANY_SECURITY_MEMBER_LICENSEE_OR_FORM,UNKNOWN,OBSERVED_LINK_REQUIRES_CONTENT_VALIDATION,P2_OTHER_CANDIDATE_REVIEW,B25 pending path and query signals: Member,1,www.indiainx.com
B05:3042,https://www.japannext.co.jp/pub_data/pub_onboarding/Japannext_PTS_ITCH_Equities_v1.7.UDP.pcap,www.japannext.co.jp,1,"[{""host"": ""www.japannext.co.jp"", ""observed_page"": ""https://www.japannext.co.jp/"", ""target_url"": ""https://www.japannext.co.jp/pub_data/pub_onboarding/Japannext_PTS_ITCH_Equities_v1.7.UDP.pcap"", ""anchor_text"": ""ITCH Equities 1.7 Sample UDP PCAP File"", ""keyword_matches"": ""equities"", ""evidence"": ""OBSERVED_LINK_NOT_DIRECTORY_CONTENT_VERIFIED"", ""source_body_sha256_observed"": ""a55bb1269a8c4b77d34263278389ec89eaa126011b5b49eebe1d53b84948193a""}]",DIRECTORY_EXPORT_DISCOVERY_AND_UNIVERSE_BOUNDARY,REVIEW_ROLE_THEN_FETCH_ALL_PAGES_AND_SOURCE_TOTAL;CLASSIFY_COMPANY_SECURITY_MEMBER_LICENSEE_OR_FORM,UNKNOWN,OBSERVED_LINK_REQUIRES_CONTENT_VALIDATION,P2_OTHER_CANDIDATE_REVIEW,B25 pending path and query signals: Equit,1,www.japannext.co.jp
B05:3069,https://www.jpx.co.jp/listing/measures/alert/index.html,www.jpx.co.jp,1,"[{""host"": ""www.jpx.co.jp"", ""observed_page"": ""https://www.jpx.co.jp/"", ""target_url"": ""https://www.jpx.co.jp/listing/measures/alert/index.html"", ""anchor_text"": ""特別注意銘柄一覧"", ""keyword_matches"": ""listing"", ""evidence"": ""OBSERVED_LINK_NOT_DIRECTORY_CONTENT_VERIFIED"", ""source_body_sha256_observed"": ""400bdea291c1ccf4690084b4091f0ae91d14ec2facef1c4ef25832dba9aa3ab8""}]",DIRECTORY_EXPORT_DISCOVERY_AND_UNIVERSE_BOUNDARY,REVIEW_ROLE_THEN_FETCH_ALL_PAGES_AND_SOURCE_TOTAL;CLASSIFY_COMPANY_SECURITY_MEMBER_LICENSEE_OR_FORM,UNKNOWN,OBSERVED_LINK_REQUIRES_CONTENT_VALIDATION,P2_OTHER_CANDIDATE_REVIEW,B25 pending path and query signals: listing,5,www.jpx.co.jp
B05:3117,https://www.latibex.com/esp/Empresas/Ficha/COPEL_ORDINARIAS_BRCPLEACNOR8,www.latibex.com,1,"[{""host"": ""www.latibex.com"", ""observed_page"": ""https://www.latibex.com/esp/"", ""target_url"": ""https://www.latibex.com/esp/Empresas/Ficha/COPEL_ORDINARIAS_BRCPLEACNOR8"", ""anchor_text"": ""COPEL ORDINA"", ""keyword_matches"": ""empresas"", ""evidence"": ""OBSERVED_LINK_NOT_DIRECTORY_CONTENT_VERIFIED"", ""source_body_sha256_observed"": ""4cdf770479588d59c5ca704f6a76f876e3e48e71e08eebcc076301fb597514af""}]",DIRECTORY_EXPORT_DISCOVERY_AND_UNIVERSE_BOUNDARY,REVIEW_ROLE_THEN_FETCH_ALL_PAGES_AND_SOURCE_TOTAL;CLASSIFY_COMPANY_SECURITY_MEMBER_LICENSEE_OR_FORM,UNKNOWN,OBSERVED_LINK_REQUIRES_CONTENT_VALIDATION,P2_OTHER_CANDIDATE_REVIEW,B25 pending path and query signals: Empresas,1,www.latibex.com
B05:3211,https://www.linkedin.com/company/cayman-islands-stock-exchange,www.csx.ky,1,"[{""host"": ""www.csx.ky"", ""observed_page"": ""https://www.csx.ky/"", ""target_url"": ""https://www.linkedin.com/company/cayman-islands-stock-exchange"", ""anchor_text"": """", ""keyword_matches"": ""company"", ""evidence"": ""OBSERVED_LINK_NOT_DIRECTORY_CONTENT_VERIFIED"", ""source_body_sha256_observed"": ""f9e7d4175dcf859a93f3837467edc8edac9746f1193cd8a26aeb75111e881f65""}]",DIRECTORY_EXPORT_DISCOVERY_AND_UNIVERSE_BOUNDARY,REVIEW_ROLE_THEN_FETCH_ALL_PAGES_AND_SOURCE_TOTAL;CLASSIFY_COMPANY_SECURITY_MEMBER_LICENSEE_OR_FORM,UNKNOWN,OBSERVED_LINK_REQUIRES_CONTENT_VALIDATION,P2_OTHER_CANDIDATE_REVIEW,B25 pending path and query signals: compan|stock,2,www.linkedin.com
B05:3396,https://www.lsc.gov.la/securities/FMC.php,www.lsc.gov.la,1,"[{""host"": ""www.lsc.gov.la"", ""observed_page"": ""https://www.lsc.gov.la/"", ""target_url"": ""https://www.lsc.gov.la/securities/FMC.php"", ""anchor_text"": ""ບໍລິສັດບໍລິຫານກອງທຶນເພື່ອການລົງທຶນ"", ""keyword_matches"": ""securit"", ""evidence"": ""OBSERVED_LINK_NOT_DIRECTORY_CONTENT_VERIFIED"", ""source_body_sha256_observed"": ""89df5ff367be3a947481482b3e4103c61d7c16c7a60332ce749b26e5d0f5ac34""}]",DIRECTORY_EXPORT_DISCOVERY_AND_UNIVERSE_BOUNDARY,REVIEW_ROLE_THEN_FETCH_ALL_PAGES_AND_SOURCE_TOTAL;CLASSIFY_COMPANY_SECURITY_MEMBER_LICENSEE_OR_FORM,UNKNOWN,OBSERVED_LINK_REQUIRES_CONTENT_VALIDATION,P2_OTHER_CANDIDATE_REVIEW,B25 pending path and query signals: securit,1,www.lsc.gov.la
B05:3460,https://www.macquarie.com/uk/en/investors/other-securities.html,www.macquarie.com,1,"[{""host"": ""www.macquarie.com"", ""observed_page"": ""https://www.macquarie.com/uk/en.html"", ""target_url"": ""https://www.macquarie.com/uk/en/investors/other-securities.html"", ""anchor_text"": ""Other securities"", ""keyword_matches"": ""securit"", ""evidence"": ""OBSERVED_LINK_NOT_DIRECTORY_CONTENT_VERIFIED"", ""source_body_sha256_observed"": ""48dd11cbebf2a6fe73a128680a5bcd26700487ba25ab426bb9b82470c544b8d8""}]",DIRECTORY_EXPORT_DISCOVERY_AND_UNIVERSE_BOUNDARY,REVIEW_ROLE_THEN_FETCH_ALL_PAGES_AND_SOURCE_TOTAL;CLASSIFY_COMPANY_SECURITY_MEMBER_LICENSEE_OR_FORM,UNKNOWN,OBSERVED_LINK_REQUIRES_CONTENT_VALIDATION,P2_OTHER_CANDIDATE_REVIEW,B25 pending path and query signals: securit,1,www.macquarie.com
B05:3490,https://www.merj.exchange/trading/direct-participants,www.merj.exchange,1,"[{""host"": ""www.merj.exchange"", ""observed_page"": ""https://www.merj.exchange/"", ""target_url"": ""https://www.merj.exchange/trading/direct-participants"", ""anchor_text"": ""Direct ParticipantsDirect market access"", ""keyword_matches"": ""participant"", ""evidence"": ""OBSERVED_LINK_NOT_DIRECTORY_CONTENT_VERIFIED"", ""source_body_sha256_observed"": ""c7b9efb9aa6524f6b1afacf54de95bbc5f1781d4921cec0c098a7becacbffe40""}]",DIRECTORY_EXPORT_DISCOVERY_AND_UNIVERSE_BOUNDARY,REVIEW_ROLE_THEN_FETCH_ALL_PAGES_AND_SOURCE_TOTAL;CLASSIFY_COMPANY_SECURITY_MEMBER_LICENSEE_OR_FORM,UNKNOWN,OBSERVED_LINK_REQUIRES_CONTENT_VALIDATION,P2_OTHER_CANDIDATE_REVIEW,B25 pending path and query signals: participant,1,www.merj.exchange
B05:3527,https://www.millenniumbcp.pt/empresas/financiamento-empresarial/linhas-credito,ind.millenniumbcp.pt,1,"[{""host"": ""ind.millenniumbcp.pt"", ""observed_page"": ""https://www.millenniumbcp.pt/"", ""target_url"": ""https://www.millenniumbcp.pt/empresas/financiamento-empresarial/linhas-credito"", ""anchor_text"": ""Linhas de crédito para empresas"", ""keyword_matches"": ""empresas"", ""evidence"": ""OBSERVED_LINK_NOT_DIRECTORY_CONTENT_VERIFIED"", ""source_body_sha256_observed"": ""feceea8761b5e7b800cda969a73f4e14a3488be59aadbd4153706bf83191b740""}]",DIRECTORY_EXPORT_DISCOVERY_AND_UNIVERSE_BOUNDARY,REVIEW_ROLE_THEN_FETCH_ALL_PAGES_AND_SOURCE_TOTAL;CLASSIFY_COMPANY_SECURITY_MEMBER_LICENSEE_OR_FORM,UNKNOWN,OBSERVED_LINK_REQUIRES_CONTENT_VALIDATION,P2_OTHER_CANDIDATE_REVIEW,B25 pending path and query signals: empresas,1,www.millenniumbcp.pt
B05:3587,https://www.nasdaq.com/products?by+institution=banks+%26+brokers,business.nasdaq.com|nasdaq.com|nasdaqomxnordic.com|www.cinnober.com|www.nasdaq.com|www.nasdaqomx.com|www.nasdaqomxnordic.com,7,"[{""host"": ""business.nasdaq.com"", ""observed_page"": ""https://www.nasdaq.com/"", ""target_url"": ""https://www.nasdaq.com/products?by+institution=banks+%26+brokers"", ""anchor_text"": ""Banks & Brokers"", ""keyword_matches"": ""broker"", ""evidence"": ""OBSERVED_LINK_NOT_DIRECTORY_CONTENT_VERIFIED"", ""source_body_sha256_observed"": ""f833b9fe824ef89f216d18bbb299376d6dcebc485be2c292e5d402d1e3304c11""}, {""host"": ""nasdaq.com"", ""observed_page"": ""https://www.nasdaq.com/"", ""target_url"": ""https://www.nasdaq.com/products?by+institution=banks+%26+brokers"", ""anchor_text"": ""Banks & Brokers"", ""keyword_matches"": ""broker"", ""evidence"": ""OBSERVED_LINK_NOT_DIRECTORY_CONTENT_VERIFIED"", ""source_body_sha256_observed"": ""31f1c433884ccfeabb829e6ce62ee33d140419a4b6ab4cfe6ff617b7b2d29cd5""}, {""host"": ""nasdaqomxnordic.com"", ""observed_page"": ""https://www.nasdaq.com/european-market-activity"", ""target_url"": ""https://www.nasdaq.com/products?by+institution=banks+%26+brokers"", ""anchor_text"": ""Banks & Brokers"", ""keyword_matches"": ""broker"", ""evidence"": ""OBSERVED_LINK_NOT_DIRECTORY_CONTENT_VERIFIED"", ""source_body_sha256_observed"": ""783e1beaa14e68b2e1c9be3370e977cbaf2694a98b3081d26f822a6b165aff5d""}, {""host"": ""www.cinnober.com"", ""observed_page"": ""https://www.nasdaq.com/products/fintech/eqlipse"", ""target_url"": ""https://www.nasdaq.com/products?by+institution=banks+%26+brokers"", ""anchor_text"": ""Banks & Brokers"", ""keyword_matches"": ""broker"", ""evidence"": ""OBSERVED_LINK_NOT_DIRECTORY_CONTENT_VERIFIED"", ""source_body_sha256_observed"": ""bd81e6b1673180b1829acbedf422e573796ab65e047558fcd8f80e5f0eedb1db""}, {""host"": ""www.nasdaqomx.com"", ""observed_page"": ""https://www.nasdaq.com/"", ""target_url"": ""https://www.nasdaq.com/products?by+institution=banks+%26+brokers"", ""anchor_text"": ""Banks & Brokers"", ""keyword_matches"": ""broker"", ""evidence"": ""OBSERVED_LINK_NOT_DIRECTORY_CONTENT_VERIFIED"", ""source_body_sha256_observed"": ""652cff4c7fc37cfbda19c6862bb41813b8e3fa0345afbe05b3b618de1053abfd""}, {""host"": ""www.nasdaq.com"", ""observed_page"": ""https://www.nasdaq.com/"", ""target_url"": ""https://www.nasdaq.com/products?by+institution=banks+%26+brokers"", ""anchor_text"": ""Banks & Brokers"", ""keyword_matches"": ""broker"", ""evidence"": ""OBSERVED_LINK_NOT_DIRECTORY_CONTENT_VERIFIED"", ""source_body_sha256_observed"": ""417705cd08becaf5658216085067e735f40c3dbc21b7eeffd9f10caffc7b6ab9""}, {""host"": ""www.nasdaqomxnordic.com"", ""observed_page"": ""https://www.nasdaq.com/european-market-activity"", ""target_url"": ""https://www.nasdaq.com/products?by+institution=banks+%26+brokers"", ""anchor_text"": ""Banks & Brokers"", ""keyword_matches"": ""broker"", ""evidence"": ""OBSERVED_LINK_NOT_DIRECTORY_CONTENT_VERIFIED"", ""source_body_sha256_observed"": ""c20d787d8f02b6fbb3e82d77464dbe4e33f017017aa1b01ca01a35f7eeb9059c""}]",DIRECTORY_EXPORT_DISCOVERY_AND_UNIVERSE_BOUNDARY,REVIEW_ROLE_THEN_FETCH_ALL_PAGES_AND_SOURCE_TOTAL;CLASSIFY_COMPANY_SECURITY_MEMBER_LICENSEE_OR_FORM,UNKNOWN,OBSERVED_LINK_REQUIRES_CONTENT_VALIDATION,P2_OTHER_CANDIDATE_REVIEW,B25 pending path and query signals: broker,1,www.nasdaq.com
B05:3645,https://www.nasdng.com/markets/members,www.nasdng.com,1,"[{""host"": ""www.nasdng.com"", ""observed_page"": ""https://www.nasdng.com/"", ""target_url"": ""https://www.nasdng.com/markets/members"", ""anchor_text"": ""How to become an operator on our market"", ""keyword_matches"": ""member"", ""evidence"": ""OBSERVED_LINK_NOT_DIRECTORY_CONTENT_VERIFIED"", ""source_body_sha256_observed"": ""082d59921cdd1edc90283a89fb9cf3b2aea82efb97e35d6194d16d0c44774b85""}]",DIRECTORY_EXPORT_DISCOVERY_AND_UNIVERSE_BOUNDARY,REVIEW_ROLE_THEN_FETCH_ALL_PAGES_AND_SOURCE_TOTAL;CLASSIFY_COMPANY_SECURITY_MEMBER_LICENSEE_OR_FORM,UNKNOWN,OBSERVED_LINK_REQUIRES_CONTENT_VALIDATION,P2_OTHER_CANDIDATE_REVIEW,B25 pending path and query signals: member,1,www.nasdng.com
B05:3692,https://www.nse.co.ke/wp-content/uploads/broker-back-office-prequalified-vendors.pdf,www.nse.co.ke,1,"[{""host"": ""www.nse.co.ke"", ""observed_page"": ""https://www.nse.co.ke/"", ""target_url"": ""https://www.nse.co.ke/wp-content/uploads/broker-back-office-prequalified-vendors.pdf"", ""anchor_text"": ""Broker Back Office Prequalified Vendors"", ""keyword_matches"": ""broker"", ""evidence"": ""OBSERVED_LINK_NOT_DIRECTORY_CONTENT_VERIFIED"", ""source_body_sha256_observed"": ""2834249cc4dc834933cf66fccbe36d1409a091c832f5aeafc1436db5b4e77b6e""}]",DIRECTORY_EXPORT_DISCOVERY_AND_UNIVERSE_BOUNDARY,REVIEW_ROLE_THEN_FETCH_ALL_PAGES_AND_SOURCE_TOTAL;CLASSIFY_COMPANY_SECURITY_MEMBER_LICENSEE_OR_FORM,UNKNOWN,OBSERVED_LINK_REQUIRES_CONTENT_VALIDATION,P2_OTHER_CANDIDATE_REVIEW,B25 pending path and query signals: broker,1,www.nse.co.ke
B05:3705,https://www.nse.or.jp/listing/disclose/,www.nse.or.jp,1,"[{""host"": ""www.nse.or.jp"", ""observed_page"": ""https://www.nse.or.jp/"", ""target_url"": ""https://www.nse.or.jp/listing/disclose/"", ""anchor_text"": ""ディスクローズ情報"", ""keyword_matches"": ""listing"", ""evidence"": ""OBSERVED_LINK_NOT_DIRECTORY_CONTENT_VERIFIED"", ""source_body_sha256_observed"": ""9c44a48201201215b68d0b529fd50884e998fd6e5a78d91580e89b5166bfbd7c""}]",DIRECTORY_EXPORT_DISCOVERY_AND_UNIVERSE_BOUNDARY,REVIEW_ROLE_THEN_FETCH_ALL_PAGES_AND_SOURCE_TOTAL;CLASSIFY_COMPANY_SECURITY_MEMBER_LICENSEE_OR_FORM,UNKNOWN,OBSERVED_LINK_REQUIRES_CONTENT_VALIDATION,P2_OTHER_CANDIDATE_REVIEW,B25 pending path and query signals: listing,5,www.nse.or.jp
B05:3761,https://www.nsx.com.au/listing/why-list-with-us/,www.nsxa.com.au,1,"[{""host"": ""www.nsxa.com.au"", ""observed_page"": ""https://www.nsx.com.au/"", ""target_url"": ""https://www.nsx.com.au/listing/why-list-with-us/"", ""anchor_text"": ""Why List with Us"", ""keyword_matches"": ""listing"", ""evidence"": ""OBSERVED_LINK_NOT_DIRECTORY_CONTENT_VERIFIED"", ""source_body_sha256_observed"": ""22575b4dea7824079287de3d5ac74074ecdbc693ae38e7670e7a9224d61aa547""}]",DIRECTORY_EXPORT_DISCOVERY_AND_UNIVERSE_BOUNDARY,REVIEW_ROLE_THEN_FETCH_ALL_PAGES_AND_SOURCE_TOTAL;CLASSIFY_COMPANY_SECURITY_MEMBER_LICENSEE_OR_FORM,UNKNOWN,OBSERVED_LINK_REQUIRES_CONTENT_VALIDATION,P2_OTHER_CANDIDATE_REVIEW,B25 pending path and query signals: listing,5,www.nsx.com.au
B05:35,http://www.pngx.com.pg/steamships-trading-companies-limited/,www.pngx.com.pg,1,"[{""host"": ""www.pngx.com.pg"", ""observed_page"": ""https://www.pngx.com.pg/"", ""target_url"": ""http://www.pngx.com.pg/steamships-trading-companies-limited/"", ""anchor_text"": """", ""keyword_matches"": ""companies"", ""evidence"": ""OBSERVED_LINK_NOT_DIRECTORY_CONTENT_VERIFIED"", ""source_body_sha256_observed"": ""a3346785e51504ff51593c4f66cd2f45af0423a137d1bc86cc2e8a2c2f7cefc2""}]",DIRECTORY_EXPORT_DISCOVERY_AND_UNIVERSE_BOUNDARY,REVIEW_ROLE_THEN_FETCH_ALL_PAGES_AND_SOURCE_TOTAL;CLASSIFY_COMPANY_SECURITY_MEMBER_LICENSEE_OR_FORM,UNKNOWN,OBSERVED_LINK_REQUIRES_CONTENT_VALIDATION,P2_OTHER_CANDIDATE_REVIEW,B25 pending path and query signals: compan,1,www.pngx.com.pg
B05:3973,https://www.qfma.org.qa/Arabic/InternationalRelations/Memberships/Pages/default.aspx,www.qfma.org.qa,1,"[{""host"": ""www.qfma.org.qa"", ""observed_page"": ""https://www.qfma.org.qa/arabic/Pages/default.aspx"", ""target_url"": ""https://www.qfma.org.qa/Arabic/InternationalRelations/Memberships/Pages/default.aspx"", ""anchor_text"": ""العضويات"", ""keyword_matches"": ""member"", ""evidence"": ""OBSERVED_LINK_NOT_DIRECTORY_CONTENT_VERIFIED"", ""source_body_sha256_observed"": ""53114b9f0222f34ef4922358921e411583c250ab2e916e071158a7af1e55ce89""}]",DIRECTORY_EXPORT_DISCOVERY_AND_UNIVERSE_BOUNDARY,REVIEW_ROLE_THEN_FETCH_ALL_PAGES_AND_SOURCE_TOTAL;CLASSIFY_COMPANY_SECURITY_MEMBER_LICENSEE_OR_FORM,UNKNOWN,OBSERVED_LINK_REQUIRES_CONTENT_VALIDATION,P2_OTHER_CANDIDATE_REVIEW,B25 pending path and query signals: Member,1,www.qfma.org.qa
B05:4053,https://www.sdc.com.jo/ar/governmentCorporateBondsFilters?categoryId=1&issuerID=0,www.sdc.com.jo,1,"[{""host"": ""www.sdc.com.jo"", ""observed_page"": ""https://www.sdc.com.jo/"", ""target_url"": ""https://www.sdc.com.jo/ar/governmentCorporateBondsFilters?categoryId=1&issuerID=0"", ""anchor_text"": ""المصدرين العامين"", ""keyword_matches"": ""issuer"", ""evidence"": ""OBSERVED_LINK_NOT_DIRECTORY_CONTENT_VERIFIED"", ""source_body_sha256_observed"": ""04a57b0fe7663d6d7a9c8c15709bc49aba49ba40fbf289024186d920b8ab1ab3""}]",DIRECTORY_EXPORT_DISCOVERY_AND_UNIVERSE_BOUNDARY,REVIEW_ROLE_THEN_FETCH_ALL_PAGES_AND_SOURCE_TOTAL;CLASSIFY_COMPANY_SECURITY_MEMBER_LICENSEE_OR_FORM,UNKNOWN,OBSERVED_LINK_REQUIRES_CONTENT_VALIDATION,P2_OTHER_CANDIDATE_REVIEW,B25 pending path and query signals: issuer,1,www.sdc.com.jo
B05:4104,https://www.seczambia.org.zm/investor-protection/licensing/share-transfer-agencies-representatives/,www.seczambia.org.zm,1,"[{""host"": ""www.seczambia.org.zm"", ""observed_page"": ""https://www.seczambia.org.zm/"", ""target_url"": ""https://www.seczambia.org.zm/investor-protection/licensing/share-transfer-agencies-representatives/"", ""anchor_text"": ""Share Transfer Agencies representatives"", ""keyword_matches"": ""licens"", ""evidence"": ""OBSERVED_LINK_NOT_DIRECTORY_CONTENT_VERIFIED"", ""source_body_sha256_observed"": ""df03a6689294bab70e492d39f46e4cacaa92e5de87273151d2bea01b7eaad443""}]",DIRECTORY_EXPORT_DISCOVERY_AND_UNIVERSE_BOUNDARY,REVIEW_ROLE_THEN_FETCH_ALL_PAGES_AND_SOURCE_TOTAL;CLASSIFY_COMPANY_SECURITY_MEMBER_LICENSEE_OR_FORM,UNKNOWN,OBSERVED_LINK_REQUIRES_CONTENT_VALIDATION,P2_OTHER_CANDIDATE_REVIEW,B25 pending path and query signals: licen,1,www.seczambia.org.zm
B05:4117,https://www.sfc.hk/en/Published-resources/Corporate-publications/Open-ended-fund-companies-pamphlet,www.sfc.hk,1,"[{""host"": ""www.sfc.hk"", ""observed_page"": ""https://www.sfc.hk/en/"", ""target_url"": ""https://www.sfc.hk/en/Published-resources/Corporate-publications/Open-ended-fund-companies-pamphlet"", ""anchor_text"": ""Open-ended Fund Company: The corporate investment fund vehicle in Hong Kong"", ""keyword_matches"": ""companies|company"", ""evidence"": ""OBSERVED_LINK_NOT_DIRECTORY_CONTENT_VERIFIED"", ""source_body_sha256_observed"": ""d1361f90fef41d274beb7c732fa0dc397c96466b1686a15bd53a09b721c2dc24""}]",DIRECTORY_EXPORT_DISCOVERY_AND_UNIVERSE_BOUNDARY,REVIEW_ROLE_THEN_FETCH_ALL_PAGES_AND_SOURCE_TOTAL;CLASSIFY_COMPANY_SECURITY_MEMBER_LICENSEE_OR_FORM,UNKNOWN,OBSERVED_LINK_REQUIRES_CONTENT_VALIDATION,P2_OTHER_CANDIDATE_REVIEW,B25 pending path and query signals: compan,1,www.sfc.hk
B05:4186,https://www.simvse.com.au/docs/rules-and-regulations/listing-rules/SIMVSE_LR_Ch13_141010.pdf,www.simvse.com.au,1,"[{""host"": ""www.simvse.com.au"", ""observed_page"": ""https://www.simvse.com.au/"", ""target_url"": ""https://www.simvse.com.au/docs/rules-and-regulations/listing-rules/SIMVSE_LR_Ch13_141010.pdf"", ""anchor_text"": ""Chapter 13: Fees"", ""keyword_matches"": ""listing"", ""evidence"": ""OBSERVED_LINK_NOT_DIRECTORY_CONTENT_VERIFIED"", ""source_body_sha256_observed"": ""96cdfd60756f6450f53c9da8738461942fb0c9b73e7f6cc675542c62a6795641""}]",DIRECTORY_EXPORT_DISCOVERY_AND_UNIVERSE_BOUNDARY,REVIEW_ROLE_THEN_FETCH_ALL_PAGES_AND_SOURCE_TOTAL;CLASSIFY_COMPANY_SECURITY_MEMBER_LICENSEE_OR_FORM,UNKNOWN,OBSERVED_LINK_REQUIRES_CONTENT_VALIDATION,P2_OTHER_CANDIDATE_REVIEW,B25 pending path and query signals: listing,5,www.simvse.com.au
B05:4227,https://www.sipc.org/for-members/rule-600-reports,www.sipc.org,1,"[{""host"": ""www.sipc.org"", ""observed_page"": ""https://www.sipc.org/"", ""target_url"": ""https://www.sipc.org/for-members/rule-600-reports"", ""anchor_text"": ""How To File Your Agreed-Upon Procedures (AUP) Report"", ""keyword_matches"": ""member"", ""evidence"": ""OBSERVED_LINK_NOT_DIRECTORY_CONTENT_VERIFIED"", ""source_body_sha256_observed"": ""2dd52e9c46ea8f303d44e6b089a7d3a131b2d9faba4245b929baaf274186db80""}]",DIRECTORY_EXPORT_DISCOVERY_AND_UNIVERSE_BOUNDARY,REVIEW_ROLE_THEN_FETCH_ALL_PAGES_AND_SOURCE_TOTAL;CLASSIFY_COMPANY_SECURITY_MEMBER_LICENSEE_OR_FORM,UNKNOWN,OBSERVED_LINK_REQUIRES_CONTENT_VALIDATION,P2_OTHER_CANDIDATE_REVIEW,B25 pending path and query signals: member,1,www.sipc.org
B05:4311,https://www.six-group.com/en/products-services/securities-services/securities-finance/securities-lending-borrowing.html,www.six-securities-services.com|www.six-swiss-exchange.com,2,"[{""host"": ""www.six-swiss-exchange.com"", ""observed_page"": ""https://www.six-group.com/en/site/exchanges.html"", ""target_url"": ""https://www.six-group.com/en/products-services/securities-services/securities-finance/securities-lending-borrowing.html"", ""anchor_text"": ""Securities Lending & Borrowing"", ""keyword_matches"": ""securit"", ""evidence"": ""OBSERVED_LINK_NOT_DIRECTORY_CONTENT_VERIFIED"", ""source_body_sha256_observed"": ""101594baf28d29213b2beb3572de118d401253931a01b26016fabcced90eb1b6""}, {""host"": ""www.six-securities-services.com"", ""observed_page"": ""https://www.six-group.com/en/products-services/securities-services.html"", ""target_url"": ""https://www.six-group.com/en/products-services/securities-services/securities-finance/securities-lending-borrowing.html"", ""anchor_text"": ""Securities Lending & Borrowing"", ""keyword_matches"": ""securit"", ""evidence"": ""OBSERVED_LINK_NOT_DIRECTORY_CONTENT_VERIFIED"", ""source_body_sha256_observed"": ""5a5302a79b7c90ccdfce003e1c93859e0a39506d2ac52fe1621bde43fb4311aa""}]",DIRECTORY_EXPORT_DISCOVERY_AND_UNIVERSE_BOUNDARY,REVIEW_ROLE_THEN_FETCH_ALL_PAGES_AND_SOURCE_TOTAL;CLASSIFY_COMPANY_SECURITY_MEMBER_LICENSEE_OR_FORM,UNKNOWN,OBSERVED_LINK_REQUIRES_CONTENT_VALIDATION,P2_OTHER_CANDIDATE_REVIEW,B25 pending path and query signals: securit|securit|securit,3,www.six-group.com
B05:4371,https://www.sse.or.jp/listing/company2428,www.sse.or.jp,1,"[{""host"": ""www.sse.or.jp"", ""observed_page"": ""https://www.sse.or.jp/"", ""target_url"": ""https://www.sse.or.jp/listing/company2428"", ""anchor_text"": ""ウェルネット(株)"", ""keyword_matches"": ""company|listing"", ""evidence"": ""OBSERVED_LINK_NOT_DIRECTORY_CONTENT_VERIFIED"", ""source_body_sha256_observed"": ""46ac1f150ce0e36c9b38ac54950f38000c323f406214b2d5fcce64c4313bc3b8""}]",DIRECTORY_EXPORT_DISCOVERY_AND_UNIVERSE_BOUNDARY,REVIEW_ROLE_THEN_FETCH_ALL_PAGES_AND_SOURCE_TOTAL;CLASSIFY_COMPANY_SECURITY_MEMBER_LICENSEE_OR_FORM,UNKNOWN,OBSERVED_LINK_REQUIRES_CONTENT_VALIDATION,P2_OTHER_CANDIDATE_REVIEW,B25 pending path and query signals: listing|compan,6,www.sse.or.jp
B05:4496,https://www.tcifsc.tc/company-managers-forms,www.tcifsc.tc,1,"[{""host"": ""www.tcifsc.tc"", ""observed_page"": ""https://www.tcifsc.tc/"", ""target_url"": ""https://www.tcifsc.tc/company-managers-forms"", ""anchor_text"": ""Forms"", ""keyword_matches"": ""company"", ""evidence"": ""OBSERVED_LINK_NOT_DIRECTORY_CONTENT_VERIFIED"", ""source_body_sha256_observed"": ""46c35d7556c9d5b1aa5b68129bad6e7473ad71c884b53af315042b4a0ddf5068""}]",DIRECTORY_EXPORT_DISCOVERY_AND_UNIVERSE_BOUNDARY,REVIEW_ROLE_THEN_FETCH_ALL_PAGES_AND_SOURCE_TOTAL;CLASSIFY_COMPANY_SECURITY_MEMBER_LICENSEE_OR_FORM,UNKNOWN,OBSERVED_LINK_REQUIRES_CONTENT_VALIDATION,P2_OTHER_CANDIDATE_REVIEW,B25 pending path and query signals: compan,1,www.tcifsc.tc
B05:4544,https://www.tmxaustralia.com/equities/support/technical,www.tmxaustralia.com,1,"[{""host"": ""www.tmxaustralia.com"", ""observed_page"": ""https://www.tmxaustralia.com/"", ""target_url"": ""https://www.tmxaustralia.com/equities/support/technical"", ""anchor_text"": ""Technical Specifications"", ""keyword_matches"": ""equities"", ""evidence"": ""OBSERVED_LINK_NOT_DIRECTORY_CONTENT_VERIFIED"", ""source_body_sha256_observed"": ""cbd86ba69dc77e2141a6be9522cce2ba3d096927c97efae748cbad05845bf415""}]",DIRECTORY_EXPORT_DISCOVERY_AND_UNIVERSE_BOUNDARY,REVIEW_ROLE_THEN_FETCH_ALL_PAGES_AND_SOURCE_TOTAL;CLASSIFY_COMPANY_SECURITY_MEMBER_LICENSEE_OR_FORM,UNKNOWN,OBSERVED_LINK_REQUIRES_CONTENT_VALIDATION,P2_OTHER_CANDIDATE_REVIEW,B25 pending path and query signals: equit,1,www.tmxaustralia.com
B05:4569,https://www.tradition.com/products/equities/delta-one-products.aspx,www.tradition.com,1,"[{""host"": ""www.tradition.com"", ""observed_page"": ""https://www.tradition.com/"", ""target_url"": ""https://www.tradition.com/products/equities/delta-one-products.aspx"", ""anchor_text"": ""Delta-one Products"", ""keyword_matches"": ""equities"", ""evidence"": ""OBSERVED_LINK_NOT_DIRECTORY_CONTENT_VERIFIED"", ""source_body_sha256_observed"": ""858af9d7e7708eb6fca749c2b2b02e967d83cb7ee842088378bdf8e22f8e8c22""}]",DIRECTORY_EXPORT_DISCOVERY_AND_UNIVERSE_BOUNDARY,REVIEW_ROLE_THEN_FETCH_ALL_PAGES_AND_SOURCE_TOTAL;CLASSIFY_COMPANY_SECURITY_MEMBER_LICENSEE_OR_FORM,UNKNOWN,OBSERVED_LINK_REQUIRES_CONTENT_VALIDATION,P2_OTHER_CANDIDATE_REVIEW,B25 pending path and query signals: equit,1,www.tradition.com
B05:4741,https://www.vfsc.vu/general-company-service-providers/,www.vfsc.vu,1,"[{""host"": ""www.vfsc.vu"", ""observed_page"": ""https://www.vfsc.vu/"", ""target_url"": ""https://www.vfsc.vu/general-company-service-providers/"", ""anchor_text"": ""General Company Service Providers"", ""keyword_matches"": ""company"", ""evidence"": ""OBSERVED_LINK_NOT_DIRECTORY_CONTENT_VERIFIED"", ""source_body_sha256_observed"": ""8f948f4b76300797cb4d4505fe59716201081b761d03ee167ff3b5daa9c2f0aa""}]",DIRECTORY_EXPORT_DISCOVERY_AND_UNIVERSE_BOUNDARY,REVIEW_ROLE_THEN_FETCH_ALL_PAGES_AND_SOURCE_TOTAL;CLASSIFY_COMPANY_SECURITY_MEMBER_LICENSEE_OR_FORM,UNKNOWN,OBSERVED_LINK_REQUIRES_CONTENT_VALIDATION,P2_OTHER_CANDIDATE_REVIEW,B25 pending path and query signals: compan,1,www.vfsc.vu
B05:314,https://cmda.gov.mv/en/staff-directory?category=42,cmda.gov.mv,1,"[{""host"": ""cmda.gov.mv"", ""observed_page"": ""https://cmda.gov.mv/en"", ""target_url"": ""https://cmda.gov.mv/en/staff-directory?category=42"", ""anchor_text"": ""Management Committees"", ""keyword_matches"": ""directory"", ""evidence"": ""OBSERVED_LINK_NOT_DIRECTORY_CONTENT_VERIFIED"", ""source_body_sha256_observed"": ""17368c72eda271b47ecbbe62817e3458ec0cf6b36dc3e308f08525ab4c738c5c""}]",DIRECTORY_EXPORT_DISCOVERY_AND_UNIVERSE_BOUNDARY,REVIEW_ROLE_THEN_FETCH_ALL_PAGES_AND_SOURCE_TOTAL;CLASSIFY_COMPANY_SECURITY_MEMBER_LICENSEE_OR_FORM,UNKNOWN,OBSERVED_LINK_REQUIRES_CONTENT_VALIDATION,P2_OTHER_CANDIDATE_REVIEW,B25 pending path and query signals: directory,5,cmda.gov.mv
B05:405,https://grupocimd.com/empresas/intermoney-gestion-sgiic/,www.grupocimd.com,1,"[{""host"": ""www.grupocimd.com"", ""observed_page"": ""https://grupocimd.com/"", ""target_url"": ""https://grupocimd.com/empresas/intermoney-gestion-sgiic/"", ""anchor_text"": ""Ver más"", ""keyword_matches"": ""empresas"", ""evidence"": ""OBSERVED_LINK_NOT_DIRECTORY_CONTENT_VERIFIED"", ""source_body_sha256_observed"": ""c9f5df6e6bd384757484e24167c9f14adaf85f9d46326a333e0e1df16ab2b806""}]",DIRECTORY_EXPORT_DISCOVERY_AND_UNIVERSE_BOUNDARY,REVIEW_ROLE_THEN_FETCH_ALL_PAGES_AND_SOURCE_TOTAL;CLASSIFY_COMPANY_SECURITY_MEMBER_LICENSEE_OR_FORM,UNKNOWN,OBSERVED_LINK_REQUIRES_CONTENT_VALIDATION,P2_OTHER_CANDIDATE_REVIEW,B25 pending path and query signals: empresas,1,grupocimd.com
B05:440,https://guyanastockexchangeinc.com/security/guyana-bank-for-trade-and-industry-limited/,www.gasci.com,1,"[{""host"": ""www.gasci.com"", ""observed_page"": ""https://guyanastockexchangeinc.com/"", ""target_url"": ""https://guyanastockexchangeinc.com/security/guyana-bank-for-trade-and-industry-limited/"", ""anchor_text"": ""bti"", ""keyword_matches"": ""securit"", ""evidence"": ""OBSERVED_LINK_NOT_DIRECTORY_CONTENT_VERIFIED"", ""source_body_sha256_observed"": ""7ee56db31d80f871d6d10dba045b86a501d03a378e88b638e1bbaf2f0bad5b47""}]",DIRECTORY_EXPORT_DISCOVERY_AND_UNIVERSE_BOUNDARY,REVIEW_ROLE_THEN_FETCH_ALL_PAGES_AND_SOURCE_TOTAL;CLASSIFY_COMPANY_SECURITY_MEMBER_LICENSEE_OR_FORM,UNKNOWN,OBSERVED_LINK_REQUIRES_CONTENT_VALIDATION,P2_OTHER_CANDIDATE_REVIEW,B25 pending path and query signals: securit,1,guyanastockexchangeinc.com
B05:531,https://jpjenkins.com/company/datalex-plc/,jpjenkins.com,1,"[{""host"": ""jpjenkins.com"", ""observed_page"": ""https://jpjenkins.com/"", ""target_url"": ""https://jpjenkins.com/company/datalex-plc/"", ""anchor_text"": ""DLE 0.27 EUR"", ""keyword_matches"": ""company"", ""evidence"": ""OBSERVED_LINK_NOT_DIRECTORY_CONTENT_VERIFIED"", ""source_body_sha256_observed"": ""e1fb5c766ba93f1e099601a28912c605365fba17ea377ccf8531eec71f3579bf""}]",DIRECTORY_EXPORT_DISCOVERY_AND_UNIVERSE_BOUNDARY,REVIEW_ROLE_THEN_FETCH_ALL_PAGES_AND_SOURCE_TOTAL;CLASSIFY_COMPANY_SECURITY_MEMBER_LICENSEE_OR_FORM,UNKNOWN,OBSERVED_LINK_REQUIRES_CONTENT_VALIDATION,P2_OTHER_CANDIDATE_REVIEW,B25 pending path and query signals: compan,1,jpjenkins.com
B05:587,https://kabu.com/company/policy/fiduciary.html,www.kabu.com,1,"[{""host"": ""www.kabu.com"", ""observed_page"": ""https://kabu.com/"", ""target_url"": ""https://kabu.com/company/policy/fiduciary.html"", ""anchor_text"": ""FD基本方針"", ""keyword_matches"": ""company"", ""evidence"": ""OBSERVED_LINK_NOT_DIRECTORY_CONTENT_VERIFIED"", ""source_body_sha256_observed"": ""8243cc4eac6585d4863335a6d038772adaaca412cffb6a767fc8378a4cad89f5""}]",DIRECTORY_EXPORT_DISCOVERY_AND_UNIVERSE_BOUNDARY,REVIEW_ROLE_THEN_FETCH_ALL_PAGES_AND_SOURCE_TOTAL;CLASSIFY_COMPANY_SECURITY_MEMBER_LICENSEE_OR_FORM,UNKNOWN,OBSERVED_LINK_REQUIRES_CONTENT_VALIDATION,P2_OTHER_CANDIDATE_REVIEW,B25 pending path and query signals: compan,1,kabu.com
B05:666,https://ltse.com/trading/membership,www.longtermstockexchange.com,1,"[{""host"": ""www.longtermstockexchange.com"", ""observed_page"": ""https://ltse.com/"", ""target_url"": ""https://ltse.com/trading/membership"", ""anchor_text"": ""Membership"", ""keyword_matches"": ""member"", ""evidence"": ""OBSERVED_LINK_NOT_DIRECTORY_CONTENT_VERIFIED"", ""source_body_sha256_observed"": ""5e1536f452dab01503be84783a6789cba9ac2c344221eec1a3e42fae04b9e4a6""}]",DIRECTORY_EXPORT_DISCOVERY_AND_UNIVERSE_BOUNDARY,REVIEW_ROLE_THEN_FETCH_ALL_PAGES_AND_SOURCE_TOTAL;CLASSIFY_COMPANY_SECURITY_MEMBER_LICENSEE_OR_FORM,UNKNOWN,OBSERVED_LINK_REQUIRES_CONTENT_VALIDATION,P2_OTHER_CANDIDATE_REVIEW,B25 pending path and query signals: member,1,ltse.com
B05:699,https://merj.exchange/trading/membership,merj.exchange,1,"[{""host"": ""merj.exchange"", ""observed_page"": ""https://merj.exchange/"", ""target_url"": ""https://merj.exchange/trading/membership"", ""anchor_text"": ""Become a MemberJoin the exchange"", ""keyword_matches"": ""member"", ""evidence"": ""OBSERVED_LINK_NOT_DIRECTORY_CONTENT_VERIFIED"", ""source_body_sha256_observed"": ""c7b9efb9aa6524f6b1afacf54de95bbc5f1781d4921cec0c098a7becacbffe40""}]",DIRECTORY_EXPORT_DISCOVERY_AND_UNIVERSE_BOUNDARY,REVIEW_ROLE_THEN_FETCH_ALL_PAGES_AND_SOURCE_TOTAL;CLASSIFY_COMPANY_SECURITY_MEMBER_LICENSEE_OR_FORM,UNKNOWN,OBSERVED_LINK_REQUIRES_CONTENT_VALIDATION,P2_OTHER_CANDIDATE_REVIEW,B25 pending path and query signals: member,1,merj.exchange
B05:711,https://mse.co.mw/company/MWILLV010032,www.mse.co.mw,1,"[{""host"": ""www.mse.co.mw"", ""observed_page"": ""https://www.mse.co.mw/"", ""target_url"": ""https://mse.co.mw/company/MWILLV010032"", ""anchor_text"": ""ILLOVO"", ""keyword_matches"": ""company"", ""evidence"": ""OBSERVED_LINK_NOT_DIRECTORY_CONTENT_VERIFIED"", ""source_body_sha256_observed"": ""0a0008e73499219931ac8d539feefa4212674fc932780dc0629656eb4237e33a""}]",DIRECTORY_EXPORT_DISCOVERY_AND_UNIVERSE_BOUNDARY,REVIEW_ROLE_THEN_FETCH_ALL_PAGES_AND_SOURCE_TOTAL;CLASSIFY_COMPANY_SECURITY_MEMBER_LICENSEE_OR_FORM,UNKNOWN,OBSERVED_LINK_REQUIRES_CONTENT_VALIDATION,P2_OTHER_CANDIDATE_REVIEW,B25 pending path and query signals: compan,1,mse.co.mw
B05:755,https://new.nzx.com/regulation/issuer-training-modules,new.nzx.com,1,"[{""host"": ""new.nzx.com"", ""observed_page"": ""https://new.nzx.com/"", ""target_url"": ""https://new.nzx.com/regulation/issuer-training-modules"", ""anchor_text"": ""Issuer Training Modules"", ""keyword_matches"": ""issuer"", ""evidence"": ""OBSERVED_LINK_NOT_DIRECTORY_CONTENT_VERIFIED"", ""source_body_sha256_observed"": ""0053eee994a85aa752e51c2bb91b555ad0f8b73173fa223fffbbc92b3b9cf5b9""}]",DIRECTORY_EXPORT_DISCOVERY_AND_UNIVERSE_BOUNDARY,REVIEW_ROLE_THEN_FETCH_ALL_PAGES_AND_SOURCE_TOTAL;CLASSIFY_COMPANY_SECURITY_MEMBER_LICENSEE_OR_FORM,UNKNOWN,OBSERVED_LINK_REQUIRES_CONTENT_VALIDATION,P2_OTHER_CANDIDATE_REVIEW,B25 pending path and query signals: issuer,1,new.nzx.com
B05:789,https://otc.nfmf.no/public/company/473.html,www.notc.no,1,"[{""host"": ""www.notc.no"", ""observed_page"": ""https://www.notc.no/"", ""target_url"": ""https://otc.nfmf.no/public/company/473.html"", ""anchor_text"": ""Vis"", ""keyword_matches"": ""company"", ""evidence"": ""OBSERVED_LINK_NOT_DIRECTORY_CONTENT_VERIFIED"", ""source_body_sha256_observed"": ""272ec92306b09bbf485ef3b28f10128958ab6a851f036b73c2d80bb896ce4224""}]",DIRECTORY_EXPORT_DISCOVERY_AND_UNIVERSE_BOUNDARY,REVIEW_ROLE_THEN_FETCH_ALL_PAGES_AND_SOURCE_TOTAL;CLASSIFY_COMPANY_SECURITY_MEMBER_LICENSEE_OR_FORM,UNKNOWN,OBSERVED_LINK_REQUIRES_CONTENT_VALIDATION,P2_OTHER_CANDIDATE_REVIEW,B25 pending path and query signals: compan,1,otc.nfmf.no
B05:832,https://progress.market/en/securities-27/26,progress.market,1,"[{""host"": ""progress.market"", ""observed_page"": ""https://progress.market/"", ""target_url"": ""https://progress.market/en/securities-27/26"", ""anchor_text"": ""Securities"", ""keyword_matches"": ""securit"", ""evidence"": ""OBSERVED_LINK_NOT_DIRECTORY_CONTENT_VERIFIED"", ""source_body_sha256_observed"": ""d9c96cb222e489267f4ad77f1fc9434fd786cdda5d11dfa273fa9b1c696527cd""}]",DIRECTORY_EXPORT_DISCOVERY_AND_UNIVERSE_BOUNDARY,REVIEW_ROLE_THEN_FETCH_ALL_PAGES_AND_SOURCE_TOTAL;CLASSIFY_COMPANY_SECURITY_MEMBER_LICENSEE_OR_FORM,UNKNOWN,OBSERVED_LINK_REQUIRES_CONTENT_VALIDATION,P2_OTHER_CANDIDATE_REVIEW,B25 pending path and query signals: securit,1,progress.market
B05:897,https://serviciosexternos.sugeval.fi.cr/RNVIWeb/Participantes/PuestosBolsa,www.sugeval.fi.cr,1,"[{""host"": ""www.sugeval.fi.cr"", ""observed_page"": ""https://www.sugeval.fi.cr/"", ""target_url"": ""https://serviciosexternos.sugeval.fi.cr/RNVIWeb/Participantes/PuestosBolsa"", ""anchor_text"": ""Puesto de bolsa"", ""keyword_matches"": ""participant"", ""evidence"": ""OBSERVED_LINK_NOT_DIRECTORY_CONTENT_VERIFIED"", ""source_body_sha256_observed"": ""44e2879503ab0c6a65dc4e8390f700756d575a9735786a9958e132059566d40d""}]",DIRECTORY_EXPORT_DISCOVERY_AND_UNIVERSE_BOUNDARY,REVIEW_ROLE_THEN_FETCH_ALL_PAGES_AND_SOURCE_TOTAL;CLASSIFY_COMPANY_SECURITY_MEMBER_LICENSEE_OR_FORM,UNKNOWN,OBSERVED_LINK_REQUIRES_CONTENT_VALIDATION,P2_OTHER_CANDIDATE_REVIEW,B25 pending path and query signals: Participant,1,serviciosexternos.sugeval.fi.cr
B05:1034,https://www.aixkz.com/en/pages/list-of-trading-members,aix.kz,3,"[{""host"": ""aix.kz"", ""observed_page"": ""https://www.aixkz.com/en"", ""target_url"": ""https://www.aixkz.com/en/pages/list-of-trading-members"", ""anchor_text"": ""List of Trading Members"", ""evidence"": ""OBSERVED_LINK_NOT_DIRECTORY_CONTENT_VERIFIED"", ""source_body_sha256_observed"": ""f96177223b30405acb9b957924548bff693301ad99044502781bb872ac2ec3c0""}, {""host"": ""aix.kz"", ""observed_page"": ""https://www.aixkz.com/en"", ""target_url"": ""https://www.aixkz.com/en/pages/list-of-trading-members"", ""anchor_text"": ""List of Trading Members"", ""evidence"": ""OBSERVED_LINK_NOT_DIRECTORY_CONTENT_VERIFIED"", ""source_body_sha256_observed"": ""f96177223b30405acb9b957924548bff693301ad99044502781bb872ac2ec3c0""}, {""host"": ""aix.kz"", ""observed_page"": ""https://www.aixkz.com/en"", ""target_url"": ""https://www.aixkz.com/en/pages/list-of-trading-members"", ""anchor_text"": ""Trading Members"", ""evidence"": ""OBSERVED_LINK_NOT_DIRECTORY_CONTENT_VERIFIED"", ""source_body_sha256_observed"": ""f96177223b30405acb9b957924548bff693301ad99044502781bb872ac2ec3c0""}]",DIRECTORY_EXPORT_DISCOVERY_AND_UNIVERSE_BOUNDARY,REVIEW_ROLE_THEN_FETCH_ALL_PAGES_AND_SOURCE_TOTAL;CLASSIFY_COMPANY_SECURITY_MEMBER_LICENSEE_OR_FORM,UNKNOWN,OBSERVED_LINK_REQUIRES_CONTENT_VALIDATION,P2_OTHER_CANDIDATE_REVIEW,B25 pending path and query signals: member,1,www.aixkz.com
B05:1065,https://www.asc.ca/en/issuer-regulation/fees-and-filing-deadlines/fee-and-refund-requests,www.albertasecurities.com,1,"[{""host"": ""www.albertasecurities.com"", ""observed_page"": ""https://www.asc.ca/"", ""target_url"": ""https://www.asc.ca/en/issuer-regulation/fees-and-filing-deadlines/fee-and-refund-requests"", ""anchor_text"": ""Fee and Refund Requests"", ""keyword_matches"": ""issuer"", ""evidence"": ""OBSERVED_LINK_NOT_DIRECTORY_CONTENT_VERIFIED"", ""source_body_sha256_observed"": ""934a41df838ca4c21cbc645f51c29897fc43e758e1545d8d9b73bb0cd82c2d4e""}]",DIRECTORY_EXPORT_DISCOVERY_AND_UNIVERSE_BOUNDARY,REVIEW_ROLE_THEN_FETCH_ALL_PAGES_AND_SOURCE_TOTAL;CLASSIFY_COMPANY_SECURITY_MEMBER_LICENSEE_OR_FORM,UNKNOWN,OBSERVED_LINK_REQUIRES_CONTENT_VALIDATION,P2_OTHER_CANDIDATE_REVIEW,B25 pending path and query signals: issuer,1,www.asc.ca
B05:1108,https://www.asic.gov.au/for-finance-professionals/afs-licensees/afs-licensee-obligations/,www.asic.gov.au,1,"[{""host"": ""www.asic.gov.au"", ""observed_page"": ""https://www.asic.gov.au/"", ""target_url"": ""https://www.asic.gov.au/for-finance-professionals/afs-licensees/afs-licensee-obligations/"", ""anchor_text"": ""Your obligations as an AFS licensee"", ""keyword_matches"": ""licens"", ""evidence"": ""OBSERVED_LINK_NOT_DIRECTORY_CONTENT_VERIFIED"", ""source_body_sha256_observed"": ""d33c516abedc2608bfe0767f01a3522a05fda178631141ce71b347389b2923b2""}]",DIRECTORY_EXPORT_DISCOVERY_AND_UNIVERSE_BOUNDARY,REVIEW_ROLE_THEN_FETCH_ALL_PAGES_AND_SOURCE_TOTAL;CLASSIFY_COMPANY_SECURITY_MEMBER_LICENSEE_OR_FORM,UNKNOWN,OBSERVED_LINK_REQUIRES_CONTENT_VALIDATION,P2_OTHER_CANDIDATE_REVIEW,B25 pending path and query signals: licen|licen,2,www.asic.gov.au
B05:1191,https://www.bancamarch.es/es/empresas/soluciones-para-empresas/financiacion/,www.bancamarch.es,1,"[{""host"": ""www.bancamarch.es"", ""observed_page"": ""https://www.bancamarch.es/es/"", ""target_url"": ""https://www.bancamarch.es/es/empresas/soluciones-para-empresas/financiacion/"", ""anchor_text"": ""Financiación"", ""keyword_matches"": ""empresas"", ""evidence"": ""OBSERVED_LINK_NOT_DIRECTORY_CONTENT_VERIFIED"", ""source_body_sha256_observed"": ""50888e1dd9d66b841d921e6d5c341b306c10e7632237d1afec1751a9493ff445""}]",DIRECTORY_EXPORT_DISCOVERY_AND_UNIVERSE_BOUNDARY,REVIEW_ROLE_THEN_FETCH_ALL_PAGES_AND_SOURCE_TOTAL;CLASSIFY_COMPANY_SECURITY_MEMBER_LICENSEE_OR_FORM,UNKNOWN,OBSERVED_LINK_REQUIRES_CONTENT_VALIDATION,P2_OTHER_CANDIDATE_REVIEW,B25 pending path and query signals: empresas|empresas,2,www.bancamarch.es
B05:1215,https://www.bcsc.bc.ca/industry/issuer-regulation/continuous-disclosure-obligations,www.bcsc.bc.ca,1,"[{""host"": ""www.bcsc.bc.ca"", ""observed_page"": ""https://www.bcsc.bc.ca/"", ""target_url"": ""https://www.bcsc.bc.ca/industry/issuer-regulation/continuous-disclosure-obligations"", ""anchor_text"": ""Continuous Disclosure Obligations"", ""keyword_matches"": ""issuer"", ""evidence"": ""OBSERVED_LINK_NOT_DIRECTORY_CONTENT_VERIFIED"", ""source_body_sha256_observed"": ""15278b16c215563900f0b1dde6c8c8d06dd76400ba95ab095bcd4373eba03aa8""}]",DIRECTORY_EXPORT_DISCOVERY_AND_UNIVERSE_BOUNDARY,REVIEW_ROLE_THEN_FETCH_ALL_PAGES_AND_SOURCE_TOTAL;CLASSIFY_COMPANY_SECURITY_MEMBER_LICENSEE_OR_FORM,UNKNOWN,OBSERVED_LINK_REQUIRES_CONTENT_VALIDATION,P2_OTHER_CANDIDATE_REVIEW,B25 pending path and query signals: issuer,1,www.bcsc.bc.ca
B05:1270,https://www.belizefsc.org.bz/securities-supervision/,www.belizefsc.org.bz,1,"[{""host"": ""www.belizefsc.org.bz"", ""observed_page"": ""https://www.belizefsc.org.bz/"", ""target_url"": ""https://www.belizefsc.org.bz/securities-supervision/"", ""anchor_text"": ""Supervision"", ""keyword_matches"": ""securit"", ""evidence"": ""OBSERVED_LINK_NOT_DIRECTORY_CONTENT_VERIFIED"", ""source_body_sha256_observed"": ""4885fc4fd81ba97aa555daeff1548c9e0d60b6e0c01bab379134a7259a1eeddd""}]",DIRECTORY_EXPORT_DISCOVERY_AND_UNIVERSE_BOUNDARY,REVIEW_ROLE_THEN_FETCH_ALL_PAGES_AND_SOURCE_TOTAL;CLASSIFY_COMPANY_SECURITY_MEMBER_LICENSEE_OR_FORM,UNKNOWN,OBSERVED_LINK_REQUIRES_CONTENT_VALIDATION,P2_OTHER_CANDIDATE_REVIEW,B25 pending path and query signals: securit,1,www.belizefsc.org.bz
B05:1288,https://www.bisxbahamas.com/all-listings/chl,www.bisxbahamas.com,1,"[{""host"": ""www.bisxbahamas.com"", ""observed_page"": ""https://www.bisxbahamas.com/"", ""target_url"": ""https://www.bisxbahamas.com/all-listings/chl"", ""anchor_text"": ""CHL 0.00 Vol $19.50"", ""keyword_matches"": ""listing"", ""evidence"": ""OBSERVED_LINK_NOT_DIRECTORY_CONTENT_VERIFIED"", ""source_body_sha256_observed"": ""d27b182388104a15416654d577521612a22e33b38b6c04b0bee2791192e5ec57""}]",DIRECTORY_EXPORT_DISCOVERY_AND_UNIVERSE_BOUNDARY,REVIEW_ROLE_THEN_FETCH_ALL_PAGES_AND_SOURCE_TOTAL;CLASSIFY_COMPANY_SECURITY_MEMBER_LICENSEE_OR_FORM,UNKNOWN,OBSERVED_LINK_REQUIRES_CONTENT_VALIDATION,P2_OTHER_CANDIDATE_REVIEW,B25 pending path and query signals: listing,5,www.bisxbahamas.com
B05:1458,https://www.bolsasymercados.es/es/securities-services/bme-clearing/regulacion.html,www.bolsasymercados.es,1,"[{""host"": ""www.bolsasymercados.es"", ""observed_page"": ""https://www.bolsasymercados.es/es/home.html"", ""target_url"": ""https://www.bolsasymercados.es/es/securities-services/bme-clearing/regulacion.html"", ""anchor_text"": ""Regulación y soporte"", ""keyword_matches"": ""securit"", ""evidence"": ""OBSERVED_LINK_NOT_DIRECTORY_CONTENT_VERIFIED"", ""source_body_sha256_observed"": ""3ddedb57bba97b3d4d47bab509fab17ee1076af9b1f5445e2a15ebad98af5185""}]",DIRECTORY_EXPORT_DISCOVERY_AND_UNIVERSE_BOUNDARY,REVIEW_ROLE_THEN_FETCH_ALL_PAGES_AND_SOURCE_TOTAL;CLASSIFY_COMPANY_SECURITY_MEMBER_LICENSEE_OR_FORM,UNKNOWN,OBSERVED_LINK_REQUIRES_CONTENT_VALIDATION,P2_OTHER_CANDIDATE_REVIEW,B25 pending path and query signals: securit,1,www.bolsasymercados.es
B05:1148,https://www.asx.com.au/content/asx/home/listings.html,www.asx.com.au,1,"[{""host"": ""www.asx.com.au"", ""observed_page"": ""https://www.asx.com.au/"", ""target_url"": ""https://www.asx.com.au/content/asx/home/listings.html"", ""anchor_text"": ""Listings"", ""keyword_matches"": ""listing"", ""evidence"": ""OBSERVED_LINK_NOT_DIRECTORY_CONTENT_VERIFIED"", ""source_body_sha256_observed"": ""73be3e6b46ae61afebffb6dc029f198b84dc10777709f8065a99c9853d72d177""}]",DIRECTORY_EXPORT_DISCOVERY_AND_UNIVERSE_BOUNDARY,REVIEW_ROLE_THEN_FETCH_ALL_PAGES_AND_SOURCE_TOTAL;CLASSIFY_COMPANY_SECURITY_MEMBER_LICENSEE_OR_FORM,UNKNOWN,OBSERVED_LINK_REQUIRES_CONTENT_VALIDATION,P2_OTHER_CANDIDATE_REVIEW,B25 pending path and query signals: listing,5,www.asx.com.au
B05:4643,https://www.tsx.com/en/listings/tsx-and-tsxv-issuer-resources/tsx-issuer-resources/disclosure-requirements,www.tsx.com,1,"[{""host"": ""www.tsx.com"", ""observed_page"": ""https://www.tsx.com/"", ""target_url"": ""https://www.tsx.com/en/listings/tsx-and-tsxv-issuer-resources/tsx-issuer-resources/disclosure-requirements"", ""anchor_text"": ""Disclosure Requirements"", ""keyword_matches"": ""issuer|listing"", ""evidence"": ""OBSERVED_LINK_NOT_DIRECTORY_CONTENT_VERIFIED"", ""source_body_sha256_observed"": ""9eb80ac6d855cd23fbcf2b58a31d191b5691c06c035e8cd928ba55f2b3384afc""}]",DIRECTORY_EXPORT_DISCOVERY_AND_UNIVERSE_BOUNDARY,REVIEW_ROLE_THEN_FETCH_ALL_PAGES_AND_SOURCE_TOTAL;CLASSIFY_COMPANY_SECURITY_MEMBER_LICENSEE_OR_FORM,UNKNOWN,OBSERVED_LINK_REQUIRES_CONTENT_VALIDATION,P2_OTHER_CANDIDATE_REVIEW,B25 pending path and query signals: listing|issuer|issuer,7,www.tsx.com
B05:3608,https://www.nasdaqdubai.com/listing/who-should-list,www.nasdaqdubai.com,1,"[{""host"": ""www.nasdaqdubai.com"", ""observed_page"": ""https://www.nasdaqdubai.com/"", ""target_url"": ""https://www.nasdaqdubai.com/listing/who-should-list"", ""anchor_text"": ""Who Should List"", ""keyword_matches"": ""listing"", ""evidence"": ""OBSERVED_LINK_NOT_DIRECTORY_CONTENT_VERIFIED"", ""source_body_sha256_observed"": ""faa53c138840ca41e2037eb6be5cf86e5e3c02b796faa15b4815797ec6faf070""}]",DIRECTORY_EXPORT_DISCOVERY_AND_UNIVERSE_BOUNDARY,REVIEW_ROLE_THEN_FETCH_ALL_PAGES_AND_SOURCE_TOTAL;CLASSIFY_COMPANY_SECURITY_MEMBER_LICENSEE_OR_FORM,UNKNOWN,OBSERVED_LINK_REQUIRES_CONTENT_VALIDATION,P2_OTHER_CANDIDATE_REVIEW,B25 pending path and query signals: listing,5,www.nasdaqdubai.com
B05:3868,https://www.osc.ca/en/securities-law/instruments-rules-policies,www.osc.ca,1,"[{""host"": ""www.osc.ca"", ""observed_page"": ""https://www.osc.ca/en"", ""target_url"": ""https://www.osc.ca/en/securities-law/instruments-rules-policies"", ""anchor_text"": ""Instruments, rules and policies"", ""keyword_matches"": ""securit"", ""evidence"": ""OBSERVED_LINK_NOT_DIRECTORY_CONTENT_VERIFIED"", ""source_body_sha256_observed"": ""1d2d3eeb8cfac4ea84c4a263b0e5cd063914163db30584df431bde24f357bb52""}]",DIRECTORY_EXPORT_DISCOVERY_AND_UNIVERSE_BOUNDARY,REVIEW_ROLE_THEN_FETCH_ALL_PAGES_AND_SOURCE_TOTAL;CLASSIFY_COMPANY_SECURITY_MEMBER_LICENSEE_OR_FORM,UNKNOWN,OBSERVED_LINK_REQUIRES_CONTENT_VALIDATION,P2_OTHER_CANDIDATE_REVIEW,B25 pending path and query signals: securit|instrument,2,www.osc.ca
B05:3934,https://www.psx.com.pk/psx/resources-and-tools/brokerage-firms/how-to-become-a-securities-broker-trec-holder,www.psx.com.pk,1,"[{""host"": ""www.psx.com.pk"", ""observed_page"": ""https://www.psx.com.pk/"", ""target_url"": ""https://www.psx.com.pk/psx/resources-and-tools/brokerage-firms/how-to-become-a-securities-broker-trec-holder"", ""anchor_text"": ""How to become a Securities-broker/ TREC Holder"", ""keyword_matches"": ""broker|securit"", ""evidence"": ""OBSERVED_LINK_NOT_DIRECTORY_CONTENT_VERIFIED"", ""source_body_sha256_observed"": ""9047bbcbae46b284d0c6e427946bec2fa77c07858eeafa3341a7534da6998fee""}]",DIRECTORY_EXPORT_DISCOVERY_AND_UNIVERSE_BOUNDARY,REVIEW_ROLE_THEN_FETCH_ALL_PAGES_AND_SOURCE_TOTAL;CLASSIFY_COMPANY_SECURITY_MEMBER_LICENSEE_OR_FORM,UNKNOWN,OBSERVED_LINK_REQUIRES_CONTENT_VALIDATION,P2_OTHER_CANDIDATE_REVIEW,B25 pending path and query signals: broker|securit|broker,3,www.psx.com.pk
B05:4794,https://www.wienerborse.at/listing/aktien/unternehmensliste/,www.wienerboerse.at|www.wienerborse.at,2,"[{""host"": ""www.wienerborse.at"", ""observed_page"": ""https://www.wienerborse.at/"", ""target_url"": ""https://www.wienerborse.at/listing/aktien/unternehmensliste/"", ""anchor_text"": ""Unternehmensliste"", ""keyword_matches"": ""listing"", ""evidence"": ""OBSERVED_LINK_NOT_DIRECTORY_CONTENT_VERIFIED"", ""source_body_sha256_observed"": ""8265cf9a64976443ceec55857348c29c1e566c8e2b2c1bd0517c9d69792db584""}, {""host"": ""www.wienerboerse.at"", ""observed_page"": ""https://www.wienerborse.at/"", ""target_url"": ""https://www.wienerborse.at/listing/aktien/unternehmensliste/"", ""anchor_text"": ""Unternehmensliste"", ""keyword_matches"": ""listing"", ""evidence"": ""OBSERVED_LINK_NOT_DIRECTORY_CONTENT_VERIFIED"", ""source_body_sha256_observed"": ""6a22e8bd924e623445b32b4544f80a00c0424f5107be1561612a09670611c121""}]",DIRECTORY_EXPORT_DISCOVERY_AND_UNIVERSE_BOUNDARY,REVIEW_ROLE_THEN_FETCH_ALL_PAGES_AND_SOURCE_TOTAL;CLASSIFY_COMPANY_SECURITY_MEMBER_LICENSEE_OR_FORM,UNKNOWN,OBSERVED_LINK_REQUIRES_CONTENT_VALIDATION,P2_OTHER_CANDIDATE_REVIEW,B25 pending path and query signals: listing,5,www.wienerborse.at
B05:1352,https://www.bmv.com.mx/en/my-company-on-the-exchange/available-instruments,www.bmv.com.mx,1,"[{""host"": ""www.bmv.com.mx"", ""observed_page"": ""https://www.bmv.com.mx/"", ""target_url"": ""https://www.bmv.com.mx/en/my-company-on-the-exchange/available-instruments"", ""anchor_text"": ""Available Instruments"", ""keyword_matches"": ""company"", ""evidence"": ""OBSERVED_LINK_NOT_DIRECTORY_CONTENT_VERIFIED"", ""source_body_sha256_observed"": ""03382cf5cd6132bba774ac72a5d672794c10603969d3795e4560e578e46f62b6""}]",DIRECTORY_EXPORT_DISCOVERY_AND_UNIVERSE_BOUNDARY,REVIEW_ROLE_THEN_FETCH_ALL_PAGES_AND_SOURCE_TOTAL;CLASSIFY_COMPANY_SECURITY_MEMBER_LICENSEE_OR_FORM,UNKNOWN,OBSERVED_LINK_REQUIRES_CONTENT_VALIDATION,P2_OTHER_CANDIDATE_REVIEW,B25 pending path and query signals: compan|instrument,2,www.bmv.com.mx
B05:2182,https://www.euronext.com/en/listing/etfs/listing-process,www.ccg.it|www.euronext.com,2,"[{""host"": ""www.ccg.it"", ""observed_page"": ""https://www.euronext.com/en/clearing"", ""target_url"": ""https://www.euronext.com/en/listing/etfs/listing-process"", ""anchor_text"": ""Listing process"", ""keyword_matches"": ""listing"", ""evidence"": ""OBSERVED_LINK_NOT_DIRECTORY_CONTENT_VERIFIED"", ""source_body_sha256_observed"": ""5d0144f68116c9324cc4b42e8eacbee1d605fdf3c575f97ee106e94255dbba9b""}, {""host"": ""www.euronext.com"", ""observed_page"": ""https://www.euronext.com/en"", ""target_url"": ""https://www.euronext.com/en/listing/etfs/listing-process"", ""anchor_text"": ""Listing process"", ""keyword_matches"": ""listing"", ""evidence"": ""OBSERVED_LINK_NOT_DIRECTORY_CONTENT_VERIFIED"", ""source_body_sha256_observed"": ""c5a4734cb3d415686c0f83f854b2f86445c0353235f86d03843abb35bfc415bb""}]",DIRECTORY_EXPORT_DISCOVERY_AND_UNIVERSE_BOUNDARY,REVIEW_ROLE_THEN_FETCH_ALL_PAGES_AND_SOURCE_TOTAL;CLASSIFY_COMPANY_SECURITY_MEMBER_LICENSEE_OR_FORM,UNKNOWN,OBSERVED_LINK_REQUIRES_CONTENT_VALIDATION,P2_OTHER_CANDIDATE_REVIEW,B25 pending path and query signals: listing|listing,6,www.euronext.com
B05:82,https://athens.euronext.com/en/market-data/issuers,www.athexgroup.gr,1,"[{""host"": ""www.athexgroup.gr"", ""observed_page"": ""https://athens.euronext.com/en"", ""target_url"": ""https://athens.euronext.com/en/market-data/issuers"", ""anchor_text"": ""Issuers"", ""keyword_matches"": ""issuer"", ""evidence"": ""OBSERVED_LINK_NOT_DIRECTORY_CONTENT_VERIFIED"", ""source_body_sha256_observed"": ""edff16b6a63ca60c7820a8bfb960b63bafa37abe7276a1f319be451613c647ce""}]",DIRECTORY_EXPORT_DISCOVERY_AND_UNIVERSE_BOUNDARY,REVIEW_ROLE_THEN_FETCH_ALL_PAGES_AND_SOURCE_TOTAL;CLASSIFY_COMPANY_SECURITY_MEMBER_LICENSEE_OR_FORM,UNKNOWN,OBSERVED_LINK_REQUIRES_CONTENT_VALIDATION,P2_OTHER_CANDIDATE_REVIEW,B25 pending path and query signals: issuer,1,athens.euronext.com
B05:3750,https://www.nssmc.gov.ua/register/nahliad/zupynka-dii-litsenzii/,www.nssmc.gov.ua,1,"[{""host"": ""www.nssmc.gov.ua"", ""observed_page"": ""https://www.nssmc.gov.ua/"", ""target_url"": ""https://www.nssmc.gov.ua/register/nahliad/zupynka-dii-litsenzii/"", ""anchor_text"": ""Зупинення дії ліцензії"", ""keyword_matches"": ""register"", ""evidence"": ""OBSERVED_LINK_NOT_DIRECTORY_CONTENT_VERIFIED"", ""source_body_sha256_observed"": ""49b960a81c5263d0abd8af18300f53a94489c85a3734af41e2def2de517bea3d""}]",DIRECTORY_EXPORT_DISCOVERY_AND_UNIVERSE_BOUNDARY,REVIEW_ROLE_THEN_FETCH_ALL_PAGES_AND_SOURCE_TOTAL;CLASSIFY_COMPANY_SECURITY_MEMBER_LICENSEE_OR_FORM,UNKNOWN,OBSERVED_LINK_REQUIRES_CONTENT_VALIDATION,P2_OTHER_CANDIDATE_REVIEW,B25 pending path and query signals: register,5,www.nssmc.gov.ua
B05:619,https://live.euronext.com/en/markets/lisbon/equities/list,www.ise.ie,1,"[{""host"": ""www.ise.ie"", ""observed_page"": ""https://live.euronext.com/en/markets/dublin"", ""target_url"": ""https://live.euronext.com/en/markets/lisbon/equities/list"", ""anchor_text"": ""Stocks"", ""keyword_matches"": ""equities"", ""evidence"": ""OBSERVED_LINK_NOT_DIRECTORY_CONTENT_VERIFIED"", ""source_body_sha256_observed"": ""176f16b54e1928d0b7f21426bb8690e9dd49d233d90c6cfaec7b86ee19fd2056""}]",DIRECTORY_EXPORT_DISCOVERY_AND_UNIVERSE_BOUNDARY,REVIEW_ROLE_THEN_FETCH_ALL_PAGES_AND_SOURCE_TOTAL;CLASSIFY_COMPANY_SECURITY_MEMBER_LICENSEE_OR_FORM,UNKNOWN,OBSERVED_LINK_REQUIRES_CONTENT_VALIDATION,P2_OTHER_CANDIDATE_REVIEW,B25 pending path and query signals: equit,1,live.euronext.com
B05:4078,https://www.sebon.gov.np/report-consultation-paper/नेपालको-धितोपत्र-बजारमा-margin-lending-securities-lending-and-borrowing-र-short-selling-को-लागि-गर्नुपर्ने-नीतिगत-कानूनी-संरचनागत-तथा-प्राविधिक-व्यवस्था-सम्बन्धी-अवधारणापत्र-२०८३,www.sebon.gov.np,1,"[{""host"": ""www.sebon.gov.np"", ""observed_page"": ""https://www.sebon.gov.np/"", ""target_url"": ""https://www.sebon.gov.np/report-consultation-paper/नेपालको-धितोपत्र-बजारमा-margin-lending-securities-lending-and-borrowing-र-short-selling-को-लागि-गर्नुपर्ने-नीतिगत-कानूनी-संरचनागत-तथा-प्राविधिक-व्यवस्था-सम्बन्धी-अवधारणापत्र-२०८३"", ""anchor_text"": ""नेपालको धितोपत्र बजारमा Margin Lending, Securities Lending and Borrowing र Short Selling को लागि गर्नुपर्ने नीतिगत, कानूनी, संरचनागत तथा प्राविधिक व्यवस्था सम्बन्धी अवधारणापत्र, २०८३"", ""keyword_matches"": ""securit"", ""evidence"": ""OBSERVED_LINK_NOT_DIRECTORY_CONTENT_VERIFIED"", ""source_body_sha256_observed"": ""e8b327c3dee78237f826acdabe79b4b15ccdc212d3b450e18c4e952928af36ca""}]",DIRECTORY_EXPORT_DISCOVERY_AND_UNIVERSE_BOUNDARY,REVIEW_ROLE_THEN_FETCH_ALL_PAGES_AND_SOURCE_TOTAL;CLASSIFY_COMPANY_SECURITY_MEMBER_LICENSEE_OR_FORM,UNKNOWN,OBSERVED_LINK_REQUIRES_CONTENT_VALIDATION,P2_OTHER_CANDIDATE_REVIEW,B25 pending path and query signals: securit,1,www.sebon.gov.np
B05:4762,https://www.vorvel.eu/en/exchange/documents/company-presentation,www.vorvel.eu,1,"[{""host"": ""www.vorvel.eu"", ""observed_page"": ""https://www.vorvel.eu/en"", ""target_url"": ""https://www.vorvel.eu/en/exchange/documents/company-presentation"", ""anchor_text"": ""Company presentation"", ""keyword_matches"": ""company"", ""evidence"": ""OBSERVED_LINK_NOT_DIRECTORY_CONTENT_VERIFIED"", ""source_body_sha256_observed"": ""f817ae7701ec5f558db75cc6f7e4df7305fdd71db82e772bb191da411211d494""}]",DIRECTORY_EXPORT_DISCOVERY_AND_UNIVERSE_BOUNDARY,REVIEW_ROLE_THEN_FETCH_ALL_PAGES_AND_SOURCE_TOTAL;CLASSIFY_COMPANY_SECURITY_MEMBER_LICENSEE_OR_FORM,UNKNOWN,OBSERVED_LINK_REQUIRES_CONTENT_VALIDATION,P2_OTHER_CANDIDATE_REVIEW,B25 pending path and query signals: compan,1,www.vorvel.eu
B05:1964,https://www.dfsa.ae/what-we-do/dfsa-listing-authority/forms,www.dfsa.ae,1,"[{""host"": ""www.dfsa.ae"", ""observed_page"": ""https://www.dfsa.ae/"", ""target_url"": ""https://www.dfsa.ae/what-we-do/dfsa-listing-authority/forms"", ""anchor_text"": ""Forms"", ""keyword_matches"": ""listing"", ""evidence"": ""OBSERVED_LINK_NOT_DIRECTORY_CONTENT_VERIFIED"", ""source_body_sha256_observed"": ""ebc8c9ac1271aa4e3dce4c44eca94eae767571835c9ef0fdfe8eeeecc837cb2b""}]",DIRECTORY_EXPORT_DISCOVERY_AND_UNIVERSE_BOUNDARY,REVIEW_ROLE_THEN_FETCH_ALL_PAGES_AND_SOURCE_TOTAL;CLASSIFY_COMPANY_SECURITY_MEMBER_LICENSEE_OR_FORM,UNKNOWN,OBSERVED_LINK_REQUIRES_CONTENT_VALIDATION,P2_OTHER_CANDIDATE_REVIEW,B25 pending path and query signals: listing,5,www.dfsa.ae
B05:3498,https://www.miaxglobal.com/company/about/history-of-growth,www.miaxglobal.com|www.miaxoptions.com,2,"[{""host"": ""www.miaxglobal.com"", ""observed_page"": ""https://www.miaxglobal.com/"", ""target_url"": ""https://www.miaxglobal.com/company/about/history-of-growth"", ""anchor_text"": ""History of Growth"", ""keyword_matches"": ""company"", ""evidence"": ""OBSERVED_LINK_NOT_DIRECTORY_CONTENT_VERIFIED"", ""source_body_sha256_observed"": ""a648f87a4c4291b6adf61cfa3d50d111c3ac04d283fbc30f5b12f0ebb753fb7c""}, {""host"": ""www.miaxoptions.com"", ""observed_page"": ""https://www.miaxglobal.com/"", ""target_url"": ""https://www.miaxglobal.com/company/about/history-of-growth"", ""anchor_text"": ""History of Growth"", ""keyword_matches"": ""company"", ""evidence"": ""OBSERVED_LINK_NOT_DIRECTORY_CONTENT_VERIFIED"", ""source_body_sha256_observed"": ""a648f87a4c4291b6adf61cfa3d50d111c3ac04d283fbc30f5b12f0ebb753fb7c""}]",DIRECTORY_EXPORT_DISCOVERY_AND_UNIVERSE_BOUNDARY,REVIEW_ROLE_THEN_FETCH_ALL_PAGES_AND_SOURCE_TOTAL;CLASSIFY_COMPANY_SECURITY_MEMBER_LICENSEE_OR_FORM,UNKNOWN,OBSERVED_LINK_REQUIRES_CONTENT_VALIDATION,P2_OTHER_CANDIDATE_REVIEW,B25 pending path and query signals: compan,1,www.miaxglobal.com
B05:1521,https://www.bsx.com/insurance-linked-securities,www.bsx.com,1,"[{""host"": ""www.bsx.com"", ""observed_page"": ""https://www.bsx.com/"", ""target_url"": ""https://www.bsx.com/insurance-linked-securities"", ""anchor_text"": ""Insurance-Linked Securities"", ""keyword_matches"": ""securit"", ""evidence"": ""OBSERVED_LINK_NOT_DIRECTORY_CONTENT_VERIFIED"", ""source_body_sha256_observed"": ""a0c12f6f568ca36e7a14ea13460567da144382124468b75000194e875cfaae8d""}]",DIRECTORY_EXPORT_DISCOVERY_AND_UNIVERSE_BOUNDARY,REVIEW_ROLE_THEN_FETCH_ALL_PAGES_AND_SOURCE_TOTAL;CLASSIFY_COMPANY_SECURITY_MEMBER_LICENSEE_OR_FORM,UNKNOWN,OBSERVED_LINK_REQUIRES_CONTENT_VALIDATION,P2_OTHER_CANDIDATE_REVIEW,B25 pending path and query signals: securit,1,www.bsx.com
B05:1535,https://www.bvb.ro/ForCompanies/MainMarket/Faq,www.bvb.ro,1,"[{""host"": ""www.bvb.ro"", ""observed_page"": ""https://www.bvb.ro/"", ""target_url"": ""https://www.bvb.ro/ForCompanies/MainMarket/Faq"", ""anchor_text"": ""Intrebari frecvente"", ""keyword_matches"": ""companies"", ""evidence"": ""OBSERVED_LINK_NOT_DIRECTORY_CONTENT_VERIFIED"", ""source_body_sha256_observed"": ""1f93ceb2fb33234e52c40eb22feb4712b8485864c6c6cb240189ee8d74f008f8""}]",DIRECTORY_EXPORT_DISCOVERY_AND_UNIVERSE_BOUNDARY,REVIEW_ROLE_THEN_FETCH_ALL_PAGES_AND_SOURCE_TOTAL;CLASSIFY_COMPANY_SECURITY_MEMBER_LICENSEE_OR_FORM,UNKNOWN,OBSERVED_LINK_REQUIRES_CONTENT_VALIDATION,P2_OTHER_CANDIDATE_REVIEW,B25 pending path and query signals: Compan,1,www.bvb.ro
B05:1657,https://www.cboe.com/solutions/listings/eu,fx.cboe.com|markets.cboe.com|www.bats.com|www.bidstrading.com|www.cboe.co.jp|www.cboe.com|www.cboedigital.com,7,"[{""host"": ""fx.cboe.com"", ""observed_page"": ""https://www.cboe.com/markets/fx"", ""target_url"": ""https://www.cboe.com/solutions/listings/eu"", ""anchor_text"": ""Europe Listings"", ""keyword_matches"": ""listing"", ""evidence"": ""OBSERVED_LINK_NOT_DIRECTORY_CONTENT_VERIFIED"", ""source_body_sha256_observed"": ""c5f5894fa5cd08820a475e0e579fef158bd946e0460eb3c5dc25ed7dad616fdd""}, {""host"": ""markets.cboe.com"", ""observed_page"": ""https://www.cboe.com/"", ""target_url"": ""https://www.cboe.com/solutions/listings/eu"", ""anchor_text"": ""Europe Listings"", ""keyword_matches"": ""listing"", ""evidence"": ""OBSERVED_LINK_NOT_DIRECTORY_CONTENT_VERIFIED"", ""source_body_sha256_observed"": ""27deea74fed1babb8be3481049574c953752db49039701280d94aa3fce603747""}, {""host"": ""www.bats.com"", ""observed_page"": ""https://www.cboe.com/"", ""target_url"": ""https://www.cboe.com/solutions/listings/eu"", ""anchor_text"": ""Europe Listings"", ""keyword_matches"": ""listing"", ""evidence"": ""OBSERVED_LINK_NOT_DIRECTORY_CONTENT_VERIFIED"", ""source_body_sha256_observed"": ""27deea74fed1babb8be3481049574c953752db49039701280d94aa3fce603747""}, {""host"": ""www.bidstrading.com"", ""observed_page"": ""https://www.cboe.com/markets/bidstrading"", ""target_url"": ""https://www.cboe.com/solutions/listings/eu"", ""anchor_text"": ""Europe Listings"", ""keyword_matches"": ""listing"", ""evidence"": ""OBSERVED_LINK_NOT_DIRECTORY_CONTENT_VERIFIED"", ""source_body_sha256_observed"": ""4d3883ca06c0329bd43af1e4b1f734b290fa16f48571a7d1c821b2e3c966c356""}, {""host"": ""www.cboe.com"", ""observed_page"": ""https://www.cboe.com/"", ""target_url"": ""https://www.cboe.com/solutions/listings/eu"", ""anchor_text"": ""Europe Listings"", ""keyword_matches"": ""listing"", ""evidence"": ""OBSERVED_LINK_NOT_DIRECTORY_CONTENT_VERIFIED"", ""source_body_sha256_observed"": ""27deea74fed1babb8be3481049574c953752db49039701280d94aa3fce603747""}, {""host"": ""www.cboe.co.jp"", ""observed_page"": ""https://www.cboe.com/"", ""target_url"": ""https://www.cboe.com/solutions/listings/eu"", ""anchor_text"": ""Europe Listings"", ""keyword_matches"": ""listing"", ""evidence"": ""OBSERVED_LINK_NOT_DIRECTORY_CONTENT_VERIFIED"", ""source_body_sha256_observed"": ""27deea74fed1babb8be3481049574c953752db49039701280d94aa3fce603747""}, {""host"": ""www.cboedigital.com"", ""observed_page"": ""https://www.cboe.com/solutions/clearing/us"", ""target_url"": ""https://www.cboe.com/solutions/listings/eu"", ""anchor_text"": ""Europe Listings"", ""keyword_matches"": ""listing"", ""evidence"": ""OBSERVED_LINK_NOT_DIRECTORY_CONTENT_VERIFIED"", ""source_body_sha256_observed"": ""e95766274a5ef883245c8a2ed47d59e0145d80de417dc3916828f2e7007347f9""}]",DIRECTORY_EXPORT_DISCOVERY_AND_UNIVERSE_BOUNDARY,REVIEW_ROLE_THEN_FETCH_ALL_PAGES_AND_SOURCE_TOTAL;CLASSIFY_COMPANY_SECURITY_MEMBER_LICENSEE_OR_FORM,UNKNOWN,OBSERVED_LINK_REQUIRES_CONTENT_VALIDATION,P2_OTHER_CANDIDATE_REVIEW,B25 pending path and query signals: listing,5,www.cboe.com
B05:1730,https://www.cds.ca/participants/resources/participant-resources,www.cds.ca,2,"[{""host"": ""www.cds.ca"", ""observed_page"": ""https://www.cds.ca/"", ""target_url"": ""https://www.cds.ca/participants/resources/participant-resources"", ""anchor_text"": ""Participant Resources"", ""evidence"": ""OBSERVED_LINK_NOT_DIRECTORY_CONTENT_VERIFIED"", ""source_body_sha256_observed"": ""977bc383cfdbba702140277c4587bc2815d8b1465c327e2862b6e9511a65c802""}, {""host"": ""www.cds.ca"", ""observed_page"": ""https://www.cds.ca/"", ""target_url"": ""https://www.cds.ca/participants/resources/participant-resources"", ""anchor_text"": ""Participant Resources"", ""evidence"": ""OBSERVED_LINK_NOT_DIRECTORY_CONTENT_VERIFIED"", ""source_body_sha256_observed"": ""977bc383cfdbba702140277c4587bc2815d8b1465c327e2862b6e9511a65c802""}]",DIRECTORY_EXPORT_DISCOVERY_AND_UNIVERSE_BOUNDARY,REVIEW_ROLE_THEN_FETCH_ALL_PAGES_AND_SOURCE_TOTAL;CLASSIFY_COMPANY_SECURITY_MEMBER_LICENSEE_OR_FORM,UNKNOWN,OBSERVED_LINK_REQUIRES_CONTENT_VALIDATION,P2_OTHER_CANDIDATE_REVIEW,B25 pending path and query signals: participant|participant,2,www.cds.ca
B05:1754,https://www.centralbank.ie/financial-system/payments-and-securities-settlements/payment-system-approval-process,www.centralbank.ie,1,"[{""host"": ""www.centralbank.ie"", ""observed_page"": ""https://www.centralbank.ie/"", ""target_url"": ""https://www.centralbank.ie/financial-system/payments-and-securities-settlements/payment-system-approval-process"", ""anchor_text"": ""Payments Systems Approval Process"", ""keyword_matches"": ""securit"", ""evidence"": ""OBSERVED_LINK_NOT_DIRECTORY_CONTENT_VERIFIED"", ""source_body_sha256_observed"": ""847f664dd5ede073be0204b4beb53f05ea2d5065e20b01ebacf716351fc3c4a0""}]",DIRECTORY_EXPORT_DISCOVERY_AND_UNIVERSE_BOUNDARY,REVIEW_ROLE_THEN_FETCH_ALL_PAGES_AND_SOURCE_TOTAL;CLASSIFY_COMPANY_SECURITY_MEMBER_LICENSEE_OR_FORM,UNKNOWN,OBSERVED_LINK_REQUIRES_CONTENT_VALIDATION,P2_OTHER_CANDIDATE_REVIEW,B25 pending path and query signals: securit,1,www.centralbank.ie
B05:1796,https://www.cima.ky/trusts-licensing-requirements,www.cima.ky,1,"[{""host"": ""www.cima.ky"", ""observed_page"": ""https://www.cima.ky/"", ""target_url"": ""https://www.cima.ky/trusts-licensing-requirements"", ""anchor_text"": ""Licensing Requirements"", ""keyword_matches"": ""licens"", ""evidence"": ""OBSERVED_LINK_NOT_DIRECTORY_CONTENT_VERIFIED"", ""source_body_sha256_observed"": ""0e5b0ebe5b62bcf10f5bd71b233d19243cca196da8a5f87aa1824e286b249302""}]",DIRECTORY_EXPORT_DISCOVERY_AND_UNIVERSE_BOUNDARY,REVIEW_ROLE_THEN_FETCH_ALL_PAGES_AND_SOURCE_TOTAL;CLASSIFY_COMPANY_SECURITY_MEMBER_LICENSEE_OR_FORM,UNKNOWN,OBSERVED_LINK_REQUIRES_CONTENT_VALIDATION,P2_OTHER_CANDIDATE_REVIEW,B25 pending path and query signals: licen,1,www.cima.ky
B05:1893,https://www.csx.ky/listing/derivative-warrants.asp,www.csx.ky,1,"[{""host"": ""www.csx.ky"", ""observed_page"": ""https://www.csx.ky/"", ""target_url"": ""https://www.csx.ky/listing/derivative-warrants.asp"", ""anchor_text"": ""Derivative Warrants"", ""keyword_matches"": ""listing"", ""evidence"": ""OBSERVED_LINK_NOT_DIRECTORY_CONTENT_VERIFIED"", ""source_body_sha256_observed"": ""f9e7d4175dcf859a93f3837467edc8edac9746f1193cd8a26aeb75111e881f65""}]",DIRECTORY_EXPORT_DISCOVERY_AND_UNIVERSE_BOUNDARY,REVIEW_ROLE_THEN_FETCH_ALL_PAGES_AND_SOURCE_TOTAL;CLASSIFY_COMPANY_SECURITY_MEMBER_LICENSEE_OR_FORM,UNKNOWN,OBSERVED_LINK_REQUIRES_CONTENT_VALIDATION,P2_OTHER_CANDIDATE_REVIEW,B25 pending path and query signals: listing,5,www.csx.ky
B05:1942,https://www.dfm.ae/raise-capital/ipo-listings/free-zones,www.dfm.ae,1,"[{""host"": ""www.dfm.ae"", ""observed_page"": ""https://www.dfm.ae/"", ""target_url"": ""https://www.dfm.ae/raise-capital/ipo-listings/free-zones"", ""anchor_text"": ""Free Zones"", ""keyword_matches"": ""listing"", ""evidence"": ""OBSERVED_LINK_NOT_DIRECTORY_CONTENT_VERIFIED"", ""source_body_sha256_observed"": ""74edc96871343144ab72fd68a6b4146f21bc7a3a326fb90a8e0a07732f2aa77e""}]",DIRECTORY_EXPORT_DISCOVERY_AND_UNIVERSE_BOUNDARY,REVIEW_ROLE_THEN_FETCH_ALL_PAGES_AND_SOURCE_TOTAL;CLASSIFY_COMPANY_SECURITY_MEMBER_LICENSEE_OR_FORM,UNKNOWN,OBSERVED_LINK_REQUIRES_CONTENT_VALIDATION,P2_OTHER_CANDIDATE_REVIEW,B25 pending path and query signals: listing,5,www.dfm.ae
B05:2009,https://www.ecc.de/en/membership/non-clearing-members/admission-process,www.ecc.de,1,"[{""host"": ""www.ecc.de"", ""observed_page"": ""https://www.ecc.de/en/"", ""target_url"": ""https://www.ecc.de/en/membership/non-clearing-members/admission-process"", ""anchor_text"": ""Admission Process"", ""keyword_matches"": ""member"", ""evidence"": ""OBSERVED_LINK_NOT_DIRECTORY_CONTENT_VERIFIED"", ""source_body_sha256_observed"": ""f1f874ca63bca77f38946f0119f2c10aaea74772ba03471300f60726c346f6c0""}]",DIRECTORY_EXPORT_DISCOVERY_AND_UNIVERSE_BOUNDARY,REVIEW_ROLE_THEN_FETCH_ALL_PAGES_AND_SOURCE_TOTAL;CLASSIFY_COMPANY_SECURITY_MEMBER_LICENSEE_OR_FORM,UNKNOWN,OBSERVED_LINK_REQUIRES_CONTENT_VALIDATION,P2_OTHER_CANDIDATE_REVIEW,B25 pending path and query signals: member|member,2,www.ecc.de
B05:2104,https://www.ese.co.sz/members/secretaries/,www.ese.co.sz,1,"[{""host"": ""www.ese.co.sz"", ""observed_page"": ""https://www.ese.co.sz/"", ""target_url"": ""https://www.ese.co.sz/members/secretaries/"", ""anchor_text"": ""Transfer Secretaries"", ""evidence"": ""OBSERVED_LINK_NOT_DIRECTORY_CONTENT_VERIFIED"", ""source_body_sha256_observed"": ""00af8618323b12122c00fac7191184eb009c9281e10af0266b5b9fd62cb5f590""}]",DIRECTORY_EXPORT_DISCOVERY_AND_UNIVERSE_BOUNDARY,REVIEW_ROLE_THEN_FETCH_ALL_PAGES_AND_SOURCE_TOTAL;CLASSIFY_COMPANY_SECURITY_MEMBER_LICENSEE_OR_FORM,UNKNOWN,OBSERVED_LINK_REQUIRES_CONTENT_VALIDATION,P2_OTHER_CANDIDATE_REVIEW,B25 pending path and query signals: member,1,www.ese.co.sz
B05:2118,https://www.esma.europa.eu/esmas-activities/markets-and-infrastructure/securitisation,www.esma.europa.eu,1,"[{""host"": ""www.esma.europa.eu"", ""observed_page"": ""https://www.esma.europa.eu/"", ""target_url"": ""https://www.esma.europa.eu/esmas-activities/markets-and-infrastructure/securitisation"", ""anchor_text"": ""Securitisation"", ""keyword_matches"": ""securit"", ""evidence"": ""OBSERVED_LINK_NOT_DIRECTORY_CONTENT_VERIFIED"", ""source_body_sha256_observed"": ""0160ecba2977455ea76b8c62e8aca767863f0962065bcd2279d8b8ab19e73dd2""}]",DIRECTORY_EXPORT_DISCOVERY_AND_UNIVERSE_BOUNDARY,REVIEW_ROLE_THEN_FETCH_ALL_PAGES_AND_SOURCE_TOTAL;CLASSIFY_COMPANY_SECURITY_MEMBER_LICENSEE_OR_FORM,UNKNOWN,OBSERVED_LINK_REQUIRES_CONTENT_VALIDATION,P2_OTHER_CANDIDATE_REVIEW,B25 pending path and query signals: securit,1,www.esma.europa.eu
B05:2131,https://www.eurex.com/ec-en/services/collateral-management/securities-collateral,www.eurexclearing.com,1,"[{""host"": ""www.eurexclearing.com"", ""observed_page"": ""https://www.eurex.com/ec-en/"", ""target_url"": ""https://www.eurex.com/ec-en/services/collateral-management/securities-collateral"", ""anchor_text"": ""Securities collateral"", ""keyword_matches"": ""securit"", ""evidence"": ""OBSERVED_LINK_NOT_DIRECTORY_CONTENT_VERIFIED"", ""source_body_sha256_observed"": ""32afa44652f6aee966081751b4b4571a42e06501f0d6175fa0807b9480fd8228""}]",DIRECTORY_EXPORT_DISCOVERY_AND_UNIVERSE_BOUNDARY,REVIEW_ROLE_THEN_FETCH_ALL_PAGES_AND_SOURCE_TOTAL;CLASSIFY_COMPANY_SECURITY_MEMBER_LICENSEE_OR_FORM,UNKNOWN,OBSERVED_LINK_REQUIRES_CONTENT_VALIDATION,P2_OTHER_CANDIDATE_REVIEW,B25 pending path and query signals: securit,1,www.eurex.com
B05:2313,https://www.fma-li.li/de/finanzdienstleister/bereich-versicherungen-vorsorgeeinrichtungen/vorsorgeeinrichtungen/register,www.fma-li.li,1,"[{""host"": ""www.fma-li.li"", ""observed_page"": ""https://www.fma-li.li/de"", ""target_url"": ""https://www.fma-li.li/de/finanzdienstleister/bereich-versicherungen-vorsorgeeinrichtungen/vorsorgeeinrichtungen/register"", ""anchor_text"": ""Register"", ""keyword_matches"": ""register"", ""evidence"": ""OBSERVED_LINK_NOT_DIRECTORY_CONTENT_VERIFIED"", ""source_body_sha256_observed"": ""cfcd26274873b35d246996c5ff74a51336922a2bacefdf21d15850c14e8af933""}]",DIRECTORY_EXPORT_DISCOVERY_AND_UNIVERSE_BOUNDARY,REVIEW_ROLE_THEN_FETCH_ALL_PAGES_AND_SOURCE_TOTAL;CLASSIFY_COMPANY_SECURITY_MEMBER_LICENSEE_OR_FORM,UNKNOWN,OBSERVED_LINK_REQUIRES_CONTENT_VALIDATION,P2_OTHER_CANDIDATE_REVIEW,B25 pending path and query signals: register,5,www.fma-li.li
B05:2421,https://www.gleif.org/en/organizational-identity/become-an-lei-issuer/accreditation-process,www.gleif.org,1,"[{""host"": ""www.gleif.org"", ""observed_page"": ""https://www.gleif.org/en"", ""target_url"": ""https://www.gleif.org/en/organizational-identity/become-an-lei-issuer/accreditation-process"", ""anchor_text"": ""Accreditation Process"", ""keyword_matches"": ""issuer"", ""evidence"": ""OBSERVED_LINK_NOT_DIRECTORY_CONTENT_VERIFIED"", ""source_body_sha256_observed"": ""a9144877987c606ceb745bfdc640b323620631f413057bfee91c368e3771169c""}]",DIRECTORY_EXPORT_DISCOVERY_AND_UNIVERSE_BOUNDARY,REVIEW_ROLE_THEN_FETCH_ALL_PAGES_AND_SOURCE_TOTAL;CLASSIFY_COMPANY_SECURITY_MEMBER_LICENSEE_OR_FORM,UNKNOWN,OBSERVED_LINK_REQUIRES_CONTENT_VALIDATION,P2_OTHER_CANDIDATE_REVIEW,B25 pending path and query signals: issuer,1,www.gleif.org
B05:2478,https://www.hkex.com.hk/Listing/Explore-By-Role/Potential-Applicants?sc_lang=en,www.hkex.com.hk,1,"[{""host"": ""www.hkex.com.hk"", ""observed_page"": ""https://www.hkex.com.hk/?sc_lang=en"", ""target_url"": ""https://www.hkex.com.hk/Listing/Explore-By-Role/Potential-Applicants?sc_lang=en"", ""anchor_text"": ""Explore By Role"", ""keyword_matches"": ""listing"", ""evidence"": ""OBSERVED_LINK_NOT_DIRECTORY_CONTENT_VERIFIED"", ""source_body_sha256_observed"": ""d177c4fd7167dfe7fd2670099ed0f3fd192343a218eee2df624ef9f54e6ea035""}]",DIRECTORY_EXPORT_DISCOVERY_AND_UNIVERSE_BOUNDARY,REVIEW_ROLE_THEN_FETCH_ALL_PAGES_AND_SOURCE_TOTAL;CLASSIFY_COMPANY_SECURITY_MEMBER_LICENSEE_OR_FORM,UNKNOWN,OBSERVED_LINK_REQUIRES_CONTENT_VALIDATION,P2_OTHER_CANDIDATE_REVIEW,B25 pending path and query signals: Listing,5,www.hkex.com.hk
B05:2557,https://www.icexindia.com/membership/compliance,www.icexindia.com,1,"[{""host"": ""www.icexindia.com"", ""observed_page"": ""https://www.icexindia.com/"", ""target_url"": ""https://www.icexindia.com/membership/compliance"", ""anchor_text"": ""Compliance"", ""keyword_matches"": ""member"", ""evidence"": ""OBSERVED_LINK_NOT_DIRECTORY_CONTENT_VERIFIED"", ""source_body_sha256_observed"": ""a470eb02198bafd65210d59d1749f54103c0129b00db7f872dab816768ba3bce""}]",DIRECTORY_EXPORT_DISCOVERY_AND_UNIVERSE_BOUNDARY,REVIEW_ROLE_THEN_FETCH_ALL_PAGES_AND_SOURCE_TOTAL;CLASSIFY_COMPANY_SECURITY_MEMBER_LICENSEE_OR_FORM,UNKNOWN,OBSERVED_LINK_REQUIRES_CONTENT_VALIDATION,P2_OTHER_CANDIDATE_REVIEW,B25 pending path and query signals: member,1,www.icexindia.com
B05:2579,https://www.icmagroup.org/market-practice-and-regulatory-policy/primary-markets/primary-market-products/securitisation/,www.icmagroup.org,1,"[{""host"": ""www.icmagroup.org"", ""observed_page"": ""https://www.icmagroup.org/"", ""target_url"": ""https://www.icmagroup.org/market-practice-and-regulatory-policy/primary-markets/primary-market-products/securitisation/"", ""anchor_text"": ""Securitisation"", ""keyword_matches"": ""securit"", ""evidence"": ""OBSERVED_LINK_NOT_DIRECTORY_CONTENT_VERIFIED"", ""source_body_sha256_observed"": ""62d1010431e700d902235f3fd1509e5a69e00735aafecdd86683149a6d75fce7""}]",DIRECTORY_EXPORT_DISCOVERY_AND_UNIVERSE_BOUNDARY,REVIEW_ROLE_THEN_FETCH_ALL_PAGES_AND_SOURCE_TOTAL;CLASSIFY_COMPANY_SECURITY_MEMBER_LICENSEE_OR_FORM,UNKNOWN,OBSERVED_LINK_REQUIRES_CONTENT_VALIDATION,P2_OTHER_CANDIDATE_REVIEW,B25 pending path and query signals: securit,1,www.icmagroup.org
B05:2625,https://www.indiainx.com/static/Membership_Forms_for_Non_Banks.aspx,www.indiainx.com,1,"[{""host"": ""www.indiainx.com"", ""observed_page"": ""https://www.indiainx.com/"", ""target_url"": ""https://www.indiainx.com/static/Membership_Forms_for_Non_Banks.aspx"", ""anchor_text"": ""Membership Forms for Non-Banks"", ""keyword_matches"": ""member"", ""evidence"": ""OBSERVED_LINK_NOT_DIRECTORY_CONTENT_VERIFIED"", ""source_body_sha256_observed"": ""40615047869310e48e94e7dc96c8868deec650d8d2213c416e0534e5c63f7934""}]",DIRECTORY_EXPORT_DISCOVERY_AND_UNIVERSE_BOUNDARY,REVIEW_ROLE_THEN_FETCH_ALL_PAGES_AND_SOURCE_TOTAL;CLASSIFY_COMPANY_SECURITY_MEMBER_LICENSEE_OR_FORM,UNKNOWN,OBSERVED_LINK_REQUIRES_CONTENT_VALIDATION,P2_OTHER_CANDIDATE_REVIEW,B25 pending path and query signals: Member,1,www.indiainx.com
B05:3043,https://www.japannext.co.jp/pub_data/pub_onboarding/Japannext_PTS_OUCH_Equities_v1.12.pcap,www.japannext.co.jp,1,"[{""host"": ""www.japannext.co.jp"", ""observed_page"": ""https://www.japannext.co.jp/"", ""target_url"": ""https://www.japannext.co.jp/pub_data/pub_onboarding/Japannext_PTS_OUCH_Equities_v1.12.pcap"", ""anchor_text"": ""OUCH Equities 1.12 Sample PCAP File"", ""keyword_matches"": ""equities"", ""evidence"": ""OBSERVED_LINK_NOT_DIRECTORY_CONTENT_VERIFIED"", ""source_body_sha256_observed"": ""a55bb1269a8c4b77d34263278389ec89eaa126011b5b49eebe1d53b84948193a""}]",DIRECTORY_EXPORT_DISCOVERY_AND_UNIVERSE_BOUNDARY,REVIEW_ROLE_THEN_FETCH_ALL_PAGES_AND_SOURCE_TOTAL;CLASSIFY_COMPANY_SECURITY_MEMBER_LICENSEE_OR_FORM,UNKNOWN,OBSERVED_LINK_REQUIRES_CONTENT_VALIDATION,P2_OTHER_CANDIDATE_REVIEW,B25 pending path and query signals: Equit,1,www.japannext.co.jp
B05:3076,https://www.jpx.co.jp/markets/paid-info-listing/ir/index.html,www.jpx.co.jp,1,"[{""host"": ""www.jpx.co.jp"", ""observed_page"": ""https://www.jpx.co.jp/"", ""target_url"": ""https://www.jpx.co.jp/markets/paid-info-listing/ir/index.html"", ""anchor_text"": ""IRコミュニケーションプラットフォーム 決算説明会情報の提供や、投資家、証券会社と上場会社間の取材日程の調整など、各種サービスを提供しています。"", ""keyword_matches"": ""listing"", ""evidence"": ""OBSERVED_LINK_NOT_DIRECTORY_CONTENT_VERIFIED"", ""source_body_sha256_observed"": ""400bdea291c1ccf4690084b4091f0ae91d14ec2facef1c4ef25832dba9aa3ab8""}]",DIRECTORY_EXPORT_DISCOVERY_AND_UNIVERSE_BOUNDARY,REVIEW_ROLE_THEN_FETCH_ALL_PAGES_AND_SOURCE_TOTAL;CLASSIFY_COMPANY_SECURITY_MEMBER_LICENSEE_OR_FORM,UNKNOWN,OBSERVED_LINK_REQUIRES_CONTENT_VALIDATION,P2_OTHER_CANDIDATE_REVIEW,B25 pending path and query signals: listing,5,www.jpx.co.jp
B05:3118,https://www.latibex.com/esp/Empresas/Ficha/COPEL_PREFERENTES_A_BRCPLEACNPA1,www.latibex.com,1,"[{""host"": ""www.latibex.com"", ""observed_page"": ""https://www.latibex.com/esp/"", ""target_url"": ""https://www.latibex.com/esp/Empresas/Ficha/COPEL_PREFERENTES_A_BRCPLEACNPA1"", ""anchor_text"": """", ""keyword_matches"": ""empresas"", ""evidence"": ""OBSERVED_LINK_NOT_DIRECTORY_CONTENT_VERIFIED"", ""source_body_sha256_observed"": ""4cdf770479588d59c5ca704f6a76f876e3e48e71e08eebcc076301fb597514af""}]",DIRECTORY_EXPORT_DISCOVERY_AND_UNIVERSE_BOUNDARY,REVIEW_ROLE_THEN_FETCH_ALL_PAGES_AND_SOURCE_TOTAL;CLASSIFY_COMPANY_SECURITY_MEMBER_LICENSEE_OR_FORM,UNKNOWN,OBSERVED_LINK_REQUIRES_CONTENT_VALIDATION,P2_OTHER_CANDIDATE_REVIEW,B25 pending path and query signals: Empresas,1,www.latibex.com
B05:3222,https://www.linkedin.com/company/climex-carbon-credits-&-energy-contracting?trk=nav_account_sub_nav_company_admin,www.climex.com,1,"[{""host"": ""www.climex.com"", ""observed_page"": ""https://climex.com/"", ""target_url"": ""https://www.linkedin.com/company/climex-carbon-credits-&-energy-contracting?trk=nav_account_sub_nav_company_admin"", ""anchor_text"": ""LinkedIn"", ""keyword_matches"": ""company"", ""evidence"": ""OBSERVED_LINK_NOT_DIRECTORY_CONTENT_VERIFIED"", ""source_body_sha256_observed"": ""135a96211199dec254feccdf2ea166a59652c4b5b922987a59931f0bfc0ae31f""}]",DIRECTORY_EXPORT_DISCOVERY_AND_UNIVERSE_BOUNDARY,REVIEW_ROLE_THEN_FETCH_ALL_PAGES_AND_SOURCE_TOTAL;CLASSIFY_COMPANY_SECURITY_MEMBER_LICENSEE_OR_FORM,UNKNOWN,OBSERVED_LINK_REQUIRES_CONTENT_VALIDATION,P2_OTHER_CANDIDATE_REVIEW,B25 pending path and query signals: compan|compan,2,www.linkedin.com
B05:3397,https://www.lsc.gov.la/securities/FMC_condition.php,www.lsc.gov.la,1,"[{""host"": ""www.lsc.gov.la"", ""observed_page"": ""https://www.lsc.gov.la/"", ""target_url"": ""https://www.lsc.gov.la/securities/FMC_condition.php"", ""anchor_text"": ""ເງື່ອນໄຂການຮັບຮອງ"", ""keyword_matches"": ""securit"", ""evidence"": ""OBSERVED_LINK_NOT_DIRECTORY_CONTENT_VERIFIED"", ""source_body_sha256_observed"": ""89df5ff367be3a947481482b3e4103c61d7c16c7a60332ce749b26e5d0f5ac34""}]",DIRECTORY_EXPORT_DISCOVERY_AND_UNIVERSE_BOUNDARY,REVIEW_ROLE_THEN_FETCH_ALL_PAGES_AND_SOURCE_TOTAL;CLASSIFY_COMPANY_SECURITY_MEMBER_LICENSEE_OR_FORM,UNKNOWN,OBSERVED_LINK_REQUIRES_CONTENT_VALIDATION,P2_OTHER_CANDIDATE_REVIEW,B25 pending path and query signals: securit,1,www.lsc.gov.la
B05:3492,https://www.merj.exchange/trading/membership,www.merj.exchange,1,"[{""host"": ""www.merj.exchange"", ""observed_page"": ""https://www.merj.exchange/"", ""target_url"": ""https://www.merj.exchange/trading/membership"", ""anchor_text"": ""Become a MemberJoin the exchange"", ""keyword_matches"": ""member"", ""evidence"": ""OBSERVED_LINK_NOT_DIRECTORY_CONTENT_VERIFIED"", ""source_body_sha256_observed"": ""c7b9efb9aa6524f6b1afacf54de95bbc5f1781d4921cec0c098a7becacbffe40""}]",DIRECTORY_EXPORT_DISCOVERY_AND_UNIVERSE_BOUNDARY,REVIEW_ROLE_THEN_FETCH_ALL_PAGES_AND_SOURCE_TOTAL;CLASSIFY_COMPANY_SECURITY_MEMBER_LICENSEE_OR_FORM,UNKNOWN,OBSERVED_LINK_REQUIRES_CONTENT_VALIDATION,P2_OTHER_CANDIDATE_REVIEW,B25 pending path and query signals: member,1,www.merj.exchange
B05:3528,https://www.millenniumbcp.pt/empresas/financiamento-empresarial/medio-longo-prazo,ind.millenniumbcp.pt,1,"[{""host"": ""ind.millenniumbcp.pt"", ""observed_page"": ""https://www.millenniumbcp.pt/"", ""target_url"": ""https://www.millenniumbcp.pt/empresas/financiamento-empresarial/medio-longo-prazo"", ""anchor_text"": ""Soluções a médio-longo prazo"", ""keyword_matches"": ""empresas"", ""evidence"": ""OBSERVED_LINK_NOT_DIRECTORY_CONTENT_VERIFIED"", ""source_body_sha256_observed"": ""feceea8761b5e7b800cda969a73f4e14a3488be59aadbd4153706bf83191b740""}]",DIRECTORY_EXPORT_DISCOVERY_AND_UNIVERSE_BOUNDARY,REVIEW_ROLE_THEN_FETCH_ALL_PAGES_AND_SOURCE_TOTAL;CLASSIFY_COMPANY_SECURITY_MEMBER_LICENSEE_OR_FORM,UNKNOWN,OBSERVED_LINK_REQUIRES_CONTENT_VALIDATION,P2_OTHER_CANDIDATE_REVIEW,B25 pending path and query signals: empresas,1,www.millenniumbcp.pt
B05:3576,https://www.nasdaq.com/european-market-activity/news/company-news,business.nasdaq.com|nasdaq.com|nasdaqomxnordic.com|www.cinnober.com|www.nasdaq.com|www.nasdaqomx.com|www.nasdaqomxnordic.com,7,"[{""host"": ""business.nasdaq.com"", ""observed_page"": ""https://www.nasdaq.com/"", ""target_url"": ""https://www.nasdaq.com/european-market-activity/news/company-news"", ""anchor_text"": ""News"", ""keyword_matches"": ""company"", ""evidence"": ""OBSERVED_LINK_NOT_DIRECTORY_CONTENT_VERIFIED"", ""source_body_sha256_observed"": ""f833b9fe824ef89f216d18bbb299376d6dcebc485be2c292e5d402d1e3304c11""}, {""host"": ""nasdaq.com"", ""observed_page"": ""https://www.nasdaq.com/"", ""target_url"": ""https://www.nasdaq.com/european-market-activity/news/company-news"", ""anchor_text"": ""News"", ""keyword_matches"": ""company"", ""evidence"": ""OBSERVED_LINK_NOT_DIRECTORY_CONTENT_VERIFIED"", ""source_body_sha256_observed"": ""31f1c433884ccfeabb829e6ce62ee33d140419a4b6ab4cfe6ff617b7b2d29cd5""}, {""host"": ""nasdaqomxnordic.com"", ""observed_page"": ""https://www.nasdaq.com/european-market-activity"", ""target_url"": ""https://www.nasdaq.com/european-market-activity/news/company-news"", ""anchor_text"": ""News"", ""keyword_matches"": ""company"", ""evidence"": ""OBSERVED_LINK_NOT_DIRECTORY_CONTENT_VERIFIED"", ""source_body_sha256_observed"": ""783e1beaa14e68b2e1c9be3370e977cbaf2694a98b3081d26f822a6b165aff5d""}, {""host"": ""www.cinnober.com"", ""observed_page"": ""https://www.nasdaq.com/products/fintech/eqlipse"", ""target_url"": ""https://www.nasdaq.com/european-market-activity/news/company-news"", ""anchor_text"": ""News"", ""keyword_matches"": ""company"", ""evidence"": ""OBSERVED_LINK_NOT_DIRECTORY_CONTENT_VERIFIED"", ""source_body_sha256_observed"": ""bd81e6b1673180b1829acbedf422e573796ab65e047558fcd8f80e5f0eedb1db""}, {""host"": ""www.nasdaqomx.com"", ""observed_page"": ""https://www.nasdaq.com/"", ""target_url"": ""https://www.nasdaq.com/european-market-activity/news/company-news"", ""anchor_text"": ""News"", ""keyword_matches"": ""company"", ""evidence"": ""OBSERVED_LINK_NOT_DIRECTORY_CONTENT_VERIFIED"", ""source_body_sha256_observed"": ""652cff4c7fc37cfbda19c6862bb41813b8e3fa0345afbe05b3b618de1053abfd""}, {""host"": ""www.nasdaq.com"", ""observed_page"": ""https://www.nasdaq.com/"", ""target_url"": ""https://www.nasdaq.com/european-market-activity/news/company-news"", ""anchor_text"": ""News"", ""keyword_matches"": ""company"", ""evidence"": ""OBSERVED_LINK_NOT_DIRECTORY_CONTENT_VERIFIED"", ""source_body_sha256_observed"": ""417705cd08becaf5658216085067e735f40c3dbc21b7eeffd9f10caffc7b6ab9""}, {""host"": ""www.nasdaqomxnordic.com"", ""observed_page"": ""https://www.nasdaq.com/european-market-activity"", ""target_url"": ""https://www.nasdaq.com/european-market-activity/news/company-news"", ""anchor_text"": ""News"", ""keyword_matches"": ""company"", ""evidence"": ""OBSERVED_LINK_NOT_DIRECTORY_CONTENT_VERIFIED"", ""source_body_sha256_observed"": ""c20d787d8f02b6fbb3e82d77464dbe4e33f017017aa1b01ca01a35f7eeb9059c""}]",DIRECTORY_EXPORT_DISCOVERY_AND_UNIVERSE_BOUNDARY,REVIEW_ROLE_THEN_FETCH_ALL_PAGES_AND_SOURCE_TOTAL;CLASSIFY_COMPANY_SECURITY_MEMBER_LICENSEE_OR_FORM,UNKNOWN,OBSERVED_LINK_REQUIRES_CONTENT_VALIDATION,P2_OTHER_CANDIDATE_REVIEW,B25 pending path and query signals: compan,-7,www.nasdaq.com
B05:3646,https://www.nasdng.com/markets/members#partner-list,www.nasdng.com,1,"[{""host"": ""www.nasdng.com"", ""observed_page"": ""https://www.nasdng.com/"", ""target_url"": ""https://www.nasdng.com/markets/members#partner-list"", ""anchor_text"": ""Members & Partners List"", ""keyword_matches"": ""member"", ""evidence"": ""OBSERVED_LINK_NOT_DIRECTORY_CONTENT_VERIFIED"", ""source_body_sha256_observed"": ""082d59921cdd1edc90283a89fb9cf3b2aea82efb97e35d6194d16d0c44774b85""}]",DIRECTORY_EXPORT_DISCOVERY_AND_UNIVERSE_BOUNDARY,REVIEW_ROLE_THEN_FETCH_ALL_PAGES_AND_SOURCE_TOTAL;CLASSIFY_COMPANY_SECURITY_MEMBER_LICENSEE_OR_FORM,UNKNOWN,OBSERVED_LINK_REQUIRES_CONTENT_VALIDATION,P2_OTHER_CANDIDATE_REVIEW,B25 pending path and query signals: member,1,www.nasdng.com
B05:3706,https://www.nse.or.jp/listing/etf/,www.nse.or.jp,1,"[{""host"": ""www.nse.or.jp"", ""observed_page"": ""https://www.nse.or.jp/"", ""target_url"": ""https://www.nse.or.jp/listing/etf/"", ""anchor_text"": ""ETF情報"", ""keyword_matches"": ""listing"", ""evidence"": ""OBSERVED_LINK_NOT_DIRECTORY_CONTENT_VERIFIED"", ""source_body_sha256_observed"": ""9c44a48201201215b68d0b529fd50884e998fd6e5a78d91580e89b5166bfbd7c""}]",DIRECTORY_EXPORT_DISCOVERY_AND_UNIVERSE_BOUNDARY,REVIEW_ROLE_THEN_FETCH_ALL_PAGES_AND_SOURCE_TOTAL;CLASSIFY_COMPANY_SECURITY_MEMBER_LICENSEE_OR_FORM,UNKNOWN,OBSERVED_LINK_REQUIRES_CONTENT_VALIDATION,P2_OTHER_CANDIDATE_REVIEW,B25 pending path and query signals: listing,5,www.nse.or.jp
B05:3763,https://www.nsx.com.au/marketdata/delisted-suspended/,www.nsxa.com.au,1,"[{""host"": ""www.nsxa.com.au"", ""observed_page"": ""https://www.nsx.com.au/"", ""target_url"": ""https://www.nsx.com.au/marketdata/delisted-suspended/"", ""anchor_text"": ""Delisted & Suspended"", ""keyword_matches"": ""listed"", ""evidence"": ""OBSERVED_LINK_NOT_DIRECTORY_CONTENT_VERIFIED"", ""source_body_sha256_observed"": ""22575b4dea7824079287de3d5ac74074ecdbc693ae38e7670e7a9224d61aa547""}]",DIRECTORY_EXPORT_DISCOVERY_AND_UNIVERSE_BOUNDARY,REVIEW_ROLE_THEN_FETCH_ALL_PAGES_AND_SOURCE_TOTAL;CLASSIFY_COMPANY_SECURITY_MEMBER_LICENSEE_OR_FORM,UNKNOWN,OBSERVED_LINK_REQUIRES_CONTENT_VALIDATION,P2_OTHER_CANDIDATE_REVIEW,B25 pending path and query signals: listed,5,www.nsx.com.au
B05:3898,https://www.pngx.com.pg/become-a-member/,www.pngx.com.pg,1,"[{""host"": ""www.pngx.com.pg"", ""observed_page"": ""https://www.pngx.com.pg/"", ""target_url"": ""https://www.pngx.com.pg/become-a-member/"", ""anchor_text"": ""Become a Member"", ""keyword_matches"": ""member"", ""evidence"": ""OBSERVED_LINK_NOT_DIRECTORY_CONTENT_VERIFIED"", ""source_body_sha256_observed"": ""a3346785e51504ff51593c4f66cd2f45af0423a137d1bc86cc2e8a2c2f7cefc2""}]",DIRECTORY_EXPORT_DISCOVERY_AND_UNIVERSE_BOUNDARY,REVIEW_ROLE_THEN_FETCH_ALL_PAGES_AND_SOURCE_TOTAL;CLASSIFY_COMPANY_SECURITY_MEMBER_LICENSEE_OR_FORM,UNKNOWN,OBSERVED_LINK_REQUIRES_CONTENT_VALIDATION,P2_OTHER_CANDIDATE_REVIEW,B25 pending path and query signals: member,1,www.pngx.com.pg
B05:3983,https://www.qfma.org.qa/Arabic/Licensing/ComplianceAndRegulations/Pages/default.aspx,www.qfma.org.qa,1,"[{""host"": ""www.qfma.org.qa"", ""observed_page"": ""https://www.qfma.org.qa/arabic/Pages/default.aspx"", ""target_url"": ""https://www.qfma.org.qa/Arabic/Licensing/ComplianceAndRegulations/Pages/default.aspx"", ""anchor_text"": ""الامتثال واللوائح"", ""keyword_matches"": ""licens"", ""evidence"": ""OBSERVED_LINK_NOT_DIRECTORY_CONTENT_VERIFIED"", ""source_body_sha256_observed"": ""53114b9f0222f34ef4922358921e411583c250ab2e916e071158a7af1e55ce89""}]",DIRECTORY_EXPORT_DISCOVERY_AND_UNIVERSE_BOUNDARY,REVIEW_ROLE_THEN_FETCH_ALL_PAGES_AND_SOURCE_TOTAL;CLASSIFY_COMPANY_SECURITY_MEMBER_LICENSEE_OR_FORM,UNKNOWN,OBSERVED_LINK_REQUIRES_CONTENT_VALIDATION,P2_OTHER_CANDIDATE_REVIEW,B25 pending path and query signals: Licen,1,www.qfma.org.qa
B05:4058,https://www.sdc.com.jo/ar/members-info,www.sdc.com.jo,1,"[{""host"": ""www.sdc.com.jo"", ""observed_page"": ""https://www.sdc.com.jo/"", ""target_url"": ""https://www.sdc.com.jo/ar/members-info"", ""anchor_text"": ""أعضاء المركز"", ""keyword_matches"": ""member"", ""evidence"": ""OBSERVED_LINK_NOT_DIRECTORY_CONTENT_VERIFIED"", ""source_body_sha256_observed"": ""04a57b0fe7663d6d7a9c8c15709bc49aba49ba40fbf289024186d920b8ab1ab3""}]",DIRECTORY_EXPORT_DISCOVERY_AND_UNIVERSE_BOUNDARY,REVIEW_ROLE_THEN_FETCH_ALL_PAGES_AND_SOURCE_TOTAL;CLASSIFY_COMPANY_SECURITY_MEMBER_LICENSEE_OR_FORM,UNKNOWN,OBSERVED_LINK_REQUIRES_CONTENT_VALIDATION,P2_OTHER_CANDIDATE_REVIEW,B25 pending path and query signals: member,1,www.sdc.com.jo
B05:4105,https://www.seczambia.org.zm/investor-protection/licensing/share-transfer-agencies/,www.seczambia.org.zm,1,"[{""host"": ""www.seczambia.org.zm"", ""observed_page"": ""https://www.seczambia.org.zm/"", ""target_url"": ""https://www.seczambia.org.zm/investor-protection/licensing/share-transfer-agencies/"", ""anchor_text"": ""Share Transfer Agencies"", ""keyword_matches"": ""licens"", ""evidence"": ""OBSERVED_LINK_NOT_DIRECTORY_CONTENT_VERIFIED"", ""source_body_sha256_observed"": ""df03a6689294bab70e492d39f46e4cacaa92e5de87273151d2bea01b7eaad443""}]",DIRECTORY_EXPORT_DISCOVERY_AND_UNIVERSE_BOUNDARY,REVIEW_ROLE_THEN_FETCH_ALL_PAGES_AND_SOURCE_TOTAL;CLASSIFY_COMPANY_SECURITY_MEMBER_LICENSEE_OR_FORM,UNKNOWN,OBSERVED_LINK_REQUIRES_CONTENT_VALIDATION,P2_OTHER_CANDIDATE_REVIEW,B25 pending path and query signals: licen,1,www.seczambia.org.zm
B05:4119,https://www.sfc.hk/en/Regulatory-functions/Corporates/Dual-filing/Companies-Winding-Up-and-Miscellaneous-Provisions-Ordinance-exemptions,www.sfc.hk,1,"[{""host"": ""www.sfc.hk"", ""observed_page"": ""https://www.sfc.hk/en/"", ""target_url"": ""https://www.sfc.hk/en/Regulatory-functions/Corporates/Dual-filing/Companies-Winding-Up-and-Miscellaneous-Provisions-Ordinance-exemptions"", ""anchor_text"": ""Companies (Winding Up and Miscellaneous Provisions) Ordinance exemptions"", ""keyword_matches"": ""companies"", ""evidence"": ""OBSERVED_LINK_NOT_DIRECTORY_CONTENT_VERIFIED"", ""source_body_sha256_observed"": ""d1361f90fef41d274beb7c732fa0dc397c96466b1686a15bd53a09b721c2dc24""}]",DIRECTORY_EXPORT_DISCOVERY_AND_UNIVERSE_BOUNDARY,REVIEW_ROLE_THEN_FETCH_ALL_PAGES_AND_SOURCE_TOTAL;CLASSIFY_COMPANY_SECURITY_MEMBER_LICENSEE_OR_FORM,UNKNOWN,OBSERVED_LINK_REQUIRES_CONTENT_VALIDATION,P2_OTHER_CANDIDATE_REVIEW,B25 pending path and query signals: Compan,1,www.sfc.hk
B05:4187,https://www.simvse.com.au/docs/rules-and-regulations/listing-rules/SIMVSE_LR_Ch1_141010.pdf,www.simvse.com.au,1,"[{""host"": ""www.simvse.com.au"", ""observed_page"": ""https://www.simvse.com.au/"", ""target_url"": ""https://www.simvse.com.au/docs/rules-and-regulations/listing-rules/SIMVSE_LR_Ch1_141010.pdf"", ""anchor_text"": ""Chapter 1: Admission to listing"", ""keyword_matches"": ""listing"", ""evidence"": ""OBSERVED_LINK_NOT_DIRECTORY_CONTENT_VERIFIED"", ""source_body_sha256_observed"": ""96cdfd60756f6450f53c9da8738461942fb0c9b73e7f6cc675542c62a6795641""}]",DIRECTORY_EXPORT_DISCOVERY_AND_UNIVERSE_BOUNDARY,REVIEW_ROLE_THEN_FETCH_ALL_PAGES_AND_SOURCE_TOTAL;CLASSIFY_COMPANY_SECURITY_MEMBER_LICENSEE_OR_FORM,UNKNOWN,OBSERVED_LINK_REQUIRES_CONTENT_VALIDATION,P2_OTHER_CANDIDATE_REVIEW,B25 pending path and query signals: listing,5,www.simvse.com.au
B05:4228,https://www.sipc.org/for-members/sipc-3,www.sipc.org,1,"[{""host"": ""www.sipc.org"", ""observed_page"": ""https://www.sipc.org/"", ""target_url"": ""https://www.sipc.org/for-members/sipc-3"", ""anchor_text"": ""How To File Your Form SIPC-3"", ""keyword_matches"": ""member"", ""evidence"": ""OBSERVED_LINK_NOT_DIRECTORY_CONTENT_VERIFIED"", ""source_body_sha256_observed"": ""2dd52e9c46ea8f303d44e6b089a7d3a131b2d9faba4245b929baaf274186db80""}]",DIRECTORY_EXPORT_DISCOVERY_AND_UNIVERSE_BOUNDARY,REVIEW_ROLE_THEN_FETCH_ALL_PAGES_AND_SOURCE_TOTAL;CLASSIFY_COMPANY_SECURITY_MEMBER_LICENSEE_OR_FORM,UNKNOWN,OBSERVED_LINK_REQUIRES_CONTENT_VALIDATION,P2_OTHER_CANDIDATE_REVIEW,B25 pending path and query signals: member,1,www.sipc.org
B05:4331,https://www.six-group.com/en/products-services/the-swiss-stock-exchange/education/equity-issuers.html,www.ser-ag.com|www.six-swiss-exchange.com,2,"[{""host"": ""www.ser-ag.com"", ""observed_page"": ""https://www.ser-ag.com/en/home.html"", ""target_url"": ""https://www.six-group.com/en/products-services/the-swiss-stock-exchange/education/equity-issuers.html"", ""anchor_text"": ""Education"", ""keyword_matches"": ""issuer"", ""evidence"": ""OBSERVED_LINK_NOT_DIRECTORY_CONTENT_VERIFIED"", ""source_body_sha256_observed"": ""589de6e3bba6c1ed26113e9264feb2bec1b78250c123c68ffa206c60be67279a""}, {""host"": ""www.six-swiss-exchange.com"", ""observed_page"": ""https://www.six-group.com/en/site/exchanges.html"", ""target_url"": ""https://www.six-group.com/en/products-services/the-swiss-stock-exchange/education/equity-issuers.html"", ""anchor_text"": ""Equity Issuers"", ""keyword_matches"": ""issuer"", ""evidence"": ""OBSERVED_LINK_NOT_DIRECTORY_CONTENT_VERIFIED"", ""source_body_sha256_observed"": ""101594baf28d29213b2beb3572de118d401253931a01b26016fabcced90eb1b6""}]",DIRECTORY_EXPORT_DISCOVERY_AND_UNIVERSE_BOUNDARY,REVIEW_ROLE_THEN_FETCH_ALL_PAGES_AND_SOURCE_TOTAL;CLASSIFY_COMPANY_SECURITY_MEMBER_LICENSEE_OR_FORM,UNKNOWN,OBSERVED_LINK_REQUIRES_CONTENT_VALIDATION,P2_OTHER_CANDIDATE_REVIEW,B25 pending path and query signals: stock|equit|issuer,3,www.six-group.com
B05:4372,https://www.sse.or.jp/listing/company2501,www.sse.or.jp,1,"[{""host"": ""www.sse.or.jp"", ""observed_page"": ""https://www.sse.or.jp/"", ""target_url"": ""https://www.sse.or.jp/listing/company2501"", ""anchor_text"": ""サッポロビール(株)"", ""keyword_matches"": ""company|listing"", ""evidence"": ""OBSERVED_LINK_NOT_DIRECTORY_CONTENT_VERIFIED"", ""source_body_sha256_observed"": ""46ac1f150ce0e36c9b38ac54950f38000c323f406214b2d5fcce64c4313bc3b8""}]",DIRECTORY_EXPORT_DISCOVERY_AND_UNIVERSE_BOUNDARY,REVIEW_ROLE_THEN_FETCH_ALL_PAGES_AND_SOURCE_TOTAL;CLASSIFY_COMPANY_SECURITY_MEMBER_LICENSEE_OR_FORM,UNKNOWN,OBSERVED_LINK_REQUIRES_CONTENT_VALIDATION,P2_OTHER_CANDIDATE_REVIEW,B25 pending path and query signals: listing|compan,6,www.sse.or.jp
B05:4497,https://www.tcifsc.tc/company-managers-legislation-regulation,www.tcifsc.tc,1,"[{""host"": ""www.tcifsc.tc"", ""observed_page"": ""https://www.tcifsc.tc/"", ""target_url"": ""https://www.tcifsc.tc/company-managers-legislation-regulation"", ""anchor_text"": ""Legislation & Regulation"", ""keyword_matches"": ""company"", ""evidence"": ""OBSERVED_LINK_NOT_DIRECTORY_CONTENT_VERIFIED"", ""source_body_sha256_observed"": ""46c35d7556c9d5b1aa5b68129bad6e7473ad71c884b53af315042b4a0ddf5068""}]",DIRECTORY_EXPORT_DISCOVERY_AND_UNIVERSE_BOUNDARY,REVIEW_ROLE_THEN_FETCH_ALL_PAGES_AND_SOURCE_TOTAL;CLASSIFY_COMPANY_SECURITY_MEMBER_LICENSEE_OR_FORM,UNKNOWN,OBSERVED_LINK_REQUIRES_CONTENT_VALIDATION,P2_OTHER_CANDIDATE_REVIEW,B25 pending path and query signals: compan,1,www.tcifsc.tc
B05:4545,https://www.tmxaustralia.com/equities/support/technical-roadmap,www.tmxaustralia.com,1,"[{""host"": ""www.tmxaustralia.com"", ""observed_page"": ""https://www.tmxaustralia.com/"", ""target_url"": ""https://www.tmxaustralia.com/equities/support/technical-roadmap"", ""anchor_text"": ""Technology Roadmap"", ""keyword_matches"": ""equities"", ""evidence"": ""OBSERVED_LINK_NOT_DIRECTORY_CONTENT_VERIFIED"", ""source_body_sha256_observed"": ""cbd86ba69dc77e2141a6be9522cce2ba3d096927c97efae748cbad05845bf415""}]",DIRECTORY_EXPORT_DISCOVERY_AND_UNIVERSE_BOUNDARY,REVIEW_ROLE_THEN_FETCH_ALL_PAGES_AND_SOURCE_TOTAL;CLASSIFY_COMPANY_SECURITY_MEMBER_LICENSEE_OR_FORM,UNKNOWN,OBSERVED_LINK_REQUIRES_CONTENT_VALIDATION,P2_OTHER_CANDIDATE_REVIEW,B25 pending path and query signals: equit,1,www.tmxaustralia.com
B05:4570,https://www.tradition.com/products/equities/dividend-swaps.aspx,www.tradition.com,1,"[{""host"": ""www.tradition.com"", ""observed_page"": ""https://www.tradition.com/"", ""target_url"": ""https://www.tradition.com/products/equities/dividend-swaps.aspx"", ""anchor_text"": ""Dividend Swaps"", ""keyword_matches"": ""equities"", ""evidence"": ""OBSERVED_LINK_NOT_DIRECTORY_CONTENT_VERIFIED"", ""source_body_sha256_observed"": ""858af9d7e7708eb6fca749c2b2b02e967d83cb7ee842088378bdf8e22f8e8c22""}]",DIRECTORY_EXPORT_DISCOVERY_AND_UNIVERSE_BOUNDARY,REVIEW_ROLE_THEN_FETCH_ALL_PAGES_AND_SOURCE_TOTAL;CLASSIFY_COMPANY_SECURITY_MEMBER_LICENSEE_OR_FORM,UNKNOWN,OBSERVED_LINK_REQUIRES_CONTENT_VALIDATION,P2_OTHER_CANDIDATE_REVIEW,B25 pending path and query signals: equit,1,www.tradition.com
B05:4742,https://www.vfsc.vu/learn-about-companies-other-entities/,www.vfsc.vu,1,"[{""host"": ""www.vfsc.vu"", ""observed_page"": ""https://www.vfsc.vu/"", ""target_url"": ""https://www.vfsc.vu/learn-about-companies-other-entities/"", ""anchor_text"": ""Learn about Companies & Other Entities"", ""keyword_matches"": ""companies"", ""evidence"": ""OBSERVED_LINK_NOT_DIRECTORY_CONTENT_VERIFIED"", ""source_body_sha256_observed"": ""8f948f4b76300797cb4d4505fe59716201081b761d03ee167ff3b5daa9c2f0aa""}]",DIRECTORY_EXPORT_DISCOVERY_AND_UNIVERSE_BOUNDARY,REVIEW_ROLE_THEN_FETCH_ALL_PAGES_AND_SOURCE_TOTAL;CLASSIFY_COMPANY_SECURITY_MEMBER_LICENSEE_OR_FORM,UNKNOWN,OBSERVED_LINK_REQUIRES_CONTENT_VALIDATION,P2_OTHER_CANDIDATE_REVIEW,B25 pending path and query signals: compan,1,www.vfsc.vu
B05:315,https://cmda.gov.mv/en/staff-directory?category=43,cmda.gov.mv,1,"[{""host"": ""cmda.gov.mv"", ""observed_page"": ""https://cmda.gov.mv/en"", ""target_url"": ""https://cmda.gov.mv/en/staff-directory?category=43"", ""anchor_text"": ""CMDA Team"", ""keyword_matches"": ""directory"", ""evidence"": ""OBSERVED_LINK_NOT_DIRECTORY_CONTENT_VERIFIED"", ""source_body_sha256_observed"": ""17368c72eda271b47ecbbe62817e3458ec0cf6b36dc3e308f08525ab4c738c5c""}]",DIRECTORY_EXPORT_DISCOVERY_AND_UNIVERSE_BOUNDARY,REVIEW_ROLE_THEN_FETCH_ALL_PAGES_AND_SOURCE_TOTAL;CLASSIFY_COMPANY_SECURITY_MEMBER_LICENSEE_OR_FORM,UNKNOWN,OBSERVED_LINK_REQUIRES_CONTENT_VALIDATION,P2_OTHER_CANDIDATE_REVIEW,B25 pending path and query signals: directory,5,cmda.gov.mv
B05:406,https://grupocimd.com/empresas/intermoney-patrimonios/,www.grupocimd.com,1,"[{""host"": ""www.grupocimd.com"", ""observed_page"": ""https://grupocimd.com/"", ""target_url"": ""https://grupocimd.com/empresas/intermoney-patrimonios/"", ""anchor_text"": ""Ver más"", ""keyword_matches"": ""empresas"", ""evidence"": ""OBSERVED_LINK_NOT_DIRECTORY_CONTENT_VERIFIED"", ""source_body_sha256_observed"": ""c9f5df6e6bd384757484e24167c9f14adaf85f9d46326a333e0e1df16ab2b806""}]",DIRECTORY_EXPORT_DISCOVERY_AND_UNIVERSE_BOUNDARY,REVIEW_ROLE_THEN_FETCH_ALL_PAGES_AND_SOURCE_TOTAL;CLASSIFY_COMPANY_SECURITY_MEMBER_LICENSEE_OR_FORM,UNKNOWN,OBSERVED_LINK_REQUIRES_CONTENT_VALIDATION,P2_OTHER_CANDIDATE_REVIEW,B25 pending path and query signals: empresas,1,grupocimd.com
B05:444,https://guyanastockexchangeinc.com/security/national-bank-of-industry-commerce-ltd/,www.gasci.com,1,"[{""host"": ""www.gasci.com"", ""observed_page"": ""https://guyanastockexchangeinc.com/"", ""target_url"": ""https://guyanastockexchangeinc.com/security/national-bank-of-industry-commerce-ltd/"", ""anchor_text"": ""National Bank of Industry & Commerce Ltd"", ""keyword_matches"": ""securit"", ""evidence"": ""OBSERVED_LINK_NOT_DIRECTORY_CONTENT_VERIFIED"", ""source_body_sha256_observed"": ""7ee56db31d80f871d6d10dba045b86a501d03a378e88b638e1bbaf2f0bad5b47""}]",DIRECTORY_EXPORT_DISCOVERY_AND_UNIVERSE_BOUNDARY,REVIEW_ROLE_THEN_FETCH_ALL_PAGES_AND_SOURCE_TOTAL;CLASSIFY_COMPANY_SECURITY_MEMBER_LICENSEE_OR_FORM,UNKNOWN,OBSERVED_LINK_REQUIRES_CONTENT_VALIDATION,P2_OTHER_CANDIDATE_REVIEW,B25 pending path and query signals: securit,1,guyanastockexchangeinc.com
B05:532,https://jpjenkins.com/company/devolver-digital-inc/,jpjenkins.com,1,"[{""host"": ""jpjenkins.com"", ""observed_page"": ""https://jpjenkins.com/"", ""target_url"": ""https://jpjenkins.com/company/devolver-digital-inc/"", ""anchor_text"": ""DEVO 16.00 GBX"", ""keyword_matches"": ""company"", ""evidence"": ""OBSERVED_LINK_NOT_DIRECTORY_CONTENT_VERIFIED"", ""source_body_sha256_observed"": ""e1fb5c766ba93f1e099601a28912c605365fba17ea377ccf8531eec71f3579bf""}]",DIRECTORY_EXPORT_DISCOVERY_AND_UNIVERSE_BOUNDARY,REVIEW_ROLE_THEN_FETCH_ALL_PAGES_AND_SOURCE_TOTAL;CLASSIFY_COMPANY_SECURITY_MEMBER_LICENSEE_OR_FORM,UNKNOWN,OBSERVED_LINK_REQUIRES_CONTENT_VALIDATION,P2_OTHER_CANDIDATE_REVIEW,B25 pending path and query signals: compan,1,jpjenkins.com
B05:588,https://kabu.com/company/policy/inducement.html,www.kabu.com,1,"[{""host"": ""www.kabu.com"", ""observed_page"": ""https://kabu.com/"", ""target_url"": ""https://kabu.com/company/policy/inducement.html"", ""anchor_text"": ""勧誘方針"", ""keyword_matches"": ""company"", ""evidence"": ""OBSERVED_LINK_NOT_DIRECTORY_CONTENT_VERIFIED"", ""source_body_sha256_observed"": ""8243cc4eac6585d4863335a6d038772adaaca412cffb6a767fc8378a4cad89f5""}]",DIRECTORY_EXPORT_DISCOVERY_AND_UNIVERSE_BOUNDARY,REVIEW_ROLE_THEN_FETCH_ALL_PAGES_AND_SOURCE_TOTAL;CLASSIFY_COMPANY_SECURITY_MEMBER_LICENSEE_OR_FORM,UNKNOWN,OBSERVED_LINK_REQUIRES_CONTENT_VALIDATION,P2_OTHER_CANDIDATE_REVIEW,B25 pending path and query signals: compan,1,kabu.com
B05:712,https://mse.co.mw/company/MWMPI0010116,www.mse.co.mw,1,"[{""host"": ""www.mse.co.mw"", ""observed_page"": ""https://www.mse.co.mw/"", ""target_url"": ""https://mse.co.mw/company/MWMPI0010116"", ""anchor_text"": ""MPICO"", ""keyword_matches"": ""company"", ""evidence"": ""OBSERVED_LINK_NOT_DIRECTORY_CONTENT_VERIFIED"", ""source_body_sha256_observed"": ""0a0008e73499219931ac8d539feefa4212674fc932780dc0629656eb4237e33a""}]",DIRECTORY_EXPORT_DISCOVERY_AND_UNIVERSE_BOUNDARY,REVIEW_ROLE_THEN_FETCH_ALL_PAGES_AND_SOURCE_TOTAL;CLASSIFY_COMPANY_SECURITY_MEMBER_LICENSEE_OR_FORM,UNKNOWN,OBSERVED_LINK_REQUIRES_CONTENT_VALIDATION,P2_OTHER_CANDIDATE_REVIEW,B25 pending path and query signals: compan,1,mse.co.mw
B05:790,https://otc.nfmf.no/public/company/488.html,www.notc.no,1,"[{""host"": ""www.notc.no"", ""observed_page"": ""https://www.notc.no/"", ""target_url"": ""https://otc.nfmf.no/public/company/488.html"", ""anchor_text"": ""Vis"", ""keyword_matches"": ""company"", ""evidence"": ""OBSERVED_LINK_NOT_DIRECTORY_CONTENT_VERIFIED"", ""source_body_sha256_observed"": ""272ec92306b09bbf485ef3b28f10128958ab6a851f036b73c2d80bb896ce4224""}]",DIRECTORY_EXPORT_DISCOVERY_AND_UNIVERSE_BOUNDARY,REVIEW_ROLE_THEN_FETCH_ALL_PAGES_AND_SOURCE_TOTAL;CLASSIFY_COMPANY_SECURITY_MEMBER_LICENSEE_OR_FORM,UNKNOWN,OBSERVED_LINK_REQUIRES_CONTENT_VALIDATION,P2_OTHER_CANDIDATE_REVIEW,B25 pending path and query signals: compan,1,otc.nfmf.no
B05:898,https://serviciosexternos.sugeval.fi.cr/RNVIWeb/Participantes/SAFI,www.sugeval.fi.cr,1,"[{""host"": ""www.sugeval.fi.cr"", ""observed_page"": ""https://www.sugeval.fi.cr/"", ""target_url"": ""https://serviciosexternos.sugeval.fi.cr/RNVIWeb/Participantes/SAFI"", ""anchor_text"": ""Sociedades administradoras de fondos"", ""keyword_matches"": ""participant"", ""evidence"": ""OBSERVED_LINK_NOT_DIRECTORY_CONTENT_VERIFIED"", ""source_body_sha256_observed"": ""44e2879503ab0c6a65dc4e8390f700756d575a9735786a9958e132059566d40d""}]",DIRECTORY_EXPORT_DISCOVERY_AND_UNIVERSE_BOUNDARY,REVIEW_ROLE_THEN_FETCH_ALL_PAGES_AND_SOURCE_TOTAL;CLASSIFY_COMPANY_SECURITY_MEMBER_LICENSEE_OR_FORM,UNKNOWN,OBSERVED_LINK_REQUIRES_CONTENT_VALIDATION,P2_OTHER_CANDIDATE_REVIEW,B25 pending path and query signals: Participant,1,serviciosexternos.sugeval.fi.cr
B05:1040,https://www.aixkz.com/en/pages/participants-continuing-obligations,aix.kz,2,"[{""host"": ""aix.kz"", ""observed_page"": ""https://www.aixkz.com/en"", ""target_url"": ""https://www.aixkz.com/en/pages/participants-continuing-obligations"", ""anchor_text"": ""Participantâs Continuing Obligations"", ""evidence"": ""OBSERVED_LINK_NOT_DIRECTORY_CONTENT_VERIFIED"", ""source_body_sha256_observed"": ""f96177223b30405acb9b957924548bff693301ad99044502781bb872ac2ec3c0""}, {""host"": ""aix.kz"", ""observed_page"": ""https://www.aixkz.com/en"", ""target_url"": ""https://www.aixkz.com/en/pages/participants-continuing-obligations"", ""anchor_text"": ""Participantâs Continuing Obligations"", ""evidence"": ""OBSERVED_LINK_NOT_DIRECTORY_CONTENT_VERIFIED"", ""source_body_sha256_observed"": ""f96177223b30405acb9b957924548bff693301ad99044502781bb872ac2ec3c0""}]",DIRECTORY_EXPORT_DISCOVERY_AND_UNIVERSE_BOUNDARY,REVIEW_ROLE_THEN_FETCH_ALL_PAGES_AND_SOURCE_TOTAL;CLASSIFY_COMPANY_SECURITY_MEMBER_LICENSEE_OR_FORM,UNKNOWN,OBSERVED_LINK_REQUIRES_CONTENT_VALIDATION,P2_OTHER_CANDIDATE_REVIEW,B25 pending path and query signals: participant,1,www.aixkz.com
B05:1066,https://www.asc.ca/en/issuer-regulation/fees-and-filing-deadlines/participation-fees,www.albertasecurities.com,1,"[{""host"": ""www.albertasecurities.com"", ""observed_page"": ""https://www.asc.ca/"", ""target_url"": ""https://www.asc.ca/en/issuer-regulation/fees-and-filing-deadlines/participation-fees"", ""anchor_text"": ""Participation Fees"", ""keyword_matches"": ""issuer"", ""evidence"": ""OBSERVED_LINK_NOT_DIRECTORY_CONTENT_VERIFIED"", ""source_body_sha256_observed"": ""934a41df838ca4c21cbc645f51c29897fc43e758e1545d8d9b73bb0cd82c2d4e""}]",DIRECTORY_EXPORT_DISCOVERY_AND_UNIVERSE_BOUNDARY,REVIEW_ROLE_THEN_FETCH_ALL_PAGES_AND_SOURCE_TOTAL;CLASSIFY_COMPANY_SECURITY_MEMBER_LICENSEE_OR_FORM,UNKNOWN,OBSERVED_LINK_REQUIRES_CONTENT_VALIDATION,P2_OTHER_CANDIDATE_REVIEW,B25 pending path and query signals: issuer,1,www.asc.ca
B05:1109,https://www.asic.gov.au/for-finance-professionals/afs-licensees/applying-for-and-managing-an-afs-licence/,www.asic.gov.au,1,"[{""host"": ""www.asic.gov.au"", ""observed_page"": ""https://www.asic.gov.au/"", ""target_url"": ""https://www.asic.gov.au/for-finance-professionals/afs-licensees/applying-for-and-managing-an-afs-licence/"", ""anchor_text"": ""Applying for and managing an AFS licence"", ""keyword_matches"": ""licenc|licens"", ""evidence"": ""OBSERVED_LINK_NOT_DIRECTORY_CONTENT_VERIFIED"", ""source_body_sha256_observed"": ""d33c516abedc2608bfe0767f01a3522a05fda178631141ce71b347389b2923b2""}]",DIRECTORY_EXPORT_DISCOVERY_AND_UNIVERSE_BOUNDARY,REVIEW_ROLE_THEN_FETCH_ALL_PAGES_AND_SOURCE_TOTAL;CLASSIFY_COMPANY_SECURITY_MEMBER_LICENSEE_OR_FORM,UNKNOWN,OBSERVED_LINK_REQUIRES_CONTENT_VALIDATION,P2_OTHER_CANDIDATE_REVIEW,B25 pending path and query signals: licen|licen,2,www.asic.gov.au
B05:1192,https://www.bancamarch.es/es/empresas/soluciones-para-empresas/gestion-de-tesoreria/,www.bancamarch.es,1,"[{""host"": ""www.bancamarch.es"", ""observed_page"": ""https://www.bancamarch.es/es/"", ""target_url"": ""https://www.bancamarch.es/es/empresas/soluciones-para-empresas/gestion-de-tesoreria/"", ""anchor_text"": ""Gestión de tesorería"", ""keyword_matches"": ""empresas"", ""evidence"": ""OBSERVED_LINK_NOT_DIRECTORY_CONTENT_VERIFIED"", ""source_body_sha256_observed"": ""50888e1dd9d66b841d921e6d5c341b306c10e7632237d1afec1751a9493ff445""}]",DIRECTORY_EXPORT_DISCOVERY_AND_UNIVERSE_BOUNDARY,REVIEW_ROLE_THEN_FETCH_ALL_PAGES_AND_SOURCE_TOTAL;CLASSIFY_COMPANY_SECURITY_MEMBER_LICENSEE_OR_FORM,UNKNOWN,OBSERVED_LINK_REQUIRES_CONTENT_VALIDATION,P2_OTHER_CANDIDATE_REVIEW,B25 pending path and query signals: empresas|empresas,2,www.bancamarch.es
