source_url,table,row,name,symbol,role,fields_json,raw_source_rows_json,evidence
https://www.nasdng.com/markets/admitted,1,2,111 PLC,SD11PLC,DIRECTORY_RECORD_REVIEW,"{""Company"": ""111 PLC"", ""Symbol"": ""SD11PLC"", ""Current Price"": ""₦245.10"", ""Change (%)"": ""+0%"", ""Sector"": ""Oil & Gas"", ""Registrar"": ""Greenwich Registrars & Data Solutions Limited"", ""Date Admitted"": ""18 Jun, 2021"", ""Category"": ""Blue""}","[{""work_id"": ""B05:3642"", ""source_url"": ""https://www.nasdng.com/markets/admitted"", ""table"": ""1"", ""row"": ""2"", ""headers_json"": ""[\""Company\"", \""Symbol\"", \""Current Price\"", \""Change (%)\"", \""Sector\"", \""Registrar\"", \""Date Admitted\"", \""Category\""]"", ""cells_json"": ""[\""111 PLC\"", \""SD11PLC\"", \""₦245.10\"", \""+0%\"", \""Oil & Gas\"", \""Greenwich Registrars & Data Solutions Limited\"", \""18 Jun, 2021\"", \""Blue\""]"", ""row_links_json"": ""[\""https://www.nasdng.com/markets/securities/SD11PLC/\""]"", ""content_sha256"": ""a22ca39040e5367bd196edafee8b27a5e50fb6808c853cd74759f1fe1486399d"", ""semantic_status"": ""SOURCE_TABLE_ROW_NOT_AUTOMATICALLY_ENTITY""}]",SOURCE_TABLE_RECORD_NOT_GLOBAL_OR_UNIQUE_COMPANY_VERIFICATION
https://www.nasdng.com/markets/admitted,1,3,ABACCESS BANK PLC,SDACCESS,DIRECTORY_RECORD_REVIEW,"{""Company"": ""ABACCESS BANK PLC"", ""Symbol"": ""SDACCESS"", ""Current Price"": ""₦17.05"", ""Change (%)"": ""+0%"", ""Sector"": ""Financial"", ""Registrar"": ""Coronation Registrar Limited"", ""Date Admitted"": ""24 Mar, 2022"", ""Category"": ""Blue""}","[{""work_id"": ""B05:3642"", ""source_url"": ""https://www.nasdng.com/markets/admitted"", ""table"": ""1"", ""row"": ""3"", ""headers_json"": ""[\""Company\"", \""Symbol\"", \""Current Price\"", \""Change (%)\"", \""Sector\"", \""Registrar\"", \""Date Admitted\"", \""Category\""]"", ""cells_json"": ""[\""ABACCESS BANK PLC\"", \""SDACCESS\"", \""₦17.05\"", \""+0%\"", \""Financial\"", \""Coronation Registrar Limited\"", \""24 Mar, 2022\"", \""Blue\""]"", ""row_links_json"": ""[\""https://www.nasdng.com/markets/securities/SDACCESS/\""]"", ""content_sha256"": ""a22ca39040e5367bd196edafee8b27a5e50fb6808c853cd74759f1fe1486399d"", ""semantic_status"": ""SOURCE_TABLE_ROW_NOT_AUTOMATICALLY_ENTITY""}]",SOURCE_TABLE_RECORD_NOT_GLOBAL_OR_UNIQUE_COMPANY_VERIFICATION
https://www.nasdng.com/markets/admitted,1,4,AMAG Mortgage Bank Plc,SDAGMBANK,DIRECTORY_RECORD_REVIEW,"{""Company"": ""AMAG Mortgage Bank Plc"", ""Symbol"": ""SDAGMBANK"", ""Current Price"": ""₦1.19"", ""Change (%)"": ""+0%"", ""Sector"": ""Financial"", ""Registrar"": ""CARDINALSTONE REGISTRARS LIMITED"", ""Date Admitted"": ""17 Jun, 2016"", ""Category"": ""Blue""}","[{""work_id"": ""B05:3642"", ""source_url"": ""https://www.nasdng.com/markets/admitted"", ""table"": ""1"", ""row"": ""4"", ""headers_json"": ""[\""Company\"", \""Symbol\"", \""Current Price\"", \""Change (%)\"", \""Sector\"", \""Registrar\"", \""Date Admitted\"", \""Category\""]"", ""cells_json"": ""[\""AMAG Mortgage Bank Plc\"", \""SDAGMBANK\"", \""₦1.19\"", \""+0%\"", \""Financial\"", \""CARDINALSTONE REGISTRARS LIMITED\"", \""17 Jun, 2016\"", \""Blue\""]"", ""row_links_json"": ""[\""https://www.nasdng.com/markets/securities/SDAGMBANK/\""]"", ""content_sha256"": ""a22ca39040e5367bd196edafee8b27a5e50fb6808c853cd74759f1fe1486399d"", ""semantic_status"": ""SOURCE_TABLE_ROW_NOT_AUTOMATICALLY_ENTITY""}]",SOURCE_TABLE_RECORD_NOT_GLOBAL_OR_UNIQUE_COMPANY_VERIFICATION
https://www.nasdng.com/markets/admitted,1,5,APAcorn Petroleum Plc,SDACORN,DIRECTORY_RECORD_REVIEW,"{""Company"": ""APAcorn Petroleum Plc"", ""Symbol"": ""SDACORN"", ""Current Price"": ""₦1.25"", ""Change (%)"": ""+0%"", ""Sector"": ""Oil & Gas"", ""Registrar"": ""CSL REGISTRARS LIMITED"", ""Date Admitted"": ""11 Nov, 2014"", ""Category"": ""Red""}","[{""work_id"": ""B05:3642"", ""source_url"": ""https://www.nasdng.com/markets/admitted"", ""table"": ""1"", ""row"": ""5"", ""headers_json"": ""[\""Company\"", \""Symbol\"", \""Current Price\"", \""Change (%)\"", \""Sector\"", \""Registrar\"", \""Date Admitted\"", \""Category\""]"", ""cells_json"": ""[\""APAcorn Petroleum Plc\"", \""SDACORN\"", \""₦1.25\"", \""+0%\"", \""Oil & Gas\"", \""CSL REGISTRARS LIMITED\"", \""11 Nov, 2014\"", \""Red\""]"", ""row_links_json"": ""[\""https://www.nasdng.com/markets/securities/SDACORN/\""]"", ""content_sha256"": ""a22ca39040e5367bd196edafee8b27a5e50fb6808c853cd74759f1fe1486399d"", ""semantic_status"": ""SOURCE_TABLE_ROW_NOT_AUTOMATICALLY_ENTITY""}]",SOURCE_TABLE_RECORD_NOT_GLOBAL_OR_UNIQUE_COMPANY_VERIFICATION
https://www.nasdng.com/markets/admitted,1,6,AAdswitch PLC,SDADSWITCH,DIRECTORY_RECORD_REVIEW,"{""Company"": ""AAdswitch PLC"", ""Symbol"": ""SDADSWITCH"", ""Current Price"": ""₦0.20"", ""Change (%)"": ""+0%"", ""Sector"": ""Manufacturing"", ""Registrar"": ""Crescent Registrars Limited"", ""Date Admitted"": ""07 Oct, 2024"", ""Category"": ""Pink""}","[{""work_id"": ""B05:3642"", ""source_url"": ""https://www.nasdng.com/markets/admitted"", ""table"": ""1"", ""row"": ""6"", ""headers_json"": ""[\""Company\"", \""Symbol\"", \""Current Price\"", \""Change (%)\"", \""Sector\"", \""Registrar\"", \""Date Admitted\"", \""Category\""]"", ""cells_json"": ""[\""AAdswitch PLC\"", \""SDADSWITCH\"", \""₦0.20\"", \""+0%\"", \""Manufacturing\"", \""Crescent Registrars Limited\"", \""07 Oct, 2024\"", \""Pink\""]"", ""row_links_json"": ""[\""https://www.nasdng.com/markets/securities/SDADSWITCH/\""]"", ""content_sha256"": ""a22ca39040e5367bd196edafee8b27a5e50fb6808c853cd74759f1fe1486399d"", ""semantic_status"": ""SOURCE_TABLE_ROW_NOT_AUTOMATICALLY_ENTITY""}]",SOURCE_TABLE_RECORD_NOT_GLOBAL_OR_UNIQUE_COMPANY_VERIFICATION
https://www.nasdng.com/markets/admitted,1,7,APAfriland Properties Plc,SDAFRILAND,DIRECTORY_RECORD_REVIEW,"{""Company"": ""APAfriland Properties Plc"", ""Symbol"": ""SDAFRILAND"", ""Current Price"": ""₦12.33"", ""Change (%)"": ""+0%"", ""Sector"": ""Real Estate"", ""Registrar"": ""AFRICA PRUDENTIAL REGISTRARS PLC"", ""Date Admitted"": ""04 Sep, 2014"", ""Category"": ""Blue""}","[{""work_id"": ""B05:3642"", ""source_url"": ""https://www.nasdng.com/markets/admitted"", ""table"": ""1"", ""row"": ""7"", ""headers_json"": ""[\""Company\"", \""Symbol\"", \""Current Price\"", \""Change (%)\"", \""Sector\"", \""Registrar\"", \""Date Admitted\"", \""Category\""]"", ""cells_json"": ""[\""APAfriland Properties Plc\"", \""SDAFRILAND\"", \""₦12.33\"", \""+0%\"", \""Real Estate\"", \""AFRICA PRUDENTIAL REGISTRARS PLC\"", \""04 Sep, 2014\"", \""Blue\""]"", ""row_links_json"": ""[\""https://www.nasdng.com/markets/securities/SDAFRILAND/\""]"", ""content_sha256"": ""a22ca39040e5367bd196edafee8b27a5e50fb6808c853cd74759f1fe1486399d"", ""semantic_status"": ""SOURCE_TABLE_ROW_NOT_AUTOMATICALLY_ENTITY""}]",SOURCE_TABLE_RECORD_NOT_GLOBAL_OR_UNIQUE_COMPANY_VERIFICATION
https://www.nasdng.com/markets/admitted,1,8,CHCAPITAL HOTELS PLC,SDCAPHOTEL,DIRECTORY_RECORD_REVIEW,"{""Company"": ""CHCAPITAL HOTELS PLC"", ""Symbol"": ""SDCAPHOTEL"", ""Current Price"": ""₦5.00"", ""Change (%)"": ""+0%"", ""Sector"": ""Hospitality"", ""Registrar"": ""Cordros Registrars Limited."", ""Date Admitted"": ""05 Apr, 2024"", ""Category"": ""Blue""}","[{""work_id"": ""B05:3642"", ""source_url"": ""https://www.nasdng.com/markets/admitted"", ""table"": ""1"", ""row"": ""8"", ""headers_json"": ""[\""Company\"", \""Symbol\"", \""Current Price\"", \""Change (%)\"", \""Sector\"", \""Registrar\"", \""Date Admitted\"", \""Category\""]"", ""cells_json"": ""[\""CHCAPITAL HOTELS PLC\"", \""SDCAPHOTEL\"", \""₦5.00\"", \""+0%\"", \""Hospitality\"", \""Cordros Registrars Limited.\"", \""05 Apr, 2024\"", \""Blue\""]"", ""row_links_json"": ""[\""https://www.nasdng.com/markets/securities/SDCAPHOTEL/\""]"", ""content_sha256"": ""a22ca39040e5367bd196edafee8b27a5e50fb6808c853cd74759f1fe1486399d"", ""semantic_status"": ""SOURCE_TABLE_ROW_NOT_AUTOMATICALLY_ENTITY""}]",SOURCE_TABLE_RECORD_NOT_GLOBAL_OR_UNIQUE_COMPANY_VERIFICATION
https://www.nasdng.com/markets/admitted,1,9,CSCR Services Plc,SDCRSBUR,DIRECTORY_RECORD_REVIEW,"{""Company"": ""CSCR Services Plc"", ""Symbol"": ""SDCRSBUR"", ""Current Price"": ""₦1.90"", ""Change (%)"": ""+0%"", ""Sector"": ""Financial"", ""Registrar"": ""FIRST REGISTRARS NIGERIA LIMITED"", ""Date Admitted"": ""29 Mar, 2017"", ""Category"": ""Red""}","[{""work_id"": ""B05:3642"", ""source_url"": ""https://www.nasdng.com/markets/admitted"", ""table"": ""1"", ""row"": ""9"", ""headers_json"": ""[\""Company\"", \""Symbol\"", \""Current Price\"", \""Change (%)\"", \""Sector\"", \""Registrar\"", \""Date Admitted\"", \""Category\""]"", ""cells_json"": ""[\""CSCR Services Plc\"", \""SDCRSBUR\"", \""₦1.90\"", \""+0%\"", \""Financial\"", \""FIRST REGISTRARS NIGERIA LIMITED\"", \""29 Mar, 2017\"", \""Red\""]"", ""row_links_json"": ""[\""https://www.nasdng.com/markets/securities/SDCRSBUR/\""]"", ""content_sha256"": ""a22ca39040e5367bd196edafee8b27a5e50fb6808c853cd74759f1fe1486399d"", ""semantic_status"": ""SOURCE_TABLE_ROW_NOT_AUTOMATICALLY_ENTITY""}]",SOURCE_TABLE_RECORD_NOT_GLOBAL_OR_UNIQUE_COMPANY_VERIFICATION
https://www.nasdng.com/markets/admitted,1,10,CBCapital Bancorp PLC,SDCBANCO,DIRECTORY_RECORD_REVIEW,"{""Company"": ""CBCapital Bancorp PLC"", ""Symbol"": ""SDCBANCO"", ""Current Price"": ""₦1.90"", ""Change (%)"": ""+0%"", ""Sector"": ""Financial"", ""Registrar"": ""Lighthouse Registrars"", ""Date Admitted"": ""18 Jun, 2021"", ""Category"": ""Pink""}","[{""work_id"": ""B05:3642"", ""source_url"": ""https://www.nasdng.com/markets/admitted"", ""table"": ""1"", ""row"": ""10"", ""headers_json"": ""[\""Company\"", \""Symbol\"", \""Current Price\"", \""Change (%)\"", \""Sector\"", \""Registrar\"", \""Date Admitted\"", \""Category\""]"", ""cells_json"": ""[\""CBCapital Bancorp PLC\"", \""SDCBANCO\"", \""₦1.90\"", \""+0%\"", \""Financial\"", \""Lighthouse Registrars\"", \""18 Jun, 2021\"", \""Pink\""]"", ""row_links_json"": ""[\""https://www.nasdng.com/markets/securities/SDCBANCO/\""]"", ""content_sha256"": ""a22ca39040e5367bd196edafee8b27a5e50fb6808c853cd74759f1fe1486399d"", ""semantic_status"": ""SOURCE_TABLE_ROW_NOT_AUTOMATICALLY_ENTITY""}]",SOURCE_TABLE_RECORD_NOT_GLOBAL_OR_UNIQUE_COMPANY_VERIFICATION
https://www.nasdng.com/markets/admitted,1,11,CACappa and D Alberto PLC,SDCAPDBETO,DIRECTORY_RECORD_REVIEW,"{""Company"": ""CACappa and D Alberto PLC"", ""Symbol"": ""SDCAPDBETO"", ""Current Price"": ""₦33.00"", ""Change (%)"": ""+0%"", ""Sector"": ""Industrials"", ""Registrar"": ""AFRICAN PRUDENTIAL REGISTRARS PLC"", ""Date Admitted"": """", ""Category"": ""Pink""}","[{""work_id"": ""B05:3642"", ""source_url"": ""https://www.nasdng.com/markets/admitted"", ""table"": ""1"", ""row"": ""11"", ""headers_json"": ""[\""Company\"", \""Symbol\"", \""Current Price\"", \""Change (%)\"", \""Sector\"", \""Registrar\"", \""Date Admitted\"", \""Category\""]"", ""cells_json"": ""[\""CACappa and D Alberto PLC\"", \""SDCAPDBETO\"", \""₦33.00\"", \""+0%\"", \""Industrials\"", \""AFRICAN PRUDENTIAL REGISTRARS PLC\"", \""\"", \""Pink\""]"", ""row_links_json"": ""[\""https://www.nasdng.com/markets/securities/SDCAPDBETO/\""]"", ""content_sha256"": ""a22ca39040e5367bd196edafee8b27a5e50fb6808c853cd74759f1fe1486399d"", ""semantic_status"": ""SOURCE_TABLE_ROW_NOT_AUTOMATICALLY_ENTITY""}]",SOURCE_TABLE_RECORD_NOT_GLOBAL_OR_UNIQUE_COMPANY_VERIFICATION
https://www.nasdng.com/markets/admitted,1,12,CSCentral Securities Clearing System (CSCS) PLC,SDCSCSPLC,DIRECTORY_RECORD_REVIEW,"{""Company"": ""CSCentral Securities Clearing System (CSCS) PLC"", ""Symbol"": ""SDCSCSPLC"", ""Current Price"": ""₦98.65"", ""Change (%)"": ""-1.71%"", ""Sector"": ""Financial"", ""Registrar"": ""AFRICAN PRUDENTIAL REGISTRARS PLC"", ""Date Admitted"": ""14 May, 2014"", ""Category"": ""Blue""}","[{""work_id"": ""B05:3642"", ""source_url"": ""https://www.nasdng.com/markets/admitted"", ""table"": ""1"", ""row"": ""12"", ""headers_json"": ""[\""Company\"", \""Symbol\"", \""Current Price\"", \""Change (%)\"", \""Sector\"", \""Registrar\"", \""Date Admitted\"", \""Category\""]"", ""cells_json"": ""[\""CSCentral Securities Clearing System (CSCS) PLC\"", \""SDCSCSPLC\"", \""₦98.65\"", \""-1.71%\"", \""Financial\"", \""AFRICAN PRUDENTIAL REGISTRARS PLC\"", \""14 May, 2014\"", \""Blue\""]"", ""row_links_json"": ""[\""https://www.nasdng.com/markets/securities/SDCSCSPLC/\""]"", ""content_sha256"": ""a22ca39040e5367bd196edafee8b27a5e50fb6808c853cd74759f1fe1486399d"", ""semantic_status"": ""SOURCE_TABLE_ROW_NOT_AUTOMATICALLY_ENTITY""}]",SOURCE_TABLE_RECORD_NOT_GLOBAL_OR_UNIQUE_COMPANY_VERIFICATION
https://www.nasdng.com/markets/admitted,1,13,CCititrust Holdings PLC,SDCITITRUST,DIRECTORY_RECORD_REVIEW,"{""Company"": ""CCititrust Holdings PLC"", ""Symbol"": ""SDCITITRUST"", ""Current Price"": ""₦13.50"", ""Change (%)"": ""+0%"", ""Sector"": ""Financial"", ""Registrar"": ""Meristem"", ""Date Admitted"": ""26 Mar, 2022"", ""Category"": ""Red""}","[{""work_id"": ""B05:3642"", ""source_url"": ""https://www.nasdng.com/markets/admitted"", ""table"": ""1"", ""row"": ""13"", ""headers_json"": ""[\""Company\"", \""Symbol\"", \""Current Price\"", \""Change (%)\"", \""Sector\"", \""Registrar\"", \""Date Admitted\"", \""Category\""]"", ""cells_json"": ""[\""CCititrust Holdings PLC\"", \""SDCITITRUST\"", \""₦13.50\"", \""+0%\"", \""Financial\"", \""Meristem\"", \""26 Mar, 2022\"", \""Red\""]"", ""row_links_json"": ""[\""https://www.nasdng.com/markets/securities/SDCITITRUST/\""]"", ""content_sha256"": ""a22ca39040e5367bd196edafee8b27a5e50fb6808c853cd74759f1fe1486399d"", ""semantic_status"": ""SOURCE_TABLE_ROW_NOT_AUTOMATICALLY_ENTITY""}]",SOURCE_TABLE_RECORD_NOT_GLOBAL_OR_UNIQUE_COMPANY_VERIFICATION
https://www.nasdng.com/markets/admitted,1,14,C(Costain (West Africa) Plc,SDCOSTAIN,DIRECTORY_RECORD_REVIEW,"{""Company"": ""C(Costain (West Africa) Plc"", ""Symbol"": ""SDCOSTAIN"", ""Current Price"": ""₦0.60"", ""Change (%)"": ""+0%"", ""Sector"": ""Construction"", ""Registrar"": ""FIRST REGISTRARS NIGERIA LIMITED"", ""Date Admitted"": ""10 Mar, 2017"", ""Category"": ""Red""}","[{""work_id"": ""B05:3642"", ""source_url"": ""https://www.nasdng.com/markets/admitted"", ""table"": ""1"", ""row"": ""14"", ""headers_json"": ""[\""Company\"", \""Symbol\"", \""Current Price\"", \""Change (%)\"", \""Sector\"", \""Registrar\"", \""Date Admitted\"", \""Category\""]"", ""cells_json"": ""[\""C(Costain (West Africa) Plc\"", \""SDCOSTAIN\"", \""₦0.60\"", \""+0%\"", \""Construction\"", \""FIRST REGISTRARS NIGERIA LIMITED\"", \""10 Mar, 2017\"", \""Red\""]"", ""row_links_json"": ""[\""https://www.nasdng.com/markets/securities/SDCOSTAIN/\""]"", ""content_sha256"": ""a22ca39040e5367bd196edafee8b27a5e50fb6808c853cd74759f1fe1486399d"", ""semantic_status"": ""SOURCE_TABLE_ROW_NOT_AUTOMATICALLY_ENTITY""}]",SOURCE_TABLE_RECORD_NOT_GLOBAL_OR_UNIQUE_COMPANY_VERIFICATION
https://www.nasdng.com/markets/admitted,1,15,DPDufil Prima Foods Plc,SDDUFIL,DIRECTORY_RECORD_REVIEW,"{""Company"": ""DPDufil Prima Foods Plc"", ""Symbol"": ""SDDUFIL"", ""Current Price"": ""₦9.00"", ""Change (%)"": ""+0%"", ""Sector"": ""Consumer Goods"", ""Registrar"": ""NNENNA EJEKAM ASSOCIATES"", ""Date Admitted"": ""20 Jan, 2015"", ""Category"": ""Pink""}","[{""work_id"": ""B05:3642"", ""source_url"": ""https://www.nasdng.com/markets/admitted"", ""table"": ""1"", ""row"": ""15"", ""headers_json"": ""[\""Company\"", \""Symbol\"", \""Current Price\"", \""Change (%)\"", \""Sector\"", \""Registrar\"", \""Date Admitted\"", \""Category\""]"", ""cells_json"": ""[\""DPDufil Prima Foods Plc\"", \""SDDUFIL\"", \""₦9.00\"", \""+0%\"", \""Consumer Goods\"", \""NNENNA EJEKAM ASSOCIATES\"", \""20 Jan, 2015\"", \""Pink\""]"", ""row_links_json"": ""[\""https://www.nasdng.com/markets/securities/SDDUFIL/\""]"", ""content_sha256"": ""a22ca39040e5367bd196edafee8b27a5e50fb6808c853cd74759f1fe1486399d"", ""semantic_status"": ""SOURCE_TABLE_ROW_NOT_AUTOMATICALLY_ENTITY""}]",SOURCE_TABLE_RECORD_NOT_GLOBAL_OR_UNIQUE_COMPANY_VERIFICATION
https://www.nasdng.com/markets/admitted,1,16,FNFAMAD Nigeria Plc,SDFAMADPLC,DIRECTORY_RECORD_REVIEW,"{""Company"": ""FNFAMAD Nigeria Plc"", ""Symbol"": ""SDFAMADPLC"", ""Current Price"": ""₦1.25"", ""Change (%)"": ""+0%"", ""Sector"": ""Consumer Goods"", ""Registrar"": ""FIRST REGISTRARS NIGERIA LIMITED"", ""Date Admitted"": """", ""Category"": ""Red""}","[{""work_id"": ""B05:3642"", ""source_url"": ""https://www.nasdng.com/markets/admitted"", ""table"": ""1"", ""row"": ""16"", ""headers_json"": ""[\""Company\"", \""Symbol\"", \""Current Price\"", \""Change (%)\"", \""Sector\"", \""Registrar\"", \""Date Admitted\"", \""Category\""]"", ""cells_json"": ""[\""FNFAMAD Nigeria Plc\"", \""SDFAMADPLC\"", \""₦1.25\"", \""+0%\"", \""Consumer Goods\"", \""FIRST REGISTRARS NIGERIA LIMITED\"", \""\"", \""Red\""]"", ""row_links_json"": ""[\""https://www.nasdng.com/markets/securities/SDFAMADPLC/\""]"", ""content_sha256"": ""a22ca39040e5367bd196edafee8b27a5e50fb6808c853cd74759f1fe1486399d"", ""semantic_status"": ""SOURCE_TABLE_ROW_NOT_AUTOMATICALLY_ENTITY""}]",SOURCE_TABLE_RECORD_NOT_GLOBAL_OR_UNIQUE_COMPANY_VERIFICATION
https://www.nasdng.com/markets/admitted,1,17,FMFirstTrust Mortgage Bank Plc,SDFSTTRUSTMB,DIRECTORY_RECORD_REVIEW,"{""Company"": ""FMFirstTrust Mortgage Bank Plc"", ""Symbol"": ""SDFSTTRUSTMB"", ""Current Price"": ""₦2.46"", ""Change (%)"": ""+0%"", ""Sector"": ""Financial"", ""Registrar"": ""UNITED SECURITIES LIMITED"", ""Date Admitted"": ""07 Aug, 2014"", ""Category"": ""Pink""}","[{""work_id"": ""B05:3642"", ""source_url"": ""https://www.nasdng.com/markets/admitted"", ""table"": ""1"", ""row"": ""17"", ""headers_json"": ""[\""Company\"", \""Symbol\"", \""Current Price\"", \""Change (%)\"", \""Sector\"", \""Registrar\"", \""Date Admitted\"", \""Category\""]"", ""cells_json"": ""[\""FMFirstTrust Mortgage Bank Plc\"", \""SDFSTTRUSTMB\"", \""₦2.46\"", \""+0%\"", \""Financial\"", \""UNITED SECURITIES LIMITED\"", \""07 Aug, 2014\"", \""Pink\""]"", ""row_links_json"": ""[\""https://www.nasdng.com/markets/securities/SDFSTTRUSTMB/\""]"", ""content_sha256"": ""a22ca39040e5367bd196edafee8b27a5e50fb6808c853cd74759f1fe1486399d"", ""semantic_status"": ""SOURCE_TABLE_ROW_NOT_AUTOMATICALLY_ENTITY""}]",SOURCE_TABLE_RECORD_NOT_GLOBAL_OR_UNIQUE_COMPANY_VERIFICATION
https://www.nasdng.com/markets/admitted,1,18,FCFood Concepts PLC,SDFOODCPT,DIRECTORY_RECORD_REVIEW,"{""Company"": ""FCFood Concepts PLC"", ""Symbol"": ""SDFOODCPT"", ""Current Price"": ""₦2.24"", ""Change (%)"": ""-6.77%"", ""Sector"": ""Consumer Goods"", ""Registrar"": ""MERISTEM REGISTRARS LIMITED"", ""Date Admitted"": ""15 Jul, 2013"", ""Category"": ""Pink""}","[{""work_id"": ""B05:3642"", ""source_url"": ""https://www.nasdng.com/markets/admitted"", ""table"": ""1"", ""row"": ""18"", ""headers_json"": ""[\""Company\"", \""Symbol\"", \""Current Price\"", \""Change (%)\"", \""Sector\"", \""Registrar\"", \""Date Admitted\"", \""Category\""]"", ""cells_json"": ""[\""FCFood Concepts PLC\"", \""SDFOODCPT\"", \""₦2.24\"", \""-6.77%\"", \""Consumer Goods\"", \""MERISTEM REGISTRARS LIMITED\"", \""15 Jul, 2013\"", \""Pink\""]"", ""row_links_json"": ""[\""https://www.nasdng.com/markets/securities/SDFOODCPT/\""]"", ""content_sha256"": ""a22ca39040e5367bd196edafee8b27a5e50fb6808c853cd74759f1fe1486399d"", ""semantic_status"": ""SOURCE_TABLE_ROW_NOT_AUTOMATICALLY_ENTITY""}]",SOURCE_TABLE_RECORD_NOT_GLOBAL_OR_UNIQUE_COMPANY_VERIFICATION
https://www.nasdng.com/markets/admitted,1,19,FRFree Range Farms Plc,SDFARMSPLC,DIRECTORY_RECORD_REVIEW,"{""Company"": ""FRFree Range Farms Plc"", ""Symbol"": ""SDFARMSPLC"", ""Current Price"": ""₦0.90"", ""Change (%)"": ""+0%"", ""Sector"": ""Consumer Goods"", ""Registrar"": ""MERISTEM REGISTRARS LIMITED"", ""Date Admitted"": ""28 Sep, 2015"", ""Category"": ""Red""}","[{""work_id"": ""B05:3642"", ""source_url"": ""https://www.nasdng.com/markets/admitted"", ""table"": ""1"", ""row"": ""19"", ""headers_json"": ""[\""Company\"", \""Symbol\"", \""Current Price\"", \""Change (%)\"", \""Sector\"", \""Registrar\"", \""Date Admitted\"", \""Category\""]"", ""cells_json"": ""[\""FRFree Range Farms Plc\"", \""SDFARMSPLC\"", \""₦0.90\"", \""+0%\"", \""Consumer Goods\"", \""MERISTEM REGISTRARS LIMITED\"", \""28 Sep, 2015\"", \""Red\""]"", ""row_links_json"": ""[\""https://www.nasdng.com/markets/securities/SDFARMSPLC/\""]"", ""content_sha256"": ""a22ca39040e5367bd196edafee8b27a5e50fb6808c853cd74759f1fe1486399d"", ""semantic_status"": ""SOURCE_TABLE_ROW_NOT_AUTOMATICALLY_ENTITY""}]",SOURCE_TABLE_RECORD_NOT_GLOBAL_OR_UNIQUE_COMPANY_VERIFICATION
https://www.nasdng.com/markets/admitted,1,20,FCFriesland Campina Wamco Nigeria PLC,SDFCWAMCO,DIRECTORY_RECORD_REVIEW,"{""Company"": ""FCFriesland Campina Wamco Nigeria PLC"", ""Symbol"": ""SDFCWAMCO"", ""Current Price"": ""₦150.00"", ""Change (%)"": ""+0%"", ""Sector"": ""Consumer Goods"", ""Registrar"": ""FIRST REGISTRARS NIGERIA LIMITED"", ""Date Admitted"": ""25 Jul, 2013"", ""Category"": ""Blue""}","[{""work_id"": ""B05:3642"", ""source_url"": ""https://www.nasdng.com/markets/admitted"", ""table"": ""1"", ""row"": ""20"", ""headers_json"": ""[\""Company\"", \""Symbol\"", \""Current Price\"", \""Change (%)\"", \""Sector\"", \""Registrar\"", \""Date Admitted\"", \""Category\""]"", ""cells_json"": ""[\""FCFriesland Campina Wamco Nigeria PLC\"", \""SDFCWAMCO\"", \""₦150.00\"", \""+0%\"", \""Consumer Goods\"", \""FIRST REGISTRARS NIGERIA LIMITED\"", \""25 Jul, 2013\"", \""Blue\""]"", ""row_links_json"": ""[\""https://www.nasdng.com/markets/securities/SDFCWAMCO/\""]"", ""content_sha256"": ""a22ca39040e5367bd196edafee8b27a5e50fb6808c853cd74759f1fe1486399d"", ""semantic_status"": ""SOURCE_TABLE_ROW_NOT_AUTOMATICALLY_ENTITY""}]",SOURCE_TABLE_RECORD_NOT_GLOBAL_OR_UNIQUE_COMPANY_VERIFICATION
https://www.nasdng.com/markets/admitted,1,21,FAFumman Agricultural Products Plc,SDFUMMAN,DIRECTORY_RECORD_REVIEW,"{""Company"": ""FAFumman Agricultural Products Plc"", ""Symbol"": ""SDFUMMAN"", ""Current Price"": ""₦1.58"", ""Change (%)"": ""+0%"", ""Sector"": ""Consumer Goods"", ""Registrar"": ""PAC REGISTRARS LIMITED"", ""Date Admitted"": ""08 Jun, 2015"", ""Category"": ""Pink""}","[{""work_id"": ""B05:3642"", ""source_url"": ""https://www.nasdng.com/markets/admitted"", ""table"": ""1"", ""row"": ""21"", ""headers_json"": ""[\""Company\"", \""Symbol\"", \""Current Price\"", \""Change (%)\"", \""Sector\"", \""Registrar\"", \""Date Admitted\"", \""Category\""]"", ""cells_json"": ""[\""FAFumman Agricultural Products Plc\"", \""SDFUMMAN\"", \""₦1.58\"", \""+0%\"", \""Consumer Goods\"", \""PAC REGISTRARS LIMITED\"", \""08 Jun, 2015\"", \""Pink\""]"", ""row_links_json"": ""[\""https://www.nasdng.com/markets/securities/SDFUMMAN/\""]"", ""content_sha256"": ""a22ca39040e5367bd196edafee8b27a5e50fb6808c853cd74759f1fe1486399d"", ""semantic_status"": ""SOURCE_TABLE_ROW_NOT_AUTOMATICALLY_ENTITY""}]",SOURCE_TABLE_RECORD_NOT_GLOBAL_OR_UNIQUE_COMPANY_VERIFICATION
https://www.nasdng.com/markets/admitted,1,22,GGEO-Fluids PLC,SDGEFLUID,DIRECTORY_RECORD_REVIEW,"{""Company"": ""GGEO-Fluids PLC"", ""Symbol"": ""SDGEFLUID"", ""Current Price"": ""₦1.86"", ""Change (%)"": ""+0%"", ""Sector"": ""Industrials"", ""Registrar"": ""MERISTEM REGISTRARS LIMITED"", ""Date Admitted"": ""13 Aug, 2022"", ""Category"": ""Red""}","[{""work_id"": ""B05:3642"", ""source_url"": ""https://www.nasdng.com/markets/admitted"", ""table"": ""1"", ""row"": ""22"", ""headers_json"": ""[\""Company\"", \""Symbol\"", \""Current Price\"", \""Change (%)\"", \""Sector\"", \""Registrar\"", \""Date Admitted\"", \""Category\""]"", ""cells_json"": ""[\""GGEO-Fluids PLC\"", \""SDGEFLUID\"", \""₦1.86\"", \""+0%\"", \""Industrials\"", \""MERISTEM REGISTRARS LIMITED\"", \""13 Aug, 2022\"", \""Red\""]"", ""row_links_json"": ""[\""https://www.nasdng.com/markets/securities/SDGEFLUID/\""]"", ""content_sha256"": ""a22ca39040e5367bd196edafee8b27a5e50fb6808c853cd74759f1fe1486399d"", ""semantic_status"": ""SOURCE_TABLE_ROW_NOT_AUTOMATICALLY_ENTITY""}]",SOURCE_TABLE_RECORD_NOT_GLOBAL_OR_UNIQUE_COMPANY_VERIFICATION
https://www.nasdng.com/markets/admitted,1,23,GCGolden Capital PLC,SDGOLDEN,DIRECTORY_RECORD_REVIEW,"{""Company"": ""GCGolden Capital PLC"", ""Symbol"": ""SDGOLDEN"", ""Current Price"": ""₦14.10"", ""Change (%)"": ""+0%"", ""Sector"": ""Financial"", ""Registrar"": ""African Prudential Registrars PLC"", ""Date Admitted"": ""18 Mar, 2014"", ""Category"": ""Red""}","[{""work_id"": ""B05:3642"", ""source_url"": ""https://www.nasdng.com/markets/admitted"", ""table"": ""1"", ""row"": ""23"", ""headers_json"": ""[\""Company\"", \""Symbol\"", \""Current Price\"", \""Change (%)\"", \""Sector\"", \""Registrar\"", \""Date Admitted\"", \""Category\""]"", ""cells_json"": ""[\""GCGolden Capital PLC\"", \""SDGOLDEN\"", \""₦14.10\"", \""+0%\"", \""Financial\"", \""African Prudential Registrars PLC\"", \""18 Mar, 2014\"", \""Red\""]"", ""row_links_json"": ""[\""https://www.nasdng.com/markets/securities/SDGOLDEN/\""]"", ""content_sha256"": ""a22ca39040e5367bd196edafee8b27a5e50fb6808c853cd74759f1fe1486399d"", ""semantic_status"": ""SOURCE_TABLE_ROW_NOT_AUTOMATICALLY_ENTITY""}]",SOURCE_TABLE_RECORD_NOT_GLOBAL_OR_UNIQUE_COMPANY_VERIFICATION
https://www.nasdng.com/markets/admitted,1,24,GNGreat Nigeria Insurance PLC,SDGNI,DIRECTORY_RECORD_REVIEW,"{""Company"": ""GNGreat Nigeria Insurance PLC"", ""Symbol"": ""SDGNI"", ""Current Price"": ""₦2.60"", ""Change (%)"": ""+0%"", ""Sector"": ""Financial"", ""Registrar"": ""Greenwich Registrars & Data Solutions"", ""Date Admitted"": ""27 Aug, 2019"", ""Category"": ""Pink""}","[{""work_id"": ""B05:3642"", ""source_url"": ""https://www.nasdng.com/markets/admitted"", ""table"": ""1"", ""row"": ""24"", ""headers_json"": ""[\""Company\"", \""Symbol\"", \""Current Price\"", \""Change (%)\"", \""Sector\"", \""Registrar\"", \""Date Admitted\"", \""Category\""]"", ""cells_json"": ""[\""GNGreat Nigeria Insurance PLC\"", \""SDGNI\"", \""₦2.60\"", \""+0%\"", \""Financial\"", \""Greenwich Registrars & Data Solutions\"", \""27 Aug, 2019\"", \""Pink\""]"", ""row_links_json"": ""[\""https://www.nasdng.com/markets/securities/SDGNI/\""]"", ""content_sha256"": ""a22ca39040e5367bd196edafee8b27a5e50fb6808c853cd74759f1fe1486399d"", ""semantic_status"": ""SOURCE_TABLE_ROW_NOT_AUTOMATICALLY_ENTITY""}]",SOURCE_TABLE_RECORD_NOT_GLOBAL_OR_UNIQUE_COMPANY_VERIFICATION
https://www.nasdng.com/markets/admitted,1,25,ICINFRASTRUCTURE CREDIT GUARANTEE COMPANY,SDINFRACREDT,DIRECTORY_RECORD_REVIEW,"{""Company"": ""ICINFRASTRUCTURE CREDIT GUARANTEE COMPANY"", ""Symbol"": ""SDINFRACREDT"", ""Current Price"": ""₦2.61"", ""Change (%)"": ""+0%"", ""Sector"": ""Financial"", ""Registrar"": ""CardinalStone Registrars Limited"", ""Date Admitted"": ""06 Mar, 2025"", ""Category"": ""Blue""}","[{""work_id"": ""B05:3642"", ""source_url"": ""https://www.nasdng.com/markets/admitted"", ""table"": ""1"", ""row"": ""25"", ""headers_json"": ""[\""Company\"", \""Symbol\"", \""Current Price\"", \""Change (%)\"", \""Sector\"", \""Registrar\"", \""Date Admitted\"", \""Category\""]"", ""cells_json"": ""[\""ICINFRASTRUCTURE CREDIT GUARANTEE COMPANY\"", \""SDINFRACREDT\"", \""₦2.61\"", \""+0%\"", \""Financial\"", \""CardinalStone Registrars Limited\"", \""06 Mar, 2025\"", \""Blue\""]"", ""row_links_json"": ""[\""https://www.nasdng.com/markets/securities/SDINFRACREDT/\""]"", ""content_sha256"": ""a22ca39040e5367bd196edafee8b27a5e50fb6808c853cd74759f1fe1486399d"", ""semantic_status"": ""SOURCE_TABLE_ROW_NOT_AUTOMATICALLY_ENTITY""}]",SOURCE_TABLE_RECORD_NOT_GLOBAL_OR_UNIQUE_COMPANY_VERIFICATION
https://www.nasdng.com/markets/admitted,1,26,IIPWA PLC,SDIPWAPLC,DIRECTORY_RECORD_REVIEW,"{""Company"": ""IIPWA PLC"", ""Symbol"": ""SDIPWAPLC"", ""Current Price"": ""₦10.41"", ""Change (%)"": ""+0%"", ""Sector"": ""Building Materials"", ""Registrar"": ""GTL REGISTRARS"", ""Date Admitted"": ""16 Aug, 2023"", ""Category"": ""Pink""}","[{""work_id"": ""B05:3642"", ""source_url"": ""https://www.nasdng.com/markets/admitted"", ""table"": ""1"", ""row"": ""26"", ""headers_json"": ""[\""Company\"", \""Symbol\"", \""Current Price\"", \""Change (%)\"", \""Sector\"", \""Registrar\"", \""Date Admitted\"", \""Category\""]"", ""cells_json"": ""[\""IIPWA PLC\"", \""SDIPWAPLC\"", \""₦10.41\"", \""+0%\"", \""Building Materials\"", \""GTL REGISTRARS\"", \""16 Aug, 2023\"", \""Pink\""]"", ""row_links_json"": ""[\""https://www.nasdng.com/markets/securities/SDIPWAPLC/\""]"", ""content_sha256"": ""a22ca39040e5367bd196edafee8b27a5e50fb6808c853cd74759f1fe1486399d"", ""semantic_status"": ""SOURCE_TABLE_ROW_NOT_AUTOMATICALLY_ENTITY""}]",SOURCE_TABLE_RECORD_NOT_GLOBAL_OR_UNIQUE_COMPANY_VERIFICATION
https://www.nasdng.com/markets/admitted,1,27,IBImpresit Bakolori PLC,SDIMPRESIT,DIRECTORY_RECORD_REVIEW,"{""Company"": ""IBImpresit Bakolori PLC"", ""Symbol"": ""SDIMPRESIT"", ""Current Price"": ""₦2.42"", ""Change (%)"": ""+0%"", ""Sector"": ""CONSTRUCTION"", ""Registrar"": ""Greenwich Registrars & Data Solutions Limited"", ""Date Admitted"": ""03 May, 2024"", ""Category"": ""Pink""}","[{""work_id"": ""B05:3642"", ""source_url"": ""https://www.nasdng.com/markets/admitted"", ""table"": ""1"", ""row"": ""27"", ""headers_json"": ""[\""Company\"", \""Symbol\"", \""Current Price\"", \""Change (%)\"", \""Sector\"", \""Registrar\"", \""Date Admitted\"", \""Category\""]"", ""cells_json"": ""[\""IBImpresit Bakolori PLC\"", \""SDIMPRESIT\"", \""₦2.42\"", \""+0%\"", \""CONSTRUCTION\"", \""Greenwich Registrars & Data Solutions Limited\"", \""03 May, 2024\"", \""Pink\""]"", ""row_links_json"": ""[\""https://www.nasdng.com/markets/securities/SDIMPRESIT/\""]"", ""content_sha256"": ""a22ca39040e5367bd196edafee8b27a5e50fb6808c853cd74759f1fe1486399d"", ""semantic_status"": ""SOURCE_TABLE_ROW_NOT_AUTOMATICALLY_ENTITY""}]",SOURCE_TABLE_RECORD_NOT_GLOBAL_OR_UNIQUE_COMPANY_VERIFICATION
https://www.nasdng.com/markets/admitted,1,28,IAIndustrial and General Insurance PLC,SDIGIPLC,DIRECTORY_RECORD_REVIEW,"{""Company"": ""IAIndustrial and General Insurance PLC"", ""Symbol"": ""SDIGIPLC"", ""Current Price"": ""₦0.51"", ""Change (%)"": ""+0%"", ""Sector"": ""Financial"", ""Registrar"": ""UNION REGISTRARS LIMITED"", ""Date Admitted"": ""19 Jul, 2013"", ""Category"": ""Pink""}","[{""work_id"": ""B05:3642"", ""source_url"": ""https://www.nasdng.com/markets/admitted"", ""table"": ""1"", ""row"": ""28"", ""headers_json"": ""[\""Company\"", \""Symbol\"", \""Current Price\"", \""Change (%)\"", \""Sector\"", \""Registrar\"", \""Date Admitted\"", \""Category\""]"", ""cells_json"": ""[\""IAIndustrial and General Insurance PLC\"", \""SDIGIPLC\"", \""₦0.51\"", \""+0%\"", \""Financial\"", \""UNION REGISTRARS LIMITED\"", \""19 Jul, 2013\"", \""Pink\""]"", ""row_links_json"": ""[\""https://www.nasdng.com/markets/securities/SDIGIPLC/\""]"", ""content_sha256"": ""a22ca39040e5367bd196edafee8b27a5e50fb6808c853cd74759f1fe1486399d"", ""semantic_status"": ""SOURCE_TABLE_ROW_NOT_AUTOMATICALLY_ENTITY""}]",SOURCE_TABLE_RECORD_NOT_GLOBAL_OR_UNIQUE_COMPANY_VERIFICATION
https://www.nasdng.com/markets/admitted,1,29,IPInternational Packing Industries Nigeria Plc,SDIPIPLC,DIRECTORY_RECORD_REVIEW,"{""Company"": ""IPInternational Packing Industries Nigeria Plc"", ""Symbol"": ""SDIPIPLC"", ""Current Price"": ""₦0.30"", ""Change (%)"": ""+0%"", ""Sector"": ""Industrials"", ""Registrar"": ""LENNAP SECURITIES LIMITED"", ""Date Admitted"": ""20 Jun, 2016"", ""Category"": ""Red""}","[{""work_id"": ""B05:3642"", ""source_url"": ""https://www.nasdng.com/markets/admitted"", ""table"": ""1"", ""row"": ""29"", ""headers_json"": ""[\""Company\"", \""Symbol\"", \""Current Price\"", \""Change (%)\"", \""Sector\"", \""Registrar\"", \""Date Admitted\"", \""Category\""]"", ""cells_json"": ""[\""IPInternational Packing Industries Nigeria Plc\"", \""SDIPIPLC\"", \""₦0.30\"", \""+0%\"", \""Industrials\"", \""LENNAP SECURITIES LIMITED\"", \""20 Jun, 2016\"", \""Red\""]"", ""row_links_json"": ""[\""https://www.nasdng.com/markets/securities/SDIPIPLC/\""]"", ""content_sha256"": ""a22ca39040e5367bd196edafee8b27a5e50fb6808c853cd74759f1fe1486399d"", ""semantic_status"": ""SOURCE_TABLE_ROW_NOT_AUTOMATICALLY_ENTITY""}]",SOURCE_TABLE_RECORD_NOT_GLOBAL_OR_UNIQUE_COMPANY_VERIFICATION
https://www.nasdng.com/markets/admitted,1,30,LBLAGOS BUILDING INVESTMENT COMPANY PLC,SDLBICPLC,DIRECTORY_RECORD_REVIEW,"{""Company"": ""LBLAGOS BUILDING INVESTMENT COMPANY PLC"", ""Symbol"": ""SDLBICPLC"", ""Current Price"": ""₦3.82"", ""Change (%)"": ""+0%"", ""Sector"": ""Financial"", ""Registrar"": ""Africa Prudential Plc"", ""Date Admitted"": ""13 Sep, 2023"", ""Category"": ""Pink""}","[{""work_id"": ""B05:3642"", ""source_url"": ""https://www.nasdng.com/markets/admitted"", ""table"": ""1"", ""row"": ""30"", ""headers_json"": ""[\""Company\"", \""Symbol\"", \""Current Price\"", \""Change (%)\"", \""Sector\"", \""Registrar\"", \""Date Admitted\"", \""Category\""]"", ""cells_json"": ""[\""LBLAGOS BUILDING INVESTMENT COMPANY PLC\"", \""SDLBICPLC\"", \""₦3.82\"", \""+0%\"", \""Financial\"", \""Africa Prudential Plc\"", \""13 Sep, 2023\"", \""Pink\""]"", ""row_links_json"": ""[\""https://www.nasdng.com/markets/securities/SDLBICPLC/\""]"", ""content_sha256"": ""a22ca39040e5367bd196edafee8b27a5e50fb6808c853cd74759f1fe1486399d"", ""semantic_status"": ""SOURCE_TABLE_ROW_NOT_AUTOMATICALLY_ENTITY""}]",SOURCE_TABLE_RECORD_NOT_GLOBAL_OR_UNIQUE_COMPANY_VERIFICATION
https://www.nasdng.com/markets/admitted,1,31,LFLighthouse Financial Services Plc,SDLIGHTFSP,DIRECTORY_RECORD_REVIEW,"{""Company"": ""LFLighthouse Financial Services Plc"", ""Symbol"": ""SDLIGHTFSP"", ""Current Price"": ""₦1.13"", ""Change (%)"": ""+0%"", ""Sector"": ""Financial"", ""Registrar"": ""LIGHTHOUSE REGISTRARS LIMITED"", ""Date Admitted"": ""25 Sep, 2017"", ""Category"": ""Pink""}","[{""work_id"": ""B05:3642"", ""source_url"": ""https://www.nasdng.com/markets/admitted"", ""table"": ""1"", ""row"": ""31"", ""headers_json"": ""[\""Company\"", \""Symbol\"", \""Current Price\"", \""Change (%)\"", \""Sector\"", \""Registrar\"", \""Date Admitted\"", \""Category\""]"", ""cells_json"": ""[\""LFLighthouse Financial Services Plc\"", \""SDLIGHTFSP\"", \""₦1.13\"", \""+0%\"", \""Financial\"", \""LIGHTHOUSE REGISTRARS LIMITED\"", \""25 Sep, 2017\"", \""Pink\""]"", ""row_links_json"": ""[\""https://www.nasdng.com/markets/securities/SDLIGHTFSP/\""]"", ""content_sha256"": ""a22ca39040e5367bd196edafee8b27a5e50fb6808c853cd74759f1fe1486399d"", ""semantic_status"": ""SOURCE_TABLE_ROW_NOT_AUTOMATICALLY_ENTITY""}]",SOURCE_TABLE_RECORD_NOT_GLOBAL_OR_UNIQUE_COMPANY_VERIFICATION
https://www.nasdng.com/markets/admitted,1,32,MOMRS Oil Nigeria PLC,SDMRS,DIRECTORY_RECORD_REVIEW,"{""Company"": ""MOMRS Oil Nigeria PLC"", ""Symbol"": ""SDMRS"", ""Current Price"": ""₦106.00"", ""Change (%)"": ""+0%"", ""Sector"": ""Oil & Gas"", ""Registrar"": ""First Registrars and Investor Services Limited"", ""Date Admitted"": ""15 Dec, 2025"", ""Category"": ""Blue""}","[{""work_id"": ""B05:3642"", ""source_url"": ""https://www.nasdng.com/markets/admitted"", ""table"": ""1"", ""row"": ""32"", ""headers_json"": ""[\""Company\"", \""Symbol\"", \""Current Price\"", \""Change (%)\"", \""Sector\"", \""Registrar\"", \""Date Admitted\"", \""Category\""]"", ""cells_json"": ""[\""MOMRS Oil Nigeria PLC\"", \""SDMRS\"", \""₦106.00\"", \""+0%\"", \""Oil & Gas\"", \""First Registrars and Investor Services Limited\"", \""15 Dec, 2025\"", \""Blue\""]"", ""row_links_json"": ""[\""https://www.nasdng.com/markets/securities/SDMRS/\""]"", ""content_sha256"": ""a22ca39040e5367bd196edafee8b27a5e50fb6808c853cd74759f1fe1486399d"", ""semantic_status"": ""SOURCE_TABLE_ROW_NOT_AUTOMATICALLY_ENTITY""}]",SOURCE_TABLE_RECORD_NOT_GLOBAL_OR_UNIQUE_COMPANY_VERIFICATION
https://www.nasdng.com/markets/admitted,1,33,MTMass Telecoms Innovation Plc,SDMASSTCOM,DIRECTORY_RECORD_REVIEW,"{""Company"": ""MTMass Telecoms Innovation Plc"", ""Symbol"": ""SDMASSTCOM"", ""Current Price"": ""₦0.34"", ""Change (%)"": ""+0%"", ""Sector"": ""Telecommunication"", ""Registrar"": ""APEL REGISTRARS LIMITED"", ""Date Admitted"": ""14 Dec, 2017"", ""Category"": ""Red""}","[{""work_id"": ""B05:3642"", ""source_url"": ""https://www.nasdng.com/markets/admitted"", ""table"": ""1"", ""row"": ""33"", ""headers_json"": ""[\""Company\"", \""Symbol\"", \""Current Price\"", \""Change (%)\"", \""Sector\"", \""Registrar\"", \""Date Admitted\"", \""Category\""]"", ""cells_json"": ""[\""MTMass Telecoms Innovation Plc\"", \""SDMASSTCOM\"", \""₦0.34\"", \""+0%\"", \""Telecommunication\"", \""APEL REGISTRARS LIMITED\"", \""14 Dec, 2017\"", \""Red\""]"", ""row_links_json"": ""[\""https://www.nasdng.com/markets/securities/SDMASSTCOM/\""]"", ""content_sha256"": ""a22ca39040e5367bd196edafee8b27a5e50fb6808c853cd74759f1fe1486399d"", ""semantic_status"": ""SOURCE_TABLE_ROW_NOT_AUTOMATICALLY_ENTITY""}]",SOURCE_TABLE_RECORD_NOT_GLOBAL_OR_UNIQUE_COMPANY_VERIFICATION
https://www.nasdng.com/markets/admitted,1,34,MRMixta Real Estate (Nigeria) Plc,SDMIXREAL,DIRECTORY_RECORD_REVIEW,"{""Company"": ""MRMixta Real Estate (Nigeria) Plc"", ""Symbol"": ""SDMIXREAL"", ""Current Price"": ""₦7.00"", ""Change (%)"": ""+0%"", ""Sector"": ""Real Estate"", ""Registrar"": ""AFRICAN PRUDENTIAL REGISTRARS PLC"", ""Date Admitted"": ""11 May, 2015"", ""Category"": ""Pink""}","[{""work_id"": ""B05:3642"", ""source_url"": ""https://www.nasdng.com/markets/admitted"", ""table"": ""1"", ""row"": ""34"", ""headers_json"": ""[\""Company\"", \""Symbol\"", \""Current Price\"", \""Change (%)\"", \""Sector\"", \""Registrar\"", \""Date Admitted\"", \""Category\""]"", ""cells_json"": ""[\""MRMixta Real Estate (Nigeria) Plc\"", \""SDMIXREAL\"", \""₦7.00\"", \""+0%\"", \""Real Estate\"", \""AFRICAN PRUDENTIAL REGISTRARS PLC\"", \""11 May, 2015\"", \""Pink\""]"", ""row_links_json"": ""[\""https://www.nasdng.com/markets/securities/SDMIXREAL/\""]"", ""content_sha256"": ""a22ca39040e5367bd196edafee8b27a5e50fb6808c853cd74759f1fe1486399d"", ""semantic_status"": ""SOURCE_TABLE_ROW_NOT_AUTOMATICALLY_ENTITY""}]",SOURCE_TABLE_RECORD_NOT_GLOBAL_OR_UNIQUE_COMPANY_VERIFICATION
https://www.nasdng.com/markets/admitted,1,35,NNASD Plc,SDNASDPLC,DIRECTORY_RECORD_REVIEW,"{""Company"": ""NNASD Plc"", ""Symbol"": ""SDNASDPLC"", ""Current Price"": ""₦33.96"", ""Change (%)"": ""+0%"", ""Sector"": ""Financial"", ""Registrar"": ""UNITED SECURITIES LIMITED"", ""Date Admitted"": ""04 Aug, 2016"", ""Category"": ""Blue""}","[{""work_id"": ""B05:3642"", ""source_url"": ""https://www.nasdng.com/markets/admitted"", ""table"": ""1"", ""row"": ""35"", ""headers_json"": ""[\""Company\"", \""Symbol\"", \""Current Price\"", \""Change (%)\"", \""Sector\"", \""Registrar\"", \""Date Admitted\"", \""Category\""]"", ""cells_json"": ""[\""NNASD Plc\"", \""SDNASDPLC\"", \""₦33.96\"", \""+0%\"", \""Financial\"", \""UNITED SECURITIES LIMITED\"", \""04 Aug, 2016\"", \""Blue\""]"", ""row_links_json"": ""[\""https://www.nasdng.com/markets/securities/SDNASDPLC/\""]"", ""content_sha256"": ""a22ca39040e5367bd196edafee8b27a5e50fb6808c853cd74759f1fe1486399d"", ""semantic_status"": ""SOURCE_TABLE_ROW_NOT_AUTOMATICALLY_ENTITY""}]",SOURCE_TABLE_RECORD_NOT_GLOBAL_OR_UNIQUE_COMPANY_VERIFICATION
https://www.nasdng.com/markets/admitted,1,36,NRNASD Plc Rights,SDRR26NASD,DIRECTORY_RECORD_REVIEW,"{""Company"": ""NRNASD Plc Rights"", ""Symbol"": ""SDRR26NASD"", ""Current Price"": ""₦1.00"", ""Change (%)"": ""+0%"", ""Sector"": ""Financial"", ""Registrar"": ""UNITED SECURITIES LIMITED"", ""Date Admitted"": ""04 Aug, 2016"", ""Category"": ""Blue""}","[{""work_id"": ""B05:3642"", ""source_url"": ""https://www.nasdng.com/markets/admitted"", ""table"": ""1"", ""row"": ""36"", ""headers_json"": ""[\""Company\"", \""Symbol\"", \""Current Price\"", \""Change (%)\"", \""Sector\"", \""Registrar\"", \""Date Admitted\"", \""Category\""]"", ""cells_json"": ""[\""NRNASD Plc Rights\"", \""SDRR26NASD\"", \""₦1.00\"", \""+0%\"", \""Financial\"", \""UNITED SECURITIES LIMITED\"", \""04 Aug, 2016\"", \""Blue\""]"", ""row_links_json"": ""[\""https://www.nasdng.com/markets/securities/SDRR26NASD/\""]"", ""content_sha256"": ""a22ca39040e5367bd196edafee8b27a5e50fb6808c853cd74759f1fe1486399d"", ""semantic_status"": ""SOURCE_TABLE_ROW_NOT_AUTOMATICALLY_ENTITY""}]",SOURCE_TABLE_RECORD_NOT_GLOBAL_OR_UNIQUE_COMPANY_VERIFICATION
https://www.nasdng.com/markets/admitted,1,37,NNIPCO PLC,SDNIPCOPLC,DIRECTORY_RECORD_REVIEW,"{""Company"": ""NNIPCO PLC"", ""Symbol"": ""SDNIPCOPLC"", ""Current Price"": ""₦458.00"", ""Change (%)"": ""+0%"", ""Sector"": ""Oil & Gas"", ""Registrar"": ""UNITED SECURITIES LIMITED"", ""Date Admitted"": ""16 Feb, 2017"", ""Category"": ""Blue""}","[{""work_id"": ""B05:3642"", ""source_url"": ""https://www.nasdng.com/markets/admitted"", ""table"": ""1"", ""row"": ""37"", ""headers_json"": ""[\""Company\"", \""Symbol\"", \""Current Price\"", \""Change (%)\"", \""Sector\"", \""Registrar\"", \""Date Admitted\"", \""Category\""]"", ""cells_json"": ""[\""NNIPCO PLC\"", \""SDNIPCOPLC\"", \""₦458.00\"", \""+0%\"", \""Oil & Gas\"", \""UNITED SECURITIES LIMITED\"", \""16 Feb, 2017\"", \""Blue\""]"", ""row_links_json"": ""[\""https://www.nasdng.com/markets/securities/SDNIPCOPLC/\""]"", ""content_sha256"": ""a22ca39040e5367bd196edafee8b27a5e50fb6808c853cd74759f1fe1486399d"", ""semantic_status"": ""SOURCE_TABLE_ROW_NOT_AUTOMATICALLY_ENTITY""}]",SOURCE_TABLE_RECORD_NOT_GLOBAL_OR_UNIQUE_COMPANY_VERIFICATION
https://www.nasdng.com/markets/admitted,1,38,NANewrest Asl Nigeria Plc,SDNEWREST,DIRECTORY_RECORD_REVIEW,"{""Company"": ""NANewrest Asl Nigeria Plc"", ""Symbol"": ""SDNEWREST"", ""Current Price"": ""₦73.99"", ""Change (%)"": ""+0%"", ""Sector"": ""Utilities"", ""Registrar"": ""Meristem Registrars"", ""Date Admitted"": ""25 Sep, 2017"", ""Category"": ""Pink""}","[{""work_id"": ""B05:3642"", ""source_url"": ""https://www.nasdng.com/markets/admitted"", ""table"": ""1"", ""row"": ""38"", ""headers_json"": ""[\""Company\"", \""Symbol\"", \""Current Price\"", \""Change (%)\"", \""Sector\"", \""Registrar\"", \""Date Admitted\"", \""Category\""]"", ""cells_json"": ""[\""NANewrest Asl Nigeria Plc\"", \""SDNEWREST\"", \""₦73.99\"", \""+0%\"", \""Utilities\"", \""Meristem Registrars\"", \""25 Sep, 2017\"", \""Pink\""]"", ""row_links_json"": ""[\""https://www.nasdng.com/markets/securities/SDNEWREST/\""]"", ""content_sha256"": ""a22ca39040e5367bd196edafee8b27a5e50fb6808c853cd74759f1fe1486399d"", ""semantic_status"": ""SOURCE_TABLE_ROW_NOT_AUTOMATICALLY_ENTITY""}]",SOURCE_TABLE_RECORD_NOT_GLOBAL_OR_UNIQUE_COMPANY_VERIFICATION
https://www.nasdng.com/markets/admitted,1,39,NMNigeria Mortgage Refinance Company Plc,SDNMRCPLC,DIRECTORY_RECORD_REVIEW,"{""Company"": ""NMNigeria Mortgage Refinance Company Plc"", ""Symbol"": ""SDNMRCPLC"", ""Current Price"": ""₦6.05"", ""Change (%)"": ""+0%"", ""Sector"": ""Financial"", ""Registrar"": ""MERISTEM REGISTRARS LIMITED"", ""Date Admitted"": ""25 Nov, 2015"", ""Category"": ""Pink""}","[{""work_id"": ""B05:3642"", ""source_url"": ""https://www.nasdng.com/markets/admitted"", ""table"": ""1"", ""row"": ""39"", ""headers_json"": ""[\""Company\"", \""Symbol\"", \""Current Price\"", \""Change (%)\"", \""Sector\"", \""Registrar\"", \""Date Admitted\"", \""Category\""]"", ""cells_json"": ""[\""NMNigeria Mortgage Refinance Company Plc\"", \""SDNMRCPLC\"", \""₦6.05\"", \""+0%\"", \""Financial\"", \""MERISTEM REGISTRARS LIMITED\"", \""25 Nov, 2015\"", \""Pink\""]"", ""row_links_json"": ""[\""https://www.nasdng.com/markets/securities/SDNMRCPLC/\""]"", ""content_sha256"": ""a22ca39040e5367bd196edafee8b27a5e50fb6808c853cd74759f1fe1486399d"", ""semantic_status"": ""SOURCE_TABLE_ROW_NOT_AUTOMATICALLY_ENTITY""}]",SOURCE_TABLE_RECORD_NOT_GLOBAL_OR_UNIQUE_COMPANY_VERIFICATION
https://www.nasdng.com/markets/admitted,1,40,NINitrox Industrial Gases Plc,SDNITROXGAS,DIRECTORY_RECORD_REVIEW,"{""Company"": ""NINitrox Industrial Gases Plc"", ""Symbol"": ""SDNITROXGAS"", ""Current Price"": ""₦23.26"", ""Change (%)"": ""+0%"", ""Sector"": ""Oil & Gas"", ""Registrar"": ""MARINA NOMINEES LIMITED"", ""Date Admitted"": ""05 Sep, 2016"", ""Category"": ""Blue""}","[{""work_id"": ""B05:3642"", ""source_url"": ""https://www.nasdng.com/markets/admitted"", ""table"": ""1"", ""row"": ""40"", ""headers_json"": ""[\""Company\"", \""Symbol\"", \""Current Price\"", \""Change (%)\"", \""Sector\"", \""Registrar\"", \""Date Admitted\"", \""Category\""]"", ""cells_json"": ""[\""NINitrox Industrial Gases Plc\"", \""SDNITROXGAS\"", \""₦23.26\"", \""+0%\"", \""Oil & Gas\"", \""MARINA NOMINEES LIMITED\"", \""05 Sep, 2016\"", \""Blue\""]"", ""row_links_json"": ""[\""https://www.nasdng.com/markets/securities/SDNITROXGAS/\""]"", ""content_sha256"": ""a22ca39040e5367bd196edafee8b27a5e50fb6808c853cd74759f1fe1486399d"", ""semantic_status"": ""SOURCE_TABLE_ROW_NOT_AUTOMATICALLY_ENTITY""}]",SOURCE_TABLE_RECORD_NOT_GLOBAL_OR_UNIQUE_COMPANY_VERIFICATION
https://www.nasdng.com/markets/admitted,1,41,OOOKITIPUPA OIL PALM PLC,SDOKITIPUPA,DIRECTORY_RECORD_REVIEW,"{""Company"": ""OOOKITIPUPA OIL PALM PLC"", ""Symbol"": ""SDOKITIPUPA"", ""Current Price"": ""₦270.01"", ""Change (%)"": ""+0%"", ""Sector"": ""Agriculture"", ""Registrar"": ""Greenwich Registrars & Data Solutions"", ""Date Admitted"": ""03 Jun, 2024"", ""Category"": ""Blue""}","[{""work_id"": ""B05:3642"", ""source_url"": ""https://www.nasdng.com/markets/admitted"", ""table"": ""1"", ""row"": ""41"", ""headers_json"": ""[\""Company\"", \""Symbol\"", \""Current Price\"", \""Change (%)\"", \""Sector\"", \""Registrar\"", \""Date Admitted\"", \""Category\""]"", ""cells_json"": ""[\""OOOKITIPUPA OIL PALM PLC\"", \""SDOKITIPUPA\"", \""₦270.01\"", \""+0%\"", \""Agriculture\"", \""Greenwich Registrars & Data Solutions\"", \""03 Jun, 2024\"", \""Blue\""]"", ""row_links_json"": ""[\""https://www.nasdng.com/markets/securities/SDOKITIPUPA/\""]"", ""content_sha256"": ""a22ca39040e5367bd196edafee8b27a5e50fb6808c853cd74759f1fe1486399d"", ""semantic_status"": ""SOURCE_TABLE_ROW_NOT_AUTOMATICALLY_ENTITY""}]",SOURCE_TABLE_RECORD_NOT_GLOBAL_OR_UNIQUE_COMPANY_VERIFICATION
https://www.nasdng.com/markets/admitted,1,42,PIPAINTCOM INVESTMENT NIGERIA PLC,SDPAINTCOM,DIRECTORY_RECORD_REVIEW,"{""Company"": ""PIPAINTCOM INVESTMENT NIGERIA PLC"", ""Symbol"": ""SDPAINTCOM"", ""Current Price"": ""₦11.05"", ""Change (%)"": ""+0%"", ""Sector"": ""Financials"", ""Registrar"": ""Meristem Registrars & Probate Services Limited"", ""Date Admitted"": ""15 Jan, 2025"", ""Category"": ""Blue""}","[{""work_id"": ""B05:3642"", ""source_url"": ""https://www.nasdng.com/markets/admitted"", ""table"": ""1"", ""row"": ""42"", ""headers_json"": ""[\""Company\"", \""Symbol\"", \""Current Price\"", \""Change (%)\"", \""Sector\"", \""Registrar\"", \""Date Admitted\"", \""Category\""]"", ""cells_json"": ""[\""PIPAINTCOM INVESTMENT NIGERIA PLC\"", \""SDPAINTCOM\"", \""₦11.05\"", \""+0%\"", \""Financials\"", \""Meristem Registrars & Probate Services Limited\"", \""15 Jan, 2025\"", \""Blue\""]"", ""row_links_json"": ""[\""https://www.nasdng.com/markets/securities/SDPAINTCOM/\""]"", ""content_sha256"": ""a22ca39040e5367bd196edafee8b27a5e50fb6808c853cd74759f1fe1486399d"", ""semantic_status"": ""SOURCE_TABLE_ROW_NOT_AUTOMATICALLY_ENTITY""}]",SOURCE_TABLE_RECORD_NOT_GLOBAL_OR_UNIQUE_COMPANY_VERIFICATION
https://www.nasdng.com/markets/admitted,1,43,PRPurple Real Estate Income PLC,SDPURPLERE,DIRECTORY_RECORD_REVIEW,"{""Company"": ""PRPurple Real Estate Income PLC"", ""Symbol"": ""SDPURPLERE"", ""Current Price"": ""₦8.00"", ""Change (%)"": ""+0%"", ""Sector"": ""Real Estate"", ""Registrar"": ""CARDINALSTONE REGISTRARS LIMITED"", ""Date Admitted"": ""23 Mar, 2023"", ""Category"": ""Blue""}","[{""work_id"": ""B05:3642"", ""source_url"": ""https://www.nasdng.com/markets/admitted"", ""table"": ""1"", ""row"": ""43"", ""headers_json"": ""[\""Company\"", \""Symbol\"", \""Current Price\"", \""Change (%)\"", \""Sector\"", \""Registrar\"", \""Date Admitted\"", \""Category\""]"", ""cells_json"": ""[\""PRPurple Real Estate Income PLC\"", \""SDPURPLERE\"", \""₦8.00\"", \""+0%\"", \""Real Estate\"", \""CARDINALSTONE REGISTRARS LIMITED\"", \""23 Mar, 2023\"", \""Blue\""]"", ""row_links_json"": ""[\""https://www.nasdng.com/markets/securities/SDPURPLERE/\""]"", ""content_sha256"": ""a22ca39040e5367bd196edafee8b27a5e50fb6808c853cd74759f1fe1486399d"", ""semantic_status"": ""SOURCE_TABLE_ROW_NOT_AUTOMATICALLY_ENTITY""}]",SOURCE_TABLE_RECORD_NOT_GLOBAL_OR_UNIQUE_COMPANY_VERIFICATION
https://www.nasdng.com/markets/admitted,1,44,RResourcery PLC,SDRSOURCE,DIRECTORY_RECORD_REVIEW,"{""Company"": ""RResourcery PLC"", ""Symbol"": ""SDRSOURCE"", ""Current Price"": ""₦0.36"", ""Change (%)"": ""+0%"", ""Sector"": ""Technology"", ""Registrar"": ""ECO SECURITIES LIMITED"", ""Date Admitted"": ""25 Nov, 2013"", ""Category"": ""Pink""}","[{""work_id"": ""B05:3642"", ""source_url"": ""https://www.nasdng.com/markets/admitted"", ""table"": ""1"", ""row"": ""44"", ""headers_json"": ""[\""Company\"", \""Symbol\"", \""Current Price\"", \""Change (%)\"", \""Sector\"", \""Registrar\"", \""Date Admitted\"", \""Category\""]"", ""cells_json"": ""[\""RResourcery PLC\"", \""SDRSOURCE\"", \""₦0.36\"", \""+0%\"", \""Technology\"", \""ECO SECURITIES LIMITED\"", \""25 Nov, 2013\"", \""Pink\""]"", ""row_links_json"": ""[\""https://www.nasdng.com/markets/securities/SDRSOURCE/\""]"", ""content_sha256"": ""a22ca39040e5367bd196edafee8b27a5e50fb6808c853cd74759f1fe1486399d"", ""semantic_status"": ""SOURCE_TABLE_ROW_NOT_AUTOMATICALLY_ENTITY""}]",SOURCE_TABLE_RECORD_NOT_GLOBAL_OR_UNIQUE_COMPANY_VERIFICATION
https://www.nasdng.com/markets/admitted,1,45,RVRiggs Ventures West African PLC,SDRIGGS,DIRECTORY_RECORD_REVIEW,"{""Company"": ""RVRiggs Ventures West African PLC"", ""Symbol"": ""SDRIGGS"", ""Current Price"": ""₦0.90"", ""Change (%)"": ""+0%"", ""Sector"": ""Industrials"", ""Registrar"": ""MAINSTREET BANK REGISTRARS LTD"", ""Date Admitted"": ""09 Apr, 2014"", ""Category"": ""Red""}","[{""work_id"": ""B05:3642"", ""source_url"": ""https://www.nasdng.com/markets/admitted"", ""table"": ""1"", ""row"": ""45"", ""headers_json"": ""[\""Company\"", \""Symbol\"", \""Current Price\"", \""Change (%)\"", \""Sector\"", \""Registrar\"", \""Date Admitted\"", \""Category\""]"", ""cells_json"": ""[\""RVRiggs Ventures West African PLC\"", \""SDRIGGS\"", \""₦0.90\"", \""+0%\"", \""Industrials\"", \""MAINSTREET BANK REGISTRARS LTD\"", \""09 Apr, 2014\"", \""Red\""]"", ""row_links_json"": ""[\""https://www.nasdng.com/markets/securities/SDRIGGS/\""]"", ""content_sha256"": ""a22ca39040e5367bd196edafee8b27a5e50fb6808c853cd74759f1fe1486399d"", ""semantic_status"": ""SOURCE_TABLE_ROW_NOT_AUTOMATICALLY_ENTITY""}]",SOURCE_TABLE_RECORD_NOT_GLOBAL_OR_UNIQUE_COMPANY_VERIFICATION
https://www.nasdng.com/markets/admitted,1,46,SMSpring Mortgage Plc,SDSPRINGM,DIRECTORY_RECORD_REVIEW,"{""Company"": ""SMSpring Mortgage Plc"", ""Symbol"": ""SDSPRINGM"", ""Current Price"": ""₦1.20"", ""Change (%)"": ""—"", ""Sector"": ""Financials"", ""Registrar"": ""PAC REGISTRARS LIMITED"", ""Date Admitted"": """", ""Category"": ""Red""}","[{""work_id"": ""B05:3642"", ""source_url"": ""https://www.nasdng.com/markets/admitted"", ""table"": ""1"", ""row"": ""46"", ""headers_json"": ""[\""Company\"", \""Symbol\"", \""Current Price\"", \""Change (%)\"", \""Sector\"", \""Registrar\"", \""Date Admitted\"", \""Category\""]"", ""cells_json"": ""[\""SMSpring Mortgage Plc\"", \""SDSPRINGM\"", \""₦1.20\"", \""—\"", \""Financials\"", \""PAC REGISTRARS LIMITED\"", \""\"", \""Red\""]"", ""row_links_json"": ""[\""https://www.nasdng.com/markets/securities/SDSPRINGM/\""]"", ""content_sha256"": ""a22ca39040e5367bd196edafee8b27a5e50fb6808c853cd74759f1fe1486399d"", ""semantic_status"": ""SOURCE_TABLE_ROW_NOT_AUTOMATICALLY_ENTITY""}]",SOURCE_TABLE_RECORD_NOT_GLOBAL_OR_UNIQUE_COMPANY_VERIFICATION
https://www.nasdng.com/markets/admitted,1,47,TIThe Infrastructure Bank PLC,SDINFRABANK,DIRECTORY_RECORD_REVIEW,"{""Company"": ""TIThe Infrastructure Bank PLC"", ""Symbol"": ""SDINFRABANK"", ""Current Price"": ""₦0.52"", ""Change (%)"": ""+0%"", ""Sector"": ""Financial"", ""Registrar"": ""First Registrars & Investor Services Limited"", ""Date Admitted"": ""18 Jun, 2021"", ""Category"": ""Pink""}","[{""work_id"": ""B05:3642"", ""source_url"": ""https://www.nasdng.com/markets/admitted"", ""table"": ""1"", ""row"": ""47"", ""headers_json"": ""[\""Company\"", \""Symbol\"", \""Current Price\"", \""Change (%)\"", \""Sector\"", \""Registrar\"", \""Date Admitted\"", \""Category\""]"", ""cells_json"": ""[\""TIThe Infrastructure Bank PLC\"", \""SDINFRABANK\"", \""₦0.52\"", \""+0%\"", \""Financial\"", \""First Registrars & Investor Services Limited\"", \""18 Jun, 2021\"", \""Pink\""]"", ""row_links_json"": ""[\""https://www.nasdng.com/markets/securities/SDINFRABANK/\""]"", ""content_sha256"": ""a22ca39040e5367bd196edafee8b27a5e50fb6808c853cd74759f1fe1486399d"", ""semantic_status"": ""SOURCE_TABLE_ROW_NOT_AUTOMATICALLY_ENTITY""}]",SOURCE_TABLE_RECORD_NOT_GLOBAL_OR_UNIQUE_COMPANY_VERIFICATION
https://www.nasdng.com/markets/admitted,1,48,UPUBN Property Company Plc,SDUBNPROP,DIRECTORY_RECORD_REVIEW,"{""Company"": ""UPUBN Property Company Plc"", ""Symbol"": ""SDUBNPROP"", ""Current Price"": ""₦2.20"", ""Change (%)"": ""+0%"", ""Sector"": ""REAL ESTATE"", ""Registrar"": ""GTL REGISTRARS LIMITED"", ""Date Admitted"": ""25 Jan, 2018"", ""Category"": ""Blue""}","[{""work_id"": ""B05:3642"", ""source_url"": ""https://www.nasdng.com/markets/admitted"", ""table"": ""1"", ""row"": ""48"", ""headers_json"": ""[\""Company\"", \""Symbol\"", \""Current Price\"", \""Change (%)\"", \""Sector\"", \""Registrar\"", \""Date Admitted\"", \""Category\""]"", ""cells_json"": ""[\""UPUBN Property Company Plc\"", \""SDUBNPROP\"", \""₦2.20\"", \""+0%\"", \""REAL ESTATE\"", \""GTL REGISTRARS LIMITED\"", \""25 Jan, 2018\"", \""Blue\""]"", ""row_links_json"": ""[\""https://www.nasdng.com/markets/securities/SDUBNPROP/\""]"", ""content_sha256"": ""a22ca39040e5367bd196edafee8b27a5e50fb6808c853cd74759f1fe1486399d"", ""semantic_status"": ""SOURCE_TABLE_ROW_NOT_AUTOMATICALLY_ENTITY""}]",SOURCE_TABLE_RECORD_NOT_GLOBAL_OR_UNIQUE_COMPANY_VERIFICATION
https://www.nasdng.com/markets/admitted,1,49,VPVital Products Plc,SDVITPROD,DIRECTORY_RECORD_REVIEW,"{""Company"": ""VPVital Products Plc"", ""Symbol"": ""SDVITPROD"", ""Current Price"": ""₦2.10"", ""Change (%)"": ""+0%"", ""Sector"": ""Consumer Goods"", ""Registrar"": ""CENTURION REGISTRARS LIMITED"", ""Date Admitted"": ""25 Jan, 2016"", ""Category"": ""Red""}","[{""work_id"": ""B05:3642"", ""source_url"": ""https://www.nasdng.com/markets/admitted"", ""table"": ""1"", ""row"": ""49"", ""headers_json"": ""[\""Company\"", \""Symbol\"", \""Current Price\"", \""Change (%)\"", \""Sector\"", \""Registrar\"", \""Date Admitted\"", \""Category\""]"", ""cells_json"": ""[\""VPVital Products Plc\"", \""SDVITPROD\"", \""₦2.10\"", \""+0%\"", \""Consumer Goods\"", \""CENTURION REGISTRARS LIMITED\"", \""25 Jan, 2016\"", \""Red\""]"", ""row_links_json"": ""[\""https://www.nasdng.com/markets/securities/SDVITPROD/\""]"", ""content_sha256"": ""a22ca39040e5367bd196edafee8b27a5e50fb6808c853cd74759f1fe1486399d"", ""semantic_status"": ""SOURCE_TABLE_ROW_NOT_AUTOMATICALLY_ENTITY""}]",SOURCE_TABLE_RECORD_NOT_GLOBAL_OR_UNIQUE_COMPANY_VERIFICATION
http://www.pngx.com.pg/new-guinea-islands-produce-company/,1,2,Issuer Code,,DIRECTORY_RECORD_REVIEW,"{""Company"": ""Issuer Code"", ""NGIP Agmark Limited"": ""NGP""}","[{""work_id"": ""B05:34"", ""source_url"": ""http://www.pngx.com.pg/new-guinea-islands-produce-company/"", ""table"": ""1"", ""row"": ""2"", ""headers_json"": ""[]"", ""cells_json"": ""[\""Issuer Code\"", \""NGP\""]"", ""row_links_json"": ""[]"", ""content_sha256"": ""27a99ac6d858e028f8bdfacee39323591e918c435c54a41d8818a24747a391e8"", ""semantic_status"": ""SOURCE_TABLE_ROW_NOT_AUTOMATICALLY_ENTITY""}]",SOURCE_TABLE_RECORD_NOT_GLOBAL_OR_UNIQUE_COMPANY_VERIFICATION
http://www.pngx.com.pg/new-guinea-islands-produce-company/,1,3,Industry,,DIRECTORY_RECORD_REVIEW,"{""Company"": ""Industry"", ""NGIP Agmark Limited"": ""Agriculture and Industrial""}","[{""work_id"": ""B05:34"", ""source_url"": ""http://www.pngx.com.pg/new-guinea-islands-produce-company/"", ""table"": ""1"", ""row"": ""3"", ""headers_json"": ""[]"", ""cells_json"": ""[\""Industry\"", \""Agriculture and Industrial\""]"", ""row_links_json"": ""[]"", ""content_sha256"": ""27a99ac6d858e028f8bdfacee39323591e918c435c54a41d8818a24747a391e8"", ""semantic_status"": ""SOURCE_TABLE_ROW_NOT_AUTOMATICALLY_ENTITY""}]",SOURCE_TABLE_RECORD_NOT_GLOBAL_OR_UNIQUE_COMPANY_VERIFICATION
http://www.pngx.com.pg/new-guinea-islands-produce-company/,1,4,Date Listed,,DIRECTORY_RECORD_REVIEW,"{""Company"": ""Date Listed"", ""NGIP Agmark Limited"": ""25/08/2009""}","[{""work_id"": ""B05:34"", ""source_url"": ""http://www.pngx.com.pg/new-guinea-islands-produce-company/"", ""table"": ""1"", ""row"": ""4"", ""headers_json"": ""[]"", ""cells_json"": ""[\""Date Listed\"", \""25/08/2009\""]"", ""row_links_json"": ""[]"", ""content_sha256"": ""27a99ac6d858e028f8bdfacee39323591e918c435c54a41d8818a24747a391e8"", ""semantic_status"": ""SOURCE_TABLE_ROW_NOT_AUTOMATICALLY_ENTITY""}]",SOURCE_TABLE_RECORD_NOT_GLOBAL_OR_UNIQUE_COMPANY_VERIFICATION
http://www.pngx.com.pg/new-guinea-islands-produce-company/,1,5,Foreign Exempt Entity,,DIRECTORY_RECORD_REVIEW,"{""Company"": ""Foreign Exempt Entity"", ""NGIP Agmark Limited"": ""No""}","[{""work_id"": ""B05:34"", ""source_url"": ""http://www.pngx.com.pg/new-guinea-islands-produce-company/"", ""table"": ""1"", ""row"": ""5"", ""headers_json"": ""[]"", ""cells_json"": ""[\""Foreign Exempt Entity\"", \""No\""]"", ""row_links_json"": ""[]"", ""content_sha256"": ""27a99ac6d858e028f8bdfacee39323591e918c435c54a41d8818a24747a391e8"", ""semantic_status"": ""SOURCE_TABLE_ROW_NOT_AUTOMATICALLY_ENTITY""}]",SOURCE_TABLE_RECORD_NOT_GLOBAL_OR_UNIQUE_COMPANY_VERIFICATION
http://www.pngx.com.pg/new-guinea-islands-produce-company/,1,6,Overview:,,DIRECTORY_RECORD_REVIEW,"{""Company"": ""Overview:"", ""NGIP Agmark Limited"": ""NGIP Agmark Ltd is a prominent leader in the agribusiness sector, providing comprehensive array of services and products to meet varied agricultural needs. Key offerings include:Trading: Specialising in cocoa and coffee, maintaining quality from cultivation to market.Agricultural Supply Outlets: Offering essential retail supplies to enhance productivity.Commercial Agronomist Services: Providing expert advice to optimise crop yields.Engineering Services: Including slipway, precision machining, and metal fabrication, focusing on custom metal components across industries.Sales: Supplying machinery and spare parts.Integrated Shipping and Logistics: Encompassing coastal shipping, road, cartage, logistics management, and stevedoring for seamless supply chain operations.Property Portfolio Management: Managing assets to support and enhance core business activities.""}","[{""work_id"": ""B05:34"", ""source_url"": ""http://www.pngx.com.pg/new-guinea-islands-produce-company/"", ""table"": ""1"", ""row"": ""6"", ""headers_json"": ""[]"", ""cells_json"": ""[\""Overview:\"", \""NGIP Agmark Ltd is a prominent leader in the agribusiness sector, providing comprehensive array of services and products to meet varied agricultural needs. Key offerings include:Trading: Specialising in cocoa and coffee, maintaining quality from cultivation to market.Agricultural Supply Outlets: Offering essential retail supplies to enhance productivity.Commercial Agronomist Services: Providing expert advice to optimise crop yields.Engineering Services: Including slipway, precision machining, and metal fabrication, focusing on custom metal components across industries.Sales: Supplying machinery and spare parts.Integrated Shipping and Logistics: Encompassing coastal shipping, road, cartage, logistics management, and stevedoring for seamless supply chain operations.Property Portfolio Management: Managing assets to support and enhance core business activities.\""]"", ""row_links_json"": ""[]"", ""content_sha256"": ""27a99ac6d858e028f8bdfacee39323591e918c435c54a41d8818a24747a391e8"", ""semantic_status"": ""SOURCE_TABLE_ROW_NOT_AUTOMATICALLY_ENTITY""}]",SOURCE_TABLE_RECORD_NOT_GLOBAL_OR_UNIQUE_COMPANY_VERIFICATION
http://www.pngx.com.pg/new-guinea-islands-produce-company/,1,7,Internet Address,,DIRECTORY_RECORD_REVIEW,"{""Company"": ""Internet Address"", ""NGIP Agmark Limited"": ""www.ngipagmark.com.pg""}","[{""work_id"": ""B05:34"", ""source_url"": ""http://www.pngx.com.pg/new-guinea-islands-produce-company/"", ""table"": ""1"", ""row"": ""7"", ""headers_json"": ""[]"", ""cells_json"": ""[\""Internet Address\"", \""www.ngipagmark.com.pg\""]"", ""row_links_json"": ""[\""https://www.ngipagmark.com/\""]"", ""content_sha256"": ""27a99ac6d858e028f8bdfacee39323591e918c435c54a41d8818a24747a391e8"", ""semantic_status"": ""SOURCE_TABLE_ROW_NOT_AUTOMATICALLY_ENTITY""}]",SOURCE_TABLE_RECORD_NOT_GLOBAL_OR_UNIQUE_COMPANY_VERIFICATION
http://www.pngx.com.pg/new-guinea-islands-produce-company/,1,8,Registered Office Address,,DIRECTORY_RECORD_REVIEW,"{""Company"": ""Registered Office Address"", ""NGIP Agmark Limited"": ""Level 1, NGIP Haus, Talina, Kokopo, Papua New Guinea""}","[{""work_id"": ""B05:34"", ""source_url"": ""http://www.pngx.com.pg/new-guinea-islands-produce-company/"", ""table"": ""1"", ""row"": ""8"", ""headers_json"": ""[]"", ""cells_json"": ""[\""Registered Office Address\"", \""Level 1, NGIP Haus, Talina, Kokopo, Papua New Guinea\""]"", ""row_links_json"": ""[]"", ""content_sha256"": ""27a99ac6d858e028f8bdfacee39323591e918c435c54a41d8818a24747a391e8"", ""semantic_status"": ""SOURCE_TABLE_ROW_NOT_AUTOMATICALLY_ENTITY""}]",SOURCE_TABLE_RECORD_NOT_GLOBAL_OR_UNIQUE_COMPANY_VERIFICATION
http://www.pngx.com.pg/new-guinea-islands-produce-company/,1,9,Postal Address,,DIRECTORY_RECORD_REVIEW,"{""Company"": ""Postal Address"", ""NGIP Agmark Limited"": ""P0 Box 1921, Kokopo, Papua New Guinea""}","[{""work_id"": ""B05:34"", ""source_url"": ""http://www.pngx.com.pg/new-guinea-islands-produce-company/"", ""table"": ""1"", ""row"": ""9"", ""headers_json"": ""[]"", ""cells_json"": ""[\""Postal Address\"", \""P0 Box 1921, Kokopo, Papua New Guinea\""]"", ""row_links_json"": ""[]"", ""content_sha256"": ""27a99ac6d858e028f8bdfacee39323591e918c435c54a41d8818a24747a391e8"", ""semantic_status"": ""SOURCE_TABLE_ROW_NOT_AUTOMATICALLY_ENTITY""}]",SOURCE_TABLE_RECORD_NOT_GLOBAL_OR_UNIQUE_COMPANY_VERIFICATION
http://www.pngx.com.pg/new-guinea-islands-produce-company/,1,10,Head Office Number,,DIRECTORY_RECORD_REVIEW,"{""Company"": ""Head Office Number"", ""NGIP Agmark Limited"": ""+675 982 9055""}","[{""work_id"": ""B05:34"", ""source_url"": ""http://www.pngx.com.pg/new-guinea-islands-produce-company/"", ""table"": ""1"", ""row"": ""10"", ""headers_json"": ""[]"", ""cells_json"": ""[\""Head Office Number\"", \""+675 982 9055\""]"", ""row_links_json"": ""[]"", ""content_sha256"": ""27a99ac6d858e028f8bdfacee39323591e918c435c54a41d8818a24747a391e8"", ""semantic_status"": ""SOURCE_TABLE_ROW_NOT_AUTOMATICALLY_ENTITY""}]",SOURCE_TABLE_RECORD_NOT_GLOBAL_OR_UNIQUE_COMPANY_VERIFICATION
http://www.pngx.com.pg/new-guinea-islands-produce-company/,1,11,Head Office Facsimile,,DIRECTORY_RECORD_REVIEW,"{""Company"": ""Head Office Facsimile"", ""NGIP Agmark Limited"": ""+675 9829056""}","[{""work_id"": ""B05:34"", ""source_url"": ""http://www.pngx.com.pg/new-guinea-islands-produce-company/"", ""table"": ""1"", ""row"": ""11"", ""headers_json"": ""[]"", ""cells_json"": ""[\""Head Office Facsimile\"", \""+675 9829056\""]"", ""row_links_json"": ""[]"", ""content_sha256"": ""27a99ac6d858e028f8bdfacee39323591e918c435c54a41d8818a24747a391e8"", ""semantic_status"": ""SOURCE_TABLE_ROW_NOT_AUTOMATICALLY_ENTITY""}]",SOURCE_TABLE_RECORD_NOT_GLOBAL_OR_UNIQUE_COMPANY_VERIFICATION
http://www.pngx.com.pg/new-guinea-islands-produce-company/,1,12,Share Registry,,DIRECTORY_RECORD_REVIEW,"{""Company"": ""Share Registry"", ""NGIP Agmark Limited"": ""PNG Registries Limited, Level 2, AON Haus, P.O BOX 1265 Port Moresby, Papua New Guinea""}","[{""work_id"": ""B05:34"", ""source_url"": ""http://www.pngx.com.pg/new-guinea-islands-produce-company/"", ""table"": ""1"", ""row"": ""12"", ""headers_json"": ""[]"", ""cells_json"": ""[\""Share Registry\"", \""PNG Registries Limited, Level 2, AON Haus, P.O BOX 1265 Port Moresby, Papua New Guinea\""]"", ""row_links_json"": ""[]"", ""content_sha256"": ""27a99ac6d858e028f8bdfacee39323591e918c435c54a41d8818a24747a391e8"", ""semantic_status"": ""SOURCE_TABLE_ROW_NOT_AUTOMATICALLY_ENTITY""}]",SOURCE_TABLE_RECORD_NOT_GLOBAL_OR_UNIQUE_COMPANY_VERIFICATION
http://www.pngx.com.pg/new-guinea-islands-produce-company/,1,13,Share Registry Number,,DIRECTORY_RECORD_REVIEW,"{""Company"": ""Share Registry Number"", ""NGIP Agmark Limited"": ""+675 321 6377""}","[{""work_id"": ""B05:34"", ""source_url"": ""http://www.pngx.com.pg/new-guinea-islands-produce-company/"", ""table"": ""1"", ""row"": ""13"", ""headers_json"": ""[]"", ""cells_json"": ""[\""Share Registry Number\"", \""+675 321 6377\""]"", ""row_links_json"": ""[]"", ""content_sha256"": ""27a99ac6d858e028f8bdfacee39323591e918c435c54a41d8818a24747a391e8"", ""semantic_status"": ""SOURCE_TABLE_ROW_NOT_AUTOMATICALLY_ENTITY""}]",SOURCE_TABLE_RECORD_NOT_GLOBAL_OR_UNIQUE_COMPANY_VERIFICATION
https://cmda.gov.mv/en/staff-directory?category=41,1,2,Mohamed Ahmed,,DIRECTORY_RECORD_REVIEW,"{""Name"": ""Mohamed Ahmed"", ""Designation"": ""Chief Executive Officer"", ""Email Address"": ""[email protected]""}","[{""work_id"": ""B05:313"", ""source_url"": ""https://cmda.gov.mv/en/staff-directory?category=41"", ""table"": ""1"", ""row"": ""2"", ""headers_json"": ""[\""Name\"", \""Designation\"", \""Email Address\""]"", ""cells_json"": ""[\""Mohamed Ahmed\"", \""Chief Executive Officer\"", \""[email protected]\""]"", ""row_links_json"": ""[\""https://cmda.gov.mv/cdn-cgi/l/email-protection#5132343e11323c35307f363e277f3c27\""]"", ""content_sha256"": ""2ecf9ec58fcc4d98595992e65f105d67e442644cc2034ce6761361ca9f2e397a"", ""semantic_status"": ""SOURCE_TABLE_ROW_NOT_AUTOMATICALLY_ENTITY""}]",SOURCE_TABLE_RECORD_NOT_GLOBAL_OR_UNIQUE_COMPANY_VERIFICATION
https://cmda.gov.mv/en/staff-directory?category=41,1,3,Fathimath Abdulla Kamaaluddeen,,DIRECTORY_RECORD_REVIEW,"{""Name"": ""Fathimath Abdulla Kamaaluddeen"", ""Designation"": ""Deputy Chief Executive Officer"", ""Email Address"": ""[email protected]""}","[{""work_id"": ""B05:313"", ""source_url"": ""https://cmda.gov.mv/en/staff-directory?category=41"", ""table"": ""1"", ""row"": ""3"", ""headers_json"": ""[\""Name\"", \""Designation\"", \""Email Address\""]"", ""cells_json"": ""[\""Fathimath Abdulla Kamaaluddeen\"", \""Deputy Chief Executive Officer\"", \""[email protected]\""]"", ""row_links_json"": ""[\""https://cmda.gov.mv/cdn-cgi/l/email-protection#cfa9e1a4aea2aea3baabaaaaa18faca2abaee1a8a0b9e1a2b9\""]"", ""content_sha256"": ""2ecf9ec58fcc4d98595992e65f105d67e442644cc2034ce6761361ca9f2e397a"", ""semantic_status"": ""SOURCE_TABLE_ROW_NOT_AUTOMATICALLY_ENTITY""}]",SOURCE_TABLE_RECORD_NOT_GLOBAL_OR_UNIQUE_COMPANY_VERIFICATION
https://cmda.gov.mv/en/staff-directory?category=41,1,4,Ibrahim Saleem,,DIRECTORY_RECORD_REVIEW,"{""Name"": ""Ibrahim Saleem"", ""Designation"": ""Director General, Corporate Services"", ""Email Address"": ""[email protected]""}","[{""work_id"": ""B05:313"", ""source_url"": ""https://cmda.gov.mv/en/staff-directory?category=41"", ""table"": ""1"", ""row"": ""4"", ""headers_json"": ""[\""Name\"", \""Designation\"", \""Email Address\""]"", ""cells_json"": ""[\""Ibrahim Saleem\"", \""Director General, Corporate Services\"", \""[email protected]\""]"", ""row_links_json"": ""[\""https://cmda.gov.mv/cdn-cgi/l/email-protection#becddfd2dbdbd3feddd3dadf90d9d1c890d3c8\""]"", ""content_sha256"": ""2ecf9ec58fcc4d98595992e65f105d67e442644cc2034ce6761361ca9f2e397a"", ""semantic_status"": ""SOURCE_TABLE_ROW_NOT_AUTOMATICALLY_ENTITY""}]",SOURCE_TABLE_RECORD_NOT_GLOBAL_OR_UNIQUE_COMPANY_VERIFICATION
https://cmda.gov.mv/en/staff-directory?category=41,1,5,Aminath Mohamed Didi,,DIRECTORY_RECORD_REVIEW,"{""Name"": ""Aminath Mohamed Didi"", ""Designation"": ""Director General, Market Regulation and Enforcement Department"", ""Email Address"": ""[email protected]""}","[{""work_id"": ""B05:313"", ""source_url"": ""https://cmda.gov.mv/en/staff-directory?category=41"", ""table"": ""1"", ""row"": ""5"", ""headers_json"": ""[\""Name\"", \""Designation\"", \""Email Address\""]"", ""cells_json"": ""[\""Aminath Mohamed Didi\"", \""Director General, Market Regulation and Enforcement Department\"", \""[email protected]\""]"", ""row_links_json"": ""[\""https://cmda.gov.mv/cdn-cgi/l/email-protection#06676f68726e46656b626728616970286b70\""]"", ""content_sha256"": ""2ecf9ec58fcc4d98595992e65f105d67e442644cc2034ce6761361ca9f2e397a"", ""semantic_status"": ""SOURCE_TABLE_ROW_NOT_AUTOMATICALLY_ENTITY""}]",SOURCE_TABLE_RECORD_NOT_GLOBAL_OR_UNIQUE_COMPANY_VERIFICATION
https://cmda.gov.mv/en/staff-directory?category=41,1,6,Muznee Mohamed,,DIRECTORY_RECORD_REVIEW,"{""Name"": ""Muznee Mohamed"", ""Designation"": ""Director General, Education and Training Department"", ""Email Address"": ""[email protected]""}","[{""work_id"": ""B05:313"", ""source_url"": ""https://cmda.gov.mv/en/staff-directory?category=41"", ""table"": ""1"", ""row"": ""6"", ""headers_json"": ""[\""Name\"", \""Designation\"", \""Email Address\""]"", ""cells_json"": ""[\""Muznee Mohamed\"", \""Director General, Education and Training Department\"", \""[email protected]\""]"", ""row_links_json"": ""[\""https://cmda.gov.mv/cdn-cgi/l/email-protection#325f47485c575772515f56531c555d441c5f44\""]"", ""content_sha256"": ""2ecf9ec58fcc4d98595992e65f105d67e442644cc2034ce6761361ca9f2e397a"", ""semantic_status"": ""SOURCE_TABLE_ROW_NOT_AUTOMATICALLY_ENTITY""}]",SOURCE_TABLE_RECORD_NOT_GLOBAL_OR_UNIQUE_COMPANY_VERIFICATION
https://cmda.gov.mv/en/staff-directory?category=41,1,7,Abdullah Zakariyya,,DIRECTORY_RECORD_REVIEW,"{""Name"": ""Abdullah Zakariyya"", ""Designation"": ""Director General , Pension Supervision Department"", ""Email Address"": ""[email protected]""}","[{""work_id"": ""B05:313"", ""source_url"": ""https://cmda.gov.mv/en/staff-directory?category=41"", ""table"": ""1"", ""row"": ""7"", ""headers_json"": ""[\""Name\"", \""Designation\"", \""Email Address\""]"", ""cells_json"": ""[\""Abdullah Zakariyya\"", \""Director General , Pension Supervision Department\"", \""[email protected]\""]"", ""row_links_json"": ""[\""https://cmda.gov.mv/cdn-cgi/l/email-protection#64050600110808050c4a1e050f05160d1d1d0524070900054a030b124a0912\""]"", ""content_sha256"": ""2ecf9ec58fcc4d98595992e65f105d67e442644cc2034ce6761361ca9f2e397a"", ""semantic_status"": ""SOURCE_TABLE_ROW_NOT_AUTOMATICALLY_ENTITY""}]",SOURCE_TABLE_RECORD_NOT_GLOBAL_OR_UNIQUE_COMPANY_VERIFICATION
https://cmda.gov.mv/en/staff-directory?category=41,1,8,Hussain Nazeer,,DIRECTORY_RECORD_REVIEW,"{""Name"": ""Hussain Nazeer"", ""Designation"": ""Legal Counsel/Director General, Legal Department"", ""Email Address"": ""[email protected]""}","[{""work_id"": ""B05:313"", ""source_url"": ""https://cmda.gov.mv/en/staff-directory?category=41"", ""table"": ""1"", ""row"": ""8"", ""headers_json"": ""[\""Name\"", \""Designation\"", \""Email Address\""]"", ""cells_json"": ""[\""Hussain Nazeer\"", \""Legal Counsel/Director General, Legal Department\"", \""[email protected]\""]"", ""row_links_json"": ""[\""https://cmda.gov.mv/cdn-cgi/l/email-protection#cca4b9bfbfada5a2e2a2adb6a9a9be8cafa1a8ade2aba3bae2a1ba\""]"", ""content_sha256"": ""2ecf9ec58fcc4d98595992e65f105d67e442644cc2034ce6761361ca9f2e397a"", ""semantic_status"": ""SOURCE_TABLE_ROW_NOT_AUTOMATICALLY_ENTITY""}]",SOURCE_TABLE_RECORD_NOT_GLOBAL_OR_UNIQUE_COMPANY_VERIFICATION
https://cmda.gov.mv/en/staff-directory?category=41,1,9,Ahmed Saimon Adam,,DIRECTORY_RECORD_REVIEW,"{""Name"": ""Ahmed Saimon Adam"", ""Designation"": ""Director General, Information Technology Department"", ""Email Address"": ""[email protected]""}","[{""work_id"": ""B05:313"", ""source_url"": ""https://cmda.gov.mv/en/staff-directory?category=41"", ""table"": ""1"", ""row"": ""9"", ""headers_json"": ""[\""Name\"", \""Designation\"", \""Email Address\""]"", ""cells_json"": ""[\""Ahmed Saimon Adam\"", \""Director General, Information Technology Department\"", \""[email protected]\""]"", ""row_links_json"": ""[\""https://cmda.gov.mv/cdn-cgi/l/email-protection#8dece5e0e8e9a3feece4e0e2e3cdeee0e9eca3eae2fba3e0fb\""]"", ""content_sha256"": ""2ecf9ec58fcc4d98595992e65f105d67e442644cc2034ce6761361ca9f2e397a"", ""semantic_status"": ""SOURCE_TABLE_ROW_NOT_AUTOMATICALLY_ENTITY""}]",SOURCE_TABLE_RECORD_NOT_GLOBAL_OR_UNIQUE_COMPANY_VERIFICATION
https://cmda.gov.mv/en/staff-directory?category=41,1,10,Ismail Abdul Razzaq,,DIRECTORY_RECORD_REVIEW,"{""Name"": ""Ismail Abdul Razzaq"", ""Designation"": ""Senior Manager, Market Regulation and Enforcement Department"", ""Email Address"": ""[email protected]""}","[{""work_id"": ""B05:313"", ""source_url"": ""https://cmda.gov.mv/en/staff-directory?category=41"", ""table"": ""1"", ""row"": ""10"", ""headers_json"": ""[\""Name\"", \""Designation\"", \""Email Address\""]"", ""cells_json"": ""[\""Ismail Abdul Razzaq\"", \""Senior Manager, Market Regulation and Enforcement Department\"", \""[email protected]\""]"", ""row_links_json"": ""[\""https://cmda.gov.mv/cdn-cgi/l/email-protection#dab3a9b7bbb3b69ab9b7bebbf4bdb5acf4b7ac\""]"", ""content_sha256"": ""2ecf9ec58fcc4d98595992e65f105d67e442644cc2034ce6761361ca9f2e397a"", ""semantic_status"": ""SOURCE_TABLE_ROW_NOT_AUTOMATICALLY_ENTITY""}]",SOURCE_TABLE_RECORD_NOT_GLOBAL_OR_UNIQUE_COMPANY_VERIFICATION
https://cmda.gov.mv/en/staff-directory?category=41,1,11,Azma,,DIRECTORY_RECORD_REVIEW,"{""Name"": ""Azma"", ""Designation"": ""Senior Manager , Information Technology Department"", ""Email Address"": ""[email protected]""}","[{""work_id"": ""B05:313"", ""source_url"": ""https://cmda.gov.mv/en/staff-directory?category=41"", ""table"": ""1"", ""row"": ""11"", ""headers_json"": ""[\""Name\"", \""Designation\"", \""Email Address\""]"", ""cells_json"": ""[\""Azma\"", \""Senior Manager , Information Technology Department\"", \""[email protected]\""]"", ""row_links_json"": ""[\""https://cmda.gov.mv/cdn-cgi/l/email-protection#ff9e85929ebf9c929b9ed1989089d19289\""]"", ""content_sha256"": ""2ecf9ec58fcc4d98595992e65f105d67e442644cc2034ce6761361ca9f2e397a"", ""semantic_status"": ""SOURCE_TABLE_ROW_NOT_AUTOMATICALLY_ENTITY""}]",SOURCE_TABLE_RECORD_NOT_GLOBAL_OR_UNIQUE_COMPANY_VERIFICATION
https://cmda.gov.mv/en/staff-directory?category=41,1,12,Aishath Ibrahim,,DIRECTORY_RECORD_REVIEW,"{""Name"": ""Aishath Ibrahim"", ""Designation"": ""Senior Manager, Finance, Corporate Services"", ""Email Address"": ""[email protected]""}","[{""work_id"": ""B05:313"", ""source_url"": ""https://cmda.gov.mv/en/staff-directory?category=41"", ""table"": ""1"", ""row"": ""12"", ""headers_json"": ""[\""Name\"", \""Designation\"", \""Email Address\""]"", ""cells_json"": ""[\""Aishath Ibrahim\"", \""Senior Manager, Finance, Corporate Services\"", \""[email protected]\""]"", ""row_links_json"": ""[\""https://cmda.gov.mv/cdn-cgi/l/email-protection#c5a4acb6ada485a6a8a1a4eba2aab3eba8b3\""]"", ""content_sha256"": ""2ecf9ec58fcc4d98595992e65f105d67e442644cc2034ce6761361ca9f2e397a"", ""semantic_status"": ""SOURCE_TABLE_ROW_NOT_AUTOMATICALLY_ENTITY""}]",SOURCE_TABLE_RECORD_NOT_GLOBAL_OR_UNIQUE_COMPANY_VERIFICATION
https://cmda.gov.mv/en/staff-directory?category=41,1,13,Sara Mohamed,,DIRECTORY_RECORD_REVIEW,"{""Name"": ""Sara Mohamed"", ""Designation"": ""Senior Manager, Market Regulation and Enforcement Department"", ""Email Address"": ""[email protected]""}","[{""work_id"": ""B05:313"", ""source_url"": ""https://cmda.gov.mv/en/staff-directory?category=41"", ""table"": ""1"", ""row"": ""13"", ""headers_json"": ""[\""Name\"", \""Designation\"", \""Email Address\""]"", ""cells_json"": ""[\""Sara Mohamed\"", \""Senior Manager, Market Regulation and Enforcement Department\"", \""[email protected]\""]"", ""row_links_json"": ""[\""https://cmda.gov.mv/cdn-cgi/l/email-protection#aeddcfdccfeecdc3cacf80c9c1d880c3d8\""]"", ""content_sha256"": ""2ecf9ec58fcc4d98595992e65f105d67e442644cc2034ce6761361ca9f2e397a"", ""semantic_status"": ""SOURCE_TABLE_ROW_NOT_AUTOMATICALLY_ENTITY""}]",SOURCE_TABLE_RECORD_NOT_GLOBAL_OR_UNIQUE_COMPANY_VERIFICATION
https://cmda.gov.mv/en/staff-directory?category=41,1,14,Ahmed Mahran,,DIRECTORY_RECORD_REVIEW,"{""Name"": ""Ahmed Mahran"", ""Designation"": ""Manager, Information Technology Department"", ""Email Address"": ""[email protected]""}","[{""work_id"": ""B05:313"", ""source_url"": ""https://cmda.gov.mv/en/staff-directory?category=41"", ""table"": ""1"", ""row"": ""14"", ""headers_json"": ""[\""Name\"", \""Designation\"", \""Email Address\""]"", ""cells_json"": ""[\""Ahmed Mahran\"", \""Manager, Information Technology Department\"", \""[email protected]\""]"", ""row_links_json"": ""[\""https://cmda.gov.mv/cdn-cgi/l/email-protection#7b161a13091a153b18161f1a551c140d55160d\""]"", ""content_sha256"": ""2ecf9ec58fcc4d98595992e65f105d67e442644cc2034ce6761361ca9f2e397a"", ""semantic_status"": ""SOURCE_TABLE_ROW_NOT_AUTOMATICALLY_ENTITY""}]",SOURCE_TABLE_RECORD_NOT_GLOBAL_OR_UNIQUE_COMPANY_VERIFICATION
https://cmda.gov.mv/en/staff-directory?category=41,1,15,Muslih Mohamed Ismail,,DIRECTORY_RECORD_REVIEW,"{""Name"": ""Muslih Mohamed Ismail"", ""Designation"": ""Manager, Market Development Department"", ""Email Address"": ""[email protected]""}","[{""work_id"": ""B05:313"", ""source_url"": ""https://cmda.gov.mv/en/staff-directory?category=41"", ""table"": ""1"", ""row"": ""15"", ""headers_json"": ""[\""Name\"", \""Designation\"", \""Email Address\""]"", ""cells_json"": ""[\""Muslih Mohamed Ismail\"", \""Manager, Market Development Department\"", \""[email protected]\""]"", ""row_links_json"": ""[\""https://cmda.gov.mv/cdn-cgi/l/email-protection#472a32342b2e2f07242a232669202831692a31\""]"", ""content_sha256"": ""2ecf9ec58fcc4d98595992e65f105d67e442644cc2034ce6761361ca9f2e397a"", ""semantic_status"": ""SOURCE_TABLE_ROW_NOT_AUTOMATICALLY_ENTITY""}]",SOURCE_TABLE_RECORD_NOT_GLOBAL_OR_UNIQUE_COMPANY_VERIFICATION
https://cmda.gov.mv/en/staff-directory?category=41,1,16,As'ad Ahmed,,DIRECTORY_RECORD_REVIEW,"{""Name"": ""As'ad Ahmed"", ""Designation"": ""Manager, Market Development Department"", ""Email Address"": ""[email protected]""}","[{""work_id"": ""B05:313"", ""source_url"": ""https://cmda.gov.mv/en/staff-directory?category=41"", ""table"": ""1"", ""row"": ""16"", ""headers_json"": ""[\""Name\"", \""Designation\"", \""Email Address\""]"", ""cells_json"": ""[\""As'ad Ahmed\"", \""Manager, Market Development Department\"", \""[email protected]\""]"", ""row_links_json"": ""[\""https://cmda.gov.mv/cdn-cgi/l/email-protection#eb8a988a8fc58a83868e8fab88868f8ac58c849dc5869d\""]"", ""content_sha256"": ""2ecf9ec58fcc4d98595992e65f105d67e442644cc2034ce6761361ca9f2e397a"", ""semantic_status"": ""SOURCE_TABLE_ROW_NOT_AUTOMATICALLY_ENTITY""}]",SOURCE_TABLE_RECORD_NOT_GLOBAL_OR_UNIQUE_COMPANY_VERIFICATION
https://cmda.gov.mv/en/staff-directory?category=41,1,17,Ahmed Arushadh,,DIRECTORY_RECORD_REVIEW,"{""Name"": ""Ahmed Arushadh"", ""Designation"": ""Deputy Manager , Market Regulation and Enforcement Department"", ""Email Address"": ""[email protected]""}","[{""work_id"": ""B05:313"", ""source_url"": ""https://cmda.gov.mv/en/staff-directory?category=41"", ""table"": ""1"", ""row"": ""17"", ""headers_json"": ""[\""Name\"", \""Designation\"", \""Email Address\""]"", ""cells_json"": ""[\""Ahmed Arushadh\"", \""Deputy Manager , Market Regulation and Enforcement Department\"", \""[email protected]\""]"", ""row_links_json"": ""[\""https://cmda.gov.mv/cdn-cgi/l/email-protection#c1a0a9aca4a5efa0b3b4b2a9a0a5a981a2aca5a0efa6aeb7efacb7\""]"", ""content_sha256"": ""2ecf9ec58fcc4d98595992e65f105d67e442644cc2034ce6761361ca9f2e397a"", ""semantic_status"": ""SOURCE_TABLE_ROW_NOT_AUTOMATICALLY_ENTITY""}]",SOURCE_TABLE_RECORD_NOT_GLOBAL_OR_UNIQUE_COMPANY_VERIFICATION
https://cmda.gov.mv/en/staff-directory?category=41,1,18,Aishath Najaath Moosa,,DIRECTORY_RECORD_REVIEW,"{""Name"": ""Aishath Najaath Moosa"", ""Designation"": ""Manager, Pension Supervision Department"", ""Email Address"": ""[email protected]""}","[{""work_id"": ""B05:313"", ""source_url"": ""https://cmda.gov.mv/en/staff-directory?category=41"", ""table"": ""1"", ""row"": ""18"", ""headers_json"": ""[\""Name\"", \""Designation\"", \""Email Address\""]"", ""cells_json"": ""[\""Aishath Najaath Moosa\"", \""Manager, Pension Supervision Department\"", \""[email protected]\""]"", ""row_links_json"": ""[\""https://cmda.gov.mv/cdn-cgi/l/email-protection#4c2d253f242d382462222d262d2d38240c2f21282d622b233a62213a\""]"", ""content_sha256"": ""2ecf9ec58fcc4d98595992e65f105d67e442644cc2034ce6761361ca9f2e397a"", ""semantic_status"": ""SOURCE_TABLE_ROW_NOT_AUTOMATICALLY_ENTITY""}]",SOURCE_TABLE_RECORD_NOT_GLOBAL_OR_UNIQUE_COMPANY_VERIFICATION
https://cmda.gov.mv/en/staff-directory?category=41,1,19,Fathimath Najudha,,DIRECTORY_RECORD_REVIEW,"{""Name"": ""Fathimath Najudha"", ""Designation"": ""Deputy Legal Counsel, Legal Department"", ""Email Address"": ""[email protected]""}","[{""work_id"": ""B05:313"", ""source_url"": ""https://cmda.gov.mv/en/staff-directory?category=41"", ""table"": ""1"", ""row"": ""19"", ""headers_json"": ""[\""Name\"", \""Designation\"", \""Email Address\""]"", ""cells_json"": ""[\""Fathimath Najudha\"", \""Deputy Legal Counsel, Legal Department\"", \""[email protected]\""]"", ""row_links_json"": ""[\""https://cmda.gov.mv/cdn-cgi/l/email-protection#93f5f2e7fbfafef2e7fbbdfdf2f9e6f7fbf2d3f0fef7f2bdf4fce5bdfee5\""]"", ""content_sha256"": ""2ecf9ec58fcc4d98595992e65f105d67e442644cc2034ce6761361ca9f2e397a"", ""semantic_status"": ""SOURCE_TABLE_ROW_NOT_AUTOMATICALLY_ENTITY""}]",SOURCE_TABLE_RECORD_NOT_GLOBAL_OR_UNIQUE_COMPANY_VERIFICATION
https://cmda.gov.mv/en/staff-directory?category=41,1,20,Aishath Rasheeda,,DIRECTORY_RECORD_REVIEW,"{""Name"": ""Aishath Rasheeda"", ""Designation"": ""Deputy Manager, Education and Training Department"", ""Email Address"": ""[email protected]""}","[{""work_id"": ""B05:313"", ""source_url"": ""https://cmda.gov.mv/en/staff-directory?category=41"", ""table"": ""1"", ""row"": ""20"", ""headers_json"": ""[\""Name\"", \""Designation\"", \""Email Address\""]"", ""cells_json"": ""[\""Aishath Rasheeda\"", \""Deputy Manager, Education and Training Department\"", \""[email protected]\""]"", ""row_links_json"": ""[\""https://cmda.gov.mv/cdn-cgi/l/email-protection#b3d2dac0dbd2c7db9dc1d2c0dbd6d6d7d2f3d0ded7d29dd4dcc59ddec5\""]"", ""content_sha256"": ""2ecf9ec58fcc4d98595992e65f105d67e442644cc2034ce6761361ca9f2e397a"", ""semantic_status"": ""SOURCE_TABLE_ROW_NOT_AUTOMATICALLY_ENTITY""}]",SOURCE_TABLE_RECORD_NOT_GLOBAL_OR_UNIQUE_COMPANY_VERIFICATION
https://cmda.gov.mv/en/staff-directory?category=41,1,21,Fathimath Abdul Kareem,,DIRECTORY_RECORD_REVIEW,"{""Name"": ""Fathimath Abdul Kareem"", ""Designation"": ""Deputy Manager, Admin, Corporate Services"", ""Email Address"": ""[email protected]""}","[{""work_id"": ""B05:313"", ""source_url"": ""https://cmda.gov.mv/en/staff-directory?category=41"", ""table"": ""1"", ""row"": ""21"", ""headers_json"": ""[\""Name\"", \""Designation\"", \""Email Address\""]"", ""cells_json"": ""[\""Fathimath Abdul Kareem\"", \""Deputy Manager, Admin, Corporate Services\"", \""[email protected]\""]"", ""row_links_json"": ""[\""https://cmda.gov.mv/cdn-cgi/l/email-protection#eb8d8a9f83868a9f83ab88868f8ac58c849dc5869d\""]"", ""content_sha256"": ""2ecf9ec58fcc4d98595992e65f105d67e442644cc2034ce6761361ca9f2e397a"", ""semantic_status"": ""SOURCE_TABLE_ROW_NOT_AUTOMATICALLY_ENTITY""}]",SOURCE_TABLE_RECORD_NOT_GLOBAL_OR_UNIQUE_COMPANY_VERIFICATION
https://cmda.gov.mv/en/staff-directory?category=41,1,22,Yasmeen Saeed,,DIRECTORY_RECORD_REVIEW,"{""Name"": ""Yasmeen Saeed"", ""Designation"": ""Deputy Manager, CEO Bureau"", ""Email Address"": ""[email protected]""}","[{""work_id"": ""B05:313"", ""source_url"": ""https://cmda.gov.mv/en/staff-directory?category=41"", ""table"": ""1"", ""row"": ""22"", ""headers_json"": ""[\""Name\"", \""Designation\"", \""Email Address\""]"", ""cells_json"": ""[\""Yasmeen Saeed\"", \""Deputy Manager, CEO Bureau\"", \""[email protected]\""]"", ""row_links_json"": ""[\""https://cmda.gov.mv/cdn-cgi/l/email-protection#ec958d9f81898982c29f8d898988ac8f81888dc28b839ac2819a\""]"", ""content_sha256"": ""2ecf9ec58fcc4d98595992e65f105d67e442644cc2034ce6761361ca9f2e397a"", ""semantic_status"": ""SOURCE_TABLE_ROW_NOT_AUTOMATICALLY_ENTITY""}]",SOURCE_TABLE_RECORD_NOT_GLOBAL_OR_UNIQUE_COMPANY_VERIFICATION
https://cmda.gov.mv/en/staff-directory?category=41,1,23,Mohamed Shaf'aan Sulaimaan,,DIRECTORY_RECORD_REVIEW,"{""Name"": ""Mohamed Shaf'aan Sulaimaan"", ""Designation"": ""Deputy Manager, Pension Supervision Department"", ""Email Address"": ""[email protected]""}","[{""work_id"": ""B05:313"", ""source_url"": ""https://cmda.gov.mv/en/staff-directory?category=41"", ""table"": ""1"", ""row"": ""23"", ""headers_json"": ""[\""Name\"", \""Designation\"", \""Email Address\""]"", ""cells_json"": ""[\""Mohamed Shaf'aan Sulaimaan\"", \""Deputy Manager, Pension Supervision Department\"", \""[email protected]\""]"", ""row_links_json"": ""[\""https://cmda.gov.mv/cdn-cgi/l/email-protection#335e5c5b525e56571d405b525552525d73505e57521d545c451d5e45\""]"", ""content_sha256"": ""2ecf9ec58fcc4d98595992e65f105d67e442644cc2034ce6761361ca9f2e397a"", ""semantic_status"": ""SOURCE_TABLE_ROW_NOT_AUTOMATICALLY_ENTITY""}]",SOURCE_TABLE_RECORD_NOT_GLOBAL_OR_UNIQUE_COMPANY_VERIFICATION
https://cmda.gov.mv/en/staff-directory?category=41,1,24,Mohamed Sham Abdulla Shareef,,DIRECTORY_RECORD_REVIEW,"{""Name"": ""Mohamed Sham Abdulla Shareef"", ""Designation"": ""Assistant Manager, CEO Bureau"", ""Email Address"": ""[email protected]""}","[{""work_id"": ""B05:313"", ""source_url"": ""https://cmda.gov.mv/en/staff-directory?category=41"", ""table"": ""1"", ""row"": ""24"", ""headers_json"": ""[\""Name\"", \""Designation\"", \""Email Address\""]"", ""cells_json"": ""[\""Mohamed Sham Abdulla Shareef\"", \""Assistant Manager, CEO Bureau\"", \""[email protected]\""]"", ""row_links_json"": ""[\""https://cmda.gov.mv/cdn-cgi/l/email-protection#472a282f262a222369342f262a07242a232669202831692a31\""]"", ""content_sha256"": ""2ecf9ec58fcc4d98595992e65f105d67e442644cc2034ce6761361ca9f2e397a"", ""semantic_status"": ""SOURCE_TABLE_ROW_NOT_AUTOMATICALLY_ENTITY""}]",SOURCE_TABLE_RECORD_NOT_GLOBAL_OR_UNIQUE_COMPANY_VERIFICATION
https://cmda.gov.mv/en/staff-directory?category=41,1,25,Ajwad,,DIRECTORY_RECORD_REVIEW,"{""Name"": ""Ajwad"", ""Designation"": ""Assistant Manager , Education and Training Department"", ""Email Address"": ""[email protected]""}","[{""work_id"": ""B05:313"", ""source_url"": ""https://cmda.gov.mv/en/staff-directory?category=41"", ""table"": ""1"", ""row"": ""25"", ""headers_json"": ""[\""Name\"", \""Designation\"", \""Email Address\""]"", ""cells_json"": ""[\""Ajwad\"", \""Assistant Manager , Education and Training Department\"", \""[email protected]\""]"", ""row_links_json"": ""[\""https://cmda.gov.mv/cdn-cgi/l/email-protection#adccc7daccc9d7edcec0c9cc83cac2db83c0db\""]"", ""content_sha256"": ""2ecf9ec58fcc4d98595992e65f105d67e442644cc2034ce6761361ca9f2e397a"", ""semantic_status"": ""SOURCE_TABLE_ROW_NOT_AUTOMATICALLY_ENTITY""}]",SOURCE_TABLE_RECORD_NOT_GLOBAL_OR_UNIQUE_COMPANY_VERIFICATION
https://cmda.gov.mv/en/staff-directory?category=41,1,26,Saffa Ibrahim,,DIRECTORY_RECORD_REVIEW,"{""Name"": ""Saffa Ibrahim"", ""Designation"": ""Assistant Manager, HR, Corporate Services"", ""Email Address"": ""[email protected]""}","[{""work_id"": ""B05:313"", ""source_url"": ""https://cmda.gov.mv/en/staff-directory?category=41"", ""table"": ""1"", ""row"": ""26"", ""headers_json"": ""[\""Name\"", \""Designation\"", \""Email Address\""]"", ""cells_json"": ""[\""Saffa Ibrahim\"", \""Assistant Manager, HR, Corporate Services\"", \""[email protected]\""]"", ""row_links_json"": ""[\""https://cmda.gov.mv/cdn-cgi/l/email-protection#5427353232357a3d3626353c3d3914373930357a333b227a3922\""]"", ""content_sha256"": ""2ecf9ec58fcc4d98595992e65f105d67e442644cc2034ce6761361ca9f2e397a"", ""semantic_status"": ""SOURCE_TABLE_ROW_NOT_AUTOMATICALLY_ENTITY""}]",SOURCE_TABLE_RECORD_NOT_GLOBAL_OR_UNIQUE_COMPANY_VERIFICATION
https://cmda.gov.mv/en/staff-directory?category=41,1,27,Fathmath Shudhuha,,DIRECTORY_RECORD_REVIEW,"{""Name"": ""Fathmath Shudhuha"", ""Designation"": ""Assistant Manager, Market Development Department"", ""Email Address"": ""[email protected]""}","[{""work_id"": ""B05:313"", ""source_url"": ""https://cmda.gov.mv/en/staff-directory?category=41"", ""table"": ""1"", ""row"": ""27"", ""headers_json"": ""[\""Name\"", \""Designation\"", \""Email Address\""]"", ""cells_json"": ""[\""Fathmath Shudhuha\"", \""Assistant Manager, Market Development Department\"", \""[email protected]\""]"", ""row_links_json"": ""[\""https://cmda.gov.mv/cdn-cgi/l/email-protection#9ef8ffeaf6f3ffeaf6b0edf6ebfaf6ebf6ffdefdf3faffb0f9f1e8b0f3e8\""]"", ""content_sha256"": ""2ecf9ec58fcc4d98595992e65f105d67e442644cc2034ce6761361ca9f2e397a"", ""semantic_status"": ""SOURCE_TABLE_ROW_NOT_AUTOMATICALLY_ENTITY""}]",SOURCE_TABLE_RECORD_NOT_GLOBAL_OR_UNIQUE_COMPANY_VERIFICATION
https://cmda.gov.mv/en/staff-directory?category=41,1,28,Raiha Ali Riyaz,,DIRECTORY_RECORD_REVIEW,"{""Name"": ""Raiha Ali Riyaz"", ""Designation"": ""Assistant Manager, Education and Training Department"", ""Email Address"": ""[email protected]""}","[{""work_id"": ""B05:313"", ""source_url"": ""https://cmda.gov.mv/en/staff-directory?category=41"", ""table"": ""1"", ""row"": ""28"", ""headers_json"": ""[\""Name\"", \""Designation\"", \""Email Address\""]"", ""cells_json"": ""[\""Raiha Ali Riyaz\"", \""Assistant Manager, Education and Training Department\"", \""[email protected]\""]"", ""row_links_json"": ""[\""https://cmda.gov.mv/cdn-cgi/l/email-protection#5123303839307f303d3811323c35307f363e277f3c27\""]"", ""content_sha256"": ""2ecf9ec58fcc4d98595992e65f105d67e442644cc2034ce6761361ca9f2e397a"", ""semantic_status"": ""SOURCE_TABLE_ROW_NOT_AUTOMATICALLY_ENTITY""}]",SOURCE_TABLE_RECORD_NOT_GLOBAL_OR_UNIQUE_COMPANY_VERIFICATION
https://cmda.gov.mv/en/staff-directory?category=41,1,29,Mohamed Jaushan Ibrahim,,DIRECTORY_RECORD_REVIEW,"{""Name"": ""Mohamed Jaushan Ibrahim"", ""Designation"": ""Assistant Manager, Information Technology Department"", ""Email Address"": ""[email protected]""}","[{""work_id"": ""B05:313"", ""source_url"": ""https://cmda.gov.mv/en/staff-directory?category=41"", ""table"": ""1"", ""row"": ""29"", ""headers_json"": ""[\""Name\"", \""Designation\"", \""Email Address\""]"", ""cells_json"": ""[\""Mohamed Jaushan Ibrahim\"", \""Assistant Manager, Information Technology Department\"", \""[email protected]\""]"", ""row_links_json"": ""[\""https://cmda.gov.mv/cdn-cgi/l/email-protection#325f5d5a535f57561c585347415a535c72515f56531c555d441c5f44\""]"", ""content_sha256"": ""2ecf9ec58fcc4d98595992e65f105d67e442644cc2034ce6761361ca9f2e397a"", ""semantic_status"": ""SOURCE_TABLE_ROW_NOT_AUTOMATICALLY_ENTITY""}]",SOURCE_TABLE_RECORD_NOT_GLOBAL_OR_UNIQUE_COMPANY_VERIFICATION
https://cmda.gov.mv/en/staff-directory?category=41,1,30,Fathimath Nuhaa,,DIRECTORY_RECORD_REVIEW,"{""Name"": ""Fathimath Nuhaa"", ""Designation"": ""Assistant Manager, Education and Training Department"", ""Email Address"": ""[email protected]""}","[{""work_id"": ""B05:313"", ""source_url"": ""https://cmda.gov.mv/en/staff-directory?category=41"", ""table"": ""1"", ""row"": ""30"", ""headers_json"": ""[\""Name\"", \""Designation\"", \""Email Address\""]"", ""cells_json"": ""[\""Fathimath Nuhaa\"", \""Assistant Manager, Education and Training Department\"", \""[email protected]\""]"", ""row_links_json"": ""[\""https://cmda.gov.mv/cdn-cgi/l/email-protection#660007120e0f0b07120e4808130e070726050b020748010910480b10\""]"", ""content_sha256"": ""2ecf9ec58fcc4d98595992e65f105d67e442644cc2034ce6761361ca9f2e397a"", ""semantic_status"": ""SOURCE_TABLE_ROW_NOT_AUTOMATICALLY_ENTITY""}]",SOURCE_TABLE_RECORD_NOT_GLOBAL_OR_UNIQUE_COMPANY_VERIFICATION
https://cmda.gov.mv/en/staff-directory?category=41,1,31,Shazufa Mohamed,,DIRECTORY_RECORD_REVIEW,"{""Name"": ""Shazufa Mohamed"", ""Designation"": ""Senior Officer, Finance, Corporate Services"", ""Email Address"": ""[email protected]""}","[{""work_id"": ""B05:313"", ""source_url"": ""https://cmda.gov.mv/en/staff-directory?category=41"", ""table"": ""1"", ""row"": ""31"", ""headers_json"": ""[\""Name\"", \""Designation\"", \""Email Address\""]"", ""cells_json"": ""[\""Shazufa Mohamed\"", \""Senior Officer, Finance, Corporate Services\"", \""[email protected]\""]"", ""row_links_json"": ""[\""https://cmda.gov.mv/cdn-cgi/l/email-protection#c4b7aca5beb1a2a5eaa9abaca5a9a1a084a7a9a0a5eaa3abb2eaa9b2\""]"", ""content_sha256"": ""2ecf9ec58fcc4d98595992e65f105d67e442644cc2034ce6761361ca9f2e397a"", ""semantic_status"": ""SOURCE_TABLE_ROW_NOT_AUTOMATICALLY_ENTITY""}]",SOURCE_TABLE_RECORD_NOT_GLOBAL_OR_UNIQUE_COMPANY_VERIFICATION
https://cmda.gov.mv/en/staff-directory?category=41,1,32,Aminath Shiuny Saeed,,DIRECTORY_RECORD_REVIEW,"{""Name"": ""Aminath Shiuny Saeed"", ""Designation"": ""Senior Officer, Admin, Corporate Services"", ""Email Address"": ""[email protected]""}","[{""work_id"": ""B05:313"", ""source_url"": ""https://cmda.gov.mv/en/staff-directory?category=41"", ""table"": ""1"", ""row"": ""32"", ""headers_json"": ""[\""Name\"", \""Designation\"", \""Email Address\""]"", ""cells_json"": ""[\""Aminath Shiuny Saeed\"", \""Senior Officer, Admin, Corporate Services\"", \""[email protected]\""]"", ""row_links_json"": ""[\""https://cmda.gov.mv/cdn-cgi/l/email-protection#f98a91908c9780b99a949d98d79e968fd7948f\""]"", ""content_sha256"": ""2ecf9ec58fcc4d98595992e65f105d67e442644cc2034ce6761361ca9f2e397a"", ""semantic_status"": ""SOURCE_TABLE_ROW_NOT_AUTOMATICALLY_ENTITY""}]",SOURCE_TABLE_RECORD_NOT_GLOBAL_OR_UNIQUE_COMPANY_VERIFICATION
https://cmda.gov.mv/en/staff-directory?category=41,1,33,Mariyam Adheela,,DIRECTORY_RECORD_REVIEW,"{""Name"": ""Mariyam Adheela"", ""Designation"": ""Senior Officer, HR, Corporate Services"", ""Email Address"": ""[email protected]""}","[{""work_id"": ""B05:313"", ""source_url"": ""https://cmda.gov.mv/en/staff-directory?category=41"", ""table"": ""1"", ""row"": ""33"", ""headers_json"": ""[\""Name\"", \""Designation\"", \""Email Address\""]"", ""cells_json"": ""[\""Mariyam Adheela\"", \""Senior Officer, HR, Corporate Services\"", \""[email protected]\""]"", ""row_links_json"": ""[\""https://cmda.gov.mv/cdn-cgi/l/email-protection#1a777b6873637b77347b7e727f7f767b5a79777e7b347d756c34776c\""]"", ""content_sha256"": ""2ecf9ec58fcc4d98595992e65f105d67e442644cc2034ce6761361ca9f2e397a"", ""semantic_status"": ""SOURCE_TABLE_ROW_NOT_AUTOMATICALLY_ENTITY""}]",SOURCE_TABLE_RECORD_NOT_GLOBAL_OR_UNIQUE_COMPANY_VERIFICATION
https://cmda.gov.mv/en/staff-directory?category=41,1,34,Aishath Leen Mausoom,,DIRECTORY_RECORD_REVIEW,"{""Name"": ""Aishath Leen Mausoom"", ""Designation"": ""Senior Officer, Finance, Corporate Services"", ""Email Address"": ""[email protected]""}","[{""work_id"": ""B05:313"", ""source_url"": ""https://cmda.gov.mv/en/staff-directory?category=41"", ""table"": ""1"", ""row"": ""34"", ""headers_json"": ""[\""Name\"", \""Designation\"", \""Email Address\""]"", ""cells_json"": ""[\""Aishath Leen Mausoom\"", \""Senior Officer, Finance, Corporate Services\"", \""[email protected]\""]"", ""row_links_json"": ""[\""https://cmda.gov.mv/cdn-cgi/l/email-protection#4928203a21283d2167252c2c27092a242d28672e263f67243f\""]"", ""content_sha256"": ""2ecf9ec58fcc4d98595992e65f105d67e442644cc2034ce6761361ca9f2e397a"", ""semantic_status"": ""SOURCE_TABLE_ROW_NOT_AUTOMATICALLY_ENTITY""}]",SOURCE_TABLE_RECORD_NOT_GLOBAL_OR_UNIQUE_COMPANY_VERIFICATION
https://cmda.gov.mv/en/staff-directory?category=41,1,35,Mariyam Aboobakuru,,DIRECTORY_RECORD_REVIEW,"{""Name"": ""Mariyam Aboobakuru"", ""Designation"": ""Support Staff, Admin, Corporate Services"", ""Email Address"": ""[email protected]""}","[{""work_id"": ""B05:313"", ""source_url"": ""https://cmda.gov.mv/en/staff-directory?category=41"", ""table"": ""1"", ""row"": ""35"", ""headers_json"": ""[\""Name\"", \""Designation\"", \""Email Address\""]"", ""cells_json"": ""[\""Mariyam Aboobakuru\"", \""Support Staff, Admin, Corporate Services\"", \""[email protected]\""]"", ""row_links_json"": ""[\""https://cmda.gov.mv/cdn-cgi/l/email-protection#5835392a3121393576393a37373a39332d2a2d183b353c39763f372e76352e\""]"", ""content_sha256"": ""2ecf9ec58fcc4d98595992e65f105d67e442644cc2034ce6761361ca9f2e397a"", ""semantic_status"": ""SOURCE_TABLE_ROW_NOT_AUTOMATICALLY_ENTITY""}]",SOURCE_TABLE_RECORD_NOT_GLOBAL_OR_UNIQUE_COMPANY_VERIFICATION
https://cmda.gov.mv/en/staff-directory?category=41,1,36,Dhiyana Mohamed,,DIRECTORY_RECORD_REVIEW,"{""Name"": ""Dhiyana Mohamed"", ""Designation"": ""Support Staff, Admin, Corporate Services"", ""Email Address"": ""[email protected]""}","[{""work_id"": ""B05:313"", ""source_url"": ""https://cmda.gov.mv/en/staff-directory?category=41"", ""table"": ""1"", ""row"": ""36"", ""headers_json"": ""[\""Name\"", \""Designation\"", \""Email Address\""]"", ""cells_json"": ""[\""Dhiyana Mohamed\"", \""Support Staff, Admin, Corporate Services\"", \""[email protected]\""]"", ""row_links_json"": ""[\""https://cmda.gov.mv/cdn-cgi/l/email-protection#ea8e8283938b848bc48785828b878f8eaa89878e8bc48d859cc4879c\""]"", ""content_sha256"": ""2ecf9ec58fcc4d98595992e65f105d67e442644cc2034ce6761361ca9f2e397a"", ""semantic_status"": ""SOURCE_TABLE_ROW_NOT_AUTOMATICALLY_ENTITY""}]",SOURCE_TABLE_RECORD_NOT_GLOBAL_OR_UNIQUE_COMPANY_VERIFICATION
http://www.pngx.com.pg/steamships-trading-companies-limited/,1,2,Issuer Code,,DIRECTORY_RECORD_REVIEW,"{""Company"": ""Issuer Code"", ""Steamships Trading Companies Ltd"": ""SST""}","[{""work_id"": ""B05:35"", ""source_url"": ""http://www.pngx.com.pg/steamships-trading-companies-limited/"", ""table"": ""1"", ""row"": ""2"", ""headers_json"": ""[]"", ""cells_json"": ""[\""Issuer Code\"", \""SST\""]"", ""row_links_json"": ""[]"", ""content_sha256"": ""529d560436df6b42d27bfb1991b1939f047c9d8022cb61615670272f465e9b6a"", ""semantic_status"": ""SOURCE_TABLE_ROW_NOT_AUTOMATICALLY_ENTITY""}]",SOURCE_TABLE_RECORD_NOT_GLOBAL_OR_UNIQUE_COMPANY_VERIFICATION
http://www.pngx.com.pg/steamships-trading-companies-limited/,1,3,Industry,,DIRECTORY_RECORD_REVIEW,"{""Company"": ""Industry"", ""Steamships Trading Companies Ltd"": ""Industrial""}","[{""work_id"": ""B05:35"", ""source_url"": ""http://www.pngx.com.pg/steamships-trading-companies-limited/"", ""table"": ""1"", ""row"": ""3"", ""headers_json"": ""[]"", ""cells_json"": ""[\""Industry\"", \""Industrial\""]"", ""row_links_json"": ""[]"", ""content_sha256"": ""529d560436df6b42d27bfb1991b1939f047c9d8022cb61615670272f465e9b6a"", ""semantic_status"": ""SOURCE_TABLE_ROW_NOT_AUTOMATICALLY_ENTITY""}]",SOURCE_TABLE_RECORD_NOT_GLOBAL_OR_UNIQUE_COMPANY_VERIFICATION
http://www.pngx.com.pg/steamships-trading-companies-limited/,1,4,Date Listed,,DIRECTORY_RECORD_REVIEW,"{""Company"": ""Date Listed"", ""Steamships Trading Companies Ltd"": ""06/04/1999""}","[{""work_id"": ""B05:35"", ""source_url"": ""http://www.pngx.com.pg/steamships-trading-companies-limited/"", ""table"": ""1"", ""row"": ""4"", ""headers_json"": ""[]"", ""cells_json"": ""[\""Date Listed\"", \""06/04/1999\""]"", ""row_links_json"": ""[]"", ""content_sha256"": ""529d560436df6b42d27bfb1991b1939f047c9d8022cb61615670272f465e9b6a"", ""semantic_status"": ""SOURCE_TABLE_ROW_NOT_AUTOMATICALLY_ENTITY""}]",SOURCE_TABLE_RECORD_NOT_GLOBAL_OR_UNIQUE_COMPANY_VERIFICATION
http://www.pngx.com.pg/steamships-trading-companies-limited/,1,5,Exempt Foreign Entity,,DIRECTORY_RECORD_REVIEW,"{""Company"": ""Exempt Foreign Entity"", ""Steamships Trading Companies Ltd"": ""No""}","[{""work_id"": ""B05:35"", ""source_url"": ""http://www.pngx.com.pg/steamships-trading-companies-limited/"", ""table"": ""1"", ""row"": ""5"", ""headers_json"": ""[]"", ""cells_json"": ""[\""Exempt Foreign Entity\"", \""No\""]"", ""row_links_json"": ""[]"", ""content_sha256"": ""529d560436df6b42d27bfb1991b1939f047c9d8022cb61615670272f465e9b6a"", ""semantic_status"": ""SOURCE_TABLE_ROW_NOT_AUTOMATICALLY_ENTITY""}]",SOURCE_TABLE_RECORD_NOT_GLOBAL_OR_UNIQUE_COMPANY_VERIFICATION
http://www.pngx.com.pg/steamships-trading-companies-limited/,1,6,Overview,,DIRECTORY_RECORD_REVIEW,"{""Company"": ""Overview"", ""Steamships Trading Companies Ltd"": ""Steamship Trading Company is one of the oldest and most successful company in PNG. It is the only industrial stock listed on POMSoX. Steamships is a diversified entity with ownership and operations of businesses in shipping, manufacturing, service industry, hotels and Information Technology. The company is also listed on the ASX.""}","[{""work_id"": ""B05:35"", ""source_url"": ""http://www.pngx.com.pg/steamships-trading-companies-limited/"", ""table"": ""1"", ""row"": ""6"", ""headers_json"": ""[]"", ""cells_json"": ""[\""Overview\"", \""Steamship Trading Company is one of the oldest and most successful company in PNG. It is the only industrial stock listed on POMSoX. Steamships is a diversified entity with ownership and operations of businesses in shipping, manufacturing, service industry, hotels and Information Technology. The company is also listed on the ASX.\""]"", ""row_links_json"": ""[]"", ""content_sha256"": ""529d560436df6b42d27bfb1991b1939f047c9d8022cb61615670272f465e9b6a"", ""semantic_status"": ""SOURCE_TABLE_ROW_NOT_AUTOMATICALLY_ENTITY""}]",SOURCE_TABLE_RECORD_NOT_GLOBAL_OR_UNIQUE_COMPANY_VERIFICATION
http://www.pngx.com.pg/steamships-trading-companies-limited/,1,7,Internet Address,,DIRECTORY_RECORD_REVIEW,"{""Company"": ""Internet Address"", ""Steamships Trading Companies Ltd"": ""www.steamships.com.pg""}","[{""work_id"": ""B05:35"", ""source_url"": ""http://www.pngx.com.pg/steamships-trading-companies-limited/"", ""table"": ""1"", ""row"": ""7"", ""headers_json"": ""[]"", ""cells_json"": ""[\""Internet Address\"", \""www.steamships.com.pg\""]"", ""row_links_json"": ""[\""http://www.steamships.com.pg/\""]"", ""content_sha256"": ""529d560436df6b42d27bfb1991b1939f047c9d8022cb61615670272f465e9b6a"", ""semantic_status"": ""SOURCE_TABLE_ROW_NOT_AUTOMATICALLY_ENTITY""}]",SOURCE_TABLE_RECORD_NOT_GLOBAL_OR_UNIQUE_COMPANY_VERIFICATION
http://www.pngx.com.pg/steamships-trading-companies-limited/,1,8,Registered Office Address,,DIRECTORY_RECORD_REVIEW,"{""Company"": ""Registered Office Address"", ""Steamships Trading Companies Ltd"": ""Level 5, Harbourside West, Stanley Esplanade, Port Moresby, Papua New Guinea""}","[{""work_id"": ""B05:35"", ""source_url"": ""http://www.pngx.com.pg/steamships-trading-companies-limited/"", ""table"": ""1"", ""row"": ""8"", ""headers_json"": ""[]"", ""cells_json"": ""[\""Registered Office Address\"", \""Level 5, Harbourside West, Stanley Esplanade, Port Moresby, Papua New Guinea\""]"", ""row_links_json"": ""[]"", ""content_sha256"": ""529d560436df6b42d27bfb1991b1939f047c9d8022cb61615670272f465e9b6a"", ""semantic_status"": ""SOURCE_TABLE_ROW_NOT_AUTOMATICALLY_ENTITY""}]",SOURCE_TABLE_RECORD_NOT_GLOBAL_OR_UNIQUE_COMPANY_VERIFICATION
http://www.pngx.com.pg/steamships-trading-companies-limited/,1,9,Postal Address,,DIRECTORY_RECORD_REVIEW,"{""Company"": ""Postal Address"", ""Steamships Trading Companies Ltd"": ""PO Box 1, Port Moresby, NCD 121, Papua New Guinea""}","[{""work_id"": ""B05:35"", ""source_url"": ""http://www.pngx.com.pg/steamships-trading-companies-limited/"", ""table"": ""1"", ""row"": ""9"", ""headers_json"": ""[]"", ""cells_json"": ""[\""Postal Address\"", \""PO Box 1, Port Moresby, NCD 121, Papua New Guinea\""]"", ""row_links_json"": ""[]"", ""content_sha256"": ""529d560436df6b42d27bfb1991b1939f047c9d8022cb61615670272f465e9b6a"", ""semantic_status"": ""SOURCE_TABLE_ROW_NOT_AUTOMATICALLY_ENTITY""}]",SOURCE_TABLE_RECORD_NOT_GLOBAL_OR_UNIQUE_COMPANY_VERIFICATION
http://www.pngx.com.pg/steamships-trading-companies-limited/,1,10,Head Office Number,,DIRECTORY_RECORD_REVIEW,"{""Company"": ""Head Office Number"", ""Steamships Trading Companies Ltd"": ""+675 3137400 / +675 79987000""}","[{""work_id"": ""B05:35"", ""source_url"": ""http://www.pngx.com.pg/steamships-trading-companies-limited/"", ""table"": ""1"", ""row"": ""10"", ""headers_json"": ""[]"", ""cells_json"": ""[\""Head Office Number\"", \""+675 3137400 / +675 79987000\""]"", ""row_links_json"": ""[]"", ""content_sha256"": ""529d560436df6b42d27bfb1991b1939f047c9d8022cb61615670272f465e9b6a"", ""semantic_status"": ""SOURCE_TABLE_ROW_NOT_AUTOMATICALLY_ENTITY""}]",SOURCE_TABLE_RECORD_NOT_GLOBAL_OR_UNIQUE_COMPANY_VERIFICATION
http://www.pngx.com.pg/steamships-trading-companies-limited/,1,11,Head Office Facsimile,,DIRECTORY_RECORD_REVIEW,"{""Company"": ""Head Office Facsimile"", ""Steamships Trading Companies Ltd"": ""+675 3213595""}","[{""work_id"": ""B05:35"", ""source_url"": ""http://www.pngx.com.pg/steamships-trading-companies-limited/"", ""table"": ""1"", ""row"": ""11"", ""headers_json"": ""[]"", ""cells_json"": ""[\""Head Office Facsimile\"", \""+675 3213595\""]"", ""row_links_json"": ""[]"", ""content_sha256"": ""529d560436df6b42d27bfb1991b1939f047c9d8022cb61615670272f465e9b6a"", ""semantic_status"": ""SOURCE_TABLE_ROW_NOT_AUTOMATICALLY_ENTITY""}]",SOURCE_TABLE_RECORD_NOT_GLOBAL_OR_UNIQUE_COMPANY_VERIFICATION
http://www.pngx.com.pg/steamships-trading-companies-limited/,1,12,Share Registry,,DIRECTORY_RECORD_REVIEW,"{""Company"": ""Share Registry"", ""Steamships Trading Companies Ltd"": ""Computershare Investor Services Pty Limited, GPO Box 2975 Melbourne VIC 3001, AUSTRALIA""}","[{""work_id"": ""B05:35"", ""source_url"": ""http://www.pngx.com.pg/steamships-trading-companies-limited/"", ""table"": ""1"", ""row"": ""12"", ""headers_json"": ""[]"", ""cells_json"": ""[\""Share Registry\"", \""Computershare Investor Services Pty Limited, GPO Box 2975 Melbourne VIC 3001, AUSTRALIA\""]"", ""row_links_json"": ""[]"", ""content_sha256"": ""529d560436df6b42d27bfb1991b1939f047c9d8022cb61615670272f465e9b6a"", ""semantic_status"": ""SOURCE_TABLE_ROW_NOT_AUTOMATICALLY_ENTITY""}]",SOURCE_TABLE_RECORD_NOT_GLOBAL_OR_UNIQUE_COMPANY_VERIFICATION
http://www.pngx.com.pg/steamships-trading-companies-limited/,1,13,Share Registry Number,,DIRECTORY_RECORD_REVIEW,"{""Company"": ""Share Registry Number"", ""Steamships Trading Companies Ltd"": ""1300 850 505 (within Australia) +61 3 9415 4000 (outside Australia)""}","[{""work_id"": ""B05:35"", ""source_url"": ""http://www.pngx.com.pg/steamships-trading-companies-limited/"", ""table"": ""1"", ""row"": ""13"", ""headers_json"": ""[]"", ""cells_json"": ""[\""Share Registry Number\"", \""1300 850 505 (within Australia) +61 3 9415 4000 (outside Australia)\""]"", ""row_links_json"": ""[]"", ""content_sha256"": ""529d560436df6b42d27bfb1991b1939f047c9d8022cb61615670272f465e9b6a"", ""semantic_status"": ""SOURCE_TABLE_ROW_NOT_AUTOMATICALLY_ENTITY""}]",SOURCE_TABLE_RECORD_NOT_GLOBAL_OR_UNIQUE_COMPANY_VERIFICATION
https://cmda.gov.mv/en/staff-directory?category=42,1,2,Mohamed Ahmed,,DIRECTORY_RECORD_REVIEW,"{""Name"": ""Mohamed Ahmed"", ""Designation"": ""Chief Executive Officer"", ""Email Address"": ""[email protected]""}","[{""work_id"": ""B05:314"", ""source_url"": ""https://cmda.gov.mv/en/staff-directory?category=42"", ""table"": ""1"", ""row"": ""2"", ""headers_json"": ""[\""Name\"", \""Designation\"", \""Email Address\""]"", ""cells_json"": ""[\""Mohamed Ahmed\"", \""Chief Executive Officer\"", \""[email protected]\""]"", ""row_links_json"": ""[\""https://cmda.gov.mv/cdn-cgi/l/email-protection#6300060c23000e07024d040c154d0e15\""]"", ""content_sha256"": ""2a31eb796c42656f30790a9fb31ac145ffaf4bf84a31cbc2ac05eaf5180810c0"", ""semantic_status"": ""SOURCE_TABLE_ROW_NOT_AUTOMATICALLY_ENTITY""}]",SOURCE_TABLE_RECORD_NOT_GLOBAL_OR_UNIQUE_COMPANY_VERIFICATION
https://cmda.gov.mv/en/staff-directory?category=42,1,3,Fathimath Abdulla Kamaaluddeen,,DIRECTORY_RECORD_REVIEW,"{""Name"": ""Fathimath Abdulla Kamaaluddeen"", ""Designation"": ""Deputy Chief Executive Officer"", ""Email Address"": ""[email protected]""}","[{""work_id"": ""B05:314"", ""source_url"": ""https://cmda.gov.mv/en/staff-directory?category=42"", ""table"": ""1"", ""row"": ""3"", ""headers_json"": ""[\""Name\"", \""Designation\"", \""Email Address\""]"", ""cells_json"": ""[\""Fathimath Abdulla Kamaaluddeen\"", \""Deputy Chief Executive Officer\"", \""[email protected]\""]"", ""row_links_json"": ""[\""https://cmda.gov.mv/cdn-cgi/l/email-protection#6f0941040e020e031a0b0a0a012f0c020b0e41080019410219\""]"", ""content_sha256"": ""2a31eb796c42656f30790a9fb31ac145ffaf4bf84a31cbc2ac05eaf5180810c0"", ""semantic_status"": ""SOURCE_TABLE_ROW_NOT_AUTOMATICALLY_ENTITY""}]",SOURCE_TABLE_RECORD_NOT_GLOBAL_OR_UNIQUE_COMPANY_VERIFICATION
https://cmda.gov.mv/en/staff-directory?category=42,1,4,Ibrahim Saleem,,DIRECTORY_RECORD_REVIEW,"{""Name"": ""Ibrahim Saleem"", ""Designation"": ""Director General, Corporate Services"", ""Email Address"": ""[email protected]""}","[{""work_id"": ""B05:314"", ""source_url"": ""https://cmda.gov.mv/en/staff-directory?category=42"", ""table"": ""1"", ""row"": ""4"", ""headers_json"": ""[\""Name\"", \""Designation\"", \""Email Address\""]"", ""cells_json"": ""[\""Ibrahim Saleem\"", \""Director General, Corporate Services\"", \""[email protected]\""]"", ""row_links_json"": ""[\""https://cmda.gov.mv/cdn-cgi/l/email-protection#097a68656c6c64496a646d68276e667f27647f\""]"", ""content_sha256"": ""2a31eb796c42656f30790a9fb31ac145ffaf4bf84a31cbc2ac05eaf5180810c0"", ""semantic_status"": ""SOURCE_TABLE_ROW_NOT_AUTOMATICALLY_ENTITY""}]",SOURCE_TABLE_RECORD_NOT_GLOBAL_OR_UNIQUE_COMPANY_VERIFICATION
https://cmda.gov.mv/en/staff-directory?category=42,1,5,Aminath Mohamed Didi,,DIRECTORY_RECORD_REVIEW,"{""Name"": ""Aminath Mohamed Didi"", ""Designation"": ""Director General, Market Regulation and Enforcement Department"", ""Email Address"": ""[email protected]""}","[{""work_id"": ""B05:314"", ""source_url"": ""https://cmda.gov.mv/en/staff-directory?category=42"", ""table"": ""1"", ""row"": ""5"", ""headers_json"": ""[\""Name\"", \""Designation\"", \""Email Address\""]"", ""cells_json"": ""[\""Aminath Mohamed Didi\"", \""Director General, Market Regulation and Enforcement Department\"", \""[email protected]\""]"", ""row_links_json"": ""[\""https://cmda.gov.mv/cdn-cgi/l/email-protection#47262e29332f07242a232669202831692a31\""]"", ""content_sha256"": ""2a31eb796c42656f30790a9fb31ac145ffaf4bf84a31cbc2ac05eaf5180810c0"", ""semantic_status"": ""SOURCE_TABLE_ROW_NOT_AUTOMATICALLY_ENTITY""}]",SOURCE_TABLE_RECORD_NOT_GLOBAL_OR_UNIQUE_COMPANY_VERIFICATION
https://cmda.gov.mv/en/staff-directory?category=42,1,6,Muznee Mohamed,,DIRECTORY_RECORD_REVIEW,"{""Name"": ""Muznee Mohamed"", ""Designation"": ""Director General, Education and Training Department"", ""Email Address"": ""[email protected]""}","[{""work_id"": ""B05:314"", ""source_url"": ""https://cmda.gov.mv/en/staff-directory?category=42"", ""table"": ""1"", ""row"": ""6"", ""headers_json"": ""[\""Name\"", \""Designation\"", \""Email Address\""]"", ""cells_json"": ""[\""Muznee Mohamed\"", \""Director General, Education and Training Department\"", \""[email protected]\""]"", ""row_links_json"": ""[\""https://cmda.gov.mv/cdn-cgi/l/email-protection#4f223a35212a2a0f2c222b2e61282039612239\""]"", ""content_sha256"": ""2a31eb796c42656f30790a9fb31ac145ffaf4bf84a31cbc2ac05eaf5180810c0"", ""semantic_status"": ""SOURCE_TABLE_ROW_NOT_AUTOMATICALLY_ENTITY""}]",SOURCE_TABLE_RECORD_NOT_GLOBAL_OR_UNIQUE_COMPANY_VERIFICATION
https://cmda.gov.mv/en/staff-directory?category=42,1,7,Abdullah Zakariyya,,DIRECTORY_RECORD_REVIEW,"{""Name"": ""Abdullah Zakariyya"", ""Designation"": ""Director General , Pension Supervision Department"", ""Email Address"": ""[email protected]""}","[{""work_id"": ""B05:314"", ""source_url"": ""https://cmda.gov.mv/en/staff-directory?category=42"", ""table"": ""1"", ""row"": ""7"", ""headers_json"": ""[\""Name\"", \""Designation\"", \""Email Address\""]"", ""cells_json"": ""[\""Abdullah Zakariyya\"", \""Director General , Pension Supervision Department\"", \""[email protected]\""]"", ""row_links_json"": ""[\""https://cmda.gov.mv/cdn-cgi/l/email-protection#99f8fbfdecf5f5f8f1b7e3f8f2f8ebf0e0e0f8d9faf4fdf8b7fef6efb7f4ef\""]"", ""content_sha256"": ""2a31eb796c42656f30790a9fb31ac145ffaf4bf84a31cbc2ac05eaf5180810c0"", ""semantic_status"": ""SOURCE_TABLE_ROW_NOT_AUTOMATICALLY_ENTITY""}]",SOURCE_TABLE_RECORD_NOT_GLOBAL_OR_UNIQUE_COMPANY_VERIFICATION
https://progress.market/en/securities-27/26,1,2,enasolAuto d.o.o.-dosp 04/2028/A,3ENA,DIRECTORY_RECORD_REVIEW,"{""Symbol"": ""3ENA"", ""ISIN"": ""HRENASO284A4"", ""Name"": ""enasolAuto d.o.o.-dosp 04/2028/A"", ""Sector"": ""D"", ""Listed Quantity"": ""1,227"", ""Nominal Value"": ""1,000.00 EUR"", ""Listing Date"": ""12/22/2025"", ""Delisting Date"": ""-""}","[{""work_id"": ""B05:832"", ""source_url"": ""https://progress.market/en/securities-27/26"", ""table"": ""1"", ""row"": ""2"", ""headers_json"": ""[\""Symbol\"", \""ISIN\"", \""Name\"", \""Sector\"", \""Listed Quantity\"", \""Nominal Value\"", \""Listing Date\"", \""Delisting Date\""]"", ""cells_json"": ""[\""3ENA\"", \""HRENASO284A4\"", \""enasolAuto d.o.o.-dosp 04/2028/A\"", \""D\"", \""1,227\"", \""1,000.00 EUR\"", \""12/22/2025\"", \""-\""]"", ""row_links_json"": ""[]"", ""content_sha256"": ""4bea1d4970ce01214473933c1201a74f0b40d0d8fbfa8e7e104087a64529d9d5"", ""semantic_status"": ""SOURCE_TABLE_ROW_NOT_AUTOMATICALLY_ENTITY""}]",SOURCE_TABLE_RECORD_NOT_GLOBAL_OR_UNIQUE_COMPANY_VERIFICATION
https://progress.market/en/securities-27/26,1,3,enasolAuto d.o.o.-dosp 04/2028/B,3ENA2,DIRECTORY_RECORD_REVIEW,"{""Symbol"": ""3ENA2"", ""ISIN"": ""HRENASO284B2"", ""Name"": ""enasolAuto d.o.o.-dosp 04/2028/B"", ""Sector"": ""D"", ""Listed Quantity"": ""1,005"", ""Nominal Value"": ""1,000.00 EUR"", ""Listing Date"": ""12/22/2025"", ""Delisting Date"": ""-""}","[{""work_id"": ""B05:832"", ""source_url"": ""https://progress.market/en/securities-27/26"", ""table"": ""1"", ""row"": ""3"", ""headers_json"": ""[\""Symbol\"", \""ISIN\"", \""Name\"", \""Sector\"", \""Listed Quantity\"", \""Nominal Value\"", \""Listing Date\"", \""Delisting Date\""]"", ""cells_json"": ""[\""3ENA2\"", \""HRENASO284B2\"", \""enasolAuto d.o.o.-dosp 04/2028/B\"", \""D\"", \""1,005\"", \""1,000.00 EUR\"", \""12/22/2025\"", \""-\""]"", ""row_links_json"": ""[]"", ""content_sha256"": ""4bea1d4970ce01214473933c1201a74f0b40d0d8fbfa8e7e104087a64529d9d5"", ""semantic_status"": ""SOURCE_TABLE_ROW_NOT_AUTOMATICALLY_ENTITY""}]",SOURCE_TABLE_RECORD_NOT_GLOBAL_OR_UNIQUE_COMPANY_VERIFICATION
https://progress.market/en/securities-27/26,1,4,enasolAuto d.o.o.-dosp 04/2028/C,3ENA3,DIRECTORY_RECORD_REVIEW,"{""Symbol"": ""3ENA3"", ""ISIN"": ""HRENASO284C0"", ""Name"": ""enasolAuto d.o.o.-dosp 04/2028/C"", ""Sector"": ""D"", ""Listed Quantity"": ""804"", ""Nominal Value"": ""1,000.00 EUR"", ""Listing Date"": ""12/22/2025"", ""Delisting Date"": ""-""}","[{""work_id"": ""B05:832"", ""source_url"": ""https://progress.market/en/securities-27/26"", ""table"": ""1"", ""row"": ""4"", ""headers_json"": ""[\""Symbol\"", \""ISIN\"", \""Name\"", \""Sector\"", \""Listed Quantity\"", \""Nominal Value\"", \""Listing Date\"", \""Delisting Date\""]"", ""cells_json"": ""[\""3ENA3\"", \""HRENASO284C0\"", \""enasolAuto d.o.o.-dosp 04/2028/C\"", \""D\"", \""804\"", \""1,000.00 EUR\"", \""12/22/2025\"", \""-\""]"", ""row_links_json"": ""[]"", ""content_sha256"": ""4bea1d4970ce01214473933c1201a74f0b40d0d8fbfa8e7e104087a64529d9d5"", ""semantic_status"": ""SOURCE_TABLE_ROW_NOT_AUTOMATICALLY_ENTITY""}]",SOURCE_TABLE_RECORD_NOT_GLOBAL_OR_UNIQUE_COMPANY_VERIFICATION
https://progress.market/en/securities-27/26,1,5,Escont Partners d.o.o.-dosp 05/2024/E,3ESP,DIRECTORY_RECORD_REVIEW,"{""Symbol"": ""3ESP"", ""ISIN"": ""HRESPAO245A3"", ""Name"": ""Escont Partners d.o.o.-dosp 05/2024/E"", ""Sector"": ""MA"", ""Listed Quantity"": ""119"", ""Nominal Value"": ""1,000.00 EUR"", ""Listing Date"": ""06/15/2023"", ""Delisting Date"": ""05/03/2024""}","[{""work_id"": ""B05:832"", ""source_url"": ""https://progress.market/en/securities-27/26"", ""table"": ""1"", ""row"": ""5"", ""headers_json"": ""[\""Symbol\"", \""ISIN\"", \""Name\"", \""Sector\"", \""Listed Quantity\"", \""Nominal Value\"", \""Listing Date\"", \""Delisting Date\""]"", ""cells_json"": ""[\""3ESP\"", \""HRESPAO245A3\"", \""Escont Partners d.o.o.-dosp 05/2024/E\"", \""MA\"", \""119\"", \""1,000.00 EUR\"", \""06/15/2023\"", \""05/03/2024\""]"", ""row_links_json"": ""[]"", ""content_sha256"": ""4bea1d4970ce01214473933c1201a74f0b40d0d8fbfa8e7e104087a64529d9d5"", ""semantic_status"": ""SOURCE_TABLE_ROW_NOT_AUTOMATICALLY_ENTITY""}]",SOURCE_TABLE_RECORD_NOT_GLOBAL_OR_UNIQUE_COMPANY_VERIFICATION
https://progress.market/en/securities-27/26,1,6,GLUCODENT d.o.o.-dosp 12/2026/E,3GLC,DIRECTORY_RECORD_REVIEW,"{""Symbol"": ""3GLC"", ""ISIN"": ""HRGLCOO26CE5"", ""Name"": ""GLUCODENT d.o.o.-dosp 12/2026/E"", ""Sector"": ""MB"", ""Listed Quantity"": ""1,104"", ""Nominal Value"": ""1,000.00 EUR"", ""Listing Date"": ""01/23/2024"", ""Delisting Date"": ""-""}","[{""work_id"": ""B05:832"", ""source_url"": ""https://progress.market/en/securities-27/26"", ""table"": ""1"", ""row"": ""6"", ""headers_json"": ""[\""Symbol\"", \""ISIN\"", \""Name\"", \""Sector\"", \""Listed Quantity\"", \""Nominal Value\"", \""Listing Date\"", \""Delisting Date\""]"", ""cells_json"": ""[\""3GLC\"", \""HRGLCOO26CE5\"", \""GLUCODENT d.o.o.-dosp 12/2026/E\"", \""MB\"", \""1,104\"", \""1,000.00 EUR\"", \""01/23/2024\"", \""-\""]"", ""row_links_json"": ""[]"", ""content_sha256"": ""4bea1d4970ce01214473933c1201a74f0b40d0d8fbfa8e7e104087a64529d9d5"", ""semantic_status"": ""SOURCE_TABLE_ROW_NOT_AUTOMATICALLY_ENTITY""}]",SOURCE_TABLE_RECORD_NOT_GLOBAL_OR_UNIQUE_COMPANY_VERIFICATION
https://progress.market/en/securities-27/26,1,7,ICF PROGRESS d.o.o.-dosp 6/2026/A,3ICF,DIRECTORY_RECORD_REVIEW,"{""Symbol"": ""3ICF"", ""ISIN"": ""HRICFPO266A8"", ""Name"": ""ICF PROGRESS d.o.o.-dosp 6/2026/A"", ""Sector"": ""MA"", ""Listed Quantity"": ""10,000,000"", ""Nominal Value"": ""1.00 HRK"", ""Listing Date"": ""07/07/2021"", ""Delisting Date"": ""06/18/2026""}","[{""work_id"": ""B05:832"", ""source_url"": ""https://progress.market/en/securities-27/26"", ""table"": ""1"", ""row"": ""7"", ""headers_json"": ""[\""Symbol\"", \""ISIN\"", \""Name\"", \""Sector\"", \""Listed Quantity\"", \""Nominal Value\"", \""Listing Date\"", \""Delisting Date\""]"", ""cells_json"": ""[\""3ICF\"", \""HRICFPO266A8\"", \""ICF PROGRESS d.o.o.-dosp 6/2026/A\"", \""MA\"", \""10,000,000\"", \""1.00 HRK\"", \""07/07/2021\"", \""06/18/2026\""]"", ""row_links_json"": ""[]"", ""content_sha256"": ""4bea1d4970ce01214473933c1201a74f0b40d0d8fbfa8e7e104087a64529d9d5"", ""semantic_status"": ""SOURCE_TABLE_ROW_NOT_AUTOMATICALLY_ENTITY""}]",SOURCE_TABLE_RECORD_NOT_GLOBAL_OR_UNIQUE_COMPANY_VERIFICATION
https://progress.market/en/securities-27/26,1,8,"Bc Institut, d.d.",BCIN,DIRECTORY_RECORD_REVIEW,"{""Symbol"": ""BCIN"", ""ISIN"": ""HRBCINRA0003"", ""Name"": ""Bc Institut, d.d."", ""Sector"": ""MB"", ""Listed Quantity"": ""166,500"", ""Nominal Value"": ""24.00 EUR"", ""Listing Date"": ""01/07/2019"", ""Delisting Date"": ""-""}","[{""work_id"": ""B05:832"", ""source_url"": ""https://progress.market/en/securities-27/26"", ""table"": ""1"", ""row"": ""8"", ""headers_json"": ""[\""Symbol\"", \""ISIN\"", \""Name\"", \""Sector\"", \""Listed Quantity\"", \""Nominal Value\"", \""Listing Date\"", \""Delisting Date\""]"", ""cells_json"": ""[\""BCIN\"", \""HRBCINRA0003\"", \""Bc Institut, d.d.\"", \""MB\"", \""166,500\"", \""24.00 EUR\"", \""01/07/2019\"", \""-\""]"", ""row_links_json"": ""[\""https://progress.market/en/sektor/302?sector_id=MB\""]"", ""content_sha256"": ""4bea1d4970ce01214473933c1201a74f0b40d0d8fbfa8e7e104087a64529d9d5"", ""semantic_status"": ""SOURCE_TABLE_ROW_NOT_AUTOMATICALLY_ENTITY""}]",SOURCE_TABLE_RECORD_NOT_GLOBAL_OR_UNIQUE_COMPANY_VERIFICATION
https://progress.market/en/securities-27/26,1,9,NextGrid Energy d.d.,IEEP,DIRECTORY_RECORD_REVIEW,"{""Symbol"": ""IEEP"", ""ISIN"": ""HRIEEPRB0005"", ""Name"": ""NextGrid Energy d.d."", ""Sector"": ""K"", ""Listed Quantity"": ""9,804"", ""Nominal Value"": ""5.00 EUR"", ""Listing Date"": ""10/14/2025"", ""Delisting Date"": ""-""}","[{""work_id"": ""B05:832"", ""source_url"": ""https://progress.market/en/securities-27/26"", ""table"": ""1"", ""row"": ""9"", ""headers_json"": ""[\""Symbol\"", \""ISIN\"", \""Name\"", \""Sector\"", \""Listed Quantity\"", \""Nominal Value\"", \""Listing Date\"", \""Delisting Date\""]"", ""cells_json"": ""[\""IEEP\"", \""HRIEEPRB0005\"", \""NextGrid Energy d.d.\"", \""K\"", \""9,804\"", \""5.00 EUR\"", \""10/14/2025\"", \""-\""]"", ""row_links_json"": ""[\""https://progress.market/en/sektor/302?sector_id=K\""]"", ""content_sha256"": ""4bea1d4970ce01214473933c1201a74f0b40d0d8fbfa8e7e104087a64529d9d5"", ""semantic_status"": ""SOURCE_TABLE_ROW_NOT_AUTOMATICALLY_ENTITY""}]",SOURCE_TABLE_RECORD_NOT_GLOBAL_OR_UNIQUE_COMPANY_VERIFICATION
https://progress.market/en/securities-27/26,1,10,KONČAR - Mjerni transformatori d.d. za proizvodnju,KOTR2,DIRECTORY_RECORD_REVIEW,"{""Symbol"": ""KOTR2"", ""ISIN"": ""HRKOTRPA0003"", ""Name"": ""KONČAR - Mjerni transformatori d.d. za proizvodnju"", ""Sector"": ""CJ"", ""Listed Quantity"": ""54,264"", ""Nominal Value"": ""40.00 EUR"", ""Listing Date"": ""07/29/2019"", ""Delisting Date"": ""-""}","[{""work_id"": ""B05:832"", ""source_url"": ""https://progress.market/en/securities-27/26"", ""table"": ""1"", ""row"": ""10"", ""headers_json"": ""[\""Symbol\"", \""ISIN\"", \""Name\"", \""Sector\"", \""Listed Quantity\"", \""Nominal Value\"", \""Listing Date\"", \""Delisting Date\""]"", ""cells_json"": ""[\""KOTR2\"", \""HRKOTRPA0003\"", \""KONČAR - Mjerni transformatori d.d. za proizvodnju\"", \""CJ\"", \""54,264\"", \""40.00 EUR\"", \""07/29/2019\"", \""-\""]"", ""row_links_json"": ""[\""https://progress.market/en/sektor/302?sector_id=CJ\""]"", ""content_sha256"": ""4bea1d4970ce01214473933c1201a74f0b40d0d8fbfa8e7e104087a64529d9d5"", ""semantic_status"": ""SOURCE_TABLE_ROW_NOT_AUTOMATICALLY_ENTITY""}]",SOURCE_TABLE_RECORD_NOT_GLOBAL_OR_UNIQUE_COMPANY_VERIFICATION
https://progress.market/en/securities-27/26,1,11,LUX ULAGANJA d.d.,LULG,DIRECTORY_RECORD_REVIEW,"{""Symbol"": ""LULG"", ""ISIN"": ""HRLULGRA0003"", ""Name"": ""LUX ULAGANJA d.d."", ""Sector"": ""K"", ""Listed Quantity"": ""17,250"", ""Nominal Value"": ""1,200.00 HRK"", ""Listing Date"": ""05/20/2019"", ""Delisting Date"": ""06/30/2020""}","[{""work_id"": ""B05:832"", ""source_url"": ""https://progress.market/en/securities-27/26"", ""table"": ""1"", ""row"": ""11"", ""headers_json"": ""[\""Symbol\"", \""ISIN\"", \""Name\"", \""Sector\"", \""Listed Quantity\"", \""Nominal Value\"", \""Listing Date\"", \""Delisting Date\""]"", ""cells_json"": ""[\""LULG\"", \""HRLULGRA0003\"", \""LUX ULAGANJA d.d.\"", \""K\"", \""17,250\"", \""1,200.00 HRK\"", \""05/20/2019\"", \""06/30/2020\""]"", ""row_links_json"": ""[\""https://progress.market/en/sektor/302?sector_id=K\""]"", ""content_sha256"": ""4bea1d4970ce01214473933c1201a74f0b40d0d8fbfa8e7e104087a64529d9d5"", ""semantic_status"": ""SOURCE_TABLE_ROW_NOT_AUTOMATICALLY_ENTITY""}]",SOURCE_TABLE_RECORD_NOT_GLOBAL_OR_UNIQUE_COMPANY_VERIFICATION
https://progress.market/en/securities-27/26,1,12,NEXE GRUPA d.d.,NEXE,DIRECTORY_RECORD_REVIEW,"{""Symbol"": ""NEXE"", ""ISIN"": ""HRNEXERA0009"", ""Name"": ""NEXE GRUPA d.d."", ""Sector"": ""MA"", ""Listed Quantity"": ""9,463,780"", ""Nominal Value"": ""10.00 HRK"", ""Listing Date"": ""11/30/2018"", ""Delisting Date"": ""07/08/2021""}","[{""work_id"": ""B05:832"", ""source_url"": ""https://progress.market/en/securities-27/26"", ""table"": ""1"", ""row"": ""12"", ""headers_json"": ""[\""Symbol\"", \""ISIN\"", \""Name\"", \""Sector\"", \""Listed Quantity\"", \""Nominal Value\"", \""Listing Date\"", \""Delisting Date\""]"", ""cells_json"": ""[\""NEXE\"", \""HRNEXERA0009\"", \""NEXE GRUPA d.d.\"", \""MA\"", \""9,463,780\"", \""10.00 HRK\"", \""11/30/2018\"", \""07/08/2021\""]"", ""row_links_json"": ""[\""https://progress.market/en/sektor/302?sector_id=MA\""]"", ""content_sha256"": ""4bea1d4970ce01214473933c1201a74f0b40d0d8fbfa8e7e104087a64529d9d5"", ""semantic_status"": ""SOURCE_TABLE_ROW_NOT_AUTOMATICALLY_ENTITY""}]",SOURCE_TABLE_RECORD_NOT_GLOBAL_OR_UNIQUE_COMPANY_VERIFICATION
https://progress.market/en/securities-27/26,1,13,TVORNICA STOČNE HRANE d.d.,TSHC,DIRECTORY_RECORD_REVIEW,"{""Symbol"": ""TSHC"", ""ISIN"": ""HRTSHCRA0009"", ""Name"": ""TVORNICA STOČNE HRANE d.d."", ""Sector"": ""CA"", ""Listed Quantity"": ""13,551"", ""Nominal Value"": ""400.00 EUR"", ""Listing Date"": ""10/21/2019"", ""Delisting Date"": ""-""}","[{""work_id"": ""B05:832"", ""source_url"": ""https://progress.market/en/securities-27/26"", ""table"": ""1"", ""row"": ""13"", ""headers_json"": ""[\""Symbol\"", \""ISIN\"", \""Name\"", \""Sector\"", \""Listed Quantity\"", \""Nominal Value\"", \""Listing Date\"", \""Delisting Date\""]"", ""cells_json"": ""[\""TSHC\"", \""HRTSHCRA0009\"", \""TVORNICA STOČNE HRANE d.d.\"", \""CA\"", \""13,551\"", \""400.00 EUR\"", \""10/21/2019\"", \""-\""]"", ""row_links_json"": ""[\""https://progress.market/en/sektor/302?sector_id=CA\""]"", ""content_sha256"": ""4bea1d4970ce01214473933c1201a74f0b40d0d8fbfa8e7e104087a64529d9d5"", ""semantic_status"": ""SOURCE_TABLE_ROW_NOT_AUTOMATICALLY_ENTITY""}]",SOURCE_TABLE_RECORD_NOT_GLOBAL_OR_UNIQUE_COMPANY_VERIFICATION
https://cmda.gov.mv/en/staff-directory?category=43,1,2,Mohamed Ahmed,,DIRECTORY_RECORD_REVIEW,"{""Name"": ""Mohamed Ahmed"", ""Designation"": ""Chief Executive Officer"", ""Email Address"": ""[email protected]""}","[{""work_id"": ""B05:315"", ""source_url"": ""https://cmda.gov.mv/en/staff-directory?category=43"", ""table"": ""1"", ""row"": ""2"", ""headers_json"": ""[\""Name\"", \""Designation\"", \""Email Address\""]"", ""cells_json"": ""[\""Mohamed Ahmed\"", \""Chief Executive Officer\"", \""[email protected]\""]"", ""row_links_json"": ""[\""https://cmda.gov.mv/cdn-cgi/l/email-protection#0a696f654a69676e6b246d657c24677c\""]"", ""content_sha256"": ""379a37046ab365a851c8624bb77893219c76aaecc77a703174dc45ec55ebddca"", ""semantic_status"": ""SOURCE_TABLE_ROW_NOT_AUTOMATICALLY_ENTITY""}]",SOURCE_TABLE_RECORD_NOT_GLOBAL_OR_UNIQUE_COMPANY_VERIFICATION
https://cmda.gov.mv/en/staff-directory?category=43,1,3,Fathimath Abdulla Kamaaluddeen,,DIRECTORY_RECORD_REVIEW,"{""Name"": ""Fathimath Abdulla Kamaaluddeen"", ""Designation"": ""Deputy Chief Executive Officer"", ""Email Address"": ""[email protected]""}","[{""work_id"": ""B05:315"", ""source_url"": ""https://cmda.gov.mv/en/staff-directory?category=43"", ""table"": ""1"", ""row"": ""3"", ""headers_json"": ""[\""Name\"", \""Designation\"", \""Email Address\""]"", ""cells_json"": ""[\""Fathimath Abdulla Kamaaluddeen\"", \""Deputy Chief Executive Officer\"", \""[email protected]\""]"", ""row_links_json"": ""[\""https://cmda.gov.mv/cdn-cgi/l/email-protection#96f0b8fdf7fbf7fae3f2f3f3f8d6f5fbf2f7b8f1f9e0b8fbe0\""]"", ""content_sha256"": ""379a37046ab365a851c8624bb77893219c76aaecc77a703174dc45ec55ebddca"", ""semantic_status"": ""SOURCE_TABLE_ROW_NOT_AUTOMATICALLY_ENTITY""}]",SOURCE_TABLE_RECORD_NOT_GLOBAL_OR_UNIQUE_COMPANY_VERIFICATION
https://cmda.gov.mv/en/staff-directory?category=43,1,4,Ibrahim Saleem,,DIRECTORY_RECORD_REVIEW,"{""Name"": ""Ibrahim Saleem"", ""Designation"": ""Director General, Corporate Services"", ""Email Address"": ""[email protected]""}","[{""work_id"": ""B05:315"", ""source_url"": ""https://cmda.gov.mv/en/staff-directory?category=43"", ""table"": ""1"", ""row"": ""4"", ""headers_json"": ""[\""Name\"", \""Designation\"", \""Email Address\""]"", ""cells_json"": ""[\""Ibrahim Saleem\"", \""Director General, Corporate Services\"", \""[email protected]\""]"", ""row_links_json"": ""[\""https://cmda.gov.mv/cdn-cgi/l/email-protection#0d7e6c616868604d6e60696c236a627b23607b\""]"", ""content_sha256"": ""379a37046ab365a851c8624bb77893219c76aaecc77a703174dc45ec55ebddca"", ""semantic_status"": ""SOURCE_TABLE_ROW_NOT_AUTOMATICALLY_ENTITY""}]",SOURCE_TABLE_RECORD_NOT_GLOBAL_OR_UNIQUE_COMPANY_VERIFICATION
https://cmda.gov.mv/en/staff-directory?category=43,1,5,Aminath Mohamed Didi,,DIRECTORY_RECORD_REVIEW,"{""Name"": ""Aminath Mohamed Didi"", ""Designation"": ""Director General, Market Regulation and Enforcement Department"", ""Email Address"": ""[email protected]""}","[{""work_id"": ""B05:315"", ""source_url"": ""https://cmda.gov.mv/en/staff-directory?category=43"", ""table"": ""1"", ""row"": ""5"", ""headers_json"": ""[\""Name\"", \""Designation\"", \""Email Address\""]"", ""cells_json"": ""[\""Aminath Mohamed Didi\"", \""Director General, Market Regulation and Enforcement Department\"", \""[email protected]\""]"", ""row_links_json"": ""[\""https://cmda.gov.mv/cdn-cgi/l/email-protection#95f4fcfbe1fdd5f6f8f1f4bbf2fae3bbf8e3\""]"", ""content_sha256"": ""379a37046ab365a851c8624bb77893219c76aaecc77a703174dc45ec55ebddca"", ""semantic_status"": ""SOURCE_TABLE_ROW_NOT_AUTOMATICALLY_ENTITY""}]",SOURCE_TABLE_RECORD_NOT_GLOBAL_OR_UNIQUE_COMPANY_VERIFICATION
https://cmda.gov.mv/en/staff-directory?category=43,1,6,Muznee Mohamed,,DIRECTORY_RECORD_REVIEW,"{""Name"": ""Muznee Mohamed"", ""Designation"": ""Director General, Education and Training Department"", ""Email Address"": ""[email protected]""}","[{""work_id"": ""B05:315"", ""source_url"": ""https://cmda.gov.mv/en/staff-directory?category=43"", ""table"": ""1"", ""row"": ""6"", ""headers_json"": ""[\""Name\"", \""Designation\"", \""Email Address\""]"", ""cells_json"": ""[\""Muznee Mohamed\"", \""Director General, Education and Training Department\"", \""[email protected]\""]"", ""row_links_json"": ""[\""https://cmda.gov.mv/cdn-cgi/l/email-protection#771a020d19121237141a131659101801591a01\""]"", ""content_sha256"": ""379a37046ab365a851c8624bb77893219c76aaecc77a703174dc45ec55ebddca"", ""semantic_status"": ""SOURCE_TABLE_ROW_NOT_AUTOMATICALLY_ENTITY""}]",SOURCE_TABLE_RECORD_NOT_GLOBAL_OR_UNIQUE_COMPANY_VERIFICATION
https://cmda.gov.mv/en/staff-directory?category=43,1,7,Abdullah Zakariyya,,DIRECTORY_RECORD_REVIEW,"{""Name"": ""Abdullah Zakariyya"", ""Designation"": ""Director General , Pension Supervision Department"", ""Email Address"": ""[email protected]""}","[{""work_id"": ""B05:315"", ""source_url"": ""https://cmda.gov.mv/en/staff-directory?category=43"", ""table"": ""1"", ""row"": ""7"", ""headers_json"": ""[\""Name\"", \""Designation\"", \""Email Address\""]"", ""cells_json"": ""[\""Abdullah Zakariyya\"", \""Director General , Pension Supervision Department\"", \""[email protected]\""]"", ""row_links_json"": ""[\""https://cmda.gov.mv/cdn-cgi/l/email-protection#09686b6d7c6565686127736862687b60707068496a646d68276e667f27647f\""]"", ""content_sha256"": ""379a37046ab365a851c8624bb77893219c76aaecc77a703174dc45ec55ebddca"", ""semantic_status"": ""SOURCE_TABLE_ROW_NOT_AUTOMATICALLY_ENTITY""}]",SOURCE_TABLE_RECORD_NOT_GLOBAL_OR_UNIQUE_COMPANY_VERIFICATION
https://cmda.gov.mv/en/staff-directory?category=43,1,8,Hussain Nazeer,,DIRECTORY_RECORD_REVIEW,"{""Name"": ""Hussain Nazeer"", ""Designation"": ""Legal Counsel/Director General, Legal Department"", ""Email Address"": ""[email protected]""}","[{""work_id"": ""B05:315"", ""source_url"": ""https://cmda.gov.mv/en/staff-directory?category=43"", ""table"": ""1"", ""row"": ""8"", ""headers_json"": ""[\""Name\"", \""Designation\"", \""Email Address\""]"", ""cells_json"": ""[\""Hussain Nazeer\"", \""Legal Counsel/Director General, Legal Department\"", \""[email protected]\""]"", ""row_links_json"": ""[\""https://cmda.gov.mv/cdn-cgi/l/email-protection#3b534e48485a525515555a415e5e497b58565f5a155c544d15564d\""]"", ""content_sha256"": ""379a37046ab365a851c8624bb77893219c76aaecc77a703174dc45ec55ebddca"", ""semantic_status"": ""SOURCE_TABLE_ROW_NOT_AUTOMATICALLY_ENTITY""}]",SOURCE_TABLE_RECORD_NOT_GLOBAL_OR_UNIQUE_COMPANY_VERIFICATION
https://cmda.gov.mv/en/staff-directory?category=43,1,9,Ahmed Saimon Adam,,DIRECTORY_RECORD_REVIEW,"{""Name"": ""Ahmed Saimon Adam"", ""Designation"": ""Director General, Information Technology Department"", ""Email Address"": ""[email protected]""}","[{""work_id"": ""B05:315"", ""source_url"": ""https://cmda.gov.mv/en/staff-directory?category=43"", ""table"": ""1"", ""row"": ""9"", ""headers_json"": ""[\""Name\"", \""Designation\"", \""Email Address\""]"", ""cells_json"": ""[\""Ahmed Saimon Adam\"", \""Director General, Information Technology Department\"", \""[email protected]\""]"", ""row_links_json"": ""[\""https://cmda.gov.mv/cdn-cgi/l/email-protection#74151c1911105a07151d191b1a34171910155a131b025a1902\""]"", ""content_sha256"": ""379a37046ab365a851c8624bb77893219c76aaecc77a703174dc45ec55ebddca"", ""semantic_status"": ""SOURCE_TABLE_ROW_NOT_AUTOMATICALLY_ENTITY""}]",SOURCE_TABLE_RECORD_NOT_GLOBAL_OR_UNIQUE_COMPANY_VERIFICATION
https://cmda.gov.mv/en/staff-directory?category=43,1,10,Ismail Abdul Razzaq,,DIRECTORY_RECORD_REVIEW,"{""Name"": ""Ismail Abdul Razzaq"", ""Designation"": ""Senior Manager, Market Regulation and Enforcement Department"", ""Email Address"": ""[email protected]""}","[{""work_id"": ""B05:315"", ""source_url"": ""https://cmda.gov.mv/en/staff-directory?category=43"", ""table"": ""1"", ""row"": ""10"", ""headers_json"": ""[\""Name\"", \""Designation\"", \""Email Address\""]"", ""cells_json"": ""[\""Ismail Abdul Razzaq\"", \""Senior Manager, Market Regulation and Enforcement Department\"", \""[email protected]\""]"", ""row_links_json"": ""[\""https://cmda.gov.mv/cdn-cgi/l/email-protection#6f061c020e06032f0c020b0e41080019410219\""]"", ""content_sha256"": ""379a37046ab365a851c8624bb77893219c76aaecc77a703174dc45ec55ebddca"", ""semantic_status"": ""SOURCE_TABLE_ROW_NOT_AUTOMATICALLY_ENTITY""}]",SOURCE_TABLE_RECORD_NOT_GLOBAL_OR_UNIQUE_COMPANY_VERIFICATION
https://cmda.gov.mv/en/staff-directory?category=43,1,11,Azma,,DIRECTORY_RECORD_REVIEW,"{""Name"": ""Azma"", ""Designation"": ""Senior Manager , Information Technology Department"", ""Email Address"": ""[email protected]""}","[{""work_id"": ""B05:315"", ""source_url"": ""https://cmda.gov.mv/en/staff-directory?category=43"", ""table"": ""1"", ""row"": ""11"", ""headers_json"": ""[\""Name\"", \""Designation\"", \""Email Address\""]"", ""cells_json"": ""[\""Azma\"", \""Senior Manager , Information Technology Department\"", \""[email protected]\""]"", ""row_links_json"": ""[\""https://cmda.gov.mv/cdn-cgi/l/email-protection#2849524549684b454c49064f475e06455e\""]"", ""content_sha256"": ""379a37046ab365a851c8624bb77893219c76aaecc77a703174dc45ec55ebddca"", ""semantic_status"": ""SOURCE_TABLE_ROW_NOT_AUTOMATICALLY_ENTITY""}]",SOURCE_TABLE_RECORD_NOT_GLOBAL_OR_UNIQUE_COMPANY_VERIFICATION
https://cmda.gov.mv/en/staff-directory?category=43,1,12,Aishath Ibrahim,,DIRECTORY_RECORD_REVIEW,"{""Name"": ""Aishath Ibrahim"", ""Designation"": ""Senior Manager, Finance, Corporate Services"", ""Email Address"": ""[email protected]""}","[{""work_id"": ""B05:315"", ""source_url"": ""https://cmda.gov.mv/en/staff-directory?category=43"", ""table"": ""1"", ""row"": ""12"", ""headers_json"": ""[\""Name\"", \""Designation\"", \""Email Address\""]"", ""cells_json"": ""[\""Aishath Ibrahim\"", \""Senior Manager, Finance, Corporate Services\"", \""[email protected]\""]"", ""row_links_json"": ""[\""https://cmda.gov.mv/cdn-cgi/l/email-protection#3d5c544e555c7d5e50595c135a524b13504b\""]"", ""content_sha256"": ""379a37046ab365a851c8624bb77893219c76aaecc77a703174dc45ec55ebddca"", ""semantic_status"": ""SOURCE_TABLE_ROW_NOT_AUTOMATICALLY_ENTITY""}]",SOURCE_TABLE_RECORD_NOT_GLOBAL_OR_UNIQUE_COMPANY_VERIFICATION
https://cmda.gov.mv/en/staff-directory?category=43,1,13,Sara Mohamed,,DIRECTORY_RECORD_REVIEW,"{""Name"": ""Sara Mohamed"", ""Designation"": ""Senior Manager, Market Regulation and Enforcement Department"", ""Email Address"": ""[email protected]""}","[{""work_id"": ""B05:315"", ""source_url"": ""https://cmda.gov.mv/en/staff-directory?category=43"", ""table"": ""1"", ""row"": ""13"", ""headers_json"": ""[\""Name\"", \""Designation\"", \""Email Address\""]"", ""cells_json"": ""[\""Sara Mohamed\"", \""Senior Manager, Market Regulation and Enforcement Department\"", \""[email protected]\""]"", ""row_links_json"": ""[\""https://cmda.gov.mv/cdn-cgi/l/email-protection#d5a6b4a7b495b6b8b1b4fbb2baa3fbb8a3\""]"", ""content_sha256"": ""379a37046ab365a851c8624bb77893219c76aaecc77a703174dc45ec55ebddca"", ""semantic_status"": ""SOURCE_TABLE_ROW_NOT_AUTOMATICALLY_ENTITY""}]",SOURCE_TABLE_RECORD_NOT_GLOBAL_OR_UNIQUE_COMPANY_VERIFICATION
https://cmda.gov.mv/en/staff-directory?category=43,1,14,Ahmed Mahran,,DIRECTORY_RECORD_REVIEW,"{""Name"": ""Ahmed Mahran"", ""Designation"": ""Manager, Information Technology Department"", ""Email Address"": ""[email protected]""}","[{""work_id"": ""B05:315"", ""source_url"": ""https://cmda.gov.mv/en/staff-directory?category=43"", ""table"": ""1"", ""row"": ""14"", ""headers_json"": ""[\""Name\"", \""Designation\"", \""Email Address\""]"", ""cells_json"": ""[\""Ahmed Mahran\"", \""Manager, Information Technology Department\"", \""[email protected]\""]"", ""row_links_json"": ""[\""https://cmda.gov.mv/cdn-cgi/l/email-protection#2d404c455f4c436d4e40494c034a425b03405b\""]"", ""content_sha256"": ""379a37046ab365a851c8624bb77893219c76aaecc77a703174dc45ec55ebddca"", ""semantic_status"": ""SOURCE_TABLE_ROW_NOT_AUTOMATICALLY_ENTITY""}]",SOURCE_TABLE_RECORD_NOT_GLOBAL_OR_UNIQUE_COMPANY_VERIFICATION
https://cmda.gov.mv/en/staff-directory?category=43,1,15,Muslih Mohamed Ismail,,DIRECTORY_RECORD_REVIEW,"{""Name"": ""Muslih Mohamed Ismail"", ""Designation"": ""Manager, Market Development Department"", ""Email Address"": ""[email protected]""}","[{""work_id"": ""B05:315"", ""source_url"": ""https://cmda.gov.mv/en/staff-directory?category=43"", ""table"": ""1"", ""row"": ""15"", ""headers_json"": ""[\""Name\"", \""Designation\"", \""Email Address\""]"", ""cells_json"": ""[\""Muslih Mohamed Ismail\"", \""Manager, Market Development Department\"", \""[email protected]\""]"", ""row_links_json"": ""[\""https://cmda.gov.mv/cdn-cgi/l/email-protection#fa978f89969392ba99979e9bd49d958cd4978c\""]"", ""content_sha256"": ""379a37046ab365a851c8624bb77893219c76aaecc77a703174dc45ec55ebddca"", ""semantic_status"": ""SOURCE_TABLE_ROW_NOT_AUTOMATICALLY_ENTITY""}]",SOURCE_TABLE_RECORD_NOT_GLOBAL_OR_UNIQUE_COMPANY_VERIFICATION
https://cmda.gov.mv/en/staff-directory?category=43,1,16,As'ad Ahmed,,DIRECTORY_RECORD_REVIEW,"{""Name"": ""As'ad Ahmed"", ""Designation"": ""Manager, Market Development Department"", ""Email Address"": ""[email protected]""}","[{""work_id"": ""B05:315"", ""source_url"": ""https://cmda.gov.mv/en/staff-directory?category=43"", ""table"": ""1"", ""row"": ""16"", ""headers_json"": ""[\""Name\"", \""Designation\"", \""Email Address\""]"", ""cells_json"": ""[\""As'ad Ahmed\"", \""Manager, Market Development Department\"", \""[email protected]\""]"", ""row_links_json"": ""[\""https://cmda.gov.mv/cdn-cgi/l/email-protection#debfadbfbaf0bfb6b3bbba9ebdb3babff0b9b1a8f0b3a8\""]"", ""content_sha256"": ""379a37046ab365a851c8624bb77893219c76aaecc77a703174dc45ec55ebddca"", ""semantic_status"": ""SOURCE_TABLE_ROW_NOT_AUTOMATICALLY_ENTITY""}]",SOURCE_TABLE_RECORD_NOT_GLOBAL_OR_UNIQUE_COMPANY_VERIFICATION
https://cmda.gov.mv/en/staff-directory?category=43,1,17,Ahmed Arushadh,,DIRECTORY_RECORD_REVIEW,"{""Name"": ""Ahmed Arushadh"", ""Designation"": ""Deputy Manager , Market Regulation and Enforcement Department"", ""Email Address"": ""[email protected]""}","[{""work_id"": ""B05:315"", ""source_url"": ""https://cmda.gov.mv/en/staff-directory?category=43"", ""table"": ""1"", ""row"": ""17"", ""headers_json"": ""[\""Name\"", \""Designation\"", \""Email Address\""]"", ""cells_json"": ""[\""Ahmed Arushadh\"", \""Deputy Manager , Market Regulation and Enforcement Department\"", \""[email protected]\""]"", ""row_links_json"": ""[\""https://cmda.gov.mv/cdn-cgi/l/email-protection#cdaca5a0a8a9e3acbfb8bea5aca9a58daea0a9ace3aaa2bbe3a0bb\""]"", ""content_sha256"": ""379a37046ab365a851c8624bb77893219c76aaecc77a703174dc45ec55ebddca"", ""semantic_status"": ""SOURCE_TABLE_ROW_NOT_AUTOMATICALLY_ENTITY""}]",SOURCE_TABLE_RECORD_NOT_GLOBAL_OR_UNIQUE_COMPANY_VERIFICATION
https://cmda.gov.mv/en/staff-directory?category=43,1,18,Aishath Najaath Moosa,,DIRECTORY_RECORD_REVIEW,"{""Name"": ""Aishath Najaath Moosa"", ""Designation"": ""Manager, Pension Supervision Department"", ""Email Address"": ""[email protected]""}","[{""work_id"": ""B05:315"", ""source_url"": ""https://cmda.gov.mv/en/staff-directory?category=43"", ""table"": ""1"", ""row"": ""18"", ""headers_json"": ""[\""Name\"", \""Designation\"", \""Email Address\""]"", ""cells_json"": ""[\""Aishath Najaath Moosa\"", \""Manager, Pension Supervision Department\"", \""[email protected]\""]"", ""row_links_json"": ""[\""https://cmda.gov.mv/cdn-cgi/l/email-protection#caaba3b9a2abbea2e4a4aba0ababbea28aa9a7aeabe4ada5bce4a7bc\""]"", ""content_sha256"": ""379a37046ab365a851c8624bb77893219c76aaecc77a703174dc45ec55ebddca"", ""semantic_status"": ""SOURCE_TABLE_ROW_NOT_AUTOMATICALLY_ENTITY""}]",SOURCE_TABLE_RECORD_NOT_GLOBAL_OR_UNIQUE_COMPANY_VERIFICATION
https://cmda.gov.mv/en/staff-directory?category=43,1,19,Fathimath Najudha,,DIRECTORY_RECORD_REVIEW,"{""Name"": ""Fathimath Najudha"", ""Designation"": ""Deputy Legal Counsel, Legal Department"", ""Email Address"": ""[email protected]""}","[{""work_id"": ""B05:315"", ""source_url"": ""https://cmda.gov.mv/en/staff-directory?category=43"", ""table"": ""1"", ""row"": ""19"", ""headers_json"": ""[\""Name\"", \""Designation\"", \""Email Address\""]"", ""cells_json"": ""[\""Fathimath Najudha\"", \""Deputy Legal Counsel, Legal Department\"", \""[email protected]\""]"", ""row_links_json"": ""[\""https://cmda.gov.mv/cdn-cgi/l/email-protection#7c1a1d081415111d081452121d160918141d3c1f11181d521b130a52110a\""]"", ""content_sha256"": ""379a37046ab365a851c8624bb77893219c76aaecc77a703174dc45ec55ebddca"", ""semantic_status"": ""SOURCE_TABLE_ROW_NOT_AUTOMATICALLY_ENTITY""}]",SOURCE_TABLE_RECORD_NOT_GLOBAL_OR_UNIQUE_COMPANY_VERIFICATION
https://cmda.gov.mv/en/staff-directory?category=43,1,20,Aishath Rasheeda,,DIRECTORY_RECORD_REVIEW,"{""Name"": ""Aishath Rasheeda"", ""Designation"": ""Deputy Manager, Education and Training Department"", ""Email Address"": ""[email protected]""}","[{""work_id"": ""B05:315"", ""source_url"": ""https://cmda.gov.mv/en/staff-directory?category=43"", ""table"": ""1"", ""row"": ""20"", ""headers_json"": ""[\""Name\"", \""Designation\"", \""Email Address\""]"", ""cells_json"": ""[\""Aishath Rasheeda\"", \""Deputy Manager, Education and Training Department\"", \""[email protected]\""]"", ""row_links_json"": ""[\""https://cmda.gov.mv/cdn-cgi/l/email-protection#91f0f8e2f9f0e5f9bfe3f0e2f9f4f4f5f0d1f2fcf5f0bff6fee7bffce7\""]"", ""content_sha256"": ""379a37046ab365a851c8624bb77893219c76aaecc77a703174dc45ec55ebddca"", ""semantic_status"": ""SOURCE_TABLE_ROW_NOT_AUTOMATICALLY_ENTITY""}]",SOURCE_TABLE_RECORD_NOT_GLOBAL_OR_UNIQUE_COMPANY_VERIFICATION
https://cmda.gov.mv/en/staff-directory?category=43,1,21,Fathimath Abdul Kareem,,DIRECTORY_RECORD_REVIEW,"{""Name"": ""Fathimath Abdul Kareem"", ""Designation"": ""Deputy Manager, Admin, Corporate Services"", ""Email Address"": ""[email protected]""}","[{""work_id"": ""B05:315"", ""source_url"": ""https://cmda.gov.mv/en/staff-directory?category=43"", ""table"": ""1"", ""row"": ""21"", ""headers_json"": ""[\""Name\"", \""Designation\"", \""Email Address\""]"", ""cells_json"": ""[\""Fathimath Abdul Kareem\"", \""Deputy Manager, Admin, Corporate Services\"", \""[email protected]\""]"", ""row_links_json"": ""[\""https://cmda.gov.mv/cdn-cgi/l/email-protection#7e181f0a16131f0a163e1d131a1f50191108501308\""]"", ""content_sha256"": ""379a37046ab365a851c8624bb77893219c76aaecc77a703174dc45ec55ebddca"", ""semantic_status"": ""SOURCE_TABLE_ROW_NOT_AUTOMATICALLY_ENTITY""}]",SOURCE_TABLE_RECORD_NOT_GLOBAL_OR_UNIQUE_COMPANY_VERIFICATION
https://cmda.gov.mv/en/staff-directory?category=43,1,22,Yasmeen Saeed,,DIRECTORY_RECORD_REVIEW,"{""Name"": ""Yasmeen Saeed"", ""Designation"": ""Deputy Manager, CEO Bureau"", ""Email Address"": ""[email protected]""}","[{""work_id"": ""B05:315"", ""source_url"": ""https://cmda.gov.mv/en/staff-directory?category=43"", ""table"": ""1"", ""row"": ""22"", ""headers_json"": ""[\""Name\"", \""Designation\"", \""Email Address\""]"", ""cells_json"": ""[\""Yasmeen Saeed\"", \""Deputy Manager, CEO Bureau\"", \""[email protected]\""]"", ""row_links_json"": ""[\""https://cmda.gov.mv/cdn-cgi/l/email-protection#176e76647a72727939647672727357747a737639707861397a61\""]"", ""content_sha256"": ""379a37046ab365a851c8624bb77893219c76aaecc77a703174dc45ec55ebddca"", ""semantic_status"": ""SOURCE_TABLE_ROW_NOT_AUTOMATICALLY_ENTITY""}]",SOURCE_TABLE_RECORD_NOT_GLOBAL_OR_UNIQUE_COMPANY_VERIFICATION
https://cmda.gov.mv/en/staff-directory?category=43,1,23,Mohamed Shaf'aan Sulaimaan,,DIRECTORY_RECORD_REVIEW,"{""Name"": ""Mohamed Shaf'aan Sulaimaan"", ""Designation"": ""Deputy Manager, Pension Supervision Department"", ""Email Address"": ""[email protected]""}","[{""work_id"": ""B05:315"", ""source_url"": ""https://cmda.gov.mv/en/staff-directory?category=43"", ""table"": ""1"", ""row"": ""23"", ""headers_json"": ""[\""Name\"", \""Designation\"", \""Email Address\""]"", ""cells_json"": ""[\""Mohamed Shaf'aan Sulaimaan\"", \""Deputy Manager, Pension Supervision Department\"", \""[email protected]\""]"", ""row_links_json"": ""[\""https://cmda.gov.mv/cdn-cgi/l/email-protection#e4898b8c85898180ca978c858285858aa487898085ca838b92ca8992\""]"", ""content_sha256"": ""379a37046ab365a851c8624bb77893219c76aaecc77a703174dc45ec55ebddca"", ""semantic_status"": ""SOURCE_TABLE_ROW_NOT_AUTOMATICALLY_ENTITY""}]",SOURCE_TABLE_RECORD_NOT_GLOBAL_OR_UNIQUE_COMPANY_VERIFICATION
https://cmda.gov.mv/en/staff-directory?category=43,1,24,Mohamed Sham Abdulla Shareef,,DIRECTORY_RECORD_REVIEW,"{""Name"": ""Mohamed Sham Abdulla Shareef"", ""Designation"": ""Assistant Manager, CEO Bureau"", ""Email Address"": ""[email protected]""}","[{""work_id"": ""B05:315"", ""source_url"": ""https://cmda.gov.mv/en/staff-directory?category=43"", ""table"": ""1"", ""row"": ""24"", ""headers_json"": ""[\""Name\"", \""Designation\"", \""Email Address\""]"", ""cells_json"": ""[\""Mohamed Sham Abdulla Shareef\"", \""Assistant Manager, CEO Bureau\"", \""[email protected]\""]"", ""row_links_json"": ""[\""https://cmda.gov.mv/cdn-cgi/l/email-protection#98f5f7f0f9f5fdfcb6ebf0f9f5d8fbf5fcf9b6fff7eeb6f5ee\""]"", ""content_sha256"": ""379a37046ab365a851c8624bb77893219c76aaecc77a703174dc45ec55ebddca"", ""semantic_status"": ""SOURCE_TABLE_ROW_NOT_AUTOMATICALLY_ENTITY""}]",SOURCE_TABLE_RECORD_NOT_GLOBAL_OR_UNIQUE_COMPANY_VERIFICATION
https://cmda.gov.mv/en/staff-directory?category=43,1,25,Ajwad,,DIRECTORY_RECORD_REVIEW,"{""Name"": ""Ajwad"", ""Designation"": ""Assistant Manager , Education and Training Department"", ""Email Address"": ""[email protected]""}","[{""work_id"": ""B05:315"", ""source_url"": ""https://cmda.gov.mv/en/staff-directory?category=43"", ""table"": ""1"", ""row"": ""25"", ""headers_json"": ""[\""Name\"", \""Designation\"", \""Email Address\""]"", ""cells_json"": ""[\""Ajwad\"", \""Assistant Manager , Education and Training Department\"", \""[email protected]\""]"", ""row_links_json"": ""[\""https://cmda.gov.mv/cdn-cgi/l/email-protection#5332392432372913303e37327d343c257d3e25\""]"", ""content_sha256"": ""379a37046ab365a851c8624bb77893219c76aaecc77a703174dc45ec55ebddca"", ""semantic_status"": ""SOURCE_TABLE_ROW_NOT_AUTOMATICALLY_ENTITY""}]",SOURCE_TABLE_RECORD_NOT_GLOBAL_OR_UNIQUE_COMPANY_VERIFICATION
https://cmda.gov.mv/en/staff-directory?category=43,1,26,Saffa Ibrahim,,DIRECTORY_RECORD_REVIEW,"{""Name"": ""Saffa Ibrahim"", ""Designation"": ""Assistant Manager, HR, Corporate Services"", ""Email Address"": ""[email protected]""}","[{""work_id"": ""B05:315"", ""source_url"": ""https://cmda.gov.mv/en/staff-directory?category=43"", ""table"": ""1"", ""row"": ""26"", ""headers_json"": ""[\""Name\"", \""Designation\"", \""Email Address\""]"", ""cells_json"": ""[\""Saffa Ibrahim\"", \""Assistant Manager, HR, Corporate Services\"", \""[email protected]\""]"", ""row_links_json"": ""[\""https://cmda.gov.mv/cdn-cgi/l/email-protection#c9baa8afafa8e7a0abbba8a1a0a489aaa4ada8e7aea6bfe7a4bf\""]"", ""content_sha256"": ""379a37046ab365a851c8624bb77893219c76aaecc77a703174dc45ec55ebddca"", ""semantic_status"": ""SOURCE_TABLE_ROW_NOT_AUTOMATICALLY_ENTITY""}]",SOURCE_TABLE_RECORD_NOT_GLOBAL_OR_UNIQUE_COMPANY_VERIFICATION
https://cmda.gov.mv/en/staff-directory?category=43,1,27,Fathmath Shudhuha,,DIRECTORY_RECORD_REVIEW,"{""Name"": ""Fathmath Shudhuha"", ""Designation"": ""Assistant Manager, Market Development Department"", ""Email Address"": ""[email protected]""}","[{""work_id"": ""B05:315"", ""source_url"": ""https://cmda.gov.mv/en/staff-directory?category=43"", ""table"": ""1"", ""row"": ""27"", ""headers_json"": ""[\""Name\"", \""Designation\"", \""Email Address\""]"", ""cells_json"": ""[\""Fathmath Shudhuha\"", \""Assistant Manager, Market Development Department\"", \""[email protected]\""]"", ""row_links_json"": ""[\""https://cmda.gov.mv/cdn-cgi/l/email-protection#781e190c1015190c10560b100d1c100d1019381b151c19561f170e56150e\""]"", ""content_sha256"": ""379a37046ab365a851c8624bb77893219c76aaecc77a703174dc45ec55ebddca"", ""semantic_status"": ""SOURCE_TABLE_ROW_NOT_AUTOMATICALLY_ENTITY""}]",SOURCE_TABLE_RECORD_NOT_GLOBAL_OR_UNIQUE_COMPANY_VERIFICATION
https://cmda.gov.mv/en/staff-directory?category=43,1,28,Raiha Ali Riyaz,,DIRECTORY_RECORD_REVIEW,"{""Name"": ""Raiha Ali Riyaz"", ""Designation"": ""Assistant Manager, Education and Training Department"", ""Email Address"": ""[email protected]""}","[{""work_id"": ""B05:315"", ""source_url"": ""https://cmda.gov.mv/en/staff-directory?category=43"", ""table"": ""1"", ""row"": ""28"", ""headers_json"": ""[\""Name\"", \""Designation\"", \""Email Address\""]"", ""cells_json"": ""[\""Raiha Ali Riyaz\"", \""Assistant Manager, Education and Training Department\"", \""[email protected]\""]"", ""row_links_json"": ""[\""https://cmda.gov.mv/cdn-cgi/l/email-protection#f18390989990df909d98b1929c9590df969e87df9c87\""]"", ""content_sha256"": ""379a37046ab365a851c8624bb77893219c76aaecc77a703174dc45ec55ebddca"", ""semantic_status"": ""SOURCE_TABLE_ROW_NOT_AUTOMATICALLY_ENTITY""}]",SOURCE_TABLE_RECORD_NOT_GLOBAL_OR_UNIQUE_COMPANY_VERIFICATION
https://cmda.gov.mv/en/staff-directory?category=43,1,29,Mohamed Jaushan Ibrahim,,DIRECTORY_RECORD_REVIEW,"{""Name"": ""Mohamed Jaushan Ibrahim"", ""Designation"": ""Assistant Manager, Information Technology Department"", ""Email Address"": ""[email protected]""}","[{""work_id"": ""B05:315"", ""source_url"": ""https://cmda.gov.mv/en/staff-directory?category=43"", ""table"": ""1"", ""row"": ""29"", ""headers_json"": ""[\""Name\"", \""Designation\"", \""Email Address\""]"", ""cells_json"": ""[\""Mohamed Jaushan Ibrahim\"", \""Assistant Manager, Information Technology Department\"", \""[email protected]\""]"", ""row_links_json"": ""[\""https://cmda.gov.mv/cdn-cgi/l/email-protection#2944464148444c4d0743485c5a414847694a444d48074e465f07445f\""]"", ""content_sha256"": ""379a37046ab365a851c8624bb77893219c76aaecc77a703174dc45ec55ebddca"", ""semantic_status"": ""SOURCE_TABLE_ROW_NOT_AUTOMATICALLY_ENTITY""}]",SOURCE_TABLE_RECORD_NOT_GLOBAL_OR_UNIQUE_COMPANY_VERIFICATION
https://cmda.gov.mv/en/staff-directory?category=43,1,30,Fathimath Nuhaa,,DIRECTORY_RECORD_REVIEW,"{""Name"": ""Fathimath Nuhaa"", ""Designation"": ""Assistant Manager, Education and Training Department"", ""Email Address"": ""[email protected]""}","[{""work_id"": ""B05:315"", ""source_url"": ""https://cmda.gov.mv/en/staff-directory?category=43"", ""table"": ""1"", ""row"": ""30"", ""headers_json"": ""[\""Name\"", \""Designation\"", \""Email Address\""]"", ""cells_json"": ""[\""Fathimath Nuhaa\"", \""Assistant Manager, Education and Training Department\"", \""[email protected]\""]"", ""row_links_json"": ""[\""https://cmda.gov.mv/cdn-cgi/l/email-protection#bfd9decbd7d6d2decbd791d1cad7dedeffdcd2dbde91d8d0c991d2c9\""]"", ""content_sha256"": ""379a37046ab365a851c8624bb77893219c76aaecc77a703174dc45ec55ebddca"", ""semantic_status"": ""SOURCE_TABLE_ROW_NOT_AUTOMATICALLY_ENTITY""}]",SOURCE_TABLE_RECORD_NOT_GLOBAL_OR_UNIQUE_COMPANY_VERIFICATION
https://cmda.gov.mv/en/staff-directory?category=43,1,31,Shazufa Mohamed,,DIRECTORY_RECORD_REVIEW,"{""Name"": ""Shazufa Mohamed"", ""Designation"": ""Senior Officer, Finance, Corporate Services"", ""Email Address"": ""[email protected]""}","[{""work_id"": ""B05:315"", ""source_url"": ""https://cmda.gov.mv/en/staff-directory?category=43"", ""table"": ""1"", ""row"": ""31"", ""headers_json"": ""[\""Name\"", \""Designation\"", \""Email Address\""]"", ""cells_json"": ""[\""Shazufa Mohamed\"", \""Senior Officer, Finance, Corporate Services\"", \""[email protected]\""]"", ""row_links_json"": ""[\""https://cmda.gov.mv/cdn-cgi/l/email-protection#89fae1e8f3fcefe8a7e4e6e1e8e4ecedc9eae4ede8a7eee6ffa7e4ff\""]"", ""content_sha256"": ""379a37046ab365a851c8624bb77893219c76aaecc77a703174dc45ec55ebddca"", ""semantic_status"": ""SOURCE_TABLE_ROW_NOT_AUTOMATICALLY_ENTITY""}]",SOURCE_TABLE_RECORD_NOT_GLOBAL_OR_UNIQUE_COMPANY_VERIFICATION
https://cmda.gov.mv/en/staff-directory?category=43,1,32,Aminath Shiuny Saeed,,DIRECTORY_RECORD_REVIEW,"{""Name"": ""Aminath Shiuny Saeed"", ""Designation"": ""Senior Officer, Admin, Corporate Services"", ""Email Address"": ""[email protected]""}","[{""work_id"": ""B05:315"", ""source_url"": ""https://cmda.gov.mv/en/staff-directory?category=43"", ""table"": ""1"", ""row"": ""32"", ""headers_json"": ""[\""Name\"", \""Designation\"", \""Email Address\""]"", ""cells_json"": ""[\""Aminath Shiuny Saeed\"", \""Senior Officer, Admin, Corporate Services\"", \""[email protected]\""]"", ""row_links_json"": ""[\""https://cmda.gov.mv/cdn-cgi/l/email-protection#c3b0abaab6adba83a0aea7a2eda4acb5edaeb5\""]"", ""content_sha256"": ""379a37046ab365a851c8624bb77893219c76aaecc77a703174dc45ec55ebddca"", ""semantic_status"": ""SOURCE_TABLE_ROW_NOT_AUTOMATICALLY_ENTITY""}]",SOURCE_TABLE_RECORD_NOT_GLOBAL_OR_UNIQUE_COMPANY_VERIFICATION
https://cmda.gov.mv/en/staff-directory?category=43,1,33,Mariyam Adheela,,DIRECTORY_RECORD_REVIEW,"{""Name"": ""Mariyam Adheela"", ""Designation"": ""Senior Officer, HR, Corporate Services"", ""Email Address"": ""[email protected]""}","[{""work_id"": ""B05:315"", ""source_url"": ""https://cmda.gov.mv/en/staff-directory?category=43"", ""table"": ""1"", ""row"": ""33"", ""headers_json"": ""[\""Name\"", \""Designation\"", \""Email Address\""]"", ""cells_json"": ""[\""Mariyam Adheela\"", \""Senior Officer, HR, Corporate Services\"", \""[email protected]\""]"", ""row_links_json"": ""[\""https://cmda.gov.mv/cdn-cgi/l/email-protection#046965766d7d65692a65606c6161686544676960652a636b722a6972\""]"", ""content_sha256"": ""379a37046ab365a851c8624bb77893219c76aaecc77a703174dc45ec55ebddca"", ""semantic_status"": ""SOURCE_TABLE_ROW_NOT_AUTOMATICALLY_ENTITY""}]",SOURCE_TABLE_RECORD_NOT_GLOBAL_OR_UNIQUE_COMPANY_VERIFICATION
https://cmda.gov.mv/en/staff-directory?category=43,1,34,Aishath Leen Mausoom,,DIRECTORY_RECORD_REVIEW,"{""Name"": ""Aishath Leen Mausoom"", ""Designation"": ""Senior Officer, Finance, Corporate Services"", ""Email Address"": ""[email protected]""}","[{""work_id"": ""B05:315"", ""source_url"": ""https://cmda.gov.mv/en/staff-directory?category=43"", ""table"": ""1"", ""row"": ""34"", ""headers_json"": ""[\""Name\"", \""Designation\"", \""Email Address\""]"", ""cells_json"": ""[\""Aishath Leen Mausoom\"", \""Senior Officer, Finance, Corporate Services\"", \""[email protected]\""]"", ""row_links_json"": ""[\""https://cmda.gov.mv/cdn-cgi/l/email-protection#adccc4dec5ccd9c583c1c8c8c3edcec0c9cc83cac2db83c0db\""]"", ""content_sha256"": ""379a37046ab365a851c8624bb77893219c76aaecc77a703174dc45ec55ebddca"", ""semantic_status"": ""SOURCE_TABLE_ROW_NOT_AUTOMATICALLY_ENTITY""}]",SOURCE_TABLE_RECORD_NOT_GLOBAL_OR_UNIQUE_COMPANY_VERIFICATION
https://cmda.gov.mv/en/staff-directory?category=43,1,35,Mariyam Aboobakuru,,DIRECTORY_RECORD_REVIEW,"{""Name"": ""Mariyam Aboobakuru"", ""Designation"": ""Support Staff, Admin, Corporate Services"", ""Email Address"": ""[email protected]""}","[{""work_id"": ""B05:315"", ""source_url"": ""https://cmda.gov.mv/en/staff-directory?category=43"", ""table"": ""1"", ""row"": ""35"", ""headers_json"": ""[\""Name\"", \""Designation\"", \""Email Address\""]"", ""cells_json"": ""[\""Mariyam Aboobakuru\"", \""Support Staff, Admin, Corporate Services\"", \""[email protected]\""]"", ""row_links_json"": ""[\""https://cmda.gov.mv/cdn-cgi/l/email-protection#4b262a3922322a26652a292424292a203e393e0b28262f2a652c243d65263d\""]"", ""content_sha256"": ""379a37046ab365a851c8624bb77893219c76aaecc77a703174dc45ec55ebddca"", ""semantic_status"": ""SOURCE_TABLE_ROW_NOT_AUTOMATICALLY_ENTITY""}]",SOURCE_TABLE_RECORD_NOT_GLOBAL_OR_UNIQUE_COMPANY_VERIFICATION
https://cmda.gov.mv/en/staff-directory?category=43,1,36,Dhiyana Mohamed,,DIRECTORY_RECORD_REVIEW,"{""Name"": ""Dhiyana Mohamed"", ""Designation"": ""Support Staff, Admin, Corporate Services"", ""Email Address"": ""[email protected]""}","[{""work_id"": ""B05:315"", ""source_url"": ""https://cmda.gov.mv/en/staff-directory?category=43"", ""table"": ""1"", ""row"": ""36"", ""headers_json"": ""[\""Name\"", \""Designation\"", \""Email Address\""]"", ""cells_json"": ""[\""Dhiyana Mohamed\"", \""Support Staff, Admin, Corporate Services\"", \""[email protected]\""]"", ""row_links_json"": ""[\""https://cmda.gov.mv/cdn-cgi/l/email-protection#395d5150405857581754565158545c5d795a545d58175e564f17544f\""]"", ""content_sha256"": ""379a37046ab365a851c8624bb77893219c76aaecc77a703174dc45ec55ebddca"", ""semantic_status"": ""SOURCE_TABLE_ROW_NOT_AUTOMATICALLY_ENTITY""}]",SOURCE_TABLE_RECORD_NOT_GLOBAL_OR_UNIQUE_COMPANY_VERIFICATION
https://www.nsx.com.au/marketdata/delisted-suspended/,1,2,,8EP,DELISTED_OR_SUSPENDED_SOURCE_RECORD,"{""Code"": ""8EP"", ""Security Name"": ""E-Plus Limited - FPO"", ""Suspended Date"": ""04-Apr-2024;20240404""}","[{""work_id"": ""B05:3763"", ""source_url"": ""https://www.nsx.com.au/marketdata/delisted-suspended/"", ""table"": ""1"", ""row"": ""2"", ""headers_json"": ""[\""Code\"", \""Security Name\"", \""Suspended Date\""]"", ""cells_json"": ""[\""8EP\"", \""E-Plus Limited - FPO\"", \""04-Apr-2024;20240404\""]"", ""row_links_json"": ""[\""https://www.nsx.com.au/summary/8EP\""]"", ""content_sha256"": ""ccca31c77abbab701f2ffb8c7d49a699a58a446d1429ee5f829cce9293fcfb78"", ""semantic_status"": ""SOURCE_TABLE_ROW_NOT_AUTOMATICALLY_ENTITY""}]",SOURCE_TABLE_RECORD_NOT_GLOBAL_OR_UNIQUE_COMPANY_VERIFICATION
https://www.nsx.com.au/marketdata/delisted-suspended/,1,3,,A2H,DELISTED_OR_SUSPENDED_SOURCE_RECORD,"{""Code"": ""A2H"", ""Security Name"": ""Anti-Aging House Holding Limited - CDI"", ""Suspended Date"": ""17-Sep-2025;20250917""}","[{""work_id"": ""B05:3763"", ""source_url"": ""https://www.nsx.com.au/marketdata/delisted-suspended/"", ""table"": ""1"", ""row"": ""3"", ""headers_json"": ""[\""Code\"", \""Security Name\"", \""Suspended Date\""]"", ""cells_json"": ""[\""A2H\"", \""Anti-Aging House Holding Limited - CDI\"", \""17-Sep-2025;20250917\""]"", ""row_links_json"": ""[\""https://www.nsx.com.au/summary/A2H\""]"", ""content_sha256"": ""ccca31c77abbab701f2ffb8c7d49a699a58a446d1429ee5f829cce9293fcfb78"", ""semantic_status"": ""SOURCE_TABLE_ROW_NOT_AUTOMATICALLY_ENTITY""}]",SOURCE_TABLE_RECORD_NOT_GLOBAL_OR_UNIQUE_COMPANY_VERIFICATION
https://www.nsx.com.au/marketdata/delisted-suspended/,1,4,,A88,DELISTED_OR_SUSPENDED_SOURCE_RECORD,"{""Code"": ""A88"", ""Security Name"": ""AdvanceTC Limited - FPO"", ""Suspended Date"": ""03-Apr-2025;20250403""}","[{""work_id"": ""B05:3763"", ""source_url"": ""https://www.nsx.com.au/marketdata/delisted-suspended/"", ""table"": ""1"", ""row"": ""4"", ""headers_json"": ""[\""Code\"", \""Security Name\"", \""Suspended Date\""]"", ""cells_json"": ""[\""A88\"", \""AdvanceTC Limited - FPO\"", \""03-Apr-2025;20250403\""]"", ""row_links_json"": ""[\""https://www.nsx.com.au/summary/A88\""]"", ""content_sha256"": ""ccca31c77abbab701f2ffb8c7d49a699a58a446d1429ee5f829cce9293fcfb78"", ""semantic_status"": ""SOURCE_TABLE_ROW_NOT_AUTOMATICALLY_ENTITY""}]",SOURCE_TABLE_RECORD_NOT_GLOBAL_OR_UNIQUE_COMPANY_VERIFICATION
https://www.nsx.com.au/marketdata/delisted-suspended/,1,5,,ACT,DELISTED_OR_SUSPENDED_SOURCE_RECORD,"{""Code"": ""ACT"", ""Security Name"": ""Actcelerate International Group Limited - FPO"", ""Suspended Date"": ""18-Sep-2024;20240918""}","[{""work_id"": ""B05:3763"", ""source_url"": ""https://www.nsx.com.au/marketdata/delisted-suspended/"", ""table"": ""1"", ""row"": ""5"", ""headers_json"": ""[\""Code\"", \""Security Name\"", \""Suspended Date\""]"", ""cells_json"": ""[\""ACT\"", \""Actcelerate International Group Limited - FPO\"", \""18-Sep-2024;20240918\""]"", ""row_links_json"": ""[\""https://www.nsx.com.au/summary/ACT\""]"", ""content_sha256"": ""ccca31c77abbab701f2ffb8c7d49a699a58a446d1429ee5f829cce9293fcfb78"", ""semantic_status"": ""SOURCE_TABLE_ROW_NOT_AUTOMATICALLY_ENTITY""}]",SOURCE_TABLE_RECORD_NOT_GLOBAL_OR_UNIQUE_COMPANY_VERIFICATION
https://www.nsx.com.au/marketdata/delisted-suspended/,1,6,,KEM,DELISTED_OR_SUSPENDED_SOURCE_RECORD,"{""Code"": ""KEM"", ""Security Name"": ""Kemao Industries Limited - FPO"", ""Suspended Date"": ""17-Sep-2025;20250917""}","[{""work_id"": ""B05:3763"", ""source_url"": ""https://www.nsx.com.au/marketdata/delisted-suspended/"", ""table"": ""1"", ""row"": ""6"", ""headers_json"": ""[\""Code\"", \""Security Name\"", \""Suspended Date\""]"", ""cells_json"": ""[\""KEM\"", \""Kemao Industries Limited - FPO\"", \""17-Sep-2025;20250917\""]"", ""row_links_json"": ""[\""https://www.nsx.com.au/summary/KEM\""]"", ""content_sha256"": ""ccca31c77abbab701f2ffb8c7d49a699a58a446d1429ee5f829cce9293fcfb78"", ""semantic_status"": ""SOURCE_TABLE_ROW_NOT_AUTOMATICALLY_ENTITY""}]",SOURCE_TABLE_RECORD_NOT_GLOBAL_OR_UNIQUE_COMPANY_VERIFICATION
https://www.nsx.com.au/marketdata/delisted-suspended/,1,7,,PYX,DELISTED_OR_SUSPENDED_SOURCE_RECORD,"{""Code"": ""PYX"", ""Security Name"": ""Pyx Resources Limited - FPO"", ""Suspended Date"": ""19-Mar-2026;20260319""}","[{""work_id"": ""B05:3763"", ""source_url"": ""https://www.nsx.com.au/marketdata/delisted-suspended/"", ""table"": ""1"", ""row"": ""7"", ""headers_json"": ""[\""Code\"", \""Security Name\"", \""Suspended Date\""]"", ""cells_json"": ""[\""PYX\"", \""Pyx Resources Limited - FPO\"", \""19-Mar-2026;20260319\""]"", ""row_links_json"": ""[\""https://www.nsx.com.au/summary/PYX\""]"", ""content_sha256"": ""ccca31c77abbab701f2ffb8c7d49a699a58a446d1429ee5f829cce9293fcfb78"", ""semantic_status"": ""SOURCE_TABLE_ROW_NOT_AUTOMATICALLY_ENTITY""}]",SOURCE_TABLE_RECORD_NOT_GLOBAL_OR_UNIQUE_COMPANY_VERIFICATION
https://www.nsx.com.au/marketdata/delisted-suspended/,1,8,,VIP,DELISTED_OR_SUSPENDED_SOURCE_RECORD,"{""Code"": ""VIP"", ""Security Name"": ""VIP Gloves Ltd"", ""Suspended Date"": ""03-Oct-2025;20251003""}","[{""work_id"": ""B05:3763"", ""source_url"": ""https://www.nsx.com.au/marketdata/delisted-suspended/"", ""table"": ""1"", ""row"": ""8"", ""headers_json"": ""[\""Code\"", \""Security Name\"", \""Suspended Date\""]"", ""cells_json"": ""[\""VIP\"", \""VIP Gloves Ltd\"", \""03-Oct-2025;20251003\""]"", ""row_links_json"": ""[\""https://www.nsx.com.au/summary/VIP\""]"", ""content_sha256"": ""ccca31c77abbab701f2ffb8c7d49a699a58a446d1429ee5f829cce9293fcfb78"", ""semantic_status"": ""SOURCE_TABLE_ROW_NOT_AUTOMATICALLY_ENTITY""}]",SOURCE_TABLE_RECORD_NOT_GLOBAL_OR_UNIQUE_COMPANY_VERIFICATION
https://www.nsx.com.au/marketdata/delisted-suspended/,2,2,,789,DELISTED_OR_SUSPENDED_SOURCE_RECORD,"{""Code"": ""789"", ""Security Name"": ""789 Holdings Limited - FPO"", ""Delisted Date"": ""10-Jan-2022;20220110""}","[{""work_id"": ""B05:3763"", ""source_url"": ""https://www.nsx.com.au/marketdata/delisted-suspended/"", ""table"": ""2"", ""row"": ""2"", ""headers_json"": ""[\""Code\"", \""Security Name\"", \""Delisted Date\""]"", ""cells_json"": ""[\""789\"", \""789 Holdings Limited - FPO\"", \""10-Jan-2022;20220110\""]"", ""row_links_json"": ""[\""https://www.nsx.com.au/summary/789\""]"", ""content_sha256"": ""ccca31c77abbab701f2ffb8c7d49a699a58a446d1429ee5f829cce9293fcfb78"", ""semantic_status"": ""SOURCE_TABLE_ROW_NOT_AUTOMATICALLY_ENTITY""}]",SOURCE_TABLE_RECORD_NOT_GLOBAL_OR_UNIQUE_COMPANY_VERIFICATION
https://www.nsx.com.au/marketdata/delisted-suspended/,2,3,,A01,DELISTED_OR_SUSPENDED_SOURCE_RECORD,"{""Code"": ""A01"", ""Security Name"": ""Angy (China) Medical Limited CDI"", ""Delisted Date"": ""08-Dec-2021;20211208""}","[{""work_id"": ""B05:3763"", ""source_url"": ""https://www.nsx.com.au/marketdata/delisted-suspended/"", ""table"": ""2"", ""row"": ""3"", ""headers_json"": ""[\""Code\"", \""Security Name\"", \""Delisted Date\""]"", ""cells_json"": ""[\""A01\"", \""Angy (China) Medical Limited CDI\"", \""08-Dec-2021;20211208\""]"", ""row_links_json"": ""[\""https://www.nsx.com.au/summary/A01\""]"", ""content_sha256"": ""ccca31c77abbab701f2ffb8c7d49a699a58a446d1429ee5f829cce9293fcfb78"", ""semantic_status"": ""SOURCE_TABLE_ROW_NOT_AUTOMATICALLY_ENTITY""}]",SOURCE_TABLE_RECORD_NOT_GLOBAL_OR_UNIQUE_COMPANY_VERIFICATION
https://www.nsx.com.au/marketdata/delisted-suspended/,2,4,,A2A,DELISTED_OR_SUSPENDED_SOURCE_RECORD,"{""Code"": ""A2A"", ""Security Name"": ""A2A GN Ltd - FPO"", ""Delisted Date"": ""16-Sep-2024;20240916""}","[{""work_id"": ""B05:3763"", ""source_url"": ""https://www.nsx.com.au/marketdata/delisted-suspended/"", ""table"": ""2"", ""row"": ""4"", ""headers_json"": ""[\""Code\"", \""Security Name\"", \""Delisted Date\""]"", ""cells_json"": ""[\""A2A\"", \""A2A GN Ltd - FPO\"", \""16-Sep-2024;20240916\""]"", ""row_links_json"": ""[\""https://www.nsx.com.au/summary/A2A\""]"", ""content_sha256"": ""ccca31c77abbab701f2ffb8c7d49a699a58a446d1429ee5f829cce9293fcfb78"", ""semantic_status"": ""SOURCE_TABLE_ROW_NOT_AUTOMATICALLY_ENTITY""}]",SOURCE_TABLE_RECORD_NOT_GLOBAL_OR_UNIQUE_COMPANY_VERIFICATION
https://www.nsx.com.au/marketdata/delisted-suspended/,2,5,,AAW,DELISTED_OR_SUSPENDED_SOURCE_RECORD,"{""Code"": ""AAW"", ""Security Name"": ""Arcadia Worldwide Limited FPO"", ""Delisted Date"": ""05-Apr-2018;20180405""}","[{""work_id"": ""B05:3763"", ""source_url"": ""https://www.nsx.com.au/marketdata/delisted-suspended/"", ""table"": ""2"", ""row"": ""5"", ""headers_json"": ""[\""Code\"", \""Security Name\"", \""Delisted Date\""]"", ""cells_json"": ""[\""AAW\"", \""Arcadia Worldwide Limited FPO\"", \""05-Apr-2018;20180405\""]"", ""row_links_json"": ""[\""https://www.nsx.com.au/summary/AAW\""]"", ""content_sha256"": ""ccca31c77abbab701f2ffb8c7d49a699a58a446d1429ee5f829cce9293fcfb78"", ""semantic_status"": ""SOURCE_TABLE_ROW_NOT_AUTOMATICALLY_ENTITY""}]",SOURCE_TABLE_RECORD_NOT_GLOBAL_OR_UNIQUE_COMPANY_VERIFICATION
https://www.nsx.com.au/marketdata/delisted-suspended/,2,6,,AAY,DELISTED_OR_SUSPENDED_SOURCE_RECORD,"{""Code"": ""AAY"", ""Security Name"": ""Albany (WA) Community Finanial Services Limited"", ""Delisted Date"": ""18-Jul-2008;20080718""}","[{""work_id"": ""B05:3763"", ""source_url"": ""https://www.nsx.com.au/marketdata/delisted-suspended/"", ""table"": ""2"", ""row"": ""6"", ""headers_json"": ""[\""Code\"", \""Security Name\"", \""Delisted Date\""]"", ""cells_json"": ""[\""AAY\"", \""Albany (WA) Community Finanial Services Limited\"", \""18-Jul-2008;20080718\""]"", ""row_links_json"": ""[\""https://www.nsx.com.au/summary/AAY\""]"", ""content_sha256"": ""ccca31c77abbab701f2ffb8c7d49a699a58a446d1429ee5f829cce9293fcfb78"", ""semantic_status"": ""SOURCE_TABLE_ROW_NOT_AUTOMATICALLY_ENTITY""}]",SOURCE_TABLE_RECORD_NOT_GLOBAL_OR_UNIQUE_COMPANY_VERIFICATION
https://www.nsx.com.au/marketdata/delisted-suspended/,2,7,,AB9,DELISTED_OR_SUSPENDED_SOURCE_RECORD,"{""Code"": ""AB9"", ""Security Name"": ""Aobo Environmental Technology Limited - FPO"", ""Delisted Date"": ""13-Jan-2026;20260113""}","[{""work_id"": ""B05:3763"", ""source_url"": ""https://www.nsx.com.au/marketdata/delisted-suspended/"", ""table"": ""2"", ""row"": ""7"", ""headers_json"": ""[\""Code\"", \""Security Name\"", \""Delisted Date\""]"", ""cells_json"": ""[\""AB9\"", \""Aobo Environmental Technology Limited - FPO\"", \""13-Jan-2026;20260113\""]"", ""row_links_json"": ""[\""https://www.nsx.com.au/summary/AB9\""]"", ""content_sha256"": ""ccca31c77abbab701f2ffb8c7d49a699a58a446d1429ee5f829cce9293fcfb78"", ""semantic_status"": ""SOURCE_TABLE_ROW_NOT_AUTOMATICALLY_ENTITY""}]",SOURCE_TABLE_RECORD_NOT_GLOBAL_OR_UNIQUE_COMPANY_VERIFICATION
https://www.nsx.com.au/marketdata/delisted-suspended/,2,8,,ACI,DELISTED_OR_SUSPENDED_SOURCE_RECORD,"{""Code"": ""ACI"", ""Security Name"": ""Anchor Capital Investments Limited CDI"", ""Delisted Date"": ""27-Nov-2017;20171127""}","[{""work_id"": ""B05:3763"", ""source_url"": ""https://www.nsx.com.au/marketdata/delisted-suspended/"", ""table"": ""2"", ""row"": ""8"", ""headers_json"": ""[\""Code\"", \""Security Name\"", \""Delisted Date\""]"", ""cells_json"": ""[\""ACI\"", \""Anchor Capital Investments Limited CDI\"", \""27-Nov-2017;20171127\""]"", ""row_links_json"": ""[\""https://www.nsx.com.au/summary/ACI\""]"", ""content_sha256"": ""ccca31c77abbab701f2ffb8c7d49a699a58a446d1429ee5f829cce9293fcfb78"", ""semantic_status"": ""SOURCE_TABLE_ROW_NOT_AUTOMATICALLY_ENTITY""}]",SOURCE_TABLE_RECORD_NOT_GLOBAL_OR_UNIQUE_COMPANY_VERIFICATION
https://www.nsx.com.au/marketdata/delisted-suspended/,2,9,,AFOA,DELISTED_OR_SUSPENDED_SOURCE_RECORD,"{""Code"": ""AFOA"", ""Security Name"": ""Australian United Retailers non cumulative redeem pref RESTRICTED"", ""Delisted Date"": ""28-Feb-2017;20170228""}","[{""work_id"": ""B05:3763"", ""source_url"": ""https://www.nsx.com.au/marketdata/delisted-suspended/"", ""table"": ""2"", ""row"": ""9"", ""headers_json"": ""[\""Code\"", \""Security Name\"", \""Delisted Date\""]"", ""cells_json"": ""[\""AFOA\"", \""Australian United Retailers non cumulative redeem pref RESTRICTED\"", \""28-Feb-2017;20170228\""]"", ""row_links_json"": ""[\""https://www.nsx.com.au/summary/AFOA\""]"", ""content_sha256"": ""ccca31c77abbab701f2ffb8c7d49a699a58a446d1429ee5f829cce9293fcfb78"", ""semantic_status"": ""SOURCE_TABLE_ROW_NOT_AUTOMATICALLY_ENTITY""}]",SOURCE_TABLE_RECORD_NOT_GLOBAL_OR_UNIQUE_COMPANY_VERIFICATION
https://www.nsx.com.au/marketdata/delisted-suspended/,2,10,,AFOC,DELISTED_OR_SUSPENDED_SOURCE_RECORD,"{""Code"": ""AFOC"", ""Security Name"": ""Australian United Retailers Redeemable Preference Share RESTRICTED"", ""Delisted Date"": ""15-Jun-2009;20090615""}","[{""work_id"": ""B05:3763"", ""source_url"": ""https://www.nsx.com.au/marketdata/delisted-suspended/"", ""table"": ""2"", ""row"": ""10"", ""headers_json"": ""[\""Code\"", \""Security Name\"", \""Delisted Date\""]"", ""cells_json"": ""[\""AFOC\"", \""Australian United Retailers Redeemable Preference Share RESTRICTED\"", \""15-Jun-2009;20090615\""]"", ""row_links_json"": ""[\""https://www.nsx.com.au/summary/AFOC\""]"", ""content_sha256"": ""ccca31c77abbab701f2ffb8c7d49a699a58a446d1429ee5f829cce9293fcfb78"", ""semantic_status"": ""SOURCE_TABLE_ROW_NOT_AUTOMATICALLY_ENTITY""}]",SOURCE_TABLE_RECORD_NOT_GLOBAL_OR_UNIQUE_COMPANY_VERIFICATION
https://www.nsx.com.au/marketdata/delisted-suspended/,2,11,,AG1,DELISTED_OR_SUSPENDED_SOURCE_RECORD,"{""Code"": ""AG1"", ""Security Name"": ""Australia Sunny Glass Group Limited - FPO"", ""Delisted Date"": ""18-Dec-2025;20251218""}","[{""work_id"": ""B05:3763"", ""source_url"": ""https://www.nsx.com.au/marketdata/delisted-suspended/"", ""table"": ""2"", ""row"": ""11"", ""headers_json"": ""[\""Code\"", \""Security Name\"", \""Delisted Date\""]"", ""cells_json"": ""[\""AG1\"", \""Australia Sunny Glass Group Limited - FPO\"", \""18-Dec-2025;20251218\""]"", ""row_links_json"": ""[\""https://www.nsx.com.au/summary/AG1\""]"", ""content_sha256"": ""ccca31c77abbab701f2ffb8c7d49a699a58a446d1429ee5f829cce9293fcfb78"", ""semantic_status"": ""SOURCE_TABLE_ROW_NOT_AUTOMATICALLY_ENTITY""}]",SOURCE_TABLE_RECORD_NOT_GLOBAL_OR_UNIQUE_COMPANY_VERIFICATION
https://www.nsx.com.au/marketdata/delisted-suspended/,2,12,,AGS,DELISTED_OR_SUSPENDED_SOURCE_RECORD,"{""Code"": ""AGS"", ""Security Name"": ""AGRI Skylight Limited FPO"", ""Delisted Date"": ""11-Oct-2024;20241011""}","[{""work_id"": ""B05:3763"", ""source_url"": ""https://www.nsx.com.au/marketdata/delisted-suspended/"", ""table"": ""2"", ""row"": ""12"", ""headers_json"": ""[\""Code\"", \""Security Name\"", \""Delisted Date\""]"", ""cells_json"": ""[\""AGS\"", \""AGRI Skylight Limited FPO\"", \""11-Oct-2024;20241011\""]"", ""row_links_json"": ""[\""https://www.nsx.com.au/summary/AGS\""]"", ""content_sha256"": ""ccca31c77abbab701f2ffb8c7d49a699a58a446d1429ee5f829cce9293fcfb78"", ""semantic_status"": ""SOURCE_TABLE_ROW_NOT_AUTOMATICALLY_ENTITY""}]",SOURCE_TABLE_RECORD_NOT_GLOBAL_OR_UNIQUE_COMPANY_VERIFICATION
https://www.nsx.com.au/marketdata/delisted-suspended/,2,13,,AGT,DELISTED_OR_SUSPENDED_SOURCE_RECORD,"{""Code"": ""AGT"", ""Security Name"": ""Alliance Global Capital Ltd CDI"", ""Delisted Date"": ""27-Nov-2017;20171127""}","[{""work_id"": ""B05:3763"", ""source_url"": ""https://www.nsx.com.au/marketdata/delisted-suspended/"", ""table"": ""2"", ""row"": ""13"", ""headers_json"": ""[\""Code\"", \""Security Name\"", \""Delisted Date\""]"", ""cells_json"": ""[\""AGT\"", \""Alliance Global Capital Ltd CDI\"", \""27-Nov-2017;20171127\""]"", ""row_links_json"": ""[\""https://www.nsx.com.au/summary/AGT\""]"", ""content_sha256"": ""ccca31c77abbab701f2ffb8c7d49a699a58a446d1429ee5f829cce9293fcfb78"", ""semantic_status"": ""SOURCE_TABLE_ROW_NOT_AUTOMATICALLY_ENTITY""}]",SOURCE_TABLE_RECORD_NOT_GLOBAL_OR_UNIQUE_COMPANY_VERIFICATION
https://www.nsx.com.au/marketdata/delisted-suspended/,2,14,,AHH,DELISTED_OR_SUSPENDED_SOURCE_RECORD,"{""Code"": ""AHH"", ""Security Name"": ""Al Hamra Hotels and Resorts Ltd CDI"", ""Delisted Date"": ""27-Nov-2017;20171127""}","[{""work_id"": ""B05:3763"", ""source_url"": ""https://www.nsx.com.au/marketdata/delisted-suspended/"", ""table"": ""2"", ""row"": ""14"", ""headers_json"": ""[\""Code\"", \""Security Name\"", \""Delisted Date\""]"", ""cells_json"": ""[\""AHH\"", \""Al Hamra Hotels and Resorts Ltd CDI\"", \""27-Nov-2017;20171127\""]"", ""row_links_json"": ""[\""https://www.nsx.com.au/summary/AHH\""]"", ""content_sha256"": ""ccca31c77abbab701f2ffb8c7d49a699a58a446d1429ee5f829cce9293fcfb78"", ""semantic_status"": ""SOURCE_TABLE_ROW_NOT_AUTOMATICALLY_ENTITY""}]",SOURCE_TABLE_RECORD_NOT_GLOBAL_OR_UNIQUE_COMPANY_VERIFICATION
https://www.nsx.com.au/marketdata/delisted-suspended/,2,15,,AID,DELISTED_OR_SUSPENDED_SOURCE_RECORD,"{""Code"": ""AID"", ""Security Name"": ""Australia & International Holdings Limited - FPO"", ""Delisted Date"": ""23-Dec-2025;20251223""}","[{""work_id"": ""B05:3763"", ""source_url"": ""https://www.nsx.com.au/marketdata/delisted-suspended/"", ""table"": ""2"", ""row"": ""15"", ""headers_json"": ""[\""Code\"", \""Security Name\"", \""Delisted Date\""]"", ""cells_json"": ""[\""AID\"", \""Australia & International Holdings Limited - FPO\"", \""23-Dec-2025;20251223\""]"", ""row_links_json"": ""[\""https://www.nsx.com.au/summary/AID\""]"", ""content_sha256"": ""ccca31c77abbab701f2ffb8c7d49a699a58a446d1429ee5f829cce9293fcfb78"", ""semantic_status"": ""SOURCE_TABLE_ROW_NOT_AUTOMATICALLY_ENTITY""}]",SOURCE_TABLE_RECORD_NOT_GLOBAL_OR_UNIQUE_COMPANY_VERIFICATION
https://www.nsx.com.au/marketdata/delisted-suspended/,2,16,,AMJ,DELISTED_OR_SUSPENDED_SOURCE_RECORD,"{""Code"": ""AMJ"", ""Security Name"": ""Ascend Group Limited FPO"", ""Delisted Date"": ""31-Dec-2011;20111231""}","[{""work_id"": ""B05:3763"", ""source_url"": ""https://www.nsx.com.au/marketdata/delisted-suspended/"", ""table"": ""2"", ""row"": ""16"", ""headers_json"": ""[\""Code\"", \""Security Name\"", \""Delisted Date\""]"", ""cells_json"": ""[\""AMJ\"", \""Ascend Group Limited FPO\"", \""31-Dec-2011;20111231\""]"", ""row_links_json"": ""[\""https://www.nsx.com.au/summary/AMJ\""]"", ""content_sha256"": ""ccca31c77abbab701f2ffb8c7d49a699a58a446d1429ee5f829cce9293fcfb78"", ""semantic_status"": ""SOURCE_TABLE_ROW_NOT_AUTOMATICALLY_ENTITY""}]",SOURCE_TABLE_RECORD_NOT_GLOBAL_OR_UNIQUE_COMPANY_VERIFICATION
https://www.nsx.com.au/marketdata/delisted-suspended/,2,17,,AMJO,DELISTED_OR_SUSPENDED_SOURCE_RECORD,"{""Code"": ""AMJO"", ""Security Name"": ""Ascend Group Ltd Opt 30JUN2015"", ""Delisted Date"": ""31-Dec-2011;20111231""}","[{""work_id"": ""B05:3763"", ""source_url"": ""https://www.nsx.com.au/marketdata/delisted-suspended/"", ""table"": ""2"", ""row"": ""17"", ""headers_json"": ""[\""Code\"", \""Security Name\"", \""Delisted Date\""]"", ""cells_json"": ""[\""AMJO\"", \""Ascend Group Ltd Opt 30JUN2015\"", \""31-Dec-2011;20111231\""]"", ""row_links_json"": ""[\""https://www.nsx.com.au/summary/AMJO\""]"", ""content_sha256"": ""ccca31c77abbab701f2ffb8c7d49a699a58a446d1429ee5f829cce9293fcfb78"", ""semantic_status"": ""SOURCE_TABLE_ROW_NOT_AUTOMATICALLY_ENTITY""}]",SOURCE_TABLE_RECORD_NOT_GLOBAL_OR_UNIQUE_COMPANY_VERIFICATION
https://www.nsx.com.au/marketdata/delisted-suspended/,2,18,,AMJOD,DELISTED_OR_SUSPENDED_SOURCE_RECORD,"{""Code"": ""AMJOD"", ""Security Name"": ""Ascend Group Ltd Opt Ser D 30JUN2015"", ""Delisted Date"": ""31-Dec-2011;20111231""}","[{""work_id"": ""B05:3763"", ""source_url"": ""https://www.nsx.com.au/marketdata/delisted-suspended/"", ""table"": ""2"", ""row"": ""18"", ""headers_json"": ""[\""Code\"", \""Security Name\"", \""Delisted Date\""]"", ""cells_json"": ""[\""AMJOD\"", \""Ascend Group Ltd Opt Ser D 30JUN2015\"", \""31-Dec-2011;20111231\""]"", ""row_links_json"": ""[\""https://www.nsx.com.au/summary/AMJOD\""]"", ""content_sha256"": ""ccca31c77abbab701f2ffb8c7d49a699a58a446d1429ee5f829cce9293fcfb78"", ""semantic_status"": ""SOURCE_TABLE_ROW_NOT_AUTOMATICALLY_ENTITY""}]",SOURCE_TABLE_RECORD_NOT_GLOBAL_OR_UNIQUE_COMPANY_VERIFICATION
https://www.nsx.com.au/marketdata/delisted-suspended/,2,19,,ANJ,DELISTED_OR_SUSPENDED_SOURCE_RECORD,"{""Code"": ""ANJ"", ""Security Name"": ""Anomaly Resources Limited"", ""Delisted Date"": ""02-Nov-2009;20091102""}","[{""work_id"": ""B05:3763"", ""source_url"": ""https://www.nsx.com.au/marketdata/delisted-suspended/"", ""table"": ""2"", ""row"": ""19"", ""headers_json"": ""[\""Code\"", \""Security Name\"", \""Delisted Date\""]"", ""cells_json"": ""[\""ANJ\"", \""Anomaly Resources Limited\"", \""02-Nov-2009;20091102\""]"", ""row_links_json"": ""[\""https://www.nsx.com.au/summary/ANJ\""]"", ""content_sha256"": ""ccca31c77abbab701f2ffb8c7d49a699a58a446d1429ee5f829cce9293fcfb78"", ""semantic_status"": ""SOURCE_TABLE_ROW_NOT_AUTOMATICALLY_ENTITY""}]",SOURCE_TABLE_RECORD_NOT_GLOBAL_OR_UNIQUE_COMPANY_VERIFICATION
https://www.nsx.com.au/marketdata/delisted-suspended/,2,20,,AOB,DELISTED_OR_SUSPENDED_SOURCE_RECORD,"{""Code"": ""AOB"", ""Security Name"": ""Australian Small Scale Offerings Board Limited FPO"", ""Delisted Date"": ""15-Apr-2015;20150415""}","[{""work_id"": ""B05:3763"", ""source_url"": ""https://www.nsx.com.au/marketdata/delisted-suspended/"", ""table"": ""2"", ""row"": ""20"", ""headers_json"": ""[\""Code\"", \""Security Name\"", \""Delisted Date\""]"", ""cells_json"": ""[\""AOB\"", \""Australian Small Scale Offerings Board Limited FPO\"", \""15-Apr-2015;20150415\""]"", ""row_links_json"": ""[\""https://www.nsx.com.au/summary/AOB\""]"", ""content_sha256"": ""ccca31c77abbab701f2ffb8c7d49a699a58a446d1429ee5f829cce9293fcfb78"", ""semantic_status"": ""SOURCE_TABLE_ROW_NOT_AUTOMATICALLY_ENTITY""}]",SOURCE_TABLE_RECORD_NOT_GLOBAL_OR_UNIQUE_COMPANY_VERIFICATION
https://www.nsx.com.au/marketdata/delisted-suspended/,2,21,,AOBO,DELISTED_OR_SUSPENDED_SOURCE_RECORD,"{""Code"": ""AOBO"", ""Security Name"": ""Australian Small Scale Offerings Board Limited OPT 31DEC2009"", ""Delisted Date"": ""31-Dec-2009;20091231""}","[{""work_id"": ""B05:3763"", ""source_url"": ""https://www.nsx.com.au/marketdata/delisted-suspended/"", ""table"": ""2"", ""row"": ""21"", ""headers_json"": ""[\""Code\"", \""Security Name\"", \""Delisted Date\""]"", ""cells_json"": ""[\""AOBO\"", \""Australian Small Scale Offerings Board Limited OPT 31DEC2009\"", \""31-Dec-2009;20091231\""]"", ""row_links_json"": ""[\""https://www.nsx.com.au/summary/AOBO\""]"", ""content_sha256"": ""ccca31c77abbab701f2ffb8c7d49a699a58a446d1429ee5f829cce9293fcfb78"", ""semantic_status"": ""SOURCE_TABLE_ROW_NOT_AUTOMATICALLY_ENTITY""}]",SOURCE_TABLE_RECORD_NOT_GLOBAL_OR_UNIQUE_COMPANY_VERIFICATION
https://www.nsx.com.au/marketdata/delisted-suspended/,2,22,,AOQ,DELISTED_OR_SUSPENDED_SOURCE_RECORD,"{""Code"": ""AOQ"", ""Security Name"": ""African Petroleum Corporation Limited"", ""Delisted Date"": ""31-Dec-2015;20151231""}","[{""work_id"": ""B05:3763"", ""source_url"": ""https://www.nsx.com.au/marketdata/delisted-suspended/"", ""table"": ""2"", ""row"": ""22"", ""headers_json"": ""[\""Code\"", \""Security Name\"", \""Delisted Date\""]"", ""cells_json"": ""[\""AOQ\"", \""African Petroleum Corporation Limited\"", \""31-Dec-2015;20151231\""]"", ""row_links_json"": ""[\""https://www.nsx.com.au/summary/AOQ\""]"", ""content_sha256"": ""ccca31c77abbab701f2ffb8c7d49a699a58a446d1429ee5f829cce9293fcfb78"", ""semantic_status"": ""SOURCE_TABLE_ROW_NOT_AUTOMATICALLY_ENTITY""}]",SOURCE_TABLE_RECORD_NOT_GLOBAL_OR_UNIQUE_COMPANY_VERIFICATION
https://www.nsx.com.au/marketdata/delisted-suspended/,2,23,,APF,DELISTED_OR_SUSPENDED_SOURCE_RECORD,"{""Code"": ""APF"", ""Security Name"": ""Australian Property Growth Fund"", ""Delisted Date"": ""20-Jan-2014;20140120""}","[{""work_id"": ""B05:3763"", ""source_url"": ""https://www.nsx.com.au/marketdata/delisted-suspended/"", ""table"": ""2"", ""row"": ""23"", ""headers_json"": ""[\""Code\"", \""Security Name\"", \""Delisted Date\""]"", ""cells_json"": ""[\""APF\"", \""Australian Property Growth Fund\"", \""20-Jan-2014;20140120\""]"", ""row_links_json"": ""[\""https://www.nsx.com.au/summary/APF\""]"", ""content_sha256"": ""ccca31c77abbab701f2ffb8c7d49a699a58a446d1429ee5f829cce9293fcfb78"", ""semantic_status"": ""SOURCE_TABLE_ROW_NOT_AUTOMATICALLY_ENTITY""}]",SOURCE_TABLE_RECORD_NOT_GLOBAL_OR_UNIQUE_COMPANY_VERIFICATION
https://www.nsx.com.au/marketdata/delisted-suspended/,2,24,,APO,DELISTED_OR_SUSPENDED_SOURCE_RECORD,"{""Code"": ""APO"", ""Security Name"": ""Australian Property Systems Limited FPO"", ""Delisted Date"": ""16-Sep-2013;20130916""}","[{""work_id"": ""B05:3763"", ""source_url"": ""https://www.nsx.com.au/marketdata/delisted-suspended/"", ""table"": ""2"", ""row"": ""24"", ""headers_json"": ""[\""Code\"", \""Security Name\"", \""Delisted Date\""]"", ""cells_json"": ""[\""APO\"", \""Australian Property Systems Limited FPO\"", \""16-Sep-2013;20130916\""]"", ""row_links_json"": ""[\""https://www.nsx.com.au/summary/APO\""]"", ""content_sha256"": ""ccca31c77abbab701f2ffb8c7d49a699a58a446d1429ee5f829cce9293fcfb78"", ""semantic_status"": ""SOURCE_TABLE_ROW_NOT_AUTOMATICALLY_ENTITY""}]",SOURCE_TABLE_RECORD_NOT_GLOBAL_OR_UNIQUE_COMPANY_VERIFICATION
https://www.nsx.com.au/marketdata/delisted-suspended/,2,25,,APR,DELISTED_OR_SUSPENDED_SOURCE_RECORD,"{""Code"": ""APR"", ""Security Name"": ""APN Regional Property Fund"", ""Delisted Date"": ""21-Jun-2019;20190621""}","[{""work_id"": ""B05:3763"", ""source_url"": ""https://www.nsx.com.au/marketdata/delisted-suspended/"", ""table"": ""2"", ""row"": ""25"", ""headers_json"": ""[\""Code\"", \""Security Name\"", \""Delisted Date\""]"", ""cells_json"": ""[\""APR\"", \""APN Regional Property Fund\"", \""21-Jun-2019;20190621\""]"", ""row_links_json"": ""[\""https://www.nsx.com.au/summary/APR\""]"", ""content_sha256"": ""ccca31c77abbab701f2ffb8c7d49a699a58a446d1429ee5f829cce9293fcfb78"", ""semantic_status"": ""SOURCE_TABLE_ROW_NOT_AUTOMATICALLY_ENTITY""}]",SOURCE_TABLE_RECORD_NOT_GLOBAL_OR_UNIQUE_COMPANY_VERIFICATION
https://www.nsx.com.au/marketdata/delisted-suspended/,2,26,,APRCA,DELISTED_OR_SUSPENDED_SOURCE_RECORD,"{""Code"": ""APRCA"", ""Security Name"": ""APN Regional Property Partly Paid"", ""Delisted Date"": ""29-Oct-2004;20041029""}","[{""work_id"": ""B05:3763"", ""source_url"": ""https://www.nsx.com.au/marketdata/delisted-suspended/"", ""table"": ""2"", ""row"": ""26"", ""headers_json"": ""[\""Code\"", \""Security Name\"", \""Delisted Date\""]"", ""cells_json"": ""[\""APRCA\"", \""APN Regional Property Partly Paid\"", \""29-Oct-2004;20041029\""]"", ""row_links_json"": ""[\""https://www.nsx.com.au/summary/APRCA\""]"", ""content_sha256"": ""ccca31c77abbab701f2ffb8c7d49a699a58a446d1429ee5f829cce9293fcfb78"", ""semantic_status"": ""SOURCE_TABLE_ROW_NOT_AUTOMATICALLY_ENTITY""}]",SOURCE_TABLE_RECORD_NOT_GLOBAL_OR_UNIQUE_COMPANY_VERIFICATION
https://www.nsx.com.au/marketdata/delisted-suspended/,2,27,,APRDD,DELISTED_OR_SUSPENDED_SOURCE_RECORD,"{""Code"": ""APRDD"", ""Security Name"": ""APN Regional Property Deferred Delivery"", ""Delisted Date"": ""29-Oct-2004;20041029""}","[{""work_id"": ""B05:3763"", ""source_url"": ""https://www.nsx.com.au/marketdata/delisted-suspended/"", ""table"": ""2"", ""row"": ""27"", ""headers_json"": ""[\""Code\"", \""Security Name\"", \""Delisted Date\""]"", ""cells_json"": ""[\""APRDD\"", \""APN Regional Property Deferred Delivery\"", \""29-Oct-2004;20041029\""]"", ""row_links_json"": ""[\""https://www.nsx.com.au/summary/APRDD\""]"", ""content_sha256"": ""ccca31c77abbab701f2ffb8c7d49a699a58a446d1429ee5f829cce9293fcfb78"", ""semantic_status"": ""SOURCE_TABLE_ROW_NOT_AUTOMATICALLY_ENTITY""}]",SOURCE_TABLE_RECORD_NOT_GLOBAL_OR_UNIQUE_COMPANY_VERIFICATION
https://www.nsx.com.au/marketdata/delisted-suspended/,2,28,,ARD,DELISTED_OR_SUSPENDED_SOURCE_RECORD,"{""Code"": ""ARD"", ""Security Name"": ""A-Cap Resources Limited FPO"", ""Delisted Date"": ""18-May-2006;20060518""}","[{""work_id"": ""B05:3763"", ""source_url"": ""https://www.nsx.com.au/marketdata/delisted-suspended/"", ""table"": ""2"", ""row"": ""28"", ""headers_json"": ""[\""Code\"", \""Security Name\"", \""Delisted Date\""]"", ""cells_json"": ""[\""ARD\"", \""A-Cap Resources Limited FPO\"", \""18-May-2006;20060518\""]"", ""row_links_json"": ""[\""https://www.nsx.com.au/summary/ARD\""]"", ""content_sha256"": ""ccca31c77abbab701f2ffb8c7d49a699a58a446d1429ee5f829cce9293fcfb78"", ""semantic_status"": ""SOURCE_TABLE_ROW_NOT_AUTOMATICALLY_ENTITY""}]",SOURCE_TABLE_RECORD_NOT_GLOBAL_OR_UNIQUE_COMPANY_VERIFICATION
https://www.nsx.com.au/marketdata/delisted-suspended/,2,29,,ARF,DELISTED_OR_SUSPENDED_SOURCE_RECORD,"{""Code"": ""ARF"", ""Security Name"": ""Acacia Ridge Financial Services Limted Ordinary"", ""Delisted Date"": ""30-Jun-2012;20120630""}","[{""work_id"": ""B05:3763"", ""source_url"": ""https://www.nsx.com.au/marketdata/delisted-suspended/"", ""table"": ""2"", ""row"": ""29"", ""headers_json"": ""[\""Code\"", \""Security Name\"", \""Delisted Date\""]"", ""cells_json"": ""[\""ARF\"", \""Acacia Ridge Financial Services Limted Ordinary\"", \""30-Jun-2012;20120630\""]"", ""row_links_json"": ""[\""https://www.nsx.com.au/summary/ARF\""]"", ""content_sha256"": ""ccca31c77abbab701f2ffb8c7d49a699a58a446d1429ee5f829cce9293fcfb78"", ""semantic_status"": ""SOURCE_TABLE_ROW_NOT_AUTOMATICALLY_ENTITY""}]",SOURCE_TABLE_RECORD_NOT_GLOBAL_OR_UNIQUE_COMPANY_VERIFICATION
https://www.nsx.com.au/marketdata/delisted-suspended/,2,30,,ASJ1AA,DELISTED_OR_SUSPENDED_SOURCE_RECORD,"{""Code"": ""ASJ1AA"", ""Security Name"": ""Angas Securities 1yr deb 8.5% 31Mar2009"", ""Delisted Date"": ""31-Mar-2009;20090331""}","[{""work_id"": ""B05:3763"", ""source_url"": ""https://www.nsx.com.au/marketdata/delisted-suspended/"", ""table"": ""2"", ""row"": ""30"", ""headers_json"": ""[\""Code\"", \""Security Name\"", \""Delisted Date\""]"", ""cells_json"": ""[\""ASJ1AA\"", \""Angas Securities 1yr deb 8.5% 31Mar2009\"", \""31-Mar-2009;20090331\""]"", ""row_links_json"": ""[\""https://www.nsx.com.au/summary/ASJ1AA\""]"", ""content_sha256"": ""ccca31c77abbab701f2ffb8c7d49a699a58a446d1429ee5f829cce9293fcfb78"", ""semantic_status"": ""SOURCE_TABLE_ROW_NOT_AUTOMATICALLY_ENTITY""}]",SOURCE_TABLE_RECORD_NOT_GLOBAL_OR_UNIQUE_COMPANY_VERIFICATION
https://www.nsx.com.au/marketdata/delisted-suspended/,2,31,,ASJ1AB,DELISTED_OR_SUSPENDED_SOURCE_RECORD,"{""Code"": ""ASJ1AB"", ""Security Name"": ""Angas Securities 1yr deb 9.0% 30Apr2009"", ""Delisted Date"": ""30-Apr-2009;20090430""}","[{""work_id"": ""B05:3763"", ""source_url"": ""https://www.nsx.com.au/marketdata/delisted-suspended/"", ""table"": ""2"", ""row"": ""31"", ""headers_json"": ""[\""Code\"", \""Security Name\"", \""Delisted Date\""]"", ""cells_json"": ""[\""ASJ1AB\"", \""Angas Securities 1yr deb 9.0% 30Apr2009\"", \""30-Apr-2009;20090430\""]"", ""row_links_json"": ""[\""https://www.nsx.com.au/summary/ASJ1AB\""]"", ""content_sha256"": ""ccca31c77abbab701f2ffb8c7d49a699a58a446d1429ee5f829cce9293fcfb78"", ""semantic_status"": ""SOURCE_TABLE_ROW_NOT_AUTOMATICALLY_ENTITY""}]",SOURCE_TABLE_RECORD_NOT_GLOBAL_OR_UNIQUE_COMPANY_VERIFICATION
https://www.nsx.com.au/marketdata/delisted-suspended/,2,32,,ASJ1AC,DELISTED_OR_SUSPENDED_SOURCE_RECORD,"{""Code"": ""ASJ1AC"", ""Security Name"": ""Angas Securities 1yr deb 9.0% 31May2009"", ""Delisted Date"": ""31-May-2009;20090531""}","[{""work_id"": ""B05:3763"", ""source_url"": ""https://www.nsx.com.au/marketdata/delisted-suspended/"", ""table"": ""2"", ""row"": ""32"", ""headers_json"": ""[\""Code\"", \""Security Name\"", \""Delisted Date\""]"", ""cells_json"": ""[\""ASJ1AC\"", \""Angas Securities 1yr deb 9.0% 31May2009\"", \""31-May-2009;20090531\""]"", ""row_links_json"": ""[\""https://www.nsx.com.au/summary/ASJ1AC\""]"", ""content_sha256"": ""ccca31c77abbab701f2ffb8c7d49a699a58a446d1429ee5f829cce9293fcfb78"", ""semantic_status"": ""SOURCE_TABLE_ROW_NOT_AUTOMATICALLY_ENTITY""}]",SOURCE_TABLE_RECORD_NOT_GLOBAL_OR_UNIQUE_COMPANY_VERIFICATION
https://www.nsx.com.au/marketdata/delisted-suspended/,2,33,,ASJ1AD,DELISTED_OR_SUSPENDED_SOURCE_RECORD,"{""Code"": ""ASJ1AD"", ""Security Name"": ""Angas Securities 1yr deb 9.0% 30Jun2009"", ""Delisted Date"": ""30-Jun-2009;20090630""}","[{""work_id"": ""B05:3763"", ""source_url"": ""https://www.nsx.com.au/marketdata/delisted-suspended/"", ""table"": ""2"", ""row"": ""33"", ""headers_json"": ""[\""Code\"", \""Security Name\"", \""Delisted Date\""]"", ""cells_json"": ""[\""ASJ1AD\"", \""Angas Securities 1yr deb 9.0% 30Jun2009\"", \""30-Jun-2009;20090630\""]"", ""row_links_json"": ""[\""https://www.nsx.com.au/summary/ASJ1AD\""]"", ""content_sha256"": ""ccca31c77abbab701f2ffb8c7d49a699a58a446d1429ee5f829cce9293fcfb78"", ""semantic_status"": ""SOURCE_TABLE_ROW_NOT_AUTOMATICALLY_ENTITY""}]",SOURCE_TABLE_RECORD_NOT_GLOBAL_OR_UNIQUE_COMPANY_VERIFICATION
https://www.nsx.com.au/marketdata/delisted-suspended/,2,34,,ASJ1AE,DELISTED_OR_SUSPENDED_SOURCE_RECORD,"{""Code"": ""ASJ1AE"", ""Security Name"": ""Angas Securities 1yr deb 9.0% 31JUL2009"", ""Delisted Date"": ""31-Jul-2009;20090731""}","[{""work_id"": ""B05:3763"", ""source_url"": ""https://www.nsx.com.au/marketdata/delisted-suspended/"", ""table"": ""2"", ""row"": ""34"", ""headers_json"": ""[\""Code\"", \""Security Name\"", \""Delisted Date\""]"", ""cells_json"": ""[\""ASJ1AE\"", \""Angas Securities 1yr deb 9.0% 31JUL2009\"", \""31-Jul-2009;20090731\""]"", ""row_links_json"": ""[\""https://www.nsx.com.au/summary/ASJ1AE\""]"", ""content_sha256"": ""ccca31c77abbab701f2ffb8c7d49a699a58a446d1429ee5f829cce9293fcfb78"", ""semantic_status"": ""SOURCE_TABLE_ROW_NOT_AUTOMATICALLY_ENTITY""}]",SOURCE_TABLE_RECORD_NOT_GLOBAL_OR_UNIQUE_COMPANY_VERIFICATION
https://www.nsx.com.au/marketdata/delisted-suspended/,2,35,,ASJ1AF,DELISTED_OR_SUSPENDED_SOURCE_RECORD,"{""Code"": ""ASJ1AF"", ""Security Name"": ""Angas Securities 1yr deb 9.0% 31AUG2009"", ""Delisted Date"": ""31-Aug-2009;20090831""}","[{""work_id"": ""B05:3763"", ""source_url"": ""https://www.nsx.com.au/marketdata/delisted-suspended/"", ""table"": ""2"", ""row"": ""35"", ""headers_json"": ""[\""Code\"", \""Security Name\"", \""Delisted Date\""]"", ""cells_json"": ""[\""ASJ1AF\"", \""Angas Securities 1yr deb 9.0% 31AUG2009\"", \""31-Aug-2009;20090831\""]"", ""row_links_json"": ""[\""https://www.nsx.com.au/summary/ASJ1AF\""]"", ""content_sha256"": ""ccca31c77abbab701f2ffb8c7d49a699a58a446d1429ee5f829cce9293fcfb78"", ""semantic_status"": ""SOURCE_TABLE_ROW_NOT_AUTOMATICALLY_ENTITY""}]",SOURCE_TABLE_RECORD_NOT_GLOBAL_OR_UNIQUE_COMPANY_VERIFICATION
https://www.nsx.com.au/marketdata/delisted-suspended/,2,36,,ASJ1AG,DELISTED_OR_SUSPENDED_SOURCE_RECORD,"{""Code"": ""ASJ1AG"", ""Security Name"": ""Angas Securities 1yr deb 9.0% 30SEP2009"", ""Delisted Date"": ""30-Sep-2009;20090930""}","[{""work_id"": ""B05:3763"", ""source_url"": ""https://www.nsx.com.au/marketdata/delisted-suspended/"", ""table"": ""2"", ""row"": ""36"", ""headers_json"": ""[\""Code\"", \""Security Name\"", \""Delisted Date\""]"", ""cells_json"": ""[\""ASJ1AG\"", \""Angas Securities 1yr deb 9.0% 30SEP2009\"", \""30-Sep-2009;20090930\""]"", ""row_links_json"": ""[\""https://www.nsx.com.au/summary/ASJ1AG\""]"", ""content_sha256"": ""ccca31c77abbab701f2ffb8c7d49a699a58a446d1429ee5f829cce9293fcfb78"", ""semantic_status"": ""SOURCE_TABLE_ROW_NOT_AUTOMATICALLY_ENTITY""}]",SOURCE_TABLE_RECORD_NOT_GLOBAL_OR_UNIQUE_COMPANY_VERIFICATION
https://www.nsx.com.au/marketdata/delisted-suspended/,2,37,,ASJ1AH,DELISTED_OR_SUSPENDED_SOURCE_RECORD,"{""Code"": ""ASJ1AH"", ""Security Name"": ""Angas Securities 1yr deb 9.0% 31OCT2009"", ""Delisted Date"": ""31-Oct-2009;20091031""}","[{""work_id"": ""B05:3763"", ""source_url"": ""https://www.nsx.com.au/marketdata/delisted-suspended/"", ""table"": ""2"", ""row"": ""37"", ""headers_json"": ""[\""Code\"", \""Security Name\"", \""Delisted Date\""]"", ""cells_json"": ""[\""ASJ1AH\"", \""Angas Securities 1yr deb 9.0% 31OCT2009\"", \""31-Oct-2009;20091031\""]"", ""row_links_json"": ""[\""https://www.nsx.com.au/summary/ASJ1AH\""]"", ""content_sha256"": ""ccca31c77abbab701f2ffb8c7d49a699a58a446d1429ee5f829cce9293fcfb78"", ""semantic_status"": ""SOURCE_TABLE_ROW_NOT_AUTOMATICALLY_ENTITY""}]",SOURCE_TABLE_RECORD_NOT_GLOBAL_OR_UNIQUE_COMPANY_VERIFICATION
https://www.nsx.com.au/marketdata/delisted-suspended/,2,38,,ASJ1AI,DELISTED_OR_SUSPENDED_SOURCE_RECORD,"{""Code"": ""ASJ1AI"", ""Security Name"": ""Angas Securities 1yr deb 9.0% 30NOV2009"", ""Delisted Date"": ""30-Nov-2009;20091130""}","[{""work_id"": ""B05:3763"", ""source_url"": ""https://www.nsx.com.au/marketdata/delisted-suspended/"", ""table"": ""2"", ""row"": ""38"", ""headers_json"": ""[\""Code\"", \""Security Name\"", \""Delisted Date\""]"", ""cells_json"": ""[\""ASJ1AI\"", \""Angas Securities 1yr deb 9.0% 30NOV2009\"", \""30-Nov-2009;20091130\""]"", ""row_links_json"": ""[\""https://www.nsx.com.au/summary/ASJ1AI\""]"", ""content_sha256"": ""ccca31c77abbab701f2ffb8c7d49a699a58a446d1429ee5f829cce9293fcfb78"", ""semantic_status"": ""SOURCE_TABLE_ROW_NOT_AUTOMATICALLY_ENTITY""}]",SOURCE_TABLE_RECORD_NOT_GLOBAL_OR_UNIQUE_COMPANY_VERIFICATION
https://www.nsx.com.au/marketdata/delisted-suspended/,2,39,,ASJ1AJ,DELISTED_OR_SUSPENDED_SOURCE_RECORD,"{""Code"": ""ASJ1AJ"", ""Security Name"": ""Angas Securities 1yr deb 9.0% 31DEC2009"", ""Delisted Date"": ""31-Dec-2009;20091231""}","[{""work_id"": ""B05:3763"", ""source_url"": ""https://www.nsx.com.au/marketdata/delisted-suspended/"", ""table"": ""2"", ""row"": ""39"", ""headers_json"": ""[\""Code\"", \""Security Name\"", \""Delisted Date\""]"", ""cells_json"": ""[\""ASJ1AJ\"", \""Angas Securities 1yr deb 9.0% 31DEC2009\"", \""31-Dec-2009;20091231\""]"", ""row_links_json"": ""[\""https://www.nsx.com.au/summary/ASJ1AJ\""]"", ""content_sha256"": ""ccca31c77abbab701f2ffb8c7d49a699a58a446d1429ee5f829cce9293fcfb78"", ""semantic_status"": ""SOURCE_TABLE_ROW_NOT_AUTOMATICALLY_ENTITY""}]",SOURCE_TABLE_RECORD_NOT_GLOBAL_OR_UNIQUE_COMPANY_VERIFICATION
https://www.nsx.com.au/marketdata/delisted-suspended/,2,40,,ASJ1AK,DELISTED_OR_SUSPENDED_SOURCE_RECORD,"{""Code"": ""ASJ1AK"", ""Security Name"": ""Angas Securities 1yr deb 8.0% 31JAN2010"", ""Delisted Date"": ""31-Jan-2010;20100131""}","[{""work_id"": ""B05:3763"", ""source_url"": ""https://www.nsx.com.au/marketdata/delisted-suspended/"", ""table"": ""2"", ""row"": ""40"", ""headers_json"": ""[\""Code\"", \""Security Name\"", \""Delisted Date\""]"", ""cells_json"": ""[\""ASJ1AK\"", \""Angas Securities 1yr deb 8.0% 31JAN2010\"", \""31-Jan-2010;20100131\""]"", ""row_links_json"": ""[\""https://www.nsx.com.au/summary/ASJ1AK\""]"", ""content_sha256"": ""ccca31c77abbab701f2ffb8c7d49a699a58a446d1429ee5f829cce9293fcfb78"", ""semantic_status"": ""SOURCE_TABLE_ROW_NOT_AUTOMATICALLY_ENTITY""}]",SOURCE_TABLE_RECORD_NOT_GLOBAL_OR_UNIQUE_COMPANY_VERIFICATION
https://www.nsx.com.au/marketdata/delisted-suspended/,2,41,,ASJ1AL,DELISTED_OR_SUSPENDED_SOURCE_RECORD,"{""Code"": ""ASJ1AL"", ""Security Name"": ""Angas Securities 1yr deb 8.0% 28FEB2010"", ""Delisted Date"": ""28-Feb-2010;20100228""}","[{""work_id"": ""B05:3763"", ""source_url"": ""https://www.nsx.com.au/marketdata/delisted-suspended/"", ""table"": ""2"", ""row"": ""41"", ""headers_json"": ""[\""Code\"", \""Security Name\"", \""Delisted Date\""]"", ""cells_json"": ""[\""ASJ1AL\"", \""Angas Securities 1yr deb 8.0% 28FEB2010\"", \""28-Feb-2010;20100228\""]"", ""row_links_json"": ""[\""https://www.nsx.com.au/summary/ASJ1AL\""]"", ""content_sha256"": ""ccca31c77abbab701f2ffb8c7d49a699a58a446d1429ee5f829cce9293fcfb78"", ""semantic_status"": ""SOURCE_TABLE_ROW_NOT_AUTOMATICALLY_ENTITY""}]",SOURCE_TABLE_RECORD_NOT_GLOBAL_OR_UNIQUE_COMPANY_VERIFICATION
https://www.nsx.com.au/marketdata/delisted-suspended/,2,42,,ASJ1AM,DELISTED_OR_SUSPENDED_SOURCE_RECORD,"{""Code"": ""ASJ1AM"", ""Security Name"": ""Angas Securities 1yr deb 7.75% 31MAR2010"", ""Delisted Date"": ""31-Mar-2010;20100331""}","[{""work_id"": ""B05:3763"", ""source_url"": ""https://www.nsx.com.au/marketdata/delisted-suspended/"", ""table"": ""2"", ""row"": ""42"", ""headers_json"": ""[\""Code\"", \""Security Name\"", \""Delisted Date\""]"", ""cells_json"": ""[\""ASJ1AM\"", \""Angas Securities 1yr deb 7.75% 31MAR2010\"", \""31-Mar-2010;20100331\""]"", ""row_links_json"": ""[\""https://www.nsx.com.au/summary/ASJ1AM\""]"", ""content_sha256"": ""ccca31c77abbab701f2ffb8c7d49a699a58a446d1429ee5f829cce9293fcfb78"", ""semantic_status"": ""SOURCE_TABLE_ROW_NOT_AUTOMATICALLY_ENTITY""}]",SOURCE_TABLE_RECORD_NOT_GLOBAL_OR_UNIQUE_COMPANY_VERIFICATION
https://www.nsx.com.au/marketdata/delisted-suspended/,2,43,,ASJ1AN,DELISTED_OR_SUSPENDED_SOURCE_RECORD,"{""Code"": ""ASJ1AN"", ""Security Name"": ""Angas Securities 1yr deb 7.75% 30APR2010"", ""Delisted Date"": ""30-Apr-2010;20100430""}","[{""work_id"": ""B05:3763"", ""source_url"": ""https://www.nsx.com.au/marketdata/delisted-suspended/"", ""table"": ""2"", ""row"": ""43"", ""headers_json"": ""[\""Code\"", \""Security Name\"", \""Delisted Date\""]"", ""cells_json"": ""[\""ASJ1AN\"", \""Angas Securities 1yr deb 7.75% 30APR2010\"", \""30-Apr-2010;20100430\""]"", ""row_links_json"": ""[\""https://www.nsx.com.au/summary/ASJ1AN\""]"", ""content_sha256"": ""ccca31c77abbab701f2ffb8c7d49a699a58a446d1429ee5f829cce9293fcfb78"", ""semantic_status"": ""SOURCE_TABLE_ROW_NOT_AUTOMATICALLY_ENTITY""}]",SOURCE_TABLE_RECORD_NOT_GLOBAL_OR_UNIQUE_COMPANY_VERIFICATION
https://www.nsx.com.au/marketdata/delisted-suspended/,2,44,,ASJ1AO,DELISTED_OR_SUSPENDED_SOURCE_RECORD,"{""Code"": ""ASJ1AO"", ""Security Name"": ""Angas Securities 1yr deb 7.50% 31MAY2010"", ""Delisted Date"": ""31-May-2010;20100531""}","[{""work_id"": ""B05:3763"", ""source_url"": ""https://www.nsx.com.au/marketdata/delisted-suspended/"", ""table"": ""2"", ""row"": ""44"", ""headers_json"": ""[\""Code\"", \""Security Name\"", \""Delisted Date\""]"", ""cells_json"": ""[\""ASJ1AO\"", \""Angas Securities 1yr deb 7.50% 31MAY2010\"", \""31-May-2010;20100531\""]"", ""row_links_json"": ""[\""https://www.nsx.com.au/summary/ASJ1AO\""]"", ""content_sha256"": ""ccca31c77abbab701f2ffb8c7d49a699a58a446d1429ee5f829cce9293fcfb78"", ""semantic_status"": ""SOURCE_TABLE_ROW_NOT_AUTOMATICALLY_ENTITY""}]",SOURCE_TABLE_RECORD_NOT_GLOBAL_OR_UNIQUE_COMPANY_VERIFICATION
https://www.nsx.com.au/marketdata/delisted-suspended/,2,45,,ASJ1AP,DELISTED_OR_SUSPENDED_SOURCE_RECORD,"{""Code"": ""ASJ1AP"", ""Security Name"": ""Angas Securities 1yr deb 7.50% 30JUN2010"", ""Delisted Date"": ""30-Jun-2010;20100630""}","[{""work_id"": ""B05:3763"", ""source_url"": ""https://www.nsx.com.au/marketdata/delisted-suspended/"", ""table"": ""2"", ""row"": ""45"", ""headers_json"": ""[\""Code\"", \""Security Name\"", \""Delisted Date\""]"", ""cells_json"": ""[\""ASJ1AP\"", \""Angas Securities 1yr deb 7.50% 30JUN2010\"", \""30-Jun-2010;20100630\""]"", ""row_links_json"": ""[\""https://www.nsx.com.au/summary/ASJ1AP\""]"", ""content_sha256"": ""ccca31c77abbab701f2ffb8c7d49a699a58a446d1429ee5f829cce9293fcfb78"", ""semantic_status"": ""SOURCE_TABLE_ROW_NOT_AUTOMATICALLY_ENTITY""}]",SOURCE_TABLE_RECORD_NOT_GLOBAL_OR_UNIQUE_COMPANY_VERIFICATION
https://www.nsx.com.au/marketdata/delisted-suspended/,2,46,,ASJ1AQ,DELISTED_OR_SUSPENDED_SOURCE_RECORD,"{""Code"": ""ASJ1AQ"", ""Security Name"": ""Angas Securities 1yr deb 7.50% 31JUL2010"", ""Delisted Date"": ""30-Jul-2010;20100730""}","[{""work_id"": ""B05:3763"", ""source_url"": ""https://www.nsx.com.au/marketdata/delisted-suspended/"", ""table"": ""2"", ""row"": ""46"", ""headers_json"": ""[\""Code\"", \""Security Name\"", \""Delisted Date\""]"", ""cells_json"": ""[\""ASJ1AQ\"", \""Angas Securities 1yr deb 7.50% 31JUL2010\"", \""30-Jul-2010;20100730\""]"", ""row_links_json"": ""[\""https://www.nsx.com.au/summary/ASJ1AQ\""]"", ""content_sha256"": ""ccca31c77abbab701f2ffb8c7d49a699a58a446d1429ee5f829cce9293fcfb78"", ""semantic_status"": ""SOURCE_TABLE_ROW_NOT_AUTOMATICALLY_ENTITY""}]",SOURCE_TABLE_RECORD_NOT_GLOBAL_OR_UNIQUE_COMPANY_VERIFICATION
https://www.nsx.com.au/marketdata/delisted-suspended/,2,47,,ASJ1AR,DELISTED_OR_SUSPENDED_SOURCE_RECORD,"{""Code"": ""ASJ1AR"", ""Security Name"": ""Angas Securities 1yr deb 7.50% 31AUG2010"", ""Delisted Date"": ""31-Aug-2010;20100831""}","[{""work_id"": ""B05:3763"", ""source_url"": ""https://www.nsx.com.au/marketdata/delisted-suspended/"", ""table"": ""2"", ""row"": ""47"", ""headers_json"": ""[\""Code\"", \""Security Name\"", \""Delisted Date\""]"", ""cells_json"": ""[\""ASJ1AR\"", \""Angas Securities 1yr deb 7.50% 31AUG2010\"", \""31-Aug-2010;20100831\""]"", ""row_links_json"": ""[\""https://www.nsx.com.au/summary/ASJ1AR\""]"", ""content_sha256"": ""ccca31c77abbab701f2ffb8c7d49a699a58a446d1429ee5f829cce9293fcfb78"", ""semantic_status"": ""SOURCE_TABLE_ROW_NOT_AUTOMATICALLY_ENTITY""}]",SOURCE_TABLE_RECORD_NOT_GLOBAL_OR_UNIQUE_COMPANY_VERIFICATION
https://www.nsx.com.au/marketdata/delisted-suspended/,2,48,,ASJ1AS,DELISTED_OR_SUSPENDED_SOURCE_RECORD,"{""Code"": ""ASJ1AS"", ""Security Name"": ""Angas Securities 1yr deb 7.50% 30SEP2010"", ""Delisted Date"": ""30-Sep-2010;20100930""}","[{""work_id"": ""B05:3763"", ""source_url"": ""https://www.nsx.com.au/marketdata/delisted-suspended/"", ""table"": ""2"", ""row"": ""48"", ""headers_json"": ""[\""Code\"", \""Security Name\"", \""Delisted Date\""]"", ""cells_json"": ""[\""ASJ1AS\"", \""Angas Securities 1yr deb 7.50% 30SEP2010\"", \""30-Sep-2010;20100930\""]"", ""row_links_json"": ""[\""https://www.nsx.com.au/summary/ASJ1AS\""]"", ""content_sha256"": ""ccca31c77abbab701f2ffb8c7d49a699a58a446d1429ee5f829cce9293fcfb78"", ""semantic_status"": ""SOURCE_TABLE_ROW_NOT_AUTOMATICALLY_ENTITY""}]",SOURCE_TABLE_RECORD_NOT_GLOBAL_OR_UNIQUE_COMPANY_VERIFICATION
https://www.nsx.com.au/marketdata/delisted-suspended/,2,49,,ASJ1AT,DELISTED_OR_SUSPENDED_SOURCE_RECORD,"{""Code"": ""ASJ1AT"", ""Security Name"": ""Angas Securities 1yr deb 7.50% 31OCT2010"", ""Delisted Date"": ""31-Oct-2010;20101031""}","[{""work_id"": ""B05:3763"", ""source_url"": ""https://www.nsx.com.au/marketdata/delisted-suspended/"", ""table"": ""2"", ""row"": ""49"", ""headers_json"": ""[\""Code\"", \""Security Name\"", \""Delisted Date\""]"", ""cells_json"": ""[\""ASJ1AT\"", \""Angas Securities 1yr deb 7.50% 31OCT2010\"", \""31-Oct-2010;20101031\""]"", ""row_links_json"": ""[\""https://www.nsx.com.au/summary/ASJ1AT\""]"", ""content_sha256"": ""ccca31c77abbab701f2ffb8c7d49a699a58a446d1429ee5f829cce9293fcfb78"", ""semantic_status"": ""SOURCE_TABLE_ROW_NOT_AUTOMATICALLY_ENTITY""}]",SOURCE_TABLE_RECORD_NOT_GLOBAL_OR_UNIQUE_COMPANY_VERIFICATION
https://www.nsx.com.au/marketdata/delisted-suspended/,2,50,,ASJ1AU,DELISTED_OR_SUSPENDED_SOURCE_RECORD,"{""Code"": ""ASJ1AU"", ""Security Name"": ""Angas Securities 1yr deb 7.50% 30NOV2010"", ""Delisted Date"": ""30-Nov-2010;20101130""}","[{""work_id"": ""B05:3763"", ""source_url"": ""https://www.nsx.com.au/marketdata/delisted-suspended/"", ""table"": ""2"", ""row"": ""50"", ""headers_json"": ""[\""Code\"", \""Security Name\"", \""Delisted Date\""]"", ""cells_json"": ""[\""ASJ1AU\"", \""Angas Securities 1yr deb 7.50% 30NOV2010\"", \""30-Nov-2010;20101130\""]"", ""row_links_json"": ""[\""https://www.nsx.com.au/summary/ASJ1AU\""]"", ""content_sha256"": ""ccca31c77abbab701f2ffb8c7d49a699a58a446d1429ee5f829cce9293fcfb78"", ""semantic_status"": ""SOURCE_TABLE_ROW_NOT_AUTOMATICALLY_ENTITY""}]",SOURCE_TABLE_RECORD_NOT_GLOBAL_OR_UNIQUE_COMPANY_VERIFICATION
https://www.nsx.com.au/marketdata/delisted-suspended/,2,51,,ASJ1AV,DELISTED_OR_SUSPENDED_SOURCE_RECORD,"{""Code"": ""ASJ1AV"", ""Security Name"": ""Angas Securities 1yr deb 7.50% 31DEC2010"", ""Delisted Date"": ""31-Dec-2010;20101231""}","[{""work_id"": ""B05:3763"", ""source_url"": ""https://www.nsx.com.au/marketdata/delisted-suspended/"", ""table"": ""2"", ""row"": ""51"", ""headers_json"": ""[\""Code\"", \""Security Name\"", \""Delisted Date\""]"", ""cells_json"": ""[\""ASJ1AV\"", \""Angas Securities 1yr deb 7.50% 31DEC2010\"", \""31-Dec-2010;20101231\""]"", ""row_links_json"": ""[\""https://www.nsx.com.au/summary/ASJ1AV\""]"", ""content_sha256"": ""ccca31c77abbab701f2ffb8c7d49a699a58a446d1429ee5f829cce9293fcfb78"", ""semantic_status"": ""SOURCE_TABLE_ROW_NOT_AUTOMATICALLY_ENTITY""}]",SOURCE_TABLE_RECORD_NOT_GLOBAL_OR_UNIQUE_COMPANY_VERIFICATION
https://www.nsx.com.au/marketdata/delisted-suspended/,2,52,,ASJ1AW,DELISTED_OR_SUSPENDED_SOURCE_RECORD,"{""Code"": ""ASJ1AW"", ""Security Name"": ""Angas Securities 1yr deb 8.00% 31JAN2011"", ""Delisted Date"": ""31-Jan-2011;20110131""}","[{""work_id"": ""B05:3763"", ""source_url"": ""https://www.nsx.com.au/marketdata/delisted-suspended/"", ""table"": ""2"", ""row"": ""52"", ""headers_json"": ""[\""Code\"", \""Security Name\"", \""Delisted Date\""]"", ""cells_json"": ""[\""ASJ1AW\"", \""Angas Securities 1yr deb 8.00% 31JAN2011\"", \""31-Jan-2011;20110131\""]"", ""row_links_json"": ""[\""https://www.nsx.com.au/summary/ASJ1AW\""]"", ""content_sha256"": ""ccca31c77abbab701f2ffb8c7d49a699a58a446d1429ee5f829cce9293fcfb78"", ""semantic_status"": ""SOURCE_TABLE_ROW_NOT_AUTOMATICALLY_ENTITY""}]",SOURCE_TABLE_RECORD_NOT_GLOBAL_OR_UNIQUE_COMPANY_VERIFICATION
https://www.nsx.com.au/marketdata/delisted-suspended/,2,53,,ASJ1AX,DELISTED_OR_SUSPENDED_SOURCE_RECORD,"{""Code"": ""ASJ1AX"", ""Security Name"": ""Angas Securities 1yr deb 8.00% 28FEB2011"", ""Delisted Date"": ""28-Feb-2011;20110228""}","[{""work_id"": ""B05:3763"", ""source_url"": ""https://www.nsx.com.au/marketdata/delisted-suspended/"", ""table"": ""2"", ""row"": ""53"", ""headers_json"": ""[\""Code\"", \""Security Name\"", \""Delisted Date\""]"", ""cells_json"": ""[\""ASJ1AX\"", \""Angas Securities 1yr deb 8.00% 28FEB2011\"", \""28-Feb-2011;20110228\""]"", ""row_links_json"": ""[\""https://www.nsx.com.au/summary/ASJ1AX\""]"", ""content_sha256"": ""ccca31c77abbab701f2ffb8c7d49a699a58a446d1429ee5f829cce9293fcfb78"", ""semantic_status"": ""SOURCE_TABLE_ROW_NOT_AUTOMATICALLY_ENTITY""}]",SOURCE_TABLE_RECORD_NOT_GLOBAL_OR_UNIQUE_COMPANY_VERIFICATION
https://www.nsx.com.au/marketdata/delisted-suspended/,2,54,,ASJ1AY,DELISTED_OR_SUSPENDED_SOURCE_RECORD,"{""Code"": ""ASJ1AY"", ""Security Name"": ""Angas Securities 1yr deb 8.00% 31MAR2011"", ""Delisted Date"": ""31-Mar-2011;20110331""}","[{""work_id"": ""B05:3763"", ""source_url"": ""https://www.nsx.com.au/marketdata/delisted-suspended/"", ""table"": ""2"", ""row"": ""54"", ""headers_json"": ""[\""Code\"", \""Security Name\"", \""Delisted Date\""]"", ""cells_json"": ""[\""ASJ1AY\"", \""Angas Securities 1yr deb 8.00% 31MAR2011\"", \""31-Mar-2011;20110331\""]"", ""row_links_json"": ""[\""https://www.nsx.com.au/summary/ASJ1AY\""]"", ""content_sha256"": ""ccca31c77abbab701f2ffb8c7d49a699a58a446d1429ee5f829cce9293fcfb78"", ""semantic_status"": ""SOURCE_TABLE_ROW_NOT_AUTOMATICALLY_ENTITY""}]",SOURCE_TABLE_RECORD_NOT_GLOBAL_OR_UNIQUE_COMPANY_VERIFICATION
https://www.nsx.com.au/marketdata/delisted-suspended/,2,55,,ASJ1AZ,DELISTED_OR_SUSPENDED_SOURCE_RECORD,"{""Code"": ""ASJ1AZ"", ""Security Name"": ""Angas Securities 1yr deb 8.00% 30APR 2011"", ""Delisted Date"": ""30-Apr-2011;20110430""}","[{""work_id"": ""B05:3763"", ""source_url"": ""https://www.nsx.com.au/marketdata/delisted-suspended/"", ""table"": ""2"", ""row"": ""55"", ""headers_json"": ""[\""Code\"", \""Security Name\"", \""Delisted Date\""]"", ""cells_json"": ""[\""ASJ1AZ\"", \""Angas Securities 1yr deb 8.00% 30APR 2011\"", \""30-Apr-2011;20110430\""]"", ""row_links_json"": ""[\""https://www.nsx.com.au/summary/ASJ1AZ\""]"", ""content_sha256"": ""ccca31c77abbab701f2ffb8c7d49a699a58a446d1429ee5f829cce9293fcfb78"", ""semantic_status"": ""SOURCE_TABLE_ROW_NOT_AUTOMATICALLY_ENTITY""}]",SOURCE_TABLE_RECORD_NOT_GLOBAL_OR_UNIQUE_COMPANY_VERIFICATION
https://www.nsx.com.au/marketdata/delisted-suspended/,2,56,,ASJ1BA,DELISTED_OR_SUSPENDED_SOURCE_RECORD,"{""Code"": ""ASJ1BA"", ""Security Name"": ""Angas Securities 1yr deb 8.00% 31MAY2011"", ""Delisted Date"": ""31-May-2011;20110531""}","[{""work_id"": ""B05:3763"", ""source_url"": ""https://www.nsx.com.au/marketdata/delisted-suspended/"", ""table"": ""2"", ""row"": ""56"", ""headers_json"": ""[\""Code\"", \""Security Name\"", \""Delisted Date\""]"", ""cells_json"": ""[\""ASJ1BA\"", \""Angas Securities 1yr deb 8.00% 31MAY2011\"", \""31-May-2011;20110531\""]"", ""row_links_json"": ""[\""https://www.nsx.com.au/summary/ASJ1BA\""]"", ""content_sha256"": ""ccca31c77abbab701f2ffb8c7d49a699a58a446d1429ee5f829cce9293fcfb78"", ""semantic_status"": ""SOURCE_TABLE_ROW_NOT_AUTOMATICALLY_ENTITY""}]",SOURCE_TABLE_RECORD_NOT_GLOBAL_OR_UNIQUE_COMPANY_VERIFICATION
https://www.nsx.com.au/marketdata/delisted-suspended/,2,57,,ASJ1BB,DELISTED_OR_SUSPENDED_SOURCE_RECORD,"{""Code"": ""ASJ1BB"", ""Security Name"": ""Angas Securities 1yr deb 8.00% 30JUN2011"", ""Delisted Date"": ""30-Jun-2011;20110630""}","[{""work_id"": ""B05:3763"", ""source_url"": ""https://www.nsx.com.au/marketdata/delisted-suspended/"", ""table"": ""2"", ""row"": ""57"", ""headers_json"": ""[\""Code\"", \""Security Name\"", \""Delisted Date\""]"", ""cells_json"": ""[\""ASJ1BB\"", \""Angas Securities 1yr deb 8.00% 30JUN2011\"", \""30-Jun-2011;20110630\""]"", ""row_links_json"": ""[\""https://www.nsx.com.au/summary/ASJ1BB\""]"", ""content_sha256"": ""ccca31c77abbab701f2ffb8c7d49a699a58a446d1429ee5f829cce9293fcfb78"", ""semantic_status"": ""SOURCE_TABLE_ROW_NOT_AUTOMATICALLY_ENTITY""}]",SOURCE_TABLE_RECORD_NOT_GLOBAL_OR_UNIQUE_COMPANY_VERIFICATION
https://www.nsx.com.au/marketdata/delisted-suspended/,2,58,,ASJ1BC,DELISTED_OR_SUSPENDED_SOURCE_RECORD,"{""Code"": ""ASJ1BC"", ""Security Name"": ""Angas Securities 1yr deb 8.00% 31JUL2011"", ""Delisted Date"": ""31-Jul-2011;20110731""}","[{""work_id"": ""B05:3763"", ""source_url"": ""https://www.nsx.com.au/marketdata/delisted-suspended/"", ""table"": ""2"", ""row"": ""58"", ""headers_json"": ""[\""Code\"", \""Security Name\"", \""Delisted Date\""]"", ""cells_json"": ""[\""ASJ1BC\"", \""Angas Securities 1yr deb 8.00% 31JUL2011\"", \""31-Jul-2011;20110731\""]"", ""row_links_json"": ""[\""https://www.nsx.com.au/summary/ASJ1BC\""]"", ""content_sha256"": ""ccca31c77abbab701f2ffb8c7d49a699a58a446d1429ee5f829cce9293fcfb78"", ""semantic_status"": ""SOURCE_TABLE_ROW_NOT_AUTOMATICALLY_ENTITY""}]",SOURCE_TABLE_RECORD_NOT_GLOBAL_OR_UNIQUE_COMPANY_VERIFICATION
https://www.nsx.com.au/marketdata/delisted-suspended/,2,59,,ASJ1BD,DELISTED_OR_SUSPENDED_SOURCE_RECORD,"{""Code"": ""ASJ1BD"", ""Security Name"": ""Angas Securities 1yr deb 8.00% 31AUG2011"", ""Delisted Date"": ""31-Aug-2011;20110831""}","[{""work_id"": ""B05:3763"", ""source_url"": ""https://www.nsx.com.au/marketdata/delisted-suspended/"", ""table"": ""2"", ""row"": ""59"", ""headers_json"": ""[\""Code\"", \""Security Name\"", \""Delisted Date\""]"", ""cells_json"": ""[\""ASJ1BD\"", \""Angas Securities 1yr deb 8.00% 31AUG2011\"", \""31-Aug-2011;20110831\""]"", ""row_links_json"": ""[\""https://www.nsx.com.au/summary/ASJ1BD\""]"", ""content_sha256"": ""ccca31c77abbab701f2ffb8c7d49a699a58a446d1429ee5f829cce9293fcfb78"", ""semantic_status"": ""SOURCE_TABLE_ROW_NOT_AUTOMATICALLY_ENTITY""}]",SOURCE_TABLE_RECORD_NOT_GLOBAL_OR_UNIQUE_COMPANY_VERIFICATION
https://www.nsx.com.au/marketdata/delisted-suspended/,2,60,,ASJ1BE,DELISTED_OR_SUSPENDED_SOURCE_RECORD,"{""Code"": ""ASJ1BE"", ""Security Name"": ""Angas Securities 1yr deb 8.00% 30SEP2011"", ""Delisted Date"": ""30-Sep-2011;20110930""}","[{""work_id"": ""B05:3763"", ""source_url"": ""https://www.nsx.com.au/marketdata/delisted-suspended/"", ""table"": ""2"", ""row"": ""60"", ""headers_json"": ""[\""Code\"", \""Security Name\"", \""Delisted Date\""]"", ""cells_json"": ""[\""ASJ1BE\"", \""Angas Securities 1yr deb 8.00% 30SEP2011\"", \""30-Sep-2011;20110930\""]"", ""row_links_json"": ""[\""https://www.nsx.com.au/summary/ASJ1BE\""]"", ""content_sha256"": ""ccca31c77abbab701f2ffb8c7d49a699a58a446d1429ee5f829cce9293fcfb78"", ""semantic_status"": ""SOURCE_TABLE_ROW_NOT_AUTOMATICALLY_ENTITY""}]",SOURCE_TABLE_RECORD_NOT_GLOBAL_OR_UNIQUE_COMPANY_VERIFICATION
https://www.nsx.com.au/marketdata/delisted-suspended/,2,61,,ASJ1BF,DELISTED_OR_SUSPENDED_SOURCE_RECORD,"{""Code"": ""ASJ1BF"", ""Security Name"": ""Angas Securities 1yr deb 8.00% 31OCT2011"", ""Delisted Date"": ""30-Oct-2011;20111030""}","[{""work_id"": ""B05:3763"", ""source_url"": ""https://www.nsx.com.au/marketdata/delisted-suspended/"", ""table"": ""2"", ""row"": ""61"", ""headers_json"": ""[\""Code\"", \""Security Name\"", \""Delisted Date\""]"", ""cells_json"": ""[\""ASJ1BF\"", \""Angas Securities 1yr deb 8.00% 31OCT2011\"", \""30-Oct-2011;20111030\""]"", ""row_links_json"": ""[\""https://www.nsx.com.au/summary/ASJ1BF\""]"", ""content_sha256"": ""ccca31c77abbab701f2ffb8c7d49a699a58a446d1429ee5f829cce9293fcfb78"", ""semantic_status"": ""SOURCE_TABLE_ROW_NOT_AUTOMATICALLY_ENTITY""}]",SOURCE_TABLE_RECORD_NOT_GLOBAL_OR_UNIQUE_COMPANY_VERIFICATION
https://www.nsx.com.au/marketdata/delisted-suspended/,2,62,,ASJ1BG,DELISTED_OR_SUSPENDED_SOURCE_RECORD,"{""Code"": ""ASJ1BG"", ""Security Name"": ""Angas Securities 1yr deb 8.00% 30NOV2011"", ""Delisted Date"": ""30-Nov-2011;20111130""}","[{""work_id"": ""B05:3763"", ""source_url"": ""https://www.nsx.com.au/marketdata/delisted-suspended/"", ""table"": ""2"", ""row"": ""62"", ""headers_json"": ""[\""Code\"", \""Security Name\"", \""Delisted Date\""]"", ""cells_json"": ""[\""ASJ1BG\"", \""Angas Securities 1yr deb 8.00% 30NOV2011\"", \""30-Nov-2011;20111130\""]"", ""row_links_json"": ""[\""https://www.nsx.com.au/summary/ASJ1BG\""]"", ""content_sha256"": ""ccca31c77abbab701f2ffb8c7d49a699a58a446d1429ee5f829cce9293fcfb78"", ""semantic_status"": ""SOURCE_TABLE_ROW_NOT_AUTOMATICALLY_ENTITY""}]",SOURCE_TABLE_RECORD_NOT_GLOBAL_OR_UNIQUE_COMPANY_VERIFICATION
https://www.nsx.com.au/marketdata/delisted-suspended/,2,63,,ASJ1BH,DELISTED_OR_SUSPENDED_SOURCE_RECORD,"{""Code"": ""ASJ1BH"", ""Security Name"": ""Angas Securities 1yr deb 8.00% 31DEC2011"", ""Delisted Date"": ""31-Dec-2011;20111231""}","[{""work_id"": ""B05:3763"", ""source_url"": ""https://www.nsx.com.au/marketdata/delisted-suspended/"", ""table"": ""2"", ""row"": ""63"", ""headers_json"": ""[\""Code\"", \""Security Name\"", \""Delisted Date\""]"", ""cells_json"": ""[\""ASJ1BH\"", \""Angas Securities 1yr deb 8.00% 31DEC2011\"", \""31-Dec-2011;20111231\""]"", ""row_links_json"": ""[\""https://www.nsx.com.au/summary/ASJ1BH\""]"", ""content_sha256"": ""ccca31c77abbab701f2ffb8c7d49a699a58a446d1429ee5f829cce9293fcfb78"", ""semantic_status"": ""SOURCE_TABLE_ROW_NOT_AUTOMATICALLY_ENTITY""}]",SOURCE_TABLE_RECORD_NOT_GLOBAL_OR_UNIQUE_COMPANY_VERIFICATION
https://www.nsx.com.au/marketdata/delisted-suspended/,2,64,,ASJ1BI,DELISTED_OR_SUSPENDED_SOURCE_RECORD,"{""Code"": ""ASJ1BI"", ""Security Name"": ""Angas Securities 1yr deb 8.00% 31JAN2012"", ""Delisted Date"": ""31-Jan-2012;20120131""}","[{""work_id"": ""B05:3763"", ""source_url"": ""https://www.nsx.com.au/marketdata/delisted-suspended/"", ""table"": ""2"", ""row"": ""64"", ""headers_json"": ""[\""Code\"", \""Security Name\"", \""Delisted Date\""]"", ""cells_json"": ""[\""ASJ1BI\"", \""Angas Securities 1yr deb 8.00% 31JAN2012\"", \""31-Jan-2012;20120131\""]"", ""row_links_json"": ""[\""https://www.nsx.com.au/summary/ASJ1BI\""]"", ""content_sha256"": ""ccca31c77abbab701f2ffb8c7d49a699a58a446d1429ee5f829cce9293fcfb78"", ""semantic_status"": ""SOURCE_TABLE_ROW_NOT_AUTOMATICALLY_ENTITY""}]",SOURCE_TABLE_RECORD_NOT_GLOBAL_OR_UNIQUE_COMPANY_VERIFICATION
https://www.nsx.com.au/marketdata/delisted-suspended/,2,65,,ASJ1BJ,DELISTED_OR_SUSPENDED_SOURCE_RECORD,"{""Code"": ""ASJ1BJ"", ""Security Name"": ""Angas Securities 1yr deb 8.00% 29FEB2012"", ""Delisted Date"": ""29-Feb-2012;20120229""}","[{""work_id"": ""B05:3763"", ""source_url"": ""https://www.nsx.com.au/marketdata/delisted-suspended/"", ""table"": ""2"", ""row"": ""65"", ""headers_json"": ""[\""Code\"", \""Security Name\"", \""Delisted Date\""]"", ""cells_json"": ""[\""ASJ1BJ\"", \""Angas Securities 1yr deb 8.00% 29FEB2012\"", \""29-Feb-2012;20120229\""]"", ""row_links_json"": ""[\""https://www.nsx.com.au/summary/ASJ1BJ\""]"", ""content_sha256"": ""ccca31c77abbab701f2ffb8c7d49a699a58a446d1429ee5f829cce9293fcfb78"", ""semantic_status"": ""SOURCE_TABLE_ROW_NOT_AUTOMATICALLY_ENTITY""}]",SOURCE_TABLE_RECORD_NOT_GLOBAL_OR_UNIQUE_COMPANY_VERIFICATION
https://www.nsx.com.au/marketdata/delisted-suspended/,2,66,,ASJ1BK,DELISTED_OR_SUSPENDED_SOURCE_RECORD,"{""Code"": ""ASJ1BK"", ""Security Name"": ""Angas Securities 1yr deb 8.00% 31MAR2012"", ""Delisted Date"": ""31-Mar-2012;20120331""}","[{""work_id"": ""B05:3763"", ""source_url"": ""https://www.nsx.com.au/marketdata/delisted-suspended/"", ""table"": ""2"", ""row"": ""66"", ""headers_json"": ""[\""Code\"", \""Security Name\"", \""Delisted Date\""]"", ""cells_json"": ""[\""ASJ1BK\"", \""Angas Securities 1yr deb 8.00% 31MAR2012\"", \""31-Mar-2012;20120331\""]"", ""row_links_json"": ""[\""https://www.nsx.com.au/summary/ASJ1BK\""]"", ""content_sha256"": ""ccca31c77abbab701f2ffb8c7d49a699a58a446d1429ee5f829cce9293fcfb78"", ""semantic_status"": ""SOURCE_TABLE_ROW_NOT_AUTOMATICALLY_ENTITY""}]",SOURCE_TABLE_RECORD_NOT_GLOBAL_OR_UNIQUE_COMPANY_VERIFICATION
https://www.nsx.com.au/marketdata/delisted-suspended/,2,67,,ASJ1BL,DELISTED_OR_SUSPENDED_SOURCE_RECORD,"{""Code"": ""ASJ1BL"", ""Security Name"": ""Angas Securities 1yr deb 8.00% 30APR2012"", ""Delisted Date"": ""30-Apr-2012;20120430""}","[{""work_id"": ""B05:3763"", ""source_url"": ""https://www.nsx.com.au/marketdata/delisted-suspended/"", ""table"": ""2"", ""row"": ""67"", ""headers_json"": ""[\""Code\"", \""Security Name\"", \""Delisted Date\""]"", ""cells_json"": ""[\""ASJ1BL\"", \""Angas Securities 1yr deb 8.00% 30APR2012\"", \""30-Apr-2012;20120430\""]"", ""row_links_json"": ""[\""https://www.nsx.com.au/summary/ASJ1BL\""]"", ""content_sha256"": ""ccca31c77abbab701f2ffb8c7d49a699a58a446d1429ee5f829cce9293fcfb78"", ""semantic_status"": ""SOURCE_TABLE_ROW_NOT_AUTOMATICALLY_ENTITY""}]",SOURCE_TABLE_RECORD_NOT_GLOBAL_OR_UNIQUE_COMPANY_VERIFICATION
https://www.nsx.com.au/marketdata/delisted-suspended/,2,68,,ASJ1BM,DELISTED_OR_SUSPENDED_SOURCE_RECORD,"{""Code"": ""ASJ1BM"", ""Security Name"": ""Angas Securities 1yr Deb 8.00% 31May2012"", ""Delisted Date"": ""31-May-2012;20120531""}","[{""work_id"": ""B05:3763"", ""source_url"": ""https://www.nsx.com.au/marketdata/delisted-suspended/"", ""table"": ""2"", ""row"": ""68"", ""headers_json"": ""[\""Code\"", \""Security Name\"", \""Delisted Date\""]"", ""cells_json"": ""[\""ASJ1BM\"", \""Angas Securities 1yr Deb 8.00% 31May2012\"", \""31-May-2012;20120531\""]"", ""row_links_json"": ""[\""https://www.nsx.com.au/summary/ASJ1BM\""]"", ""content_sha256"": ""ccca31c77abbab701f2ffb8c7d49a699a58a446d1429ee5f829cce9293fcfb78"", ""semantic_status"": ""SOURCE_TABLE_ROW_NOT_AUTOMATICALLY_ENTITY""}]",SOURCE_TABLE_RECORD_NOT_GLOBAL_OR_UNIQUE_COMPANY_VERIFICATION
https://www.nsx.com.au/marketdata/delisted-suspended/,2,69,,ASJ1BN,DELISTED_OR_SUSPENDED_SOURCE_RECORD,"{""Code"": ""ASJ1BN"", ""Security Name"": ""Angas Securities 1yr deb 8.00% 30JUN2012"", ""Delisted Date"": ""30-Jun-2012;20120630""}","[{""work_id"": ""B05:3763"", ""source_url"": ""https://www.nsx.com.au/marketdata/delisted-suspended/"", ""table"": ""2"", ""row"": ""69"", ""headers_json"": ""[\""Code\"", \""Security Name\"", \""Delisted Date\""]"", ""cells_json"": ""[\""ASJ1BN\"", \""Angas Securities 1yr deb 8.00% 30JUN2012\"", \""30-Jun-2012;20120630\""]"", ""row_links_json"": ""[\""https://www.nsx.com.au/summary/ASJ1BN\""]"", ""content_sha256"": ""ccca31c77abbab701f2ffb8c7d49a699a58a446d1429ee5f829cce9293fcfb78"", ""semantic_status"": ""SOURCE_TABLE_ROW_NOT_AUTOMATICALLY_ENTITY""}]",SOURCE_TABLE_RECORD_NOT_GLOBAL_OR_UNIQUE_COMPANY_VERIFICATION
https://www.nsx.com.au/marketdata/delisted-suspended/,2,70,,ASJ1BO,DELISTED_OR_SUSPENDED_SOURCE_RECORD,"{""Code"": ""ASJ1BO"", ""Security Name"": ""Angas Securities 1yr deb 8.00% 31JUL2012"", ""Delisted Date"": ""31-Jul-2012;20120731""}","[{""work_id"": ""B05:3763"", ""source_url"": ""https://www.nsx.com.au/marketdata/delisted-suspended/"", ""table"": ""2"", ""row"": ""70"", ""headers_json"": ""[\""Code\"", \""Security Name\"", \""Delisted Date\""]"", ""cells_json"": ""[\""ASJ1BO\"", \""Angas Securities 1yr deb 8.00% 31JUL2012\"", \""31-Jul-2012;20120731\""]"", ""row_links_json"": ""[\""https://www.nsx.com.au/summary/ASJ1BO\""]"", ""content_sha256"": ""ccca31c77abbab701f2ffb8c7d49a699a58a446d1429ee5f829cce9293fcfb78"", ""semantic_status"": ""SOURCE_TABLE_ROW_NOT_AUTOMATICALLY_ENTITY""}]",SOURCE_TABLE_RECORD_NOT_GLOBAL_OR_UNIQUE_COMPANY_VERIFICATION
https://www.nsx.com.au/marketdata/delisted-suspended/,2,71,,ASJ1BP,DELISTED_OR_SUSPENDED_SOURCE_RECORD,"{""Code"": ""ASJ1BP"", ""Security Name"": ""Angas Securities 1yr deb 8.00% 31AUG2012"", ""Delisted Date"": ""31-Aug-2012;20120831""}","[{""work_id"": ""B05:3763"", ""source_url"": ""https://www.nsx.com.au/marketdata/delisted-suspended/"", ""table"": ""2"", ""row"": ""71"", ""headers_json"": ""[\""Code\"", \""Security Name\"", \""Delisted Date\""]"", ""cells_json"": ""[\""ASJ1BP\"", \""Angas Securities 1yr deb 8.00% 31AUG2012\"", \""31-Aug-2012;20120831\""]"", ""row_links_json"": ""[\""https://www.nsx.com.au/summary/ASJ1BP\""]"", ""content_sha256"": ""ccca31c77abbab701f2ffb8c7d49a699a58a446d1429ee5f829cce9293fcfb78"", ""semantic_status"": ""SOURCE_TABLE_ROW_NOT_AUTOMATICALLY_ENTITY""}]",SOURCE_TABLE_RECORD_NOT_GLOBAL_OR_UNIQUE_COMPANY_VERIFICATION
https://www.nsx.com.au/marketdata/delisted-suspended/,2,72,,ASJ1BQ,DELISTED_OR_SUSPENDED_SOURCE_RECORD,"{""Code"": ""ASJ1BQ"", ""Security Name"": ""Angas Securities 1yr deb 8.00% 30SEP2012"", ""Delisted Date"": ""30-Sep-2012;20120930""}","[{""work_id"": ""B05:3763"", ""source_url"": ""https://www.nsx.com.au/marketdata/delisted-suspended/"", ""table"": ""2"", ""row"": ""72"", ""headers_json"": ""[\""Code\"", \""Security Name\"", \""Delisted Date\""]"", ""cells_json"": ""[\""ASJ1BQ\"", \""Angas Securities 1yr deb 8.00% 30SEP2012\"", \""30-Sep-2012;20120930\""]"", ""row_links_json"": ""[\""https://www.nsx.com.au/summary/ASJ1BQ\""]"", ""content_sha256"": ""ccca31c77abbab701f2ffb8c7d49a699a58a446d1429ee5f829cce9293fcfb78"", ""semantic_status"": ""SOURCE_TABLE_ROW_NOT_AUTOMATICALLY_ENTITY""}]",SOURCE_TABLE_RECORD_NOT_GLOBAL_OR_UNIQUE_COMPANY_VERIFICATION
https://www.nsx.com.au/marketdata/delisted-suspended/,2,73,,ASJ1BR,DELISTED_OR_SUSPENDED_SOURCE_RECORD,"{""Code"": ""ASJ1BR"", ""Security Name"": ""Angas Securities 1yr deb 8.00% 31OCT2012"", ""Delisted Date"": ""31-Oct-2012;20121031""}","[{""work_id"": ""B05:3763"", ""source_url"": ""https://www.nsx.com.au/marketdata/delisted-suspended/"", ""table"": ""2"", ""row"": ""73"", ""headers_json"": ""[\""Code\"", \""Security Name\"", \""Delisted Date\""]"", ""cells_json"": ""[\""ASJ1BR\"", \""Angas Securities 1yr deb 8.00% 31OCT2012\"", \""31-Oct-2012;20121031\""]"", ""row_links_json"": ""[\""https://www.nsx.com.au/summary/ASJ1BR\""]"", ""content_sha256"": ""ccca31c77abbab701f2ffb8c7d49a699a58a446d1429ee5f829cce9293fcfb78"", ""semantic_status"": ""SOURCE_TABLE_ROW_NOT_AUTOMATICALLY_ENTITY""}]",SOURCE_TABLE_RECORD_NOT_GLOBAL_OR_UNIQUE_COMPANY_VERIFICATION
https://www.nsx.com.au/marketdata/delisted-suspended/,2,74,,ASJ1BS,DELISTED_OR_SUSPENDED_SOURCE_RECORD,"{""Code"": ""ASJ1BS"", ""Security Name"": ""Angas Securities 1 yr deb 8.00% 30NOV2012"", ""Delisted Date"": ""30-Nov-2012;20121130""}","[{""work_id"": ""B05:3763"", ""source_url"": ""https://www.nsx.com.au/marketdata/delisted-suspended/"", ""table"": ""2"", ""row"": ""74"", ""headers_json"": ""[\""Code\"", \""Security Name\"", \""Delisted Date\""]"", ""cells_json"": ""[\""ASJ1BS\"", \""Angas Securities 1 yr deb 8.00% 30NOV2012\"", \""30-Nov-2012;20121130\""]"", ""row_links_json"": ""[\""https://www.nsx.com.au/summary/ASJ1BS\""]"", ""content_sha256"": ""ccca31c77abbab701f2ffb8c7d49a699a58a446d1429ee5f829cce9293fcfb78"", ""semantic_status"": ""SOURCE_TABLE_ROW_NOT_AUTOMATICALLY_ENTITY""}]",SOURCE_TABLE_RECORD_NOT_GLOBAL_OR_UNIQUE_COMPANY_VERIFICATION
https://www.nsx.com.au/marketdata/delisted-suspended/,2,75,,ASJ1BT,DELISTED_OR_SUSPENDED_SOURCE_RECORD,"{""Code"": ""ASJ1BT"", ""Security Name"": ""Angas Securities 1 yr deb 8.00% 31DEC2012"", ""Delisted Date"": ""31-Dec-2012;20121231""}","[{""work_id"": ""B05:3763"", ""source_url"": ""https://www.nsx.com.au/marketdata/delisted-suspended/"", ""table"": ""2"", ""row"": ""75"", ""headers_json"": ""[\""Code\"", \""Security Name\"", \""Delisted Date\""]"", ""cells_json"": ""[\""ASJ1BT\"", \""Angas Securities 1 yr deb 8.00% 31DEC2012\"", \""31-Dec-2012;20121231\""]"", ""row_links_json"": ""[\""https://www.nsx.com.au/summary/ASJ1BT\""]"", ""content_sha256"": ""ccca31c77abbab701f2ffb8c7d49a699a58a446d1429ee5f829cce9293fcfb78"", ""semantic_status"": ""SOURCE_TABLE_ROW_NOT_AUTOMATICALLY_ENTITY""}]",SOURCE_TABLE_RECORD_NOT_GLOBAL_OR_UNIQUE_COMPANY_VERIFICATION
https://www.nsx.com.au/marketdata/delisted-suspended/,2,76,,ASJ1BU,DELISTED_OR_SUSPENDED_SOURCE_RECORD,"{""Code"": ""ASJ1BU"", ""Security Name"": ""Angas Securities 1 yr deb 8.00% 31JAN2013"", ""Delisted Date"": ""31-Jan-2013;20130131""}","[{""work_id"": ""B05:3763"", ""source_url"": ""https://www.nsx.com.au/marketdata/delisted-suspended/"", ""table"": ""2"", ""row"": ""76"", ""headers_json"": ""[\""Code\"", \""Security Name\"", \""Delisted Date\""]"", ""cells_json"": ""[\""ASJ1BU\"", \""Angas Securities 1 yr deb 8.00% 31JAN2013\"", \""31-Jan-2013;20130131\""]"", ""row_links_json"": ""[\""https://www.nsx.com.au/summary/ASJ1BU\""]"", ""content_sha256"": ""ccca31c77abbab701f2ffb8c7d49a699a58a446d1429ee5f829cce9293fcfb78"", ""semantic_status"": ""SOURCE_TABLE_ROW_NOT_AUTOMATICALLY_ENTITY""}]",SOURCE_TABLE_RECORD_NOT_GLOBAL_OR_UNIQUE_COMPANY_VERIFICATION
https://www.nsx.com.au/marketdata/delisted-suspended/,2,77,,ASJ1BV,DELISTED_OR_SUSPENDED_SOURCE_RECORD,"{""Code"": ""ASJ1BV"", ""Security Name"": ""Angas Securities 1 yr deb 8.00% 28FEB2013"", ""Delisted Date"": ""28-Feb-2013;20130228""}","[{""work_id"": ""B05:3763"", ""source_url"": ""https://www.nsx.com.au/marketdata/delisted-suspended/"", ""table"": ""2"", ""row"": ""77"", ""headers_json"": ""[\""Code\"", \""Security Name\"", \""Delisted Date\""]"", ""cells_json"": ""[\""ASJ1BV\"", \""Angas Securities 1 yr deb 8.00% 28FEB2013\"", \""28-Feb-2013;20130228\""]"", ""row_links_json"": ""[\""https://www.nsx.com.au/summary/ASJ1BV\""]"", ""content_sha256"": ""ccca31c77abbab701f2ffb8c7d49a699a58a446d1429ee5f829cce9293fcfb78"", ""semantic_status"": ""SOURCE_TABLE_ROW_NOT_AUTOMATICALLY_ENTITY""}]",SOURCE_TABLE_RECORD_NOT_GLOBAL_OR_UNIQUE_COMPANY_VERIFICATION
https://www.nsx.com.au/marketdata/delisted-suspended/,2,78,,ASJ1BW,DELISTED_OR_SUSPENDED_SOURCE_RECORD,"{""Code"": ""ASJ1BW"", ""Security Name"": ""Angas Securities 1 yr deb 7.5% 31MAR2013"", ""Delisted Date"": ""31-Mar-2013;20130331""}","[{""work_id"": ""B05:3763"", ""source_url"": ""https://www.nsx.com.au/marketdata/delisted-suspended/"", ""table"": ""2"", ""row"": ""78"", ""headers_json"": ""[\""Code\"", \""Security Name\"", \""Delisted Date\""]"", ""cells_json"": ""[\""ASJ1BW\"", \""Angas Securities 1 yr deb 7.5% 31MAR2013\"", \""31-Mar-2013;20130331\""]"", ""row_links_json"": ""[\""https://www.nsx.com.au/summary/ASJ1BW\""]"", ""content_sha256"": ""ccca31c77abbab701f2ffb8c7d49a699a58a446d1429ee5f829cce9293fcfb78"", ""semantic_status"": ""SOURCE_TABLE_ROW_NOT_AUTOMATICALLY_ENTITY""}]",SOURCE_TABLE_RECORD_NOT_GLOBAL_OR_UNIQUE_COMPANY_VERIFICATION
https://www.nsx.com.au/marketdata/delisted-suspended/,2,79,,ASJ1BX,DELISTED_OR_SUSPENDED_SOURCE_RECORD,"{""Code"": ""ASJ1BX"", ""Security Name"": ""Angas Securities 1 yr deb 7.5% 30APR2013"", ""Delisted Date"": ""30-Apr-2013;20130430""}","[{""work_id"": ""B05:3763"", ""source_url"": ""https://www.nsx.com.au/marketdata/delisted-suspended/"", ""table"": ""2"", ""row"": ""79"", ""headers_json"": ""[\""Code\"", \""Security Name\"", \""Delisted Date\""]"", ""cells_json"": ""[\""ASJ1BX\"", \""Angas Securities 1 yr deb 7.5% 30APR2013\"", \""30-Apr-2013;20130430\""]"", ""row_links_json"": ""[\""https://www.nsx.com.au/summary/ASJ1BX\""]"", ""content_sha256"": ""ccca31c77abbab701f2ffb8c7d49a699a58a446d1429ee5f829cce9293fcfb78"", ""semantic_status"": ""SOURCE_TABLE_ROW_NOT_AUTOMATICALLY_ENTITY""}]",SOURCE_TABLE_RECORD_NOT_GLOBAL_OR_UNIQUE_COMPANY_VERIFICATION
https://www.nsx.com.au/marketdata/delisted-suspended/,2,80,,ASJ1BY,DELISTED_OR_SUSPENDED_SOURCE_RECORD,"{""Code"": ""ASJ1BY"", ""Security Name"": ""Angas Securities 1 yr deb 7.5% 31MAY2013"", ""Delisted Date"": ""31-May-2013;20130531""}","[{""work_id"": ""B05:3763"", ""source_url"": ""https://www.nsx.com.au/marketdata/delisted-suspended/"", ""table"": ""2"", ""row"": ""80"", ""headers_json"": ""[\""Code\"", \""Security Name\"", \""Delisted Date\""]"", ""cells_json"": ""[\""ASJ1BY\"", \""Angas Securities 1 yr deb 7.5% 31MAY2013\"", \""31-May-2013;20130531\""]"", ""row_links_json"": ""[\""https://www.nsx.com.au/summary/ASJ1BY\""]"", ""content_sha256"": ""ccca31c77abbab701f2ffb8c7d49a699a58a446d1429ee5f829cce9293fcfb78"", ""semantic_status"": ""SOURCE_TABLE_ROW_NOT_AUTOMATICALLY_ENTITY""}]",SOURCE_TABLE_RECORD_NOT_GLOBAL_OR_UNIQUE_COMPANY_VERIFICATION
https://www.nsx.com.au/marketdata/delisted-suspended/,2,81,,ASJ1BZ,DELISTED_OR_SUSPENDED_SOURCE_RECORD,"{""Code"": ""ASJ1BZ"", ""Security Name"": ""Angas Securities 1 yr deb 7.5% 30JUN2013"", ""Delisted Date"": ""30-Jun-2013;20130630""}","[{""work_id"": ""B05:3763"", ""source_url"": ""https://www.nsx.com.au/marketdata/delisted-suspended/"", ""table"": ""2"", ""row"": ""81"", ""headers_json"": ""[\""Code\"", \""Security Name\"", \""Delisted Date\""]"", ""cells_json"": ""[\""ASJ1BZ\"", \""Angas Securities 1 yr deb 7.5% 30JUN2013\"", \""30-Jun-2013;20130630\""]"", ""row_links_json"": ""[\""https://www.nsx.com.au/summary/ASJ1BZ\""]"", ""content_sha256"": ""ccca31c77abbab701f2ffb8c7d49a699a58a446d1429ee5f829cce9293fcfb78"", ""semantic_status"": ""SOURCE_TABLE_ROW_NOT_AUTOMATICALLY_ENTITY""}]",SOURCE_TABLE_RECORD_NOT_GLOBAL_OR_UNIQUE_COMPANY_VERIFICATION
https://www.nsx.com.au/marketdata/delisted-suspended/,2,82,,ASJ1CA,DELISTED_OR_SUSPENDED_SOURCE_RECORD,"{""Code"": ""ASJ1CA"", ""Security Name"": ""Angas Securities 1yr deb 7.5% 31JUL2013"", ""Delisted Date"": ""31-Jul-2013;20130731""}","[{""work_id"": ""B05:3763"", ""source_url"": ""https://www.nsx.com.au/marketdata/delisted-suspended/"", ""table"": ""2"", ""row"": ""82"", ""headers_json"": ""[\""Code\"", \""Security Name\"", \""Delisted Date\""]"", ""cells_json"": ""[\""ASJ1CA\"", \""Angas Securities 1yr deb 7.5% 31JUL2013\"", \""31-Jul-2013;20130731\""]"", ""row_links_json"": ""[\""https://www.nsx.com.au/summary/ASJ1CA\""]"", ""content_sha256"": ""ccca31c77abbab701f2ffb8c7d49a699a58a446d1429ee5f829cce9293fcfb78"", ""semantic_status"": ""SOURCE_TABLE_ROW_NOT_AUTOMATICALLY_ENTITY""}]",SOURCE_TABLE_RECORD_NOT_GLOBAL_OR_UNIQUE_COMPANY_VERIFICATION
https://www.nsx.com.au/marketdata/delisted-suspended/,2,83,,ASJ1CB,DELISTED_OR_SUSPENDED_SOURCE_RECORD,"{""Code"": ""ASJ1CB"", ""Security Name"": ""Angas Securities 1yr deb 7.5% 31AUG2013"", ""Delisted Date"": ""31-Aug-2013;20130831""}","[{""work_id"": ""B05:3763"", ""source_url"": ""https://www.nsx.com.au/marketdata/delisted-suspended/"", ""table"": ""2"", ""row"": ""83"", ""headers_json"": ""[\""Code\"", \""Security Name\"", \""Delisted Date\""]"", ""cells_json"": ""[\""ASJ1CB\"", \""Angas Securities 1yr deb 7.5% 31AUG2013\"", \""31-Aug-2013;20130831\""]"", ""row_links_json"": ""[\""https://www.nsx.com.au/summary/ASJ1CB\""]"", ""content_sha256"": ""ccca31c77abbab701f2ffb8c7d49a699a58a446d1429ee5f829cce9293fcfb78"", ""semantic_status"": ""SOURCE_TABLE_ROW_NOT_AUTOMATICALLY_ENTITY""}]",SOURCE_TABLE_RECORD_NOT_GLOBAL_OR_UNIQUE_COMPANY_VERIFICATION
https://www.nsx.com.au/marketdata/delisted-suspended/,2,84,,ASJ1CC,DELISTED_OR_SUSPENDED_SOURCE_RECORD,"{""Code"": ""ASJ1CC"", ""Security Name"": ""Angas Securities 1yr deb 7.5% 30 Sept 2013"", ""Delisted Date"": ""30-Sep-2013;20130930""}","[{""work_id"": ""B05:3763"", ""source_url"": ""https://www.nsx.com.au/marketdata/delisted-suspended/"", ""table"": ""2"", ""row"": ""84"", ""headers_json"": ""[\""Code\"", \""Security Name\"", \""Delisted Date\""]"", ""cells_json"": ""[\""ASJ1CC\"", \""Angas Securities 1yr deb 7.5% 30 Sept 2013\"", \""30-Sep-2013;20130930\""]"", ""row_links_json"": ""[\""https://www.nsx.com.au/summary/ASJ1CC\""]"", ""content_sha256"": ""ccca31c77abbab701f2ffb8c7d49a699a58a446d1429ee5f829cce9293fcfb78"", ""semantic_status"": ""SOURCE_TABLE_ROW_NOT_AUTOMATICALLY_ENTITY""}]",SOURCE_TABLE_RECORD_NOT_GLOBAL_OR_UNIQUE_COMPANY_VERIFICATION
https://www.nsx.com.au/marketdata/delisted-suspended/,2,85,,ASJ1CD,DELISTED_OR_SUSPENDED_SOURCE_RECORD,"{""Code"": ""ASJ1CD"", ""Security Name"": ""Angas Securities 1 yr deb 7.5% 31 Oct 2013"", ""Delisted Date"": ""31-Oct-2013;20131031""}","[{""work_id"": ""B05:3763"", ""source_url"": ""https://www.nsx.com.au/marketdata/delisted-suspended/"", ""table"": ""2"", ""row"": ""85"", ""headers_json"": ""[\""Code\"", \""Security Name\"", \""Delisted Date\""]"", ""cells_json"": ""[\""ASJ1CD\"", \""Angas Securities 1 yr deb 7.5% 31 Oct 2013\"", \""31-Oct-2013;20131031\""]"", ""row_links_json"": ""[\""https://www.nsx.com.au/summary/ASJ1CD\""]"", ""content_sha256"": ""ccca31c77abbab701f2ffb8c7d49a699a58a446d1429ee5f829cce9293fcfb78"", ""semantic_status"": ""SOURCE_TABLE_ROW_NOT_AUTOMATICALLY_ENTITY""}]",SOURCE_TABLE_RECORD_NOT_GLOBAL_OR_UNIQUE_COMPANY_VERIFICATION
https://www.nsx.com.au/marketdata/delisted-suspended/,2,86,,ASJ1CE,DELISTED_OR_SUSPENDED_SOURCE_RECORD,"{""Code"": ""ASJ1CE"", ""Security Name"": ""Angas Securities 1 yr deb 7.5% 30 Nov 2013"", ""Delisted Date"": ""30-Nov-2013;20131130""}","[{""work_id"": ""B05:3763"", ""source_url"": ""https://www.nsx.com.au/marketdata/delisted-suspended/"", ""table"": ""2"", ""row"": ""86"", ""headers_json"": ""[\""Code\"", \""Security Name\"", \""Delisted Date\""]"", ""cells_json"": ""[\""ASJ1CE\"", \""Angas Securities 1 yr deb 7.5% 30 Nov 2013\"", \""30-Nov-2013;20131130\""]"", ""row_links_json"": ""[\""https://www.nsx.com.au/summary/ASJ1CE\""]"", ""content_sha256"": ""ccca31c77abbab701f2ffb8c7d49a699a58a446d1429ee5f829cce9293fcfb78"", ""semantic_status"": ""SOURCE_TABLE_ROW_NOT_AUTOMATICALLY_ENTITY""}]",SOURCE_TABLE_RECORD_NOT_GLOBAL_OR_UNIQUE_COMPANY_VERIFICATION
https://www.nsx.com.au/marketdata/delisted-suspended/,2,87,,ASJ1CF,DELISTED_OR_SUSPENDED_SOURCE_RECORD,"{""Code"": ""ASJ1CF"", ""Security Name"": ""Angas Securities 1 yr deb 7.5% 31 Dec 2013"", ""Delisted Date"": ""31-Dec-2013;20131231""}","[{""work_id"": ""B05:3763"", ""source_url"": ""https://www.nsx.com.au/marketdata/delisted-suspended/"", ""table"": ""2"", ""row"": ""87"", ""headers_json"": ""[\""Code\"", \""Security Name\"", \""Delisted Date\""]"", ""cells_json"": ""[\""ASJ1CF\"", \""Angas Securities 1 yr deb 7.5% 31 Dec 2013\"", \""31-Dec-2013;20131231\""]"", ""row_links_json"": ""[\""https://www.nsx.com.au/summary/ASJ1CF\""]"", ""content_sha256"": ""ccca31c77abbab701f2ffb8c7d49a699a58a446d1429ee5f829cce9293fcfb78"", ""semantic_status"": ""SOURCE_TABLE_ROW_NOT_AUTOMATICALLY_ENTITY""}]",SOURCE_TABLE_RECORD_NOT_GLOBAL_OR_UNIQUE_COMPANY_VERIFICATION
https://www.nsx.com.au/marketdata/delisted-suspended/,2,88,,ASJ1CG,DELISTED_OR_SUSPENDED_SOURCE_RECORD,"{""Code"": ""ASJ1CG"", ""Security Name"": ""Angas Securities 1 yr deb 7.5% 31 Jan 2014"", ""Delisted Date"": ""31-Jan-2014;20140131""}","[{""work_id"": ""B05:3763"", ""source_url"": ""https://www.nsx.com.au/marketdata/delisted-suspended/"", ""table"": ""2"", ""row"": ""88"", ""headers_json"": ""[\""Code\"", \""Security Name\"", \""Delisted Date\""]"", ""cells_json"": ""[\""ASJ1CG\"", \""Angas Securities 1 yr deb 7.5% 31 Jan 2014\"", \""31-Jan-2014;20140131\""]"", ""row_links_json"": ""[\""https://www.nsx.com.au/summary/ASJ1CG\""]"", ""content_sha256"": ""ccca31c77abbab701f2ffb8c7d49a699a58a446d1429ee5f829cce9293fcfb78"", ""semantic_status"": ""SOURCE_TABLE_ROW_NOT_AUTOMATICALLY_ENTITY""}]",SOURCE_TABLE_RECORD_NOT_GLOBAL_OR_UNIQUE_COMPANY_VERIFICATION
https://www.nsx.com.au/marketdata/delisted-suspended/,2,89,,ASJ1CH,DELISTED_OR_SUSPENDED_SOURCE_RECORD,"{""Code"": ""ASJ1CH"", ""Security Name"": ""Angas Securities 1yr deb 7.00% 28 Feb 2014"", ""Delisted Date"": ""28-Feb-2014;20140228""}","[{""work_id"": ""B05:3763"", ""source_url"": ""https://www.nsx.com.au/marketdata/delisted-suspended/"", ""table"": ""2"", ""row"": ""89"", ""headers_json"": ""[\""Code\"", \""Security Name\"", \""Delisted Date\""]"", ""cells_json"": ""[\""ASJ1CH\"", \""Angas Securities 1yr deb 7.00% 28 Feb 2014\"", \""28-Feb-2014;20140228\""]"", ""row_links_json"": ""[\""https://www.nsx.com.au/summary/ASJ1CH\""]"", ""content_sha256"": ""ccca31c77abbab701f2ffb8c7d49a699a58a446d1429ee5f829cce9293fcfb78"", ""semantic_status"": ""SOURCE_TABLE_ROW_NOT_AUTOMATICALLY_ENTITY""}]",SOURCE_TABLE_RECORD_NOT_GLOBAL_OR_UNIQUE_COMPANY_VERIFICATION
https://www.nsx.com.au/marketdata/delisted-suspended/,2,90,,ASJ1CI,DELISTED_OR_SUSPENDED_SOURCE_RECORD,"{""Code"": ""ASJ1CI"", ""Security Name"": ""Angas Securities 1 yr deb 7.0% 31 March 2014"", ""Delisted Date"": ""31-Mar-2014;20140331""}","[{""work_id"": ""B05:3763"", ""source_url"": ""https://www.nsx.com.au/marketdata/delisted-suspended/"", ""table"": ""2"", ""row"": ""90"", ""headers_json"": ""[\""Code\"", \""Security Name\"", \""Delisted Date\""]"", ""cells_json"": ""[\""ASJ1CI\"", \""Angas Securities 1 yr deb 7.0% 31 March 2014\"", \""31-Mar-2014;20140331\""]"", ""row_links_json"": ""[\""https://www.nsx.com.au/summary/ASJ1CI\""]"", ""content_sha256"": ""ccca31c77abbab701f2ffb8c7d49a699a58a446d1429ee5f829cce9293fcfb78"", ""semantic_status"": ""SOURCE_TABLE_ROW_NOT_AUTOMATICALLY_ENTITY""}]",SOURCE_TABLE_RECORD_NOT_GLOBAL_OR_UNIQUE_COMPANY_VERIFICATION
https://www.nsx.com.au/marketdata/delisted-suspended/,2,91,,ASJ1CJ,DELISTED_OR_SUSPENDED_SOURCE_RECORD,"{""Code"": ""ASJ1CJ"", ""Security Name"": ""Angas Securities 1yr deb 7.0% 30 Apr 2014"", ""Delisted Date"": ""30-Apr-2014;20140430""}","[{""work_id"": ""B05:3763"", ""source_url"": ""https://www.nsx.com.au/marketdata/delisted-suspended/"", ""table"": ""2"", ""row"": ""91"", ""headers_json"": ""[\""Code\"", \""Security Name\"", \""Delisted Date\""]"", ""cells_json"": ""[\""ASJ1CJ\"", \""Angas Securities 1yr deb 7.0% 30 Apr 2014\"", \""30-Apr-2014;20140430\""]"", ""row_links_json"": ""[\""https://www.nsx.com.au/summary/ASJ1CJ\""]"", ""content_sha256"": ""ccca31c77abbab701f2ffb8c7d49a699a58a446d1429ee5f829cce9293fcfb78"", ""semantic_status"": ""SOURCE_TABLE_ROW_NOT_AUTOMATICALLY_ENTITY""}]",SOURCE_TABLE_RECORD_NOT_GLOBAL_OR_UNIQUE_COMPANY_VERIFICATION
https://www.nsx.com.au/marketdata/delisted-suspended/,2,92,,ASJ1CK,DELISTED_OR_SUSPENDED_SOURCE_RECORD,"{""Code"": ""ASJ1CK"", ""Security Name"": ""Angas Securities 1yr deb 7.0% 31 May 2014"", ""Delisted Date"": ""31-May-2014;20140531""}","[{""work_id"": ""B05:3763"", ""source_url"": ""https://www.nsx.com.au/marketdata/delisted-suspended/"", ""table"": ""2"", ""row"": ""92"", ""headers_json"": ""[\""Code\"", \""Security Name\"", \""Delisted Date\""]"", ""cells_json"": ""[\""ASJ1CK\"", \""Angas Securities 1yr deb 7.0% 31 May 2014\"", \""31-May-2014;20140531\""]"", ""row_links_json"": ""[\""https://www.nsx.com.au/summary/ASJ1CK\""]"", ""content_sha256"": ""ccca31c77abbab701f2ffb8c7d49a699a58a446d1429ee5f829cce9293fcfb78"", ""semantic_status"": ""SOURCE_TABLE_ROW_NOT_AUTOMATICALLY_ENTITY""}]",SOURCE_TABLE_RECORD_NOT_GLOBAL_OR_UNIQUE_COMPANY_VERIFICATION
https://www.nsx.com.au/marketdata/delisted-suspended/,2,93,,ASJ1CL,DELISTED_OR_SUSPENDED_SOURCE_RECORD,"{""Code"": ""ASJ1CL"", ""Security Name"": ""Angas Securities 1yr deb 7.0% 30 June 2014"", ""Delisted Date"": ""30-Jun-2014;20140630""}","[{""work_id"": ""B05:3763"", ""source_url"": ""https://www.nsx.com.au/marketdata/delisted-suspended/"", ""table"": ""2"", ""row"": ""93"", ""headers_json"": ""[\""Code\"", \""Security Name\"", \""Delisted Date\""]"", ""cells_json"": ""[\""ASJ1CL\"", \""Angas Securities 1yr deb 7.0% 30 June 2014\"", \""30-Jun-2014;20140630\""]"", ""row_links_json"": ""[\""https://www.nsx.com.au/summary/ASJ1CL\""]"", ""content_sha256"": ""ccca31c77abbab701f2ffb8c7d49a699a58a446d1429ee5f829cce9293fcfb78"", ""semantic_status"": ""SOURCE_TABLE_ROW_NOT_AUTOMATICALLY_ENTITY""}]",SOURCE_TABLE_RECORD_NOT_GLOBAL_OR_UNIQUE_COMPANY_VERIFICATION
https://www.nsx.com.au/marketdata/delisted-suspended/,2,94,,ASJ1CM,DELISTED_OR_SUSPENDED_SOURCE_RECORD,"{""Code"": ""ASJ1CM"", ""Security Name"": ""Angas Securities 1yr deb 7.0% 31 Jul 2014"", ""Delisted Date"": ""31-Jul-2014;20140731""}","[{""work_id"": ""B05:3763"", ""source_url"": ""https://www.nsx.com.au/marketdata/delisted-suspended/"", ""table"": ""2"", ""row"": ""94"", ""headers_json"": ""[\""Code\"", \""Security Name\"", \""Delisted Date\""]"", ""cells_json"": ""[\""ASJ1CM\"", \""Angas Securities 1yr deb 7.0% 31 Jul 2014\"", \""31-Jul-2014;20140731\""]"", ""row_links_json"": ""[\""https://www.nsx.com.au/summary/ASJ1CM\""]"", ""content_sha256"": ""ccca31c77abbab701f2ffb8c7d49a699a58a446d1429ee5f829cce9293fcfb78"", ""semantic_status"": ""SOURCE_TABLE_ROW_NOT_AUTOMATICALLY_ENTITY""}]",SOURCE_TABLE_RECORD_NOT_GLOBAL_OR_UNIQUE_COMPANY_VERIFICATION
https://www.nsx.com.au/marketdata/delisted-suspended/,2,95,,ASJ1CN,DELISTED_OR_SUSPENDED_SOURCE_RECORD,"{""Code"": ""ASJ1CN"", ""Security Name"": ""Angas Securities 1 yr deb 7.0% 31 Aug 2014"", ""Delisted Date"": ""31-Aug-2014;20140831""}","[{""work_id"": ""B05:3763"", ""source_url"": ""https://www.nsx.com.au/marketdata/delisted-suspended/"", ""table"": ""2"", ""row"": ""95"", ""headers_json"": ""[\""Code\"", \""Security Name\"", \""Delisted Date\""]"", ""cells_json"": ""[\""ASJ1CN\"", \""Angas Securities 1 yr deb 7.0% 31 Aug 2014\"", \""31-Aug-2014;20140831\""]"", ""row_links_json"": ""[\""https://www.nsx.com.au/summary/ASJ1CN\""]"", ""content_sha256"": ""ccca31c77abbab701f2ffb8c7d49a699a58a446d1429ee5f829cce9293fcfb78"", ""semantic_status"": ""SOURCE_TABLE_ROW_NOT_AUTOMATICALLY_ENTITY""}]",SOURCE_TABLE_RECORD_NOT_GLOBAL_OR_UNIQUE_COMPANY_VERIFICATION
https://www.nsx.com.au/marketdata/delisted-suspended/,2,96,,ASJ1CO,DELISTED_OR_SUSPENDED_SOURCE_RECORD,"{""Code"": ""ASJ1CO"", ""Security Name"": ""Angas Securities 1 yr deb 7.0% 30 Sep2014"", ""Delisted Date"": ""30-Sep-2014;20140930""}","[{""work_id"": ""B05:3763"", ""source_url"": ""https://www.nsx.com.au/marketdata/delisted-suspended/"", ""table"": ""2"", ""row"": ""96"", ""headers_json"": ""[\""Code\"", \""Security Name\"", \""Delisted Date\""]"", ""cells_json"": ""[\""ASJ1CO\"", \""Angas Securities 1 yr deb 7.0% 30 Sep2014\"", \""30-Sep-2014;20140930\""]"", ""row_links_json"": ""[\""https://www.nsx.com.au/summary/ASJ1CO\""]"", ""content_sha256"": ""ccca31c77abbab701f2ffb8c7d49a699a58a446d1429ee5f829cce9293fcfb78"", ""semantic_status"": ""SOURCE_TABLE_ROW_NOT_AUTOMATICALLY_ENTITY""}]",SOURCE_TABLE_RECORD_NOT_GLOBAL_OR_UNIQUE_COMPANY_VERIFICATION
https://www.nsx.com.au/marketdata/delisted-suspended/,2,97,,ASJ1CP,DELISTED_OR_SUSPENDED_SOURCE_RECORD,"{""Code"": ""ASJ1CP"", ""Security Name"": ""Angas Securities 1 yr deb 7.0% 31 Oct 2014"", ""Delisted Date"": ""31-Oct-2014;20141031""}","[{""work_id"": ""B05:3763"", ""source_url"": ""https://www.nsx.com.au/marketdata/delisted-suspended/"", ""table"": ""2"", ""row"": ""97"", ""headers_json"": ""[\""Code\"", \""Security Name\"", \""Delisted Date\""]"", ""cells_json"": ""[\""ASJ1CP\"", \""Angas Securities 1 yr deb 7.0% 31 Oct 2014\"", \""31-Oct-2014;20141031\""]"", ""row_links_json"": ""[\""https://www.nsx.com.au/summary/ASJ1CP\""]"", ""content_sha256"": ""ccca31c77abbab701f2ffb8c7d49a699a58a446d1429ee5f829cce9293fcfb78"", ""semantic_status"": ""SOURCE_TABLE_ROW_NOT_AUTOMATICALLY_ENTITY""}]",SOURCE_TABLE_RECORD_NOT_GLOBAL_OR_UNIQUE_COMPANY_VERIFICATION
https://www.nsx.com.au/marketdata/delisted-suspended/,2,98,,ASJ1CQ,DELISTED_OR_SUSPENDED_SOURCE_RECORD,"{""Code"": ""ASJ1CQ"", ""Security Name"": ""Angas Securities 1 yr deb 6.5% 30 Nov 2014"", ""Delisted Date"": ""30-Nov-2014;20141130""}","[{""work_id"": ""B05:3763"", ""source_url"": ""https://www.nsx.com.au/marketdata/delisted-suspended/"", ""table"": ""2"", ""row"": ""98"", ""headers_json"": ""[\""Code\"", \""Security Name\"", \""Delisted Date\""]"", ""cells_json"": ""[\""ASJ1CQ\"", \""Angas Securities 1 yr deb 6.5% 30 Nov 2014\"", \""30-Nov-2014;20141130\""]"", ""row_links_json"": ""[\""https://www.nsx.com.au/summary/ASJ1CQ\""]"", ""content_sha256"": ""ccca31c77abbab701f2ffb8c7d49a699a58a446d1429ee5f829cce9293fcfb78"", ""semantic_status"": ""SOURCE_TABLE_ROW_NOT_AUTOMATICALLY_ENTITY""}]",SOURCE_TABLE_RECORD_NOT_GLOBAL_OR_UNIQUE_COMPANY_VERIFICATION
https://www.nsx.com.au/marketdata/delisted-suspended/,2,99,,ASJ1CR,DELISTED_OR_SUSPENDED_SOURCE_RECORD,"{""Code"": ""ASJ1CR"", ""Security Name"": ""Angas Securities 1 yr deb 6.5% 31 Dec 2014"", ""Delisted Date"": ""31-Dec-2014;20141231""}","[{""work_id"": ""B05:3763"", ""source_url"": ""https://www.nsx.com.au/marketdata/delisted-suspended/"", ""table"": ""2"", ""row"": ""99"", ""headers_json"": ""[\""Code\"", \""Security Name\"", \""Delisted Date\""]"", ""cells_json"": ""[\""ASJ1CR\"", \""Angas Securities 1 yr deb 6.5% 31 Dec 2014\"", \""31-Dec-2014;20141231\""]"", ""row_links_json"": ""[\""https://www.nsx.com.au/summary/ASJ1CR\""]"", ""content_sha256"": ""ccca31c77abbab701f2ffb8c7d49a699a58a446d1429ee5f829cce9293fcfb78"", ""semantic_status"": ""SOURCE_TABLE_ROW_NOT_AUTOMATICALLY_ENTITY""}]",SOURCE_TABLE_RECORD_NOT_GLOBAL_OR_UNIQUE_COMPANY_VERIFICATION
https://www.nsx.com.au/marketdata/delisted-suspended/,2,100,,ASJ1CS,DELISTED_OR_SUSPENDED_SOURCE_RECORD,"{""Code"": ""ASJ1CS"", ""Security Name"": ""Angas Securities 1 yr deb 6.5% 31 Jan 2015"", ""Delisted Date"": ""31-Jan-2015;20150131""}","[{""work_id"": ""B05:3763"", ""source_url"": ""https://www.nsx.com.au/marketdata/delisted-suspended/"", ""table"": ""2"", ""row"": ""100"", ""headers_json"": ""[\""Code\"", \""Security Name\"", \""Delisted Date\""]"", ""cells_json"": ""[\""ASJ1CS\"", \""Angas Securities 1 yr deb 6.5% 31 Jan 2015\"", \""31-Jan-2015;20150131\""]"", ""row_links_json"": ""[\""https://www.nsx.com.au/summary/ASJ1CS\""]"", ""content_sha256"": ""ccca31c77abbab701f2ffb8c7d49a699a58a446d1429ee5f829cce9293fcfb78"", ""semantic_status"": ""SOURCE_TABLE_ROW_NOT_AUTOMATICALLY_ENTITY""}]",SOURCE_TABLE_RECORD_NOT_GLOBAL_OR_UNIQUE_COMPANY_VERIFICATION
https://www.nsx.com.au/marketdata/delisted-suspended/,2,101,,ASJ3AA,DELISTED_OR_SUSPENDED_SOURCE_RECORD,"{""Code"": ""ASJ3AA"", ""Security Name"": ""Angas Securities 3yr deb 9.0% 31Mar2011"", ""Delisted Date"": ""31-Mar-2011;20110331""}","[{""work_id"": ""B05:3763"", ""source_url"": ""https://www.nsx.com.au/marketdata/delisted-suspended/"", ""table"": ""2"", ""row"": ""101"", ""headers_json"": ""[\""Code\"", \""Security Name\"", \""Delisted Date\""]"", ""cells_json"": ""[\""ASJ3AA\"", \""Angas Securities 3yr deb 9.0% 31Mar2011\"", \""31-Mar-2011;20110331\""]"", ""row_links_json"": ""[\""https://www.nsx.com.au/summary/ASJ3AA\""]"", ""content_sha256"": ""ccca31c77abbab701f2ffb8c7d49a699a58a446d1429ee5f829cce9293fcfb78"", ""semantic_status"": ""SOURCE_TABLE_ROW_NOT_AUTOMATICALLY_ENTITY""}]",SOURCE_TABLE_RECORD_NOT_GLOBAL_OR_UNIQUE_COMPANY_VERIFICATION
https://www.nsx.com.au/marketdata/delisted-suspended/,2,102,,ASJ3AB,DELISTED_OR_SUSPENDED_SOURCE_RECORD,"{""Code"": ""ASJ3AB"", ""Security Name"": ""Angas Securities 3yr deb 9.0% 30Apr2011"", ""Delisted Date"": ""30-Apr-2011;20110430""}","[{""work_id"": ""B05:3763"", ""source_url"": ""https://www.nsx.com.au/marketdata/delisted-suspended/"", ""table"": ""2"", ""row"": ""102"", ""headers_json"": ""[\""Code\"", \""Security Name\"", \""Delisted Date\""]"", ""cells_json"": ""[\""ASJ3AB\"", \""Angas Securities 3yr deb 9.0% 30Apr2011\"", \""30-Apr-2011;20110430\""]"", ""row_links_json"": ""[\""https://www.nsx.com.au/summary/ASJ3AB\""]"", ""content_sha256"": ""ccca31c77abbab701f2ffb8c7d49a699a58a446d1429ee5f829cce9293fcfb78"", ""semantic_status"": ""SOURCE_TABLE_ROW_NOT_AUTOMATICALLY_ENTITY""}]",SOURCE_TABLE_RECORD_NOT_GLOBAL_OR_UNIQUE_COMPANY_VERIFICATION
https://www.nsx.com.au/marketdata/delisted-suspended/,2,103,,ASJ3AC,DELISTED_OR_SUSPENDED_SOURCE_RECORD,"{""Code"": ""ASJ3AC"", ""Security Name"": ""Angas Securities 3yr deb 9.0% 31May2011"", ""Delisted Date"": ""31-May-2011;20110531""}","[{""work_id"": ""B05:3763"", ""source_url"": ""https://www.nsx.com.au/marketdata/delisted-suspended/"", ""table"": ""2"", ""row"": ""103"", ""headers_json"": ""[\""Code\"", \""Security Name\"", \""Delisted Date\""]"", ""cells_json"": ""[\""ASJ3AC\"", \""Angas Securities 3yr deb 9.0% 31May2011\"", \""31-May-2011;20110531\""]"", ""row_links_json"": ""[\""https://www.nsx.com.au/summary/ASJ3AC\""]"", ""content_sha256"": ""ccca31c77abbab701f2ffb8c7d49a699a58a446d1429ee5f829cce9293fcfb78"", ""semantic_status"": ""SOURCE_TABLE_ROW_NOT_AUTOMATICALLY_ENTITY""}]",SOURCE_TABLE_RECORD_NOT_GLOBAL_OR_UNIQUE_COMPANY_VERIFICATION
https://www.nsx.com.au/marketdata/delisted-suspended/,2,104,,ASJ3AD,DELISTED_OR_SUSPENDED_SOURCE_RECORD,"{""Code"": ""ASJ3AD"", ""Security Name"": ""Angas Securities 3yr deb 9.0% 30Jun2011"", ""Delisted Date"": ""30-Jun-2011;20110630""}","[{""work_id"": ""B05:3763"", ""source_url"": ""https://www.nsx.com.au/marketdata/delisted-suspended/"", ""table"": ""2"", ""row"": ""104"", ""headers_json"": ""[\""Code\"", \""Security Name\"", \""Delisted Date\""]"", ""cells_json"": ""[\""ASJ3AD\"", \""Angas Securities 3yr deb 9.0% 30Jun2011\"", \""30-Jun-2011;20110630\""]"", ""row_links_json"": ""[\""https://www.nsx.com.au/summary/ASJ3AD\""]"", ""content_sha256"": ""ccca31c77abbab701f2ffb8c7d49a699a58a446d1429ee5f829cce9293fcfb78"", ""semantic_status"": ""SOURCE_TABLE_ROW_NOT_AUTOMATICALLY_ENTITY""}]",SOURCE_TABLE_RECORD_NOT_GLOBAL_OR_UNIQUE_COMPANY_VERIFICATION
https://www.nsx.com.au/marketdata/delisted-suspended/,2,105,,ASJ3AE,DELISTED_OR_SUSPENDED_SOURCE_RECORD,"{""Code"": ""ASJ3AE"", ""Security Name"": ""Angas Securities 3yr deb 9.0% 31JUL2011"", ""Delisted Date"": ""31-Jul-2011;20110731""}","[{""work_id"": ""B05:3763"", ""source_url"": ""https://www.nsx.com.au/marketdata/delisted-suspended/"", ""table"": ""2"", ""row"": ""105"", ""headers_json"": ""[\""Code\"", \""Security Name\"", \""Delisted Date\""]"", ""cells_json"": ""[\""ASJ3AE\"", \""Angas Securities 3yr deb 9.0% 31JUL2011\"", \""31-Jul-2011;20110731\""]"", ""row_links_json"": ""[\""https://www.nsx.com.au/summary/ASJ3AE\""]"", ""content_sha256"": ""ccca31c77abbab701f2ffb8c7d49a699a58a446d1429ee5f829cce9293fcfb78"", ""semantic_status"": ""SOURCE_TABLE_ROW_NOT_AUTOMATICALLY_ENTITY""}]",SOURCE_TABLE_RECORD_NOT_GLOBAL_OR_UNIQUE_COMPANY_VERIFICATION
https://www.nsx.com.au/marketdata/delisted-suspended/,2,106,,ASJ3AF,DELISTED_OR_SUSPENDED_SOURCE_RECORD,"{""Code"": ""ASJ3AF"", ""Security Name"": ""Angas Securities 3yr deb 9.0% 31AUG2011"", ""Delisted Date"": ""31-Aug-2011;20110831""}","[{""work_id"": ""B05:3763"", ""source_url"": ""https://www.nsx.com.au/marketdata/delisted-suspended/"", ""table"": ""2"", ""row"": ""106"", ""headers_json"": ""[\""Code\"", \""Security Name\"", \""Delisted Date\""]"", ""cells_json"": ""[\""ASJ3AF\"", \""Angas Securities 3yr deb 9.0% 31AUG2011\"", \""31-Aug-2011;20110831\""]"", ""row_links_json"": ""[\""https://www.nsx.com.au/summary/ASJ3AF\""]"", ""content_sha256"": ""ccca31c77abbab701f2ffb8c7d49a699a58a446d1429ee5f829cce9293fcfb78"", ""semantic_status"": ""SOURCE_TABLE_ROW_NOT_AUTOMATICALLY_ENTITY""}]",SOURCE_TABLE_RECORD_NOT_GLOBAL_OR_UNIQUE_COMPANY_VERIFICATION
https://www.nsx.com.au/marketdata/delisted-suspended/,2,107,,ASJ3AG,DELISTED_OR_SUSPENDED_SOURCE_RECORD,"{""Code"": ""ASJ3AG"", ""Security Name"": ""Angas Securities 3yr deb 9.0% 30SEP2011"", ""Delisted Date"": ""30-Sep-2011;20110930""}","[{""work_id"": ""B05:3763"", ""source_url"": ""https://www.nsx.com.au/marketdata/delisted-suspended/"", ""table"": ""2"", ""row"": ""107"", ""headers_json"": ""[\""Code\"", \""Security Name\"", \""Delisted Date\""]"", ""cells_json"": ""[\""ASJ3AG\"", \""Angas Securities 3yr deb 9.0% 30SEP2011\"", \""30-Sep-2011;20110930\""]"", ""row_links_json"": ""[\""https://www.nsx.com.au/summary/ASJ3AG\""]"", ""content_sha256"": ""ccca31c77abbab701f2ffb8c7d49a699a58a446d1429ee5f829cce9293fcfb78"", ""semantic_status"": ""SOURCE_TABLE_ROW_NOT_AUTOMATICALLY_ENTITY""}]",SOURCE_TABLE_RECORD_NOT_GLOBAL_OR_UNIQUE_COMPANY_VERIFICATION
https://www.nsx.com.au/marketdata/delisted-suspended/,2,108,,ASJ3AH,DELISTED_OR_SUSPENDED_SOURCE_RECORD,"{""Code"": ""ASJ3AH"", ""Security Name"": ""Angas Securities 3yr deb 9.0% 31OCT2011"", ""Delisted Date"": ""31-Oct-2011;20111031""}","[{""work_id"": ""B05:3763"", ""source_url"": ""https://www.nsx.com.au/marketdata/delisted-suspended/"", ""table"": ""2"", ""row"": ""108"", ""headers_json"": ""[\""Code\"", \""Security Name\"", \""Delisted Date\""]"", ""cells_json"": ""[\""ASJ3AH\"", \""Angas Securities 3yr deb 9.0% 31OCT2011\"", \""31-Oct-2011;20111031\""]"", ""row_links_json"": ""[\""https://www.nsx.com.au/summary/ASJ3AH\""]"", ""content_sha256"": ""ccca31c77abbab701f2ffb8c7d49a699a58a446d1429ee5f829cce9293fcfb78"", ""semantic_status"": ""SOURCE_TABLE_ROW_NOT_AUTOMATICALLY_ENTITY""}]",SOURCE_TABLE_RECORD_NOT_GLOBAL_OR_UNIQUE_COMPANY_VERIFICATION
https://www.nsx.com.au/marketdata/delisted-suspended/,2,109,,ASJ3AI,DELISTED_OR_SUSPENDED_SOURCE_RECORD,"{""Code"": ""ASJ3AI"", ""Security Name"": ""Angas Securities 3yr deb 9.0% 30NOV2011"", ""Delisted Date"": ""30-Nov-2011;20111130""}","[{""work_id"": ""B05:3763"", ""source_url"": ""https://www.nsx.com.au/marketdata/delisted-suspended/"", ""table"": ""2"", ""row"": ""109"", ""headers_json"": ""[\""Code\"", \""Security Name\"", \""Delisted Date\""]"", ""cells_json"": ""[\""ASJ3AI\"", \""Angas Securities 3yr deb 9.0% 30NOV2011\"", \""30-Nov-2011;20111130\""]"", ""row_links_json"": ""[\""https://www.nsx.com.au/summary/ASJ3AI\""]"", ""content_sha256"": ""ccca31c77abbab701f2ffb8c7d49a699a58a446d1429ee5f829cce9293fcfb78"", ""semantic_status"": ""SOURCE_TABLE_ROW_NOT_AUTOMATICALLY_ENTITY""}]",SOURCE_TABLE_RECORD_NOT_GLOBAL_OR_UNIQUE_COMPANY_VERIFICATION
https://www.nsx.com.au/marketdata/delisted-suspended/,2,110,,ASJ3AJ,DELISTED_OR_SUSPENDED_SOURCE_RECORD,"{""Code"": ""ASJ3AJ"", ""Security Name"": ""Angas Securities 3yr deb 9.0% 31DEC2011"", ""Delisted Date"": ""31-Dec-2011;20111231""}","[{""work_id"": ""B05:3763"", ""source_url"": ""https://www.nsx.com.au/marketdata/delisted-suspended/"", ""table"": ""2"", ""row"": ""110"", ""headers_json"": ""[\""Code\"", \""Security Name\"", \""Delisted Date\""]"", ""cells_json"": ""[\""ASJ3AJ\"", \""Angas Securities 3yr deb 9.0% 31DEC2011\"", \""31-Dec-2011;20111231\""]"", ""row_links_json"": ""[\""https://www.nsx.com.au/summary/ASJ3AJ\""]"", ""content_sha256"": ""ccca31c77abbab701f2ffb8c7d49a699a58a446d1429ee5f829cce9293fcfb78"", ""semantic_status"": ""SOURCE_TABLE_ROW_NOT_AUTOMATICALLY_ENTITY""}]",SOURCE_TABLE_RECORD_NOT_GLOBAL_OR_UNIQUE_COMPANY_VERIFICATION
https://www.nsx.com.au/marketdata/delisted-suspended/,2,111,,ASJ3AK,DELISTED_OR_SUSPENDED_SOURCE_RECORD,"{""Code"": ""ASJ3AK"", ""Security Name"": ""Angas Securities 3yr deb 8.0% 31JAN2012"", ""Delisted Date"": ""31-Jan-2012;20120131""}","[{""work_id"": ""B05:3763"", ""source_url"": ""https://www.nsx.com.au/marketdata/delisted-suspended/"", ""table"": ""2"", ""row"": ""111"", ""headers_json"": ""[\""Code\"", \""Security Name\"", \""Delisted Date\""]"", ""cells_json"": ""[\""ASJ3AK\"", \""Angas Securities 3yr deb 8.0% 31JAN2012\"", \""31-Jan-2012;20120131\""]"", ""row_links_json"": ""[\""https://www.nsx.com.au/summary/ASJ3AK\""]"", ""content_sha256"": ""ccca31c77abbab701f2ffb8c7d49a699a58a446d1429ee5f829cce9293fcfb78"", ""semantic_status"": ""SOURCE_TABLE_ROW_NOT_AUTOMATICALLY_ENTITY""}]",SOURCE_TABLE_RECORD_NOT_GLOBAL_OR_UNIQUE_COMPANY_VERIFICATION
https://www.nsx.com.au/marketdata/delisted-suspended/,2,112,,ASJ3AL,DELISTED_OR_SUSPENDED_SOURCE_RECORD,"{""Code"": ""ASJ3AL"", ""Security Name"": ""Angas Securities 3yr deb 8.0% 29FEB2012"", ""Delisted Date"": ""29-Feb-2012;20120229""}","[{""work_id"": ""B05:3763"", ""source_url"": ""https://www.nsx.com.au/marketdata/delisted-suspended/"", ""table"": ""2"", ""row"": ""112"", ""headers_json"": ""[\""Code\"", \""Security Name\"", \""Delisted Date\""]"", ""cells_json"": ""[\""ASJ3AL\"", \""Angas Securities 3yr deb 8.0% 29FEB2012\"", \""29-Feb-2012;20120229\""]"", ""row_links_json"": ""[\""https://www.nsx.com.au/summary/ASJ3AL\""]"", ""content_sha256"": ""ccca31c77abbab701f2ffb8c7d49a699a58a446d1429ee5f829cce9293fcfb78"", ""semantic_status"": ""SOURCE_TABLE_ROW_NOT_AUTOMATICALLY_ENTITY""}]",SOURCE_TABLE_RECORD_NOT_GLOBAL_OR_UNIQUE_COMPANY_VERIFICATION
https://www.nsx.com.au/marketdata/delisted-suspended/,2,113,,ASJ3AM,DELISTED_OR_SUSPENDED_SOURCE_RECORD,"{""Code"": ""ASJ3AM"", ""Security Name"": ""Angas Securities 3yr deb 7.75% 31MAR2012"", ""Delisted Date"": ""31-Mar-2012;20120331""}","[{""work_id"": ""B05:3763"", ""source_url"": ""https://www.nsx.com.au/marketdata/delisted-suspended/"", ""table"": ""2"", ""row"": ""113"", ""headers_json"": ""[\""Code\"", \""Security Name\"", \""Delisted Date\""]"", ""cells_json"": ""[\""ASJ3AM\"", \""Angas Securities 3yr deb 7.75% 31MAR2012\"", \""31-Mar-2012;20120331\""]"", ""row_links_json"": ""[\""https://www.nsx.com.au/summary/ASJ3AM\""]"", ""content_sha256"": ""ccca31c77abbab701f2ffb8c7d49a699a58a446d1429ee5f829cce9293fcfb78"", ""semantic_status"": ""SOURCE_TABLE_ROW_NOT_AUTOMATICALLY_ENTITY""}]",SOURCE_TABLE_RECORD_NOT_GLOBAL_OR_UNIQUE_COMPANY_VERIFICATION
https://www.nsx.com.au/marketdata/delisted-suspended/,2,114,,ASJ3AN,DELISTED_OR_SUSPENDED_SOURCE_RECORD,"{""Code"": ""ASJ3AN"", ""Security Name"": ""Angas Securities 3yr deb 7.75% 30APR2012"", ""Delisted Date"": ""30-Apr-2012;20120430""}","[{""work_id"": ""B05:3763"", ""source_url"": ""https://www.nsx.com.au/marketdata/delisted-suspended/"", ""table"": ""2"", ""row"": ""114"", ""headers_json"": ""[\""Code\"", \""Security Name\"", \""Delisted Date\""]"", ""cells_json"": ""[\""ASJ3AN\"", \""Angas Securities 3yr deb 7.75% 30APR2012\"", \""30-Apr-2012;20120430\""]"", ""row_links_json"": ""[\""https://www.nsx.com.au/summary/ASJ3AN\""]"", ""content_sha256"": ""ccca31c77abbab701f2ffb8c7d49a699a58a446d1429ee5f829cce9293fcfb78"", ""semantic_status"": ""SOURCE_TABLE_ROW_NOT_AUTOMATICALLY_ENTITY""}]",SOURCE_TABLE_RECORD_NOT_GLOBAL_OR_UNIQUE_COMPANY_VERIFICATION
https://www.nsx.com.au/marketdata/delisted-suspended/,2,115,,ASJ3AO,DELISTED_OR_SUSPENDED_SOURCE_RECORD,"{""Code"": ""ASJ3AO"", ""Security Name"": ""Angas Securities 3yr deb 7.50% 31MAY2012"", ""Delisted Date"": ""31-May-2012;20120531""}","[{""work_id"": ""B05:3763"", ""source_url"": ""https://www.nsx.com.au/marketdata/delisted-suspended/"", ""table"": ""2"", ""row"": ""115"", ""headers_json"": ""[\""Code\"", \""Security Name\"", \""Delisted Date\""]"", ""cells_json"": ""[\""ASJ3AO\"", \""Angas Securities 3yr deb 7.50% 31MAY2012\"", \""31-May-2012;20120531\""]"", ""row_links_json"": ""[\""https://www.nsx.com.au/summary/ASJ3AO\""]"", ""content_sha256"": ""ccca31c77abbab701f2ffb8c7d49a699a58a446d1429ee5f829cce9293fcfb78"", ""semantic_status"": ""SOURCE_TABLE_ROW_NOT_AUTOMATICALLY_ENTITY""}]",SOURCE_TABLE_RECORD_NOT_GLOBAL_OR_UNIQUE_COMPANY_VERIFICATION
https://www.nsx.com.au/marketdata/delisted-suspended/,2,116,,ASJ3AP,DELISTED_OR_SUSPENDED_SOURCE_RECORD,"{""Code"": ""ASJ3AP"", ""Security Name"": ""Angas Securities 3yr deb 7.50% 30JUN2012"", ""Delisted Date"": ""30-Jun-2012;20120630""}","[{""work_id"": ""B05:3763"", ""source_url"": ""https://www.nsx.com.au/marketdata/delisted-suspended/"", ""table"": ""2"", ""row"": ""116"", ""headers_json"": ""[\""Code\"", \""Security Name\"", \""Delisted Date\""]"", ""cells_json"": ""[\""ASJ3AP\"", \""Angas Securities 3yr deb 7.50% 30JUN2012\"", \""30-Jun-2012;20120630\""]"", ""row_links_json"": ""[\""https://www.nsx.com.au/summary/ASJ3AP\""]"", ""content_sha256"": ""ccca31c77abbab701f2ffb8c7d49a699a58a446d1429ee5f829cce9293fcfb78"", ""semantic_status"": ""SOURCE_TABLE_ROW_NOT_AUTOMATICALLY_ENTITY""}]",SOURCE_TABLE_RECORD_NOT_GLOBAL_OR_UNIQUE_COMPANY_VERIFICATION
https://www.nsx.com.au/marketdata/delisted-suspended/,2,117,,ASJ3AQ,DELISTED_OR_SUSPENDED_SOURCE_RECORD,"{""Code"": ""ASJ3AQ"", ""Security Name"": ""Angas Securities 3yr deb 7.50% 31JUL2012"", ""Delisted Date"": ""31-Jul-2012;20120731""}","[{""work_id"": ""B05:3763"", ""source_url"": ""https://www.nsx.com.au/marketdata/delisted-suspended/"", ""table"": ""2"", ""row"": ""117"", ""headers_json"": ""[\""Code\"", \""Security Name\"", \""Delisted Date\""]"", ""cells_json"": ""[\""ASJ3AQ\"", \""Angas Securities 3yr deb 7.50% 31JUL2012\"", \""31-Jul-2012;20120731\""]"", ""row_links_json"": ""[\""https://www.nsx.com.au/summary/ASJ3AQ\""]"", ""content_sha256"": ""ccca31c77abbab701f2ffb8c7d49a699a58a446d1429ee5f829cce9293fcfb78"", ""semantic_status"": ""SOURCE_TABLE_ROW_NOT_AUTOMATICALLY_ENTITY""}]",SOURCE_TABLE_RECORD_NOT_GLOBAL_OR_UNIQUE_COMPANY_VERIFICATION
https://www.nsx.com.au/marketdata/delisted-suspended/,2,118,,ASJ3AR,DELISTED_OR_SUSPENDED_SOURCE_RECORD,"{""Code"": ""ASJ3AR"", ""Security Name"": ""Angas Securities 3yr deb 7.50% 31AUG2012"", ""Delisted Date"": ""31-Aug-2012;20120831""}","[{""work_id"": ""B05:3763"", ""source_url"": ""https://www.nsx.com.au/marketdata/delisted-suspended/"", ""table"": ""2"", ""row"": ""118"", ""headers_json"": ""[\""Code\"", \""Security Name\"", \""Delisted Date\""]"", ""cells_json"": ""[\""ASJ3AR\"", \""Angas Securities 3yr deb 7.50% 31AUG2012\"", \""31-Aug-2012;20120831\""]"", ""row_links_json"": ""[\""https://www.nsx.com.au/summary/ASJ3AR\""]"", ""content_sha256"": ""ccca31c77abbab701f2ffb8c7d49a699a58a446d1429ee5f829cce9293fcfb78"", ""semantic_status"": ""SOURCE_TABLE_ROW_NOT_AUTOMATICALLY_ENTITY""}]",SOURCE_TABLE_RECORD_NOT_GLOBAL_OR_UNIQUE_COMPANY_VERIFICATION
https://www.nsx.com.au/marketdata/delisted-suspended/,2,119,,ASJ3AS,DELISTED_OR_SUSPENDED_SOURCE_RECORD,"{""Code"": ""ASJ3AS"", ""Security Name"": ""Angas Securities 3yr deb 7.50% 30SEP2012"", ""Delisted Date"": ""30-Sep-2012;20120930""}","[{""work_id"": ""B05:3763"", ""source_url"": ""https://www.nsx.com.au/marketdata/delisted-suspended/"", ""table"": ""2"", ""row"": ""119"", ""headers_json"": ""[\""Code\"", \""Security Name\"", \""Delisted Date\""]"", ""cells_json"": ""[\""ASJ3AS\"", \""Angas Securities 3yr deb 7.50% 30SEP2012\"", \""30-Sep-2012;20120930\""]"", ""row_links_json"": ""[\""https://www.nsx.com.au/summary/ASJ3AS\""]"", ""content_sha256"": ""ccca31c77abbab701f2ffb8c7d49a699a58a446d1429ee5f829cce9293fcfb78"", ""semantic_status"": ""SOURCE_TABLE_ROW_NOT_AUTOMATICALLY_ENTITY""}]",SOURCE_TABLE_RECORD_NOT_GLOBAL_OR_UNIQUE_COMPANY_VERIFICATION
https://www.nsx.com.au/marketdata/delisted-suspended/,2,120,,ASJ3AT,DELISTED_OR_SUSPENDED_SOURCE_RECORD,"{""Code"": ""ASJ3AT"", ""Security Name"": ""Angas Securities 3yr deb 7.50% 31OCT2012"", ""Delisted Date"": ""31-Oct-2012;20121031""}","[{""work_id"": ""B05:3763"", ""source_url"": ""https://www.nsx.com.au/marketdata/delisted-suspended/"", ""table"": ""2"", ""row"": ""120"", ""headers_json"": ""[\""Code\"", \""Security Name\"", \""Delisted Date\""]"", ""cells_json"": ""[\""ASJ3AT\"", \""Angas Securities 3yr deb 7.50% 31OCT2012\"", \""31-Oct-2012;20121031\""]"", ""row_links_json"": ""[\""https://www.nsx.com.au/summary/ASJ3AT\""]"", ""content_sha256"": ""ccca31c77abbab701f2ffb8c7d49a699a58a446d1429ee5f829cce9293fcfb78"", ""semantic_status"": ""SOURCE_TABLE_ROW_NOT_AUTOMATICALLY_ENTITY""}]",SOURCE_TABLE_RECORD_NOT_GLOBAL_OR_UNIQUE_COMPANY_VERIFICATION
https://www.nsx.com.au/marketdata/delisted-suspended/,2,121,,ASJ3AU,DELISTED_OR_SUSPENDED_SOURCE_RECORD,"{""Code"": ""ASJ3AU"", ""Security Name"": ""Angas Securities 3yr deb 7.50% 30NOV2012"", ""Delisted Date"": ""30-Nov-2012;20121130""}","[{""work_id"": ""B05:3763"", ""source_url"": ""https://www.nsx.com.au/marketdata/delisted-suspended/"", ""table"": ""2"", ""row"": ""121"", ""headers_json"": ""[\""Code\"", \""Security Name\"", \""Delisted Date\""]"", ""cells_json"": ""[\""ASJ3AU\"", \""Angas Securities 3yr deb 7.50% 30NOV2012\"", \""30-Nov-2012;20121130\""]"", ""row_links_json"": ""[\""https://www.nsx.com.au/summary/ASJ3AU\""]"", ""content_sha256"": ""ccca31c77abbab701f2ffb8c7d49a699a58a446d1429ee5f829cce9293fcfb78"", ""semantic_status"": ""SOURCE_TABLE_ROW_NOT_AUTOMATICALLY_ENTITY""}]",SOURCE_TABLE_RECORD_NOT_GLOBAL_OR_UNIQUE_COMPANY_VERIFICATION
https://www.nsx.com.au/marketdata/delisted-suspended/,2,122,,ASJ3AV,DELISTED_OR_SUSPENDED_SOURCE_RECORD,"{""Code"": ""ASJ3AV"", ""Security Name"": ""Angas Securities 3yr deb 7.50% 31DEC2012"", ""Delisted Date"": ""30-Dec-2012;20121230""}","[{""work_id"": ""B05:3763"", ""source_url"": ""https://www.nsx.com.au/marketdata/delisted-suspended/"", ""table"": ""2"", ""row"": ""122"", ""headers_json"": ""[\""Code\"", \""Security Name\"", \""Delisted Date\""]"", ""cells_json"": ""[\""ASJ3AV\"", \""Angas Securities 3yr deb 7.50% 31DEC2012\"", \""30-Dec-2012;20121230\""]"", ""row_links_json"": ""[\""https://www.nsx.com.au/summary/ASJ3AV\""]"", ""content_sha256"": ""ccca31c77abbab701f2ffb8c7d49a699a58a446d1429ee5f829cce9293fcfb78"", ""semantic_status"": ""SOURCE_TABLE_ROW_NOT_AUTOMATICALLY_ENTITY""}]",SOURCE_TABLE_RECORD_NOT_GLOBAL_OR_UNIQUE_COMPANY_VERIFICATION
https://www.nsx.com.au/marketdata/delisted-suspended/,2,123,,ASJ3AW,DELISTED_OR_SUSPENDED_SOURCE_RECORD,"{""Code"": ""ASJ3AW"", ""Security Name"": ""Angas Securities 3yr deb 9.00% 31JAN2013"", ""Delisted Date"": ""31-Jan-2013;20130131""}","[{""work_id"": ""B05:3763"", ""source_url"": ""https://www.nsx.com.au/marketdata/delisted-suspended/"", ""table"": ""2"", ""row"": ""123"", ""headers_json"": ""[\""Code\"", \""Security Name\"", \""Delisted Date\""]"", ""cells_json"": ""[\""ASJ3AW\"", \""Angas Securities 3yr deb 9.00% 31JAN2013\"", \""31-Jan-2013;20130131\""]"", ""row_links_json"": ""[\""https://www.nsx.com.au/summary/ASJ3AW\""]"", ""content_sha256"": ""ccca31c77abbab701f2ffb8c7d49a699a58a446d1429ee5f829cce9293fcfb78"", ""semantic_status"": ""SOURCE_TABLE_ROW_NOT_AUTOMATICALLY_ENTITY""}]",SOURCE_TABLE_RECORD_NOT_GLOBAL_OR_UNIQUE_COMPANY_VERIFICATION
https://www.nsx.com.au/marketdata/delisted-suspended/,2,124,,ASJ3AX,DELISTED_OR_SUSPENDED_SOURCE_RECORD,"{""Code"": ""ASJ3AX"", ""Security Name"": ""Angas Securities 3yr deb 9.00% 28FEB2013"", ""Delisted Date"": ""28-Feb-2013;20130228""}","[{""work_id"": ""B05:3763"", ""source_url"": ""https://www.nsx.com.au/marketdata/delisted-suspended/"", ""table"": ""2"", ""row"": ""124"", ""headers_json"": ""[\""Code\"", \""Security Name\"", \""Delisted Date\""]"", ""cells_json"": ""[\""ASJ3AX\"", \""Angas Securities 3yr deb 9.00% 28FEB2013\"", \""28-Feb-2013;20130228\""]"", ""row_links_json"": ""[\""https://www.nsx.com.au/summary/ASJ3AX\""]"", ""content_sha256"": ""ccca31c77abbab701f2ffb8c7d49a699a58a446d1429ee5f829cce9293fcfb78"", ""semantic_status"": ""SOURCE_TABLE_ROW_NOT_AUTOMATICALLY_ENTITY""}]",SOURCE_TABLE_RECORD_NOT_GLOBAL_OR_UNIQUE_COMPANY_VERIFICATION
https://www.nsx.com.au/marketdata/delisted-suspended/,2,125,,ASJ3AY,DELISTED_OR_SUSPENDED_SOURCE_RECORD,"{""Code"": ""ASJ3AY"", ""Security Name"": ""Angas Securities 3yr deb 9.00% 31MAR2013"", ""Delisted Date"": ""31-Mar-2013;20130331""}","[{""work_id"": ""B05:3763"", ""source_url"": ""https://www.nsx.com.au/marketdata/delisted-suspended/"", ""table"": ""2"", ""row"": ""125"", ""headers_json"": ""[\""Code\"", \""Security Name\"", \""Delisted Date\""]"", ""cells_json"": ""[\""ASJ3AY\"", \""Angas Securities 3yr deb 9.00% 31MAR2013\"", \""31-Mar-2013;20130331\""]"", ""row_links_json"": ""[\""https://www.nsx.com.au/summary/ASJ3AY\""]"", ""content_sha256"": ""ccca31c77abbab701f2ffb8c7d49a699a58a446d1429ee5f829cce9293fcfb78"", ""semantic_status"": ""SOURCE_TABLE_ROW_NOT_AUTOMATICALLY_ENTITY""}]",SOURCE_TABLE_RECORD_NOT_GLOBAL_OR_UNIQUE_COMPANY_VERIFICATION
https://www.nsx.com.au/marketdata/delisted-suspended/,2,126,,ASJ3AZ,DELISTED_OR_SUSPENDED_SOURCE_RECORD,"{""Code"": ""ASJ3AZ"", ""Security Name"": ""Angas Securities 3yr deb 9.00% 30APR2013"", ""Delisted Date"": ""30-Apr-2013;20130430""}","[{""work_id"": ""B05:3763"", ""source_url"": ""https://www.nsx.com.au/marketdata/delisted-suspended/"", ""table"": ""2"", ""row"": ""126"", ""headers_json"": ""[\""Code\"", \""Security Name\"", \""Delisted Date\""]"", ""cells_json"": ""[\""ASJ3AZ\"", \""Angas Securities 3yr deb 9.00% 30APR2013\"", \""30-Apr-2013;20130430\""]"", ""row_links_json"": ""[\""https://www.nsx.com.au/summary/ASJ3AZ\""]"", ""content_sha256"": ""ccca31c77abbab701f2ffb8c7d49a699a58a446d1429ee5f829cce9293fcfb78"", ""semantic_status"": ""SOURCE_TABLE_ROW_NOT_AUTOMATICALLY_ENTITY""}]",SOURCE_TABLE_RECORD_NOT_GLOBAL_OR_UNIQUE_COMPANY_VERIFICATION
https://www.nsx.com.au/marketdata/delisted-suspended/,2,127,,ASJ3BA,DELISTED_OR_SUSPENDED_SOURCE_RECORD,"{""Code"": ""ASJ3BA"", ""Security Name"": ""Angas Securities 3yr deb 9.00% 31MAY2013"", ""Delisted Date"": ""31-May-2013;20130531""}","[{""work_id"": ""B05:3763"", ""source_url"": ""https://www.nsx.com.au/marketdata/delisted-suspended/"", ""table"": ""2"", ""row"": ""127"", ""headers_json"": ""[\""Code\"", \""Security Name\"", \""Delisted Date\""]"", ""cells_json"": ""[\""ASJ3BA\"", \""Angas Securities 3yr deb 9.00% 31MAY2013\"", \""31-May-2013;20130531\""]"", ""row_links_json"": ""[\""https://www.nsx.com.au/summary/ASJ3BA\""]"", ""content_sha256"": ""ccca31c77abbab701f2ffb8c7d49a699a58a446d1429ee5f829cce9293fcfb78"", ""semantic_status"": ""SOURCE_TABLE_ROW_NOT_AUTOMATICALLY_ENTITY""}]",SOURCE_TABLE_RECORD_NOT_GLOBAL_OR_UNIQUE_COMPANY_VERIFICATION
https://www.nsx.com.au/marketdata/delisted-suspended/,2,128,,ASJ3BB,DELISTED_OR_SUSPENDED_SOURCE_RECORD,"{""Code"": ""ASJ3BB"", ""Security Name"": ""Angas Securities 3yr deb 9.00% 30JUN2013"", ""Delisted Date"": ""30-Jun-2013;20130630""}","[{""work_id"": ""B05:3763"", ""source_url"": ""https://www.nsx.com.au/marketdata/delisted-suspended/"", ""table"": ""2"", ""row"": ""128"", ""headers_json"": ""[\""Code\"", \""Security Name\"", \""Delisted Date\""]"", ""cells_json"": ""[\""ASJ3BB\"", \""Angas Securities 3yr deb 9.00% 30JUN2013\"", \""30-Jun-2013;20130630\""]"", ""row_links_json"": ""[\""https://www.nsx.com.au/summary/ASJ3BB\""]"", ""content_sha256"": ""ccca31c77abbab701f2ffb8c7d49a699a58a446d1429ee5f829cce9293fcfb78"", ""semantic_status"": ""SOURCE_TABLE_ROW_NOT_AUTOMATICALLY_ENTITY""}]",SOURCE_TABLE_RECORD_NOT_GLOBAL_OR_UNIQUE_COMPANY_VERIFICATION
https://www.nsx.com.au/marketdata/delisted-suspended/,2,129,,ASJ3BC,DELISTED_OR_SUSPENDED_SOURCE_RECORD,"{""Code"": ""ASJ3BC"", ""Security Name"": ""Angas Securities 3yr deb 9.00% 31JUL2013"", ""Delisted Date"": ""31-Jul-2013;20130731""}","[{""work_id"": ""B05:3763"", ""source_url"": ""https://www.nsx.com.au/marketdata/delisted-suspended/"", ""table"": ""2"", ""row"": ""129"", ""headers_json"": ""[\""Code\"", \""Security Name\"", \""Delisted Date\""]"", ""cells_json"": ""[\""ASJ3BC\"", \""Angas Securities 3yr deb 9.00% 31JUL2013\"", \""31-Jul-2013;20130731\""]"", ""row_links_json"": ""[\""https://www.nsx.com.au/summary/ASJ3BC\""]"", ""content_sha256"": ""ccca31c77abbab701f2ffb8c7d49a699a58a446d1429ee5f829cce9293fcfb78"", ""semantic_status"": ""SOURCE_TABLE_ROW_NOT_AUTOMATICALLY_ENTITY""}]",SOURCE_TABLE_RECORD_NOT_GLOBAL_OR_UNIQUE_COMPANY_VERIFICATION
https://www.nsx.com.au/marketdata/delisted-suspended/,2,130,,ASJ3BD,DELISTED_OR_SUSPENDED_SOURCE_RECORD,"{""Code"": ""ASJ3BD"", ""Security Name"": ""Angas Securities 3yr deb 9.00% 31AUG2013"", ""Delisted Date"": ""31-Aug-2013;20130831""}","[{""work_id"": ""B05:3763"", ""source_url"": ""https://www.nsx.com.au/marketdata/delisted-suspended/"", ""table"": ""2"", ""row"": ""130"", ""headers_json"": ""[\""Code\"", \""Security Name\"", \""Delisted Date\""]"", ""cells_json"": ""[\""ASJ3BD\"", \""Angas Securities 3yr deb 9.00% 31AUG2013\"", \""31-Aug-2013;20130831\""]"", ""row_links_json"": ""[\""https://www.nsx.com.au/summary/ASJ3BD\""]"", ""content_sha256"": ""ccca31c77abbab701f2ffb8c7d49a699a58a446d1429ee5f829cce9293fcfb78"", ""semantic_status"": ""SOURCE_TABLE_ROW_NOT_AUTOMATICALLY_ENTITY""}]",SOURCE_TABLE_RECORD_NOT_GLOBAL_OR_UNIQUE_COMPANY_VERIFICATION
https://www.nsx.com.au/marketdata/delisted-suspended/,2,131,,ASJ3BE,DELISTED_OR_SUSPENDED_SOURCE_RECORD,"{""Code"": ""ASJ3BE"", ""Security Name"": ""Angas Securities 3yr deb 9.00% 30SEP2013"", ""Delisted Date"": ""30-Sep-2013;20130930""}","[{""work_id"": ""B05:3763"", ""source_url"": ""https://www.nsx.com.au/marketdata/delisted-suspended/"", ""table"": ""2"", ""row"": ""131"", ""headers_json"": ""[\""Code\"", \""Security Name\"", \""Delisted Date\""]"", ""cells_json"": ""[\""ASJ3BE\"", \""Angas Securities 3yr deb 9.00% 30SEP2013\"", \""30-Sep-2013;20130930\""]"", ""row_links_json"": ""[\""https://www.nsx.com.au/summary/ASJ3BE\""]"", ""content_sha256"": ""ccca31c77abbab701f2ffb8c7d49a699a58a446d1429ee5f829cce9293fcfb78"", ""semantic_status"": ""SOURCE_TABLE_ROW_NOT_AUTOMATICALLY_ENTITY""}]",SOURCE_TABLE_RECORD_NOT_GLOBAL_OR_UNIQUE_COMPANY_VERIFICATION
https://www.nsx.com.au/marketdata/delisted-suspended/,2,132,,ASJ3BF,DELISTED_OR_SUSPENDED_SOURCE_RECORD,"{""Code"": ""ASJ3BF"", ""Security Name"": ""Angas Securities 3yr deb 9.00% 31OCT2013"", ""Delisted Date"": ""31-Oct-2013;20131031""}","[{""work_id"": ""B05:3763"", ""source_url"": ""https://www.nsx.com.au/marketdata/delisted-suspended/"", ""table"": ""2"", ""row"": ""132"", ""headers_json"": ""[\""Code\"", \""Security Name\"", \""Delisted Date\""]"", ""cells_json"": ""[\""ASJ3BF\"", \""Angas Securities 3yr deb 9.00% 31OCT2013\"", \""31-Oct-2013;20131031\""]"", ""row_links_json"": ""[\""https://www.nsx.com.au/summary/ASJ3BF\""]"", ""content_sha256"": ""ccca31c77abbab701f2ffb8c7d49a699a58a446d1429ee5f829cce9293fcfb78"", ""semantic_status"": ""SOURCE_TABLE_ROW_NOT_AUTOMATICALLY_ENTITY""}]",SOURCE_TABLE_RECORD_NOT_GLOBAL_OR_UNIQUE_COMPANY_VERIFICATION
https://www.nsx.com.au/marketdata/delisted-suspended/,2,133,,ASJ3BG,DELISTED_OR_SUSPENDED_SOURCE_RECORD,"{""Code"": ""ASJ3BG"", ""Security Name"": ""Angas Securities 3yr deb 9.00% 30NOV2013"", ""Delisted Date"": ""30-Nov-2013;20131130""}","[{""work_id"": ""B05:3763"", ""source_url"": ""https://www.nsx.com.au/marketdata/delisted-suspended/"", ""table"": ""2"", ""row"": ""133"", ""headers_json"": ""[\""Code\"", \""Security Name\"", \""Delisted Date\""]"", ""cells_json"": ""[\""ASJ3BG\"", \""Angas Securities 3yr deb 9.00% 30NOV2013\"", \""30-Nov-2013;20131130\""]"", ""row_links_json"": ""[\""https://www.nsx.com.au/summary/ASJ3BG\""]"", ""content_sha256"": ""ccca31c77abbab701f2ffb8c7d49a699a58a446d1429ee5f829cce9293fcfb78"", ""semantic_status"": ""SOURCE_TABLE_ROW_NOT_AUTOMATICALLY_ENTITY""}]",SOURCE_TABLE_RECORD_NOT_GLOBAL_OR_UNIQUE_COMPANY_VERIFICATION
https://www.nsx.com.au/marketdata/delisted-suspended/,2,134,,ASJ3BH,DELISTED_OR_SUSPENDED_SOURCE_RECORD,"{""Code"": ""ASJ3BH"", ""Security Name"": ""Angas Securities 3yr deb 9.00% 31DEC2013"", ""Delisted Date"": ""31-Dec-2013;20131231""}","[{""work_id"": ""B05:3763"", ""source_url"": ""https://www.nsx.com.au/marketdata/delisted-suspended/"", ""table"": ""2"", ""row"": ""134"", ""headers_json"": ""[\""Code\"", \""Security Name\"", \""Delisted Date\""]"", ""cells_json"": ""[\""ASJ3BH\"", \""Angas Securities 3yr deb 9.00% 31DEC2013\"", \""31-Dec-2013;20131231\""]"", ""row_links_json"": ""[\""https://www.nsx.com.au/summary/ASJ3BH\""]"", ""content_sha256"": ""ccca31c77abbab701f2ffb8c7d49a699a58a446d1429ee5f829cce9293fcfb78"", ""semantic_status"": ""SOURCE_TABLE_ROW_NOT_AUTOMATICALLY_ENTITY""}]",SOURCE_TABLE_RECORD_NOT_GLOBAL_OR_UNIQUE_COMPANY_VERIFICATION
https://www.nsx.com.au/marketdata/delisted-suspended/,2,135,,ASJ3BI,DELISTED_OR_SUSPENDED_SOURCE_RECORD,"{""Code"": ""ASJ3BI"", ""Security Name"": ""Angas Securities 3yr deb 9.00% 31JAN2014"", ""Delisted Date"": ""31-Jan-2014;20140131""}","[{""work_id"": ""B05:3763"", ""source_url"": ""https://www.nsx.com.au/marketdata/delisted-suspended/"", ""table"": ""2"", ""row"": ""135"", ""headers_json"": ""[\""Code\"", \""Security Name\"", \""Delisted Date\""]"", ""cells_json"": ""[\""ASJ3BI\"", \""Angas Securities 3yr deb 9.00% 31JAN2014\"", \""31-Jan-2014;20140131\""]"", ""row_links_json"": ""[\""https://www.nsx.com.au/summary/ASJ3BI\""]"", ""content_sha256"": ""ccca31c77abbab701f2ffb8c7d49a699a58a446d1429ee5f829cce9293fcfb78"", ""semantic_status"": ""SOURCE_TABLE_ROW_NOT_AUTOMATICALLY_ENTITY""}]",SOURCE_TABLE_RECORD_NOT_GLOBAL_OR_UNIQUE_COMPANY_VERIFICATION
https://www.nsx.com.au/marketdata/delisted-suspended/,2,136,,ASJ3BJ,DELISTED_OR_SUSPENDED_SOURCE_RECORD,"{""Code"": ""ASJ3BJ"", ""Security Name"": ""Angas Securities 3yr deb 9.00% 28FEB2014"", ""Delisted Date"": ""28-Feb-2014;20140228""}","[{""work_id"": ""B05:3763"", ""source_url"": ""https://www.nsx.com.au/marketdata/delisted-suspended/"", ""table"": ""2"", ""row"": ""136"", ""headers_json"": ""[\""Code\"", \""Security Name\"", \""Delisted Date\""]"", ""cells_json"": ""[\""ASJ3BJ\"", \""Angas Securities 3yr deb 9.00% 28FEB2014\"", \""28-Feb-2014;20140228\""]"", ""row_links_json"": ""[\""https://www.nsx.com.au/summary/ASJ3BJ\""]"", ""content_sha256"": ""ccca31c77abbab701f2ffb8c7d49a699a58a446d1429ee5f829cce9293fcfb78"", ""semantic_status"": ""SOURCE_TABLE_ROW_NOT_AUTOMATICALLY_ENTITY""}]",SOURCE_TABLE_RECORD_NOT_GLOBAL_OR_UNIQUE_COMPANY_VERIFICATION
https://www.nsx.com.au/marketdata/delisted-suspended/,2,137,,ASJ3BK,DELISTED_OR_SUSPENDED_SOURCE_RECORD,"{""Code"": ""ASJ3BK"", ""Security Name"": ""Angas Securities 3yr deb 9.00% 31MAR2014"", ""Delisted Date"": ""31-Mar-2014;20140331""}","[{""work_id"": ""B05:3763"", ""source_url"": ""https://www.nsx.com.au/marketdata/delisted-suspended/"", ""table"": ""2"", ""row"": ""137"", ""headers_json"": ""[\""Code\"", \""Security Name\"", \""Delisted Date\""]"", ""cells_json"": ""[\""ASJ3BK\"", \""Angas Securities 3yr deb 9.00% 31MAR2014\"", \""31-Mar-2014;20140331\""]"", ""row_links_json"": ""[\""https://www.nsx.com.au/summary/ASJ3BK\""]"", ""content_sha256"": ""ccca31c77abbab701f2ffb8c7d49a699a58a446d1429ee5f829cce9293fcfb78"", ""semantic_status"": ""SOURCE_TABLE_ROW_NOT_AUTOMATICALLY_ENTITY""}]",SOURCE_TABLE_RECORD_NOT_GLOBAL_OR_UNIQUE_COMPANY_VERIFICATION
https://www.nsx.com.au/marketdata/delisted-suspended/,2,138,,ASJ3BL,DELISTED_OR_SUSPENDED_SOURCE_RECORD,"{""Code"": ""ASJ3BL"", ""Security Name"": ""Angas Securities 3yr deb 9.00% 30APR2014"", ""Delisted Date"": ""30-Apr-2014;20140430""}","[{""work_id"": ""B05:3763"", ""source_url"": ""https://www.nsx.com.au/marketdata/delisted-suspended/"", ""table"": ""2"", ""row"": ""138"", ""headers_json"": ""[\""Code\"", \""Security Name\"", \""Delisted Date\""]"", ""cells_json"": ""[\""ASJ3BL\"", \""Angas Securities 3yr deb 9.00% 30APR2014\"", \""30-Apr-2014;20140430\""]"", ""row_links_json"": ""[\""https://www.nsx.com.au/summary/ASJ3BL\""]"", ""content_sha256"": ""ccca31c77abbab701f2ffb8c7d49a699a58a446d1429ee5f829cce9293fcfb78"", ""semantic_status"": ""SOURCE_TABLE_ROW_NOT_AUTOMATICALLY_ENTITY""}]",SOURCE_TABLE_RECORD_NOT_GLOBAL_OR_UNIQUE_COMPANY_VERIFICATION
https://www.nsx.com.au/marketdata/delisted-suspended/,2,139,,ASJ3BM,DELISTED_OR_SUSPENDED_SOURCE_RECORD,"{""Code"": ""ASJ3BM"", ""Security Name"": ""Angas Securities 3yr Deb 9.00% 31MAY2014"", ""Delisted Date"": ""31-May-2014;20140531""}","[{""work_id"": ""B05:3763"", ""source_url"": ""https://www.nsx.com.au/marketdata/delisted-suspended/"", ""table"": ""2"", ""row"": ""139"", ""headers_json"": ""[\""Code\"", \""Security Name\"", \""Delisted Date\""]"", ""cells_json"": ""[\""ASJ3BM\"", \""Angas Securities 3yr Deb 9.00% 31MAY2014\"", \""31-May-2014;20140531\""]"", ""row_links_json"": ""[\""https://www.nsx.com.au/summary/ASJ3BM\""]"", ""content_sha256"": ""ccca31c77abbab701f2ffb8c7d49a699a58a446d1429ee5f829cce9293fcfb78"", ""semantic_status"": ""SOURCE_TABLE_ROW_NOT_AUTOMATICALLY_ENTITY""}]",SOURCE_TABLE_RECORD_NOT_GLOBAL_OR_UNIQUE_COMPANY_VERIFICATION
https://www.nsx.com.au/marketdata/delisted-suspended/,2,140,,ASJ3BN,DELISTED_OR_SUSPENDED_SOURCE_RECORD,"{""Code"": ""ASJ3BN"", ""Security Name"": ""Angas Securities 3yr deb 9.00% 30JUN2014"", ""Delisted Date"": ""30-Jun-2014;20140630""}","[{""work_id"": ""B05:3763"", ""source_url"": ""https://www.nsx.com.au/marketdata/delisted-suspended/"", ""table"": ""2"", ""row"": ""140"", ""headers_json"": ""[\""Code\"", \""Security Name\"", \""Delisted Date\""]"", ""cells_json"": ""[\""ASJ3BN\"", \""Angas Securities 3yr deb 9.00% 30JUN2014\"", \""30-Jun-2014;20140630\""]"", ""row_links_json"": ""[\""https://www.nsx.com.au/summary/ASJ3BN\""]"", ""content_sha256"": ""ccca31c77abbab701f2ffb8c7d49a699a58a446d1429ee5f829cce9293fcfb78"", ""semantic_status"": ""SOURCE_TABLE_ROW_NOT_AUTOMATICALLY_ENTITY""}]",SOURCE_TABLE_RECORD_NOT_GLOBAL_OR_UNIQUE_COMPANY_VERIFICATION
https://www.nsx.com.au/marketdata/delisted-suspended/,2,141,,ASJ3BO,DELISTED_OR_SUSPENDED_SOURCE_RECORD,"{""Code"": ""ASJ3BO"", ""Security Name"": ""Angas Securities 3yr deb 9.00% 31JUL2014"", ""Delisted Date"": ""31-Jul-2014;20140731""}","[{""work_id"": ""B05:3763"", ""source_url"": ""https://www.nsx.com.au/marketdata/delisted-suspended/"", ""table"": ""2"", ""row"": ""141"", ""headers_json"": ""[\""Code\"", \""Security Name\"", \""Delisted Date\""]"", ""cells_json"": ""[\""ASJ3BO\"", \""Angas Securities 3yr deb 9.00% 31JUL2014\"", \""31-Jul-2014;20140731\""]"", ""row_links_json"": ""[\""https://www.nsx.com.au/summary/ASJ3BO\""]"", ""content_sha256"": ""ccca31c77abbab701f2ffb8c7d49a699a58a446d1429ee5f829cce9293fcfb78"", ""semantic_status"": ""SOURCE_TABLE_ROW_NOT_AUTOMATICALLY_ENTITY""}]",SOURCE_TABLE_RECORD_NOT_GLOBAL_OR_UNIQUE_COMPANY_VERIFICATION
https://www.nsx.com.au/marketdata/delisted-suspended/,2,142,,ASJ3BP,DELISTED_OR_SUSPENDED_SOURCE_RECORD,"{""Code"": ""ASJ3BP"", ""Security Name"": ""Angas Securities 3yr deb 9.00% 31AUG2014"", ""Delisted Date"": ""31-Aug-2014;20140831""}","[{""work_id"": ""B05:3763"", ""source_url"": ""https://www.nsx.com.au/marketdata/delisted-suspended/"", ""table"": ""2"", ""row"": ""142"", ""headers_json"": ""[\""Code\"", \""Security Name\"", \""Delisted Date\""]"", ""cells_json"": ""[\""ASJ3BP\"", \""Angas Securities 3yr deb 9.00% 31AUG2014\"", \""31-Aug-2014;20140831\""]"", ""row_links_json"": ""[\""https://www.nsx.com.au/summary/ASJ3BP\""]"", ""content_sha256"": ""ccca31c77abbab701f2ffb8c7d49a699a58a446d1429ee5f829cce9293fcfb78"", ""semantic_status"": ""SOURCE_TABLE_ROW_NOT_AUTOMATICALLY_ENTITY""}]",SOURCE_TABLE_RECORD_NOT_GLOBAL_OR_UNIQUE_COMPANY_VERIFICATION
https://www.nsx.com.au/marketdata/delisted-suspended/,2,143,,ASJ3BQ,DELISTED_OR_SUSPENDED_SOURCE_RECORD,"{""Code"": ""ASJ3BQ"", ""Security Name"": ""Angas Securities 3yr deb 9.00% 30SEP2014"", ""Delisted Date"": ""30-Sep-2014;20140930""}","[{""work_id"": ""B05:3763"", ""source_url"": ""https://www.nsx.com.au/marketdata/delisted-suspended/"", ""table"": ""2"", ""row"": ""143"", ""headers_json"": ""[\""Code\"", \""Security Name\"", \""Delisted Date\""]"", ""cells_json"": ""[\""ASJ3BQ\"", \""Angas Securities 3yr deb 9.00% 30SEP2014\"", \""30-Sep-2014;20140930\""]"", ""row_links_json"": ""[\""https://www.nsx.com.au/summary/ASJ3BQ\""]"", ""content_sha256"": ""ccca31c77abbab701f2ffb8c7d49a699a58a446d1429ee5f829cce9293fcfb78"", ""semantic_status"": ""SOURCE_TABLE_ROW_NOT_AUTOMATICALLY_ENTITY""}]",SOURCE_TABLE_RECORD_NOT_GLOBAL_OR_UNIQUE_COMPANY_VERIFICATION
https://www.nsx.com.au/marketdata/delisted-suspended/,2,144,,ASJ3BR,DELISTED_OR_SUSPENDED_SOURCE_RECORD,"{""Code"": ""ASJ3BR"", ""Security Name"": ""Angas Securities 3yr deb 9.00% 31OCT2014"", ""Delisted Date"": ""31-Oct-2014;20141031""}","[{""work_id"": ""B05:3763"", ""source_url"": ""https://www.nsx.com.au/marketdata/delisted-suspended/"", ""table"": ""2"", ""row"": ""144"", ""headers_json"": ""[\""Code\"", \""Security Name\"", \""Delisted Date\""]"", ""cells_json"": ""[\""ASJ3BR\"", \""Angas Securities 3yr deb 9.00% 31OCT2014\"", \""31-Oct-2014;20141031\""]"", ""row_links_json"": ""[\""https://www.nsx.com.au/summary/ASJ3BR\""]"", ""content_sha256"": ""ccca31c77abbab701f2ffb8c7d49a699a58a446d1429ee5f829cce9293fcfb78"", ""semantic_status"": ""SOURCE_TABLE_ROW_NOT_AUTOMATICALLY_ENTITY""}]",SOURCE_TABLE_RECORD_NOT_GLOBAL_OR_UNIQUE_COMPANY_VERIFICATION
https://www.nsx.com.au/marketdata/delisted-suspended/,2,145,,ASJ3BS,DELISTED_OR_SUSPENDED_SOURCE_RECORD,"{""Code"": ""ASJ3BS"", ""Security Name"": ""Angas Securities 3yr Deb 9.00% 30NOV2014"", ""Delisted Date"": ""30-Nov-2014;20141130""}","[{""work_id"": ""B05:3763"", ""source_url"": ""https://www.nsx.com.au/marketdata/delisted-suspended/"", ""table"": ""2"", ""row"": ""145"", ""headers_json"": ""[\""Code\"", \""Security Name\"", \""Delisted Date\""]"", ""cells_json"": ""[\""ASJ3BS\"", \""Angas Securities 3yr Deb 9.00% 30NOV2014\"", \""30-Nov-2014;20141130\""]"", ""row_links_json"": ""[\""https://www.nsx.com.au/summary/ASJ3BS\""]"", ""content_sha256"": ""ccca31c77abbab701f2ffb8c7d49a699a58a446d1429ee5f829cce9293fcfb78"", ""semantic_status"": ""SOURCE_TABLE_ROW_NOT_AUTOMATICALLY_ENTITY""}]",SOURCE_TABLE_RECORD_NOT_GLOBAL_OR_UNIQUE_COMPANY_VERIFICATION
https://www.nsx.com.au/marketdata/delisted-suspended/,2,146,,ASJ3BT,DELISTED_OR_SUSPENDED_SOURCE_RECORD,"{""Code"": ""ASJ3BT"", ""Security Name"": ""Angas Securities 3 yr deb 9.00% 31DEC2014"", ""Delisted Date"": ""31-Dec-2014;20141231""}","[{""work_id"": ""B05:3763"", ""source_url"": ""https://www.nsx.com.au/marketdata/delisted-suspended/"", ""table"": ""2"", ""row"": ""146"", ""headers_json"": ""[\""Code\"", \""Security Name\"", \""Delisted Date\""]"", ""cells_json"": ""[\""ASJ3BT\"", \""Angas Securities 3 yr deb 9.00% 31DEC2014\"", \""31-Dec-2014;20141231\""]"", ""row_links_json"": ""[\""https://www.nsx.com.au/summary/ASJ3BT\""]"", ""content_sha256"": ""ccca31c77abbab701f2ffb8c7d49a699a58a446d1429ee5f829cce9293fcfb78"", ""semantic_status"": ""SOURCE_TABLE_ROW_NOT_AUTOMATICALLY_ENTITY""}]",SOURCE_TABLE_RECORD_NOT_GLOBAL_OR_UNIQUE_COMPANY_VERIFICATION
https://www.nsx.com.au/marketdata/delisted-suspended/,2,147,,ASJ3BU,DELISTED_OR_SUSPENDED_SOURCE_RECORD,"{""Code"": ""ASJ3BU"", ""Security Name"": ""Angas Securities 3 yr deb 9.00% 31JAN2015"", ""Delisted Date"": ""31-Jan-2015;20150131""}","[{""work_id"": ""B05:3763"", ""source_url"": ""https://www.nsx.com.au/marketdata/delisted-suspended/"", ""table"": ""2"", ""row"": ""147"", ""headers_json"": ""[\""Code\"", \""Security Name\"", \""Delisted Date\""]"", ""cells_json"": ""[\""ASJ3BU\"", \""Angas Securities 3 yr deb 9.00% 31JAN2015\"", \""31-Jan-2015;20150131\""]"", ""row_links_json"": ""[\""https://www.nsx.com.au/summary/ASJ3BU\""]"", ""content_sha256"": ""ccca31c77abbab701f2ffb8c7d49a699a58a446d1429ee5f829cce9293fcfb78"", ""semantic_status"": ""SOURCE_TABLE_ROW_NOT_AUTOMATICALLY_ENTITY""}]",SOURCE_TABLE_RECORD_NOT_GLOBAL_OR_UNIQUE_COMPANY_VERIFICATION
https://www.nsx.com.au/marketdata/delisted-suspended/,2,148,,ASJ3BV,DELISTED_OR_SUSPENDED_SOURCE_RECORD,"{""Code"": ""ASJ3BV"", ""Security Name"": ""Angas Securities 3 yr deb 9.00% 28FEB2015"", ""Delisted Date"": ""28-Feb-2015;20150228""}","[{""work_id"": ""B05:3763"", ""source_url"": ""https://www.nsx.com.au/marketdata/delisted-suspended/"", ""table"": ""2"", ""row"": ""148"", ""headers_json"": ""[\""Code\"", \""Security Name\"", \""Delisted Date\""]"", ""cells_json"": ""[\""ASJ3BV\"", \""Angas Securities 3 yr deb 9.00% 28FEB2015\"", \""28-Feb-2015;20150228\""]"", ""row_links_json"": ""[\""https://www.nsx.com.au/summary/ASJ3BV\""]"", ""content_sha256"": ""ccca31c77abbab701f2ffb8c7d49a699a58a446d1429ee5f829cce9293fcfb78"", ""semantic_status"": ""SOURCE_TABLE_ROW_NOT_AUTOMATICALLY_ENTITY""}]",SOURCE_TABLE_RECORD_NOT_GLOBAL_OR_UNIQUE_COMPANY_VERIFICATION
https://www.nsx.com.au/marketdata/delisted-suspended/,2,149,,ASJ3BW,DELISTED_OR_SUSPENDED_SOURCE_RECORD,"{""Code"": ""ASJ3BW"", ""Security Name"": ""Angas Securities 3 yr deb 8.00% 31MAR2015"", ""Delisted Date"": ""31-Mar-2015;20150331""}","[{""work_id"": ""B05:3763"", ""source_url"": ""https://www.nsx.com.au/marketdata/delisted-suspended/"", ""table"": ""2"", ""row"": ""149"", ""headers_json"": ""[\""Code\"", \""Security Name\"", \""Delisted Date\""]"", ""cells_json"": ""[\""ASJ3BW\"", \""Angas Securities 3 yr deb 8.00% 31MAR2015\"", \""31-Mar-2015;20150331\""]"", ""row_links_json"": ""[\""https://www.nsx.com.au/summary/ASJ3BW\""]"", ""content_sha256"": ""ccca31c77abbab701f2ffb8c7d49a699a58a446d1429ee5f829cce9293fcfb78"", ""semantic_status"": ""SOURCE_TABLE_ROW_NOT_AUTOMATICALLY_ENTITY""}]",SOURCE_TABLE_RECORD_NOT_GLOBAL_OR_UNIQUE_COMPANY_VERIFICATION
https://www.nsx.com.au/marketdata/delisted-suspended/,2,150,,ASJ3BX,DELISTED_OR_SUSPENDED_SOURCE_RECORD,"{""Code"": ""ASJ3BX"", ""Security Name"": ""Angas Securities 3 yr deb 8.00% 30APR2015"", ""Delisted Date"": ""30-Apr-2015;20150430""}","[{""work_id"": ""B05:3763"", ""source_url"": ""https://www.nsx.com.au/marketdata/delisted-suspended/"", ""table"": ""2"", ""row"": ""150"", ""headers_json"": ""[\""Code\"", \""Security Name\"", \""Delisted Date\""]"", ""cells_json"": ""[\""ASJ3BX\"", \""Angas Securities 3 yr deb 8.00% 30APR2015\"", \""30-Apr-2015;20150430\""]"", ""row_links_json"": ""[\""https://www.nsx.com.au/summary/ASJ3BX\""]"", ""content_sha256"": ""ccca31c77abbab701f2ffb8c7d49a699a58a446d1429ee5f829cce9293fcfb78"", ""semantic_status"": ""SOURCE_TABLE_ROW_NOT_AUTOMATICALLY_ENTITY""}]",SOURCE_TABLE_RECORD_NOT_GLOBAL_OR_UNIQUE_COMPANY_VERIFICATION
https://www.nsx.com.au/marketdata/delisted-suspended/,2,151,,ASJ3BY,DELISTED_OR_SUSPENDED_SOURCE_RECORD,"{""Code"": ""ASJ3BY"", ""Security Name"": ""Angas Securities 3 yr deb 8.00% 31MAY2015"", ""Delisted Date"": ""31-May-2015;20150531""}","[{""work_id"": ""B05:3763"", ""source_url"": ""https://www.nsx.com.au/marketdata/delisted-suspended/"", ""table"": ""2"", ""row"": ""151"", ""headers_json"": ""[\""Code\"", \""Security Name\"", \""Delisted Date\""]"", ""cells_json"": ""[\""ASJ3BY\"", \""Angas Securities 3 yr deb 8.00% 31MAY2015\"", \""31-May-2015;20150531\""]"", ""row_links_json"": ""[\""https://www.nsx.com.au/summary/ASJ3BY\""]"", ""content_sha256"": ""ccca31c77abbab701f2ffb8c7d49a699a58a446d1429ee5f829cce9293fcfb78"", ""semantic_status"": ""SOURCE_TABLE_ROW_NOT_AUTOMATICALLY_ENTITY""}]",SOURCE_TABLE_RECORD_NOT_GLOBAL_OR_UNIQUE_COMPANY_VERIFICATION
https://www.nsx.com.au/marketdata/delisted-suspended/,2,152,,ASJ3BZ,DELISTED_OR_SUSPENDED_SOURCE_RECORD,"{""Code"": ""ASJ3BZ"", ""Security Name"": ""Angas Securities 3 yr deb 8% 30JUN2015"", ""Delisted Date"": ""30-Jun-2015;20150630""}","[{""work_id"": ""B05:3763"", ""source_url"": ""https://www.nsx.com.au/marketdata/delisted-suspended/"", ""table"": ""2"", ""row"": ""152"", ""headers_json"": ""[\""Code\"", \""Security Name\"", \""Delisted Date\""]"", ""cells_json"": ""[\""ASJ3BZ\"", \""Angas Securities 3 yr deb 8% 30JUN2015\"", \""30-Jun-2015;20150630\""]"", ""row_links_json"": ""[\""https://www.nsx.com.au/summary/ASJ3BZ\""]"", ""content_sha256"": ""ccca31c77abbab701f2ffb8c7d49a699a58a446d1429ee5f829cce9293fcfb78"", ""semantic_status"": ""SOURCE_TABLE_ROW_NOT_AUTOMATICALLY_ENTITY""}]",SOURCE_TABLE_RECORD_NOT_GLOBAL_OR_UNIQUE_COMPANY_VERIFICATION
https://www.nsx.com.au/marketdata/delisted-suspended/,2,153,,ASJ3CA,DELISTED_OR_SUSPENDED_SOURCE_RECORD,"{""Code"": ""ASJ3CA"", ""Security Name"": ""Angas Securities 3 yr deb 8% 31JUL2015"", ""Delisted Date"": ""31-Jul-2015;20150731""}","[{""work_id"": ""B05:3763"", ""source_url"": ""https://www.nsx.com.au/marketdata/delisted-suspended/"", ""table"": ""2"", ""row"": ""153"", ""headers_json"": ""[\""Code\"", \""Security Name\"", \""Delisted Date\""]"", ""cells_json"": ""[\""ASJ3CA\"", \""Angas Securities 3 yr deb 8% 31JUL2015\"", \""31-Jul-2015;20150731\""]"", ""row_links_json"": ""[\""https://www.nsx.com.au/summary/ASJ3CA\""]"", ""content_sha256"": ""ccca31c77abbab701f2ffb8c7d49a699a58a446d1429ee5f829cce9293fcfb78"", ""semantic_status"": ""SOURCE_TABLE_ROW_NOT_AUTOMATICALLY_ENTITY""}]",SOURCE_TABLE_RECORD_NOT_GLOBAL_OR_UNIQUE_COMPANY_VERIFICATION
https://www.nsx.com.au/marketdata/delisted-suspended/,2,154,,ASJ3CB,DELISTED_OR_SUSPENDED_SOURCE_RECORD,"{""Code"": ""ASJ3CB"", ""Security Name"": ""Angas Securities 3 yr Deb 8% 31AUG2015"", ""Delisted Date"": ""31-Aug-2015;20150831""}","[{""work_id"": ""B05:3763"", ""source_url"": ""https://www.nsx.com.au/marketdata/delisted-suspended/"", ""table"": ""2"", ""row"": ""154"", ""headers_json"": ""[\""Code\"", \""Security Name\"", \""Delisted Date\""]"", ""cells_json"": ""[\""ASJ3CB\"", \""Angas Securities 3 yr Deb 8% 31AUG2015\"", \""31-Aug-2015;20150831\""]"", ""row_links_json"": ""[\""https://www.nsx.com.au/summary/ASJ3CB\""]"", ""content_sha256"": ""ccca31c77abbab701f2ffb8c7d49a699a58a446d1429ee5f829cce9293fcfb78"", ""semantic_status"": ""SOURCE_TABLE_ROW_NOT_AUTOMATICALLY_ENTITY""}]",SOURCE_TABLE_RECORD_NOT_GLOBAL_OR_UNIQUE_COMPANY_VERIFICATION
https://www.nsx.com.au/marketdata/delisted-suspended/,2,155,,ASJ3CC,DELISTED_OR_SUSPENDED_SOURCE_RECORD,"{""Code"": ""ASJ3CC"", ""Security Name"": ""Angas Securities 3 yr Deb 8% 30 Sep 2015"", ""Delisted Date"": ""30-Sep-2015;20150930""}","[{""work_id"": ""B05:3763"", ""source_url"": ""https://www.nsx.com.au/marketdata/delisted-suspended/"", ""table"": ""2"", ""row"": ""155"", ""headers_json"": ""[\""Code\"", \""Security Name\"", \""Delisted Date\""]"", ""cells_json"": ""[\""ASJ3CC\"", \""Angas Securities 3 yr Deb 8% 30 Sep 2015\"", \""30-Sep-2015;20150930\""]"", ""row_links_json"": ""[\""https://www.nsx.com.au/summary/ASJ3CC\""]"", ""content_sha256"": ""ccca31c77abbab701f2ffb8c7d49a699a58a446d1429ee5f829cce9293fcfb78"", ""semantic_status"": ""SOURCE_TABLE_ROW_NOT_AUTOMATICALLY_ENTITY""}]",SOURCE_TABLE_RECORD_NOT_GLOBAL_OR_UNIQUE_COMPANY_VERIFICATION
https://www.nsx.com.au/marketdata/delisted-suspended/,2,156,,ASJ3CD,DELISTED_OR_SUSPENDED_SOURCE_RECORD,"{""Code"": ""ASJ3CD"", ""Security Name"": ""Angas Securities 3 yr deb 8% 31 Oct 2015"", ""Delisted Date"": ""31-Oct-2015;20151031""}","[{""work_id"": ""B05:3763"", ""source_url"": ""https://www.nsx.com.au/marketdata/delisted-suspended/"", ""table"": ""2"", ""row"": ""156"", ""headers_json"": ""[\""Code\"", \""Security Name\"", \""Delisted Date\""]"", ""cells_json"": ""[\""ASJ3CD\"", \""Angas Securities 3 yr deb 8% 31 Oct 2015\"", \""31-Oct-2015;20151031\""]"", ""row_links_json"": ""[\""https://www.nsx.com.au/summary/ASJ3CD\""]"", ""content_sha256"": ""ccca31c77abbab701f2ffb8c7d49a699a58a446d1429ee5f829cce9293fcfb78"", ""semantic_status"": ""SOURCE_TABLE_ROW_NOT_AUTOMATICALLY_ENTITY""}]",SOURCE_TABLE_RECORD_NOT_GLOBAL_OR_UNIQUE_COMPANY_VERIFICATION
https://www.nsx.com.au/marketdata/delisted-suspended/,2,157,,ASJ3CE,DELISTED_OR_SUSPENDED_SOURCE_RECORD,"{""Code"": ""ASJ3CE"", ""Security Name"": ""Angas Securities 3yr Deb 8.00% 30 Nov 2015"", ""Delisted Date"": ""30-Nov-2015;20151130""}","[{""work_id"": ""B05:3763"", ""source_url"": ""https://www.nsx.com.au/marketdata/delisted-suspended/"", ""table"": ""2"", ""row"": ""157"", ""headers_json"": ""[\""Code\"", \""Security Name\"", \""Delisted Date\""]"", ""cells_json"": ""[\""ASJ3CE\"", \""Angas Securities 3yr Deb 8.00% 30 Nov 2015\"", \""30-Nov-2015;20151130\""]"", ""row_links_json"": ""[\""https://www.nsx.com.au/summary/ASJ3CE\""]"", ""content_sha256"": ""ccca31c77abbab701f2ffb8c7d49a699a58a446d1429ee5f829cce9293fcfb78"", ""semantic_status"": ""SOURCE_TABLE_ROW_NOT_AUTOMATICALLY_ENTITY""}]",SOURCE_TABLE_RECORD_NOT_GLOBAL_OR_UNIQUE_COMPANY_VERIFICATION
https://www.nsx.com.au/marketdata/delisted-suspended/,2,158,,ASJ3CF,DELISTED_OR_SUSPENDED_SOURCE_RECORD,"{""Code"": ""ASJ3CF"", ""Security Name"": ""Angas Securities 3 yr 8% 31 Dec 2015"", ""Delisted Date"": ""31-Dec-2015;20151231""}","[{""work_id"": ""B05:3763"", ""source_url"": ""https://www.nsx.com.au/marketdata/delisted-suspended/"", ""table"": ""2"", ""row"": ""158"", ""headers_json"": ""[\""Code\"", \""Security Name\"", \""Delisted Date\""]"", ""cells_json"": ""[\""ASJ3CF\"", \""Angas Securities 3 yr 8% 31 Dec 2015\"", \""31-Dec-2015;20151231\""]"", ""row_links_json"": ""[\""https://www.nsx.com.au/summary/ASJ3CF\""]"", ""content_sha256"": ""ccca31c77abbab701f2ffb8c7d49a699a58a446d1429ee5f829cce9293fcfb78"", ""semantic_status"": ""SOURCE_TABLE_ROW_NOT_AUTOMATICALLY_ENTITY""}]",SOURCE_TABLE_RECORD_NOT_GLOBAL_OR_UNIQUE_COMPANY_VERIFICATION
https://www.nsx.com.au/marketdata/delisted-suspended/,2,159,,ASJ3CG,DELISTED_OR_SUSPENDED_SOURCE_RECORD,"{""Code"": ""ASJ3CG"", ""Security Name"": ""Angas Securities 3 yr deb 8% 31 Jan 2016"", ""Delisted Date"": ""31-Jan-2016;20160131""}","[{""work_id"": ""B05:3763"", ""source_url"": ""https://www.nsx.com.au/marketdata/delisted-suspended/"", ""table"": ""2"", ""row"": ""159"", ""headers_json"": ""[\""Code\"", \""Security Name\"", \""Delisted Date\""]"", ""cells_json"": ""[\""ASJ3CG\"", \""Angas Securities 3 yr deb 8% 31 Jan 2016\"", \""31-Jan-2016;20160131\""]"", ""row_links_json"": ""[\""https://www.nsx.com.au/summary/ASJ3CG\""]"", ""content_sha256"": ""ccca31c77abbab701f2ffb8c7d49a699a58a446d1429ee5f829cce9293fcfb78"", ""semantic_status"": ""SOURCE_TABLE_ROW_NOT_AUTOMATICALLY_ENTITY""}]",SOURCE_TABLE_RECORD_NOT_GLOBAL_OR_UNIQUE_COMPANY_VERIFICATION
https://www.nsx.com.au/marketdata/delisted-suspended/,2,160,,ASJ3CH,DELISTED_OR_SUSPENDED_SOURCE_RECORD,"{""Code"": ""ASJ3CH"", ""Security Name"": ""Angas Securities 3yr deb 7.50% 28 Feb 2016"", ""Delisted Date"": ""28-Feb-2016;20160228""}","[{""work_id"": ""B05:3763"", ""source_url"": ""https://www.nsx.com.au/marketdata/delisted-suspended/"", ""table"": ""2"", ""row"": ""160"", ""headers_json"": ""[\""Code\"", \""Security Name\"", \""Delisted Date\""]"", ""cells_json"": ""[\""ASJ3CH\"", \""Angas Securities 3yr deb 7.50% 28 Feb 2016\"", \""28-Feb-2016;20160228\""]"", ""row_links_json"": ""[\""https://www.nsx.com.au/summary/ASJ3CH\""]"", ""content_sha256"": ""ccca31c77abbab701f2ffb8c7d49a699a58a446d1429ee5f829cce9293fcfb78"", ""semantic_status"": ""SOURCE_TABLE_ROW_NOT_AUTOMATICALLY_ENTITY""}]",SOURCE_TABLE_RECORD_NOT_GLOBAL_OR_UNIQUE_COMPANY_VERIFICATION
https://www.nsx.com.au/marketdata/delisted-suspended/,2,161,,ASJ3CI,DELISTED_OR_SUSPENDED_SOURCE_RECORD,"{""Code"": ""ASJ3CI"", ""Security Name"": ""Angas Securities 3yr deb 7.50% 31 March 2016"", ""Delisted Date"": ""31-Mar-2016;20160331""}","[{""work_id"": ""B05:3763"", ""source_url"": ""https://www.nsx.com.au/marketdata/delisted-suspended/"", ""table"": ""2"", ""row"": ""161"", ""headers_json"": ""[\""Code\"", \""Security Name\"", \""Delisted Date\""]"", ""cells_json"": ""[\""ASJ3CI\"", \""Angas Securities 3yr deb 7.50% 31 March 2016\"", \""31-Mar-2016;20160331\""]"", ""row_links_json"": ""[\""https://www.nsx.com.au/summary/ASJ3CI\""]"", ""content_sha256"": ""ccca31c77abbab701f2ffb8c7d49a699a58a446d1429ee5f829cce9293fcfb78"", ""semantic_status"": ""SOURCE_TABLE_ROW_NOT_AUTOMATICALLY_ENTITY""}]",SOURCE_TABLE_RECORD_NOT_GLOBAL_OR_UNIQUE_COMPANY_VERIFICATION
https://www.nsx.com.au/marketdata/delisted-suspended/,2,162,,ASJ3CJ,DELISTED_OR_SUSPENDED_SOURCE_RECORD,"{""Code"": ""ASJ3CJ"", ""Security Name"": ""Angas Securities 3yr Deb 7.5% 30 Apr 2016"", ""Delisted Date"": ""30-Apr-2016;20160430""}","[{""work_id"": ""B05:3763"", ""source_url"": ""https://www.nsx.com.au/marketdata/delisted-suspended/"", ""table"": ""2"", ""row"": ""162"", ""headers_json"": ""[\""Code\"", \""Security Name\"", \""Delisted Date\""]"", ""cells_json"": ""[\""ASJ3CJ\"", \""Angas Securities 3yr Deb 7.5% 30 Apr 2016\"", \""30-Apr-2016;20160430\""]"", ""row_links_json"": ""[\""https://www.nsx.com.au/summary/ASJ3CJ\""]"", ""content_sha256"": ""ccca31c77abbab701f2ffb8c7d49a699a58a446d1429ee5f829cce9293fcfb78"", ""semantic_status"": ""SOURCE_TABLE_ROW_NOT_AUTOMATICALLY_ENTITY""}]",SOURCE_TABLE_RECORD_NOT_GLOBAL_OR_UNIQUE_COMPANY_VERIFICATION
https://www.nsx.com.au/marketdata/delisted-suspended/,2,163,,ASJ3CK,DELISTED_OR_SUSPENDED_SOURCE_RECORD,"{""Code"": ""ASJ3CK"", ""Security Name"": ""Angas Securities 3yr deb 7.5% 31MAY2016"", ""Delisted Date"": ""31-May-2016;20160531""}","[{""work_id"": ""B05:3763"", ""source_url"": ""https://www.nsx.com.au/marketdata/delisted-suspended/"", ""table"": ""2"", ""row"": ""163"", ""headers_json"": ""[\""Code\"", \""Security Name\"", \""Delisted Date\""]"", ""cells_json"": ""[\""ASJ3CK\"", \""Angas Securities 3yr deb 7.5% 31MAY2016\"", \""31-May-2016;20160531\""]"", ""row_links_json"": ""[\""https://www.nsx.com.au/summary/ASJ3CK\""]"", ""content_sha256"": ""ccca31c77abbab701f2ffb8c7d49a699a58a446d1429ee5f829cce9293fcfb78"", ""semantic_status"": ""SOURCE_TABLE_ROW_NOT_AUTOMATICALLY_ENTITY""}]",SOURCE_TABLE_RECORD_NOT_GLOBAL_OR_UNIQUE_COMPANY_VERIFICATION
https://www.nsx.com.au/marketdata/delisted-suspended/,2,164,,ASJ3CL,DELISTED_OR_SUSPENDED_SOURCE_RECORD,"{""Code"": ""ASJ3CL"", ""Security Name"": ""Angas Securities 3yr deb 7.5% 30 June 2016"", ""Delisted Date"": ""30-Jun-2016;20160630""}","[{""work_id"": ""B05:3763"", ""source_url"": ""https://www.nsx.com.au/marketdata/delisted-suspended/"", ""table"": ""2"", ""row"": ""164"", ""headers_json"": ""[\""Code\"", \""Security Name\"", \""Delisted Date\""]"", ""cells_json"": ""[\""ASJ3CL\"", \""Angas Securities 3yr deb 7.5% 30 June 2016\"", \""30-Jun-2016;20160630\""]"", ""row_links_json"": ""[\""https://www.nsx.com.au/summary/ASJ3CL\""]"", ""content_sha256"": ""ccca31c77abbab701f2ffb8c7d49a699a58a446d1429ee5f829cce9293fcfb78"", ""semantic_status"": ""SOURCE_TABLE_ROW_NOT_AUTOMATICALLY_ENTITY""}]",SOURCE_TABLE_RECORD_NOT_GLOBAL_OR_UNIQUE_COMPANY_VERIFICATION
https://www.nsx.com.au/marketdata/delisted-suspended/,2,165,,ASJ3CM,DELISTED_OR_SUSPENDED_SOURCE_RECORD,"{""Code"": ""ASJ3CM"", ""Security Name"": ""Angas Securities 3yr Deb 7.5% 31 Jul 2016"", ""Delisted Date"": ""31-Jul-2016;20160731""}","[{""work_id"": ""B05:3763"", ""source_url"": ""https://www.nsx.com.au/marketdata/delisted-suspended/"", ""table"": ""2"", ""row"": ""165"", ""headers_json"": ""[\""Code\"", \""Security Name\"", \""Delisted Date\""]"", ""cells_json"": ""[\""ASJ3CM\"", \""Angas Securities 3yr Deb 7.5% 31 Jul 2016\"", \""31-Jul-2016;20160731\""]"", ""row_links_json"": ""[\""https://www.nsx.com.au/summary/ASJ3CM\""]"", ""content_sha256"": ""ccca31c77abbab701f2ffb8c7d49a699a58a446d1429ee5f829cce9293fcfb78"", ""semantic_status"": ""SOURCE_TABLE_ROW_NOT_AUTOMATICALLY_ENTITY""}]",SOURCE_TABLE_RECORD_NOT_GLOBAL_OR_UNIQUE_COMPANY_VERIFICATION
https://www.nsx.com.au/marketdata/delisted-suspended/,2,166,,ASJ3CN,DELISTED_OR_SUSPENDED_SOURCE_RECORD,"{""Code"": ""ASJ3CN"", ""Security Name"": ""Angas Securities 3yr deb 7.5% 31 Aug 2016"", ""Delisted Date"": ""31-Aug-2016;20160831""}","[{""work_id"": ""B05:3763"", ""source_url"": ""https://www.nsx.com.au/marketdata/delisted-suspended/"", ""table"": ""2"", ""row"": ""166"", ""headers_json"": ""[\""Code\"", \""Security Name\"", \""Delisted Date\""]"", ""cells_json"": ""[\""ASJ3CN\"", \""Angas Securities 3yr deb 7.5% 31 Aug 2016\"", \""31-Aug-2016;20160831\""]"", ""row_links_json"": ""[\""https://www.nsx.com.au/summary/ASJ3CN\""]"", ""content_sha256"": ""ccca31c77abbab701f2ffb8c7d49a699a58a446d1429ee5f829cce9293fcfb78"", ""semantic_status"": ""SOURCE_TABLE_ROW_NOT_AUTOMATICALLY_ENTITY""}]",SOURCE_TABLE_RECORD_NOT_GLOBAL_OR_UNIQUE_COMPANY_VERIFICATION
https://www.nsx.com.au/marketdata/delisted-suspended/,2,167,,ASJ3CO,DELISTED_OR_SUSPENDED_SOURCE_RECORD,"{""Code"": ""ASJ3CO"", ""Security Name"": ""Angas Securities 3 yr deb 7.5% 30 Sep2016"", ""Delisted Date"": ""30-Sep-2016;20160930""}","[{""work_id"": ""B05:3763"", ""source_url"": ""https://www.nsx.com.au/marketdata/delisted-suspended/"", ""table"": ""2"", ""row"": ""167"", ""headers_json"": ""[\""Code\"", \""Security Name\"", \""Delisted Date\""]"", ""cells_json"": ""[\""ASJ3CO\"", \""Angas Securities 3 yr deb 7.5% 30 Sep2016\"", \""30-Sep-2016;20160930\""]"", ""row_links_json"": ""[\""https://www.nsx.com.au/summary/ASJ3CO\""]"", ""content_sha256"": ""ccca31c77abbab701f2ffb8c7d49a699a58a446d1429ee5f829cce9293fcfb78"", ""semantic_status"": ""SOURCE_TABLE_ROW_NOT_AUTOMATICALLY_ENTITY""}]",SOURCE_TABLE_RECORD_NOT_GLOBAL_OR_UNIQUE_COMPANY_VERIFICATION
https://www.nsx.com.au/marketdata/delisted-suspended/,2,168,,ASJ3CP,DELISTED_OR_SUSPENDED_SOURCE_RECORD,"{""Code"": ""ASJ3CP"", ""Security Name"": ""Angas Securities 3 yr deb 7.5% 31 Oct 2016"", ""Delisted Date"": ""31-Oct-2016;20161031""}","[{""work_id"": ""B05:3763"", ""source_url"": ""https://www.nsx.com.au/marketdata/delisted-suspended/"", ""table"": ""2"", ""row"": ""168"", ""headers_json"": ""[\""Code\"", \""Security Name\"", \""Delisted Date\""]"", ""cells_json"": ""[\""ASJ3CP\"", \""Angas Securities 3 yr deb 7.5% 31 Oct 2016\"", \""31-Oct-2016;20161031\""]"", ""row_links_json"": ""[\""https://www.nsx.com.au/summary/ASJ3CP\""]"", ""content_sha256"": ""ccca31c77abbab701f2ffb8c7d49a699a58a446d1429ee5f829cce9293fcfb78"", ""semantic_status"": ""SOURCE_TABLE_ROW_NOT_AUTOMATICALLY_ENTITY""}]",SOURCE_TABLE_RECORD_NOT_GLOBAL_OR_UNIQUE_COMPANY_VERIFICATION
https://www.nsx.com.au/marketdata/delisted-suspended/,2,169,,ASJ3CQ,DELISTED_OR_SUSPENDED_SOURCE_RECORD,"{""Code"": ""ASJ3CQ"", ""Security Name"": ""Angas Securities 3 yr deb 7.0% 30 Nov 2016"", ""Delisted Date"": ""30-Nov-2016;20161130""}","[{""work_id"": ""B05:3763"", ""source_url"": ""https://www.nsx.com.au/marketdata/delisted-suspended/"", ""table"": ""2"", ""row"": ""169"", ""headers_json"": ""[\""Code\"", \""Security Name\"", \""Delisted Date\""]"", ""cells_json"": ""[\""ASJ3CQ\"", \""Angas Securities 3 yr deb 7.0% 30 Nov 2016\"", \""30-Nov-2016;20161130\""]"", ""row_links_json"": ""[\""https://www.nsx.com.au/summary/ASJ3CQ\""]"", ""content_sha256"": ""ccca31c77abbab701f2ffb8c7d49a699a58a446d1429ee5f829cce9293fcfb78"", ""semantic_status"": ""SOURCE_TABLE_ROW_NOT_AUTOMATICALLY_ENTITY""}]",SOURCE_TABLE_RECORD_NOT_GLOBAL_OR_UNIQUE_COMPANY_VERIFICATION
https://www.nsx.com.au/marketdata/delisted-suspended/,2,170,,ASJ3CR,DELISTED_OR_SUSPENDED_SOURCE_RECORD,"{""Code"": ""ASJ3CR"", ""Security Name"": ""Angas Securities 3 yr deb 31 Dec 2016"", ""Delisted Date"": ""31-Dec-2016;20161231""}","[{""work_id"": ""B05:3763"", ""source_url"": ""https://www.nsx.com.au/marketdata/delisted-suspended/"", ""table"": ""2"", ""row"": ""170"", ""headers_json"": ""[\""Code\"", \""Security Name\"", \""Delisted Date\""]"", ""cells_json"": ""[\""ASJ3CR\"", \""Angas Securities 3 yr deb 31 Dec 2016\"", \""31-Dec-2016;20161231\""]"", ""row_links_json"": ""[\""https://www.nsx.com.au/summary/ASJ3CR\""]"", ""content_sha256"": ""ccca31c77abbab701f2ffb8c7d49a699a58a446d1429ee5f829cce9293fcfb78"", ""semantic_status"": ""SOURCE_TABLE_ROW_NOT_AUTOMATICALLY_ENTITY""}]",SOURCE_TABLE_RECORD_NOT_GLOBAL_OR_UNIQUE_COMPANY_VERIFICATION
https://www.nsx.com.au/marketdata/delisted-suspended/,2,171,,ASJ3CS,DELISTED_OR_SUSPENDED_SOURCE_RECORD,"{""Code"": ""ASJ3CS"", ""Security Name"": ""Angas Securities 3 yr deb 7.0% 31 Jan 2017"", ""Delisted Date"": ""31-Jan-2017;20170131""}","[{""work_id"": ""B05:3763"", ""source_url"": ""https://www.nsx.com.au/marketdata/delisted-suspended/"", ""table"": ""2"", ""row"": ""171"", ""headers_json"": ""[\""Code\"", \""Security Name\"", \""Delisted Date\""]"", ""cells_json"": ""[\""ASJ3CS\"", \""Angas Securities 3 yr deb 7.0% 31 Jan 2017\"", \""31-Jan-2017;20170131\""]"", ""row_links_json"": ""[\""https://www.nsx.com.au/summary/ASJ3CS\""]"", ""content_sha256"": ""ccca31c77abbab701f2ffb8c7d49a699a58a446d1429ee5f829cce9293fcfb78"", ""semantic_status"": ""SOURCE_TABLE_ROW_NOT_AUTOMATICALLY_ENTITY""}]",SOURCE_TABLE_RECORD_NOT_GLOBAL_OR_UNIQUE_COMPANY_VERIFICATION
https://www.nsx.com.au/marketdata/delisted-suspended/,2,172,,ASJPA,DELISTED_OR_SUSPENDED_SOURCE_RECORD,"{""Code"": ""ASJPA"", ""Security Name"": ""Angas Securities Redeemable Preference"", ""Delisted Date"": ""12-Apr-2019;20190412""}","[{""work_id"": ""B05:3763"", ""source_url"": ""https://www.nsx.com.au/marketdata/delisted-suspended/"", ""table"": ""2"", ""row"": ""172"", ""headers_json"": ""[\""Code\"", \""Security Name\"", \""Delisted Date\""]"", ""cells_json"": ""[\""ASJPA\"", \""Angas Securities Redeemable Preference\"", \""12-Apr-2019;20190412\""]"", ""row_links_json"": ""[\""https://www.nsx.com.au/summary/ASJPA\""]"", ""content_sha256"": ""ccca31c77abbab701f2ffb8c7d49a699a58a446d1429ee5f829cce9293fcfb78"", ""semantic_status"": ""SOURCE_TABLE_ROW_NOT_AUTOMATICALLY_ENTITY""}]",SOURCE_TABLE_RECORD_NOT_GLOBAL_OR_UNIQUE_COMPANY_VERIFICATION
https://www.nsx.com.au/marketdata/delisted-suspended/,2,173,,ASJPC,DELISTED_OR_SUSPENDED_SOURCE_RECORD,"{""Code"": ""ASJPC"", ""Security Name"": ""Angas Securities Redeemable Preference Series 3"", ""Delisted Date"": ""12-Apr-2019;20190412""}","[{""work_id"": ""B05:3763"", ""source_url"": ""https://www.nsx.com.au/marketdata/delisted-suspended/"", ""table"": ""2"", ""row"": ""173"", ""headers_json"": ""[\""Code\"", \""Security Name\"", \""Delisted Date\""]"", ""cells_json"": ""[\""ASJPC\"", \""Angas Securities Redeemable Preference Series 3\"", \""12-Apr-2019;20190412\""]"", ""row_links_json"": ""[\""https://www.nsx.com.au/summary/ASJPC\""]"", ""content_sha256"": ""ccca31c77abbab701f2ffb8c7d49a699a58a446d1429ee5f829cce9293fcfb78"", ""semantic_status"": ""SOURCE_TABLE_ROW_NOT_AUTOMATICALLY_ENTITY""}]",SOURCE_TABLE_RECORD_NOT_GLOBAL_OR_UNIQUE_COMPANY_VERIFICATION
https://www.nsx.com.au/marketdata/delisted-suspended/,2,174,,ASJPD,DELISTED_OR_SUSPENDED_SOURCE_RECORD,"{""Code"": ""ASJPD"", ""Security Name"": ""Angas Securities Redeemable Preference"", ""Delisted Date"": ""30-Oct-2015;20151030""}","[{""work_id"": ""B05:3763"", ""source_url"": ""https://www.nsx.com.au/marketdata/delisted-suspended/"", ""table"": ""2"", ""row"": ""174"", ""headers_json"": ""[\""Code\"", \""Security Name\"", \""Delisted Date\""]"", ""cells_json"": ""[\""ASJPD\"", \""Angas Securities Redeemable Preference\"", \""30-Oct-2015;20151030\""]"", ""row_links_json"": ""[\""https://www.nsx.com.au/summary/ASJPD\""]"", ""content_sha256"": ""ccca31c77abbab701f2ffb8c7d49a699a58a446d1429ee5f829cce9293fcfb78"", ""semantic_status"": ""SOURCE_TABLE_ROW_NOT_AUTOMATICALLY_ENTITY""}]",SOURCE_TABLE_RECORD_NOT_GLOBAL_OR_UNIQUE_COMPANY_VERIFICATION
https://www.nsx.com.au/marketdata/delisted-suspended/,2,175,,ASS,DELISTED_OR_SUSPENDED_SOURCE_RECORD,"{""Code"": ""ASS"", ""Security Name"": ""Asset Resolution Limited FPO"", ""Delisted Date"": ""29-Jul-2022;20220729""}","[{""work_id"": ""B05:3763"", ""source_url"": ""https://www.nsx.com.au/marketdata/delisted-suspended/"", ""table"": ""2"", ""row"": ""175"", ""headers_json"": ""[\""Code\"", \""Security Name\"", \""Delisted Date\""]"", ""cells_json"": ""[\""ASS\"", \""Asset Resolution Limited FPO\"", \""29-Jul-2022;20220729\""]"", ""row_links_json"": ""[\""https://www.nsx.com.au/summary/ASS\""]"", ""content_sha256"": ""ccca31c77abbab701f2ffb8c7d49a699a58a446d1429ee5f829cce9293fcfb78"", ""semantic_status"": ""SOURCE_TABLE_ROW_NOT_AUTOMATICALLY_ENTITY""}]",SOURCE_TABLE_RECORD_NOT_GLOBAL_OR_UNIQUE_COMPANY_VERIFICATION
https://www.nsx.com.au/marketdata/delisted-suspended/,2,176,,AUE,DELISTED_OR_SUSPENDED_SOURCE_RECORD,"{""Code"": ""AUE"", ""Security Name"": ""Ausminerals Limited FPO"", ""Delisted Date"": ""05-Nov-2010;20101105""}","[{""work_id"": ""B05:3763"", ""source_url"": ""https://www.nsx.com.au/marketdata/delisted-suspended/"", ""table"": ""2"", ""row"": ""176"", ""headers_json"": ""[\""Code\"", \""Security Name\"", \""Delisted Date\""]"", ""cells_json"": ""[\""AUE\"", \""Ausminerals Limited FPO\"", \""05-Nov-2010;20101105\""]"", ""row_links_json"": ""[\""https://www.nsx.com.au/summary/AUE\""]"", ""content_sha256"": ""ccca31c77abbab701f2ffb8c7d49a699a58a446d1429ee5f829cce9293fcfb78"", ""semantic_status"": ""SOURCE_TABLE_ROW_NOT_AUTOMATICALLY_ENTITY""}]",SOURCE_TABLE_RECORD_NOT_GLOBAL_OR_UNIQUE_COMPANY_VERIFICATION
https://www.nsx.com.au/marketdata/delisted-suspended/,2,177,,AUG,DELISTED_OR_SUSPENDED_SOURCE_RECORD,"{""Code"": ""AUG"", ""Security Name"": ""Augusta & District Community Financial Services Ltd"", ""Delisted Date"": ""06-May-2008;20080506""}","[{""work_id"": ""B05:3763"", ""source_url"": ""https://www.nsx.com.au/marketdata/delisted-suspended/"", ""table"": ""2"", ""row"": ""177"", ""headers_json"": ""[\""Code\"", \""Security Name\"", \""Delisted Date\""]"", ""cells_json"": ""[\""AUG\"", \""Augusta & District Community Financial Services Ltd\"", \""06-May-2008;20080506\""]"", ""row_links_json"": ""[\""https://www.nsx.com.au/summary/AUG\""]"", ""content_sha256"": ""ccca31c77abbab701f2ffb8c7d49a699a58a446d1429ee5f829cce9293fcfb78"", ""semantic_status"": ""SOURCE_TABLE_ROW_NOT_AUTOMATICALLY_ENTITY""}]",SOURCE_TABLE_RECORD_NOT_GLOBAL_OR_UNIQUE_COMPANY_VERIFICATION
https://www.nsx.com.au/marketdata/delisted-suspended/,2,178,,AWH,DELISTED_OR_SUSPENDED_SOURCE_RECORD,"{""Code"": ""AWH"", ""Security Name"": ""Allwellness Holdings Group Ltd - FPO"", ""Delisted Date"": ""30-Jul-2021;20210730""}","[{""work_id"": ""B05:3763"", ""source_url"": ""https://www.nsx.com.au/marketdata/delisted-suspended/"", ""table"": ""2"", ""row"": ""178"", ""headers_json"": ""[\""Code\"", \""Security Name\"", \""Delisted Date\""]"", ""cells_json"": ""[\""AWH\"", \""Allwellness Holdings Group Ltd - FPO\"", \""30-Jul-2021;20210730\""]"", ""row_links_json"": ""[\""https://www.nsx.com.au/summary/AWH\""]"", ""content_sha256"": ""ccca31c77abbab701f2ffb8c7d49a699a58a446d1429ee5f829cce9293fcfb78"", ""semantic_status"": ""SOURCE_TABLE_ROW_NOT_AUTOMATICALLY_ENTITY""}]",SOURCE_TABLE_RECORD_NOT_GLOBAL_OR_UNIQUE_COMPANY_VERIFICATION
https://www.nsx.com.au/marketdata/delisted-suspended/,2,179,,AWXCHA,DELISTED_OR_SUSPENDED_SOURCE_RECORD,"{""Code"": ""AWXCHA"", ""Security Name"": ""Clarendon Hills `Astralis` Shiraz 2001 Preference"", ""Delisted Date"": ""12-Jan-2004;20040112""}","[{""work_id"": ""B05:3763"", ""source_url"": ""https://www.nsx.com.au/marketdata/delisted-suspended/"", ""table"": ""2"", ""row"": ""179"", ""headers_json"": ""[\""Code\"", \""Security Name\"", \""Delisted Date\""]"", ""cells_json"": ""[\""AWXCHA\"", \""Clarendon Hills `Astralis` Shiraz 2001 Preference\"", \""12-Jan-2004;20040112\""]"", ""row_links_json"": ""[\""https://www.nsx.com.au/summary/AWXCHA\""]"", ""content_sha256"": ""ccca31c77abbab701f2ffb8c7d49a699a58a446d1429ee5f829cce9293fcfb78"", ""semantic_status"": ""SOURCE_TABLE_ROW_NOT_AUTOMATICALLY_ENTITY""}]",SOURCE_TABLE_RECORD_NOT_GLOBAL_OR_UNIQUE_COMPANY_VERIFICATION
https://www.nsx.com.au/marketdata/delisted-suspended/,2,180,,AWXCHL,DELISTED_OR_SUSPENDED_SOURCE_RECORD,"{""Code"": ""AWXCHL"", ""Security Name"": ""Clarendon Hills Liandra Shiraz 1999 Preference"", ""Delisted Date"": ""14-Apr-2003;20030414""}","[{""work_id"": ""B05:3763"", ""source_url"": ""https://www.nsx.com.au/marketdata/delisted-suspended/"", ""table"": ""2"", ""row"": ""180"", ""headers_json"": ""[\""Code\"", \""Security Name\"", \""Delisted Date\""]"", ""cells_json"": ""[\""AWXCHL\"", \""Clarendon Hills Liandra Shiraz 1999 Preference\"", \""14-Apr-2003;20030414\""]"", ""row_links_json"": ""[\""https://www.nsx.com.au/summary/AWXCHL\""]"", ""content_sha256"": ""ccca31c77abbab701f2ffb8c7d49a699a58a446d1429ee5f829cce9293fcfb78"", ""semantic_status"": ""SOURCE_TABLE_ROW_NOT_AUTOMATICALLY_ENTITY""}]",SOURCE_TABLE_RECORD_NOT_GLOBAL_OR_UNIQUE_COMPANY_VERIFICATION
https://www.nsx.com.au/marketdata/delisted-suspended/,2,181,,AWXCHS,DELISTED_OR_SUSPENDED_SOURCE_RECORD,"{""Code"": ""AWXCHS"", ""Security Name"": ""Clarendon Hills `Moritz` Shiraz 1999 Preference"", ""Delisted Date"": ""10-Jul-2003;20030710""}","[{""work_id"": ""B05:3763"", ""source_url"": ""https://www.nsx.com.au/marketdata/delisted-suspended/"", ""table"": ""2"", ""row"": ""181"", ""headers_json"": ""[\""Code\"", \""Security Name\"", \""Delisted Date\""]"", ""cells_json"": ""[\""AWXCHS\"", \""Clarendon Hills `Moritz` Shiraz 1999 Preference\"", \""10-Jul-2003;20030710\""]"", ""row_links_json"": ""[\""https://www.nsx.com.au/summary/AWXCHS\""]"", ""content_sha256"": ""ccca31c77abbab701f2ffb8c7d49a699a58a446d1429ee5f829cce9293fcfb78"", ""semantic_status"": ""SOURCE_TABLE_ROW_NOT_AUTOMATICALLY_ENTITY""}]",SOURCE_TABLE_RECORD_NOT_GLOBAL_OR_UNIQUE_COMPANY_VERIFICATION
https://www.nsx.com.au/marketdata/delisted-suspended/,2,182,,AWXHBS,DELISTED_OR_SUSPENDED_SOURCE_RECORD,"{""Code"": ""AWXHBS"", ""Security Name"": ""Hewitson `Barossa` Shiraz 2000 Preference"", ""Delisted Date"": ""10-Jul-2003;20030710""}","[{""work_id"": ""B05:3763"", ""source_url"": ""https://www.nsx.com.au/marketdata/delisted-suspended/"", ""table"": ""2"", ""row"": ""182"", ""headers_json"": ""[\""Code\"", \""Security Name\"", \""Delisted Date\""]"", ""cells_json"": ""[\""AWXHBS\"", \""Hewitson `Barossa` Shiraz 2000 Preference\"", \""10-Jul-2003;20030710\""]"", ""row_links_json"": ""[\""https://www.nsx.com.au/summary/AWXHBS\""]"", ""content_sha256"": ""ccca31c77abbab701f2ffb8c7d49a699a58a446d1429ee5f829cce9293fcfb78"", ""semantic_status"": ""SOURCE_TABLE_ROW_NOT_AUTOMATICALLY_ENTITY""}]",SOURCE_TABLE_RECORD_NOT_GLOBAL_OR_UNIQUE_COMPANY_VERIFICATION
https://www.nsx.com.au/marketdata/delisted-suspended/,2,183,,AWXHPC,DELISTED_OR_SUSPENDED_SOURCE_RECORD,"{""Code"": ""AWXHPC"", ""Security Name"": ""Howard Park Cabernet Sauvignon Merlot 1998 Preference"", ""Delisted Date"": ""14-Apr-2003;20030414""}","[{""work_id"": ""B05:3763"", ""source_url"": ""https://www.nsx.com.au/marketdata/delisted-suspended/"", ""table"": ""2"", ""row"": ""183"", ""headers_json"": ""[\""Code\"", \""Security Name\"", \""Delisted Date\""]"", ""cells_json"": ""[\""AWXHPC\"", \""Howard Park Cabernet Sauvignon Merlot 1998 Preference\"", \""14-Apr-2003;20030414\""]"", ""row_links_json"": ""[\""https://www.nsx.com.au/summary/AWXHPC\""]"", ""content_sha256"": ""ccca31c77abbab701f2ffb8c7d49a699a58a446d1429ee5f829cce9293fcfb78"", ""semantic_status"": ""SOURCE_TABLE_ROW_NOT_AUTOMATICALLY_ENTITY""}]",SOURCE_TABLE_RECORD_NOT_GLOBAL_OR_UNIQUE_COMPANY_VERIFICATION
https://www.nsx.com.au/marketdata/delisted-suspended/,2,184,,AWXKEM,DELISTED_OR_SUSPENDED_SOURCE_RECORD,"{""Code"": ""AWXKEM"", ""Security Name"": ""Katnook Estate Cabernet 2000 Preference"", ""Delisted Date"": ""14-Apr-2003;20030414""}","[{""work_id"": ""B05:3763"", ""source_url"": ""https://www.nsx.com.au/marketdata/delisted-suspended/"", ""table"": ""2"", ""row"": ""184"", ""headers_json"": ""[\""Code\"", \""Security Name\"", \""Delisted Date\""]"", ""cells_json"": ""[\""AWXKEM\"", \""Katnook Estate Cabernet 2000 Preference\"", \""14-Apr-2003;20030414\""]"", ""row_links_json"": ""[\""https://www.nsx.com.au/summary/AWXKEM\""]"", ""content_sha256"": ""ccca31c77abbab701f2ffb8c7d49a699a58a446d1429ee5f829cce9293fcfb78"", ""semantic_status"": ""SOURCE_TABLE_ROW_NOT_AUTOMATICALLY_ENTITY""}]",SOURCE_TABLE_RECORD_NOT_GLOBAL_OR_UNIQUE_COMPANY_VERIFICATION
https://www.nsx.com.au/marketdata/delisted-suspended/,2,185,,AWXKEP,DELISTED_OR_SUSPENDED_SOURCE_RECORD,"{""Code"": ""AWXKEP"", ""Security Name"": ""Katnook Estate `Prodigy` Shiraz 1999 Preference"", ""Delisted Date"": ""10-Jul-2003;20030710""}","[{""work_id"": ""B05:3763"", ""source_url"": ""https://www.nsx.com.au/marketdata/delisted-suspended/"", ""table"": ""2"", ""row"": ""185"", ""headers_json"": ""[\""Code\"", \""Security Name\"", \""Delisted Date\""]"", ""cells_json"": ""[\""AWXKEP\"", \""Katnook Estate `Prodigy` Shiraz 1999 Preference\"", \""10-Jul-2003;20030710\""]"", ""row_links_json"": ""[\""https://www.nsx.com.au/summary/AWXKEP\""]"", ""content_sha256"": ""ccca31c77abbab701f2ffb8c7d49a699a58a446d1429ee5f829cce9293fcfb78"", ""semantic_status"": ""SOURCE_TABLE_ROW_NOT_AUTOMATICALLY_ENTITY""}]",SOURCE_TABLE_RECORD_NOT_GLOBAL_OR_UNIQUE_COMPANY_VERIFICATION
https://www.nsx.com.au/marketdata/delisted-suspended/,2,186,,AWXKES,DELISTED_OR_SUSPENDED_SOURCE_RECORD,"{""Code"": ""AWXKES"", ""Security Name"": ""Katnook Estate Shiraz 2000 Preference"", ""Delisted Date"": ""10-Jul-2003;20030710""}","[{""work_id"": ""B05:3763"", ""source_url"": ""https://www.nsx.com.au/marketdata/delisted-suspended/"", ""table"": ""2"", ""row"": ""186"", ""headers_json"": ""[\""Code\"", \""Security Name\"", \""Delisted Date\""]"", ""cells_json"": ""[\""AWXKES\"", \""Katnook Estate Shiraz 2000 Preference\"", \""10-Jul-2003;20030710\""]"", ""row_links_json"": ""[\""https://www.nsx.com.au/summary/AWXKES\""]"", ""content_sha256"": ""ccca31c77abbab701f2ffb8c7d49a699a58a446d1429ee5f829cce9293fcfb78"", ""semantic_status"": ""SOURCE_TABLE_ROW_NOT_AUTOMATICALLY_ENTITY""}]",SOURCE_TABLE_RECORD_NOT_GLOBAL_OR_UNIQUE_COMPANY_VERIFICATION
https://www.nsx.com.au/marketdata/delisted-suspended/,2,187,,AWXKLP,DELISTED_OR_SUSPENDED_SOURCE_RECORD,"{""Code"": ""AWXKLP"", ""Security Name"": ""Knappstein Lenswood Vineyards `The Palatine` 1999 Preference"", ""Delisted Date"": ""14-Apr-2003;20030414""}","[{""work_id"": ""B05:3763"", ""source_url"": ""https://www.nsx.com.au/marketdata/delisted-suspended/"", ""table"": ""2"", ""row"": ""187"", ""headers_json"": ""[\""Code\"", \""Security Name\"", \""Delisted Date\""]"", ""cells_json"": ""[\""AWXKLP\"", \""Knappstein Lenswood Vineyards `The Palatine` 1999 Preference\"", \""14-Apr-2003;20030414\""]"", ""row_links_json"": ""[\""https://www.nsx.com.au/summary/AWXKLP\""]"", ""content_sha256"": ""ccca31c77abbab701f2ffb8c7d49a699a58a446d1429ee5f829cce9293fcfb78"", ""semantic_status"": ""SOURCE_TABLE_ROW_NOT_AUTOMATICALLY_ENTITY""}]",SOURCE_TABLE_RECORD_NOT_GLOBAL_OR_UNIQUE_COMPANY_VERIFICATION
https://www.nsx.com.au/marketdata/delisted-suspended/,2,188,,AWXMAM,DELISTED_OR_SUSPENDED_SOURCE_RECORD,"{""Code"": ""AWXMAM"", ""Security Name"": ""Mountadam Merlot 1998 Preference"", ""Delisted Date"": ""14-Apr-2003;20030414""}","[{""work_id"": ""B05:3763"", ""source_url"": ""https://www.nsx.com.au/marketdata/delisted-suspended/"", ""table"": ""2"", ""row"": ""188"", ""headers_json"": ""[\""Code\"", \""Security Name\"", \""Delisted Date\""]"", ""cells_json"": ""[\""AWXMAM\"", \""Mountadam Merlot 1998 Preference\"", \""14-Apr-2003;20030414\""]"", ""row_links_json"": ""[\""https://www.nsx.com.au/summary/AWXMAM\""]"", ""content_sha256"": ""ccca31c77abbab701f2ffb8c7d49a699a58a446d1429ee5f829cce9293fcfb78"", ""semantic_status"": ""SOURCE_TABLE_ROW_NOT_AUTOMATICALLY_ENTITY""}]",SOURCE_TABLE_RECORD_NOT_GLOBAL_OR_UNIQUE_COMPANY_VERIFICATION
https://www.nsx.com.au/marketdata/delisted-suspended/,2,189,,AWXOHS,DELISTED_OR_SUSPENDED_SOURCE_RECORD,"{""Code"": ""AWXOHS"", ""Security Name"": ""Orlando Lawson`s Padthaway Shiraz 1998 Preference"", ""Delisted Date"": ""10-Jul-2003;20030710""}","[{""work_id"": ""B05:3763"", ""source_url"": ""https://www.nsx.com.au/marketdata/delisted-suspended/"", ""table"": ""2"", ""row"": ""189"", ""headers_json"": ""[\""Code\"", \""Security Name\"", \""Delisted Date\""]"", ""cells_json"": ""[\""AWXOHS\"", \""Orlando Lawson`s Padthaway Shiraz 1998 Preference\"", \""10-Jul-2003;20030710\""]"", ""row_links_json"": ""[\""https://www.nsx.com.au/summary/AWXOHS\""]"", ""content_sha256"": ""ccca31c77abbab701f2ffb8c7d49a699a58a446d1429ee5f829cce9293fcfb78"", ""semantic_status"": ""SOURCE_TABLE_ROW_NOT_AUTOMATICALLY_ENTITY""}]",SOURCE_TABLE_RECORD_NOT_GLOBAL_OR_UNIQUE_COMPANY_VERIFICATION
https://www.nsx.com.au/marketdata/delisted-suspended/,2,190,,AWXOJC,DELISTED_OR_SUSPENDED_SOURCE_RECORD,"{""Code"": ""AWXOJC"", ""Security Name"": ""Orlando Jacob''s Creek Limited Release Shiraz Cabernet 1999 Preference"", ""Delisted Date"": ""14-Apr-2003;20030414""}","[{""work_id"": ""B05:3763"", ""source_url"": ""https://www.nsx.com.au/marketdata/delisted-suspended/"", ""table"": ""2"", ""row"": ""190"", ""headers_json"": ""[\""Code\"", \""Security Name\"", \""Delisted Date\""]"", ""cells_json"": ""[\""AWXOJC\"", \""Orlando Jacob''s Creek Limited Release Shiraz Cabernet 1999 Preference\"", \""14-Apr-2003;20030414\""]"", ""row_links_json"": ""[\""https://www.nsx.com.au/summary/AWXOJC\""]"", ""content_sha256"": ""ccca31c77abbab701f2ffb8c7d49a699a58a446d1429ee5f829cce9293fcfb78"", ""semantic_status"": ""SOURCE_TABLE_ROW_NOT_AUTOMATICALLY_ENTITY""}]",SOURCE_TABLE_RECORD_NOT_GLOBAL_OR_UNIQUE_COMPANY_VERIFICATION
https://www.nsx.com.au/marketdata/delisted-suspended/,2,191,,AWXSPC,DELISTED_OR_SUSPENDED_SOURCE_RECORD,"{""Code"": ""AWXSPC"", ""Security Name"": ""Sally''s Paddock 2000 Preference"", ""Delisted Date"": ""14-Apr-2003;20030414""}","[{""work_id"": ""B05:3763"", ""source_url"": ""https://www.nsx.com.au/marketdata/delisted-suspended/"", ""table"": ""2"", ""row"": ""191"", ""headers_json"": ""[\""Code\"", \""Security Name\"", \""Delisted Date\""]"", ""cells_json"": ""[\""AWXSPC\"", \""Sally''s Paddock 2000 Preference\"", \""14-Apr-2003;20030414\""]"", ""row_links_json"": ""[\""https://www.nsx.com.au/summary/AWXSPC\""]"", ""content_sha256"": ""ccca31c77abbab701f2ffb8c7d49a699a58a446d1429ee5f829cce9293fcfb78"", ""semantic_status"": ""SOURCE_TABLE_ROW_NOT_AUTOMATICALLY_ENTITY""}]",SOURCE_TABLE_RECORD_NOT_GLOBAL_OR_UNIQUE_COMPANY_VERIFICATION
https://www.nsx.com.au/marketdata/delisted-suspended/,2,192,,AWXTWP,DELISTED_OR_SUSPENDED_SOURCE_RECORD,"{""Code"": ""AWXTWP"", ""Security Name"": ""TarraWarra Estate Pinot Noir 2001 Preference"", ""Delisted Date"": ""10-Jul-2003;20030710""}","[{""work_id"": ""B05:3763"", ""source_url"": ""https://www.nsx.com.au/marketdata/delisted-suspended/"", ""table"": ""2"", ""row"": ""192"", ""headers_json"": ""[\""Code\"", \""Security Name\"", \""Delisted Date\""]"", ""cells_json"": ""[\""AWXTWP\"", \""TarraWarra Estate Pinot Noir 2001 Preference\"", \""10-Jul-2003;20030710\""]"", ""row_links_json"": ""[\""https://www.nsx.com.au/summary/AWXTWP\""]"", ""content_sha256"": ""ccca31c77abbab701f2ffb8c7d49a699a58a446d1429ee5f829cce9293fcfb78"", ""semantic_status"": ""SOURCE_TABLE_ROW_NOT_AUTOMATICALLY_ENTITY""}]",SOURCE_TABLE_RECORD_NOT_GLOBAL_OR_UNIQUE_COMPANY_VERIFICATION
https://www.nsx.com.au/marketdata/delisted-suspended/,2,193,,AWXXLC,DELISTED_OR_SUSPENDED_SOURCE_RECORD,"{""Code"": ""AWXXLC"", ""Security Name"": ""Xanadu Cabernet Reserve (Lagan Estate) 1998 Preference"", ""Delisted Date"": ""14-Apr-2003;20030414""}","[{""work_id"": ""B05:3763"", ""source_url"": ""https://www.nsx.com.au/marketdata/delisted-suspended/"", ""table"": ""2"", ""row"": ""193"", ""headers_json"": ""[\""Code\"", \""Security Name\"", \""Delisted Date\""]"", ""cells_json"": ""[\""AWXXLC\"", \""Xanadu Cabernet Reserve (Lagan Estate) 1998 Preference\"", \""14-Apr-2003;20030414\""]"", ""row_links_json"": ""[\""https://www.nsx.com.au/summary/AWXXLC\""]"", ""content_sha256"": ""ccca31c77abbab701f2ffb8c7d49a699a58a446d1429ee5f829cce9293fcfb78"", ""semantic_status"": ""SOURCE_TABLE_ROW_NOT_AUTOMATICALLY_ENTITY""}]",SOURCE_TABLE_RECORD_NOT_GLOBAL_OR_UNIQUE_COMPANY_VERIFICATION
https://www.nsx.com.au/marketdata/delisted-suspended/,2,194,,B3L,DELISTED_OR_SUSPENDED_SOURCE_RECORD,"{""Code"": ""B3L"", ""Security Name"": ""Beaver Entech Limited CDI"", ""Delisted Date"": ""30-Apr-2020;20200430""}","[{""work_id"": ""B05:3763"", ""source_url"": ""https://www.nsx.com.au/marketdata/delisted-suspended/"", ""table"": ""2"", ""row"": ""194"", ""headers_json"": ""[\""Code\"", \""Security Name\"", \""Delisted Date\""]"", ""cells_json"": ""[\""B3L\"", \""Beaver Entech Limited CDI\"", \""30-Apr-2020;20200430\""]"", ""row_links_json"": ""[\""https://www.nsx.com.au/summary/B3L\""]"", ""content_sha256"": ""ccca31c77abbab701f2ffb8c7d49a699a58a446d1429ee5f829cce9293fcfb78"", ""semantic_status"": ""SOURCE_TABLE_ROW_NOT_AUTOMATICALLY_ENTITY""}]",SOURCE_TABLE_RECORD_NOT_GLOBAL_OR_UNIQUE_COMPANY_VERIFICATION
https://www.nsx.com.au/marketdata/delisted-suspended/,2,195,,BAB,DELISTED_OR_SUSPENDED_SOURCE_RECORD,"{""Code"": ""BAB"", ""Security Name"": ""Babinda Community Financial Services Limited"", ""Delisted Date"": ""30-Jun-2009;20090630""}","[{""work_id"": ""B05:3763"", ""source_url"": ""https://www.nsx.com.au/marketdata/delisted-suspended/"", ""table"": ""2"", ""row"": ""195"", ""headers_json"": ""[\""Code\"", \""Security Name\"", \""Delisted Date\""]"", ""cells_json"": ""[\""BAB\"", \""Babinda Community Financial Services Limited\"", \""30-Jun-2009;20090630\""]"", ""row_links_json"": ""[\""https://www.nsx.com.au/summary/BAB\""]"", ""content_sha256"": ""ccca31c77abbab701f2ffb8c7d49a699a58a446d1429ee5f829cce9293fcfb78"", ""semantic_status"": ""SOURCE_TABLE_ROW_NOT_AUTOMATICALLY_ENTITY""}]",SOURCE_TABLE_RECORD_NOT_GLOBAL_OR_UNIQUE_COMPANY_VERIFICATION
https://www.nsx.com.au/marketdata/delisted-suspended/,2,196,,BBA,DELISTED_OR_SUSPENDED_SOURCE_RECORD,"{""Code"": ""BBA"", ""Security Name"": ""Baribunma Holdings Limited FPO"", ""Delisted Date"": ""31-Dec-2011;20111231""}","[{""work_id"": ""B05:3763"", ""source_url"": ""https://www.nsx.com.au/marketdata/delisted-suspended/"", ""table"": ""2"", ""row"": ""196"", ""headers_json"": ""[\""Code\"", \""Security Name\"", \""Delisted Date\""]"", ""cells_json"": ""[\""BBA\"", \""Baribunma Holdings Limited FPO\"", \""31-Dec-2011;20111231\""]"", ""row_links_json"": ""[\""https://www.nsx.com.au/summary/BBA\""]"", ""content_sha256"": ""ccca31c77abbab701f2ffb8c7d49a699a58a446d1429ee5f829cce9293fcfb78"", ""semantic_status"": ""SOURCE_TABLE_ROW_NOT_AUTOMATICALLY_ENTITY""}]",SOURCE_TABLE_RECORD_NOT_GLOBAL_OR_UNIQUE_COMPANY_VERIFICATION
https://www.nsx.com.au/marketdata/delisted-suspended/,2,197,,BBH,DELISTED_OR_SUSPENDED_SOURCE_RECORD,"{""Code"": ""BBH"", ""Security Name"": ""Brumby''s Bakeries Holdings Limited"", ""Delisted Date"": ""31-Jul-2007;20070731""}","[{""work_id"": ""B05:3763"", ""source_url"": ""https://www.nsx.com.au/marketdata/delisted-suspended/"", ""table"": ""2"", ""row"": ""197"", ""headers_json"": ""[\""Code\"", \""Security Name\"", \""Delisted Date\""]"", ""cells_json"": ""[\""BBH\"", \""Brumby''s Bakeries Holdings Limited\"", \""31-Jul-2007;20070731\""]"", ""row_links_json"": ""[\""https://www.nsx.com.au/summary/BBH\""]"", ""content_sha256"": ""ccca31c77abbab701f2ffb8c7d49a699a58a446d1429ee5f829cce9293fcfb78"", ""semantic_status"": ""SOURCE_TABLE_ROW_NOT_AUTOMATICALLY_ENTITY""}]",SOURCE_TABLE_RECORD_NOT_GLOBAL_OR_UNIQUE_COMPANY_VERIFICATION
https://www.nsx.com.au/marketdata/delisted-suspended/,2,198,,BDE,DELISTED_OR_SUSPENDED_SOURCE_RECORD,"{""Code"": ""BDE"", ""Security Name"": ""Beida New Energy Limited - FPO"", ""Delisted Date"": ""15-Jun-2020;20200615""}","[{""work_id"": ""B05:3763"", ""source_url"": ""https://www.nsx.com.au/marketdata/delisted-suspended/"", ""table"": ""2"", ""row"": ""198"", ""headers_json"": ""[\""Code\"", \""Security Name\"", \""Delisted Date\""]"", ""cells_json"": ""[\""BDE\"", \""Beida New Energy Limited - FPO\"", \""15-Jun-2020;20200615\""]"", ""row_links_json"": ""[\""https://www.nsx.com.au/summary/BDE\""]"", ""content_sha256"": ""ccca31c77abbab701f2ffb8c7d49a699a58a446d1429ee5f829cce9293fcfb78"", ""semantic_status"": ""SOURCE_TABLE_ROW_NOT_AUTOMATICALLY_ENTITY""}]",SOURCE_TABLE_RECORD_NOT_GLOBAL_OR_UNIQUE_COMPANY_VERIFICATION
https://www.nsx.com.au/marketdata/delisted-suspended/,2,199,,BFI,DELISTED_OR_SUSPENDED_SOURCE_RECORD,"{""Code"": ""BFI"", ""Security Name"": ""Bidgee Finance Limited FPO"", ""Delisted Date"": ""23-Dec-2008;20081223""}","[{""work_id"": ""B05:3763"", ""source_url"": ""https://www.nsx.com.au/marketdata/delisted-suspended/"", ""table"": ""2"", ""row"": ""199"", ""headers_json"": ""[\""Code\"", \""Security Name\"", \""Delisted Date\""]"", ""cells_json"": ""[\""BFI\"", \""Bidgee Finance Limited FPO\"", \""23-Dec-2008;20081223\""]"", ""row_links_json"": ""[\""https://www.nsx.com.au/summary/BFI\""]"", ""content_sha256"": ""ccca31c77abbab701f2ffb8c7d49a699a58a446d1429ee5f829cce9293fcfb78"", ""semantic_status"": ""SOURCE_TABLE_ROW_NOT_AUTOMATICALLY_ENTITY""}]",SOURCE_TABLE_RECORD_NOT_GLOBAL_OR_UNIQUE_COMPANY_VERIFICATION
https://www.nsx.com.au/marketdata/delisted-suspended/,2,200,,BMR,DELISTED_OR_SUSPENDED_SOURCE_RECORD,"{""Code"": ""BMR"", ""Security Name"": ""Biomax Rubber Industries Ltd FPO"", ""Delisted Date"": ""18-Sep-2017;20170918""}","[{""work_id"": ""B05:3763"", ""source_url"": ""https://www.nsx.com.au/marketdata/delisted-suspended/"", ""table"": ""2"", ""row"": ""200"", ""headers_json"": ""[\""Code\"", \""Security Name\"", \""Delisted Date\""]"", ""cells_json"": ""[\""BMR\"", \""Biomax Rubber Industries Ltd FPO\"", \""18-Sep-2017;20170918\""]"", ""row_links_json"": ""[\""https://www.nsx.com.au/summary/BMR\""]"", ""content_sha256"": ""ccca31c77abbab701f2ffb8c7d49a699a58a446d1429ee5f829cce9293fcfb78"", ""semantic_status"": ""SOURCE_TABLE_ROW_NOT_AUTOMATICALLY_ENTITY""}]",SOURCE_TABLE_RECORD_NOT_GLOBAL_OR_UNIQUE_COMPANY_VERIFICATION
https://www.nsx.com.au/marketdata/delisted-suspended/,2,201,,BPB,DELISTED_OR_SUSPENDED_SOURCE_RECORD,"{""Code"": ""BPB"", ""Security Name"": ""Bellarine Peninsula Community Branch Limited FPO"", ""Delisted Date"": ""30-Jun-2017;20170630""}","[{""work_id"": ""B05:3763"", ""source_url"": ""https://www.nsx.com.au/marketdata/delisted-suspended/"", ""table"": ""2"", ""row"": ""201"", ""headers_json"": ""[\""Code\"", \""Security Name\"", \""Delisted Date\""]"", ""cells_json"": ""[\""BPB\"", \""Bellarine Peninsula Community Branch Limited FPO\"", \""30-Jun-2017;20170630\""]"", ""row_links_json"": ""[\""https://www.nsx.com.au/summary/BPB\""]"", ""content_sha256"": ""ccca31c77abbab701f2ffb8c7d49a699a58a446d1429ee5f829cce9293fcfb78"", ""semantic_status"": ""SOURCE_TABLE_ROW_NOT_AUTOMATICALLY_ENTITY""}]",SOURCE_TABLE_RECORD_NOT_GLOBAL_OR_UNIQUE_COMPANY_VERIFICATION
https://www.nsx.com.au/marketdata/delisted-suspended/,2,202,,BPI,DELISTED_OR_SUSPENDED_SOURCE_RECORD,"{""Code"": ""BPI"", ""Security Name"": ""BBX Property Investment Fund Limited"", ""Delisted Date"": ""14-Sep-2015;20150914""}","[{""work_id"": ""B05:3763"", ""source_url"": ""https://www.nsx.com.au/marketdata/delisted-suspended/"", ""table"": ""2"", ""row"": ""202"", ""headers_json"": ""[\""Code\"", \""Security Name\"", \""Delisted Date\""]"", ""cells_json"": ""[\""BPI\"", \""BBX Property Investment Fund Limited\"", \""14-Sep-2015;20150914\""]"", ""row_links_json"": ""[\""https://www.nsx.com.au/summary/BPI\""]"", ""content_sha256"": ""ccca31c77abbab701f2ffb8c7d49a699a58a446d1429ee5f829cce9293fcfb78"", ""semantic_status"": ""SOURCE_TABLE_ROW_NOT_AUTOMATICALLY_ENTITY""}]",SOURCE_TABLE_RECORD_NOT_GLOBAL_OR_UNIQUE_COMPANY_VERIFICATION
https://www.nsx.com.au/marketdata/delisted-suspended/,2,203,,BRF,DELISTED_OR_SUSPENDED_SOURCE_RECORD,"{""Code"": ""BRF"", ""Security Name"": ""Balmain / Rozelle Financial Services Ltd Ordinary"", ""Delisted Date"": ""30-Jun-2012;20120630""}","[{""work_id"": ""B05:3763"", ""source_url"": ""https://www.nsx.com.au/marketdata/delisted-suspended/"", ""table"": ""2"", ""row"": ""203"", ""headers_json"": ""[\""Code\"", \""Security Name\"", \""Delisted Date\""]"", ""cells_json"": ""[\""BRF\"", \""Balmain / Rozelle Financial Services Ltd Ordinary\"", \""30-Jun-2012;20120630\""]"", ""row_links_json"": ""[\""https://www.nsx.com.au/summary/BRF\""]"", ""content_sha256"": ""ccca31c77abbab701f2ffb8c7d49a699a58a446d1429ee5f829cce9293fcfb78"", ""semantic_status"": ""SOURCE_TABLE_ROW_NOT_AUTOMATICALLY_ENTITY""}]",SOURCE_TABLE_RECORD_NOT_GLOBAL_OR_UNIQUE_COMPANY_VERIFICATION
https://www.nsx.com.au/marketdata/delisted-suspended/,2,204,,BRI,DELISTED_OR_SUSPENDED_SOURCE_RECORD,"{""Code"": ""BRI"", ""Security Name"": ""Bright Community Financial Services Limited"", ""Delisted Date"": ""30-Jun-2009;20090630""}","[{""work_id"": ""B05:3763"", ""source_url"": ""https://www.nsx.com.au/marketdata/delisted-suspended/"", ""table"": ""2"", ""row"": ""204"", ""headers_json"": ""[\""Code\"", \""Security Name\"", \""Delisted Date\""]"", ""cells_json"": ""[\""BRI\"", \""Bright Community Financial Services Limited\"", \""30-Jun-2009;20090630\""]"", ""row_links_json"": ""[\""https://www.nsx.com.au/summary/BRI\""]"", ""content_sha256"": ""ccca31c77abbab701f2ffb8c7d49a699a58a446d1429ee5f829cce9293fcfb78"", ""semantic_status"": ""SOURCE_TABLE_ROW_NOT_AUTOMATICALLY_ENTITY""}]",SOURCE_TABLE_RECORD_NOT_GLOBAL_OR_UNIQUE_COMPANY_VERIFICATION
https://www.nsx.com.au/marketdata/delisted-suspended/,2,205,,BSZ,DELISTED_OR_SUSPENDED_SOURCE_RECORD,"{""Code"": ""BSZ"", ""Security Name"": ""Betta Stores Limited FPO"", ""Delisted Date"": ""15-Jul-2007;20070715""}","[{""work_id"": ""B05:3763"", ""source_url"": ""https://www.nsx.com.au/marketdata/delisted-suspended/"", ""table"": ""2"", ""row"": ""205"", ""headers_json"": ""[\""Code\"", \""Security Name\"", \""Delisted Date\""]"", ""cells_json"": ""[\""BSZ\"", \""Betta Stores Limited FPO\"", \""15-Jul-2007;20070715\""]"", ""row_links_json"": ""[\""https://www.nsx.com.au/summary/BSZ\""]"", ""content_sha256"": ""ccca31c77abbab701f2ffb8c7d49a699a58a446d1429ee5f829cce9293fcfb78"", ""semantic_status"": ""SOURCE_TABLE_ROW_NOT_AUTOMATICALLY_ENTITY""}]",SOURCE_TABLE_RECORD_NOT_GLOBAL_OR_UNIQUE_COMPANY_VERIFICATION
https://www.nsx.com.au/marketdata/delisted-suspended/,2,206,,BTT,DELISTED_OR_SUSPENDED_SOURCE_RECORD,"{""Code"": ""BTT"", ""Security Name"": ""Blue Tower Trust"", ""Delisted Date"": ""03-Oct-2006;20061003""}","[{""work_id"": ""B05:3763"", ""source_url"": ""https://www.nsx.com.au/marketdata/delisted-suspended/"", ""table"": ""2"", ""row"": ""206"", ""headers_json"": ""[\""Code\"", \""Security Name\"", \""Delisted Date\""]"", ""cells_json"": ""[\""BTT\"", \""Blue Tower Trust\"", \""03-Oct-2006;20061003\""]"", ""row_links_json"": ""[\""https://www.nsx.com.au/summary/BTT\""]"", ""content_sha256"": ""ccca31c77abbab701f2ffb8c7d49a699a58a446d1429ee5f829cce9293fcfb78"", ""semantic_status"": ""SOURCE_TABLE_ROW_NOT_AUTOMATICALLY_ENTITY""}]",SOURCE_TABLE_RECORD_NOT_GLOBAL_OR_UNIQUE_COMPANY_VERIFICATION
https://www.nsx.com.au/marketdata/delisted-suspended/,2,207,,BWR,DELISTED_OR_SUSPENDED_SOURCE_RECORD,"{""Code"": ""BWR"", ""Security Name"": ""Berowra & District Financial Services Limited"", ""Delisted Date"": ""30-Jun-2011;20110630""}","[{""work_id"": ""B05:3763"", ""source_url"": ""https://www.nsx.com.au/marketdata/delisted-suspended/"", ""table"": ""2"", ""row"": ""207"", ""headers_json"": ""[\""Code\"", \""Security Name\"", \""Delisted Date\""]"", ""cells_json"": ""[\""BWR\"", \""Berowra & District Financial Services Limited\"", \""30-Jun-2011;20110630\""]"", ""row_links_json"": ""[\""https://www.nsx.com.au/summary/BWR\""]"", ""content_sha256"": ""ccca31c77abbab701f2ffb8c7d49a699a58a446d1429ee5f829cce9293fcfb78"", ""semantic_status"": ""SOURCE_TABLE_ROW_NOT_AUTOMATICALLY_ENTITY""}]",SOURCE_TABLE_RECORD_NOT_GLOBAL_OR_UNIQUE_COMPANY_VERIFICATION
https://www.nsx.com.au/marketdata/delisted-suspended/,2,208,,BXL,DELISTED_OR_SUSPENDED_SOURCE_RECORD,"{""Code"": ""BXL"", ""Security Name"": ""Bell IXL Investments Limited FPO"", ""Delisted Date"": ""30-Jun-2013;20130630""}","[{""work_id"": ""B05:3763"", ""source_url"": ""https://www.nsx.com.au/marketdata/delisted-suspended/"", ""table"": ""2"", ""row"": ""208"", ""headers_json"": ""[\""Code\"", \""Security Name\"", \""Delisted Date\""]"", ""cells_json"": ""[\""BXL\"", \""Bell IXL Investments Limited FPO\"", \""30-Jun-2013;20130630\""]"", ""row_links_json"": ""[\""https://www.nsx.com.au/summary/BXL\""]"", ""content_sha256"": ""ccca31c77abbab701f2ffb8c7d49a699a58a446d1429ee5f829cce9293fcfb78"", ""semantic_status"": ""SOURCE_TABLE_ROW_NOT_AUTOMATICALLY_ENTITY""}]",SOURCE_TABLE_RECORD_NOT_GLOBAL_OR_UNIQUE_COMPANY_VERIFICATION
https://www.nsx.com.au/marketdata/delisted-suspended/,2,209,,BXLA,DELISTED_OR_SUSPENDED_SOURCE_RECORD,"{""Code"": ""BXLA"", ""Security Name"": ""Bell IXL Investments Ltd Restricted Voting FPO"", ""Delisted Date"": ""30-Jun-2013;20130630""}","[{""work_id"": ""B05:3763"", ""source_url"": ""https://www.nsx.com.au/marketdata/delisted-suspended/"", ""table"": ""2"", ""row"": ""209"", ""headers_json"": ""[\""Code\"", \""Security Name\"", \""Delisted Date\""]"", ""cells_json"": ""[\""BXLA\"", \""Bell IXL Investments Ltd Restricted Voting FPO\"", \""30-Jun-2013;20130630\""]"", ""row_links_json"": ""[\""https://www.nsx.com.au/summary/BXLA\""]"", ""content_sha256"": ""ccca31c77abbab701f2ffb8c7d49a699a58a446d1429ee5f829cce9293fcfb78"", ""semantic_status"": ""SOURCE_TABLE_ROW_NOT_AUTOMATICALLY_ENTITY""}]",SOURCE_TABLE_RECORD_NOT_GLOBAL_OR_UNIQUE_COMPANY_VERIFICATION
https://www.nsx.com.au/marketdata/delisted-suspended/,2,210,,CAP,DELISTED_OR_SUSPENDED_SOURCE_RECORD,"{""Code"": ""CAP"", ""Security Name"": ""Capilano Honey Limited Ordinary"", ""Delisted Date"": ""30-Jun-2012;20120630""}","[{""work_id"": ""B05:3763"", ""source_url"": ""https://www.nsx.com.au/marketdata/delisted-suspended/"", ""table"": ""2"", ""row"": ""210"", ""headers_json"": ""[\""Code\"", \""Security Name\"", \""Delisted Date\""]"", ""cells_json"": ""[\""CAP\"", \""Capilano Honey Limited Ordinary\"", \""30-Jun-2012;20120630\""]"", ""row_links_json"": ""[\""https://www.nsx.com.au/summary/CAP\""]"", ""content_sha256"": ""ccca31c77abbab701f2ffb8c7d49a699a58a446d1429ee5f829cce9293fcfb78"", ""semantic_status"": ""SOURCE_TABLE_ROW_NOT_AUTOMATICALLY_ENTITY""}]",SOURCE_TABLE_RECORD_NOT_GLOBAL_OR_UNIQUE_COMPANY_VERIFICATION
https://www.nsx.com.au/marketdata/delisted-suspended/,2,211,,CAX,DELISTED_OR_SUSPENDED_SOURCE_RECORD,"{""Code"": ""CAX"", ""Security Name"": ""CoAssets Limited FPO"", ""Delisted Date"": ""02-Sep-2016;20160902""}","[{""work_id"": ""B05:3763"", ""source_url"": ""https://www.nsx.com.au/marketdata/delisted-suspended/"", ""table"": ""2"", ""row"": ""211"", ""headers_json"": ""[\""Code\"", \""Security Name\"", \""Delisted Date\""]"", ""cells_json"": ""[\""CAX\"", \""CoAssets Limited FPO\"", \""02-Sep-2016;20160902\""]"", ""row_links_json"": ""[\""https://www.nsx.com.au/summary/CAX\""]"", ""content_sha256"": ""ccca31c77abbab701f2ffb8c7d49a699a58a446d1429ee5f829cce9293fcfb78"", ""semantic_status"": ""SOURCE_TABLE_ROW_NOT_AUTOMATICALLY_ENTITY""}]",SOURCE_TABLE_RECORD_NOT_GLOBAL_OR_UNIQUE_COMPANY_VERIFICATION
https://www.nsx.com.au/marketdata/delisted-suspended/,2,212,,CCH,DELISTED_OR_SUSPENDED_SOURCE_RECORD,"{""Code"": ""CCH"", ""Security Name"": ""Circle International Holdings Limited - FPO"", ""Delisted Date"": ""01-Mar-2024;20240301""}","[{""work_id"": ""B05:3763"", ""source_url"": ""https://www.nsx.com.au/marketdata/delisted-suspended/"", ""table"": ""2"", ""row"": ""212"", ""headers_json"": ""[\""Code\"", \""Security Name\"", \""Delisted Date\""]"", ""cells_json"": ""[\""CCH\"", \""Circle International Holdings Limited - FPO\"", \""01-Mar-2024;20240301\""]"", ""row_links_json"": ""[\""https://www.nsx.com.au/summary/CCH\""]"", ""content_sha256"": ""ccca31c77abbab701f2ffb8c7d49a699a58a446d1429ee5f829cce9293fcfb78"", ""semantic_status"": ""SOURCE_TABLE_ROW_NOT_AUTOMATICALLY_ENTITY""}]",SOURCE_TABLE_RECORD_NOT_GLOBAL_OR_UNIQUE_COMPANY_VERIFICATION
https://www.nsx.com.au/marketdata/delisted-suspended/,2,213,,CCS,DELISTED_OR_SUSPENDED_SOURCE_RECORD,"{""Code"": ""CCS"", ""Security Name"": ""The Capital Collection Syndicate"", ""Delisted Date"": ""28-Jul-2003;20030728""}","[{""work_id"": ""B05:3763"", ""source_url"": ""https://www.nsx.com.au/marketdata/delisted-suspended/"", ""table"": ""2"", ""row"": ""213"", ""headers_json"": ""[\""Code\"", \""Security Name\"", \""Delisted Date\""]"", ""cells_json"": ""[\""CCS\"", \""The Capital Collection Syndicate\"", \""28-Jul-2003;20030728\""]"", ""row_links_json"": ""[\""https://www.nsx.com.au/summary/CCS\""]"", ""content_sha256"": ""ccca31c77abbab701f2ffb8c7d49a699a58a446d1429ee5f829cce9293fcfb78"", ""semantic_status"": ""SOURCE_TABLE_ROW_NOT_AUTOMATICALLY_ENTITY""}]",SOURCE_TABLE_RECORD_NOT_GLOBAL_OR_UNIQUE_COMPANY_VERIFICATION
https://www.nsx.com.au/marketdata/delisted-suspended/,2,214,,CCT,DELISTED_OR_SUSPENDED_SOURCE_RECORD,"{""Code"": ""CCT"", ""Security Name"": ""Concentrated Capital Limited FPO"", ""Delisted Date"": ""13-Dec-2007;20071213""}","[{""work_id"": ""B05:3763"", ""source_url"": ""https://www.nsx.com.au/marketdata/delisted-suspended/"", ""table"": ""2"", ""row"": ""214"", ""headers_json"": ""[\""Code\"", \""Security Name\"", \""Delisted Date\""]"", ""cells_json"": ""[\""CCT\"", \""Concentrated Capital Limited FPO\"", \""13-Dec-2007;20071213\""]"", ""row_links_json"": ""[\""https://www.nsx.com.au/summary/CCT\""]"", ""content_sha256"": ""ccca31c77abbab701f2ffb8c7d49a699a58a446d1429ee5f829cce9293fcfb78"", ""semantic_status"": ""SOURCE_TABLE_ROW_NOT_AUTOMATICALLY_ENTITY""}]",SOURCE_TABLE_RECORD_NOT_GLOBAL_OR_UNIQUE_COMPANY_VERIFICATION
https://www.nsx.com.au/marketdata/delisted-suspended/,2,215,,CEI,DELISTED_OR_SUSPENDED_SOURCE_RECORD,"{""Code"": ""CEI"", ""Security Name"": ""Community Merchant Solutions, Ltd. FPO"", ""Delisted Date"": ""14-Sep-2015;20150914""}","[{""work_id"": ""B05:3763"", ""source_url"": ""https://www.nsx.com.au/marketdata/delisted-suspended/"", ""table"": ""2"", ""row"": ""215"", ""headers_json"": ""[\""Code\"", \""Security Name\"", \""Delisted Date\""]"", ""cells_json"": ""[\""CEI\"", \""Community Merchant Solutions, Ltd. FPO\"", \""14-Sep-2015;20150914\""]"", ""row_links_json"": ""[\""https://www.nsx.com.au/summary/CEI\""]"", ""content_sha256"": ""ccca31c77abbab701f2ffb8c7d49a699a58a446d1429ee5f829cce9293fcfb78"", ""semantic_status"": ""SOURCE_TABLE_ROW_NOT_AUTOMATICALLY_ENTITY""}]",SOURCE_TABLE_RECORD_NOT_GLOBAL_OR_UNIQUE_COMPANY_VERIFICATION
https://www.nsx.com.au/marketdata/delisted-suspended/,2,216,,CFW,DELISTED_OR_SUSPENDED_SOURCE_RECORD,"{""Code"": ""CFW"", ""Security Name"": ""CTG Fibersway International Limited - FPO"", ""Delisted Date"": ""17-Feb-2026;20260217""}","[{""work_id"": ""B05:3763"", ""source_url"": ""https://www.nsx.com.au/marketdata/delisted-suspended/"", ""table"": ""2"", ""row"": ""216"", ""headers_json"": ""[\""Code\"", \""Security Name\"", \""Delisted Date\""]"", ""cells_json"": ""[\""CFW\"", \""CTG Fibersway International Limited - FPO\"", \""17-Feb-2026;20260217\""]"", ""row_links_json"": ""[\""https://www.nsx.com.au/summary/CFW\""]"", ""content_sha256"": ""ccca31c77abbab701f2ffb8c7d49a699a58a446d1429ee5f829cce9293fcfb78"", ""semantic_status"": ""SOURCE_TABLE_ROW_NOT_AUTOMATICALLY_ENTITY""}]",SOURCE_TABLE_RECORD_NOT_GLOBAL_OR_UNIQUE_COMPANY_VERIFICATION
https://www.nsx.com.au/marketdata/delisted-suspended/,2,217,,CFY,DELISTED_OR_SUSPENDED_SOURCE_RECORD,"{""Code"": ""CFY"", ""Security Name"": ""Clifroy Limited FPO"", ""Delisted Date"": ""31-May-2019;20190531""}","[{""work_id"": ""B05:3763"", ""source_url"": ""https://www.nsx.com.au/marketdata/delisted-suspended/"", ""table"": ""2"", ""row"": ""217"", ""headers_json"": ""[\""Code\"", \""Security Name\"", \""Delisted Date\""]"", ""cells_json"": ""[\""CFY\"", \""Clifroy Limited FPO\"", \""31-May-2019;20190531\""]"", ""row_links_json"": ""[\""https://www.nsx.com.au/summary/CFY\""]"", ""content_sha256"": ""ccca31c77abbab701f2ffb8c7d49a699a58a446d1429ee5f829cce9293fcfb78"", ""semantic_status"": ""SOURCE_TABLE_ROW_NOT_AUTOMATICALLY_ENTITY""}]",SOURCE_TABLE_RECORD_NOT_GLOBAL_OR_UNIQUE_COMPANY_VERIFICATION
https://www.nsx.com.au/marketdata/delisted-suspended/,2,218,,CHE,DELISTED_OR_SUSPENDED_SOURCE_RECORD,"{""Code"": ""CHE"", ""Security Name"": ""China Puda High-Tech Holdings Ltd FPO"", ""Delisted Date"": ""31-Mar-2015;20150331""}","[{""work_id"": ""B05:3763"", ""source_url"": ""https://www.nsx.com.au/marketdata/delisted-suspended/"", ""table"": ""2"", ""row"": ""218"", ""headers_json"": ""[\""Code\"", \""Security Name\"", \""Delisted Date\""]"", ""cells_json"": ""[\""CHE\"", \""China Puda High-Tech Holdings Ltd FPO\"", \""31-Mar-2015;20150331\""]"", ""row_links_json"": ""[\""https://www.nsx.com.au/summary/CHE\""]"", ""content_sha256"": ""ccca31c77abbab701f2ffb8c7d49a699a58a446d1429ee5f829cce9293fcfb78"", ""semantic_status"": ""SOURCE_TABLE_ROW_NOT_AUTOMATICALLY_ENTITY""}]",SOURCE_TABLE_RECORD_NOT_GLOBAL_OR_UNIQUE_COMPANY_VERIFICATION
https://www.nsx.com.au/marketdata/delisted-suspended/,2,219,,CHI,DELISTED_OR_SUSPENDED_SOURCE_RECORD,"{""Code"": ""CHI"", ""Security Name"": ""China Herbal Medicine Limited FPO"", ""Delisted Date"": ""11-Nov-2016;20161111""}","[{""work_id"": ""B05:3763"", ""source_url"": ""https://www.nsx.com.au/marketdata/delisted-suspended/"", ""table"": ""2"", ""row"": ""219"", ""headers_json"": ""[\""Code\"", \""Security Name\"", \""Delisted Date\""]"", ""cells_json"": ""[\""CHI\"", \""China Herbal Medicine Limited FPO\"", \""11-Nov-2016;20161111\""]"", ""row_links_json"": ""[\""https://www.nsx.com.au/summary/CHI\""]"", ""content_sha256"": ""ccca31c77abbab701f2ffb8c7d49a699a58a446d1429ee5f829cce9293fcfb78"", ""semantic_status"": ""SOURCE_TABLE_ROW_NOT_AUTOMATICALLY_ENTITY""}]",SOURCE_TABLE_RECORD_NOT_GLOBAL_OR_UNIQUE_COMPANY_VERIFICATION
https://www.nsx.com.au/marketdata/delisted-suspended/,2,220,,CLG,DELISTED_OR_SUSPENDED_SOURCE_RECORD,"{""Code"": ""CLG"", ""Security Name"": ""Coolalinga & District Community Finance Limited Ordinary"", ""Delisted Date"": ""30-Jun-2012;20120630""}","[{""work_id"": ""B05:3763"", ""source_url"": ""https://www.nsx.com.au/marketdata/delisted-suspended/"", ""table"": ""2"", ""row"": ""220"", ""headers_json"": ""[\""Code\"", \""Security Name\"", \""Delisted Date\""]"", ""cells_json"": ""[\""CLG\"", \""Coolalinga & District Community Finance Limited Ordinary\"", \""30-Jun-2012;20120630\""]"", ""row_links_json"": ""[\""https://www.nsx.com.au/summary/CLG\""]"", ""content_sha256"": ""ccca31c77abbab701f2ffb8c7d49a699a58a446d1429ee5f829cce9293fcfb78"", ""semantic_status"": ""SOURCE_TABLE_ROW_NOT_AUTOMATICALLY_ENTITY""}]",SOURCE_TABLE_RECORD_NOT_GLOBAL_OR_UNIQUE_COMPANY_VERIFICATION
https://www.nsx.com.au/marketdata/delisted-suspended/,2,221,,CMA,DELISTED_OR_SUSPENDED_SOURCE_RECORD,"{""Code"": ""CMA"", ""Security Name"": ""Cosmedics Australia Limited FPO"", ""Delisted Date"": ""31-Dec-2008;20081231""}","[{""work_id"": ""B05:3763"", ""source_url"": ""https://www.nsx.com.au/marketdata/delisted-suspended/"", ""table"": ""2"", ""row"": ""221"", ""headers_json"": ""[\""Code\"", \""Security Name\"", \""Delisted Date\""]"", ""cells_json"": ""[\""CMA\"", \""Cosmedics Australia Limited FPO\"", \""31-Dec-2008;20081231\""]"", ""row_links_json"": ""[\""https://www.nsx.com.au/summary/CMA\""]"", ""content_sha256"": ""ccca31c77abbab701f2ffb8c7d49a699a58a446d1429ee5f829cce9293fcfb78"", ""semantic_status"": ""SOURCE_TABLE_ROW_NOT_AUTOMATICALLY_ENTITY""}]",SOURCE_TABLE_RECORD_NOT_GLOBAL_OR_UNIQUE_COMPANY_VERIFICATION
https://www.nsx.com.au/marketdata/delisted-suspended/,2,222,,CMAN,DELISTED_OR_SUSPENDED_SOURCE_RECORD,"{""Code"": ""CMAN"", ""Security Name"": ""Cosmedics Australia Ltd Options 31Dec2005"", ""Delisted Date"": ""30-Dec-2005;20051230""}","[{""work_id"": ""B05:3763"", ""source_url"": ""https://www.nsx.com.au/marketdata/delisted-suspended/"", ""table"": ""2"", ""row"": ""222"", ""headers_json"": ""[\""Code\"", \""Security Name\"", \""Delisted Date\""]"", ""cells_json"": ""[\""CMAN\"", \""Cosmedics Australia Ltd Options 31Dec2005\"", \""30-Dec-2005;20051230\""]"", ""row_links_json"": ""[\""https://www.nsx.com.au/summary/CMAN\""]"", ""content_sha256"": ""ccca31c77abbab701f2ffb8c7d49a699a58a446d1429ee5f829cce9293fcfb78"", ""semantic_status"": ""SOURCE_TABLE_ROW_NOT_AUTOMATICALLY_ENTITY""}]",SOURCE_TABLE_RECORD_NOT_GLOBAL_OR_UNIQUE_COMPANY_VERIFICATION
https://www.nsx.com.au/marketdata/delisted-suspended/,2,223,,CMAO,DELISTED_OR_SUSPENDED_SOURCE_RECORD,"{""Code"": ""CMAO"", ""Security Name"": ""Cosmedics Australia Ltd Options 31Dec2005"", ""Delisted Date"": ""22-Dec-2005;20051222""}","[{""work_id"": ""B05:3763"", ""source_url"": ""https://www.nsx.com.au/marketdata/delisted-suspended/"", ""table"": ""2"", ""row"": ""223"", ""headers_json"": ""[\""Code\"", \""Security Name\"", \""Delisted Date\""]"", ""cells_json"": ""[\""CMAO\"", \""Cosmedics Australia Ltd Options 31Dec2005\"", \""22-Dec-2005;20051222\""]"", ""row_links_json"": ""[\""https://www.nsx.com.au/summary/CMAO\""]"", ""content_sha256"": ""ccca31c77abbab701f2ffb8c7d49a699a58a446d1429ee5f829cce9293fcfb78"", ""semantic_status"": ""SOURCE_TABLE_ROW_NOT_AUTOMATICALLY_ENTITY""}]",SOURCE_TABLE_RECORD_NOT_GLOBAL_OR_UNIQUE_COMPANY_VERIFICATION
https://www.nsx.com.au/marketdata/delisted-suspended/,2,224,,CMAOB,DELISTED_OR_SUSPENDED_SOURCE_RECORD,"{""Code"": ""CMAOB"", ""Security Name"": ""Cosmedics Australia Limited Options Series B 31Dec07"", ""Delisted Date"": ""08-Jan-2008;20080108""}","[{""work_id"": ""B05:3763"", ""source_url"": ""https://www.nsx.com.au/marketdata/delisted-suspended/"", ""table"": ""2"", ""row"": ""224"", ""headers_json"": ""[\""Code\"", \""Security Name\"", \""Delisted Date\""]"", ""cells_json"": ""[\""CMAOB\"", \""Cosmedics Australia Limited Options Series B 31Dec07\"", \""08-Jan-2008;20080108\""]"", ""row_links_json"": ""[\""https://www.nsx.com.au/summary/CMAOB\""]"", ""content_sha256"": ""ccca31c77abbab701f2ffb8c7d49a699a58a446d1429ee5f829cce9293fcfb78"", ""semantic_status"": ""SOURCE_TABLE_ROW_NOT_AUTOMATICALLY_ENTITY""}]",SOURCE_TABLE_RECORD_NOT_GLOBAL_OR_UNIQUE_COMPANY_VERIFICATION
https://www.nsx.com.au/marketdata/delisted-suspended/,2,225,,COB,DELISTED_OR_SUSPENDED_SOURCE_RECORD,"{""Code"": ""COB"", ""Security Name"": ""Cobden & District Community Financial Finance Limited"", ""Delisted Date"": ""30-Jun-2011;20110630""}","[{""work_id"": ""B05:3763"", ""source_url"": ""https://www.nsx.com.au/marketdata/delisted-suspended/"", ""table"": ""2"", ""row"": ""225"", ""headers_json"": ""[\""Code\"", \""Security Name\"", \""Delisted Date\""]"", ""cells_json"": ""[\""COB\"", \""Cobden & District Community Financial Finance Limited\"", \""30-Jun-2011;20110630\""]"", ""row_links_json"": ""[\""https://www.nsx.com.au/summary/COB\""]"", ""content_sha256"": ""ccca31c77abbab701f2ffb8c7d49a699a58a446d1429ee5f829cce9293fcfb78"", ""semantic_status"": ""SOURCE_TABLE_ROW_NOT_AUTOMATICALLY_ENTITY""}]",SOURCE_TABLE_RECORD_NOT_GLOBAL_OR_UNIQUE_COMPANY_VERIFICATION
https://www.nsx.com.au/marketdata/delisted-suspended/,2,226,,CRA,DELISTED_OR_SUSPENDED_SOURCE_RECORD,"{""Code"": ""CRA"", ""Security Name"": ""Consolidated Africa Limited - FPO"", ""Delisted Date"": ""05-Sep-2025;20250905""}","[{""work_id"": ""B05:3763"", ""source_url"": ""https://www.nsx.com.au/marketdata/delisted-suspended/"", ""table"": ""2"", ""row"": ""226"", ""headers_json"": ""[\""Code\"", \""Security Name\"", \""Delisted Date\""]"", ""cells_json"": ""[\""CRA\"", \""Consolidated Africa Limited - FPO\"", \""05-Sep-2025;20250905\""]"", ""row_links_json"": ""[\""https://www.nsx.com.au/summary/CRA\""]"", ""content_sha256"": ""ccca31c77abbab701f2ffb8c7d49a699a58a446d1429ee5f829cce9293fcfb78"", ""semantic_status"": ""SOURCE_TABLE_ROW_NOT_AUTOMATICALLY_ENTITY""}]",SOURCE_TABLE_RECORD_NOT_GLOBAL_OR_UNIQUE_COMPANY_VERIFICATION
https://www.nsx.com.au/marketdata/delisted-suspended/,2,227,,CUX,DELISTED_OR_SUSPENDED_SOURCE_RECORD,"{""Code"": ""CUX"", ""Security Name"": ""Crossland Uranium Mines Limited FPO"", ""Delisted Date"": ""12-Apr-2007;20070412""}","[{""work_id"": ""B05:3763"", ""source_url"": ""https://www.nsx.com.au/marketdata/delisted-suspended/"", ""table"": ""2"", ""row"": ""227"", ""headers_json"": ""[\""Code\"", \""Security Name\"", \""Delisted Date\""]"", ""cells_json"": ""[\""CUX\"", \""Crossland Uranium Mines Limited FPO\"", \""12-Apr-2007;20070412\""]"", ""row_links_json"": ""[\""https://www.nsx.com.au/summary/CUX\""]"", ""content_sha256"": ""ccca31c77abbab701f2ffb8c7d49a699a58a446d1429ee5f829cce9293fcfb78"", ""semantic_status"": ""SOURCE_TABLE_ROW_NOT_AUTOMATICALLY_ENTITY""}]",SOURCE_TABLE_RECORD_NOT_GLOBAL_OR_UNIQUE_COMPANY_VERIFICATION
https://www.nsx.com.au/marketdata/delisted-suspended/,2,228,,CYM,DELISTED_OR_SUSPENDED_SOURCE_RECORD,"{""Code"": ""CYM"", ""Security Name"": ""Chew Yak Mong - Synerpac Limited FPO"", ""Delisted Date"": ""08-Feb-2007;20070208""}","[{""work_id"": ""B05:3763"", ""source_url"": ""https://www.nsx.com.au/marketdata/delisted-suspended/"", ""table"": ""2"", ""row"": ""228"", ""headers_json"": ""[\""Code\"", \""Security Name\"", \""Delisted Date\""]"", ""cells_json"": ""[\""CYM\"", \""Chew Yak Mong - Synerpac Limited FPO\"", \""08-Feb-2007;20070208\""]"", ""row_links_json"": ""[\""https://www.nsx.com.au/summary/CYM\""]"", ""content_sha256"": ""ccca31c77abbab701f2ffb8c7d49a699a58a446d1429ee5f829cce9293fcfb78"", ""semantic_status"": ""SOURCE_TABLE_ROW_NOT_AUTOMATICALLY_ENTITY""}]",SOURCE_TABLE_RECORD_NOT_GLOBAL_OR_UNIQUE_COMPANY_VERIFICATION
https://www.nsx.com.au/marketdata/delisted-suspended/,2,229,,DCE,DELISTED_OR_SUSPENDED_SOURCE_RECORD,"{""Code"": ""DCE"", ""Security Name"": ""Manningham Community Enterprises Limited - FPO"", ""Delisted Date"": ""30-Jun-2023;20230630""}","[{""work_id"": ""B05:3763"", ""source_url"": ""https://www.nsx.com.au/marketdata/delisted-suspended/"", ""table"": ""2"", ""row"": ""229"", ""headers_json"": ""[\""Code\"", \""Security Name\"", \""Delisted Date\""]"", ""cells_json"": ""[\""DCE\"", \""Manningham Community Enterprises Limited - FPO\"", \""30-Jun-2023;20230630\""]"", ""row_links_json"": ""[\""https://www.nsx.com.au/summary/DCE\""]"", ""content_sha256"": ""ccca31c77abbab701f2ffb8c7d49a699a58a446d1429ee5f829cce9293fcfb78"", ""semantic_status"": ""SOURCE_TABLE_ROW_NOT_AUTOMATICALLY_ENTITY""}]",SOURCE_TABLE_RECORD_NOT_GLOBAL_OR_UNIQUE_COMPANY_VERIFICATION
https://www.nsx.com.au/marketdata/delisted-suspended/,2,230,,DEFAE,DELISTED_OR_SUSPENDED_SOURCE_RECORD,"{""Code"": ""DEFAE"", ""Security Name"": ""Vertua Limited - Proportional Takeover Def Delivery"", ""Delisted Date"": ""01-Sep-2014;20140901""}","[{""work_id"": ""B05:3763"", ""source_url"": ""https://www.nsx.com.au/marketdata/delisted-suspended/"", ""table"": ""2"", ""row"": ""230"", ""headers_json"": ""[\""Code\"", \""Security Name\"", \""Delisted Date\""]"", ""cells_json"": ""[\""DEFAE\"", \""Vertua Limited - Proportional Takeover Def Delivery\"", \""01-Sep-2014;20140901\""]"", ""row_links_json"": ""[\""https://www.nsx.com.au/summary/DEFAE\""]"", ""content_sha256"": ""ccca31c77abbab701f2ffb8c7d49a699a58a446d1429ee5f829cce9293fcfb78"", ""semantic_status"": ""SOURCE_TABLE_ROW_NOT_AUTOMATICALLY_ENTITY""}]",SOURCE_TABLE_RECORD_NOT_GLOBAL_OR_UNIQUE_COMPANY_VERIFICATION
https://www.nsx.com.au/marketdata/delisted-suspended/,2,231,,DRL,DELISTED_OR_SUSPENDED_SOURCE_RECORD,"{""Code"": ""DRL"", ""Security Name"": ""Diatreme Resources Limited FPO"", ""Delisted Date"": ""21-Jun-2005;20050621""}","[{""work_id"": ""B05:3763"", ""source_url"": ""https://www.nsx.com.au/marketdata/delisted-suspended/"", ""table"": ""2"", ""row"": ""231"", ""headers_json"": ""[\""Code\"", \""Security Name\"", \""Delisted Date\""]"", ""cells_json"": ""[\""DRL\"", \""Diatreme Resources Limited FPO\"", \""21-Jun-2005;20050621\""]"", ""row_links_json"": ""[\""https://www.nsx.com.au/summary/DRL\""]"", ""content_sha256"": ""ccca31c77abbab701f2ffb8c7d49a699a58a446d1429ee5f829cce9293fcfb78"", ""semantic_status"": ""SOURCE_TABLE_ROW_NOT_AUTOMATICALLY_ENTITY""}]",SOURCE_TABLE_RECORD_NOT_GLOBAL_OR_UNIQUE_COMPANY_VERIFICATION
https://www.nsx.com.au/marketdata/delisted-suspended/,2,232,,DWL,DELISTED_OR_SUSPENDED_SOURCE_RECORD,"{""Code"": ""DWL"", ""Security Name"": ""Doclocker Worldwide Limited FPO"", ""Delisted Date"": ""31-Jan-2013;20130131""}","[{""work_id"": ""B05:3763"", ""source_url"": ""https://www.nsx.com.au/marketdata/delisted-suspended/"", ""table"": ""2"", ""row"": ""232"", ""headers_json"": ""[\""Code\"", \""Security Name\"", \""Delisted Date\""]"", ""cells_json"": ""[\""DWL\"", \""Doclocker Worldwide Limited FPO\"", \""31-Jan-2013;20130131\""]"", ""row_links_json"": ""[\""https://www.nsx.com.au/summary/DWL\""]"", ""content_sha256"": ""ccca31c77abbab701f2ffb8c7d49a699a58a446d1429ee5f829cce9293fcfb78"", ""semantic_status"": ""SOURCE_TABLE_ROW_NOT_AUTOMATICALLY_ENTITY""}]",SOURCE_TABLE_RECORD_NOT_GLOBAL_OR_UNIQUE_COMPANY_VERIFICATION
https://www.nsx.com.au/marketdata/delisted-suspended/,2,233,,DWYA,DELISTED_OR_SUSPENDED_SOURCE_RECORD,"{""Code"": ""DWYA"", ""Security Name"": ""Hamilton Securities Limited A Class Ord non voting"", ""Delisted Date"": ""13-Dec-2013;20131213""}","[{""work_id"": ""B05:3763"", ""source_url"": ""https://www.nsx.com.au/marketdata/delisted-suspended/"", ""table"": ""2"", ""row"": ""233"", ""headers_json"": ""[\""Code\"", \""Security Name\"", \""Delisted Date\""]"", ""cells_json"": ""[\""DWYA\"", \""Hamilton Securities Limited A Class Ord non voting\"", \""13-Dec-2013;20131213\""]"", ""row_links_json"": ""[\""https://www.nsx.com.au/summary/DWYA\""]"", ""content_sha256"": ""ccca31c77abbab701f2ffb8c7d49a699a58a446d1429ee5f829cce9293fcfb78"", ""semantic_status"": ""SOURCE_TABLE_ROW_NOT_AUTOMATICALLY_ENTITY""}]",SOURCE_TABLE_RECORD_NOT_GLOBAL_OR_UNIQUE_COMPANY_VERIFICATION
https://www.nsx.com.au/marketdata/delisted-suspended/,2,234,,DWYB,DELISTED_OR_SUSPENDED_SOURCE_RECORD,"{""Code"": ""DWYB"", ""Security Name"": ""Hamilton Securities Limited B Class Ord"", ""Delisted Date"": ""13-Dec-2013;20131213""}","[{""work_id"": ""B05:3763"", ""source_url"": ""https://www.nsx.com.au/marketdata/delisted-suspended/"", ""table"": ""2"", ""row"": ""234"", ""headers_json"": ""[\""Code\"", \""Security Name\"", \""Delisted Date\""]"", ""cells_json"": ""[\""DWYB\"", \""Hamilton Securities Limited B Class Ord\"", \""13-Dec-2013;20131213\""]"", ""row_links_json"": ""[\""https://www.nsx.com.au/summary/DWYB\""]"", ""content_sha256"": ""ccca31c77abbab701f2ffb8c7d49a699a58a446d1429ee5f829cce9293fcfb78"", ""semantic_status"": ""SOURCE_TABLE_ROW_NOT_AUTOMATICALLY_ENTITY""}]",SOURCE_TABLE_RECORD_NOT_GLOBAL_OR_UNIQUE_COMPANY_VERIFICATION
https://www.nsx.com.au/marketdata/delisted-suspended/,2,235,,E72,DELISTED_OR_SUSPENDED_SOURCE_RECORD,"{""Code"": ""E72"", ""Security Name"": ""East 72 Holdings Limited FPO"", ""Delisted Date"": ""29-Jun-2023;20230629""}","[{""work_id"": ""B05:3763"", ""source_url"": ""https://www.nsx.com.au/marketdata/delisted-suspended/"", ""table"": ""2"", ""row"": ""235"", ""headers_json"": ""[\""Code\"", \""Security Name\"", \""Delisted Date\""]"", ""cells_json"": ""[\""E72\"", \""East 72 Holdings Limited FPO\"", \""29-Jun-2023;20230629\""]"", ""row_links_json"": ""[\""https://www.nsx.com.au/summary/E72\""]"", ""content_sha256"": ""ccca31c77abbab701f2ffb8c7d49a699a58a446d1429ee5f829cce9293fcfb78"", ""semantic_status"": ""SOURCE_TABLE_ROW_NOT_AUTOMATICALLY_ENTITY""}]",SOURCE_TABLE_RECORD_NOT_GLOBAL_OR_UNIQUE_COMPANY_VERIFICATION
https://www.nsx.com.au/marketdata/delisted-suspended/,2,236,,EAG,DELISTED_OR_SUSPENDED_SOURCE_RECORD,"{""Code"": ""EAG"", ""Security Name"": ""Eagle IG Limited FPO"", ""Delisted Date"": ""08-Nov-2017;20171108""}","[{""work_id"": ""B05:3763"", ""source_url"": ""https://www.nsx.com.au/marketdata/delisted-suspended/"", ""table"": ""2"", ""row"": ""236"", ""headers_json"": ""[\""Code\"", \""Security Name\"", \""Delisted Date\""]"", ""cells_json"": ""[\""EAG\"", \""Eagle IG Limited FPO\"", \""08-Nov-2017;20171108\""]"", ""row_links_json"": ""[\""https://www.nsx.com.au/summary/EAG\""]"", ""content_sha256"": ""ccca31c77abbab701f2ffb8c7d49a699a58a446d1429ee5f829cce9293fcfb78"", ""semantic_status"": ""SOURCE_TABLE_ROW_NOT_AUTOMATICALLY_ENTITY""}]",SOURCE_TABLE_RECORD_NOT_GLOBAL_OR_UNIQUE_COMPANY_VERIFICATION
https://www.nsx.com.au/marketdata/delisted-suspended/,2,237,,EBF,DELISTED_OR_SUSPENDED_SOURCE_RECORD,"{""Code"": ""EBF"", ""Security Name"": ""Ettalong Beach Financial Services Limited Ordinary"", ""Delisted Date"": ""02-Jun-2016;20160602""}","[{""work_id"": ""B05:3763"", ""source_url"": ""https://www.nsx.com.au/marketdata/delisted-suspended/"", ""table"": ""2"", ""row"": ""237"", ""headers_json"": ""[\""Code\"", \""Security Name\"", \""Delisted Date\""]"", ""cells_json"": ""[\""EBF\"", \""Ettalong Beach Financial Services Limited Ordinary\"", \""02-Jun-2016;20160602\""]"", ""row_links_json"": ""[\""https://www.nsx.com.au/summary/EBF\""]"", ""content_sha256"": ""ccca31c77abbab701f2ffb8c7d49a699a58a446d1429ee5f829cce9293fcfb78"", ""semantic_status"": ""SOURCE_TABLE_ROW_NOT_AUTOMATICALLY_ENTITY""}]",SOURCE_TABLE_RECORD_NOT_GLOBAL_OR_UNIQUE_COMPANY_VERIFICATION
https://www.nsx.com.au/marketdata/delisted-suspended/,2,238,,EBS,DELISTED_OR_SUSPENDED_SOURCE_RECORD,"{""Code"": ""EBS"", ""Security Name"": ""e-Business Systems Ltd"", ""Delisted Date"": ""19-Oct-2012;20121019""}","[{""work_id"": ""B05:3763"", ""source_url"": ""https://www.nsx.com.au/marketdata/delisted-suspended/"", ""table"": ""2"", ""row"": ""238"", ""headers_json"": ""[\""Code\"", \""Security Name\"", \""Delisted Date\""]"", ""cells_json"": ""[\""EBS\"", \""e-Business Systems Ltd\"", \""19-Oct-2012;20121019\""]"", ""row_links_json"": ""[\""https://www.nsx.com.au/summary/EBS\""]"", ""content_sha256"": ""ccca31c77abbab701f2ffb8c7d49a699a58a446d1429ee5f829cce9293fcfb78"", ""semantic_status"": ""SOURCE_TABLE_ROW_NOT_AUTOMATICALLY_ENTITY""}]",SOURCE_TABLE_RECORD_NOT_GLOBAL_OR_UNIQUE_COMPANY_VERIFICATION
https://www.nsx.com.au/marketdata/delisted-suspended/,2,239,,ECL,DELISTED_OR_SUSPENDED_SOURCE_RECORD,"{""Code"": ""ECL"", ""Security Name"": ""Emerging Capital Ltd CDI"", ""Delisted Date"": ""27-Nov-2017;20171127""}","[{""work_id"": ""B05:3763"", ""source_url"": ""https://www.nsx.com.au/marketdata/delisted-suspended/"", ""table"": ""2"", ""row"": ""239"", ""headers_json"": ""[\""Code\"", \""Security Name\"", \""Delisted Date\""]"", ""cells_json"": ""[\""ECL\"", \""Emerging Capital Ltd CDI\"", \""27-Nov-2017;20171127\""]"", ""row_links_json"": ""[\""https://www.nsx.com.au/summary/ECL\""]"", ""content_sha256"": ""ccca31c77abbab701f2ffb8c7d49a699a58a446d1429ee5f829cce9293fcfb78"", ""semantic_status"": ""SOURCE_TABLE_ROW_NOT_AUTOMATICALLY_ENTITY""}]",SOURCE_TABLE_RECORD_NOT_GLOBAL_OR_UNIQUE_COMPANY_VERIFICATION
https://www.nsx.com.au/marketdata/delisted-suspended/,2,240,,EIC,DELISTED_OR_SUSPENDED_SOURCE_RECORD,"{""Code"": ""EIC"", ""Security Name"": ""Heidelberg District Community Enterprise Limited - FPO"", ""Delisted Date"": ""30-Jun-2023;20230630""}","[{""work_id"": ""B05:3763"", ""source_url"": ""https://www.nsx.com.au/marketdata/delisted-suspended/"", ""table"": ""2"", ""row"": ""240"", ""headers_json"": ""[\""Code\"", \""Security Name\"", \""Delisted Date\""]"", ""cells_json"": ""[\""EIC\"", \""Heidelberg District Community Enterprise Limited - FPO\"", \""30-Jun-2023;20230630\""]"", ""row_links_json"": ""[\""https://www.nsx.com.au/summary/EIC\""]"", ""content_sha256"": ""ccca31c77abbab701f2ffb8c7d49a699a58a446d1429ee5f829cce9293fcfb78"", ""semantic_status"": ""SOURCE_TABLE_ROW_NOT_AUTOMATICALLY_ENTITY""}]",SOURCE_TABLE_RECORD_NOT_GLOBAL_OR_UNIQUE_COMPANY_VERIFICATION
https://www.nsx.com.au/marketdata/delisted-suspended/,2,241,,EMU,DELISTED_OR_SUSPENDED_SOURCE_RECORD,"{""Code"": ""EMU"", ""Security Name"": ""Emu Park & District Financial Services Limited Ordinary"", ""Delisted Date"": ""30-Jun-2012;20120630""}","[{""work_id"": ""B05:3763"", ""source_url"": ""https://www.nsx.com.au/marketdata/delisted-suspended/"", ""table"": ""2"", ""row"": ""241"", ""headers_json"": ""[\""Code\"", \""Security Name\"", \""Delisted Date\""]"", ""cells_json"": ""[\""EMU\"", \""Emu Park & District Financial Services Limited Ordinary\"", \""30-Jun-2012;20120630\""]"", ""row_links_json"": ""[\""https://www.nsx.com.au/summary/EMU\""]"", ""content_sha256"": ""ccca31c77abbab701f2ffb8c7d49a699a58a446d1429ee5f829cce9293fcfb78"", ""semantic_status"": ""SOURCE_TABLE_ROW_NOT_AUTOMATICALLY_ENTITY""}]",SOURCE_TABLE_RECORD_NOT_GLOBAL_OR_UNIQUE_COMPANY_VERIFICATION
https://www.nsx.com.au/marketdata/delisted-suspended/,2,242,,ENS,DELISTED_OR_SUSPENDED_SOURCE_RECORD,"{""Code"": ""ENS"", ""Security Name"": ""Enprise Group Limited FPO"", ""Delisted Date"": ""30-Sep-2014;20140930""}","[{""work_id"": ""B05:3763"", ""source_url"": ""https://www.nsx.com.au/marketdata/delisted-suspended/"", ""table"": ""2"", ""row"": ""242"", ""headers_json"": ""[\""Code\"", \""Security Name\"", \""Delisted Date\""]"", ""cells_json"": ""[\""ENS\"", \""Enprise Group Limited FPO\"", \""30-Sep-2014;20140930\""]"", ""row_links_json"": ""[\""https://www.nsx.com.au/summary/ENS\""]"", ""content_sha256"": ""ccca31c77abbab701f2ffb8c7d49a699a58a446d1429ee5f829cce9293fcfb78"", ""semantic_status"": ""SOURCE_TABLE_ROW_NOT_AUTOMATICALLY_ENTITY""}]",SOURCE_TABLE_RECORD_NOT_GLOBAL_OR_UNIQUE_COMPANY_VERIFICATION
https://www.nsx.com.au/marketdata/delisted-suspended/,2,243,,ESL,DELISTED_OR_SUSPENDED_SOURCE_RECORD,"{""Code"": ""ESL"", ""Security Name"": ""Energy Solutions International Ltd CDI"", ""Delisted Date"": ""18-Sep-2017;20170918""}","[{""work_id"": ""B05:3763"", ""source_url"": ""https://www.nsx.com.au/marketdata/delisted-suspended/"", ""table"": ""2"", ""row"": ""243"", ""headers_json"": ""[\""Code\"", \""Security Name\"", \""Delisted Date\""]"", ""cells_json"": ""[\""ESL\"", \""Energy Solutions International Ltd CDI\"", \""18-Sep-2017;20170918\""]"", ""row_links_json"": ""[\""https://www.nsx.com.au/summary/ESL\""]"", ""content_sha256"": ""ccca31c77abbab701f2ffb8c7d49a699a58a446d1429ee5f829cce9293fcfb78"", ""semantic_status"": ""SOURCE_TABLE_ROW_NOT_AUTOMATICALLY_ENTITY""}]",SOURCE_TABLE_RECORD_NOT_GLOBAL_OR_UNIQUE_COMPANY_VERIFICATION
https://www.nsx.com.au/marketdata/delisted-suspended/,2,244,,ETG,DELISTED_OR_SUSPENDED_SOURCE_RECORD,"{""Code"": ""ETG"", ""Security Name"": ""Edtrin Group Limited CDI"", ""Delisted Date"": ""18-Sep-2017;20170918""}","[{""work_id"": ""B05:3763"", ""source_url"": ""https://www.nsx.com.au/marketdata/delisted-suspended/"", ""table"": ""2"", ""row"": ""244"", ""headers_json"": ""[\""Code\"", \""Security Name\"", \""Delisted Date\""]"", ""cells_json"": ""[\""ETG\"", \""Edtrin Group Limited CDI\"", \""18-Sep-2017;20170918\""]"", ""row_links_json"": ""[\""https://www.nsx.com.au/summary/ETG\""]"", ""content_sha256"": ""ccca31c77abbab701f2ffb8c7d49a699a58a446d1429ee5f829cce9293fcfb78"", ""semantic_status"": ""SOURCE_TABLE_ROW_NOT_AUTOMATICALLY_ENTITY""}]",SOURCE_TABLE_RECORD_NOT_GLOBAL_OR_UNIQUE_COMPANY_VERIFICATION
https://www.nsx.com.au/marketdata/delisted-suspended/,2,245,,EXX,DELISTED_OR_SUSPENDED_SOURCE_RECORD,"{""Code"": ""EXX"", ""Security Name"": ""Exoil Limited FPO"", ""Delisted Date"": ""17-Jun-2011;20110617""}","[{""work_id"": ""B05:3763"", ""source_url"": ""https://www.nsx.com.au/marketdata/delisted-suspended/"", ""table"": ""2"", ""row"": ""245"", ""headers_json"": ""[\""Code\"", \""Security Name\"", \""Delisted Date\""]"", ""cells_json"": ""[\""EXX\"", \""Exoil Limited FPO\"", \""17-Jun-2011;20110617\""]"", ""row_links_json"": ""[\""https://www.nsx.com.au/summary/EXX\""]"", ""content_sha256"": ""ccca31c77abbab701f2ffb8c7d49a699a58a446d1429ee5f829cce9293fcfb78"", ""semantic_status"": ""SOURCE_TABLE_ROW_NOT_AUTOMATICALLY_ENTITY""}]",SOURCE_TABLE_RECORD_NOT_GLOBAL_OR_UNIQUE_COMPANY_VERIFICATION
https://www.nsx.com.au/marketdata/delisted-suspended/,2,246,,EXXO,DELISTED_OR_SUSPENDED_SOURCE_RECORD,"{""Code"": ""EXXO"", ""Security Name"": ""Exoil Ltd Options 30JUN2012"", ""Delisted Date"": ""17-Jun-2011;20110617""}","[{""work_id"": ""B05:3763"", ""source_url"": ""https://www.nsx.com.au/marketdata/delisted-suspended/"", ""table"": ""2"", ""row"": ""246"", ""headers_json"": ""[\""Code\"", \""Security Name\"", \""Delisted Date\""]"", ""cells_json"": ""[\""EXXO\"", \""Exoil Ltd Options 30JUN2012\"", \""17-Jun-2011;20110617\""]"", ""row_links_json"": ""[\""https://www.nsx.com.au/summary/EXXO\""]"", ""content_sha256"": ""ccca31c77abbab701f2ffb8c7d49a699a58a446d1429ee5f829cce9293fcfb78"", ""semantic_status"": ""SOURCE_TABLE_ROW_NOT_AUTOMATICALLY_ENTITY""}]",SOURCE_TABLE_RECORD_NOT_GLOBAL_OR_UNIQUE_COMPANY_VERIFICATION
https://www.nsx.com.au/marketdata/delisted-suspended/,2,247,,FCA,DELISTED_OR_SUSPENDED_SOURCE_RECORD,"{""Code"": ""FCA"", ""Security Name"": ""AgriNurture Inc Depository Receipts"", ""Delisted Date"": ""30-Jun-2011;20110630""}","[{""work_id"": ""B05:3763"", ""source_url"": ""https://www.nsx.com.au/marketdata/delisted-suspended/"", ""table"": ""2"", ""row"": ""247"", ""headers_json"": ""[\""Code\"", \""Security Name\"", \""Delisted Date\""]"", ""cells_json"": ""[\""FCA\"", \""AgriNurture Inc Depository Receipts\"", \""30-Jun-2011;20110630\""]"", ""row_links_json"": ""[\""https://www.nsx.com.au/summary/FCA\""]"", ""content_sha256"": ""ccca31c77abbab701f2ffb8c7d49a699a58a446d1429ee5f829cce9293fcfb78"", ""semantic_status"": ""SOURCE_TABLE_ROW_NOT_AUTOMATICALLY_ENTITY""}]",SOURCE_TABLE_RECORD_NOT_GLOBAL_OR_UNIQUE_COMPANY_VERIFICATION
https://www.nsx.com.au/marketdata/delisted-suspended/,2,248,,FEU,DELISTED_OR_SUSPENDED_SOURCE_RECORD,"{""Code"": ""FEU"", ""Security Name"": ""Fleurieu Community Enterprises Limited"", ""Delisted Date"": ""04-May-2009;20090504""}","[{""work_id"": ""B05:3763"", ""source_url"": ""https://www.nsx.com.au/marketdata/delisted-suspended/"", ""table"": ""2"", ""row"": ""248"", ""headers_json"": ""[\""Code\"", \""Security Name\"", \""Delisted Date\""]"", ""cells_json"": ""[\""FEU\"", \""Fleurieu Community Enterprises Limited\"", \""04-May-2009;20090504\""]"", ""row_links_json"": ""[\""https://www.nsx.com.au/summary/FEU\""]"", ""content_sha256"": ""ccca31c77abbab701f2ffb8c7d49a699a58a446d1429ee5f829cce9293fcfb78"", ""semantic_status"": ""SOURCE_TABLE_ROW_NOT_AUTOMATICALLY_ENTITY""}]",SOURCE_TABLE_RECORD_NOT_GLOBAL_OR_UNIQUE_COMPANY_VERIFICATION
https://www.nsx.com.au/marketdata/delisted-suspended/,2,249,,FIR,DELISTED_OR_SUSPENDED_SOURCE_RECORD,"{""Code"": ""FIR"", ""Security Name"": ""First Debenture Limited"", ""Delisted Date"": ""05-Aug-2013;20130805""}","[{""work_id"": ""B05:3763"", ""source_url"": ""https://www.nsx.com.au/marketdata/delisted-suspended/"", ""table"": ""2"", ""row"": ""249"", ""headers_json"": ""[\""Code\"", \""Security Name\"", \""Delisted Date\""]"", ""cells_json"": ""[\""FIR\"", \""First Debenture Limited\"", \""05-Aug-2013;20130805\""]"", ""row_links_json"": ""[\""https://www.nsx.com.au/summary/FIR\""]"", ""content_sha256"": ""ccca31c77abbab701f2ffb8c7d49a699a58a446d1429ee5f829cce9293fcfb78"", ""semantic_status"": ""SOURCE_TABLE_ROW_NOT_AUTOMATICALLY_ENTITY""}]",SOURCE_TABLE_RECORD_NOT_GLOBAL_OR_UNIQUE_COMPANY_VERIFICATION
https://www.nsx.com.au/marketdata/delisted-suspended/,2,250,,FIRO,DELISTED_OR_SUSPENDED_SOURCE_RECORD,"{""Code"": ""FIRO"", ""Security Name"": ""First Debenture Limited Opt"", ""Delisted Date"": ""30-Jun-2011;20110630""}","[{""work_id"": ""B05:3763"", ""source_url"": ""https://www.nsx.com.au/marketdata/delisted-suspended/"", ""table"": ""2"", ""row"": ""250"", ""headers_json"": ""[\""Code\"", \""Security Name\"", \""Delisted Date\""]"", ""cells_json"": ""[\""FIRO\"", \""First Debenture Limited Opt\"", \""30-Jun-2011;20110630\""]"", ""row_links_json"": ""[\""https://www.nsx.com.au/summary/FIRO\""]"", ""content_sha256"": ""ccca31c77abbab701f2ffb8c7d49a699a58a446d1429ee5f829cce9293fcfb78"", ""semantic_status"": ""SOURCE_TABLE_ROW_NOT_AUTOMATICALLY_ENTITY""}]",SOURCE_TABLE_RECORD_NOT_GLOBAL_OR_UNIQUE_COMPANY_VERIFICATION
https://www.nsx.com.au/marketdata/delisted-suspended/,2,251,,FIROC,DELISTED_OR_SUSPENDED_SOURCE_RECORD,"{""Code"": ""FIROC"", ""Security Name"": ""First Debenture Limited Opt Ser C"", ""Delisted Date"": ""05-Aug-2013;20130805""}","[{""work_id"": ""B05:3763"", ""source_url"": ""https://www.nsx.com.au/marketdata/delisted-suspended/"", ""table"": ""2"", ""row"": ""251"", ""headers_json"": ""[\""Code\"", \""Security Name\"", \""Delisted Date\""]"", ""cells_json"": ""[\""FIROC\"", \""First Debenture Limited Opt Ser C\"", \""05-Aug-2013;20130805\""]"", ""row_links_json"": ""[\""https://www.nsx.com.au/summary/FIROC\""]"", ""content_sha256"": ""ccca31c77abbab701f2ffb8c7d49a699a58a446d1429ee5f829cce9293fcfb78"", ""semantic_status"": ""SOURCE_TABLE_ROW_NOT_AUTOMATICALLY_ENTITY""}]",SOURCE_TABLE_RECORD_NOT_GLOBAL_OR_UNIQUE_COMPANY_VERIFICATION
https://www.nsx.com.au/marketdata/delisted-suspended/,2,252,,FIROD,DELISTED_OR_SUSPENDED_SOURCE_RECORD,"{""Code"": ""FIROD"", ""Security Name"": ""First Debenture Limited Opt Ser D"", ""Delisted Date"": ""05-Aug-2013;20130805""}","[{""work_id"": ""B05:3763"", ""source_url"": ""https://www.nsx.com.au/marketdata/delisted-suspended/"", ""table"": ""2"", ""row"": ""252"", ""headers_json"": ""[\""Code\"", \""Security Name\"", \""Delisted Date\""]"", ""cells_json"": ""[\""FIROD\"", \""First Debenture Limited Opt Ser D\"", \""05-Aug-2013;20130805\""]"", ""row_links_json"": ""[\""https://www.nsx.com.au/summary/FIROD\""]"", ""content_sha256"": ""ccca31c77abbab701f2ffb8c7d49a699a58a446d1429ee5f829cce9293fcfb78"", ""semantic_status"": ""SOURCE_TABLE_ROW_NOT_AUTOMATICALLY_ENTITY""}]",SOURCE_TABLE_RECORD_NOT_GLOBAL_OR_UNIQUE_COMPANY_VERIFICATION
https://www.nsx.com.au/marketdata/delisted-suspended/,2,253,,FMI,DELISTED_OR_SUSPENDED_SOURCE_RECORD,"{""Code"": ""FMI"", ""Security Name"": ""Florin Mining Investment Company Limited - FPO"", ""Delisted Date"": ""11-May-2026;20260511""}","[{""work_id"": ""B05:3763"", ""source_url"": ""https://www.nsx.com.au/marketdata/delisted-suspended/"", ""table"": ""2"", ""row"": ""253"", ""headers_json"": ""[\""Code\"", \""Security Name\"", \""Delisted Date\""]"", ""cells_json"": ""[\""FMI\"", \""Florin Mining Investment Company Limited - FPO\"", \""11-May-2026;20260511\""]"", ""row_links_json"": ""[\""https://www.nsx.com.au/summary/FMI\""]"", ""content_sha256"": ""ccca31c77abbab701f2ffb8c7d49a699a58a446d1429ee5f829cce9293fcfb78"", ""semantic_status"": ""SOURCE_TABLE_ROW_NOT_AUTOMATICALLY_ENTITY""}]",SOURCE_TABLE_RECORD_NOT_GLOBAL_OR_UNIQUE_COMPANY_VERIFICATION
https://www.nsx.com.au/marketdata/delisted-suspended/,2,254,,FMIOA,DELISTED_OR_SUSPENDED_SOURCE_RECORD,"{""Code"": ""FMIOA"", ""Security Name"": ""Florin Mining Investment Company Limited Option Series A 15Dec06"", ""Delisted Date"": ""15-Dec-2006;20061215""}","[{""work_id"": ""B05:3763"", ""source_url"": ""https://www.nsx.com.au/marketdata/delisted-suspended/"", ""table"": ""2"", ""row"": ""254"", ""headers_json"": ""[\""Code\"", \""Security Name\"", \""Delisted Date\""]"", ""cells_json"": ""[\""FMIOA\"", \""Florin Mining Investment Company Limited Option Series A 15Dec06\"", \""15-Dec-2006;20061215\""]"", ""row_links_json"": ""[\""https://www.nsx.com.au/summary/FMIOA\""]"", ""content_sha256"": ""ccca31c77abbab701f2ffb8c7d49a699a58a446d1429ee5f829cce9293fcfb78"", ""semantic_status"": ""SOURCE_TABLE_ROW_NOT_AUTOMATICALLY_ENTITY""}]",SOURCE_TABLE_RECORD_NOT_GLOBAL_OR_UNIQUE_COMPANY_VERIFICATION
https://www.nsx.com.au/marketdata/delisted-suspended/,2,255,,FMIOB,DELISTED_OR_SUSPENDED_SOURCE_RECORD,"{""Code"": ""FMIOB"", ""Security Name"": ""Florin Mining Investment Company Limited Option Series B 15Dec08"", ""Delisted Date"": ""15-Dec-2008;20081215""}","[{""work_id"": ""B05:3763"", ""source_url"": ""https://www.nsx.com.au/marketdata/delisted-suspended/"", ""table"": ""2"", ""row"": ""255"", ""headers_json"": ""[\""Code\"", \""Security Name\"", \""Delisted Date\""]"", ""cells_json"": ""[\""FMIOB\"", \""Florin Mining Investment Company Limited Option Series B 15Dec08\"", \""15-Dec-2008;20081215\""]"", ""row_links_json"": ""[\""https://www.nsx.com.au/summary/FMIOB\""]"", ""content_sha256"": ""ccca31c77abbab701f2ffb8c7d49a699a58a446d1429ee5f829cce9293fcfb78"", ""semantic_status"": ""SOURCE_TABLE_ROW_NOT_AUTOMATICALLY_ENTITY""}]",SOURCE_TABLE_RECORD_NOT_GLOBAL_OR_UNIQUE_COMPANY_VERIFICATION
https://www.nsx.com.au/marketdata/delisted-suspended/,2,256,,FMIOC,DELISTED_OR_SUSPENDED_SOURCE_RECORD,"{""Code"": ""FMIOC"", ""Security Name"": ""Florin Mining Investment Company Limited OPT Ser C 15DEC2010"", ""Delisted Date"": ""10-Dec-2010;20101210""}","[{""work_id"": ""B05:3763"", ""source_url"": ""https://www.nsx.com.au/marketdata/delisted-suspended/"", ""table"": ""2"", ""row"": ""256"", ""headers_json"": ""[\""Code\"", \""Security Name\"", \""Delisted Date\""]"", ""cells_json"": ""[\""FMIOC\"", \""Florin Mining Investment Company Limited OPT Ser C 15DEC2010\"", \""10-Dec-2010;20101210\""]"", ""row_links_json"": ""[\""https://www.nsx.com.au/summary/FMIOC\""]"", ""content_sha256"": ""ccca31c77abbab701f2ffb8c7d49a699a58a446d1429ee5f829cce9293fcfb78"", ""semantic_status"": ""SOURCE_TABLE_ROW_NOT_AUTOMATICALLY_ENTITY""}]",SOURCE_TABLE_RECORD_NOT_GLOBAL_OR_UNIQUE_COMPANY_VERIFICATION
https://www.nsx.com.au/marketdata/delisted-suspended/,2,257,,GCO,DELISTED_OR_SUSPENDED_SOURCE_RECORD,"{""Code"": ""GCO"", ""Security Name"": ""Golden Circle Limited FPO"", ""Delisted Date"": ""19-Dec-2008;20081219""}","[{""work_id"": ""B05:3763"", ""source_url"": ""https://www.nsx.com.au/marketdata/delisted-suspended/"", ""table"": ""2"", ""row"": ""257"", ""headers_json"": ""[\""Code\"", \""Security Name\"", \""Delisted Date\""]"", ""cells_json"": ""[\""GCO\"", \""Golden Circle Limited FPO\"", \""19-Dec-2008;20081219\""]"", ""row_links_json"": ""[\""https://www.nsx.com.au/summary/GCO\""]"", ""content_sha256"": ""ccca31c77abbab701f2ffb8c7d49a699a58a446d1429ee5f829cce9293fcfb78"", ""semantic_status"": ""SOURCE_TABLE_ROW_NOT_AUTOMATICALLY_ENTITY""}]",SOURCE_TABLE_RECORD_NOT_GLOBAL_OR_UNIQUE_COMPANY_VERIFICATION
https://www.nsx.com.au/marketdata/delisted-suspended/,2,258,,GHC,DELISTED_OR_SUSPENDED_SOURCE_RECORD,"{""Code"": ""GHC"", ""Security Name"": ""Goodwood/Highgate Community Financial Services Ltd Ordinary"", ""Delisted Date"": ""30-Jun-2012;20120630""}","[{""work_id"": ""B05:3763"", ""source_url"": ""https://www.nsx.com.au/marketdata/delisted-suspended/"", ""table"": ""2"", ""row"": ""258"", ""headers_json"": ""[\""Code\"", \""Security Name\"", \""Delisted Date\""]"", ""cells_json"": ""[\""GHC\"", \""Goodwood/Highgate Community Financial Services Ltd Ordinary\"", \""30-Jun-2012;20120630\""]"", ""row_links_json"": ""[\""https://www.nsx.com.au/summary/GHC\""]"", ""content_sha256"": ""ccca31c77abbab701f2ffb8c7d49a699a58a446d1429ee5f829cce9293fcfb78"", ""semantic_status"": ""SOURCE_TABLE_ROW_NOT_AUTOMATICALLY_ENTITY""}]",SOURCE_TABLE_RECORD_NOT_GLOBAL_OR_UNIQUE_COMPANY_VERIFICATION
https://www.nsx.com.au/marketdata/delisted-suspended/,2,259,,GO8,DELISTED_OR_SUSPENDED_SOURCE_RECORD,"{""Code"": ""GO8"", ""Security Name"": ""GoConnect Limited - FPO"", ""Delisted Date"": ""27-Sep-2024;20240927""}","[{""work_id"": ""B05:3763"", ""source_url"": ""https://www.nsx.com.au/marketdata/delisted-suspended/"", ""table"": ""2"", ""row"": ""259"", ""headers_json"": ""[\""Code\"", \""Security Name\"", \""Delisted Date\""]"", ""cells_json"": ""[\""GO8\"", \""GoConnect Limited - FPO\"", \""27-Sep-2024;20240927\""]"", ""row_links_json"": ""[\""https://www.nsx.com.au/summary/GO8\""]"", ""content_sha256"": ""ccca31c77abbab701f2ffb8c7d49a699a58a446d1429ee5f829cce9293fcfb78"", ""semantic_status"": ""SOURCE_TABLE_ROW_NOT_AUTOMATICALLY_ENTITY""}]",SOURCE_TABLE_RECORD_NOT_GLOBAL_OR_UNIQUE_COMPANY_VERIFICATION
https://www.nsx.com.au/marketdata/delisted-suspended/,2,260,,GOS,DELISTED_OR_SUSPENDED_SOURCE_RECORD,"{""Code"": ""GOS"", ""Security Name"": ""Gosnells Financial Services Ltd Ordinary"", ""Delisted Date"": ""29-Feb-2016;20160229""}","[{""work_id"": ""B05:3763"", ""source_url"": ""https://www.nsx.com.au/marketdata/delisted-suspended/"", ""table"": ""2"", ""row"": ""260"", ""headers_json"": ""[\""Code\"", \""Security Name\"", \""Delisted Date\""]"", ""cells_json"": ""[\""GOS\"", \""Gosnells Financial Services Ltd Ordinary\"", \""29-Feb-2016;20160229\""]"", ""row_links_json"": ""[\""https://www.nsx.com.au/summary/GOS\""]"", ""content_sha256"": ""ccca31c77abbab701f2ffb8c7d49a699a58a446d1429ee5f829cce9293fcfb78"", ""semantic_status"": ""SOURCE_TABLE_ROW_NOT_AUTOMATICALLY_ENTITY""}]",SOURCE_TABLE_RECORD_NOT_GLOBAL_OR_UNIQUE_COMPANY_VERIFICATION
https://www.nsx.com.au/marketdata/delisted-suspended/,2,261,,GPD,DELISTED_OR_SUSPENDED_SOURCE_RECORD,"{""Code"": ""GPD"", ""Security Name"": ""Austral Waste Group Limited FPO"", ""Delisted Date"": ""16-Feb-2006;20060216""}","[{""work_id"": ""B05:3763"", ""source_url"": ""https://www.nsx.com.au/marketdata/delisted-suspended/"", ""table"": ""2"", ""row"": ""261"", ""headers_json"": ""[\""Code\"", \""Security Name\"", \""Delisted Date\""]"", ""cells_json"": ""[\""GPD\"", \""Austral Waste Group Limited FPO\"", \""16-Feb-2006;20060216\""]"", ""row_links_json"": ""[\""https://www.nsx.com.au/summary/GPD\""]"", ""content_sha256"": ""ccca31c77abbab701f2ffb8c7d49a699a58a446d1429ee5f829cce9293fcfb78"", ""semantic_status"": ""SOURCE_TABLE_ROW_NOT_AUTOMATICALLY_ENTITY""}]",SOURCE_TABLE_RECORD_NOT_GLOBAL_OR_UNIQUE_COMPANY_VERIFICATION
https://www.nsx.com.au/marketdata/delisted-suspended/,2,262,,GSP,DELISTED_OR_SUSPENDED_SOURCE_RECORD,"{""Code"": ""GSP"", ""Security Name"": ""Garden Square Porperty Trust"", ""Delisted Date"": ""28-Jul-2003;20030728""}","[{""work_id"": ""B05:3763"", ""source_url"": ""https://www.nsx.com.au/marketdata/delisted-suspended/"", ""table"": ""2"", ""row"": ""262"", ""headers_json"": ""[\""Code\"", \""Security Name\"", \""Delisted Date\""]"", ""cells_json"": ""[\""GSP\"", \""Garden Square Porperty Trust\"", \""28-Jul-2003;20030728\""]"", ""row_links_json"": ""[\""https://www.nsx.com.au/summary/GSP\""]"", ""content_sha256"": ""ccca31c77abbab701f2ffb8c7d49a699a58a446d1429ee5f829cce9293fcfb78"", ""semantic_status"": ""SOURCE_TABLE_ROW_NOT_AUTOMATICALLY_ENTITY""}]",SOURCE_TABLE_RECORD_NOT_GLOBAL_OR_UNIQUE_COMPANY_VERIFICATION
https://www.nsx.com.au/marketdata/delisted-suspended/,2,263,,GSS,DELISTED_OR_SUSPENDED_SOURCE_RECORD,"{""Code"": ""GSS"", ""Security Name"": ""Garden Square Property Syndicate"", ""Delisted Date"": ""28-Jul-2003;20030728""}","[{""work_id"": ""B05:3763"", ""source_url"": ""https://www.nsx.com.au/marketdata/delisted-suspended/"", ""table"": ""2"", ""row"": ""263"", ""headers_json"": ""[\""Code\"", \""Security Name\"", \""Delisted Date\""]"", ""cells_json"": ""[\""GSS\"", \""Garden Square Property Syndicate\"", \""28-Jul-2003;20030728\""]"", ""row_links_json"": ""[\""https://www.nsx.com.au/summary/GSS\""]"", ""content_sha256"": ""ccca31c77abbab701f2ffb8c7d49a699a58a446d1429ee5f829cce9293fcfb78"", ""semantic_status"": ""SOURCE_TABLE_ROW_NOT_AUTOMATICALLY_ENTITY""}]",SOURCE_TABLE_RECORD_NOT_GLOBAL_OR_UNIQUE_COMPANY_VERIFICATION
https://www.nsx.com.au/marketdata/delisted-suspended/,2,264,,GTF,DELISTED_OR_SUSPENDED_SOURCE_RECORD,"{""Code"": ""GTF"", ""Security Name"": ""Greentech Flagship Limited FPO"", ""Delisted Date"": ""15-Nov-2013;20131115""}","[{""work_id"": ""B05:3763"", ""source_url"": ""https://www.nsx.com.au/marketdata/delisted-suspended/"", ""table"": ""2"", ""row"": ""264"", ""headers_json"": ""[\""Code\"", \""Security Name\"", \""Delisted Date\""]"", ""cells_json"": ""[\""GTF\"", \""Greentech Flagship Limited FPO\"", \""15-Nov-2013;20131115\""]"", ""row_links_json"": ""[\""https://www.nsx.com.au/summary/GTF\""]"", ""content_sha256"": ""ccca31c77abbab701f2ffb8c7d49a699a58a446d1429ee5f829cce9293fcfb78"", ""semantic_status"": ""SOURCE_TABLE_ROW_NOT_AUTOMATICALLY_ENTITY""}]",SOURCE_TABLE_RECORD_NOT_GLOBAL_OR_UNIQUE_COMPANY_VERIFICATION
https://www.nsx.com.au/marketdata/delisted-suspended/,2,265,,GYD,DELISTED_OR_SUSPENDED_SOURCE_RECORD,"{""Code"": ""GYD"", ""Security Name"": ""Gympie & District Finanical Services Ltd"", ""Delisted Date"": ""28-Feb-2010;20100228""}","[{""work_id"": ""B05:3763"", ""source_url"": ""https://www.nsx.com.au/marketdata/delisted-suspended/"", ""table"": ""2"", ""row"": ""265"", ""headers_json"": ""[\""Code\"", \""Security Name\"", \""Delisted Date\""]"", ""cells_json"": ""[\""GYD\"", \""Gympie & District Finanical Services Ltd\"", \""28-Feb-2010;20100228\""]"", ""row_links_json"": ""[\""https://www.nsx.com.au/summary/GYD\""]"", ""content_sha256"": ""ccca31c77abbab701f2ffb8c7d49a699a58a446d1429ee5f829cce9293fcfb78"", ""semantic_status"": ""SOURCE_TABLE_ROW_NOT_AUTOMATICALLY_ENTITY""}]",SOURCE_TABLE_RECORD_NOT_GLOBAL_OR_UNIQUE_COMPANY_VERIFICATION
https://www.nsx.com.au/marketdata/delisted-suspended/,2,266,,HAD,DELISTED_OR_SUSPENDED_SOURCE_RECORD,"{""Code"": ""HAD"", ""Security Name"": ""Heatcote & District Financial Services Ltd"", ""Delisted Date"": ""30-Jun-2010;20100630""}","[{""work_id"": ""B05:3763"", ""source_url"": ""https://www.nsx.com.au/marketdata/delisted-suspended/"", ""table"": ""2"", ""row"": ""266"", ""headers_json"": ""[\""Code\"", \""Security Name\"", \""Delisted Date\""]"", ""cells_json"": ""[\""HAD\"", \""Heatcote & District Financial Services Ltd\"", \""30-Jun-2010;20100630\""]"", ""row_links_json"": ""[\""https://www.nsx.com.au/summary/HAD\""]"", ""content_sha256"": ""ccca31c77abbab701f2ffb8c7d49a699a58a446d1429ee5f829cce9293fcfb78"", ""semantic_status"": ""SOURCE_TABLE_ROW_NOT_AUTOMATICALLY_ENTITY""}]",SOURCE_TABLE_RECORD_NOT_GLOBAL_OR_UNIQUE_COMPANY_VERIFICATION
https://www.nsx.com.au/marketdata/delisted-suspended/,2,267,,HAO,DELISTED_OR_SUSPENDED_SOURCE_RECORD,"{""Code"": ""HAO"", ""Security Name"": ""Haodex Limited - FPO"", ""Delisted Date"": ""24-Sep-2026;20260924""}","[{""work_id"": ""B05:3763"", ""source_url"": ""https://www.nsx.com.au/marketdata/delisted-suspended/"", ""table"": ""2"", ""row"": ""267"", ""headers_json"": ""[\""Code\"", \""Security Name\"", \""Delisted Date\""]"", ""cells_json"": ""[\""HAO\"", \""Haodex Limited - FPO\"", \""24-Sep-2026;20260924\""]"", ""row_links_json"": ""[\""https://www.nsx.com.au/summary/HAO\""]"", ""content_sha256"": ""ccca31c77abbab701f2ffb8c7d49a699a58a446d1429ee5f829cce9293fcfb78"", ""semantic_status"": ""SOURCE_TABLE_ROW_NOT_AUTOMATICALLY_ENTITY""}]",SOURCE_TABLE_RECORD_NOT_GLOBAL_OR_UNIQUE_COMPANY_VERIFICATION
https://www.nsx.com.au/marketdata/delisted-suspended/,2,268,,HBD,DELISTED_OR_SUSPENDED_SOURCE_RECORD,"{""Code"": ""HBD"", ""Security Name"": ""Harbord Financial Services Limited"", ""Delisted Date"": ""30-Jun-2015;20150630""}","[{""work_id"": ""B05:3763"", ""source_url"": ""https://www.nsx.com.au/marketdata/delisted-suspended/"", ""table"": ""2"", ""row"": ""268"", ""headers_json"": ""[\""Code\"", \""Security Name\"", \""Delisted Date\""]"", ""cells_json"": ""[\""HBD\"", \""Harbord Financial Services Limited\"", \""30-Jun-2015;20150630\""]"", ""row_links_json"": ""[\""https://www.nsx.com.au/summary/HBD\""]"", ""content_sha256"": ""ccca31c77abbab701f2ffb8c7d49a699a58a446d1429ee5f829cce9293fcfb78"", ""semantic_status"": ""SOURCE_TABLE_ROW_NOT_AUTOMATICALLY_ENTITY""}]",SOURCE_TABLE_RECORD_NOT_GLOBAL_OR_UNIQUE_COMPANY_VERIFICATION
https://www.nsx.com.au/marketdata/delisted-suspended/,2,269,,HDL,DELISTED_OR_SUSPENDED_SOURCE_RECORD,"{""Code"": ""HDL"", ""Security Name"": ""Hindmarsh Resources Ltd FPO"", ""Delisted Date"": ""08-Jul-2005;20050708""}","[{""work_id"": ""B05:3763"", ""source_url"": ""https://www.nsx.com.au/marketdata/delisted-suspended/"", ""table"": ""2"", ""row"": ""269"", ""headers_json"": ""[\""Code\"", \""Security Name\"", \""Delisted Date\""]"", ""cells_json"": ""[\""HDL\"", \""Hindmarsh Resources Ltd FPO\"", \""08-Jul-2005;20050708\""]"", ""row_links_json"": ""[\""https://www.nsx.com.au/summary/HDL\""]"", ""content_sha256"": ""ccca31c77abbab701f2ffb8c7d49a699a58a446d1429ee5f829cce9293fcfb78"", ""semantic_status"": ""SOURCE_TABLE_ROW_NOT_AUTOMATICALLY_ENTITY""}]",SOURCE_TABLE_RECORD_NOT_GLOBAL_OR_UNIQUE_COMPANY_VERIFICATION
https://www.nsx.com.au/marketdata/delisted-suspended/,2,270,,HDLO,DELISTED_OR_SUSPENDED_SOURCE_RECORD,"{""Code"": ""HDLO"", ""Security Name"": ""Hindmarsh Resources Limited Options"", ""Delisted Date"": ""08-Jul-2005;20050708""}","[{""work_id"": ""B05:3763"", ""source_url"": ""https://www.nsx.com.au/marketdata/delisted-suspended/"", ""table"": ""2"", ""row"": ""270"", ""headers_json"": ""[\""Code\"", \""Security Name\"", \""Delisted Date\""]"", ""cells_json"": ""[\""HDLO\"", \""Hindmarsh Resources Limited Options\"", \""08-Jul-2005;20050708\""]"", ""row_links_json"": ""[\""https://www.nsx.com.au/summary/HDLO\""]"", ""content_sha256"": ""ccca31c77abbab701f2ffb8c7d49a699a58a446d1429ee5f829cce9293fcfb78"", ""semantic_status"": ""SOURCE_TABLE_ROW_NOT_AUTOMATICALLY_ENTITY""}]",SOURCE_TABLE_RECORD_NOT_GLOBAL_OR_UNIQUE_COMPANY_VERIFICATION
https://www.nsx.com.au/marketdata/delisted-suspended/,2,271,,HEY,DELISTED_OR_SUSPENDED_SOURCE_RECORD,"{""Code"": ""HEY"", ""Security Name"": ""Heyfield & District Community Financial Services Ltd"", ""Delisted Date"": ""30-Jun-2009;20090630""}","[{""work_id"": ""B05:3763"", ""source_url"": ""https://www.nsx.com.au/marketdata/delisted-suspended/"", ""table"": ""2"", ""row"": ""271"", ""headers_json"": ""[\""Code\"", \""Security Name\"", \""Delisted Date\""]"", ""cells_json"": ""[\""HEY\"", \""Heyfield & District Community Financial Services Ltd\"", \""30-Jun-2009;20090630\""]"", ""row_links_json"": ""[\""https://www.nsx.com.au/summary/HEY\""]"", ""content_sha256"": ""ccca31c77abbab701f2ffb8c7d49a699a58a446d1429ee5f829cce9293fcfb78"", ""semantic_status"": ""SOURCE_TABLE_ROW_NOT_AUTOMATICALLY_ENTITY""}]",SOURCE_TABLE_RECORD_NOT_GLOBAL_OR_UNIQUE_COMPANY_VERIFICATION
https://www.nsx.com.au/marketdata/delisted-suspended/,2,272,,HGD,DELISTED_OR_SUSPENDED_SOURCE_RECORD,"{""Code"": ""HGD"", ""Security Name"": ""Heritage Gold NZ Limited FPO"", ""Delisted Date"": ""27-Aug-2007;20070827""}","[{""work_id"": ""B05:3763"", ""source_url"": ""https://www.nsx.com.au/marketdata/delisted-suspended/"", ""table"": ""2"", ""row"": ""272"", ""headers_json"": ""[\""Code\"", \""Security Name\"", \""Delisted Date\""]"", ""cells_json"": ""[\""HGD\"", \""Heritage Gold NZ Limited FPO\"", \""27-Aug-2007;20070827\""]"", ""row_links_json"": ""[\""https://www.nsx.com.au/summary/HGD\""]"", ""content_sha256"": ""ccca31c77abbab701f2ffb8c7d49a699a58a446d1429ee5f829cce9293fcfb78"", ""semantic_status"": ""SOURCE_TABLE_ROW_NOT_AUTOMATICALLY_ENTITY""}]",SOURCE_TABLE_RECORD_NOT_GLOBAL_OR_UNIQUE_COMPANY_VERIFICATION
https://www.nsx.com.au/marketdata/delisted-suspended/,2,273,,HGDOA,DELISTED_OR_SUSPENDED_SOURCE_RECORD,"{""Code"": ""HGDOA"", ""Security Name"": ""Heritage Gold Options 20NOV2007"", ""Delisted Date"": ""23-Nov-2005;20051123""}","[{""work_id"": ""B05:3763"", ""source_url"": ""https://www.nsx.com.au/marketdata/delisted-suspended/"", ""table"": ""2"", ""row"": ""273"", ""headers_json"": ""[\""Code\"", \""Security Name\"", \""Delisted Date\""]"", ""cells_json"": ""[\""HGDOA\"", \""Heritage Gold Options 20NOV2007\"", \""23-Nov-2005;20051123\""]"", ""row_links_json"": ""[\""https://www.nsx.com.au/summary/HGDOA\""]"", ""content_sha256"": ""ccca31c77abbab701f2ffb8c7d49a699a58a446d1429ee5f829cce9293fcfb78"", ""semantic_status"": ""SOURCE_TABLE_ROW_NOT_AUTOMATICALLY_ENTITY""}]",SOURCE_TABLE_RECORD_NOT_GLOBAL_OR_UNIQUE_COMPANY_VERIFICATION
https://www.nsx.com.au/marketdata/delisted-suspended/,2,274,,HGDOB,DELISTED_OR_SUSPENDED_SOURCE_RECORD,"{""Code"": ""HGDOB"", ""Security Name"": ""Heritage Gold NZ Options 20NOV2008"", ""Delisted Date"": ""23-Nov-2005;20051123""}","[{""work_id"": ""B05:3763"", ""source_url"": ""https://www.nsx.com.au/marketdata/delisted-suspended/"", ""table"": ""2"", ""row"": ""274"", ""headers_json"": ""[\""Code\"", \""Security Name\"", \""Delisted Date\""]"", ""cells_json"": ""[\""HGDOB\"", \""Heritage Gold NZ Options 20NOV2008\"", \""23-Nov-2005;20051123\""]"", ""row_links_json"": ""[\""https://www.nsx.com.au/summary/HGDOB\""]"", ""content_sha256"": ""ccca31c77abbab701f2ffb8c7d49a699a58a446d1429ee5f829cce9293fcfb78"", ""semantic_status"": ""SOURCE_TABLE_ROW_NOT_AUTOMATICALLY_ENTITY""}]",SOURCE_TABLE_RECORD_NOT_GLOBAL_OR_UNIQUE_COMPANY_VERIFICATION
https://www.nsx.com.au/marketdata/delisted-suspended/,2,275,,HGDOC,DELISTED_OR_SUSPENDED_SOURCE_RECORD,"{""Code"": ""HGDOC"", ""Security Name"": ""Heritage Gold NZ Options"", ""Delisted Date"": ""27-Aug-2007;20070827""}","[{""work_id"": ""B05:3763"", ""source_url"": ""https://www.nsx.com.au/marketdata/delisted-suspended/"", ""table"": ""2"", ""row"": ""275"", ""headers_json"": ""[\""Code\"", \""Security Name\"", \""Delisted Date\""]"", ""cells_json"": ""[\""HGDOC\"", \""Heritage Gold NZ Options\"", \""27-Aug-2007;20070827\""]"", ""row_links_json"": ""[\""https://www.nsx.com.au/summary/HGDOC\""]"", ""content_sha256"": ""ccca31c77abbab701f2ffb8c7d49a699a58a446d1429ee5f829cce9293fcfb78"", ""semantic_status"": ""SOURCE_TABLE_ROW_NOT_AUTOMATICALLY_ENTITY""}]",SOURCE_TABLE_RECORD_NOT_GLOBAL_OR_UNIQUE_COMPANY_VERIFICATION
https://www.nsx.com.au/marketdata/delisted-suspended/,2,276,,HGDXHA,DELISTED_OR_SUSPENDED_SOURCE_RECORD,"{""Code"": ""HGDXHA"", ""Security Name"": ""Heritage Gold NZ Limited Warrants"", ""Delisted Date"": ""27-Jun-2007;20070627""}","[{""work_id"": ""B05:3763"", ""source_url"": ""https://www.nsx.com.au/marketdata/delisted-suspended/"", ""table"": ""2"", ""row"": ""276"", ""headers_json"": ""[\""Code\"", \""Security Name\"", \""Delisted Date\""]"", ""cells_json"": ""[\""HGDXHA\"", \""Heritage Gold NZ Limited Warrants\"", \""27-Jun-2007;20070627\""]"", ""row_links_json"": ""[\""https://www.nsx.com.au/summary/HGDXHA\""]"", ""content_sha256"": ""ccca31c77abbab701f2ffb8c7d49a699a58a446d1429ee5f829cce9293fcfb78"", ""semantic_status"": ""SOURCE_TABLE_ROW_NOT_AUTOMATICALLY_ENTITY""}]",SOURCE_TABLE_RECORD_NOT_GLOBAL_OR_UNIQUE_COMPANY_VERIFICATION
https://www.nsx.com.au/marketdata/delisted-suspended/,2,277,,HOB,DELISTED_OR_SUSPENDED_SOURCE_RECORD,"{""Code"": ""HOB"", ""Security Name"": ""Hobsons Bay Community Financial Services Limited"", ""Delisted Date"": ""30-Jun-2013;20130630""}","[{""work_id"": ""B05:3763"", ""source_url"": ""https://www.nsx.com.au/marketdata/delisted-suspended/"", ""table"": ""2"", ""row"": ""277"", ""headers_json"": ""[\""Code\"", \""Security Name\"", \""Delisted Date\""]"", ""cells_json"": ""[\""HOB\"", \""Hobsons Bay Community Financial Services Limited\"", \""30-Jun-2013;20130630\""]"", ""row_links_json"": ""[\""https://www.nsx.com.au/summary/HOB\""]"", ""content_sha256"": ""ccca31c77abbab701f2ffb8c7d49a699a58a446d1429ee5f829cce9293fcfb78"", ""semantic_status"": ""SOURCE_TABLE_ROW_NOT_AUTOMATICALLY_ENTITY""}]",SOURCE_TABLE_RECORD_NOT_GLOBAL_OR_UNIQUE_COMPANY_VERIFICATION
https://www.nsx.com.au/marketdata/delisted-suspended/,2,278,,HVB,DELISTED_OR_SUSPENDED_SOURCE_RECORD,"{""Code"": ""HVB"", ""Security Name"": ""Hervey Bay & District Financial Services Limited"", ""Delisted Date"": ""31-Jul-2011;20110731""}","[{""work_id"": ""B05:3763"", ""source_url"": ""https://www.nsx.com.au/marketdata/delisted-suspended/"", ""table"": ""2"", ""row"": ""278"", ""headers_json"": ""[\""Code\"", \""Security Name\"", \""Delisted Date\""]"", ""cells_json"": ""[\""HVB\"", \""Hervey Bay & District Financial Services Limited\"", \""31-Jul-2011;20110731\""]"", ""row_links_json"": ""[\""https://www.nsx.com.au/summary/HVB\""]"", ""content_sha256"": ""ccca31c77abbab701f2ffb8c7d49a699a58a446d1429ee5f829cce9293fcfb78"", ""semantic_status"": ""SOURCE_TABLE_ROW_NOT_AUTOMATICALLY_ENTITY""}]",SOURCE_TABLE_RECORD_NOT_GLOBAL_OR_UNIQUE_COMPANY_VERIFICATION
https://www.nsx.com.au/marketdata/delisted-suspended/,2,279,,IAD,DELISTED_OR_SUSPENDED_SOURCE_RECORD,"{""Code"": ""IAD"", ""Security Name"": ""Inverloch & District Financial Enterprises Limited FPO"", ""Delisted Date"": ""31-May-2021;20210531""}","[{""work_id"": ""B05:3763"", ""source_url"": ""https://www.nsx.com.au/marketdata/delisted-suspended/"", ""table"": ""2"", ""row"": ""279"", ""headers_json"": ""[\""Code\"", \""Security Name\"", \""Delisted Date\""]"", ""cells_json"": ""[\""IAD\"", \""Inverloch & District Financial Enterprises Limited FPO\"", \""31-May-2021;20210531\""]"", ""row_links_json"": ""[\""https://www.nsx.com.au/summary/IAD\""]"", ""content_sha256"": ""ccca31c77abbab701f2ffb8c7d49a699a58a446d1429ee5f829cce9293fcfb78"", ""semantic_status"": ""SOURCE_TABLE_ROW_NOT_AUTOMATICALLY_ENTITY""}]",SOURCE_TABLE_RECORD_NOT_GLOBAL_OR_UNIQUE_COMPANY_VERIFICATION
https://www.nsx.com.au/marketdata/delisted-suspended/,2,280,,IFRHA,DELISTED_OR_SUSPENDED_SOURCE_RECORD,"{""Code"": ""IFRHA"", ""Security Name"": ""Incitec Fertilizers Ltd Redeemable Preference Share"", ""Delisted Date"": ""23-Nov-2004;20041123""}","[{""work_id"": ""B05:3763"", ""source_url"": ""https://www.nsx.com.au/marketdata/delisted-suspended/"", ""table"": ""2"", ""row"": ""280"", ""headers_json"": ""[\""Code\"", \""Security Name\"", \""Delisted Date\""]"", ""cells_json"": ""[\""IFRHA\"", \""Incitec Fertilizers Ltd Redeemable Preference Share\"", \""23-Nov-2004;20041123\""]"", ""row_links_json"": ""[\""https://www.nsx.com.au/summary/IFRHA\""]"", ""content_sha256"": ""ccca31c77abbab701f2ffb8c7d49a699a58a446d1429ee5f829cce9293fcfb78"", ""semantic_status"": ""SOURCE_TABLE_ROW_NOT_AUTOMATICALLY_ENTITY""}]",SOURCE_TABLE_RECORD_NOT_GLOBAL_OR_UNIQUE_COMPANY_VERIFICATION
https://www.nsx.com.au/marketdata/delisted-suspended/,2,281,,IICO,DELISTED_OR_SUSPENDED_SOURCE_RECORD,"{""Code"": ""IICO"", ""Security Name"": ""Illuminator Investment Company Limited Opt 15DEC2006"", ""Delisted Date"": ""15-Dec-2006;20061215""}","[{""work_id"": ""B05:3763"", ""source_url"": ""https://www.nsx.com.au/marketdata/delisted-suspended/"", ""table"": ""2"", ""row"": ""281"", ""headers_json"": ""[\""Code\"", \""Security Name\"", \""Delisted Date\""]"", ""cells_json"": ""[\""IICO\"", \""Illuminator Investment Company Limited Opt 15DEC2006\"", \""15-Dec-2006;20061215\""]"", ""row_links_json"": ""[\""https://www.nsx.com.au/summary/IICO\""]"", ""content_sha256"": ""ccca31c77abbab701f2ffb8c7d49a699a58a446d1429ee5f829cce9293fcfb78"", ""semantic_status"": ""SOURCE_TABLE_ROW_NOT_AUTOMATICALLY_ENTITY""}]",SOURCE_TABLE_RECORD_NOT_GLOBAL_OR_UNIQUE_COMPANY_VERIFICATION
https://www.nsx.com.au/marketdata/delisted-suspended/,2,282,,IICOA,DELISTED_OR_SUSPENDED_SOURCE_RECORD,"{""Code"": ""IICOA"", ""Security Name"": ""Illuminator Investment Company Limited Opt 15Dec2007"", ""Delisted Date"": ""15-Dec-2007;20071215""}","[{""work_id"": ""B05:3763"", ""source_url"": ""https://www.nsx.com.au/marketdata/delisted-suspended/"", ""table"": ""2"", ""row"": ""282"", ""headers_json"": ""[\""Code\"", \""Security Name\"", \""Delisted Date\""]"", ""cells_json"": ""[\""IICOA\"", \""Illuminator Investment Company Limited Opt 15Dec2007\"", \""15-Dec-2007;20071215\""]"", ""row_links_json"": ""[\""https://www.nsx.com.au/summary/IICOA\""]"", ""content_sha256"": ""ccca31c77abbab701f2ffb8c7d49a699a58a446d1429ee5f829cce9293fcfb78"", ""semantic_status"": ""SOURCE_TABLE_ROW_NOT_AUTOMATICALLY_ENTITY""}]",SOURCE_TABLE_RECORD_NOT_GLOBAL_OR_UNIQUE_COMPANY_VERIFICATION
https://www.nsx.com.au/marketdata/delisted-suspended/,2,283,,IM1,DELISTED_OR_SUSPENDED_SOURCE_RECORD,"{""Code"": ""IM1"", ""Security Name"": ""I M Quarries Limited - CDI"", ""Delisted Date"": ""06-Aug-2025;20250806""}","[{""work_id"": ""B05:3763"", ""source_url"": ""https://www.nsx.com.au/marketdata/delisted-suspended/"", ""table"": ""2"", ""row"": ""283"", ""headers_json"": ""[\""Code\"", \""Security Name\"", \""Delisted Date\""]"", ""cells_json"": ""[\""IM1\"", \""I M Quarries Limited - CDI\"", \""06-Aug-2025;20250806\""]"", ""row_links_json"": ""[\""https://www.nsx.com.au/summary/IM1\""]"", ""content_sha256"": ""ccca31c77abbab701f2ffb8c7d49a699a58a446d1429ee5f829cce9293fcfb78"", ""semantic_status"": ""SOURCE_TABLE_ROW_NOT_AUTOMATICALLY_ENTITY""}]",SOURCE_TABLE_RECORD_NOT_GLOBAL_OR_UNIQUE_COMPANY_VERIFICATION
https://www.nsx.com.au/marketdata/delisted-suspended/,2,284,,INW,DELISTED_OR_SUSPENDED_SOURCE_RECORD,"{""Code"": ""INW"", ""Security Name"": ""Inglewood & Districts Community Enterprises Limited"", ""Delisted Date"": ""30-Jun-2015;20150630""}","[{""work_id"": ""B05:3763"", ""source_url"": ""https://www.nsx.com.au/marketdata/delisted-suspended/"", ""table"": ""2"", ""row"": ""284"", ""headers_json"": ""[\""Code\"", \""Security Name\"", \""Delisted Date\""]"", ""cells_json"": ""[\""INW\"", \""Inglewood & Districts Community Enterprises Limited\"", \""30-Jun-2015;20150630\""]"", ""row_links_json"": ""[\""https://www.nsx.com.au/summary/INW\""]"", ""content_sha256"": ""ccca31c77abbab701f2ffb8c7d49a699a58a446d1429ee5f829cce9293fcfb78"", ""semantic_status"": ""SOURCE_TABLE_ROW_NOT_AUTOMATICALLY_ENTITY""}]",SOURCE_TABLE_RECORD_NOT_GLOBAL_OR_UNIQUE_COMPANY_VERIFICATION
https://www.nsx.com.au/marketdata/delisted-suspended/,2,285,,IOP,DELISTED_OR_SUSPENDED_SOURCE_RECORD,"{""Code"": ""IOP"", ""Security Name"": ""International Petroleum Limited FPO"", ""Delisted Date"": ""30-Sep-2019;20190930""}","[{""work_id"": ""B05:3763"", ""source_url"": ""https://www.nsx.com.au/marketdata/delisted-suspended/"", ""table"": ""2"", ""row"": ""285"", ""headers_json"": ""[\""Code\"", \""Security Name\"", \""Delisted Date\""]"", ""cells_json"": ""[\""IOP\"", \""International Petroleum Limited FPO\"", \""30-Sep-2019;20190930\""]"", ""row_links_json"": ""[\""https://www.nsx.com.au/summary/IOP\""]"", ""content_sha256"": ""ccca31c77abbab701f2ffb8c7d49a699a58a446d1429ee5f829cce9293fcfb78"", ""semantic_status"": ""SOURCE_TABLE_ROW_NOT_AUTOMATICALLY_ENTITY""}]",SOURCE_TABLE_RECORD_NOT_GLOBAL_OR_UNIQUE_COMPANY_VERIFICATION
https://www.nsx.com.au/marketdata/delisted-suspended/,2,286,,IOS,DELISTED_OR_SUSPENDED_SOURCE_RECORD,"{""Code"": ""IOS"", ""Security Name"": ""Inosite Limited FPO"", ""Delisted Date"": ""31-Dec-2011;20111231""}","[{""work_id"": ""B05:3763"", ""source_url"": ""https://www.nsx.com.au/marketdata/delisted-suspended/"", ""table"": ""2"", ""row"": ""286"", ""headers_json"": ""[\""Code\"", \""Security Name\"", \""Delisted Date\""]"", ""cells_json"": ""[\""IOS\"", \""Inosite Limited FPO\"", \""31-Dec-2011;20111231\""]"", ""row_links_json"": ""[\""https://www.nsx.com.au/summary/IOS\""]"", ""content_sha256"": ""ccca31c77abbab701f2ffb8c7d49a699a58a446d1429ee5f829cce9293fcfb78"", ""semantic_status"": ""SOURCE_TABLE_ROW_NOT_AUTOMATICALLY_ENTITY""}]",SOURCE_TABLE_RECORD_NOT_GLOBAL_OR_UNIQUE_COMPANY_VERIFICATION
https://www.nsx.com.au/marketdata/delisted-suspended/,2,287,,IQG,DELISTED_OR_SUSPENDED_SOURCE_RECORD,"{""Code"": ""IQG"", ""Security Name"": ""The IQ Group Global Ltd - FPO"", ""Delisted Date"": ""19-Sep-2022;20220919""}","[{""work_id"": ""B05:3763"", ""source_url"": ""https://www.nsx.com.au/marketdata/delisted-suspended/"", ""table"": ""2"", ""row"": ""287"", ""headers_json"": ""[\""Code\"", \""Security Name\"", \""Delisted Date\""]"", ""cells_json"": ""[\""IQG\"", \""The IQ Group Global Ltd - FPO\"", \""19-Sep-2022;20220919\""]"", ""row_links_json"": ""[\""https://www.nsx.com.au/summary/IQG\""]"", ""content_sha256"": ""ccca31c77abbab701f2ffb8c7d49a699a58a446d1429ee5f829cce9293fcfb78"", ""semantic_status"": ""SOURCE_TABLE_ROW_NOT_AUTOMATICALLY_ENTITY""}]",SOURCE_TABLE_RECORD_NOT_GLOBAL_OR_UNIQUE_COMPANY_VERIFICATION
https://www.nsx.com.au/marketdata/delisted-suspended/,2,288,,IQX,DELISTED_OR_SUSPENDED_SOURCE_RECORD,"{""Code"": ""IQX"", ""Security Name"": ""IQX Limited FPO"", ""Delisted Date"": ""19-Sep-2022;20220919""}","[{""work_id"": ""B05:3763"", ""source_url"": ""https://www.nsx.com.au/marketdata/delisted-suspended/"", ""table"": ""2"", ""row"": ""288"", ""headers_json"": ""[\""Code\"", \""Security Name\"", \""Delisted Date\""]"", ""cells_json"": ""[\""IQX\"", \""IQX Limited FPO\"", \""19-Sep-2022;20220919\""]"", ""row_links_json"": ""[\""https://www.nsx.com.au/summary/IQX\""]"", ""content_sha256"": ""ccca31c77abbab701f2ffb8c7d49a699a58a446d1429ee5f829cce9293fcfb78"", ""semantic_status"": ""SOURCE_TABLE_ROW_NOT_AUTOMATICALLY_ENTITY""}]",SOURCE_TABLE_RECORD_NOT_GLOBAL_OR_UNIQUE_COMPANY_VERIFICATION
https://www.nsx.com.au/marketdata/delisted-suspended/,2,289,,IVL,DELISTED_OR_SUSPENDED_SOURCE_RECORD,"{""Code"": ""IVL"", ""Security Name"": ""Innovance Limited FPO"", ""Delisted Date"": ""15-Oct-2010;20101015""}","[{""work_id"": ""B05:3763"", ""source_url"": ""https://www.nsx.com.au/marketdata/delisted-suspended/"", ""table"": ""2"", ""row"": ""289"", ""headers_json"": ""[\""Code\"", \""Security Name\"", \""Delisted Date\""]"", ""cells_json"": ""[\""IVL\"", \""Innovance Limited FPO\"", \""15-Oct-2010;20101015\""]"", ""row_links_json"": ""[\""https://www.nsx.com.au/summary/IVL\""]"", ""content_sha256"": ""ccca31c77abbab701f2ffb8c7d49a699a58a446d1429ee5f829cce9293fcfb78"", ""semantic_status"": ""SOURCE_TABLE_ROW_NOT_AUTOMATICALLY_ENTITY""}]",SOURCE_TABLE_RECORD_NOT_GLOBAL_OR_UNIQUE_COMPANY_VERIFICATION
https://www.nsx.com.au/marketdata/delisted-suspended/,2,290,,IXS,DELISTED_OR_SUSPENDED_SOURCE_RECORD,"{""Code"": ""IXS"", ""Security Name"": ""Invest Nexus Limited FPO"", ""Delisted Date"": ""14-Sep-2015;20150914""}","[{""work_id"": ""B05:3763"", ""source_url"": ""https://www.nsx.com.au/marketdata/delisted-suspended/"", ""table"": ""2"", ""row"": ""290"", ""headers_json"": ""[\""Code\"", \""Security Name\"", \""Delisted Date\""]"", ""cells_json"": ""[\""IXS\"", \""Invest Nexus Limited FPO\"", \""14-Sep-2015;20150914\""]"", ""row_links_json"": ""[\""https://www.nsx.com.au/summary/IXS\""]"", ""content_sha256"": ""ccca31c77abbab701f2ffb8c7d49a699a58a446d1429ee5f829cce9293fcfb78"", ""semantic_status"": ""SOURCE_TABLE_ROW_NOT_AUTOMATICALLY_ENTITY""}]",SOURCE_TABLE_RECORD_NOT_GLOBAL_OR_UNIQUE_COMPANY_VERIFICATION
https://www.nsx.com.au/marketdata/delisted-suspended/,2,291,,JBL,DELISTED_OR_SUSPENDED_SOURCE_RECORD,"{""Code"": ""JBL"", ""Security Name"": ""John Bridgeman Limited FPO"", ""Delisted Date"": ""23-Oct-2020;20201023""}","[{""work_id"": ""B05:3763"", ""source_url"": ""https://www.nsx.com.au/marketdata/delisted-suspended/"", ""table"": ""2"", ""row"": ""291"", ""headers_json"": ""[\""Code\"", \""Security Name\"", \""Delisted Date\""]"", ""cells_json"": ""[\""JBL\"", \""John Bridgeman Limited FPO\"", \""23-Oct-2020;20201023\""]"", ""row_links_json"": ""[\""https://www.nsx.com.au/summary/JBL\""]"", ""content_sha256"": ""ccca31c77abbab701f2ffb8c7d49a699a58a446d1429ee5f829cce9293fcfb78"", ""semantic_status"": ""SOURCE_TABLE_ROW_NOT_AUTOMATICALLY_ENTITY""}]",SOURCE_TABLE_RECORD_NOT_GLOBAL_OR_UNIQUE_COMPANY_VERIFICATION
https://www.nsx.com.au/marketdata/delisted-suspended/,2,292,,JBLOA,DELISTED_OR_SUSPENDED_SOURCE_RECORD,"{""Code"": ""JBLOA"", ""Security Name"": ""John Bridgeman Ltd Opts $1.10 31/3/20"", ""Delisted Date"": ""23-Oct-2020;20201023""}","[{""work_id"": ""B05:3763"", ""source_url"": ""https://www.nsx.com.au/marketdata/delisted-suspended/"", ""table"": ""2"", ""row"": ""292"", ""headers_json"": ""[\""Code\"", \""Security Name\"", \""Delisted Date\""]"", ""cells_json"": ""[\""JBLOA\"", \""John Bridgeman Ltd Opts $1.10 31/3/20\"", \""23-Oct-2020;20201023\""]"", ""row_links_json"": ""[\""https://www.nsx.com.au/summary/JBLOA\""]"", ""content_sha256"": ""ccca31c77abbab701f2ffb8c7d49a699a58a446d1429ee5f829cce9293fcfb78"", ""semantic_status"": ""SOURCE_TABLE_ROW_NOT_AUTOMATICALLY_ENTITY""}]",SOURCE_TABLE_RECORD_NOT_GLOBAL_OR_UNIQUE_COMPANY_VERIFICATION
https://www.nsx.com.au/marketdata/delisted-suspended/,2,293,,JBLOB,DELISTED_OR_SUSPENDED_SOURCE_RECORD,"{""Code"": ""JBLOB"", ""Security Name"": ""John Bridgeman Ltd Opts $1.20 31/3/20"", ""Delisted Date"": ""23-Oct-2020;20201023""}","[{""work_id"": ""B05:3763"", ""source_url"": ""https://www.nsx.com.au/marketdata/delisted-suspended/"", ""table"": ""2"", ""row"": ""293"", ""headers_json"": ""[\""Code\"", \""Security Name\"", \""Delisted Date\""]"", ""cells_json"": ""[\""JBLOB\"", \""John Bridgeman Ltd Opts $1.20 31/3/20\"", \""23-Oct-2020;20201023\""]"", ""row_links_json"": ""[\""https://www.nsx.com.au/summary/JBLOB\""]"", ""content_sha256"": ""ccca31c77abbab701f2ffb8c7d49a699a58a446d1429ee5f829cce9293fcfb78"", ""semantic_status"": ""SOURCE_TABLE_ROW_NOT_AUTOMATICALLY_ENTITY""}]",SOURCE_TABLE_RECORD_NOT_GLOBAL_OR_UNIQUE_COMPANY_VERIFICATION
https://www.nsx.com.au/marketdata/delisted-suspended/,2,294,,JBLOC,DELISTED_OR_SUSPENDED_SOURCE_RECORD,"{""Code"": ""JBLOC"", ""Security Name"": ""John Bridgeman Ltd Opts $1.50 31/3/20"", ""Delisted Date"": ""23-Oct-2020;20201023""}","[{""work_id"": ""B05:3763"", ""source_url"": ""https://www.nsx.com.au/marketdata/delisted-suspended/"", ""table"": ""2"", ""row"": ""294"", ""headers_json"": ""[\""Code\"", \""Security Name\"", \""Delisted Date\""]"", ""cells_json"": ""[\""JBLOC\"", \""John Bridgeman Ltd Opts $1.50 31/3/20\"", \""23-Oct-2020;20201023\""]"", ""row_links_json"": ""[\""https://www.nsx.com.au/summary/JBLOC\""]"", ""content_sha256"": ""ccca31c77abbab701f2ffb8c7d49a699a58a446d1429ee5f829cce9293fcfb78"", ""semantic_status"": ""SOURCE_TABLE_ROW_NOT_AUTOMATICALLY_ENTITY""}]",SOURCE_TABLE_RECORD_NOT_GLOBAL_OR_UNIQUE_COMPANY_VERIFICATION
https://www.nsx.com.au/marketdata/delisted-suspended/,2,295,,JBLOD,DELISTED_OR_SUSPENDED_SOURCE_RECORD,"{""Code"": ""JBLOD"", ""Security Name"": ""John Bridgeman Ltd Opts $2.20 31/3/20"", ""Delisted Date"": ""23-Oct-2020;20201023""}","[{""work_id"": ""B05:3763"", ""source_url"": ""https://www.nsx.com.au/marketdata/delisted-suspended/"", ""table"": ""2"", ""row"": ""295"", ""headers_json"": ""[\""Code\"", \""Security Name\"", \""Delisted Date\""]"", ""cells_json"": ""[\""JBLOD\"", \""John Bridgeman Ltd Opts $2.20 31/3/20\"", \""23-Oct-2020;20201023\""]"", ""row_links_json"": ""[\""https://www.nsx.com.au/summary/JBLOD\""]"", ""content_sha256"": ""ccca31c77abbab701f2ffb8c7d49a699a58a446d1429ee5f829cce9293fcfb78"", ""semantic_status"": ""SOURCE_TABLE_ROW_NOT_AUTOMATICALLY_ENTITY""}]",SOURCE_TABLE_RECORD_NOT_GLOBAL_OR_UNIQUE_COMPANY_VERIFICATION
https://www.nsx.com.au/marketdata/delisted-suspended/,2,296,,JBLOE,DELISTED_OR_SUSPENDED_SOURCE_RECORD,"{""Code"": ""JBLOE"", ""Security Name"": ""John Bridgeman Ltd Opts $3.50 31/3/20"", ""Delisted Date"": ""23-Oct-2020;20201023""}","[{""work_id"": ""B05:3763"", ""source_url"": ""https://www.nsx.com.au/marketdata/delisted-suspended/"", ""table"": ""2"", ""row"": ""296"", ""headers_json"": ""[\""Code\"", \""Security Name\"", \""Delisted Date\""]"", ""cells_json"": ""[\""JBLOE\"", \""John Bridgeman Ltd Opts $3.50 31/3/20\"", \""23-Oct-2020;20201023\""]"", ""row_links_json"": ""[\""https://www.nsx.com.au/summary/JBLOE\""]"", ""content_sha256"": ""ccca31c77abbab701f2ffb8c7d49a699a58a446d1429ee5f829cce9293fcfb78"", ""semantic_status"": ""SOURCE_TABLE_ROW_NOT_AUTOMATICALLY_ENTITY""}]",SOURCE_TABLE_RECORD_NOT_GLOBAL_OR_UNIQUE_COMPANY_VERIFICATION
https://www.nsx.com.au/marketdata/delisted-suspended/,2,297,,JCB,DELISTED_OR_SUSPENDED_SOURCE_RECORD,"{""Code"": ""JCB"", ""Security Name"": ""Jinchi Biotech Ltd CDI"", ""Delisted Date"": ""25-Aug-2017;20170825""}","[{""work_id"": ""B05:3763"", ""source_url"": ""https://www.nsx.com.au/marketdata/delisted-suspended/"", ""table"": ""2"", ""row"": ""297"", ""headers_json"": ""[\""Code\"", \""Security Name\"", \""Delisted Date\""]"", ""cells_json"": ""[\""JCB\"", \""Jinchi Biotech Ltd CDI\"", \""25-Aug-2017;20170825\""]"", ""row_links_json"": ""[\""https://www.nsx.com.au/summary/JCB\""]"", ""content_sha256"": ""ccca31c77abbab701f2ffb8c7d49a699a58a446d1429ee5f829cce9293fcfb78"", ""semantic_status"": ""SOURCE_TABLE_ROW_NOT_AUTOMATICALLY_ENTITY""}]",SOURCE_TABLE_RECORD_NOT_GLOBAL_OR_UNIQUE_COMPANY_VERIFICATION
https://www.nsx.com.au/marketdata/delisted-suspended/,2,298,,JCL,DELISTED_OR_SUSPENDED_SOURCE_RECORD,"{""Code"": ""JCL"", ""Security Name"": ""Juhe Capital Holdings Limited CDI"", ""Delisted Date"": ""20-Oct-2017;20171020""}","[{""work_id"": ""B05:3763"", ""source_url"": ""https://www.nsx.com.au/marketdata/delisted-suspended/"", ""table"": ""2"", ""row"": ""298"", ""headers_json"": ""[\""Code\"", \""Security Name\"", \""Delisted Date\""]"", ""cells_json"": ""[\""JCL\"", \""Juhe Capital Holdings Limited CDI\"", \""20-Oct-2017;20171020\""]"", ""row_links_json"": ""[\""https://www.nsx.com.au/summary/JCL\""]"", ""content_sha256"": ""ccca31c77abbab701f2ffb8c7d49a699a58a446d1429ee5f829cce9293fcfb78"", ""semantic_status"": ""SOURCE_TABLE_ROW_NOT_AUTOMATICALLY_ENTITY""}]",SOURCE_TABLE_RECORD_NOT_GLOBAL_OR_UNIQUE_COMPANY_VERIFICATION
https://www.nsx.com.au/marketdata/delisted-suspended/,2,299,,KEL,DELISTED_OR_SUSPENDED_SOURCE_RECORD,"{""Code"": ""KEL"", ""Security Name"": ""King Equipment Limited"", ""Delisted Date"": ""13-Nov-2008;20081113""}","[{""work_id"": ""B05:3763"", ""source_url"": ""https://www.nsx.com.au/marketdata/delisted-suspended/"", ""table"": ""2"", ""row"": ""299"", ""headers_json"": ""[\""Code\"", \""Security Name\"", \""Delisted Date\""]"", ""cells_json"": ""[\""KEL\"", \""King Equipment Limited\"", \""13-Nov-2008;20081113\""]"", ""row_links_json"": ""[\""https://www.nsx.com.au/summary/KEL\""]"", ""content_sha256"": ""ccca31c77abbab701f2ffb8c7d49a699a58a446d1429ee5f829cce9293fcfb78"", ""semantic_status"": ""SOURCE_TABLE_ROW_NOT_AUTOMATICALLY_ENTITY""}]",SOURCE_TABLE_RECORD_NOT_GLOBAL_OR_UNIQUE_COMPANY_VERIFICATION
https://www.nsx.com.au/marketdata/delisted-suspended/,2,300,,KELO,DELISTED_OR_SUSPENDED_SOURCE_RECORD,"{""Code"": ""KELO"", ""Security Name"": ""King Equipment Limited Opt 30JUN2009"", ""Delisted Date"": ""13-Nov-2008;20081113""}","[{""work_id"": ""B05:3763"", ""source_url"": ""https://www.nsx.com.au/marketdata/delisted-suspended/"", ""table"": ""2"", ""row"": ""300"", ""headers_json"": ""[\""Code\"", \""Security Name\"", \""Delisted Date\""]"", ""cells_json"": ""[\""KELO\"", \""King Equipment Limited Opt 30JUN2009\"", \""13-Nov-2008;20081113\""]"", ""row_links_json"": ""[\""https://www.nsx.com.au/summary/KELO\""]"", ""content_sha256"": ""ccca31c77abbab701f2ffb8c7d49a699a58a446d1429ee5f829cce9293fcfb78"", ""semantic_status"": ""SOURCE_TABLE_ROW_NOT_AUTOMATICALLY_ENTITY""}]",SOURCE_TABLE_RECORD_NOT_GLOBAL_OR_UNIQUE_COMPANY_VERIFICATION
https://www.nsx.com.au/marketdata/delisted-suspended/,2,301,,KEW,DELISTED_OR_SUSPENDED_SOURCE_RECORD,"{""Code"": ""KEW"", ""Security Name"": ""Kew East Financial Services Limited"", ""Delisted Date"": ""30-Jun-2015;20150630""}","[{""work_id"": ""B05:3763"", ""source_url"": ""https://www.nsx.com.au/marketdata/delisted-suspended/"", ""table"": ""2"", ""row"": ""301"", ""headers_json"": ""[\""Code\"", \""Security Name\"", \""Delisted Date\""]"", ""cells_json"": ""[\""KEW\"", \""Kew East Financial Services Limited\"", \""30-Jun-2015;20150630\""]"", ""row_links_json"": ""[\""https://www.nsx.com.au/summary/KEW\""]"", ""content_sha256"": ""ccca31c77abbab701f2ffb8c7d49a699a58a446d1429ee5f829cce9293fcfb78"", ""semantic_status"": ""SOURCE_TABLE_ROW_NOT_AUTOMATICALLY_ENTITY""}]",SOURCE_TABLE_RECORD_NOT_GLOBAL_OR_UNIQUE_COMPANY_VERIFICATION
https://www.nsx.com.au/marketdata/delisted-suspended/,2,302,,KGI,DELISTED_OR_SUSPENDED_SOURCE_RECORD,"{""Code"": ""KGI"", ""Security Name"": ""Kaizen Global Investments Limited FPO"", ""Delisted Date"": ""01-Oct-2024;20241001""}","[{""work_id"": ""B05:3763"", ""source_url"": ""https://www.nsx.com.au/marketdata/delisted-suspended/"", ""table"": ""2"", ""row"": ""302"", ""headers_json"": ""[\""Code\"", \""Security Name\"", \""Delisted Date\""]"", ""cells_json"": ""[\""KGI\"", \""Kaizen Global Investments Limited FPO\"", \""01-Oct-2024;20241001\""]"", ""row_links_json"": ""[\""https://www.nsx.com.au/summary/KGI\""]"", ""content_sha256"": ""ccca31c77abbab701f2ffb8c7d49a699a58a446d1429ee5f829cce9293fcfb78"", ""semantic_status"": ""SOURCE_TABLE_ROW_NOT_AUTOMATICALLY_ENTITY""}]",SOURCE_TABLE_RECORD_NOT_GLOBAL_OR_UNIQUE_COMPANY_VERIFICATION
https://www.nsx.com.au/marketdata/delisted-suspended/,2,303,,KTE,DELISTED_OR_SUSPENDED_SOURCE_RECORD,"{""Code"": ""KTE"", ""Security Name"": ""K2 Energy Limited - FPO"", ""Delisted Date"": ""28-Jun-2024;20240628""}","[{""work_id"": ""B05:3763"", ""source_url"": ""https://www.nsx.com.au/marketdata/delisted-suspended/"", ""table"": ""2"", ""row"": ""303"", ""headers_json"": ""[\""Code\"", \""Security Name\"", \""Delisted Date\""]"", ""cells_json"": ""[\""KTE\"", \""K2 Energy Limited - FPO\"", \""28-Jun-2024;20240628\""]"", ""row_links_json"": ""[\""https://www.nsx.com.au/summary/KTE\""]"", ""content_sha256"": ""ccca31c77abbab701f2ffb8c7d49a699a58a446d1429ee5f829cce9293fcfb78"", ""semantic_status"": ""SOURCE_TABLE_ROW_NOT_AUTOMATICALLY_ENTITY""}]",SOURCE_TABLE_RECORD_NOT_GLOBAL_OR_UNIQUE_COMPANY_VERIFICATION
https://www.nsx.com.au/marketdata/delisted-suspended/,2,304,,LCT,DELISTED_OR_SUSPENDED_SOURCE_RECORD,"{""Code"": ""LCT"", ""Security Name"": ""Living Cell Technologies Limited FPO"", ""Delisted Date"": ""01-Sep-2004;20040901""}","[{""work_id"": ""B05:3763"", ""source_url"": ""https://www.nsx.com.au/marketdata/delisted-suspended/"", ""table"": ""2"", ""row"": ""304"", ""headers_json"": ""[\""Code\"", \""Security Name\"", \""Delisted Date\""]"", ""cells_json"": ""[\""LCT\"", \""Living Cell Technologies Limited FPO\"", \""01-Sep-2004;20040901\""]"", ""row_links_json"": ""[\""https://www.nsx.com.au/summary/LCT\""]"", ""content_sha256"": ""ccca31c77abbab701f2ffb8c7d49a699a58a446d1429ee5f829cce9293fcfb78"", ""semantic_status"": ""SOURCE_TABLE_ROW_NOT_AUTOMATICALLY_ENTITY""}]",SOURCE_TABLE_RECORD_NOT_GLOBAL_OR_UNIQUE_COMPANY_VERIFICATION
https://www.nsx.com.au/marketdata/delisted-suspended/,2,305,,LGP,DELISTED_OR_SUSPENDED_SOURCE_RECORD,"{""Code"": ""LGP"", ""Security Name"": ""Lion Selection Group Limited"", ""Delisted Date"": ""12-Mar-2013;20130312""}","[{""work_id"": ""B05:3763"", ""source_url"": ""https://www.nsx.com.au/marketdata/delisted-suspended/"", ""table"": ""2"", ""row"": ""305"", ""headers_json"": ""[\""Code\"", \""Security Name\"", \""Delisted Date\""]"", ""cells_json"": ""[\""LGP\"", \""Lion Selection Group Limited\"", \""12-Mar-2013;20130312\""]"", ""row_links_json"": ""[\""https://www.nsx.com.au/summary/LGP\""]"", ""content_sha256"": ""ccca31c77abbab701f2ffb8c7d49a699a58a446d1429ee5f829cce9293fcfb78"", ""semantic_status"": ""SOURCE_TABLE_ROW_NOT_AUTOMATICALLY_ENTITY""}]",SOURCE_TABLE_RECORD_NOT_GLOBAL_OR_UNIQUE_COMPANY_VERIFICATION
https://www.nsx.com.au/marketdata/delisted-suspended/,2,306,,LGPOA,DELISTED_OR_SUSPENDED_SOURCE_RECORD,"{""Code"": ""LGPOA"", ""Security Name"": ""Lion Selection Group Limited Options 12DEC2014"", ""Delisted Date"": ""12-Mar-2013;20130312""}","[{""work_id"": ""B05:3763"", ""source_url"": ""https://www.nsx.com.au/marketdata/delisted-suspended/"", ""table"": ""2"", ""row"": ""306"", ""headers_json"": ""[\""Code\"", \""Security Name\"", \""Delisted Date\""]"", ""cells_json"": ""[\""LGPOA\"", \""Lion Selection Group Limited Options 12DEC2014\"", \""12-Mar-2013;20130312\""]"", ""row_links_json"": ""[\""https://www.nsx.com.au/summary/LGPOA\""]"", ""content_sha256"": ""ccca31c77abbab701f2ffb8c7d49a699a58a446d1429ee5f829cce9293fcfb78"", ""semantic_status"": ""SOURCE_TABLE_ROW_NOT_AUTOMATICALLY_ENTITY""}]",SOURCE_TABLE_RECORD_NOT_GLOBAL_OR_UNIQUE_COMPANY_VERIFICATION
https://www.nsx.com.au/marketdata/delisted-suspended/,2,307,,LLP,DELISTED_OR_SUSPENDED_SOURCE_RECORD,"{""Code"": ""LLP"", ""Security Name"": ""Our Community Company Limited"", ""Delisted Date"": ""30-Jun-2014;20140630""}","[{""work_id"": ""B05:3763"", ""source_url"": ""https://www.nsx.com.au/marketdata/delisted-suspended/"", ""table"": ""2"", ""row"": ""307"", ""headers_json"": ""[\""Code\"", \""Security Name\"", \""Delisted Date\""]"", ""cells_json"": ""[\""LLP\"", \""Our Community Company Limited\"", \""30-Jun-2014;20140630\""]"", ""row_links_json"": ""[\""https://www.nsx.com.au/summary/LLP\""]"", ""content_sha256"": ""ccca31c77abbab701f2ffb8c7d49a699a58a446d1429ee5f829cce9293fcfb78"", ""semantic_status"": ""SOURCE_TABLE_ROW_NOT_AUTOMATICALLY_ENTITY""}]",SOURCE_TABLE_RECORD_NOT_GLOBAL_OR_UNIQUE_COMPANY_VERIFICATION
https://www.nsx.com.au/marketdata/delisted-suspended/,2,308,,LPC,DELISTED_OR_SUSPENDED_SOURCE_RECORD,"{""Code"": ""LPC"", ""Security Name"": ""Lakeside Pakenham Community Enterprise Limited"", ""Delisted Date"": ""30-Jun-2014;20140630""}","[{""work_id"": ""B05:3763"", ""source_url"": ""https://www.nsx.com.au/marketdata/delisted-suspended/"", ""table"": ""2"", ""row"": ""308"", ""headers_json"": ""[\""Code\"", \""Security Name\"", \""Delisted Date\""]"", ""cells_json"": ""[\""LPC\"", \""Lakeside Pakenham Community Enterprise Limited\"", \""30-Jun-2014;20140630\""]"", ""row_links_json"": ""[\""https://www.nsx.com.au/summary/LPC\""]"", ""content_sha256"": ""ccca31c77abbab701f2ffb8c7d49a699a58a446d1429ee5f829cce9293fcfb78"", ""semantic_status"": ""SOURCE_TABLE_ROW_NOT_AUTOMATICALLY_ENTITY""}]",SOURCE_TABLE_RECORD_NOT_GLOBAL_OR_UNIQUE_COMPANY_VERIFICATION
https://www.nsx.com.au/marketdata/delisted-suspended/,2,309,,LTS,DELISTED_OR_SUSPENDED_SOURCE_RECORD,"{""Code"": ""LTS"", ""Security Name"": ""LabTech Systems Limited"", ""Delisted Date"": ""28-Jul-2006;20060728""}","[{""work_id"": ""B05:3763"", ""source_url"": ""https://www.nsx.com.au/marketdata/delisted-suspended/"", ""table"": ""2"", ""row"": ""309"", ""headers_json"": ""[\""Code\"", \""Security Name\"", \""Delisted Date\""]"", ""cells_json"": ""[\""LTS\"", \""LabTech Systems Limited\"", \""28-Jul-2006;20060728\""]"", ""row_links_json"": ""[\""https://www.nsx.com.au/summary/LTS\""]"", ""content_sha256"": ""ccca31c77abbab701f2ffb8c7d49a699a58a446d1429ee5f829cce9293fcfb78"", ""semantic_status"": ""SOURCE_TABLE_ROW_NOT_AUTOMATICALLY_ENTITY""}]",SOURCE_TABLE_RECORD_NOT_GLOBAL_OR_UNIQUE_COMPANY_VERIFICATION
https://www.nsx.com.au/marketdata/delisted-suspended/,2,310,,LTSOA,DELISTED_OR_SUSPENDED_SOURCE_RECORD,"{""Code"": ""LTSOA"", ""Security Name"": ""LabTech Systems Limited Opt 30JUN2012"", ""Delisted Date"": ""28-Jul-2006;20060728""}","[{""work_id"": ""B05:3763"", ""source_url"": ""https://www.nsx.com.au/marketdata/delisted-suspended/"", ""table"": ""2"", ""row"": ""310"", ""headers_json"": ""[\""Code\"", \""Security Name\"", \""Delisted Date\""]"", ""cells_json"": ""[\""LTSOA\"", \""LabTech Systems Limited Opt 30JUN2012\"", \""28-Jul-2006;20060728\""]"", ""row_links_json"": ""[\""https://www.nsx.com.au/summary/LTSOA\""]"", ""content_sha256"": ""ccca31c77abbab701f2ffb8c7d49a699a58a446d1429ee5f829cce9293fcfb78"", ""semantic_status"": ""SOURCE_TABLE_ROW_NOT_AUTOMATICALLY_ENTITY""}]",SOURCE_TABLE_RECORD_NOT_GLOBAL_OR_UNIQUE_COMPANY_VERIFICATION
https://www.nsx.com.au/marketdata/delisted-suspended/,2,311,,LTSOB,DELISTED_OR_SUSPENDED_SOURCE_RECORD,"{""Code"": ""LTSOB"", ""Security Name"": ""LabTech Systems Limited Opt 30JUN2013"", ""Delisted Date"": ""28-Jul-2006;20060728""}","[{""work_id"": ""B05:3763"", ""source_url"": ""https://www.nsx.com.au/marketdata/delisted-suspended/"", ""table"": ""2"", ""row"": ""311"", ""headers_json"": ""[\""Code\"", \""Security Name\"", \""Delisted Date\""]"", ""cells_json"": ""[\""LTSOB\"", \""LabTech Systems Limited Opt 30JUN2013\"", \""28-Jul-2006;20060728\""]"", ""row_links_json"": ""[\""https://www.nsx.com.au/summary/LTSOB\""]"", ""content_sha256"": ""ccca31c77abbab701f2ffb8c7d49a699a58a446d1429ee5f829cce9293fcfb78"", ""semantic_status"": ""SOURCE_TABLE_ROW_NOT_AUTOMATICALLY_ENTITY""}]",SOURCE_TABLE_RECORD_NOT_GLOBAL_OR_UNIQUE_COMPANY_VERIFICATION
https://www.nsx.com.au/marketdata/delisted-suspended/,2,312,,MBA,DELISTED_OR_SUSPENDED_SOURCE_RECORD,"{""Code"": ""MBA"", ""Security Name"": ""Mareeba & Dimbulah Financial Services Limited"", ""Delisted Date"": ""30-Jun-2010;20100630""}","[{""work_id"": ""B05:3763"", ""source_url"": ""https://www.nsx.com.au/marketdata/delisted-suspended/"", ""table"": ""2"", ""row"": ""312"", ""headers_json"": ""[\""Code\"", \""Security Name\"", \""Delisted Date\""]"", ""cells_json"": ""[\""MBA\"", \""Mareeba & Dimbulah Financial Services Limited\"", \""30-Jun-2010;20100630\""]"", ""row_links_json"": ""[\""https://www.nsx.com.au/summary/MBA\""]"", ""content_sha256"": ""ccca31c77abbab701f2ffb8c7d49a699a58a446d1429ee5f829cce9293fcfb78"", ""semantic_status"": ""SOURCE_TABLE_ROW_NOT_AUTOMATICALLY_ENTITY""}]",SOURCE_TABLE_RECORD_NOT_GLOBAL_OR_UNIQUE_COMPANY_VERIFICATION
https://www.nsx.com.au/marketdata/delisted-suspended/,2,313,,MBK,DELISTED_OR_SUSPENDED_SOURCE_RECORD,"{""Code"": ""MBK"", ""Security Name"": ""Mooroolbark & District Financial Services Limited FPO"", ""Delisted Date"": ""10-May-2019;20190510""}","[{""work_id"": ""B05:3763"", ""source_url"": ""https://www.nsx.com.au/marketdata/delisted-suspended/"", ""table"": ""2"", ""row"": ""313"", ""headers_json"": ""[\""Code\"", \""Security Name\"", \""Delisted Date\""]"", ""cells_json"": ""[\""MBK\"", \""Mooroolbark & District Financial Services Limited FPO\"", \""10-May-2019;20190510\""]"", ""row_links_json"": ""[\""https://www.nsx.com.au/summary/MBK\""]"", ""content_sha256"": ""ccca31c77abbab701f2ffb8c7d49a699a58a446d1429ee5f829cce9293fcfb78"", ""semantic_status"": ""SOURCE_TABLE_ROW_NOT_AUTOMATICALLY_ENTITY""}]",SOURCE_TABLE_RECORD_NOT_GLOBAL_OR_UNIQUE_COMPANY_VERIFICATION
https://www.nsx.com.au/marketdata/delisted-suspended/,2,314,,MBS,DELISTED_OR_SUSPENDED_SOURCE_RECORD,"{""Code"": ""MBS"", ""Security Name"": ""Metropolitan Collection Property Syndicate"", ""Delisted Date"": ""28-Jul-2003;20030728""}","[{""work_id"": ""B05:3763"", ""source_url"": ""https://www.nsx.com.au/marketdata/delisted-suspended/"", ""table"": ""2"", ""row"": ""314"", ""headers_json"": ""[\""Code\"", \""Security Name\"", \""Delisted Date\""]"", ""cells_json"": ""[\""MBS\"", \""Metropolitan Collection Property Syndicate\"", \""28-Jul-2003;20030728\""]"", ""row_links_json"": ""[\""https://www.nsx.com.au/summary/MBS\""]"", ""content_sha256"": ""ccca31c77abbab701f2ffb8c7d49a699a58a446d1429ee5f829cce9293fcfb78"", ""semantic_status"": ""SOURCE_TABLE_ROW_NOT_AUTOMATICALLY_ENTITY""}]",SOURCE_TABLE_RECORD_NOT_GLOBAL_OR_UNIQUE_COMPANY_VERIFICATION
https://www.nsx.com.au/marketdata/delisted-suspended/,2,315,,MBT,DELISTED_OR_SUSPENDED_SOURCE_RECORD,"{""Code"": ""MBT"", ""Security Name"": ""Metropolitan Collection Property Trust"", ""Delisted Date"": ""28-Jul-2003;20030728""}","[{""work_id"": ""B05:3763"", ""source_url"": ""https://www.nsx.com.au/marketdata/delisted-suspended/"", ""table"": ""2"", ""row"": ""315"", ""headers_json"": ""[\""Code\"", \""Security Name\"", \""Delisted Date\""]"", ""cells_json"": ""[\""MBT\"", \""Metropolitan Collection Property Trust\"", \""28-Jul-2003;20030728\""]"", ""row_links_json"": ""[\""https://www.nsx.com.au/summary/MBT\""]"", ""content_sha256"": ""ccca31c77abbab701f2ffb8c7d49a699a58a446d1429ee5f829cce9293fcfb78"", ""semantic_status"": ""SOURCE_TABLE_ROW_NOT_AUTOMATICALLY_ENTITY""}]",SOURCE_TABLE_RECORD_NOT_GLOBAL_OR_UNIQUE_COMPANY_VERIFICATION
https://www.nsx.com.au/marketdata/delisted-suspended/,2,316,,MDH,DELISTED_OR_SUSPENDED_SOURCE_RECORD,"{""Code"": ""MDH"", ""Security Name"": ""Mandurah Community Financial Services Limited"", ""Delisted Date"": ""30-Jun-2016;20160630""}","[{""work_id"": ""B05:3763"", ""source_url"": ""https://www.nsx.com.au/marketdata/delisted-suspended/"", ""table"": ""2"", ""row"": ""316"", ""headers_json"": ""[\""Code\"", \""Security Name\"", \""Delisted Date\""]"", ""cells_json"": ""[\""MDH\"", \""Mandurah Community Financial Services Limited\"", \""30-Jun-2016;20160630\""]"", ""row_links_json"": ""[\""https://www.nsx.com.au/summary/MDH\""]"", ""content_sha256"": ""ccca31c77abbab701f2ffb8c7d49a699a58a446d1429ee5f829cce9293fcfb78"", ""semantic_status"": ""SOURCE_TABLE_ROW_NOT_AUTOMATICALLY_ENTITY""}]",SOURCE_TABLE_RECORD_NOT_GLOBAL_OR_UNIQUE_COMPANY_VERIFICATION
https://www.nsx.com.au/marketdata/delisted-suspended/,2,317,,MEK,DELISTED_OR_SUSPENDED_SOURCE_RECORD,"{""Code"": ""MEK"", ""Security Name"": ""Meridien Capital Limited FPO"", ""Delisted Date"": ""15-Sep-2014;20140915""}","[{""work_id"": ""B05:3763"", ""source_url"": ""https://www.nsx.com.au/marketdata/delisted-suspended/"", ""table"": ""2"", ""row"": ""317"", ""headers_json"": ""[\""Code\"", \""Security Name\"", \""Delisted Date\""]"", ""cells_json"": ""[\""MEK\"", \""Meridien Capital Limited FPO\"", \""15-Sep-2014;20140915\""]"", ""row_links_json"": ""[\""https://www.nsx.com.au/summary/MEK\""]"", ""content_sha256"": ""ccca31c77abbab701f2ffb8c7d49a699a58a446d1429ee5f829cce9293fcfb78"", ""semantic_status"": ""SOURCE_TABLE_ROW_NOT_AUTOMATICALLY_ENTITY""}]",SOURCE_TABLE_RECORD_NOT_GLOBAL_OR_UNIQUE_COMPANY_VERIFICATION
https://www.nsx.com.au/marketdata/delisted-suspended/,2,318,,MEV,DELISTED_OR_SUSPENDED_SOURCE_RECORD,"{""Code"": ""MEV"", ""Security Name"": ""Mt Evelyn & Districts Financial Services Limited FPO"", ""Delisted Date"": ""31-Jan-2019;20190131""}","[{""work_id"": ""B05:3763"", ""source_url"": ""https://www.nsx.com.au/marketdata/delisted-suspended/"", ""table"": ""2"", ""row"": ""318"", ""headers_json"": ""[\""Code\"", \""Security Name\"", \""Delisted Date\""]"", ""cells_json"": ""[\""MEV\"", \""Mt Evelyn & Districts Financial Services Limited FPO\"", \""31-Jan-2019;20190131\""]"", ""row_links_json"": ""[\""https://www.nsx.com.au/summary/MEV\""]"", ""content_sha256"": ""ccca31c77abbab701f2ffb8c7d49a699a58a446d1429ee5f829cce9293fcfb78"", ""semantic_status"": ""SOURCE_TABLE_ROW_NOT_AUTOMATICALLY_ENTITY""}]",SOURCE_TABLE_RECORD_NOT_GLOBAL_OR_UNIQUE_COMPANY_VERIFICATION
https://www.nsx.com.au/marketdata/delisted-suspended/,2,319,,MGS,DELISTED_OR_SUSPENDED_SOURCE_RECORD,"{""Code"": ""MGS"", ""Security Name"": ""MGT Resources Limited FPO"", ""Delisted Date"": ""14-Dec-2012;20121214""}","[{""work_id"": ""B05:3763"", ""source_url"": ""https://www.nsx.com.au/marketdata/delisted-suspended/"", ""table"": ""2"", ""row"": ""319"", ""headers_json"": ""[\""Code\"", \""Security Name\"", \""Delisted Date\""]"", ""cells_json"": ""[\""MGS\"", \""MGT Resources Limited FPO\"", \""14-Dec-2012;20121214\""]"", ""row_links_json"": ""[\""https://www.nsx.com.au/summary/MGS\""]"", ""content_sha256"": ""ccca31c77abbab701f2ffb8c7d49a699a58a446d1429ee5f829cce9293fcfb78"", ""semantic_status"": ""SOURCE_TABLE_ROW_NOT_AUTOMATICALLY_ENTITY""}]",SOURCE_TABLE_RECORD_NOT_GLOBAL_OR_UNIQUE_COMPANY_VERIFICATION
https://www.nsx.com.au/marketdata/delisted-suspended/,2,320,,MIE,DELISTED_OR_SUSPENDED_SOURCE_RECORD,"{""Code"": ""MIE"", ""Security Name"": ""Mie Pay Limited - FPO"", ""Delisted Date"": ""24-Sep-2026;20260924""}","[{""work_id"": ""B05:3763"", ""source_url"": ""https://www.nsx.com.au/marketdata/delisted-suspended/"", ""table"": ""2"", ""row"": ""320"", ""headers_json"": ""[\""Code\"", \""Security Name\"", \""Delisted Date\""]"", ""cells_json"": ""[\""MIE\"", \""Mie Pay Limited - FPO\"", \""24-Sep-2026;20260924\""]"", ""row_links_json"": ""[\""https://www.nsx.com.au/summary/MIE\""]"", ""content_sha256"": ""ccca31c77abbab701f2ffb8c7d49a699a58a446d1429ee5f829cce9293fcfb78"", ""semantic_status"": ""SOURCE_TABLE_ROW_NOT_AUTOMATICALLY_ENTITY""}]",SOURCE_TABLE_RECORD_NOT_GLOBAL_OR_UNIQUE_COMPANY_VERIFICATION
https://www.nsx.com.au/marketdata/delisted-suspended/,2,321,,MLA,DELISTED_OR_SUSPENDED_SOURCE_RECORD,"{""Code"": ""MLA"", ""Security Name"": ""Murrimboola Financial Services Limited"", ""Delisted Date"": ""14-Jul-2008;20080714""}","[{""work_id"": ""B05:3763"", ""source_url"": ""https://www.nsx.com.au/marketdata/delisted-suspended/"", ""table"": ""2"", ""row"": ""321"", ""headers_json"": ""[\""Code\"", \""Security Name\"", \""Delisted Date\""]"", ""cells_json"": ""[\""MLA\"", \""Murrimboola Financial Services Limited\"", \""14-Jul-2008;20080714\""]"", ""row_links_json"": ""[\""https://www.nsx.com.au/summary/MLA\""]"", ""content_sha256"": ""ccca31c77abbab701f2ffb8c7d49a699a58a446d1429ee5f829cce9293fcfb78"", ""semantic_status"": ""SOURCE_TABLE_ROW_NOT_AUTOMATICALLY_ENTITY""}]",SOURCE_TABLE_RECORD_NOT_GLOBAL_OR_UNIQUE_COMPANY_VERIFICATION
https://www.nsx.com.au/marketdata/delisted-suspended/,2,322,,MLG,DELISTED_OR_SUSPENDED_SOURCE_RECORD,"{""Code"": ""MLG"", ""Security Name"": ""Moralltach Global Plc CDI"", ""Delisted Date"": ""30-Apr-2019;20190430""}","[{""work_id"": ""B05:3763"", ""source_url"": ""https://www.nsx.com.au/marketdata/delisted-suspended/"", ""table"": ""2"", ""row"": ""322"", ""headers_json"": ""[\""Code\"", \""Security Name\"", \""Delisted Date\""]"", ""cells_json"": ""[\""MLG\"", \""Moralltach Global Plc CDI\"", \""30-Apr-2019;20190430\""]"", ""row_links_json"": ""[\""https://www.nsx.com.au/summary/MLG\""]"", ""content_sha256"": ""ccca31c77abbab701f2ffb8c7d49a699a58a446d1429ee5f829cce9293fcfb78"", ""semantic_status"": ""SOURCE_TABLE_ROW_NOT_AUTOMATICALLY_ENTITY""}]",SOURCE_TABLE_RECORD_NOT_GLOBAL_OR_UNIQUE_COMPANY_VERIFICATION
https://www.nsx.com.au/marketdata/delisted-suspended/,2,323,,MMT,DELISTED_OR_SUSPENDED_SOURCE_RECORD,"{""Code"": ""MMT"", ""Security Name"": ""Mt Rommel Mining Limited FPO"", ""Delisted Date"": ""15-Apr-2020;20200415""}","[{""work_id"": ""B05:3763"", ""source_url"": ""https://www.nsx.com.au/marketdata/delisted-suspended/"", ""table"": ""2"", ""row"": ""323"", ""headers_json"": ""[\""Code\"", \""Security Name\"", \""Delisted Date\""]"", ""cells_json"": ""[\""MMT\"", \""Mt Rommel Mining Limited FPO\"", \""15-Apr-2020;20200415\""]"", ""row_links_json"": ""[\""https://www.nsx.com.au/summary/MMT\""]"", ""content_sha256"": ""ccca31c77abbab701f2ffb8c7d49a699a58a446d1429ee5f829cce9293fcfb78"", ""semantic_status"": ""SOURCE_TABLE_ROW_NOT_AUTOMATICALLY_ENTITY""}]",SOURCE_TABLE_RECORD_NOT_GLOBAL_OR_UNIQUE_COMPANY_VERIFICATION
https://www.nsx.com.au/marketdata/delisted-suspended/,2,324,,MMTCA,DELISTED_OR_SUSPENDED_SOURCE_RECORD,"{""Code"": ""MMTCA"", ""Security Name"": ""Mt Rommel Mining Limited Partly Paid"", ""Delisted Date"": ""01-Aug-2006;20060801""}","[{""work_id"": ""B05:3763"", ""source_url"": ""https://www.nsx.com.au/marketdata/delisted-suspended/"", ""table"": ""2"", ""row"": ""324"", ""headers_json"": ""[\""Code\"", \""Security Name\"", \""Delisted Date\""]"", ""cells_json"": ""[\""MMTCA\"", \""Mt Rommel Mining Limited Partly Paid\"", \""01-Aug-2006;20060801\""]"", ""row_links_json"": ""[\""https://www.nsx.com.au/summary/MMTCA\""]"", ""content_sha256"": ""ccca31c77abbab701f2ffb8c7d49a699a58a446d1429ee5f829cce9293fcfb78"", ""semantic_status"": ""SOURCE_TABLE_ROW_NOT_AUTOMATICALLY_ENTITY""}]",SOURCE_TABLE_RECORD_NOT_GLOBAL_OR_UNIQUE_COMPANY_VERIFICATION
https://www.nsx.com.au/marketdata/delisted-suspended/,2,325,,MMTCB,DELISTED_OR_SUSPENDED_SOURCE_RECORD,"{""Code"": ""MMTCB"", ""Security Name"": ""Mount Rommel Mining Limited Partly Paid"", ""Delisted Date"": ""07-Mar-2007;20070307""}","[{""work_id"": ""B05:3763"", ""source_url"": ""https://www.nsx.com.au/marketdata/delisted-suspended/"", ""table"": ""2"", ""row"": ""325"", ""headers_json"": ""[\""Code\"", \""Security Name\"", \""Delisted Date\""]"", ""cells_json"": ""[\""MMTCB\"", \""Mount Rommel Mining Limited Partly Paid\"", \""07-Mar-2007;20070307\""]"", ""row_links_json"": ""[\""https://www.nsx.com.au/summary/MMTCB\""]"", ""content_sha256"": ""ccca31c77abbab701f2ffb8c7d49a699a58a446d1429ee5f829cce9293fcfb78"", ""semantic_status"": ""SOURCE_TABLE_ROW_NOT_AUTOMATICALLY_ENTITY""}]",SOURCE_TABLE_RECORD_NOT_GLOBAL_OR_UNIQUE_COMPANY_VERIFICATION
https://www.nsx.com.au/marketdata/delisted-suspended/,2,326,,MMTCC,DELISTED_OR_SUSPENDED_SOURCE_RECORD,"{""Code"": ""MMTCC"", ""Security Name"": ""Mount Rommel Mining Limited Partly Paid"", ""Delisted Date"": ""31-Aug-2010;20100831""}","[{""work_id"": ""B05:3763"", ""source_url"": ""https://www.nsx.com.au/marketdata/delisted-suspended/"", ""table"": ""2"", ""row"": ""326"", ""headers_json"": ""[\""Code\"", \""Security Name\"", \""Delisted Date\""]"", ""cells_json"": ""[\""MMTCC\"", \""Mount Rommel Mining Limited Partly Paid\"", \""31-Aug-2010;20100831\""]"", ""row_links_json"": ""[\""https://www.nsx.com.au/summary/MMTCC\""]"", ""content_sha256"": ""ccca31c77abbab701f2ffb8c7d49a699a58a446d1429ee5f829cce9293fcfb78"", ""semantic_status"": ""SOURCE_TABLE_ROW_NOT_AUTOMATICALLY_ENTITY""}]",SOURCE_TABLE_RECORD_NOT_GLOBAL_OR_UNIQUE_COMPANY_VERIFICATION
https://www.nsx.com.au/marketdata/delisted-suspended/,2,327,,MMTCD,DELISTED_OR_SUSPENDED_SOURCE_RECORD,"{""Code"": ""MMTCD"", ""Security Name"": ""Mount Rommel Mining Limited Partly Paid $0.03"", ""Delisted Date"": ""15-Apr-2020;20200415""}","[{""work_id"": ""B05:3763"", ""source_url"": ""https://www.nsx.com.au/marketdata/delisted-suspended/"", ""table"": ""2"", ""row"": ""327"", ""headers_json"": ""[\""Code\"", \""Security Name\"", \""Delisted Date\""]"", ""cells_json"": ""[\""MMTCD\"", \""Mount Rommel Mining Limited Partly Paid $0.03\"", \""15-Apr-2020;20200415\""]"", ""row_links_json"": ""[\""https://www.nsx.com.au/summary/MMTCD\""]"", ""content_sha256"": ""ccca31c77abbab701f2ffb8c7d49a699a58a446d1429ee5f829cce9293fcfb78"", ""semantic_status"": ""SOURCE_TABLE_ROW_NOT_AUTOMATICALLY_ENTITY""}]",SOURCE_TABLE_RECORD_NOT_GLOBAL_OR_UNIQUE_COMPANY_VERIFICATION
https://www.nsx.com.au/marketdata/delisted-suspended/,2,328,,MMTO,DELISTED_OR_SUSPENDED_SOURCE_RECORD,"{""Code"": ""MMTO"", ""Security Name"": ""Mt Rommel Mining Limited Opt 28Feb2007"", ""Delisted Date"": ""28-Feb-2007;20070228""}","[{""work_id"": ""B05:3763"", ""source_url"": ""https://www.nsx.com.au/marketdata/delisted-suspended/"", ""table"": ""2"", ""row"": ""328"", ""headers_json"": ""[\""Code\"", \""Security Name\"", \""Delisted Date\""]"", ""cells_json"": ""[\""MMTO\"", \""Mt Rommel Mining Limited Opt 28Feb2007\"", \""28-Feb-2007;20070228\""]"", ""row_links_json"": ""[\""https://www.nsx.com.au/summary/MMTO\""]"", ""content_sha256"": ""ccca31c77abbab701f2ffb8c7d49a699a58a446d1429ee5f829cce9293fcfb78"", ""semantic_status"": ""SOURCE_TABLE_ROW_NOT_AUTOMATICALLY_ENTITY""}]",SOURCE_TABLE_RECORD_NOT_GLOBAL_OR_UNIQUE_COMPANY_VERIFICATION
https://www.nsx.com.au/marketdata/delisted-suspended/,2,329,,MMTOA,DELISTED_OR_SUSPENDED_SOURCE_RECORD,"{""Code"": ""MMTOA"", ""Security Name"": ""Mt Rommel Mining Limited Opt 28Aug2008"", ""Delisted Date"": ""28-Aug-2008;20080828""}","[{""work_id"": ""B05:3763"", ""source_url"": ""https://www.nsx.com.au/marketdata/delisted-suspended/"", ""table"": ""2"", ""row"": ""329"", ""headers_json"": ""[\""Code\"", \""Security Name\"", \""Delisted Date\""]"", ""cells_json"": ""[\""MMTOA\"", \""Mt Rommel Mining Limited Opt 28Aug2008\"", \""28-Aug-2008;20080828\""]"", ""row_links_json"": ""[\""https://www.nsx.com.au/summary/MMTOA\""]"", ""content_sha256"": ""ccca31c77abbab701f2ffb8c7d49a699a58a446d1429ee5f829cce9293fcfb78"", ""semantic_status"": ""SOURCE_TABLE_ROW_NOT_AUTOMATICALLY_ENTITY""}]",SOURCE_TABLE_RECORD_NOT_GLOBAL_OR_UNIQUE_COMPANY_VERIFICATION
https://www.nsx.com.au/marketdata/delisted-suspended/,2,330,,MMTOB,DELISTED_OR_SUSPENDED_SOURCE_RECORD,"{""Code"": ""MMTOB"", ""Security Name"": ""Mt Rommel Mining Limited Opt 31AUG2009"", ""Delisted Date"": ""01-Sep-2009;20090901""}","[{""work_id"": ""B05:3763"", ""source_url"": ""https://www.nsx.com.au/marketdata/delisted-suspended/"", ""table"": ""2"", ""row"": ""330"", ""headers_json"": ""[\""Code\"", \""Security Name\"", \""Delisted Date\""]"", ""cells_json"": ""[\""MMTOB\"", \""Mt Rommel Mining Limited Opt 31AUG2009\"", \""01-Sep-2009;20090901\""]"", ""row_links_json"": ""[\""https://www.nsx.com.au/summary/MMTOB\""]"", ""content_sha256"": ""ccca31c77abbab701f2ffb8c7d49a699a58a446d1429ee5f829cce9293fcfb78"", ""semantic_status"": ""SOURCE_TABLE_ROW_NOT_AUTOMATICALLY_ENTITY""}]",SOURCE_TABLE_RECORD_NOT_GLOBAL_OR_UNIQUE_COMPANY_VERIFICATION
https://www.nsx.com.au/marketdata/delisted-suspended/,2,331,,MMTOC,DELISTED_OR_SUSPENDED_SOURCE_RECORD,"{""Code"": ""MMTOC"", ""Security Name"": ""Mt Rommel Mining Limited Opt 31AUG2010"", ""Delisted Date"": ""05-Feb-2010;20100205""}","[{""work_id"": ""B05:3763"", ""source_url"": ""https://www.nsx.com.au/marketdata/delisted-suspended/"", ""table"": ""2"", ""row"": ""331"", ""headers_json"": ""[\""Code\"", \""Security Name\"", \""Delisted Date\""]"", ""cells_json"": ""[\""MMTOC\"", \""Mt Rommel Mining Limited Opt 31AUG2010\"", \""05-Feb-2010;20100205\""]"", ""row_links_json"": ""[\""https://www.nsx.com.au/summary/MMTOC\""]"", ""content_sha256"": ""ccca31c77abbab701f2ffb8c7d49a699a58a446d1429ee5f829cce9293fcfb78"", ""semantic_status"": ""SOURCE_TABLE_ROW_NOT_AUTOMATICALLY_ENTITY""}]",SOURCE_TABLE_RECORD_NOT_GLOBAL_OR_UNIQUE_COMPANY_VERIFICATION
https://www.nsx.com.au/marketdata/delisted-suspended/,2,332,,MMTPA,DELISTED_OR_SUSPENDED_SOURCE_RECORD,"{""Code"": ""MMTPA"", ""Security Name"": ""Mt Rommel Mining Cum Redem Pref Shares"", ""Delisted Date"": ""15-Apr-2020;20200415""}","[{""work_id"": ""B05:3763"", ""source_url"": ""https://www.nsx.com.au/marketdata/delisted-suspended/"", ""table"": ""2"", ""row"": ""332"", ""headers_json"": ""[\""Code\"", \""Security Name\"", \""Delisted Date\""]"", ""cells_json"": ""[\""MMTPA\"", \""Mt Rommel Mining Cum Redem Pref Shares\"", \""15-Apr-2020;20200415\""]"", ""row_links_json"": ""[\""https://www.nsx.com.au/summary/MMTPA\""]"", ""content_sha256"": ""ccca31c77abbab701f2ffb8c7d49a699a58a446d1429ee5f829cce9293fcfb78"", ""semantic_status"": ""SOURCE_TABLE_ROW_NOT_AUTOMATICALLY_ENTITY""}]",SOURCE_TABLE_RECORD_NOT_GLOBAL_OR_UNIQUE_COMPANY_VERIFICATION
https://www.nsx.com.au/marketdata/delisted-suspended/,2,333,,MRW,DELISTED_OR_SUSPENDED_SOURCE_RECORD,"{""Code"": ""MRW"", ""Security Name"": ""Meridien Resources Limited Ord"", ""Delisted Date"": ""06-Apr-2011;20110406""}","[{""work_id"": ""B05:3763"", ""source_url"": ""https://www.nsx.com.au/marketdata/delisted-suspended/"", ""table"": ""2"", ""row"": ""333"", ""headers_json"": ""[\""Code\"", \""Security Name\"", \""Delisted Date\""]"", ""cells_json"": ""[\""MRW\"", \""Meridien Resources Limited Ord\"", \""06-Apr-2011;20110406\""]"", ""row_links_json"": ""[\""https://www.nsx.com.au/summary/MRW\""]"", ""content_sha256"": ""ccca31c77abbab701f2ffb8c7d49a699a58a446d1429ee5f829cce9293fcfb78"", ""semantic_status"": ""SOURCE_TABLE_ROW_NOT_AUTOMATICALLY_ENTITY""}]",SOURCE_TABLE_RECORD_NOT_GLOBAL_OR_UNIQUE_COMPANY_VERIFICATION
https://www.nsx.com.au/marketdata/delisted-suspended/,2,334,,MVF,DELISTED_OR_SUSPENDED_SOURCE_RECORD,"{""Code"": ""MVF"", ""Security Name"": ""Meander Valley Financial Services Limited"", ""Delisted Date"": ""30-Jun-2010;20100630""}","[{""work_id"": ""B05:3763"", ""source_url"": ""https://www.nsx.com.au/marketdata/delisted-suspended/"", ""table"": ""2"", ""row"": ""334"", ""headers_json"": ""[\""Code\"", \""Security Name\"", \""Delisted Date\""]"", ""cells_json"": ""[\""MVF\"", \""Meander Valley Financial Services Limited\"", \""30-Jun-2010;20100630\""]"", ""row_links_json"": ""[\""https://www.nsx.com.au/summary/MVF\""]"", ""content_sha256"": ""ccca31c77abbab701f2ffb8c7d49a699a58a446d1429ee5f829cce9293fcfb78"", ""semantic_status"": ""SOURCE_TABLE_ROW_NOT_AUTOMATICALLY_ENTITY""}]",SOURCE_TABLE_RECORD_NOT_GLOBAL_OR_UNIQUE_COMPANY_VERIFICATION
https://www.nsx.com.au/marketdata/delisted-suspended/,2,335,,NCS,DELISTED_OR_SUSPENDED_SOURCE_RECORD,"{""Code"": ""NCS"", ""Security Name"": ""NuCannaCo Science Limited FPO"", ""Delisted Date"": ""18-Sep-2018;20180918""}","[{""work_id"": ""B05:3763"", ""source_url"": ""https://www.nsx.com.au/marketdata/delisted-suspended/"", ""table"": ""2"", ""row"": ""335"", ""headers_json"": ""[\""Code\"", \""Security Name\"", \""Delisted Date\""]"", ""cells_json"": ""[\""NCS\"", \""NuCannaCo Science Limited FPO\"", \""18-Sep-2018;20180918\""]"", ""row_links_json"": ""[\""https://www.nsx.com.au/summary/NCS\""]"", ""content_sha256"": ""ccca31c77abbab701f2ffb8c7d49a699a58a446d1429ee5f829cce9293fcfb78"", ""semantic_status"": ""SOURCE_TABLE_ROW_NOT_AUTOMATICALLY_ENTITY""}]",SOURCE_TABLE_RECORD_NOT_GLOBAL_OR_UNIQUE_COMPANY_VERIFICATION
https://www.nsx.com.au/marketdata/delisted-suspended/,2,336,,NFM,DELISTED_OR_SUSPENDED_SOURCE_RECORD,"{""Code"": ""NFM"", ""Security Name"": ""NFM Group Limited CDI"", ""Delisted Date"": ""14-Sep-2020;20200914""}","[{""work_id"": ""B05:3763"", ""source_url"": ""https://www.nsx.com.au/marketdata/delisted-suspended/"", ""table"": ""2"", ""row"": ""336"", ""headers_json"": ""[\""Code\"", \""Security Name\"", \""Delisted Date\""]"", ""cells_json"": ""[\""NFM\"", \""NFM Group Limited CDI\"", \""14-Sep-2020;20200914\""]"", ""row_links_json"": ""[\""https://www.nsx.com.au/summary/NFM\""]"", ""content_sha256"": ""ccca31c77abbab701f2ffb8c7d49a699a58a446d1429ee5f829cce9293fcfb78"", ""semantic_status"": ""SOURCE_TABLE_ROW_NOT_AUTOMATICALLY_ENTITY""}]",SOURCE_TABLE_RECORD_NOT_GLOBAL_OR_UNIQUE_COMPANY_VERIFICATION
https://www.nsx.com.au/marketdata/delisted-suspended/,2,337,,NMD,DELISTED_OR_SUSPENDED_SOURCE_RECORD,"{""Code"": ""NMD"", ""Security Name"": ""New Millenium Publications Limited FPO"", ""Delisted Date"": ""14-Dec-2006;20061214""}","[{""work_id"": ""B05:3763"", ""source_url"": ""https://www.nsx.com.au/marketdata/delisted-suspended/"", ""table"": ""2"", ""row"": ""337"", ""headers_json"": ""[\""Code\"", \""Security Name\"", \""Delisted Date\""]"", ""cells_json"": ""[\""NMD\"", \""New Millenium Publications Limited FPO\"", \""14-Dec-2006;20061214\""]"", ""row_links_json"": ""[\""https://www.nsx.com.au/summary/NMD\""]"", ""content_sha256"": ""ccca31c77abbab701f2ffb8c7d49a699a58a446d1429ee5f829cce9293fcfb78"", ""semantic_status"": ""SOURCE_TABLE_ROW_NOT_AUTOMATICALLY_ENTITY""}]",SOURCE_TABLE_RECORD_NOT_GLOBAL_OR_UNIQUE_COMPANY_VERIFICATION
https://www.nsx.com.au/marketdata/delisted-suspended/,2,338,,NRC,DELISTED_OR_SUSPENDED_SOURCE_RECORD,"{""Code"": ""NRC"", ""Security Name"": ""North Ryde Community Finance Limited FPO"", ""Delisted Date"": ""30-Jun-2018;20180630""}","[{""work_id"": ""B05:3763"", ""source_url"": ""https://www.nsx.com.au/marketdata/delisted-suspended/"", ""table"": ""2"", ""row"": ""338"", ""headers_json"": ""[\""Code\"", \""Security Name\"", \""Delisted Date\""]"", ""cells_json"": ""[\""NRC\"", \""North Ryde Community Finance Limited FPO\"", \""30-Jun-2018;20180630\""]"", ""row_links_json"": ""[\""https://www.nsx.com.au/summary/NRC\""]"", ""content_sha256"": ""ccca31c77abbab701f2ffb8c7d49a699a58a446d1429ee5f829cce9293fcfb78"", ""semantic_status"": ""SOURCE_TABLE_ROW_NOT_AUTOMATICALLY_ENTITY""}]",SOURCE_TABLE_RECORD_NOT_GLOBAL_OR_UNIQUE_COMPANY_VERIFICATION
https://www.nsx.com.au/marketdata/delisted-suspended/,2,339,,NRN,DELISTED_OR_SUSPENDED_SOURCE_RECORD,"{""Code"": ""NRN"", ""Security Name"": ""Nuren Group Limited"", ""Delisted Date"": ""30-Jun-2026;20260630""}","[{""work_id"": ""B05:3763"", ""source_url"": ""https://www.nsx.com.au/marketdata/delisted-suspended/"", ""table"": ""2"", ""row"": ""339"", ""headers_json"": ""[\""Code\"", \""Security Name\"", \""Delisted Date\""]"", ""cells_json"": ""[\""NRN\"", \""Nuren Group Limited\"", \""30-Jun-2026;20260630\""]"", ""row_links_json"": ""[\""https://www.nsx.com.au/summary/NRN\""]"", ""content_sha256"": ""ccca31c77abbab701f2ffb8c7d49a699a58a446d1429ee5f829cce9293fcfb78"", ""semantic_status"": ""SOURCE_TABLE_ROW_NOT_AUTOMATICALLY_ENTITY""}]",SOURCE_TABLE_RECORD_NOT_GLOBAL_OR_UNIQUE_COMPANY_VERIFICATION
https://www.nsx.com.au/marketdata/delisted-suspended/,2,340,,OCT,DELISTED_OR_SUSPENDED_SOURCE_RECORD,"{""Code"": ""OCT"", ""Security Name"": ""Octanex NL FPO"", ""Delisted Date"": ""05-Nov-2009;20091105""}","[{""work_id"": ""B05:3763"", ""source_url"": ""https://www.nsx.com.au/marketdata/delisted-suspended/"", ""table"": ""2"", ""row"": ""340"", ""headers_json"": ""[\""Code\"", \""Security Name\"", \""Delisted Date\""]"", ""cells_json"": ""[\""OCT\"", \""Octanex NL FPO\"", \""05-Nov-2009;20091105\""]"", ""row_links_json"": ""[\""https://www.nsx.com.au/summary/OCT\""]"", ""content_sha256"": ""ccca31c77abbab701f2ffb8c7d49a699a58a446d1429ee5f829cce9293fcfb78"", ""semantic_status"": ""SOURCE_TABLE_ROW_NOT_AUTOMATICALLY_ENTITY""}]",SOURCE_TABLE_RECORD_NOT_GLOBAL_OR_UNIQUE_COMPANY_VERIFICATION
https://www.nsx.com.au/marketdata/delisted-suspended/,2,341,,OCTN,DELISTED_OR_SUSPENDED_SOURCE_RECORD,"{""Code"": ""OCTN"", ""Security Name"": ""Octanex NL Options March 2005"", ""Delisted Date"": ""31-Mar-2005;20050331""}","[{""work_id"": ""B05:3763"", ""source_url"": ""https://www.nsx.com.au/marketdata/delisted-suspended/"", ""table"": ""2"", ""row"": ""341"", ""headers_json"": ""[\""Code\"", \""Security Name\"", \""Delisted Date\""]"", ""cells_json"": ""[\""OCTN\"", \""Octanex NL Options March 2005\"", \""31-Mar-2005;20050331\""]"", ""row_links_json"": ""[\""https://www.nsx.com.au/summary/OCTN\""]"", ""content_sha256"": ""ccca31c77abbab701f2ffb8c7d49a699a58a446d1429ee5f829cce9293fcfb78"", ""semantic_status"": ""SOURCE_TABLE_ROW_NOT_AUTOMATICALLY_ENTITY""}]",SOURCE_TABLE_RECORD_NOT_GLOBAL_OR_UNIQUE_COMPANY_VERIFICATION
https://www.nsx.com.au/marketdata/delisted-suspended/,2,342,,OCTOA,DELISTED_OR_SUSPENDED_SOURCE_RECORD,"{""Code"": ""OCTOA"", ""Security Name"": ""Octanex NL Options March 2005"", ""Delisted Date"": ""22-Mar-2005;20050322""}","[{""work_id"": ""B05:3763"", ""source_url"": ""https://www.nsx.com.au/marketdata/delisted-suspended/"", ""table"": ""2"", ""row"": ""342"", ""headers_json"": ""[\""Code\"", \""Security Name\"", \""Delisted Date\""]"", ""cells_json"": ""[\""OCTOA\"", \""Octanex NL Options March 2005\"", \""22-Mar-2005;20050322\""]"", ""row_links_json"": ""[\""https://www.nsx.com.au/summary/OCTOA\""]"", ""content_sha256"": ""ccca31c77abbab701f2ffb8c7d49a699a58a446d1429ee5f829cce9293fcfb78"", ""semantic_status"": ""SOURCE_TABLE_ROW_NOT_AUTOMATICALLY_ENTITY""}]",SOURCE_TABLE_RECORD_NOT_GLOBAL_OR_UNIQUE_COMPANY_VERIFICATION
https://www.nsx.com.au/marketdata/delisted-suspended/,2,343,,OCTOB,DELISTED_OR_SUSPENDED_SOURCE_RECORD,"{""Code"": ""OCTOB"", ""Security Name"": ""Octanex Options $0.25 30JUN2008"", ""Delisted Date"": ""30-Jun-2008;20080630""}","[{""work_id"": ""B05:3763"", ""source_url"": ""https://www.nsx.com.au/marketdata/delisted-suspended/"", ""table"": ""2"", ""row"": ""343"", ""headers_json"": ""[\""Code\"", \""Security Name\"", \""Delisted Date\""]"", ""cells_json"": ""[\""OCTOB\"", \""Octanex Options $0.25 30JUN2008\"", \""30-Jun-2008;20080630\""]"", ""row_links_json"": ""[\""https://www.nsx.com.au/summary/OCTOB\""]"", ""content_sha256"": ""ccca31c77abbab701f2ffb8c7d49a699a58a446d1429ee5f829cce9293fcfb78"", ""semantic_status"": ""SOURCE_TABLE_ROW_NOT_AUTOMATICALLY_ENTITY""}]",SOURCE_TABLE_RECORD_NOT_GLOBAL_OR_UNIQUE_COMPANY_VERIFICATION
https://www.nsx.com.au/marketdata/delisted-suspended/,2,344,,OCTOF,DELISTED_OR_SUSPENDED_SOURCE_RECORD,"{""Code"": ""OCTOF"", ""Security Name"": ""Octanex Options $0.25 30JUN2009"", ""Delisted Date"": ""05-Nov-2009;20091105""}","[{""work_id"": ""B05:3763"", ""source_url"": ""https://www.nsx.com.au/marketdata/delisted-suspended/"", ""table"": ""2"", ""row"": ""344"", ""headers_json"": ""[\""Code\"", \""Security Name\"", \""Delisted Date\""]"", ""cells_json"": ""[\""OCTOF\"", \""Octanex Options $0.25 30JUN2009\"", \""05-Nov-2009;20091105\""]"", ""row_links_json"": ""[\""https://www.nsx.com.au/summary/OCTOF\""]"", ""content_sha256"": ""ccca31c77abbab701f2ffb8c7d49a699a58a446d1429ee5f829cce9293fcfb78"", ""semantic_status"": ""SOURCE_TABLE_ROW_NOT_AUTOMATICALLY_ENTITY""}]",SOURCE_TABLE_RECORD_NOT_GLOBAL_OR_UNIQUE_COMPANY_VERIFICATION
https://www.nsx.com.au/marketdata/delisted-suspended/,2,345,,OCTOL,DELISTED_OR_SUSPENDED_SOURCE_RECORD,"{""Code"": ""OCTOL"", ""Security Name"": ""Octanex NL Opt $0.25 31DEC2010"", ""Delisted Date"": ""05-Nov-2009;20091105""}","[{""work_id"": ""B05:3763"", ""source_url"": ""https://www.nsx.com.au/marketdata/delisted-suspended/"", ""table"": ""2"", ""row"": ""345"", ""headers_json"": ""[\""Code\"", \""Security Name\"", \""Delisted Date\""]"", ""cells_json"": ""[\""OCTOL\"", \""Octanex NL Opt $0.25 31DEC2010\"", \""05-Nov-2009;20091105\""]"", ""row_links_json"": ""[\""https://www.nsx.com.au/summary/OCTOL\""]"", ""content_sha256"": ""ccca31c77abbab701f2ffb8c7d49a699a58a446d1429ee5f829cce9293fcfb78"", ""semantic_status"": ""SOURCE_TABLE_ROW_NOT_AUTOMATICALLY_ENTITY""}]",SOURCE_TABLE_RECORD_NOT_GLOBAL_OR_UNIQUE_COMPANY_VERIFICATION
https://www.nsx.com.au/marketdata/delisted-suspended/,2,346,,OCX,DELISTED_OR_SUSPENDED_SOURCE_RECORD,"{""Code"": ""OCX"", ""Security Name"": ""OceanEthix International Holdings Limited FPO"", ""Delisted Date"": ""12-May-2015;20150512""}","[{""work_id"": ""B05:3763"", ""source_url"": ""https://www.nsx.com.au/marketdata/delisted-suspended/"", ""table"": ""2"", ""row"": ""346"", ""headers_json"": ""[\""Code\"", \""Security Name\"", \""Delisted Date\""]"", ""cells_json"": ""[\""OCX\"", \""OceanEthix International Holdings Limited FPO\"", \""12-May-2015;20150512\""]"", ""row_links_json"": ""[\""https://www.nsx.com.au/summary/OCX\""]"", ""content_sha256"": ""ccca31c77abbab701f2ffb8c7d49a699a58a446d1429ee5f829cce9293fcfb78"", ""semantic_status"": ""SOURCE_TABLE_ROW_NOT_AUTOMATICALLY_ENTITY""}]",SOURCE_TABLE_RECORD_NOT_GLOBAL_OR_UNIQUE_COMPANY_VERIFICATION
https://www.nsx.com.au/marketdata/delisted-suspended/,2,347,,OLX,DELISTED_OR_SUSPENDED_SOURCE_RECORD,"{""Code"": ""OLX"", ""Security Name"": ""OliveX Holdings Limited - FPO"", ""Delisted Date"": ""21-Jul-2023;20230721""}","[{""work_id"": ""B05:3763"", ""source_url"": ""https://www.nsx.com.au/marketdata/delisted-suspended/"", ""table"": ""2"", ""row"": ""347"", ""headers_json"": ""[\""Code\"", \""Security Name\"", \""Delisted Date\""]"", ""cells_json"": ""[\""OLX\"", \""OliveX Holdings Limited - FPO\"", \""21-Jul-2023;20230721\""]"", ""row_links_json"": ""[\""https://www.nsx.com.au/summary/OLX\""]"", ""content_sha256"": ""ccca31c77abbab701f2ffb8c7d49a699a58a446d1429ee5f829cce9293fcfb78"", ""semantic_status"": ""SOURCE_TABLE_ROW_NOT_AUTOMATICALLY_ENTITY""}]",SOURCE_TABLE_RECORD_NOT_GLOBAL_OR_UNIQUE_COMPANY_VERIFICATION
https://www.nsx.com.au/marketdata/delisted-suspended/,2,348,,PBS,DELISTED_OR_SUSPENDED_SOURCE_RECORD,"{""Code"": ""PBS"", ""Security Name"": ""Pioneer Permanent Building Society Limited FPO"", ""Delisted Date"": ""11-Aug-2006;20060811""}","[{""work_id"": ""B05:3763"", ""source_url"": ""https://www.nsx.com.au/marketdata/delisted-suspended/"", ""table"": ""2"", ""row"": ""348"", ""headers_json"": ""[\""Code\"", \""Security Name\"", \""Delisted Date\""]"", ""cells_json"": ""[\""PBS\"", \""Pioneer Permanent Building Society Limited FPO\"", \""11-Aug-2006;20060811\""]"", ""row_links_json"": ""[\""https://www.nsx.com.au/summary/PBS\""]"", ""content_sha256"": ""ccca31c77abbab701f2ffb8c7d49a699a58a446d1429ee5f829cce9293fcfb78"", ""semantic_status"": ""SOURCE_TABLE_ROW_NOT_AUTOMATICALLY_ENTITY""}]",SOURCE_TABLE_RECORD_NOT_GLOBAL_OR_UNIQUE_COMPANY_VERIFICATION
https://www.nsx.com.au/marketdata/delisted-suspended/,2,349,,PBSHA,DELISTED_OR_SUSPENDED_SOURCE_RECORD,"{""Code"": ""PBSHA"", ""Security Name"": ""Pioneer Income Notes"", ""Delisted Date"": ""11-Aug-2006;20060811""}","[{""work_id"": ""B05:3763"", ""source_url"": ""https://www.nsx.com.au/marketdata/delisted-suspended/"", ""table"": ""2"", ""row"": ""349"", ""headers_json"": ""[\""Code\"", \""Security Name\"", \""Delisted Date\""]"", ""cells_json"": ""[\""PBSHA\"", \""Pioneer Income Notes\"", \""11-Aug-2006;20060811\""]"", ""row_links_json"": ""[\""https://www.nsx.com.au/summary/PBSHA\""]"", ""content_sha256"": ""ccca31c77abbab701f2ffb8c7d49a699a58a446d1429ee5f829cce9293fcfb78"", ""semantic_status"": ""SOURCE_TABLE_ROW_NOT_AUTOMATICALLY_ENTITY""}]",SOURCE_TABLE_RECORD_NOT_GLOBAL_OR_UNIQUE_COMPANY_VERIFICATION
https://www.nsx.com.au/marketdata/delisted-suspended/,2,350,,PBSHB,DELISTED_OR_SUSPENDED_SOURCE_RECORD,"{""Code"": ""PBSHB"", ""Security Name"": ""Pioneer Term Subordinated Capital Notes"", ""Delisted Date"": ""11-Aug-2006;20060811""}","[{""work_id"": ""B05:3763"", ""source_url"": ""https://www.nsx.com.au/marketdata/delisted-suspended/"", ""table"": ""2"", ""row"": ""350"", ""headers_json"": ""[\""Code\"", \""Security Name\"", \""Delisted Date\""]"", ""cells_json"": ""[\""PBSHB\"", \""Pioneer Term Subordinated Capital Notes\"", \""11-Aug-2006;20060811\""]"", ""row_links_json"": ""[\""https://www.nsx.com.au/summary/PBSHB\""]"", ""content_sha256"": ""ccca31c77abbab701f2ffb8c7d49a699a58a446d1429ee5f829cce9293fcfb78"", ""semantic_status"": ""SOURCE_TABLE_ROW_NOT_AUTOMATICALLY_ENTITY""}]",SOURCE_TABLE_RECORD_NOT_GLOBAL_OR_UNIQUE_COMPANY_VERIFICATION
https://www.nsx.com.au/marketdata/delisted-suspended/,2,351,,PEQOA,DELISTED_OR_SUSPENDED_SOURCE_RECORD,"{""Code"": ""PEQOA"", ""Security Name"": ""Pritchard Equity Ltd Ser A Opt 10DEC2008"", ""Delisted Date"": ""10-Dec-2008;20081210""}","[{""work_id"": ""B05:3763"", ""source_url"": ""https://www.nsx.com.au/marketdata/delisted-suspended/"", ""table"": ""2"", ""row"": ""351"", ""headers_json"": ""[\""Code\"", \""Security Name\"", \""Delisted Date\""]"", ""cells_json"": ""[\""PEQOA\"", \""Pritchard Equity Ltd Ser A Opt 10DEC2008\"", \""10-Dec-2008;20081210\""]"", ""row_links_json"": ""[\""https://www.nsx.com.au/summary/PEQOA\""]"", ""content_sha256"": ""ccca31c77abbab701f2ffb8c7d49a699a58a446d1429ee5f829cce9293fcfb78"", ""semantic_status"": ""SOURCE_TABLE_ROW_NOT_AUTOMATICALLY_ENTITY""}]",SOURCE_TABLE_RECORD_NOT_GLOBAL_OR_UNIQUE_COMPANY_VERIFICATION
https://www.nsx.com.au/marketdata/delisted-suspended/,2,352,,PEQOB,DELISTED_OR_SUSPENDED_SOURCE_RECORD,"{""Code"": ""PEQOB"", ""Security Name"": ""Pritchard Equity Ltd Ser B Opt 10DEC2010"", ""Delisted Date"": ""10-Dec-2010;20101210""}","[{""work_id"": ""B05:3763"", ""source_url"": ""https://www.nsx.com.au/marketdata/delisted-suspended/"", ""table"": ""2"", ""row"": ""352"", ""headers_json"": ""[\""Code\"", \""Security Name\"", \""Delisted Date\""]"", ""cells_json"": ""[\""PEQOB\"", \""Pritchard Equity Ltd Ser B Opt 10DEC2010\"", \""10-Dec-2010;20101210\""]"", ""row_links_json"": ""[\""https://www.nsx.com.au/summary/PEQOB\""]"", ""content_sha256"": ""ccca31c77abbab701f2ffb8c7d49a699a58a446d1429ee5f829cce9293fcfb78"", ""semantic_status"": ""SOURCE_TABLE_ROW_NOT_AUTOMATICALLY_ENTITY""}]",SOURCE_TABLE_RECORD_NOT_GLOBAL_OR_UNIQUE_COMPANY_VERIFICATION
https://www.nsx.com.au/marketdata/delisted-suspended/,2,353,,PEQOC,DELISTED_OR_SUSPENDED_SOURCE_RECORD,"{""Code"": ""PEQOC"", ""Security Name"": ""Pritchard Equity Ltd Ser C Opt 10DEC2015"", ""Delisted Date"": ""15-Dec-2015;20151215""}","[{""work_id"": ""B05:3763"", ""source_url"": ""https://www.nsx.com.au/marketdata/delisted-suspended/"", ""table"": ""2"", ""row"": ""353"", ""headers_json"": ""[\""Code\"", \""Security Name\"", \""Delisted Date\""]"", ""cells_json"": ""[\""PEQOC\"", \""Pritchard Equity Ltd Ser C Opt 10DEC2015\"", \""15-Dec-2015;20151215\""]"", ""row_links_json"": ""[\""https://www.nsx.com.au/summary/PEQOC\""]"", ""content_sha256"": ""ccca31c77abbab701f2ffb8c7d49a699a58a446d1429ee5f829cce9293fcfb78"", ""semantic_status"": ""SOURCE_TABLE_ROW_NOT_AUTOMATICALLY_ENTITY""}]",SOURCE_TABLE_RECORD_NOT_GLOBAL_OR_UNIQUE_COMPANY_VERIFICATION
https://www.nsx.com.au/marketdata/delisted-suspended/,2,354,,PEQPA,DELISTED_OR_SUSPENDED_SOURCE_RECORD,"{""Code"": ""PEQPA"", ""Security Name"": ""PEQ Preferred Income Equity Securities"", ""Delisted Date"": ""30-Aug-2013;20130830""}","[{""work_id"": ""B05:3763"", ""source_url"": ""https://www.nsx.com.au/marketdata/delisted-suspended/"", ""table"": ""2"", ""row"": ""354"", ""headers_json"": ""[\""Code\"", \""Security Name\"", \""Delisted Date\""]"", ""cells_json"": ""[\""PEQPA\"", \""PEQ Preferred Income Equity Securities\"", \""30-Aug-2013;20130830\""]"", ""row_links_json"": ""[\""https://www.nsx.com.au/summary/PEQPA\""]"", ""content_sha256"": ""ccca31c77abbab701f2ffb8c7d49a699a58a446d1429ee5f829cce9293fcfb78"", ""semantic_status"": ""SOURCE_TABLE_ROW_NOT_AUTOMATICALLY_ENTITY""}]",SOURCE_TABLE_RECORD_NOT_GLOBAL_OR_UNIQUE_COMPANY_VERIFICATION
https://www.nsx.com.au/marketdata/delisted-suspended/,2,355,,PEQPAN,DELISTED_OR_SUSPENDED_SOURCE_RECORD,"{""Code"": ""PEQPAN"", ""Security Name"": ""PEQ Preferred Income Equity Securities DefDev"", ""Delisted Date"": ""09-Mar-2009;20090309""}","[{""work_id"": ""B05:3763"", ""source_url"": ""https://www.nsx.com.au/marketdata/delisted-suspended/"", ""table"": ""2"", ""row"": ""355"", ""headers_json"": ""[\""Code\"", \""Security Name\"", \""Delisted Date\""]"", ""cells_json"": ""[\""PEQPAN\"", \""PEQ Preferred Income Equity Securities DefDev\"", \""09-Mar-2009;20090309\""]"", ""row_links_json"": ""[\""https://www.nsx.com.au/summary/PEQPAN\""]"", ""content_sha256"": ""ccca31c77abbab701f2ffb8c7d49a699a58a446d1429ee5f829cce9293fcfb78"", ""semantic_status"": ""SOURCE_TABLE_ROW_NOT_AUTOMATICALLY_ENTITY""}]",SOURCE_TABLE_RECORD_NOT_GLOBAL_OR_UNIQUE_COMPANY_VERIFICATION
https://www.nsx.com.au/marketdata/delisted-suspended/,2,356,,PFAA,DELISTED_OR_SUSPENDED_SOURCE_RECORD,"{""Code"": ""PFAA"", ""Security Name"": ""Property Fox No 1 Limited A Class"", ""Delisted Date"": ""09-Apr-2010;20100409""}","[{""work_id"": ""B05:3763"", ""source_url"": ""https://www.nsx.com.au/marketdata/delisted-suspended/"", ""table"": ""2"", ""row"": ""356"", ""headers_json"": ""[\""Code\"", \""Security Name\"", \""Delisted Date\""]"", ""cells_json"": ""[\""PFAA\"", \""Property Fox No 1 Limited A Class\"", \""09-Apr-2010;20100409\""]"", ""row_links_json"": ""[\""https://www.nsx.com.au/summary/PFAA\""]"", ""content_sha256"": ""ccca31c77abbab701f2ffb8c7d49a699a58a446d1429ee5f829cce9293fcfb78"", ""semantic_status"": ""SOURCE_TABLE_ROW_NOT_AUTOMATICALLY_ENTITY""}]",SOURCE_TABLE_RECORD_NOT_GLOBAL_OR_UNIQUE_COMPANY_VERIFICATION
https://www.nsx.com.au/marketdata/delisted-suspended/,2,357,,PFD,DELISTED_OR_SUSPENDED_SOURCE_RECORD,"{""Code"": ""PFD"", ""Security Name"": ""Mirvac PFA Diversified Property Trust"", ""Delisted Date"": ""29-Jul-2009;20090729""}","[{""work_id"": ""B05:3763"", ""source_url"": ""https://www.nsx.com.au/marketdata/delisted-suspended/"", ""table"": ""2"", ""row"": ""357"", ""headers_json"": ""[\""Code\"", \""Security Name\"", \""Delisted Date\""]"", ""cells_json"": ""[\""PFD\"", \""Mirvac PFA Diversified Property Trust\"", \""29-Jul-2009;20090729\""]"", ""row_links_json"": ""[\""https://www.nsx.com.au/summary/PFD\""]"", ""content_sha256"": ""ccca31c77abbab701f2ffb8c7d49a699a58a446d1429ee5f829cce9293fcfb78"", ""semantic_status"": ""SOURCE_TABLE_ROW_NOT_AUTOMATICALLY_ENTITY""}]",SOURCE_TABLE_RECORD_NOT_GLOBAL_OR_UNIQUE_COMPANY_VERIFICATION
https://www.nsx.com.au/marketdata/delisted-suspended/,2,358,,PIN,DELISTED_OR_SUSPENDED_SOURCE_RECORD,"{""Code"": ""PIN"", ""Security Name"": ""Premium Income Fund"", ""Delisted Date"": ""24-Dec-2015;20151224""}","[{""work_id"": ""B05:3763"", ""source_url"": ""https://www.nsx.com.au/marketdata/delisted-suspended/"", ""table"": ""2"", ""row"": ""358"", ""headers_json"": ""[\""Code\"", \""Security Name\"", \""Delisted Date\""]"", ""cells_json"": ""[\""PIN\"", \""Premium Income Fund\"", \""24-Dec-2015;20151224\""]"", ""row_links_json"": ""[\""https://www.nsx.com.au/summary/PIN\""]"", ""content_sha256"": ""ccca31c77abbab701f2ffb8c7d49a699a58a446d1429ee5f829cce9293fcfb78"", ""semantic_status"": ""SOURCE_TABLE_ROW_NOT_AUTOMATICALLY_ENTITY""}]",SOURCE_TABLE_RECORD_NOT_GLOBAL_OR_UNIQUE_COMPANY_VERIFICATION
https://www.nsx.com.au/marketdata/delisted-suspended/,2,359,,PJA,DELISTED_OR_SUSPENDED_SOURCE_RECORD,"{""Code"": ""PJA"", ""Security Name"": ""Pinjarra Community Financial Services Limited"", ""Delisted Date"": ""30-Jun-2016;20160630""}","[{""work_id"": ""B05:3763"", ""source_url"": ""https://www.nsx.com.au/marketdata/delisted-suspended/"", ""table"": ""2"", ""row"": ""359"", ""headers_json"": ""[\""Code\"", \""Security Name\"", \""Delisted Date\""]"", ""cells_json"": ""[\""PJA\"", \""Pinjarra Community Financial Services Limited\"", \""30-Jun-2016;20160630\""]"", ""row_links_json"": ""[\""https://www.nsx.com.au/summary/PJA\""]"", ""content_sha256"": ""ccca31c77abbab701f2ffb8c7d49a699a58a446d1429ee5f829cce9293fcfb78"", ""semantic_status"": ""SOURCE_TABLE_ROW_NOT_AUTOMATICALLY_ENTITY""}]",SOURCE_TABLE_RECORD_NOT_GLOBAL_OR_UNIQUE_COMPANY_VERIFICATION
https://www.nsx.com.au/marketdata/delisted-suspended/,2,360,,PMZ,DELISTED_OR_SUSPENDED_SOURCE_RECORD,"{""Code"": ""PMZ"", ""Security Name"": ""Precious Metals Investments Limited FPO"", ""Delisted Date"": ""15-Sep-2014;20140915""}","[{""work_id"": ""B05:3763"", ""source_url"": ""https://www.nsx.com.au/marketdata/delisted-suspended/"", ""table"": ""2"", ""row"": ""360"", ""headers_json"": ""[\""Code\"", \""Security Name\"", \""Delisted Date\""]"", ""cells_json"": ""[\""PMZ\"", \""Precious Metals Investments Limited FPO\"", \""15-Sep-2014;20140915\""]"", ""row_links_json"": ""[\""https://www.nsx.com.au/summary/PMZ\""]"", ""content_sha256"": ""ccca31c77abbab701f2ffb8c7d49a699a58a446d1429ee5f829cce9293fcfb78"", ""semantic_status"": ""SOURCE_TABLE_ROW_NOT_AUTOMATICALLY_ENTITY""}]",SOURCE_TABLE_RECORD_NOT_GLOBAL_OR_UNIQUE_COMPANY_VERIFICATION
https://www.nsx.com.au/marketdata/delisted-suspended/,2,361,,PNT,DELISTED_OR_SUSPENDED_SOURCE_RECORD,"{""Code"": ""PNT"", ""Security Name"": ""Print Mail Logistics Limited FPO"", ""Delisted Date"": ""18-Jan-2019;20190118""}","[{""work_id"": ""B05:3763"", ""source_url"": ""https://www.nsx.com.au/marketdata/delisted-suspended/"", ""table"": ""2"", ""row"": ""361"", ""headers_json"": ""[\""Code\"", \""Security Name\"", \""Delisted Date\""]"", ""cells_json"": ""[\""PNT\"", \""Print Mail Logistics Limited FPO\"", \""18-Jan-2019;20190118\""]"", ""row_links_json"": ""[\""https://www.nsx.com.au/summary/PNT\""]"", ""content_sha256"": ""ccca31c77abbab701f2ffb8c7d49a699a58a446d1429ee5f829cce9293fcfb78"", ""semantic_status"": ""SOURCE_TABLE_ROW_NOT_AUTOMATICALLY_ENTITY""}]",SOURCE_TABLE_RECORD_NOT_GLOBAL_OR_UNIQUE_COMPANY_VERIFICATION
https://www.nsx.com.au/marketdata/delisted-suspended/,2,362,,PTB,DELISTED_OR_SUSPENDED_SOURCE_RECORD,"{""Code"": ""PTB"", ""Security Name"": ""PTB Group Limited FPO"", ""Delisted Date"": ""15-Dec-2006;20061215""}","[{""work_id"": ""B05:3763"", ""source_url"": ""https://www.nsx.com.au/marketdata/delisted-suspended/"", ""table"": ""2"", ""row"": ""362"", ""headers_json"": ""[\""Code\"", \""Security Name\"", \""Delisted Date\""]"", ""cells_json"": ""[\""PTB\"", \""PTB Group Limited FPO\"", \""15-Dec-2006;20061215\""]"", ""row_links_json"": ""[\""https://www.nsx.com.au/summary/PTB\""]"", ""content_sha256"": ""ccca31c77abbab701f2ffb8c7d49a699a58a446d1429ee5f829cce9293fcfb78"", ""semantic_status"": ""SOURCE_TABLE_ROW_NOT_AUTOMATICALLY_ENTITY""}]",SOURCE_TABLE_RECORD_NOT_GLOBAL_OR_UNIQUE_COMPANY_VERIFICATION
https://www.nsx.com.au/marketdata/delisted-suspended/,2,363,,PYV,DELISTED_OR_SUSPENDED_SOURCE_RECORD,"{""Code"": ""PYV"", ""Security Name"": ""Paynesville & District Financial Services Limited"", ""Delisted Date"": ""31-Jul-2010;20100731""}","[{""work_id"": ""B05:3763"", ""source_url"": ""https://www.nsx.com.au/marketdata/delisted-suspended/"", ""table"": ""2"", ""row"": ""363"", ""headers_json"": ""[\""Code\"", \""Security Name\"", \""Delisted Date\""]"", ""cells_json"": ""[\""PYV\"", \""Paynesville & District Financial Services Limited\"", \""31-Jul-2010;20100731\""]"", ""row_links_json"": ""[\""https://www.nsx.com.au/summary/PYV\""]"", ""content_sha256"": ""ccca31c77abbab701f2ffb8c7d49a699a58a446d1429ee5f829cce9293fcfb78"", ""semantic_status"": ""SOURCE_TABLE_ROW_NOT_AUTOMATICALLY_ENTITY""}]",SOURCE_TABLE_RECORD_NOT_GLOBAL_OR_UNIQUE_COMPANY_VERIFICATION
https://www.nsx.com.au/marketdata/delisted-suspended/,2,364,,QPFG,DELISTED_OR_SUSPENDED_SOURCE_RECORD,"{""Code"": ""QPFG"", ""Security Name"": ""Queensland Pailownia Forests Limited Convertable Notes"", ""Delisted Date"": ""31-Aug-2007;20070831""}","[{""work_id"": ""B05:3763"", ""source_url"": ""https://www.nsx.com.au/marketdata/delisted-suspended/"", ""table"": ""2"", ""row"": ""364"", ""headers_json"": ""[\""Code\"", \""Security Name\"", \""Delisted Date\""]"", ""cells_json"": ""[\""QPFG\"", \""Queensland Pailownia Forests Limited Convertable Notes\"", \""31-Aug-2007;20070831\""]"", ""row_links_json"": ""[\""https://www.nsx.com.au/summary/QPFG\""]"", ""content_sha256"": ""ccca31c77abbab701f2ffb8c7d49a699a58a446d1429ee5f829cce9293fcfb78"", ""semantic_status"": ""SOURCE_TABLE_ROW_NOT_AUTOMATICALLY_ENTITY""}]",SOURCE_TABLE_RECORD_NOT_GLOBAL_OR_UNIQUE_COMPANY_VERIFICATION
https://www.nsx.com.au/marketdata/delisted-suspended/,2,365,,QPTXXI,DELISTED_OR_SUSPENDED_SOURCE_RECORD,"{""Code"": ""QPTXXI"", ""Security Name"": ""Quantum Property Trust No 9"", ""Delisted Date"": ""29-Jan-2008;20080129""}","[{""work_id"": ""B05:3763"", ""source_url"": ""https://www.nsx.com.au/marketdata/delisted-suspended/"", ""table"": ""2"", ""row"": ""365"", ""headers_json"": ""[\""Code\"", \""Security Name\"", \""Delisted Date\""]"", ""cells_json"": ""[\""QPTXXI\"", \""Quantum Property Trust No 9\"", \""29-Jan-2008;20080129\""]"", ""row_links_json"": ""[\""https://www.nsx.com.au/summary/QPTXXI\""]"", ""content_sha256"": ""ccca31c77abbab701f2ffb8c7d49a699a58a446d1429ee5f829cce9293fcfb78"", ""semantic_status"": ""SOURCE_TABLE_ROW_NOT_AUTOMATICALLY_ENTITY""}]",SOURCE_TABLE_RECORD_NOT_GLOBAL_OR_UNIQUE_COMPANY_VERIFICATION
https://www.nsx.com.au/marketdata/delisted-suspended/,2,366,,QPTXXK,DELISTED_OR_SUSPENDED_SOURCE_RECORD,"{""Code"": ""QPTXXK"", ""Security Name"": ""Quantum Property Trust No.11"", ""Delisted Date"": ""29-Jan-2008;20080129""}","[{""work_id"": ""B05:3763"", ""source_url"": ""https://www.nsx.com.au/marketdata/delisted-suspended/"", ""table"": ""2"", ""row"": ""366"", ""headers_json"": ""[\""Code\"", \""Security Name\"", \""Delisted Date\""]"", ""cells_json"": ""[\""QPTXXK\"", \""Quantum Property Trust No.11\"", \""29-Jan-2008;20080129\""]"", ""row_links_json"": ""[\""https://www.nsx.com.au/summary/QPTXXK\""]"", ""content_sha256"": ""ccca31c77abbab701f2ffb8c7d49a699a58a446d1429ee5f829cce9293fcfb78"", ""semantic_status"": ""SOURCE_TABLE_ROW_NOT_AUTOMATICALLY_ENTITY""}]",SOURCE_TABLE_RECORD_NOT_GLOBAL_OR_UNIQUE_COMPANY_VERIFICATION
https://www.nsx.com.au/marketdata/delisted-suspended/,2,367,,QPTXXL,DELISTED_OR_SUSPENDED_SOURCE_RECORD,"{""Code"": ""QPTXXL"", ""Security Name"": ""Quantum Property Trust No 12"", ""Delisted Date"": ""15-Apr-2010;20100415""}","[{""work_id"": ""B05:3763"", ""source_url"": ""https://www.nsx.com.au/marketdata/delisted-suspended/"", ""table"": ""2"", ""row"": ""367"", ""headers_json"": ""[\""Code\"", \""Security Name\"", \""Delisted Date\""]"", ""cells_json"": ""[\""QPTXXL\"", \""Quantum Property Trust No 12\"", \""15-Apr-2010;20100415\""]"", ""row_links_json"": ""[\""https://www.nsx.com.au/summary/QPTXXL\""]"", ""content_sha256"": ""ccca31c77abbab701f2ffb8c7d49a699a58a446d1429ee5f829cce9293fcfb78"", ""semantic_status"": ""SOURCE_TABLE_ROW_NOT_AUTOMATICALLY_ENTITY""}]",SOURCE_TABLE_RECORD_NOT_GLOBAL_OR_UNIQUE_COMPANY_VERIFICATION
https://www.nsx.com.au/marketdata/delisted-suspended/,2,368,,RDL,DELISTED_OR_SUSPENDED_SOURCE_RECORD,"{""Code"": ""RDL"", ""Security Name"": ""Redlands Community Financial Services Ltd"", ""Delisted Date"": ""15-Feb-2013;20130215""}","[{""work_id"": ""B05:3763"", ""source_url"": ""https://www.nsx.com.au/marketdata/delisted-suspended/"", ""table"": ""2"", ""row"": ""368"", ""headers_json"": ""[\""Code\"", \""Security Name\"", \""Delisted Date\""]"", ""cells_json"": ""[\""RDL\"", \""Redlands Community Financial Services Ltd\"", \""15-Feb-2013;20130215\""]"", ""row_links_json"": ""[\""https://www.nsx.com.au/summary/RDL\""]"", ""content_sha256"": ""ccca31c77abbab701f2ffb8c7d49a699a58a446d1429ee5f829cce9293fcfb78"", ""semantic_status"": ""SOURCE_TABLE_ROW_NOT_AUTOMATICALLY_ENTITY""}]",SOURCE_TABLE_RECORD_NOT_GLOBAL_OR_UNIQUE_COMPANY_VERIFICATION
https://www.nsx.com.au/marketdata/delisted-suspended/,2,369,,RFP,DELISTED_OR_SUSPENDED_SOURCE_RECORD,"{""Code"": ""RFP"", ""Security Name"": ""RFM Poultry"", ""Delisted Date"": ""29-May-2020;20200529""}","[{""work_id"": ""B05:3763"", ""source_url"": ""https://www.nsx.com.au/marketdata/delisted-suspended/"", ""table"": ""2"", ""row"": ""369"", ""headers_json"": ""[\""Code\"", \""Security Name\"", \""Delisted Date\""]"", ""cells_json"": ""[\""RFP\"", \""RFM Poultry\"", \""29-May-2020;20200529\""]"", ""row_links_json"": ""[\""https://www.nsx.com.au/summary/RFP\""]"", ""content_sha256"": ""ccca31c77abbab701f2ffb8c7d49a699a58a446d1429ee5f829cce9293fcfb78"", ""semantic_status"": ""SOURCE_TABLE_ROW_NOT_AUTOMATICALLY_ENTITY""}]",SOURCE_TABLE_RECORD_NOT_GLOBAL_OR_UNIQUE_COMPANY_VERIFICATION
https://www.nsx.com.au/marketdata/delisted-suspended/,2,370,,RFT,DELISTED_OR_SUSPENDED_SOURCE_RECORD,"{""Code"": ""RFT"", ""Security Name"": ""Riverdale Property Trust"", ""Delisted Date"": ""28-Jul-2003;20030728""}","[{""work_id"": ""B05:3763"", ""source_url"": ""https://www.nsx.com.au/marketdata/delisted-suspended/"", ""table"": ""2"", ""row"": ""370"", ""headers_json"": ""[\""Code\"", \""Security Name\"", \""Delisted Date\""]"", ""cells_json"": ""[\""RFT\"", \""Riverdale Property Trust\"", \""28-Jul-2003;20030728\""]"", ""row_links_json"": ""[\""https://www.nsx.com.au/summary/RFT\""]"", ""content_sha256"": ""ccca31c77abbab701f2ffb8c7d49a699a58a446d1429ee5f829cce9293fcfb78"", ""semantic_status"": ""SOURCE_TABLE_ROW_NOT_AUTOMATICALLY_ENTITY""}]",SOURCE_TABLE_RECORD_NOT_GLOBAL_OR_UNIQUE_COMPANY_VERIFICATION
https://www.nsx.com.au/marketdata/delisted-suspended/,2,371,,RGWB,DELISTED_OR_SUSPENDED_SOURCE_RECORD,"{""Code"": ""RGWB"", ""Security Name"": ""Ricegrowers Limited B Class restricted voting RESTRICTED"", ""Delisted Date"": ""05-Apr-2019;20190405""}","[{""work_id"": ""B05:3763"", ""source_url"": ""https://www.nsx.com.au/marketdata/delisted-suspended/"", ""table"": ""2"", ""row"": ""371"", ""headers_json"": ""[\""Code\"", \""Security Name\"", \""Delisted Date\""]"", ""cells_json"": ""[\""RGWB\"", \""Ricegrowers Limited B Class restricted voting RESTRICTED\"", \""05-Apr-2019;20190405\""]"", ""row_links_json"": ""[\""https://www.nsx.com.au/summary/RGWB\""]"", ""content_sha256"": ""ccca31c77abbab701f2ffb8c7d49a699a58a446d1429ee5f829cce9293fcfb78"", ""semantic_status"": ""SOURCE_TABLE_ROW_NOT_AUTOMATICALLY_ENTITY""}]",SOURCE_TABLE_RECORD_NOT_GLOBAL_OR_UNIQUE_COMPANY_VERIFICATION
https://www.nsx.com.au/marketdata/delisted-suspended/,2,372,,RKC,DELISTED_OR_SUSPENDED_SOURCE_RECORD,"{""Code"": ""RKC"", ""Security Name"": ""Rockingham Community Financial Services Limited"", ""Delisted Date"": ""30-Mar-2016;20160330""}","[{""work_id"": ""B05:3763"", ""source_url"": ""https://www.nsx.com.au/marketdata/delisted-suspended/"", ""table"": ""2"", ""row"": ""372"", ""headers_json"": ""[\""Code\"", \""Security Name\"", \""Delisted Date\""]"", ""cells_json"": ""[\""RKC\"", \""Rockingham Community Financial Services Limited\"", \""30-Mar-2016;20160330\""]"", ""row_links_json"": ""[\""https://www.nsx.com.au/summary/RKC\""]"", ""content_sha256"": ""ccca31c77abbab701f2ffb8c7d49a699a58a446d1429ee5f829cce9293fcfb78"", ""semantic_status"": ""SOURCE_TABLE_ROW_NOT_AUTOMATICALLY_ENTITY""}]",SOURCE_TABLE_RECORD_NOT_GLOBAL_OR_UNIQUE_COMPANY_VERIFICATION
https://www.nsx.com.au/marketdata/delisted-suspended/,2,373,,ROS,DELISTED_OR_SUSPENDED_SOURCE_RECORD,"{""Code"": ""ROS"", ""Security Name"": ""Rosewood & District Financial Services Limited"", ""Delisted Date"": ""30-Nov-2012;20121130""}","[{""work_id"": ""B05:3763"", ""source_url"": ""https://www.nsx.com.au/marketdata/delisted-suspended/"", ""table"": ""2"", ""row"": ""373"", ""headers_json"": ""[\""Code\"", \""Security Name\"", \""Delisted Date\""]"", ""cells_json"": ""[\""ROS\"", \""Rosewood & District Financial Services Limited\"", \""30-Nov-2012;20121130\""]"", ""row_links_json"": ""[\""https://www.nsx.com.au/summary/ROS\""]"", ""content_sha256"": ""ccca31c77abbab701f2ffb8c7d49a699a58a446d1429ee5f829cce9293fcfb78"", ""semantic_status"": ""SOURCE_TABLE_ROW_NOT_AUTOMATICALLY_ENTITY""}]",SOURCE_TABLE_RECORD_NOT_GLOBAL_OR_UNIQUE_COMPANY_VERIFICATION
https://www.nsx.com.au/marketdata/delisted-suspended/,2,374,,RTN,DELISTED_OR_SUSPENDED_SOURCE_RECORD,"{""Code"": ""RTN"", ""Security Name"": ""Rattoon Holdings Limited FPO"", ""Delisted Date"": ""08-Mar-2011;20110308""}","[{""work_id"": ""B05:3763"", ""source_url"": ""https://www.nsx.com.au/marketdata/delisted-suspended/"", ""table"": ""2"", ""row"": ""374"", ""headers_json"": ""[\""Code\"", \""Security Name\"", \""Delisted Date\""]"", ""cells_json"": ""[\""RTN\"", \""Rattoon Holdings Limited FPO\"", \""08-Mar-2011;20110308\""]"", ""row_links_json"": ""[\""https://www.nsx.com.au/summary/RTN\""]"", ""content_sha256"": ""ccca31c77abbab701f2ffb8c7d49a699a58a446d1429ee5f829cce9293fcfb78"", ""semantic_status"": ""SOURCE_TABLE_ROW_NOT_AUTOMATICALLY_ENTITY""}]",SOURCE_TABLE_RECORD_NOT_GLOBAL_OR_UNIQUE_COMPANY_VERIFICATION
https://www.nsx.com.au/marketdata/delisted-suspended/,2,375,,RVC,DELISTED_OR_SUSPENDED_SOURCE_RECORD,"{""Code"": ""RVC"", ""Security Name"": ""Revetec Holdings Limited FPO"", ""Delisted Date"": ""15-Apr-2010;20100415""}","[{""work_id"": ""B05:3763"", ""source_url"": ""https://www.nsx.com.au/marketdata/delisted-suspended/"", ""table"": ""2"", ""row"": ""375"", ""headers_json"": ""[\""Code\"", \""Security Name\"", \""Delisted Date\""]"", ""cells_json"": ""[\""RVC\"", \""Revetec Holdings Limited FPO\"", \""15-Apr-2010;20100415\""]"", ""row_links_json"": ""[\""https://www.nsx.com.au/summary/RVC\""]"", ""content_sha256"": ""ccca31c77abbab701f2ffb8c7d49a699a58a446d1429ee5f829cce9293fcfb78"", ""semantic_status"": ""SOURCE_TABLE_ROW_NOT_AUTOMATICALLY_ENTITY""}]",SOURCE_TABLE_RECORD_NOT_GLOBAL_OR_UNIQUE_COMPANY_VERIFICATION
https://www.nsx.com.au/marketdata/delisted-suspended/,2,376,,RYE,DELISTED_OR_SUSPENDED_SOURCE_RECORD,"{""Code"": ""RYE"", ""Security Name"": ""Rye & District Community Financial Services Limited FPO"", ""Delisted Date"": ""28-Jun-2019;20190628""}","[{""work_id"": ""B05:3763"", ""source_url"": ""https://www.nsx.com.au/marketdata/delisted-suspended/"", ""table"": ""2"", ""row"": ""376"", ""headers_json"": ""[\""Code\"", \""Security Name\"", \""Delisted Date\""]"", ""cells_json"": ""[\""RYE\"", \""Rye & District Community Financial Services Limited FPO\"", \""28-Jun-2019;20190628\""]"", ""row_links_json"": ""[\""https://www.nsx.com.au/summary/RYE\""]"", ""content_sha256"": ""ccca31c77abbab701f2ffb8c7d49a699a58a446d1429ee5f829cce9293fcfb78"", ""semantic_status"": ""SOURCE_TABLE_ROW_NOT_AUTOMATICALLY_ENTITY""}]",SOURCE_TABLE_RECORD_NOT_GLOBAL_OR_UNIQUE_COMPANY_VERIFICATION
https://www.nsx.com.au/marketdata/delisted-suspended/,2,377,,SAA,DELISTED_OR_SUSPENDED_SOURCE_RECORD,"{""Code"": ""SAA"", ""Security Name"": ""Siwa Group Limited - FPO"", ""Delisted Date"": ""24-Dec-2021;20211224""}","[{""work_id"": ""B05:3763"", ""source_url"": ""https://www.nsx.com.au/marketdata/delisted-suspended/"", ""table"": ""2"", ""row"": ""377"", ""headers_json"": ""[\""Code\"", \""Security Name\"", \""Delisted Date\""]"", ""cells_json"": ""[\""SAA\"", \""Siwa Group Limited - FPO\"", \""24-Dec-2021;20211224\""]"", ""row_links_json"": ""[\""https://www.nsx.com.au/summary/SAA\""]"", ""content_sha256"": ""ccca31c77abbab701f2ffb8c7d49a699a58a446d1429ee5f829cce9293fcfb78"", ""semantic_status"": ""SOURCE_TABLE_ROW_NOT_AUTOMATICALLY_ENTITY""}]",SOURCE_TABLE_RECORD_NOT_GLOBAL_OR_UNIQUE_COMPANY_VERIFICATION
https://www.nsx.com.au/marketdata/delisted-suspended/,2,378,,SBB,DELISTED_OR_SUSPENDED_SOURCE_RECORD,"{""Code"": ""SBB"", ""Security Name"": ""South Burdekin Community Financial Services Limited"", ""Delisted Date"": ""31-Jul-2009;20090731""}","[{""work_id"": ""B05:3763"", ""source_url"": ""https://www.nsx.com.au/marketdata/delisted-suspended/"", ""table"": ""2"", ""row"": ""378"", ""headers_json"": ""[\""Code\"", \""Security Name\"", \""Delisted Date\""]"", ""cells_json"": ""[\""SBB\"", \""South Burdekin Community Financial Services Limited\"", \""31-Jul-2009;20090731\""]"", ""row_links_json"": ""[\""https://www.nsx.com.au/summary/SBB\""]"", ""content_sha256"": ""ccca31c77abbab701f2ffb8c7d49a699a58a446d1429ee5f829cce9293fcfb78"", ""semantic_status"": ""SOURCE_TABLE_ROW_NOT_AUTOMATICALLY_ENTITY""}]",SOURCE_TABLE_RECORD_NOT_GLOBAL_OR_UNIQUE_COMPANY_VERIFICATION
https://www.nsx.com.au/marketdata/delisted-suspended/,2,379,,SDC,DELISTED_OR_SUSPENDED_SOURCE_RECORD,"{""Code"": ""SDC"", ""Security Name"": ""Sarina and District Community Financial Services Limited FPO"", ""Delisted Date"": ""28-Jun-2019;20190628""}","[{""work_id"": ""B05:3763"", ""source_url"": ""https://www.nsx.com.au/marketdata/delisted-suspended/"", ""table"": ""2"", ""row"": ""379"", ""headers_json"": ""[\""Code\"", \""Security Name\"", \""Delisted Date\""]"", ""cells_json"": ""[\""SDC\"", \""Sarina and District Community Financial Services Limited FPO\"", \""28-Jun-2019;20190628\""]"", ""row_links_json"": ""[\""https://www.nsx.com.au/summary/SDC\""]"", ""content_sha256"": ""ccca31c77abbab701f2ffb8c7d49a699a58a446d1429ee5f829cce9293fcfb78"", ""semantic_status"": ""SOURCE_TABLE_ROW_NOT_AUTOMATICALLY_ENTITY""}]",SOURCE_TABLE_RECORD_NOT_GLOBAL_OR_UNIQUE_COMPANY_VERIFICATION
https://www.nsx.com.au/marketdata/delisted-suspended/,2,380,,SDF,DELISTED_OR_SUSPENDED_SOURCE_RECORD,"{""Code"": ""SDF"", ""Security Name"": ""State Development Fund Limited"", ""Delisted Date"": ""16-Feb-2009;20090216""}","[{""work_id"": ""B05:3763"", ""source_url"": ""https://www.nsx.com.au/marketdata/delisted-suspended/"", ""table"": ""2"", ""row"": ""380"", ""headers_json"": ""[\""Code\"", \""Security Name\"", \""Delisted Date\""]"", ""cells_json"": ""[\""SDF\"", \""State Development Fund Limited\"", \""16-Feb-2009;20090216\""]"", ""row_links_json"": ""[\""https://www.nsx.com.au/summary/SDF\""]"", ""content_sha256"": ""ccca31c77abbab701f2ffb8c7d49a699a58a446d1429ee5f829cce9293fcfb78"", ""semantic_status"": ""SOURCE_TABLE_ROW_NOT_AUTOMATICALLY_ENTITY""}]",SOURCE_TABLE_RECORD_NOT_GLOBAL_OR_UNIQUE_COMPANY_VERIFICATION
https://www.nsx.com.au/marketdata/delisted-suspended/,2,381,,SDH,DELISTED_OR_SUSPENDED_SOURCE_RECORD,"{""Code"": ""SDH"", ""Security Name"": ""Sandringham Community Financial Services Ltd"", ""Delisted Date"": ""28-Jun-2019;20190628""}","[{""work_id"": ""B05:3763"", ""source_url"": ""https://www.nsx.com.au/marketdata/delisted-suspended/"", ""table"": ""2"", ""row"": ""381"", ""headers_json"": ""[\""Code\"", \""Security Name\"", \""Delisted Date\""]"", ""cells_json"": ""[\""SDH\"", \""Sandringham Community Financial Services Ltd\"", \""28-Jun-2019;20190628\""]"", ""row_links_json"": ""[\""https://www.nsx.com.au/summary/SDH\""]"", ""content_sha256"": ""ccca31c77abbab701f2ffb8c7d49a699a58a446d1429ee5f829cce9293fcfb78"", ""semantic_status"": ""SOURCE_TABLE_ROW_NOT_AUTOMATICALLY_ENTITY""}]",SOURCE_TABLE_RECORD_NOT_GLOBAL_OR_UNIQUE_COMPANY_VERIFICATION
https://www.nsx.com.au/marketdata/delisted-suspended/,2,382,,SKV,DELISTED_OR_SUSPENDED_SOURCE_RECORD,"{""Code"": ""SKV"", ""Security Name"": ""SHKL Group Limited CDI"", ""Delisted Date"": ""14-Jul-2020;20200714""}","[{""work_id"": ""B05:3763"", ""source_url"": ""https://www.nsx.com.au/marketdata/delisted-suspended/"", ""table"": ""2"", ""row"": ""382"", ""headers_json"": ""[\""Code\"", \""Security Name\"", \""Delisted Date\""]"", ""cells_json"": ""[\""SKV\"", \""SHKL Group Limited CDI\"", \""14-Jul-2020;20200714\""]"", ""row_links_json"": ""[\""https://www.nsx.com.au/summary/SKV\""]"", ""content_sha256"": ""ccca31c77abbab701f2ffb8c7d49a699a58a446d1429ee5f829cce9293fcfb78"", ""semantic_status"": ""SOURCE_TABLE_ROW_NOT_AUTOMATICALLY_ENTITY""}]",SOURCE_TABLE_RECORD_NOT_GLOBAL_OR_UNIQUE_COMPANY_VERIFICATION
https://www.nsx.com.au/marketdata/delisted-suspended/,2,383,,SON,DELISTED_OR_SUSPENDED_SOURCE_RECORD,"{""Code"": ""SON"", ""Security Name"": ""Stacpoole Investments Ltd FPO"", ""Delisted Date"": ""18-Sep-2017;20170918""}","[{""work_id"": ""B05:3763"", ""source_url"": ""https://www.nsx.com.au/marketdata/delisted-suspended/"", ""table"": ""2"", ""row"": ""383"", ""headers_json"": ""[\""Code\"", \""Security Name\"", \""Delisted Date\""]"", ""cells_json"": ""[\""SON\"", \""Stacpoole Investments Ltd FPO\"", \""18-Sep-2017;20170918\""]"", ""row_links_json"": ""[\""https://www.nsx.com.au/summary/SON\""]"", ""content_sha256"": ""ccca31c77abbab701f2ffb8c7d49a699a58a446d1429ee5f829cce9293fcfb78"", ""semantic_status"": ""SOURCE_TABLE_ROW_NOT_AUTOMATICALLY_ENTITY""}]",SOURCE_TABLE_RECORD_NOT_GLOBAL_OR_UNIQUE_COMPANY_VERIFICATION
https://www.nsx.com.au/marketdata/delisted-suspended/,2,384,,SRD,DELISTED_OR_SUSPENDED_SOURCE_RECORD,"{""Code"": ""SRD"", ""Security Name"": ""San Remo District Financial Services Ltd FPO"", ""Delisted Date"": ""30-Jun-2017;20170630""}","[{""work_id"": ""B05:3763"", ""source_url"": ""https://www.nsx.com.au/marketdata/delisted-suspended/"", ""table"": ""2"", ""row"": ""384"", ""headers_json"": ""[\""Code\"", \""Security Name\"", \""Delisted Date\""]"", ""cells_json"": ""[\""SRD\"", \""San Remo District Financial Services Ltd FPO\"", \""30-Jun-2017;20170630\""]"", ""row_links_json"": ""[\""https://www.nsx.com.au/summary/SRD\""]"", ""content_sha256"": ""ccca31c77abbab701f2ffb8c7d49a699a58a446d1429ee5f829cce9293fcfb78"", ""semantic_status"": ""SOURCE_TABLE_ROW_NOT_AUTOMATICALLY_ENTITY""}]",SOURCE_TABLE_RECORD_NOT_GLOBAL_OR_UNIQUE_COMPANY_VERIFICATION
https://www.nsx.com.au/marketdata/delisted-suspended/,2,385,,SWP,DELISTED_OR_SUSPENDED_SOURCE_RECORD,"{""Code"": ""SWP"", ""Security Name"": ""SwepDri Limited FPO"", ""Delisted Date"": ""04-Aug-2005;20050804""}","[{""work_id"": ""B05:3763"", ""source_url"": ""https://www.nsx.com.au/marketdata/delisted-suspended/"", ""table"": ""2"", ""row"": ""385"", ""headers_json"": ""[\""Code\"", \""Security Name\"", \""Delisted Date\""]"", ""cells_json"": ""[\""SWP\"", \""SwepDri Limited FPO\"", \""04-Aug-2005;20050804\""]"", ""row_links_json"": ""[\""https://www.nsx.com.au/summary/SWP\""]"", ""content_sha256"": ""ccca31c77abbab701f2ffb8c7d49a699a58a446d1429ee5f829cce9293fcfb78"", ""semantic_status"": ""SOURCE_TABLE_ROW_NOT_AUTOMATICALLY_ENTITY""}]",SOURCE_TABLE_RECORD_NOT_GLOBAL_OR_UNIQUE_COMPANY_VERIFICATION
https://www.nsx.com.au/marketdata/delisted-suspended/,2,386,,TCB,DELISTED_OR_SUSPENDED_SOURCE_RECORD,"{""Code"": ""TCB"", ""Security Name"": ""Tongala and District Financial Services Limited FPO"", ""Delisted Date"": ""08-Feb-2019;20190208""}","[{""work_id"": ""B05:3763"", ""source_url"": ""https://www.nsx.com.au/marketdata/delisted-suspended/"", ""table"": ""2"", ""row"": ""386"", ""headers_json"": ""[\""Code\"", \""Security Name\"", \""Delisted Date\""]"", ""cells_json"": ""[\""TCB\"", \""Tongala and District Financial Services Limited FPO\"", \""08-Feb-2019;20190208\""]"", ""row_links_json"": ""[\""https://www.nsx.com.au/summary/TCB\""]"", ""content_sha256"": ""ccca31c77abbab701f2ffb8c7d49a699a58a446d1429ee5f829cce9293fcfb78"", ""semantic_status"": ""SOURCE_TABLE_ROW_NOT_AUTOMATICALLY_ENTITY""}]",SOURCE_TABLE_RECORD_NOT_GLOBAL_OR_UNIQUE_COMPANY_VERIFICATION
https://www.nsx.com.au/marketdata/delisted-suspended/,2,387,,TG8,DELISTED_OR_SUSPENDED_SOURCE_RECORD,"{""Code"": ""TG8"", ""Security Name"": ""Saramanis Limited - FPO"", ""Delisted Date"": ""22-Oct-2025;20251022""}","[{""work_id"": ""B05:3763"", ""source_url"": ""https://www.nsx.com.au/marketdata/delisted-suspended/"", ""table"": ""2"", ""row"": ""387"", ""headers_json"": ""[\""Code\"", \""Security Name\"", \""Delisted Date\""]"", ""cells_json"": ""[\""TG8\"", \""Saramanis Limited - FPO\"", \""22-Oct-2025;20251022\""]"", ""row_links_json"": ""[\""https://www.nsx.com.au/summary/TG8\""]"", ""content_sha256"": ""ccca31c77abbab701f2ffb8c7d49a699a58a446d1429ee5f829cce9293fcfb78"", ""semantic_status"": ""SOURCE_TABLE_ROW_NOT_AUTOMATICALLY_ENTITY""}]",SOURCE_TABLE_RECORD_NOT_GLOBAL_OR_UNIQUE_COMPANY_VERIFICATION
https://www.nsx.com.au/marketdata/delisted-suspended/,2,388,,TLZ,DELISTED_OR_SUSPENDED_SOURCE_RECORD,"{""Code"": ""TLZ"", ""Security Name"": ""Telezon Limited FPO"", ""Delisted Date"": ""12-May-2015;20150512""}","[{""work_id"": ""B05:3763"", ""source_url"": ""https://www.nsx.com.au/marketdata/delisted-suspended/"", ""table"": ""2"", ""row"": ""388"", ""headers_json"": ""[\""Code\"", \""Security Name\"", \""Delisted Date\""]"", ""cells_json"": ""[\""TLZ\"", \""Telezon Limited FPO\"", \""12-May-2015;20150512\""]"", ""row_links_json"": ""[\""https://www.nsx.com.au/summary/TLZ\""]"", ""content_sha256"": ""ccca31c77abbab701f2ffb8c7d49a699a58a446d1429ee5f829cce9293fcfb78"", ""semantic_status"": ""SOURCE_TABLE_ROW_NOT_AUTOMATICALLY_ENTITY""}]",SOURCE_TABLE_RECORD_NOT_GLOBAL_OR_UNIQUE_COMPANY_VERIFICATION
https://www.nsx.com.au/marketdata/delisted-suspended/,2,389,,TLZOB,DELISTED_OR_SUSPENDED_SOURCE_RECORD,"{""Code"": ""TLZOB"", ""Security Name"": ""Telezon Limited Opts $0.20 Exp 14 June 2016"", ""Delisted Date"": ""12-May-2015;20150512""}","[{""work_id"": ""B05:3763"", ""source_url"": ""https://www.nsx.com.au/marketdata/delisted-suspended/"", ""table"": ""2"", ""row"": ""389"", ""headers_json"": ""[\""Code\"", \""Security Name\"", \""Delisted Date\""]"", ""cells_json"": ""[\""TLZOB\"", \""Telezon Limited Opts $0.20 Exp 14 June 2016\"", \""12-May-2015;20150512\""]"", ""row_links_json"": ""[\""https://www.nsx.com.au/summary/TLZOB\""]"", ""content_sha256"": ""ccca31c77abbab701f2ffb8c7d49a699a58a446d1429ee5f829cce9293fcfb78"", ""semantic_status"": ""SOURCE_TABLE_ROW_NOT_AUTOMATICALLY_ENTITY""}]",SOURCE_TABLE_RECORD_NOT_GLOBAL_OR_UNIQUE_COMPANY_VERIFICATION
https://www.nsx.com.au/marketdata/delisted-suspended/,2,390,,TMH,DELISTED_OR_SUSPENDED_SOURCE_RECORD,"{""Code"": ""TMH"", ""Security Name"": ""Timah Resources Limited FPO"", ""Delisted Date"": ""15-Sep-2015;20150915""}","[{""work_id"": ""B05:3763"", ""source_url"": ""https://www.nsx.com.au/marketdata/delisted-suspended/"", ""table"": ""2"", ""row"": ""390"", ""headers_json"": ""[\""Code\"", \""Security Name\"", \""Delisted Date\""]"", ""cells_json"": ""[\""TMH\"", \""Timah Resources Limited FPO\"", \""15-Sep-2015;20150915\""]"", ""row_links_json"": ""[\""https://www.nsx.com.au/summary/TMH\""]"", ""content_sha256"": ""ccca31c77abbab701f2ffb8c7d49a699a58a446d1429ee5f829cce9293fcfb78"", ""semantic_status"": ""SOURCE_TABLE_ROW_NOT_AUTOMATICALLY_ENTITY""}]",SOURCE_TABLE_RECORD_NOT_GLOBAL_OR_UNIQUE_COMPANY_VERIFICATION
https://www.nsx.com.au/marketdata/delisted-suspended/,2,391,,TOO,DELISTED_OR_SUSPENDED_SOURCE_RECORD,"{""Code"": ""TOO"", ""Security Name"": ""Toodyay & Districts Community Financial Services Limited"", ""Delisted Date"": ""30-Jun-2011;20110630""}","[{""work_id"": ""B05:3763"", ""source_url"": ""https://www.nsx.com.au/marketdata/delisted-suspended/"", ""table"": ""2"", ""row"": ""391"", ""headers_json"": ""[\""Code\"", \""Security Name\"", \""Delisted Date\""]"", ""cells_json"": ""[\""TOO\"", \""Toodyay & Districts Community Financial Services Limited\"", \""30-Jun-2011;20110630\""]"", ""row_links_json"": ""[\""https://www.nsx.com.au/summary/TOO\""]"", ""content_sha256"": ""ccca31c77abbab701f2ffb8c7d49a699a58a446d1429ee5f829cce9293fcfb78"", ""semantic_status"": ""SOURCE_TABLE_ROW_NOT_AUTOMATICALLY_ENTITY""}]",SOURCE_TABLE_RECORD_NOT_GLOBAL_OR_UNIQUE_COMPANY_VERIFICATION
https://www.nsx.com.au/marketdata/delisted-suspended/,2,392,,TUG,DELISTED_OR_SUSPENDED_SOURCE_RECORD,"{""Code"": ""TUG"", ""Security Name"": ""Tuggeranong Valley Financial Services Limited"", ""Delisted Date"": ""07-Nov-2008;20081107""}","[{""work_id"": ""B05:3763"", ""source_url"": ""https://www.nsx.com.au/marketdata/delisted-suspended/"", ""table"": ""2"", ""row"": ""392"", ""headers_json"": ""[\""Code\"", \""Security Name\"", \""Delisted Date\""]"", ""cells_json"": ""[\""TUG\"", \""Tuggeranong Valley Financial Services Limited\"", \""07-Nov-2008;20081107\""]"", ""row_links_json"": ""[\""https://www.nsx.com.au/summary/TUG\""]"", ""content_sha256"": ""ccca31c77abbab701f2ffb8c7d49a699a58a446d1429ee5f829cce9293fcfb78"", ""semantic_status"": ""SOURCE_TABLE_ROW_NOT_AUTOMATICALLY_ENTITY""}]",SOURCE_TABLE_RECORD_NOT_GLOBAL_OR_UNIQUE_COMPANY_VERIFICATION
https://www.nsx.com.au/marketdata/delisted-suspended/,2,393,,UCE,DELISTED_OR_SUSPENDED_SOURCE_RECORD,"{""Code"": ""UCE"", ""Security Name"": ""Upper Yarra Community Enterprises Limited"", ""Delisted Date"": ""30-Jun-2009;20090630""}","[{""work_id"": ""B05:3763"", ""source_url"": ""https://www.nsx.com.au/marketdata/delisted-suspended/"", ""table"": ""2"", ""row"": ""393"", ""headers_json"": ""[\""Code\"", \""Security Name\"", \""Delisted Date\""]"", ""cells_json"": ""[\""UCE\"", \""Upper Yarra Community Enterprises Limited\"", \""30-Jun-2009;20090630\""]"", ""row_links_json"": ""[\""https://www.nsx.com.au/summary/UCE\""]"", ""content_sha256"": ""ccca31c77abbab701f2ffb8c7d49a699a58a446d1429ee5f829cce9293fcfb78"", ""semantic_status"": ""SOURCE_TABLE_ROW_NOT_AUTOMATICALLY_ENTITY""}]",SOURCE_TABLE_RECORD_NOT_GLOBAL_OR_UNIQUE_COMPANY_VERIFICATION
https://www.nsx.com.au/marketdata/delisted-suspended/,2,394,,UPE,DELISTED_OR_SUSPENDED_SOURCE_RECORD,"{""Code"": ""UPE"", ""Security Name"": ""Ultimate Power and Energy Ltd FPO"", ""Delisted Date"": ""14-Mar-2016;20160314""}","[{""work_id"": ""B05:3763"", ""source_url"": ""https://www.nsx.com.au/marketdata/delisted-suspended/"", ""table"": ""2"", ""row"": ""394"", ""headers_json"": ""[\""Code\"", \""Security Name\"", \""Delisted Date\""]"", ""cells_json"": ""[\""UPE\"", \""Ultimate Power and Energy Ltd FPO\"", \""14-Mar-2016;20160314\""]"", ""row_links_json"": ""[\""https://www.nsx.com.au/summary/UPE\""]"", ""content_sha256"": ""ccca31c77abbab701f2ffb8c7d49a699a58a446d1429ee5f829cce9293fcfb78"", ""semantic_status"": ""SOURCE_TABLE_ROW_NOT_AUTOMATICALLY_ENTITY""}]",SOURCE_TABLE_RECORD_NOT_GLOBAL_OR_UNIQUE_COMPANY_VERIFICATION
https://www.nsx.com.au/marketdata/delisted-suspended/,2,395,,URF,DELISTED_OR_SUSPENDED_SOURCE_RECORD,"{""Code"": ""URF"", ""Security Name"": ""US Masters Residential Property Fund"", ""Delisted Date"": ""30-Jun-2012;20120630""}","[{""work_id"": ""B05:3763"", ""source_url"": ""https://www.nsx.com.au/marketdata/delisted-suspended/"", ""table"": ""2"", ""row"": ""395"", ""headers_json"": ""[\""Code\"", \""Security Name\"", \""Delisted Date\""]"", ""cells_json"": ""[\""URF\"", \""US Masters Residential Property Fund\"", \""30-Jun-2012;20120630\""]"", ""row_links_json"": ""[\""https://www.nsx.com.au/summary/URF\""]"", ""content_sha256"": ""ccca31c77abbab701f2ffb8c7d49a699a58a446d1429ee5f829cce9293fcfb78"", ""semantic_status"": ""SOURCE_TABLE_ROW_NOT_AUTOMATICALLY_ENTITY""}]",SOURCE_TABLE_RECORD_NOT_GLOBAL_OR_UNIQUE_COMPANY_VERIFICATION
https://www.nsx.com.au/marketdata/delisted-suspended/,2,396,,VAX,DELISTED_OR_SUSPENDED_SOURCE_RECORD,"{""Code"": ""VAX"", ""Security Name"": ""VentureAxess Group Limited FPO"", ""Delisted Date"": ""16-Sep-2013;20130916""}","[{""work_id"": ""B05:3763"", ""source_url"": ""https://www.nsx.com.au/marketdata/delisted-suspended/"", ""table"": ""2"", ""row"": ""396"", ""headers_json"": ""[\""Code\"", \""Security Name\"", \""Delisted Date\""]"", ""cells_json"": ""[\""VAX\"", \""VentureAxess Group Limited FPO\"", \""16-Sep-2013;20130916\""]"", ""row_links_json"": ""[\""https://www.nsx.com.au/summary/VAX\""]"", ""content_sha256"": ""ccca31c77abbab701f2ffb8c7d49a699a58a446d1429ee5f829cce9293fcfb78"", ""semantic_status"": ""SOURCE_TABLE_ROW_NOT_AUTOMATICALLY_ENTITY""}]",SOURCE_TABLE_RECORD_NOT_GLOBAL_OR_UNIQUE_COMPANY_VERIFICATION
https://www.nsx.com.au/marketdata/delisted-suspended/,2,397,,VAXO,DELISTED_OR_SUSPENDED_SOURCE_RECORD,"{""Code"": ""VAXO"", ""Security Name"": ""VentureAxess Group Limited Opt 31Dec2009"", ""Delisted Date"": ""31-Dec-2009;20091231""}","[{""work_id"": ""B05:3763"", ""source_url"": ""https://www.nsx.com.au/marketdata/delisted-suspended/"", ""table"": ""2"", ""row"": ""397"", ""headers_json"": ""[\""Code\"", \""Security Name\"", \""Delisted Date\""]"", ""cells_json"": ""[\""VAXO\"", \""VentureAxess Group Limited Opt 31Dec2009\"", \""31-Dec-2009;20091231\""]"", ""row_links_json"": ""[\""https://www.nsx.com.au/summary/VAXO\""]"", ""content_sha256"": ""ccca31c77abbab701f2ffb8c7d49a699a58a446d1429ee5f829cce9293fcfb78"", ""semantic_status"": ""SOURCE_TABLE_ROW_NOT_AUTOMATICALLY_ENTITY""}]",SOURCE_TABLE_RECORD_NOT_GLOBAL_OR_UNIQUE_COMPANY_VERIFICATION
https://www.nsx.com.au/marketdata/delisted-suspended/,2,398,,VAXOA,DELISTED_OR_SUSPENDED_SOURCE_RECORD,"{""Code"": ""VAXOA"", ""Security Name"": ""VentureAxess Group Limited Opt 30 Aug 2012"", ""Delisted Date"": ""30-Aug-2012;20120830""}","[{""work_id"": ""B05:3763"", ""source_url"": ""https://www.nsx.com.au/marketdata/delisted-suspended/"", ""table"": ""2"", ""row"": ""398"", ""headers_json"": ""[\""Code\"", \""Security Name\"", \""Delisted Date\""]"", ""cells_json"": ""[\""VAXOA\"", \""VentureAxess Group Limited Opt 30 Aug 2012\"", \""30-Aug-2012;20120830\""]"", ""row_links_json"": ""[\""https://www.nsx.com.au/summary/VAXOA\""]"", ""content_sha256"": ""ccca31c77abbab701f2ffb8c7d49a699a58a446d1429ee5f829cce9293fcfb78"", ""semantic_status"": ""SOURCE_TABLE_ROW_NOT_AUTOMATICALLY_ENTITY""}]",SOURCE_TABLE_RECORD_NOT_GLOBAL_OR_UNIQUE_COMPANY_VERIFICATION
https://www.nsx.com.au/marketdata/delisted-suspended/,2,399,,VAXOB,DELISTED_OR_SUSPENDED_SOURCE_RECORD,"{""Code"": ""VAXOB"", ""Security Name"": ""VentureAxess Group Limited Opt 30 Aug 2014"", ""Delisted Date"": ""16-Sep-2013;20130916""}","[{""work_id"": ""B05:3763"", ""source_url"": ""https://www.nsx.com.au/marketdata/delisted-suspended/"", ""table"": ""2"", ""row"": ""399"", ""headers_json"": ""[\""Code\"", \""Security Name\"", \""Delisted Date\""]"", ""cells_json"": ""[\""VAXOB\"", \""VentureAxess Group Limited Opt 30 Aug 2014\"", \""16-Sep-2013;20130916\""]"", ""row_links_json"": ""[\""https://www.nsx.com.au/summary/VAXOB\""]"", ""content_sha256"": ""ccca31c77abbab701f2ffb8c7d49a699a58a446d1429ee5f829cce9293fcfb78"", ""semantic_status"": ""SOURCE_TABLE_ROW_NOT_AUTOMATICALLY_ENTITY""}]",SOURCE_TABLE_RECORD_NOT_GLOBAL_OR_UNIQUE_COMPANY_VERIFICATION
https://www.nsx.com.au/marketdata/delisted-suspended/,2,400,,VAXOC,DELISTED_OR_SUSPENDED_SOURCE_RECORD,"{""Code"": ""VAXOC"", ""Security Name"": ""VentureAxess Group Limited Opt 30 Aug 2014"", ""Delisted Date"": ""16-Sep-2013;20130916""}","[{""work_id"": ""B05:3763"", ""source_url"": ""https://www.nsx.com.au/marketdata/delisted-suspended/"", ""table"": ""2"", ""row"": ""400"", ""headers_json"": ""[\""Code\"", \""Security Name\"", \""Delisted Date\""]"", ""cells_json"": ""[\""VAXOC\"", \""VentureAxess Group Limited Opt 30 Aug 2014\"", \""16-Sep-2013;20130916\""]"", ""row_links_json"": ""[\""https://www.nsx.com.au/summary/VAXOC\""]"", ""content_sha256"": ""ccca31c77abbab701f2ffb8c7d49a699a58a446d1429ee5f829cce9293fcfb78"", ""semantic_status"": ""SOURCE_TABLE_ROW_NOT_AUTOMATICALLY_ENTITY""}]",SOURCE_TABLE_RECORD_NOT_GLOBAL_OR_UNIQUE_COMPANY_VERIFICATION
https://www.nsx.com.au/marketdata/delisted-suspended/,2,401,,VLE,DELISTED_OR_SUSPENDED_SOURCE_RECORD,"{""Code"": ""VLE"", ""Security Name"": ""Victorian Livestock Exchange"", ""Delisted Date"": ""01-May-2008;20080501""}","[{""work_id"": ""B05:3763"", ""source_url"": ""https://www.nsx.com.au/marketdata/delisted-suspended/"", ""table"": ""2"", ""row"": ""401"", ""headers_json"": ""[\""Code\"", \""Security Name\"", \""Delisted Date\""]"", ""cells_json"": ""[\""VLE\"", \""Victorian Livestock Exchange\"", \""01-May-2008;20080501\""]"", ""row_links_json"": ""[\""https://www.nsx.com.au/summary/VLE\""]"", ""content_sha256"": ""ccca31c77abbab701f2ffb8c7d49a699a58a446d1429ee5f829cce9293fcfb78"", ""semantic_status"": ""SOURCE_TABLE_ROW_NOT_AUTOMATICALLY_ENTITY""}]",SOURCE_TABLE_RECORD_NOT_GLOBAL_OR_UNIQUE_COMPANY_VERIFICATION
https://www.nsx.com.au/marketdata/delisted-suspended/,2,402,,VLY,DELISTED_OR_SUSPENDED_SOURCE_RECORD,"{""Code"": ""VLY"", ""Security Name"": ""Valley Community Financial Services Limited"", ""Delisted Date"": ""30-Jun-2016;20160630""}","[{""work_id"": ""B05:3763"", ""source_url"": ""https://www.nsx.com.au/marketdata/delisted-suspended/"", ""table"": ""2"", ""row"": ""402"", ""headers_json"": ""[\""Code\"", \""Security Name\"", \""Delisted Date\""]"", ""cells_json"": ""[\""VLY\"", \""Valley Community Financial Services Limited\"", \""30-Jun-2016;20160630\""]"", ""row_links_json"": ""[\""https://www.nsx.com.au/summary/VLY\""]"", ""content_sha256"": ""ccca31c77abbab701f2ffb8c7d49a699a58a446d1429ee5f829cce9293fcfb78"", ""semantic_status"": ""SOURCE_TABLE_ROW_NOT_AUTOMATICALLY_ENTITY""}]",SOURCE_TABLE_RECORD_NOT_GLOBAL_OR_UNIQUE_COMPANY_VERIFICATION
https://www.nsx.com.au/marketdata/delisted-suspended/,2,403,,VTL,DELISTED_OR_SUSPENDED_SOURCE_RECORD,"{""Code"": ""VTL"", ""Security Name"": ""Invictus Therapeutics Limited - FPO"", ""Delisted Date"": ""04-Sep-2026;20260904""}","[{""work_id"": ""B05:3763"", ""source_url"": ""https://www.nsx.com.au/marketdata/delisted-suspended/"", ""table"": ""2"", ""row"": ""403"", ""headers_json"": ""[\""Code\"", \""Security Name\"", \""Delisted Date\""]"", ""cells_json"": ""[\""VTL\"", \""Invictus Therapeutics Limited - FPO\"", \""04-Sep-2026;20260904\""]"", ""row_links_json"": ""[\""https://www.nsx.com.au/summary/VTL\""]"", ""content_sha256"": ""ccca31c77abbab701f2ffb8c7d49a699a58a446d1429ee5f829cce9293fcfb78"", ""semantic_status"": ""SOURCE_TABLE_ROW_NOT_AUTOMATICALLY_ENTITY""}]",SOURCE_TABLE_RECORD_NOT_GLOBAL_OR_UNIQUE_COMPANY_VERIFICATION
https://www.nsx.com.au/marketdata/delisted-suspended/,2,404,,VTN,DELISTED_OR_SUSPENDED_SOURCE_RECORD,"{""Code"": ""VTN"", ""Security Name"": ""Veratin Limited - FPO"", ""Delisted Date"": ""16-Sep-2024;20240916""}","[{""work_id"": ""B05:3763"", ""source_url"": ""https://www.nsx.com.au/marketdata/delisted-suspended/"", ""table"": ""2"", ""row"": ""404"", ""headers_json"": ""[\""Code\"", \""Security Name\"", \""Delisted Date\""]"", ""cells_json"": ""[\""VTN\"", \""Veratin Limited - FPO\"", \""16-Sep-2024;20240916\""]"", ""row_links_json"": ""[\""https://www.nsx.com.au/summary/VTN\""]"", ""content_sha256"": ""ccca31c77abbab701f2ffb8c7d49a699a58a446d1429ee5f829cce9293fcfb78"", ""semantic_status"": ""SOURCE_TABLE_ROW_NOT_AUTOMATICALLY_ENTITY""}]",SOURCE_TABLE_RECORD_NOT_GLOBAL_OR_UNIQUE_COMPANY_VERIFICATION
https://www.nsx.com.au/marketdata/delisted-suspended/,2,405,,WTA,DELISTED_OR_SUSPENDED_SOURCE_RECORD,"{""Code"": ""WTA"", ""Security Name"": ""Wantirna Community Financial Services Limited"", ""Delisted Date"": ""30-Jun-2012;20120630""}","[{""work_id"": ""B05:3763"", ""source_url"": ""https://www.nsx.com.au/marketdata/delisted-suspended/"", ""table"": ""2"", ""row"": ""405"", ""headers_json"": ""[\""Code\"", \""Security Name\"", \""Delisted Date\""]"", ""cells_json"": ""[\""WTA\"", \""Wantirna Community Financial Services Limited\"", \""30-Jun-2012;20120630\""]"", ""row_links_json"": ""[\""https://www.nsx.com.au/summary/WTA\""]"", ""content_sha256"": ""ccca31c77abbab701f2ffb8c7d49a699a58a446d1429ee5f829cce9293fcfb78"", ""semantic_status"": ""SOURCE_TABLE_ROW_NOT_AUTOMATICALLY_ENTITY""}]",SOURCE_TABLE_RECORD_NOT_GLOBAL_OR_UNIQUE_COMPANY_VERIFICATION
https://www.nsx.com.au/marketdata/delisted-suspended/,2,406,,YAR,DELISTED_OR_SUSPENDED_SOURCE_RECORD,"{""Code"": ""YAR"", ""Security Name"": ""South Burnett Community Enterprises Limited FPO"", ""Delisted Date"": ""30-Jun-2021;20210630""}","[{""work_id"": ""B05:3763"", ""source_url"": ""https://www.nsx.com.au/marketdata/delisted-suspended/"", ""table"": ""2"", ""row"": ""406"", ""headers_json"": ""[\""Code\"", \""Security Name\"", \""Delisted Date\""]"", ""cells_json"": ""[\""YAR\"", \""South Burnett Community Enterprises Limited FPO\"", \""30-Jun-2021;20210630\""]"", ""row_links_json"": ""[\""https://www.nsx.com.au/summary/YAR\""]"", ""content_sha256"": ""ccca31c77abbab701f2ffb8c7d49a699a58a446d1429ee5f829cce9293fcfb78"", ""semantic_status"": ""SOURCE_TABLE_ROW_NOT_AUTOMATICALLY_ENTITY""}]",SOURCE_TABLE_RECORD_NOT_GLOBAL_OR_UNIQUE_COMPANY_VERIFICATION
https://www.nsx.com.au/marketdata/delisted-suspended/,2,407,,ZKP,DELISTED_OR_SUSPENDED_SOURCE_RECORD,"{""Code"": ""ZKP"", ""Security Name"": ""ZKP Group Limited FPO"", ""Delisted Date"": ""28-Aug-2018;20180828""}","[{""work_id"": ""B05:3763"", ""source_url"": ""https://www.nsx.com.au/marketdata/delisted-suspended/"", ""table"": ""2"", ""row"": ""407"", ""headers_json"": ""[\""Code\"", \""Security Name\"", \""Delisted Date\""]"", ""cells_json"": ""[\""ZKP\"", \""ZKP Group Limited FPO\"", \""28-Aug-2018;20180828\""]"", ""row_links_json"": ""[\""https://www.nsx.com.au/summary/ZKP\""]"", ""content_sha256"": ""ccca31c77abbab701f2ffb8c7d49a699a58a446d1429ee5f829cce9293fcfb78"", ""semantic_status"": ""SOURCE_TABLE_ROW_NOT_AUTOMATICALLY_ENTITY""}]",SOURCE_TABLE_RECORD_NOT_GLOBAL_OR_UNIQUE_COMPANY_VERIFICATION
https://www.nsx.com.au/marketdata/delisted-suspended/,2,408,,ZOD,DELISTED_OR_SUSPENDED_SOURCE_RECORD,"{""Code"": ""ZOD"", ""Security Name"": ""Zodiac Capital Limited FPO"", ""Delisted Date"": ""31-Dec-2011;20111231""}","[{""work_id"": ""B05:3763"", ""source_url"": ""https://www.nsx.com.au/marketdata/delisted-suspended/"", ""table"": ""2"", ""row"": ""408"", ""headers_json"": ""[\""Code\"", \""Security Name\"", \""Delisted Date\""]"", ""cells_json"": ""[\""ZOD\"", \""Zodiac Capital Limited FPO\"", \""31-Dec-2011;20111231\""]"", ""row_links_json"": ""[\""https://www.nsx.com.au/summary/ZOD\""]"", ""content_sha256"": ""ccca31c77abbab701f2ffb8c7d49a699a58a446d1429ee5f829cce9293fcfb78"", ""semantic_status"": ""SOURCE_TABLE_ROW_NOT_AUTOMATICALLY_ENTITY""}]",SOURCE_TABLE_RECORD_NOT_GLOBAL_OR_UNIQUE_COMPANY_VERIFICATION
https://www.nsx.com.au/marketdata/delisted-suspended/,2,409,,ZODO,DELISTED_OR_SUSPENDED_SOURCE_RECORD,"{""Code"": ""ZODO"", ""Security Name"": ""Zodiac Capital Limited Opt 31DEC2012"", ""Delisted Date"": ""31-Dec-2011;20111231""}","[{""work_id"": ""B05:3763"", ""source_url"": ""https://www.nsx.com.au/marketdata/delisted-suspended/"", ""table"": ""2"", ""row"": ""409"", ""headers_json"": ""[\""Code\"", \""Security Name\"", \""Delisted Date\""]"", ""cells_json"": ""[\""ZODO\"", \""Zodiac Capital Limited Opt 31DEC2012\"", \""31-Dec-2011;20111231\""]"", ""row_links_json"": ""[\""https://www.nsx.com.au/summary/ZODO\""]"", ""content_sha256"": ""ccca31c77abbab701f2ffb8c7d49a699a58a446d1429ee5f829cce9293fcfb78"", ""semantic_status"": ""SOURCE_TABLE_ROW_NOT_AUTOMATICALLY_ENTITY""}]",SOURCE_TABLE_RECORD_NOT_GLOBAL_OR_UNIQUE_COMPANY_VERIFICATION
