asset_id,path,sha256,bytes,role,family,canonical_target,business_value_proposal,definition_status
20e05cda961b670515413049,.Rhistory,e3b0c44298fc1c149afbf4c8996fb92427ae41e4649b934ca495991b7852b855,0,runtime_metadata,independent,,工作環境重現；不作科研證據,PROPOSED_REVIEW_REQUIRED
dbf81b7b3abb29fc0b8286b8,.Rproj.user/C88C685F/pcs/files-pane.pper,ff584b87391355c0500df7a42325a94ec56aab6b7a935571b8506692288ed1de,264,runtime_metadata,independent,,工作環境重現；不作科研證據,PROPOSED_REVIEW_REQUIRED
c3b4d2d9ce6bb35cc57b5397,.Rproj.user/C88C685F/pcs/source-pane.pper,510722acbecb326e94c1a63ae3272ae0b22c363abb3f2b395b2ba4d1267ead48,36,runtime_metadata,independent,,工作環境重現；不作科研證據,PROPOSED_REVIEW_REQUIRED
a816f2c6e049e9053ed98ea9,.Rproj.user/C88C685F/pcs/windowlayoutstate.pper,988edcc69f748190b8cad15482fb40b06ca38bb7a80d33f024a03e1ec60b46cc,289,runtime_metadata,independent,,工作環境重現；不作科研證據,PROPOSED_REVIEW_REQUIRED
7bd17877654690535796182e,.Rproj.user/C88C685F/pcs/workbench-pane.pper,90cecf46ce750c85ab860a1817bc13cc9603e921b7884313cbcf3230d60282f8,75,runtime_metadata,independent,,工作環境重現；不作科研證據,PROPOSED_REVIEW_REQUIRED
cd5d931d764cebf20eca3240,.Rproj.user/C88C685F/quarto-crossref/E80AC4F7,b57e7860c566f7ac16a2dda59b3cb7bb2abc3f16fe390fea44e257e7eece69af,523,runtime_metadata,independent,,工作環境重現；不作科研證據,PROPOSED_REVIEW_REQUIRED
7d086642924d651db20bf6d8,.Rproj.user/C88C685F/quarto-crossref/INDEX,a631b0fefee05126e97161c97e291e22906762352298ff7d9b8eaebff70a11e3,201,runtime_metadata,independent,,工作環境重現；不作科研證據,PROPOSED_REVIEW_REQUIRED
000849c1998e04977464648b,.Rproj.user/C88C685F/rmd-outputs,7c370d9536d7d0d6a0f7cd7f9826692acd93e4fb05ba46f7b630b879740343d3,5,runtime_metadata,independent,,工作環境重現；不作科研證據,PROPOSED_REVIEW_REQUIRED
88363707d3144e0ccba7f8eb,.Rproj.user/C88C685F/saved_source_markers,943cf5311c54c71f50cdf4d28d072c70ec8785a4b2b73bcc2000e6f1cf1dfc31,27,runtime_metadata,independent,,工作環境重現；不作科研證據,PROPOSED_REVIEW_REQUIRED
a5b2b87584bb0be86ddeeb6c,.Rproj.user/C88C685F/sources/prop/141EAB3A,c240726a319312bb0eea87bf07e0f6cc9b49a5f421234d7bec1ee66db61aa8d0,140,runtime_metadata,independent,,工作環境重現；不作科研證據,PROPOSED_REVIEW_REQUIRED
a32c984fcf2a6210342300b3,.Rproj.user/C88C685F/sources/prop/2A6D5275,9198e55dc22131a6a0920c04113e609afcccb491fe7a465df8f8bbff4f07d3bc,54,runtime_metadata,independent,,工作環境重現；不作科研證據,PROPOSED_REVIEW_REQUIRED
9afd9e00becf5555fefa6bda,.Rproj.user/C88C685F/sources/prop/2EADE2A1,a92913e77c8e07943f6aedf65e408580be71bc9fd40363a7ae1395172fcdfe61,106,runtime_metadata,independent,,工作環境重現；不作科研證據,PROPOSED_REVIEW_REQUIRED
98f99ab6ad81e0e2fb0eb1b8,.Rproj.user/C88C685F/sources/prop/3D64B5B2,9198e55dc22131a6a0920c04113e609afcccb491fe7a465df8f8bbff4f07d3bc,54,runtime_metadata,independent,,工作環境重現；不作科研證據,PROPOSED_REVIEW_REQUIRED
eead3a490cc9b4ca613c39a1,.Rproj.user/C88C685F/sources/prop/3ED518B8,57ad62065fce90be44e98eaa22232a8326c9ea99e9da3c0d0e306d2c828a7359,84,runtime_metadata,independent,,工作環境重現；不作科研證據,PROPOSED_REVIEW_REQUIRED
848926b5da61c694b01712cb,.Rproj.user/C88C685F/sources/prop/435D9E63,36b4cc6317920f6a63ea0e5265248267243236fc17600a4e2fa53ea7492359bc,140,runtime_metadata,independent,,工作環境重現；不作科研證據,PROPOSED_REVIEW_REQUIRED
0b2afd0f98eda64a77d6c1ee,.Rproj.user/C88C685F/sources/prop/4ECDDBCD,1931e5434e8a80d1347902e5e74d0a4409bfd037a4998871af7f8e5b694ea309,109,runtime_metadata,independent,,工作環境重現；不作科研證據,PROPOSED_REVIEW_REQUIRED
1c9db077047baf346c0428f9,.Rproj.user/C88C685F/sources/prop/606125A3,9198e55dc22131a6a0920c04113e609afcccb491fe7a465df8f8bbff4f07d3bc,54,runtime_metadata,independent,,工作環境重現；不作科研證據,PROPOSED_REVIEW_REQUIRED
cf6d5672330eb381484c1631,.Rproj.user/C88C685F/sources/prop/6396B04C,0df60aa205c561898b0e2cd9a7d323ad08a6c0c8c730fcf6f3584655e3bace40,138,runtime_metadata,independent,,工作環境重現；不作科研證據,PROPOSED_REVIEW_REQUIRED
60eb59048226897107b1af33,.Rproj.user/C88C685F/sources/prop/6C1FFAC4,9198e55dc22131a6a0920c04113e609afcccb491fe7a465df8f8bbff4f07d3bc,54,runtime_metadata,independent,,工作環境重現；不作科研證據,PROPOSED_REVIEW_REQUIRED
042c309a477825ae144f37b5,.Rproj.user/C88C685F/sources/prop/8F92421E,0e35284d9694eece884a1da893c58026b5d26e38a3469252c2b9ffaf7a1ede60,140,runtime_metadata,independent,,工作環境重現；不作科研證據,PROPOSED_REVIEW_REQUIRED
b868e8ce3d89d90f281562a9,.Rproj.user/C88C685F/sources/prop/B1AECE51,798139cb219cb061ac893052f7575b9526e5611a6e0501194e536a1563e8d16b,144,runtime_metadata,independent,,工作環境重現；不作科研證據,PROPOSED_REVIEW_REQUIRED
0af3daaba23e7b4aaa05cab3,.Rproj.user/C88C685F/sources/prop/CCCA4502,e995debb3612abd54db84cdb0c9fa86b82c5d06465d0bbb44a4e803cdfcc3b20,140,runtime_metadata,independent,,工作環境重現；不作科研證據,PROPOSED_REVIEW_REQUIRED
b90b2753ee9ec83ba2b4a8f0,.Rproj.user/C88C685F/sources/prop/DC793435,9198e55dc22131a6a0920c04113e609afcccb491fe7a465df8f8bbff4f07d3bc,54,runtime_metadata,independent,,工作環境重現；不作科研證據,PROPOSED_REVIEW_REQUIRED
12a5b81b0afd4a430505653d,.Rproj.user/C88C685F/sources/prop/EE2685DC,9198e55dc22131a6a0920c04113e609afcccb491fe7a465df8f8bbff4f07d3bc,54,runtime_metadata,independent,,工作環境重現；不作科研證據,PROPOSED_REVIEW_REQUIRED
252de35105adf67acf65b75b,.Rproj.user/C88C685F/sources/prop/INDEX,1671eeb415f968a3e01727d0f2b6f5df44b3d29ed6ea0150b593ff4734e18772,2206,runtime_metadata,independent,,工作環境重現；不作科研證據,PROPOSED_REVIEW_REQUIRED
4c82f84b99b4a9a5918f71e1,.Rproj.user/C88C685F/sources/session-12408e02/10C26EB3,a78d7ffb64e2e29e0ebb4697618686bcd5a3cff32b6d9b701c1ef2bce5a8778a,802,runtime_metadata,independent,,工作環境重現；不作科研證據,PROPOSED_REVIEW_REQUIRED
01582ad603a80d5afa2835fd,.Rproj.user/C88C685F/sources/session-12408e02/10C26EB3-contents,4748cd4fa8493298f6792bf19c8d1c09a661a45fc0119487ef55a54043386f68,53934,runtime_metadata,independent,,工作環境重現；不作科研證據,PROPOSED_REVIEW_REQUIRED
9f0a2247116e462dce0c4866,.Rproj.user/C88C685F/sources/session-12408e02/28B42A91,2546b5d6322d0a5f19a26edf0468567b0fa95285fb8556e4a0532cc1ed0cfd4e,894,runtime_metadata,independent,,工作環境重現；不作科研證據,PROPOSED_REVIEW_REQUIRED
7e77fad92b8cb3c9761660e2,.Rproj.user/C88C685F/sources/session-12408e02/28B42A91-contents,6100422ec633d56aca66c6951ee584c2fcbaf48efaa2d284f262fd901246ba16,46098,runtime_metadata,independent,,工作環境重現；不作科研證據,PROPOSED_REVIEW_REQUIRED
803cdf2e3e2fc5c708fa3a1f,.Rproj.user/C88C685F/sources/session-12408e02/496CB7B0-contents,4748cd4fa8493298f6792bf19c8d1c09a661a45fc0119487ef55a54043386f68,53934,runtime_metadata,independent,,工作環境重現；不作科研證據,PROPOSED_REVIEW_REQUIRED
662777358af37305e0853fd4,.Rproj.user/C88C685F/sources/session-12408e02/4FF4DA93,b75b93fef89af6338703094a7c628cb2a364a6531f116b5c63d0ecbcffe500fe,694,runtime_metadata,independent,,工作環境重現；不作科研證據,PROPOSED_REVIEW_REQUIRED
cf220560f616bfcc258319f1,.Rproj.user/C88C685F/sources/session-12408e02/4FF4DA93-contents,0df803544c3675e7ce696252a0af0e465b09c8fc37a40418c484fc33cb7ffb84,42933,runtime_metadata,independent,,工作環境重現；不作科研證據,PROPOSED_REVIEW_REQUIRED
54e4fdf9837cb1df0ac1075c,.Rproj.user/C88C685F/sources/session-12408e02/51A7A585,10dc6bef27f1d7b4a9552c45ae4966c39a165ab918587287de1dc45c89d9ce66,821,runtime_metadata,independent,,工作環境重現；不作科研證據,PROPOSED_REVIEW_REQUIRED
a9cc7c4bb8c6063890ab23de,.Rproj.user/C88C685F/sources/session-12408e02/51A7A585-contents,c696b66f7f1a0ad7a2ecdc5a986c13a8fc22596dd6b8d4e80c0a5149a5905644,2398238,runtime_metadata,independent,,工作環境重現；不作科研證據,PROPOSED_REVIEW_REQUIRED
5dcdcb54b417a3f2315c8ad6,.Rproj.user/C88C685F/sources/session-12408e02/58CC8A02-contents,73e3d8e7be13834610719273245ab92721a3c37ae5a1a3d0beab165130ec2d87,37133,runtime_metadata,independent,,工作環境重現；不作科研證據,PROPOSED_REVIEW_REQUIRED
bd63beb8839f64bfdd968abb,.Rproj.user/C88C685F/sources/session-12408e02/6487277D,18ab8905b89772d890c25b00af6b76d2811c627a2acba01980c2e3544c8d3bc6,703,runtime_metadata,independent,,工作環境重現；不作科研證據,PROPOSED_REVIEW_REQUIRED
a5ea58edf16805e0a33e8a29,.Rproj.user/C88C685F/sources/session-12408e02/6487277D-contents,c88b2f32f93a52d4a550e417f447ef0089bf9b4e0ba21c94eb026e4421f9ea40,8828,runtime_metadata,independent,,工作環境重現；不作科研證據,PROPOSED_REVIEW_REQUIRED
0451ac34567f2abe079e13e2,.Rproj.user/C88C685F/sources/session-12408e02/8E0F3867,10355c2853f82eedff14d7da94912eaad5046a707c3f85ed2000aa98b17f972a,736,runtime_metadata,independent,,工作環境重現；不作科研證據,PROPOSED_REVIEW_REQUIRED
e28a6fa68eca64dfa764eab9,.Rproj.user/C88C685F/sources/session-12408e02/8E0F3867-contents,561b7e73f78aa6df84fe8abadbe8434b4883a56b1914ec17783298f942956b7b,12821,runtime_metadata,independent,,工作環境重現；不作科研證據,PROPOSED_REVIEW_REQUIRED
9e77a8ddb797959fbf5f8340,.Rproj.user/C88C685F/sources/session-12408e02/98949026,fe5246f845154183c10292ea549fbe040d9ffc8abc80ad2c65123ef27913b255,791,runtime_metadata,independent,,工作環境重現；不作科研證據,PROPOSED_REVIEW_REQUIRED
846e9918ec17d07e6f02ffde,.Rproj.user/C88C685F/sources/session-12408e02/98949026-contents,9d8fd2f5c75d980194c9e8200568f422cebec900ff4bb5b09cbee3e743fe166b,142043,runtime_metadata,independent,,工作環境重現；不作科研證據,PROPOSED_REVIEW_REQUIRED
bff18d9e01fa34c750b4ad6c,.Rproj.user/C88C685F/sources/session-12408e02/AB6420BE-contents,a0b89bd320a066e484b8d795db84c178a22459c0b2627794fd8644acd6476152,39060,runtime_metadata,independent,,工作環境重現；不作科研證據,PROPOSED_REVIEW_REQUIRED
97f2cfe22089e1d99f64a6c6,.Rproj.user/C88C685F/sources/session-12408e02/B3B99205-contents,73e3d8e7be13834610719273245ab92721a3c37ae5a1a3d0beab165130ec2d87,37133,runtime_metadata,independent,,工作環境重現；不作科研證據,PROPOSED_REVIEW_REQUIRED
67c8c245469c192e2efd31cc,.Rproj.user/C88C685F/sources/session-12408e02/CDCFC41D-contents,2ec274549bdfebde79826ca166a4f45edde800e097f6722983e14fdcaeb1d3c4,18563,runtime_metadata,independent,,工作環境重現；不作科研證據,PROPOSED_REVIEW_REQUIRED
8f3c8eae03e966ad87d2b35e,.Rproj.user/C88C685F/sources/session-12408e02/DA7BA961,5328f67e48e55fe4620747f3f044ea398cd72fea6b5fae5b5a20e8481b39fae0,798,runtime_metadata,independent,,工作環境重現；不作科研證據,PROPOSED_REVIEW_REQUIRED
fbdbdc156ce90b13a1a19a9c,.Rproj.user/C88C685F/sources/session-12408e02/DA7BA961-contents,16bec80a92551b2645d4864388ab03bea896c10847c1109390bea2268bf75034,11699,runtime_metadata,independent,,工作環境重現；不作科研證據,PROPOSED_REVIEW_REQUIRED
302a09d62e9ad00d86922489,.Rproj.user/C88C685F/sources/session-12408e02/DA94C992,235f29878e1389689ffcd455dac93d2fb625796c833ca52530f2a08a0861e0dc,778,runtime_metadata,independent,,工作環境重現；不作科研證據,PROPOSED_REVIEW_REQUIRED
69a181f80240f5fdfdd05a06,.Rproj.user/C88C685F/sources/session-12408e02/DA94C992-contents,570ee9dc66c1480ea1a2ccac8b195974966e8fa3cb8dbf377291a75c66950505,29748,runtime_metadata,independent,,工作環境重現；不作科研證據,PROPOSED_REVIEW_REQUIRED
c28d3eaff5280e96f67a3414,.Rproj.user/C88C685F/sources/session-12408e02/FBA2F7B2,de13a322549ede46b64fd57b8fdd1023a982ea14bf99b746865a431077fbd435,882,runtime_metadata,independent,,工作環境重現；不作科研證據,PROPOSED_REVIEW_REQUIRED
1b4d25cbc854e6affd489136,.Rproj.user/C88C685F/sources/session-12408e02/FBA2F7B2-contents,89911e2d14c842d4c50b7ec242c9e3b7f73654c20f01212f6876c92a1eb2d5ff,246333,runtime_metadata,independent,,工作環境重現；不作科研證據,PROPOSED_REVIEW_REQUIRED
45686c65b133015f966bf7ee,.Rproj.user/shared/notebooks/B4117886-Inteligent_egaming_platform_ref_v000.000.001/1/C88C685F12408e02/chunks.json,19c33c1a9e0733a1f4b7a164e4eac6c7b88fd93506ba3e98141ee1cd31b81ff4,52,runtime_metadata,independent,,工作環境重現；不作科研證據,PROPOSED_REVIEW_REQUIRED
2472b16e48a5dbb5aafd5af5,.Rproj.user/shared/notebooks/B4117886-Inteligent_egaming_platform_ref_v000.000.001/1/C88C685Ffc18ed10/chunks.json,25cbbd9b8ae87771b3900744887e428608fffb592596daba909675e235ee3c11,52,runtime_metadata,independent,,工作環境重現；不作科研證據,PROPOSED_REVIEW_REQUIRED
079fbe82101bf899575d8a89,.Rproj.user/shared/notebooks/B4117886-Inteligent_egaming_platform_ref_v000.000.001/1/s/chunks.json,19c33c1a9e0733a1f4b7a164e4eac6c7b88fd93506ba3e98141ee1cd31b81ff4,52,runtime_metadata,independent,,工作環境重現；不作科研證據,PROPOSED_REVIEW_REQUIRED
091360d6e34bc0cd15fd86d8,.Rproj.user/shared/notebooks/patch-chunk-names,e3b0c44298fc1c149afbf4c8996fb92427ae41e4649b934ca495991b7852b855,0,runtime_metadata,independent,,工作環境重現；不作科研證據,PROPOSED_REVIEW_REQUIRED
800c983fb5b3281003a6f8a5,.Rproj.user/shared/notebooks/paths,abe2e1c7eb2abef13b208adb24d8e3c718b4f7c31ea9c5b85860e5351a1be285,1768,runtime_metadata,independent,,工作環境重現；不作科研證據,PROPOSED_REVIEW_REQUIRED
bc37d034bad564583790a46f,.gitignore,e36a36413ec23d934d59d101da8e0394e7c1fb75eff42e3c6a7a97dca557e95d,823,other_asset,independent,,媒體、樣式、依賴或其他資產；需人工業務定義,PROPOSED_REVIEW_REQUIRED
a54ff182c7e8acf56acfd6e4,AGENTS.md,29f65a4e7a221e60b6784c6f539debdd8371be6c0c20f2ea4f31c661c92d126f,1938,source_document,independent,,研究論述、來源與決策脈絡；歷史版本及待證主張亦保留,PROPOSED_REVIEW_REQUIRED
bd6e128acc27d877a1d59684,CONTRIBUTING.html,8836938fcc92493d4b618cfc15580cf978a7975a5e668ee3284aded4407ed146,643958,rendered_or_attachment,independent,,交付閱讀或附件證據；不以渲染副本覆蓋來源,PROPOSED_REVIEW_REQUIRED
eca12c0a30e25b4b46522ebf,CONTRIBUTING.md,b103b0f5052043caf718563ba758241f4b7cea258089f8728a5ec24698ea019d,1986,source_document,independent,,研究論述、來源與決策脈絡；歷史版本及待證主張亦保留,PROPOSED_REVIEW_REQUIRED
9896d979ae9467b0bd15561a,DGEF/.gitignore,2d50ee54b2332feaadfaf1f5addb9744ba455f5ef1ccc158d259282d976564f9,152,other_asset,independent,,媒體、樣式、依賴或其他資產；需人工業務定義,PROPOSED_REVIEW_REQUIRED
fd4409701c8584779c3af76b,DGEF/README.md,729a3f86fea204e6d9192178c4a9c14ff6402f36643d537cbbd8eb1fc10de54c,7356,source_document,independent,,研究論述、來源與決策脈絡；歷史版本及待證主張亦保留,PROPOSED_REVIEW_REQUIRED
9704791aaa50057d889616ed,DGEF/artifacts/build_report.json,afa53159271b1d832037bcb328d051f2c0c7f6287e164ccc1174d68d58c87a52,2377,structured_data,independent,,實體／主張／來源／測量的查詢與追溯；粒度待逐表確認,PROPOSED_REVIEW_REQUIRED
3ee8f0f576259f3fada3e3a6,DGEF/artifacts/dgef.sqlite,03eef98e471ff216b0c4fb7d2091e1d38740589419c051a1f121b58bd4b2200b,18214912,structured_data,independent,,實體／主張／來源／測量的查詢與追溯；粒度待逐表確認,PROPOSED_REVIEW_REQUIRED
2129c555e0ac90ecc1022f46,DGEF/artifacts/tables/01_identity_relations/bridge_entity_external_id.csv,6730b54aaa8fc44e97f9187fde3b0ad41c201516574366784c7bd3cb6efdcf63,2469743,structured_data,independent,,實體／主張／來源／測量的查詢與追溯；粒度待逐表確認,PROPOSED_REVIEW_REQUIRED
f2707e962f1a26e9bc81b5ae,DGEF/artifacts/tables/01_identity_relations/cosmic_domain.csv,bf66ee876cf27bc1c669b95a203ea0bdd78337faef76d31ace5856fe017f5d5d,325,structured_data,independent,,實體／主張／來源／測量的查詢與追溯；粒度待逐表確認,PROPOSED_REVIEW_REQUIRED
e7b309b5ba79f5623afb0649,DGEF/artifacts/tables/01_identity_relations/registry_entity.csv,04420826021a2a402388eeec1af70e6b082d7e92c2dfb0aec2635ef8b9e65971,767725,structured_data,independent,,實體／主張／來源／測量的查詢與追溯；粒度待逐表確認,PROPOSED_REVIEW_REQUIRED
5d30007f1489027e324aef85,DGEF/artifacts/tables/01_identity_relations/registry_entity_alias.csv,eb4e48a37c51fb7ef0638531486a5d6b12cb6bb85c3fa83c2c191777dfb195f1,223866,structured_data,independent,,實體／主張／來源／測量的查詢與追溯；粒度待逐表確認,PROPOSED_REVIEW_REQUIRED
fc29fdbc97f73162dcbcb002,DGEF/artifacts/tables/01_identity_relations/registry_entity_relation.csv,0a81102f7b411a5253d4d7233c84aa6cfb8181101f687075a58c185dd84c2e1f,9964,structured_data,independent,,實體／主張／來源／測量的查詢與追溯；粒度待逐表確認,PROPOSED_REVIEW_REQUIRED
0a342d1df8e9fa3e4cc878ee,DGEF/artifacts/tables/01_identity_relations/registry_entity_status_history.csv,e31c6379f1a6bec2c6c6e4d09368d5a5f6f945bce3f041bb33ef7749f5e35d55,55106,structured_data,independent,,實體／主張／來源／測量的查詢與追溯；粒度待逐表確認,PROPOSED_REVIEW_REQUIRED
fb9f049d26f3f95dbee60514,DGEF/artifacts/tables/01_identity_relations/registry_entity_type.csv,b54546ead8257014f8c4e4779621f5a0f6d1f050656366eca48f592335a06af7,404,structured_data,independent,,實體／主張／來源／測量的查詢與追溯；粒度待逐表確認,PROPOSED_REVIEW_REQUIRED
c47b420730e530298404f51e,DGEF/artifacts/tables/01_identity_relations/registry_external_id.csv,0215ee36fe943d34f49852c4e22e20ccb2f9c39a59625c91cdd9ed3c51f6ed96,102918,structured_data,independent,,實體／主張／來源／測量的查詢與追溯；粒度待逐表確認,PROPOSED_REVIEW_REQUIRED
4d2e3e536f7f61209bf81760,DGEF/artifacts/tables/02_sources_evidence/registry_claim.csv,7697f70cb5fb8bfb509dc4e18b0f7ef33c4e68e6d6ef27221d0fd82f2138cffb,157028,structured_data,independent,,實體／主張／來源／測量的查詢與追溯；粒度待逐表確認,PROPOSED_REVIEW_REQUIRED
69296e86581420016849a944,DGEF/artifacts/tables/02_sources_evidence/registry_dataset.csv,ff351227b3f18cae6d777f28c2e94ea0f8558ec4fda253b434a8a0a5085dd48b,7768,structured_data,independent,,實體／主張／來源／測量的查詢與追溯；粒度待逐表確認,PROPOSED_REVIEW_REQUIRED
802b7e2373500b243ec0ab49,DGEF/artifacts/tables/02_sources_evidence/registry_evidence_link.csv,dc35282505aadb5120cd58d6cc9694288794e2ea9fd03c558f5cba682b70cb58,86131,structured_data,independent,,實體／主張／來源／測量的查詢與追溯；粒度待逐表確認,PROPOSED_REVIEW_REQUIRED
4fdb791c7338c0c8850cad37,DGEF/artifacts/tables/02_sources_evidence/registry_ingest_record.csv,d1a6b34a326a496efc64ac1ef8756cf06185c89a55950f6a56f4e299aeca835b,866391,structured_data,independent,,實體／主張／來源／測量的查詢與追溯；粒度待逐表確認,PROPOSED_REVIEW_REQUIRED
b13a82e477565de221cdaf9e,DGEF/artifacts/tables/02_sources_evidence/registry_observation.csv,aa44d9f715b38c604822d6f8551c50756121a1a0dcc78ea47d31c9acfe98cbce,17482,structured_data,independent,,實體／主張／來源／測量的查詢與追溯；粒度待逐表確認,PROPOSED_REVIEW_REQUIRED
c4e486d7db1a476f752fd202,DGEF/artifacts/tables/02_sources_evidence/registry_source.csv,8c3f154efaf71b013e8f78220eb8a80838b8c249e15d5ae69472d77603f90af7,13667,structured_data,independent,,實體／主張／來源／測量的查詢與追溯；粒度待逐表確認,PROPOSED_REVIEW_REQUIRED
c5d93b7ca15edc2fd95dbe05,DGEF/artifacts/tables/03_geography_infrastructure/registry_admin_unit.csv,4f45230c0e1b3bcc6d086e58f2ad62181d009b1385ebc34b021c1861a3a63e84,4788991,structured_data,independent,,實體／主張／來源／測量的查詢與追溯；粒度待逐表確認,PROPOSED_REVIEW_REQUIRED
cfb58f49639b586d362c2dd7,DGEF/artifacts/tables/03_geography_infrastructure/registry_country_area.csv,d7dd301a63cf3f62d80e37649ae8375e8b1a17f1e24a85dd31d0ecdf57bab351,867374,structured_data,independent,,實體／主張／來源／測量的查詢與追溯；粒度待逐表確認,PROPOSED_REVIEW_REQUIRED
a08597bd8df2bf0791b2bb91,DGEF/artifacts/tables/03_geography_infrastructure/registry_infrastructure.csv,e7f4808d0ff07918b6df2fcb8e65bdd7ac27330d470600dea131bfbef0e889c1,125,structured_data,independent,,實體／主張／來源／測量的查詢與追溯；粒度待逐表確認,PROPOSED_REVIEW_REQUIRED
6d6bc129cc0a0caf04bfa45a,DGEF/artifacts/tables/03_geography_infrastructure/registry_settlement.csv,2a8a7b3b2c34f99961738606955466a1cffecb58a69638017722042097d1700e,120,structured_data,independent,,實體／主張／來源／測量的查詢與追溯；粒度待逐表確認,PROPOSED_REVIEW_REQUIRED
4f78712f29e87d9bf333fc52,DGEF/artifacts/tables/04_organizations_public_roles/registry_legal_entity.csv,80ac9017b87b67cf46fd74f8a95c26b862b1142a9f060a8f2743189a0be22c42,23120,structured_data,independent,,實體／主張／來源／測量的查詢與追溯；粒度待逐表確認,PROPOSED_REVIEW_REQUIRED
075fa1a8fafe1f8aefcb61b3,DGEF/artifacts/tables/04_organizations_public_roles/registry_person_public_role.csv,fba31e945c1ecb99ebd1ae11e31570e57bdb5b207f79f2f63293c47bb2ef95bc,137,structured_data,independent,,實體／主張／來源／測量的查詢與追溯；粒度待逐表確認,PROPOSED_REVIEW_REQUIRED
e73ba24efcd2d6a5697d0ad7,DGEF/artifacts/tables/04_organizations_public_roles/registry_public_body.csv,6ae594cf5fc4cf3a2b617b42fa51de93e87623d2766279d48c2c8d67085b1198,14817,structured_data,independent,,實體／主張／來源／測量的查詢與追溯；粒度待逐表確認,PROPOSED_REVIEW_REQUIRED
532fe198ba945fc6c82d45e0,DGEF/artifacts/tables/04_organizations_public_roles/registry_public_facility.csv,82ebd538f65d01dac8c6544a2194c3bf8a64d5f9d33a5e3bdaca97029abbc760,9376,structured_data,independent,,實體／主張／來源／測量的查詢與追溯；粒度待逐表確認,PROPOSED_REVIEW_REQUIRED
af3ed43b999e6486ada2b573,DGEF/artifacts/tables/04_organizations_public_roles/registry_research_org.csv,f047acb19692ac8da8cb78a847ef75af2d09cbf11fb45a556810899306359ea1,44565,structured_data,independent,,實體／主張／來源／測量的查詢與追溯；粒度待逐表確認,PROPOSED_REVIEW_REQUIRED
9c3fca3e5218797b8a286cef,DGEF/artifacts/tables/05_space_science/registry_astrobiology_evidence.csv,775670541576b598f0d244413bf7ecbd5d0e62926f418d4a40597a6d4363bbfe,124,structured_data,independent,,實體／主張／來源／測量的查詢與追溯；粒度待逐表確認,PROPOSED_REVIEW_REQUIRED
a8f1b23d44e50fcea41ba1af,DGEF/artifacts/tables/05_space_science/registry_celestial_object.csv,c33f70d5c12fbbf357b7334da509ec3f3835db766dc32f7e813f66878dfa5e61,7977,structured_data,independent,,實體／主張／來源／測量的查詢與追溯；粒度待逐表確認,PROPOSED_REVIEW_REQUIRED
46c906797cd1b1d853e77e49,DGEF/artifacts/tables/05_space_science/registry_ground_facility_public.csv,ffec5a52ef2ce239ae9e2dc5bc765a688d3e1fc689e428b9268ada996afaa637,710,structured_data,independent,,實體／主張／來源／測量的查詢與追溯；粒度待逐表確認,PROPOSED_REVIEW_REQUIRED
e432e441685f6fcf91324166,DGEF/artifacts/tables/05_space_science/registry_space_asset.csv,a5b6145175d4df74587961671f3c75ecb92d52e7e64e384022b911c700d1f6c0,724,structured_data,independent,,實體／主張／來源／測量的查詢與追溯；粒度待逐表確認,PROPOSED_REVIEW_REQUIRED
651b904ea19491056596963f,DGEF/artifacts/tables/05_space_science/registry_space_mission.csv,4dc44865a9f6a7d182f675a8ad135227d7b0316d9cff4670e0e5522b845873de,694,structured_data,independent,,實體／主張／來源／測量的查詢與追溯；粒度待逐表確認,PROPOSED_REVIEW_REQUIRED
7e5c81a38db4ed6ccbe74128,DGEF/artifacts/tables/05_space_science/registry_space_org.csv,585be364f7569a4f728c15e802a03ba71b24c38c3e5d58002d6f05592069c979,535,structured_data,independent,,實體／主張／來源／測量的查詢與追溯；粒度待逐表確認,PROPOSED_REVIEW_REQUIRED
ad4517f6f81c5a03cf0f757a,DGEF/artifacts/tables/05_space_science/registry_space_program.csv,598e813c9bd7ee90418da45fd43e0eb2cf5c5e63d599c7d4d43a5a73b36fef4a,685,structured_data,independent,,實體／主張／來源／測量的查詢與追溯；粒度待逐表確認,PROPOSED_REVIEW_REQUIRED
ecc98fefa9ad6ade09184a37,DGEF/artifacts/tables/05_space_science/registry_space_research_output.csv,f059e9a339e9c08f18f0eec1b774cfe119e295e2d2930806ad15829146992667,2910,structured_data,independent,,實體／主張／來源／測量的查詢與追溯；粒度待逐表確認,PROPOSED_REVIEW_REQUIRED
f69a87951a522fb2d709bec3,DGEF/artifacts/tables/05_space_science/registry_space_vehicle.csv,6f0fcfcacb0ddfe4931310e37deaf4dff5e041551780a211401098a70d0df6d7,621,structured_data,independent,,實體／主張／來源／測量的查詢與追溯；粒度待逐表確認,PROPOSED_REVIEW_REQUIRED
0dc3322171e3e4b85722de10,DGEF/artifacts/tables/06_spacetime/registry_entity_location.csv,778db9389dc81a6eaa0097cae549f79e77c2887a8a5d873fd858b8a106b09741,3231,structured_data,independent,,實體／主張／來源／測量的查詢與追溯；粒度待逐表確認,PROPOSED_REVIEW_REQUIRED
436966b1b16e3d3b1e5dd9b9,DGEF/artifacts/tables/06_spacetime/registry_ephemeris_solution.csv,4f8183e4c6351feb4245242fbdd7d3fe6fa6205d1288691d2d3a916f9f573e0c,2119,structured_data,independent,,實體／主張／來源／測量的查詢與追溯；粒度待逐表確認,PROPOSED_REVIEW_REQUIRED
fb0f7aad833db7abe70898bf,DGEF/artifacts/tables/06_spacetime/registry_spatial_frame.csv,ba59f4a9ccaed0749493c1de9fbf019f660fb32496bc08479ba03ef70b4239a7,290,structured_data,independent,,實體／主張／來源／測量的查詢與追溯；粒度待逐表確認,PROPOSED_REVIEW_REQUIRED
7c2f8649be41cec2bb737ef6,DGEF/artifacts/tables/07_simulation_virtual/registry_simulation_run.csv,cc21ac307c705589a0ddd63c200d2b27992bbfa285b718bf1c9f86bd742fad97,159,structured_data,independent,,實體／主張／來源／測量的查詢與追溯；粒度待逐表確認,PROPOSED_REVIEW_REQUIRED
e277af6323c1a2a301ff5bb0,DGEF/artifacts/tables/07_simulation_virtual/registry_synthetic_population.csv,812a8ec1ce1970943c35bb0817053ccbd512a84c0ee1b38de007cda17ff13776,139,structured_data,independent,,實體／主張／來源／測量的查詢與追溯；粒度待逐表確認,PROPOSED_REVIEW_REQUIRED
b48d04323485c9fd34cef2ad,DGEF/artifacts/tables/07_simulation_virtual/registry_virtual_entity.csv,3f84d29cc93ea84a520d920dd778bec361c893f4171ec496e738bddf78992fa0,110,structured_data,independent,,實體／主張／來源／測量的查詢與追溯；粒度待逐表確認,PROPOSED_REVIEW_REQUIRED
8040d6a94430edb465dc1302,DGEF/artifacts/tables/07_simulation_virtual/registry_virtual_world.csv,71b924d240acee57d094ef96a94d74b8233f06166cf8eabec6a6099d1bcd0fd7,125,structured_data,independent,,實體／主張／來源／測量的查詢與追溯；粒度待逐表確認,PROPOSED_REVIEW_REQUIRED
069d68f1bbf40d126a399c44,DGEF/artifacts/tables/08_service_staging/staging_service_catalogue.csv,9fb936e6f48921dbdf6d32143d418ac5792c43f7bf136f09e08f565c0104a094,393955,structured_data,independent,,實體／主張／來源／測量的查詢與追溯；粒度待逐表確認,PROPOSED_REVIEW_REQUIRED
5f8f2fb7dc386efc02abbe3e,DGEF/artifacts/tables/09_governance_coverage/registry_adapter_contract.csv,f3fb705a28ae9820f671039009f19c97b090688d2679f3890a54ac200127be2e,4456,structured_data,independent,,實體／主張／來源／測量的查詢與追溯；粒度待逐表確認,PROPOSED_REVIEW_REQUIRED
dee501816c7152d3008c9277,DGEF/artifacts/tables/09_governance_coverage/registry_coverage.csv,fb4f98329e294e06854bebf81aafae80d9e167c617f944f29e5a6f5268fd9c48,338154,structured_data,independent,,實體／主張／來源／測量的查詢與追溯；粒度待逐表確認,PROPOSED_REVIEW_REQUIRED
a06b6f6127925285da1209dc,DGEF/artifacts/tables/09_governance_coverage/registry_license_policy.csv,dbb8d4f9c718112bfc1c36997ae29a83de265ec3ec277ad26db95e5aa040ed45,285,structured_data,independent,,實體／主張／來源／測量的查詢與追溯；粒度待逐表確認,PROPOSED_REVIEW_REQUIRED
c36dabc5e224d860f9aa2db9,DGEF/artifacts/tables/09_governance_coverage/registry_schema_version.csv,0c35af5d22a69109e1be7a89c1200416da9f22c784b7d563ccc76ef9affe95b2,249,structured_data,independent,,實體／主張／來源／測量的查詢與追溯；粒度待逐表確認,PROPOSED_REVIEW_REQUIRED
e462a09009bdc739708aabcb,DGEF/contracts/data_dictionary.csv,3e07ef2b9cfad665c029c74f0f29fd27289d0f459d9705f6c23dce20c5b4f81a,99967,structured_data,independent,,實體／主張／來源／測量的查詢與追溯；粒度待逐表確認,PROPOSED_REVIEW_REQUIRED
af3a4edc244670ae893d9c7f,DGEF/fabric.py,253320e503cdef837310d536a03dd9bf292fc1e47b16d778250e4bec7679320c,29944,code_or_configuration,independent,,可重現加工、計算及設定；須版本化與執行環境,PROPOSED_REVIEW_REQUIRED
823e8dc21ed596e07cf305a4,DGEF/fetch_public.py,d22283921342a478d30a6acf82a3cecd4b62e3a69ea4a948cbf1e63c3eeb2a26,4201,code_or_configuration,independent,,可重現加工、計算及設定；須版本化與執行環境,PROPOSED_REVIEW_REQUIRED
a244bc3760f5052acb8aa49d,DGEF/finalize_verification.py,679e1bd756079112b0a610ffcf9669b01f678cadeeab136fdce648fb41384017,2312,code_or_configuration,independent,,可重現加工、計算及設定；須版本化與執行環境,PROPOSED_REVIEW_REQUIRED
338a70f75bd14ce28b0e3339,DGEF/inbox/artemis_28ac86706b7a.html,fd4ecdbe13e114927a86283303af33a444d4a161debbcba9b2bc7c4ddecc8aca,379414,rendered_or_attachment,independent,,交付閱讀或附件證據；不以渲染副本覆蓋來源,PROPOSED_REVIEW_REQUIRED
6245e13df7c05f377e4cf581,DGEF/inbox/chang_e_5_21fff191447f.html,79160f621c9f1ac9f64d117220f0eba51e7b8e61c59c09f24d7b3b09eef93919,9387,rendered_or_attachment,independent,,交付閱讀或附件證據；不以渲染副本覆蓋來源,PROPOSED_REVIEW_REQUIRED
fbea2bdf186c142dde55b6f0,DGEF/inbox/exoplanets_ef92ddd2ca51.json,d9746e63043f6d5db0ce0f1ce1aa6b180bdaca2b021f24d368e5266f5a58aaa3,2095,structured_data,independent,,實體／主張／來源／測量的查詢與追溯；粒度待逐表確認,PROPOSED_REVIEW_REQUIRED
9af3a74b15ad8891f509d9cc,DGEF/inbox/horizons_301_a94b380da3f6.json,f150cd219b48e25ec7ef08f041879792b49509f4b76d36fecee3a66141eac8dc,6954,structured_data,independent,,實體／主張／來源／測量的查詢與追溯；粒度待逐表確認,PROPOSED_REVIEW_REQUIRED
b3d73907cf4dcf2d5d0fdd68,DGEF/inbox/horizons_399_e57f5f64ddb4.json,5169a575a25c644307a80a63e7ee0daebda752a04463499c789ae3ffb9bc06a7,7391,structured_data,independent,,實體／主張／來源／測量的查詢與追溯；粒度待逐表確認,PROPOSED_REVIEW_REQUIRED
11dad14f50939cc7ae81b2c6,DGEF/inbox/horizons_499_81c59dd00de7.json,efb852da4b35a4566ed7eb2d72e764bd292eec43f5a79d7ef25f1ea979cd3ba3,6929,structured_data,independent,,實體／主張／來源／測量的查詢與追溯；粒度待逐表確認,PROPOSED_REVIEW_REQUIRED
1ce3dee2d88d7eb82beaaada,DGEF/inbox/jpl_2c4ddd97a872.html,d0de19e46adb7288c038c5961284924b468629bd36a151f374087f123768de86,355106,rendered_or_attachment,independent,,交付閱讀或附件證據；不以渲染副本覆蓋來源,PROPOSED_REVIEW_REQUIRED
170495b8f0405f1ded80386b,DGEF/inbox/kennedy_816e7921512f.html,cf993aba23d7358c9f3ab214624d6f6e30ed2a8964e60eddf10221aae2ae3f4f,375447,rendered_or_attachment,independent,,交付閱讀或附件證據；不以渲染副本覆蓋來源,PROPOSED_REVIEW_REQUIRED
4aa4a0a72743202ba3b55e1e,DGEF/inbox/lei_CN_3d137eadc777.json,3d137eadc777432fb7b651aae9656c6cb2e7b683137bf6c3db295b74c84efff2,62744,structured_data,independent,,實體／主張／來源／測量的查詢與追溯；粒度待逐表確認,PROPOSED_REVIEW_REQUIRED
93c25a9aa730b264b30043dd,DGEF/inbox/lei_DE_c129ffa18a0c.json,c129ffa18a0c817c87ed03ced177a47ada2e3b09ab3616562f6cf745667c0926,46814,structured_data,independent,,實體／主張／來源／測量的查詢與追溯；粒度待逐表確認,PROPOSED_REVIEW_REQUIRED
ada30b2e8bfb7edc60631b1e,DGEF/inbox/lei_IN_2b702de0c24f.json,2b702de0c24f81977b2d1cac917048c603274a8ccbc6c9e6589c4aef0ff8e53f,49523,structured_data,independent,,實體／主張／來源／測量的查詢與追溯；粒度待逐表確認,PROPOSED_REVIEW_REQUIRED
842510365a0698679c689c8e,DGEF/inbox/lei_JP_ae347389d753.json,ae347389d7538eedefe292a5b689c784670bc71c711d46e6c404f7763e6b8828,66568,structured_data,independent,,實體／主張／來源／測量的查詢與追溯；粒度待逐表確認,PROPOSED_REVIEW_REQUIRED
852fb6cc061436a8c4eae5ff,DGEF/inbox/lei_US_3b315162b50b.json,3b315162b50bb25612335f6ad5387d595f9501701b5a4a3921cd679ccebc8644,48333,structured_data,independent,,實體／主張／來源／測量的查詢與追溯；粒度待逐表確認,PROPOSED_REVIEW_REQUIRED
6687145b8ebd1707bc8a6a3c,DGEF/inbox/manifest.json,a91957a325bc600c0e45696e928bf6f2420cc0460cb3b77802f9c19777a7fd8f,11749,structured_data,independent,,實體／主張／來源／測量的查詢與追溯；粒度待逐表確認,PROPOSED_REVIEW_REQUIRED
b60e9a69ec316ea06b6ab61b,DGEF/inbox/ror_0_1969b60f3486.json,1969b60f348650f1f6cf4c7a0461bebd72d806b9307bb1b63ea57644b9ab2831,59245,structured_data,independent,,實體／主張／來源／測量的查詢與追溯；粒度待逐表確認,PROPOSED_REVIEW_REQUIRED
12a89a24e34228ac55b43fb7,DGEF/inbox/ror_1_b76932dcb23a.json,b76932dcb23a6f25d99c5a6d39b50f3081d5b8abd1d81f9b5c55cb26e2338b9f,26699,structured_data,independent,,實體／主張／來源／測量的查詢與追溯；粒度待逐表確認,PROPOSED_REVIEW_REQUIRED
74c2d98b95f989f166cfeedf,DGEF/inbox/ror_2_e7aa5ef2e611.json,e7aa5ef2e61192196f0964eb13e54e6e7ed130ba1f2c7d9a1c9160948e39a4d2,21954,structured_data,independent,,實體／主張／來源／測量的查詢與追溯；粒度待逐表確認,PROPOSED_REVIEW_REQUIRED
ba0a4f0b10b693a5f6f0f5b1,DGEF/inbox/ror_3_9202ef01f3cc.json,9202ef01f3ccf1b4e3e68ef48ecc1578940a99a7845a0625445b577e3c2a5610,43699,structured_data,independent,,實體／主張／來源／測量的查詢與追溯；粒度待逐表確認,PROPOSED_REVIEW_REQUIRED
4887a74d03b760fb9dcce483,DGEF/inbox/ror_4_5f2fd5d726ae.json,5f2fd5d726ae06b1a8832de7c63cf4fee192212f5254ad4b5f76661c8a972519,26002,structured_data,independent,,實體／主張／來源／測量的查詢與追溯；粒度待逐表確認,PROPOSED_REVIEW_REQUIRED
952577a4110e8daeda0498c2,DGEF/inbox/ror_5_6040f2b178ea.json,6040f2b178eaa22700869dd09f73aea516acba93f296417a3342b19327548d13,22007,structured_data,independent,,實體／主張／來源／測量的查詢與追溯；粒度待逐表確認,PROPOSED_REVIEW_REQUIRED
120c33359c8318f9d518d52a,DGEF/inbox/ror_6_09f055cb6879.json,09f055cb6879de70012900af3660b8347c4dc4ce1bdc63f7550ca1d2fa36417c,26984,structured_data,independent,,實體／主張／來源／測量的查詢與追溯；粒度待逐表確認,PROPOSED_REVIEW_REQUIRED
58e968af148a3535d083dfbb,DGEF/inbox/ror_7_5a942a0d996d.json,5a942a0d996d6a2fc3d3a43dc9eebfb09eca9ad8540639f14ab8c9e2ba4c5381,159013,structured_data,independent,,實體／主張／來源／測量的查詢與追溯；粒度待逐表確認,PROPOSED_REVIEW_REQUIRED
d677ad824667524c14f0b530,DGEF/inbox/sbdb_101955_52494b299dd3.json,ba405065ae9612afb2eba8b5ee35e22f0fdff307502aed645095e8a574299aa8,5547,structured_data,independent,,實體／主張／來源／測量的查詢與追溯；粒度待逐表確認,PROPOSED_REVIEW_REQUIRED
5e81860d33f34a8cbd75f0be,DGEF/inbox/sbdb_162173_b0201bc382fa.json,8faa2dc12fe5287714458bcf47878839efe7f44b30ad029761c028b465dc5930,4993,structured_data,independent,,實體／主張／來源／測量的查詢與追溯；粒度待逐表確認,PROPOSED_REVIEW_REQUIRED
eae08e37c4ee2036b443ae2e,DGEF/inbox/sbdb_1_6f016bf1ae3f.json,22458ddb7b0c09c72c80875ac37b8b4ce8f9f9a143c692294dd2fbe691987fbd,4916,structured_data,independent,,實體／主張／來源／測量的查詢與追溯；粒度待逐表確認,PROPOSED_REVIEW_REQUIRED
8c61fc3b417e6ec135a2cdb9,DGEF/inbox/sbdb_2_b09ccd87f6c3.json,b9486906eedf7b62b907fb4ec61c6f9b1e7c45a92d5850721c9aca4036104f57,4725,structured_data,independent,,實體／主張／來源／測量的查詢與追溯；粒度待逐表確認,PROPOSED_REVIEW_REQUIRED
5a38214b41025bdad3fc177e,DGEF/inbox/sbdb_433_cf308c2f1c5f.json,1cb5bfb764393f42ca843385d10c1ba14f949fcd048c53a44d241685183dd3f8,6358,structured_data,independent,,實體／主張／來源／測量的查詢與追溯；粒度待逐表確認,PROPOSED_REVIEW_REQUIRED
a961ebf812fda551e23797fd,DGEF/ingest_public.py,b044e1806d0ba5ac13e6cb9c2dec4c90a923213ae8e91379d20ba6448d74ca91,17665,code_or_configuration,independent,,可重現加工、計算及設定；須版本化與執行環境,PROPOSED_REVIEW_REQUIRED
258528ff28c2d4cbad2eb34f,DGEF/integrate_review.py,4193b7054f76f9d0e0aa4385a745d5e5b4d1815d4a9c21b9558372a874b2f51a,9064,code_or_configuration,independent,,可重現加工、計算及設定；須版本化與執行環境,PROPOSED_REVIEW_REQUIRED
8469ea4ea2dea316289c77ed,DGEF/query_examples.sql,6e8da96ff3997dc0112143feb86ce7ce06c0fcb831e854f4fa525743912035d1,1168,code_or_configuration,independent,,可重現加工、計算及設定；須版本化與執行環境,PROPOSED_REVIEW_REQUIRED
9fcf0c4fd3c1d78e26676ef1,DGEF/reclassify_tables.py,21dcb9f8fb49f16fa3f19875700044b146c32fb26918a04f9dba8eccea9033c9,6257,code_or_configuration,independent,,可重現加工、計算及設定；須版本化與執行環境,PROPOSED_REVIEW_REQUIRED
dc2a363617942c1c9522322a,DGEF/report_public_ingestion.py,db7a37cb4eb32f7a7ef9829dba189aeba9ee3f659015979bc6320ce08c139854,6444,code_or_configuration,independent,,可重現加工、計算及設定；須版本化與執行環境,PROPOSED_REVIEW_REQUIRED
9946342a3229388d7f509d23,DGEF/schema.sql,3688b07f8bda0bf386b896cd50a4bb1aa2863c6ce32bfa49f1193bdbc0884a82,36234,code_or_configuration,independent,,可重現加工、計算及設定；須版本化與執行環境,PROPOSED_REVIEW_REQUIRED
19e5380605d66b407a8b645b,DGEF/strengthen_documents.py,d8146ac9db9133af79b756d1ee10c4187de43237ec50aa21e76a023dcae2afa8,13496,code_or_configuration,independent,,可重現加工、計算及設定；須版本化與執行環境,PROPOSED_REVIEW_REQUIRED
c01b8bc327716673720e6943,DGEF/table_layout.py,557cfd83e3f3c7b4b879e12487dc3ab205509d4a035e2065c6de539a0ae789a1,1418,code_or_configuration,independent,,可重現加工、計算及設定；須版本化與執行環境,PROPOSED_REVIEW_REQUIRED
c3e6df21a413e9ac0d9d809f,DGEF/test_fabric.py,b75cb2cdaf85b658d9f1354e85f3a0ed7406cd7656fb5906c9a90c4fd17b96bf,6484,code_or_configuration,independent,,可重現加工、計算及設定；須版本化與執行環境,PROPOSED_REVIEW_REQUIRED
01ac0442a081156ffb753f1a,DGEF/test_public_ingestion.py,bd787659f37622699b8213ccd9ee975ccf0e629c6a4360f3124f15f09021ef66,3808,code_or_configuration,independent,,可重現加工、計算及設定；須版本化與執行環境,PROPOSED_REVIEW_REQUIRED
37d3cd28bea38a03f64c9a6f,DGEF/update_realworld_ecosystems.py,d2a69e498e03cf1499ae29bed06fdc0322df5a73555b46070c5082d8d3338933,23598,code_or_configuration,independent,,可重現加工、計算及設定；須版本化與執行環境,PROPOSED_REVIEW_REQUIRED
a3b95efbcafeefaccf92b294,DGEF/verification_sources.json,e2f65915468419900bddd2d520cbd75b30912f9df261902dbb1fb5f878ccb830,3989,structured_data,independent,,實體／主張／來源／測量的查詢與追溯；粒度待逐表確認,PROPOSED_REVIEW_REQUIRED
9219e94834583e0e50190017,DGEF/verify_document_strengthening.py,c8fbd340f50cdf8298f9189ddbff19f7029d0f70a60316c8fe14788e9415e5b1,1640,code_or_configuration,independent,,可重現加工、計算及設定；須版本化與執行環境,PROPOSED_REVIEW_REQUIRED
194efaea8e4b2fd43daa2a89,DGEF/verify_realworld_ecosystems.py,81a5289ee08f640b41d50e59487cc41caf9406defbc77f9211dd9eadb52b0924,2798,code_or_configuration,independent,,可重現加工、計算及設定；須版本化與執行環境,PROPOSED_REVIEW_REQUIRED
067b403baf6548158dec0b61,DGEF/verify_table_classification.py,2a5fb36a0d6b7c968a44ba2ac5556e466c6281dedfcf8f6df03a64738c71c590,1483,code_or_configuration,independent,,可重現加工、計算及設定；須版本化與執行環境,PROPOSED_REVIEW_REQUIRED
ebd2aae9991b2c034016b393,DaqinFu-SuanChou-V1-2-2-Enhanced.md,13d764e4a3c81d18c4242a56f383ae4ec1b6c71f1149846944c3a69b7d110070,279282,source_document,daqin,_大秦赋算筹_v1_3_9.qmd,研究論述、來源與決策脈絡；歷史版本及待證主張亦保留,PROPOSED_REVIEW_REQUIRED
c693279643b8cd5d248172d9,LICENSE,acaf1934cd38cac2086f3d5259ab256bbe4aff0d23b86d4c59b3a06a14213971,1123,other_asset,independent,,媒體、樣式、依賴或其他資產；需人工業務定義,PROPOSED_REVIEW_REQUIRED
7d842172eda001ae27702640,README.html,c3bdc809a36c46f9ee9bbde4e0cbdb2f2d6a5b1361573f37ed6a23d847658e6d,650363,rendered_or_attachment,independent,,交付閱讀或附件證據；不以渲染副本覆蓋來源,PROPOSED_REVIEW_REQUIRED
b335630551682c19a781afeb,README.md,30670e15eeec8b4100ca005f98ed6701288d5b2296963d3b9621a9b8ba707e69,3787,source_document,independent,,研究論述、來源與決策脈絡；歷史版本及待證主張亦保留,PROPOSED_REVIEW_REQUIRED
683343bdf93f55ed3cada861,ROADMAP.md,cd389d335f271f3b4df361e3e0440b00483844bef4ff8a7d1441a30825caf9e1,54,source_document,independent,,研究論述、來源與決策脈絡；歷史版本及待證主張亦保留,PROPOSED_REVIEW_REQUIRED
c9e3c1272f95df1222c61ad9,Reference/Aerospace_Ecosystem_Report.html,49f1a41c502bc3346efa3ed0ecb9cf40a297168be8ce92f5ada1ae3ca1b9d119,37635,rendered_or_attachment,independent,,交付閱讀或附件證據；不以渲染副本覆蓋來源,PROPOSED_REVIEW_REQUIRED
a63db45ccfce8b087aa91bb9,Reference/Aerospace_Ecosystem_Report.qmd,570ee9dc66c1480ea1a2ccac8b195974966e8fa3cb8dbf377291a75c66950505,29748,source_document,aerospace,Reference/Aerospace_Ecosystem_Report.qmd,研究論述、來源與決策脈絡；歷史版本及待證主張亦保留,PROPOSED_REVIEW_REQUIRED
538ae0d77e8808803e72afff,Reference/Aerospace_Ecosystem_Report_files/libs/bootstrap/bootstrap-62e2d20df198e8a01bb734742f2e28cf.min.css,31b3b18b6d5ebc2c59503fe8a7468b51f0fe1a3b76d7571b22ec90a4140ab983,421064,other_asset,independent,,媒體、樣式、依賴或其他資產；需人工業務定義,PROPOSED_REVIEW_REQUIRED
0a4b738302cb06db6242e021,Reference/Aerospace_Ecosystem_Report_files/libs/bootstrap/bootstrap-67270d1595a62d14f123c043d4fb2f18.min.css,e7a79b1c931f8f345fd81730990b503977d4509ce58127ce0fc8ae77ccc02e1c,420753,other_asset,independent,,媒體、樣式、依賴或其他資產；需人工業務定義,PROPOSED_REVIEW_REQUIRED
74ea7298280998c5a4720e65,Reference/Aerospace_Ecosystem_Report_files/libs/bootstrap/bootstrap-icons.css,01253947f506e030589e4f33fc7ec7ccdfb9505e2e596dedf16445f12e243c0a,99464,other_asset,independent,,媒體、樣式、依賴或其他資產；需人工業務定義,PROPOSED_REVIEW_REQUIRED
3937826f169d5bb2a5f32a22,Reference/Aerospace_Ecosystem_Report_files/libs/bootstrap/bootstrap-icons.woff,f55513b7b591cb84a3b87ff0e34ea24d4831d6fedc22e54b911ca64b5b544a15,180288,other_asset,independent,,媒體、樣式、依賴或其他資產；需人工業務定義,PROPOSED_REVIEW_REQUIRED
200eb2fe2efde65ba44eaa2b,Reference/Aerospace_Ecosystem_Report_files/libs/bootstrap/bootstrap.min.js,d2ea6c1e0cabca20d18e924b25a1cd0187c38ba7c33f60ab06e1b0402b9bcdb5,80668,code_or_configuration,independent,,可重現加工、計算及設定；須版本化與執行環境,PROPOSED_REVIEW_REQUIRED
13f62929ee7ef6505e717053,Reference/Aerospace_Ecosystem_Report_files/libs/clipboard/clipboard.min.js,e17a1d816e13c0826e0ed7febfabc3277f45571234bde0bf9120829a7169edc9,9160,code_or_configuration,independent,,可重現加工、計算及設定；須版本化與執行環境,PROPOSED_REVIEW_REQUIRED
29a20a308c0b6b1dce0cb0e4,Reference/Aerospace_Ecosystem_Report_files/libs/quarto-html/anchor.min.js,69098e105d990f834cff1b7886d873444228ff63c590e5ff834d568f1115ed8b,5888,code_or_configuration,independent,,可重現加工、計算及設定；須版本化與執行環境,PROPOSED_REVIEW_REQUIRED
cc8046583ab75ca0f7f16eff,Reference/Aerospace_Ecosystem_Report_files/libs/quarto-html/popper.min.js,4d50586b184724d39ddfe0f6582861664eddd5e806e5a79e0dbaa832361414d0,20084,code_or_configuration,independent,,可重現加工、計算及設定；須版本化與執行環境,PROPOSED_REVIEW_REQUIRED
36b65752518e3308dbbc3adc,Reference/Aerospace_Ecosystem_Report_files/libs/quarto-html/quarto-syntax-highlighting-15634bcf2e68342d4ad2dfa704d543f6.css,34a771139d2d6c0740604b3afa6058dcbe1509743b19cb322147cdb2d57d343c,3678,other_asset,independent,,媒體、樣式、依賴或其他資產；需人工業務定義,PROPOSED_REVIEW_REQUIRED
055dc0412fac0996bb31fc22,Reference/Aerospace_Ecosystem_Report_files/libs/quarto-html/quarto-syntax-highlighting-64a204ab8560d761af7679ceaba22944.css,4973a76eb0de3b99bc67687ab2ecea249e552bae328dd8a952dad89732e9ec18,3678,other_asset,independent,,媒體、樣式、依賴或其他資產；需人工業務定義,PROPOSED_REVIEW_REQUIRED
00f524429cd6f90ad45a970e,Reference/Aerospace_Ecosystem_Report_files/libs/quarto-html/quarto.js,4ecb60f215d96b2af0fe9d985c71e32863b1c993a64725a416ac18b5991c59c6,26830,code_or_configuration,independent,,可重現加工、計算及設定；須版本化與執行環境,PROPOSED_REVIEW_REQUIRED
20a400945368cba8fc9eab5e,Reference/Aerospace_Ecosystem_Report_files/libs/quarto-html/tabsets/tabsets.js,a9c226bf70e82eaf5476f619cecfb70b4446b87ce4d1634d6404b0b2ba006d15,2882,code_or_configuration,independent,,可重現加工、計算及設定；須版本化與執行環境,PROPOSED_REVIEW_REQUIRED
b8a9b61a18fa0c39172fccf7,Reference/Aerospace_Ecosystem_Report_files/libs/quarto-html/tippy.css,5969f497d9158d7682f8219c6f13fa67269cdf5bf50a3931d95327151dee5678,1409,other_asset,independent,,媒體、樣式、依賴或其他資產；需人工業務定義,PROPOSED_REVIEW_REQUIRED
4aa6302f0319df5faa94395d,Reference/Aerospace_Ecosystem_Report_files/libs/quarto-html/tippy.umd.min.js,41181eeec6d7ba64cb9165f0e95563e34e026bde79e7c13aeec83270429b6fae,24033,code_or_configuration,independent,,可重現加工、計算及設定；須版本化與執行環境,PROPOSED_REVIEW_REQUIRED
8736e5dc26edf8b5c0980dc6,Reference/Aerospace_Ecosystem_Report_web_version.qmd,4748cd4fa8493298f6792bf19c8d1c09a661a45fc0119487ef55a54043386f68,53934,source_document,aerospace,Reference/Aerospace_Ecosystem_Report.qmd,研究論述、來源與決策脈絡；歷史版本及待證主張亦保留,PROPOSED_REVIEW_REQUIRED
f275bf80c4104f488beb4978,Reference/Baccarat-Ai-Automation-Report.html,a4a98dae36fba60a816ca3ac034d6490945ca0f5b5fee4bc6bc705d6b3be28e3,18875,rendered_or_attachment,independent,,交付閱讀或附件證據；不以渲染副本覆蓋來源,PROPOSED_REVIEW_REQUIRED
78304b8b3e00cc8c74ff6283,Reference/Baccarat-Ai-Automation-Report.md,a01032f8169a43bac4c024c7a1c8add890647f0eeae43272fb6a88a27616d6f7,17758,source_document,whitepaper,Reference/Whitepaper-Perfect-Baccarat-AI-Quant-Governance-V3-1-0.md,研究論述、來源與決策脈絡；歷史版本及待證主張亦保留,PROPOSED_REVIEW_REQUIRED
147dddccf443c07b1aabd2e9,Reference/Baccarat-Ai-Automation-Report.pdf,abcb3c5386f59cd552d7f93e50520be36145f0b9d383a455fe46c2a575395fff,1506322,rendered_or_attachment,independent,,交付閱讀或附件證據；不以渲染副本覆蓋來源,PROPOSED_REVIEW_REQUIRED
a84c686cce6abd872cb185dc,Reference/ChatGPT_上一輪回覆_地緣軍事宇航技術生態_20261006.md,658fab7767c3eecc03c1c59250321436204dbced2ca606a09a0877a9351d5326,30262,source_document,aerospace,Reference/Aerospace_Ecosystem_Report.qmd,研究論述、來源與決策脈絡；歷史版本及待證主張亦保留,PROPOSED_REVIEW_REQUIRED
005e441d586f04c42a895cd6,Reference/Geostrategy_Defense_Industry_Aerospace_and_Artificial_Interlligence_Ecosystem_Report.html,82cbdd2d3e9c0b788c43cd15f4acca9d44b761e884b1d143eb30ba6ff5961262,1968915,rendered_or_attachment,independent,,交付閱讀或附件證據；不以渲染副本覆蓋來源,PROPOSED_REVIEW_REQUIRED
3bd978adeb872c80c84ffd53,Reference/Geostrategy_Defense_Industry_Aerospace_and_Artificial_Interlligence_Ecosystem_Report.qmd,e94bedf0317bb44c2c82980eebe31fd3fb6702d83aa7d97a661473f1f5b2aa0e,46435,source_document,geostrategy,Reference/Geostrategy_Defense_Industry_Aerospace_and_Artificial_Interlligence_Ecosystem_Report.qmd,研究論述、來源與決策脈絡；歷史版本及待證主張亦保留,PROPOSED_REVIEW_REQUIRED
04a85ff3a5a67a13ad8cad23,Reference/Geostrategy_Defense_Industry_Aerospace_and_Artificial_Interlligence_Ecosystem_Report_meta.md,4512f84dee11abc85b25719300ba27566d589556d0f4f2f555fdc2866f3bfb8c,45372,source_document,geostrategy,Reference/Geostrategy_Defense_Industry_Aerospace_and_Artificial_Interlligence_Ecosystem_Report.qmd,研究論述、來源與決策脈絡；歷史版本及待證主張亦保留,PROPOSED_REVIEW_REQUIRED
7016d40b67853500a2f13756,Reference/Geostrategy_Defense_Industry_Aerospace_and_Artificial_Interlligence_Ecosystem_Report_web_version.qmd,fd0eab20fafd7072fb9a5e5798bcc7aa4436dc60410d6d8e270280a96942adc3,52869,source_document,geostrategy,Reference/Geostrategy_Defense_Industry_Aerospace_and_Artificial_Interlligence_Ecosystem_Report.qmd,研究論述、來源與決策脈絡；歷史版本及待證主張亦保留,PROPOSED_REVIEW_REQUIRED
4b7c35f6829077ed0e1ca9cd,Reference/Global_Technology_ISO249_Registry.html,4b28307f17f35a1eab2589d2106f5f84f80b401de32f9ae87358f92603b45cd1,1973606,rendered_or_attachment,independent,,交付閱讀或附件證據；不以渲染副本覆蓋來源,PROPOSED_REVIEW_REQUIRED
3b7019751b1aba876d8077c1,Reference/Global_Technology_ISO249_Registry.qmd,68d091b452621a8560c0455f6bc518add4a8a5b3c73b8fd0db5f916ad4f90487,43429,source_document,independent,,研究論述、來源與決策脈絡；歷史版本及待證主張亦保留,PROPOSED_REVIEW_REQUIRED
6400080c4b0d25980d91731c,Reference/Global_Technology_ISO249_Registry_B02.html,75ddc405792d34d471c65bd56089f5a1f8c361e1b9e344e59379bb2d4f066012,1917100,rendered_or_attachment,independent,,交付閱讀或附件證據；不以渲染副本覆蓋來源,PROPOSED_REVIEW_REQUIRED
1352a94bd8577677564c8637,Reference/Global_Technology_ISO249_Registry_B02.qmd,49924e3c061d999a680ecc7e2528af2d86a87613e166636b114ea71430bc17bd,12934,source_document,independent,,研究論述、來源與決策脈絡；歷史版本及待證主張亦保留,PROPOSED_REVIEW_REQUIRED
9e2cbf5a640fc245864932d4,Reference/Global_Technology_ISO249_Registry_B03.html,e7969cd845961878c06e2d8e8dc82ee3f1a4c2fa0b235ed9742e74afa0cc3f33,1915525,rendered_or_attachment,independent,,交付閱讀或附件證據；不以渲染副本覆蓋來源,PROPOSED_REVIEW_REQUIRED
35256d0d75b479a9aa820696,Reference/Global_Technology_ISO249_Registry_B03.qmd,363fe8f151a1bf6a29a7c57548e19e22cce19cae5991605f620c3434ecc2bbb3,11803,source_document,independent,,研究論述、來源與決策脈絡；歷史版本及待證主張亦保留,PROPOSED_REVIEW_REQUIRED
dc1de2028903a3883a2ff011,Reference/Global_Technology_ISO249_Registry_B04.html,b440f7da23818a04316cde6dd638c3681215097bfa4c924069849260753dbf71,1910501,rendered_or_attachment,independent,,交付閱讀或附件證據；不以渲染副本覆蓋來源,PROPOSED_REVIEW_REQUIRED
b04a0b6b8103dcffd4e51a53,Reference/Global_Technology_ISO249_Registry_B04.qmd,e10eac86b4a695ec2d78a73e1c27ff56c2f8abfbc1642247a9c2f30ed9a8f7a7,8907,source_document,independent,,研究論述、來源與決策脈絡；歷史版本及待證主張亦保留,PROPOSED_REVIEW_REQUIRED
e61f9190164544768244134a,Reference/ISO249_registry_manifest_20261004.json,52bd697429b7caa7240728e61f6cb19c3942e0f92e218b07796b289a6c2ec5fa,2619,structured_data,independent,,實體／主張／來源／測量的查詢與追溯；粒度待逐表確認,PROPOSED_REVIEW_REQUIRED
9faf78f6fa2515290f978490,Reference/Inteligent_egaming_platform_ref_v000.000.001.html,eb040f7f94dab33ede02476353fa4bcc0a2df2dcf0e95f6670f8b50fc2e4eaed,13095605,rendered_or_attachment,independent,,交付閱讀或附件證據；不以渲染副本覆蓋來源,PROPOSED_REVIEW_REQUIRED
f7cc3446b02c6dc124cee6e0,Reference/Inteligent_egaming_platform_ref_v000.000.001.qmd,c696b66f7f1a0ad7a2ecdc5a986c13a8fc22596dd6b8d4e80c0a5149a5905644,2398238,source_document,independent,,研究論述、來源與決策脈絡；歷史版本及待證主張亦保留,PROPOSED_REVIEW_REQUIRED
639f25cd7999b9faedc0e69e,Reference/Taige-Real-World-Report-V2-Enhanced.md,a7304b381a74890ac97a4391b56a196ce545922679f7f7936a0baed2d4dfe6f3,37518,source_document,real_world,Reference/真实版人物分析与治国策略服务_名录与九十日行令_v2_4_全球行政通信宇航生命证据增强版_20261004.md,研究論述、來源與決策脈絡；歷史版本及待證主張亦保留,PROPOSED_REVIEW_REQUIRED
d7195eafd19bfee02a4ce3d7,Reference/Taige-Real-World-Report.md,b8964ee529b8c15a4c2de196e5d37ed56c36eecce40fae744581962a888ae7d3,18707,source_document,real_world,Reference/真实版人物分析与治国策略服务_名录与九十日行令_v2_4_全球行政通信宇航生命证据增强版_20261004.md,研究論述、來源與決策脈絡；歷史版本及待證主張亦保留,PROPOSED_REVIEW_REQUIRED
7932e2d454b8032e3fd3deb6,Reference/Whitepaper-Online-Gaming-Baccarat-AI-V2-0-0.md,277da83ccd939731d33896c651f927bf234ff6a40f6d0eeeee996951066e0008,27086,source_document,whitepaper,Reference/Whitepaper-Perfect-Baccarat-AI-Quant-Governance-V3-1-0.md,研究論述、來源與決策脈絡；歷史版本及待證主張亦保留,PROPOSED_REVIEW_REQUIRED
839ea1c6f87bcdd363ec1eca,Reference/Whitepaper-Perfect-Baccarat-AI-Quant-Governance-V3-0-0.html,b4d471dd66a4b5eb6f8410c38d59149dfd0927f2c9e21d96f5fb7e5b5370e9dc,726239,rendered_or_attachment,independent,,交付閱讀或附件證據；不以渲染副本覆蓋來源,PROPOSED_REVIEW_REQUIRED
7780461e3a22cb2b729a089c,Reference/Whitepaper-Perfect-Baccarat-AI-Quant-Governance-V3-0-0.md,7032791b121fff57cbca9a05c0b15645eb64a78ff985f3f6be77e0cc48af5e81,58424,source_document,whitepaper,Reference/Whitepaper-Perfect-Baccarat-AI-Quant-Governance-V3-1-0.md,研究論述、來源與決策脈絡；歷史版本及待證主張亦保留,PROPOSED_REVIEW_REQUIRED
bce6e9ff5b69c09028183ed7,Reference/Whitepaper-Perfect-Baccarat-AI-Quant-Governance-V3-1-0.html,570d5681c0a6d9ad7d17c5a68939cc628d6931866992080af2ecd9983e9c59c9,755559,rendered_or_attachment,independent,,交付閱讀或附件證據；不以渲染副本覆蓋來源,PROPOSED_REVIEW_REQUIRED
a4a0043c253cf431fcbc8fd1,Reference/Whitepaper-Perfect-Baccarat-AI-Quant-Governance-V3-1-0.md,59c4f8b0895f7491fe5c49e1af5d0c7e2fd301b5492372c1f68dc7cf07da6db1,78994,source_document,whitepaper,Reference/Whitepaper-Perfect-Baccarat-AI-Quant-Governance-V3-1-0.md,研究論述、來源與決策脈絡；歷史版本及待證主張亦保留,PROPOSED_REVIEW_REQUIRED
e4713bfc64cf65aad4066bf4,Reference/compass_artifact_wf-6a2ba288-4cf0-5fbe-bfb6-8ca465509bca_text_markdown.md,ae96a1fb53d41af79c27749a1a764c643858421c5099d8689b34ec80f83adf75,39315,source_document,real_world,Reference/真实版人物分析与治国策略服务_名录与九十日行令_v2_4_全球行政通信宇航生命证据增强版_20261004.md,研究論述、來源與決策脈絡；歷史版本及待證主張亦保留,PROPOSED_REVIEW_REQUIRED
6c3d2f5b86bd4913e0612d62,Reference/perfect-baccarat-report.md,3b1816fdbfec834fa413f5e32fe8fb7c28c4e28331072226c9a3948ea942bc33,23830,source_document,whitepaper,Reference/Whitepaper-Perfect-Baccarat-AI-Quant-Governance-V3-1-0.md,研究論述、來源與決策脈絡；歷史版本及待證主張亦保留,PROPOSED_REVIEW_REQUIRED
4f98d37c1ad852be30eb70b9,Reference/tables/01_country_area/registry_country_area_iso3166_20261003.csv,b13b835d114bdb149393e5c970634158e312e75804518dfa592fd088615eb46d,62109,structured_data,independent,,實體／主張／來源／測量的查詢與追溯；粒度待逐表確認,PROPOSED_REVIEW_REQUIRED
f9fdbe1f31d3b4c1fe044a14,Reference/tables/01_country_area/registry_country_area_iso3166_20261004_enhanced.csv,938932e40337b843ce540e9da612cd579f18998d5b22c975b0b02c6632d142b8,165571,structured_data,independent,,實體／主張／來源／測量的查詢與追溯；粒度待逐表確認,PROPOSED_REVIEW_REQUIRED
986606c82cc26eefb74a7c8c,Reference/tables/01_country_area/registry_country_area_iso3166_20261004_enhanced.xlsx,67c850e6b5ac5f731a979ed5e91a478bafffd14bca31d13292951fe7a8df8b80,58134,other_asset,independent,,媒體、樣式、依賴或其他資產；需人工業務定義,PROPOSED_REVIEW_REQUIRED
4ae47e71a0462b289cfa13cb,Reference/tables/01_country_area/registry_country_area_iso3166_m49_e164_20261004.csv,ee4d97ccd3cde6a7be02d29446f8946c2c1da586cb1879c8e62fd3066a354edd,490585,structured_data,independent,,實體／主張／來源／測量的查詢與追溯；粒度待逐表確認,PROPOSED_REVIEW_REQUIRED
bac70f45b9e7086f23f8a4dd,Reference/tables/02_admin_units/registry_admin_units_iso3166_2_20261004.csv,e8f549e8f0f4ef809770258993123ee5a747ea905764db4127618cb7264795bd,1801435,structured_data,independent,,實體／主張／來源／測量的查詢與追溯；粒度待逐表確認,PROPOSED_REVIEW_REQUIRED
29bc8c30557182843e203f6b,Reference/tables/03_governance_monarchies/registry_sovereign_monarchies_20261004.csv,3fd0c5492e9ac11a4a40c45b942b36d8f9e5a9c0ba6bbbc05807e1a2624e1b26,9750,structured_data,independent,,實體／主張／來源／測量的查詢與追溯；粒度待逐表確認,PROPOSED_REVIEW_REQUIRED
a7065c686fa9545f60987d33,Reference/tables/04_gaming_catalogue/大秦赋算筹_游戏下载清单_20261002.csv,a75645a124a52f2a8f46c8d056eeb25250751124d5ae90ae4f7842b81ad530b2,5566,structured_data,independent,,實體／主張／來源／測量的查詢與追溯；粒度待逐表確認,PROPOSED_REVIEW_REQUIRED
6058774958bc647594515dc1,Reference/tables/05_realworld_ecosystems_20261004/README.md,9dabd6e89d656315b12175ad1f3e62326c912012f673eb3cc63564357a2d5db4,1500,source_document,independent,,研究論述、來源與決策脈絡；歷史版本及待證主張亦保留,PROPOSED_REVIEW_REQUIRED
ce1cc3927ff16155f9fe98ce,Reference/tables/05_realworld_ecosystems_20261004/industry_chain_contracts.csv,0f65be6393be197e7af0734c1bbc04d75bff10b430d8ae410b69fbf561563b90,1598,structured_data,independent,,實體／主張／來源／測量的查詢與追溯；粒度待逐表確認,PROPOSED_REVIEW_REQUIRED
6918c950edfb4158fd3fccbc,Reference/tables/05_realworld_ecosystems_20261004/provider_capabilities.csv,e639794024591ca4179eb71c63d7c1f184df3c8904f7f268119e08cb9f5a2fde,4474,structured_data,independent,,實體／主張／來源／測量的查詢與追溯；粒度待逐表確認,PROPOSED_REVIEW_REQUIRED
f9b4b2007a02438d43a36919,Reference/tables/05_realworld_ecosystems_20261004/public_relationships.csv,8af2fca884d195f3fdee346ab7359181641a926eedbe2d1709f02791e8f22d31,392,structured_data,independent,,實體／主張／來源／測量的查詢與追溯；粒度待逐表確認,PROPOSED_REVIEW_REQUIRED
3d6111c8da4063799e0482f5,Reference/tables/05_realworld_ecosystems_20261004/realworld_observations.csv,cd19296d09be0bc422e2a5cfafeb88194fb28d3f77d70eabcc9f8a9b8ae8f449,1838,structured_data,independent,,實體／主張／來源／測量的查詢與追溯；粒度待逐表確認,PROPOSED_REVIEW_REQUIRED
d4984026872154054247e1db,Reference/tables/05_realworld_ecosystems_20261004/sources.csv,a155dfdfadc27225276578b4f3fd9b02ea9b93bd0377eabd2f239cd4e8200290,4955,structured_data,independent,,實體／主張／來源／測量的查詢與追溯；粒度待逐表確認,PROPOSED_REVIEW_REQUIRED
56d89ff97ded7a2192349936,Reference/tables/06_frontier_ecosystem_20261006/README.md,6858177249008503bd074817375f15228bda3045f6e5b23456c31b916a86d1bf,2218,source_document,independent,,研究論述、來源與決策脈絡；歷史版本及待證主張亦保留,PROPOSED_REVIEW_REQUIRED
2bf7ce628583aefb62ad9033,Reference/tables/06_frontier_ecosystem_20261006/registry_frontier_claims.csv,349271d46d80b12283f3c61ca30ae40f2538feb27cd60899b3ecb2f6481474e6,37930,structured_data,independent,,實體／主張／來源／測量的查詢與追溯；粒度待逐表確認,PROPOSED_REVIEW_REQUIRED
719c326c4951b69c163a591f,Reference/tables/06_frontier_ecosystem_20261006/registry_frontier_organizations.csv,bfdcb90c9d7bb1f50d24076ccf286fbbaa0aa5da06403f3e2d66984da82a08f9,35172,structured_data,independent,,實體／主張／來源／測量的查詢與追溯；粒度待逐表確認,PROPOSED_REVIEW_REQUIRED
bd3aaf06661a60bc4b5b6808,Reference/tables/06_frontier_ecosystem_20261006/registry_frontier_sources.csv,f2b6ca77b4e4c32775746ce4d1ca3437eb88d61ae1e2f90ddb5ab0b3a90b0fe1,26860,structured_data,independent,,實體／主張／來源／測量的查詢與追溯；粒度待逐表確認,PROPOSED_REVIEW_REQUIRED
ef280921fcdcb6e20f80f42a,Reference/tables/07_global_technology_iso249_20261006/data_dictionary.json,af450eab051df7cf253ff5f57c3a75df24bdf6af2bbdb575b43a324d77fb6bec,4809,structured_data,independent,,實體／主張／來源／測量的查詢與追溯；粒度待逐表確認,PROPOSED_REVIEW_REQUIRED
8979105a13ed6d1afb7b30e0,Reference/tables/07_global_technology_iso249_20261006/registry_country_entity_relations.csv,1473c747ae89a9c8fb726bd656e646c25eccd4a38258e72acb1db8d2efb782e3,477,structured_data,independent,,實體／主張／來源／測量的查詢與追溯；粒度待逐表確認,PROPOSED_REVIEW_REQUIRED
994063035c4af609acd0ddb3,Reference/tables/07_global_technology_iso249_20261006/registry_country_search_leads.csv,08baaf73b7540d0db967fbdfb71792b08e7094ce0e4cdc5d81b0d30046143cec,295437,structured_data,independent,,實體／主張／來源／測量的查詢與追溯；粒度待逐表確認,PROPOSED_REVIEW_REQUIRED
7831335758459001018545c8,Reference/tables/07_global_technology_iso249_20261006/registry_country_technology_coverage.csv,868ba0f0af5a689a9d0c0f7659333d7e8956566e21e688062bf58a34143f139a,54756,structured_data,independent,,實體／主張／來源／測量的查詢與追溯；粒度待逐表確認,PROPOSED_REVIEW_REQUIRED
ac866c24bf0452bd76fc07f4,Reference/tables/07_global_technology_iso249_20261006/registry_global_claims.csv,fc439238e50cfb969866fe6105da4d086cf31374c58af51977586789431d2f10,55767,structured_data,independent,,實體／主張／來源／測量的查詢與追溯；粒度待逐表確認,PROPOSED_REVIEW_REQUIRED
4a7aed0c8c87464acca328ae,Reference/tables/07_global_technology_iso249_20261006/registry_global_organizations.csv,8ba1b22604a4ea5e9b2a465958444177c417c4fc3263ea36989609063fba8600,63042,structured_data,independent,,實體／主張／來源／測量的查詢與追溯；粒度待逐表確認,PROPOSED_REVIEW_REQUIRED
2d85ab495e14bf73c8b40920,Reference/tables/07_global_technology_iso249_20261006/registry_global_sources.csv,07c4157b7b4a6b2ccc9ba47713b33f70db974184fbef1d3b690c8a8b8a68c76f,50698,structured_data,independent,,實體／主張／來源／測量的查詢與追溯；粒度待逐表確認,PROPOSED_REVIEW_REQUIRED
e76fd1988892efb838a2faf2,Reference/tables/07_global_technology_iso249_20261006/registry_legacy_product_project_leads.csv,a3ebe602c1eeab1f818997e4740fb05b71a074a53b522ff445471c1b1ec81eba,24229,structured_data,independent,,實體／主張／來源／測量的查詢與追溯；粒度待逐表確認,PROPOSED_REVIEW_REQUIRED
709cc57dc7f578206847b629,Reference/tables/07_global_technology_iso249_20261006/registry_neurotechnology_global.csv,7eb48939e84dec9f37e1822487b6bde430223ba89b0976318db18a07ec82ed56,5631,structured_data,independent,,實體／主張／來源／測量的查詢與追溯；粒度待逐表確認,PROPOSED_REVIEW_REQUIRED
6f8dae093dd317a10aae3f89,Reference/tables/07_global_technology_iso249_20261006/registry_technology_products_tools.csv,965373c19b9799c06da6c55e99cde32922b9a56daae8393e3d6fe5de23d919b6,8592,structured_data,independent,,實體／主張／來源／測量的查詢與追溯；粒度待逐表確認,PROPOSED_REVIEW_REQUIRED
5fdd43f615722d36928dea7e,Reference/tables/08_global_technology_iso249_20261006_b02/data_dictionary.json,e98b5a7d5e8c2dbc2787f19751736349592acfbf8fe351074154631ef0ff59bd,5134,structured_data,independent,,實體／主張／來源／測量的查詢與追溯；粒度待逐表確認,PROPOSED_REVIEW_REQUIRED
1fd3001d956fb532d21e1776,Reference/tables/08_global_technology_iso249_20261006_b02/registry_country_entity_relations.csv,a5fcc0d1d39bfa7f4e26491f9ef60134fbdc36f96f69290831eaffdf5064912c,1633,structured_data,independent,,實體／主張／來源／測量的查詢與追溯；粒度待逐表確認,PROPOSED_REVIEW_REQUIRED
2d9e2cc545c416c551a7573b,Reference/tables/08_global_technology_iso249_20261006_b02/registry_country_technology_coverage.csv,15ef353966624f8c03898d5f0eb151681cfd2d08497f52b4b11d5908d85160df,54757,structured_data,independent,,實體／主張／來源／測量的查詢與追溯；粒度待逐表確認,PROPOSED_REVIEW_REQUIRED
e292ad024cf166ddfe0bb2b2,Reference/tables/08_global_technology_iso249_20261006_b02/registry_global_claims.csv,e0098aa25f0062f31f5c8f61c4cdc504ce7949b2338fa6c1ca89df571ac291c6,61192,structured_data,independent,,實體／主張／來源／測量的查詢與追溯；粒度待逐表確認,PROPOSED_REVIEW_REQUIRED
0bf242cf6465b2e8525ccb2b,Reference/tables/08_global_technology_iso249_20261006_b02/registry_global_organizations.csv,75eece57553558422c18fa29e0c0f612af97fd4f47f21debf29e2aea92228039,70903,structured_data,independent,,實體／主張／來源／測量的查詢與追溯；粒度待逐表確認,PROPOSED_REVIEW_REQUIRED
57ac67c00afce4b9ab238098,Reference/tables/08_global_technology_iso249_20261006_b02/registry_global_sources.csv,bb82b36eea370924e1d2e370a82c1ce5ef2bf9296b71fea54ad524a1a230a070,57337,structured_data,independent,,實體／主張／來源／測量的查詢與追溯；粒度待逐表確認,PROPOSED_REVIEW_REQUIRED
bca7d942076e5bf03658b94a,Reference/tables/08_global_technology_iso249_20261006_b02/registry_neurotechnology_global.csv,68759bafbd7b59bda5c6c19110b9cabace445f51377cd1ea8785bd669e2753a9,7298,structured_data,independent,,實體／主張／來源／測量的查詢與追溯；粒度待逐表確認,PROPOSED_REVIEW_REQUIRED
d6b6cc9c6911481e0917c42f,Reference/tables/08_global_technology_iso249_20261006_b02/registry_technology_metrics.csv,25f0ee1fad2e78d8c77c76723db2ef7d8c3c558058c2570d9bbd764ca1f4d56c,1935,structured_data,independent,,實體／主張／來源／測量的查詢與追溯；粒度待逐表確認,PROPOSED_REVIEW_REQUIRED
8a00e5e300bde00b5b9006fc,Reference/tables/08_global_technology_iso249_20261006_b02/registry_technology_products_tools.csv,39a1e912d3552a17ab29ba23117533ae170237b51c3da0a73dac02c5cc1e8d36,11743,structured_data,independent,,實體／主張／來源／測量的查詢與追溯；粒度待逐表確認,PROPOSED_REVIEW_REQUIRED
7a6e228a62b0cd7367abe18b,Reference/tables/09_global_technology_iso249_20261006_b03/data_dictionary.json,1577d1716b6fa469c8ec635ec739de7092f3e5ec54fe3b9aafaebd7da4f64200,5612,structured_data,independent,,實體／主張／來源／測量的查詢與追溯；粒度待逐表確認,PROPOSED_REVIEW_REQUIRED
0c29b8a92e6200dd66977423,Reference/tables/09_global_technology_iso249_20261006_b03/registry_country_entity_relations.csv,8238ac709f23dd4c7bc8e529038c10bec0b60dde277fffe450f805ba72a9749f,2005,structured_data,independent,,實體／主張／來源／測量的查詢與追溯；粒度待逐表確認,PROPOSED_REVIEW_REQUIRED
e73948eea5e26e300d1eb3c0,Reference/tables/09_global_technology_iso249_20261006_b03/registry_country_technology_coverage.csv,76f6563ac1c1892ad72597dc56bcc5e1f4b392b8f40a4c99205d5854b7d97474,54757,structured_data,independent,,實體／主張／來源／測量的查詢與追溯；粒度待逐表確認,PROPOSED_REVIEW_REQUIRED
e988510acbb7d1bcd9717fcd,Reference/tables/09_global_technology_iso249_20261006_b03/registry_global_claims.csv,7494e6e2064d7ee25d9a4514b7c62b980b6ab069ab21f18ffea2d593d91c821c,66161,structured_data,independent,,實體／主張／來源／測量的查詢與追溯；粒度待逐表確認,PROPOSED_REVIEW_REQUIRED
905344b66f93fae1f98db96e,Reference/tables/09_global_technology_iso249_20261006_b03/registry_global_organizations.csv,4f8ed43da97e6aabac4c3c550625ffcd1fd87688b61131290c56785e00df8b4e,79465,structured_data,independent,,實體／主張／來源／測量的查詢與追溯；粒度待逐表確認,PROPOSED_REVIEW_REQUIRED
e05f9ac06d12edd749e8000f,Reference/tables/09_global_technology_iso249_20261006_b03/registry_global_sources.csv,469ea2bd66852fc84c2893a62de4da8c3e76f9024756b7f584e24072154be093,63814,structured_data,independent,,實體／主張／來源／測量的查詢與追溯；粒度待逐表確認,PROPOSED_REVIEW_REQUIRED
1a0e61977f05bdb29655c702,Reference/tables/09_global_technology_iso249_20261006_b03/registry_neurotechnology_global.csv,68759bafbd7b59bda5c6c19110b9cabace445f51377cd1ea8785bd669e2753a9,7298,structured_data,independent,,實體／主張／來源／測量的查詢與追溯；粒度待逐表確認,PROPOSED_REVIEW_REQUIRED
8762eac22e159137e7617916,Reference/tables/09_global_technology_iso249_20261006_b03/registry_technology_metrics.csv,30bc50f30384b995c44f72bfc31d4e88c0fc11d700e8bffc28f257fc248a8f59,3503,structured_data,independent,,實體／主張／來源／測量的查詢與追溯；粒度待逐表確認,PROPOSED_REVIEW_REQUIRED
263bd489ec7a346e82668314,Reference/tables/09_global_technology_iso249_20261006_b03/registry_technology_products_tools.csv,723101629223baabdbe5156406a22a0b0a637194ed332d50999859f005e234db,13291,structured_data,independent,,實體／主張／來源／測量的查詢與追溯；粒度待逐表確認,PROPOSED_REVIEW_REQUIRED
df51232142fd3a73af6e234c,Reference/tables/10_global_technology_iso249_20261006_b04/data_dictionary.json,ebc8903b9f60b64ba3c1e407d46a66d1fa1210e98e65951932e7bf68dd419ab9,5591,structured_data,independent,,實體／主張／來源／測量的查詢與追溯；粒度待逐表確認,PROPOSED_REVIEW_REQUIRED
0c9f83104141fbaa95a5dccd,Reference/tables/10_global_technology_iso249_20261006_b04/registry_country_entity_relations.csv,8238ac709f23dd4c7bc8e529038c10bec0b60dde277fffe450f805ba72a9749f,2005,structured_data,independent,,實體／主張／來源／測量的查詢與追溯；粒度待逐表確認,PROPOSED_REVIEW_REQUIRED
ce6cad0d0dc83ba3bd32e50c,Reference/tables/10_global_technology_iso249_20261006_b04/registry_country_technology_coverage.csv,76f6563ac1c1892ad72597dc56bcc5e1f4b392b8f40a4c99205d5854b7d97474,54757,structured_data,independent,,實體／主張／來源／測量的查詢與追溯；粒度待逐表確認,PROPOSED_REVIEW_REQUIRED
7d05f4e1221aa1167f7658a5,Reference/tables/10_global_technology_iso249_20261006_b04/registry_global_claims.csv,7494e6e2064d7ee25d9a4514b7c62b980b6ab069ab21f18ffea2d593d91c821c,66161,structured_data,independent,,實體／主張／來源／測量的查詢與追溯；粒度待逐表確認,PROPOSED_REVIEW_REQUIRED
4fe1870c674039573da7cb4c,Reference/tables/10_global_technology_iso249_20261006_b04/registry_global_organizations.csv,4f8ed43da97e6aabac4c3c550625ffcd1fd87688b61131290c56785e00df8b4e,79465,structured_data,independent,,實體／主張／來源／測量的查詢與追溯；粒度待逐表確認,PROPOSED_REVIEW_REQUIRED
8538fc00a1f9471047a4e443,Reference/tables/10_global_technology_iso249_20261006_b04/registry_global_sources.csv,37fc0bd8c65b2b075a5c49ffaec5202d523e21fae50189ac3c69c1e25dcc4b62,66416,structured_data,independent,,實體／主張／來源／測量的查詢與追溯；粒度待逐表確認,PROPOSED_REVIEW_REQUIRED
66ab1c469d9b6d326c3f9a4b,Reference/tables/10_global_technology_iso249_20261006_b04/registry_neurotechnology_global.csv,68759bafbd7b59bda5c6c19110b9cabace445f51377cd1ea8785bd669e2753a9,7298,structured_data,independent,,實體／主張／來源／測量的查詢與追溯；粒度待逐表確認,PROPOSED_REVIEW_REQUIRED
927cfb04fec1f6d3edd0a459,Reference/tables/10_global_technology_iso249_20261006_b04/registry_technology_lifecycle_events.csv,dccbfb53ae30c9d3206163dd57b7b0220ee61573f7c994783daf3c914529ae56,367,structured_data,independent,,實體／主張／來源／測量的查詢與追溯；粒度待逐表確認,PROPOSED_REVIEW_REQUIRED
137f875088fdddf88c1de69b,Reference/tables/10_global_technology_iso249_20261006_b04/registry_technology_metrics.csv,322e2b56ffbf9341239e1b1e83699e9d4a8c040b7106fbd034a49a5b53bee4f9,5463,structured_data,independent,,實體／主張／來源／測量的查詢與追溯；粒度待逐表確認,PROPOSED_REVIEW_REQUIRED
61e1e6415f158a4a56d6119d,Reference/tables/10_global_technology_iso249_20261006_b04/registry_technology_products_tools.csv,64383446f3b6d099a08d6f7e0b9501a7afa78031a02dc0066a0302b58e0e413a,16855,structured_data,independent,,實體／主張／來源／測量的查詢與追溯；粒度待逐表確認,PROPOSED_REVIEW_REQUIRED
8048aabaa8aad69696c5b398,Reference/tables/README.md,68c6dcd417ca2ca69d4b68c2b8e446b1625441c2a63fcf8b66cf8ff1633f33da,575,source_document,independent,,研究論述、來源與決策脈絡；歷史版本及待證主張亦保留,PROPOSED_REVIEW_REQUIRED
a9b2748788a8cbd07972fbc3,Reference/三文件增量签发回执_2026-09-29.md,e11e4036d24aa57cc343416168d61c3dbba05ca88074b7f8851c5347ee261b89,2161,source_document,independent,,研究論述、來源與決策脈絡；歷史版本及待證主張亦保留,PROPOSED_REVIEW_REQUIRED
f358283bd522246f37dfeeee,Reference/全球在线博彩娱乐_AI量化科技与安全治理白皮书_2026-09-27.html,ab13d432dead8da33df1f884dcb95eefa2212296604b3035d81d01761b6a1b88,694605,rendered_or_attachment,independent,,交付閱讀或附件證據；不以渲染副本覆蓋來源,PROPOSED_REVIEW_REQUIRED
b1716a20f4324c71161a95da,Reference/全球在线博彩娱乐_AI量化科技与安全治理白皮书_2026-09-27.md,1bf00f46508ab44ba121f9abe9f516c1590d0abe4181342fa9122bb38018548c,38827,source_document,whitepaper,Reference/Whitepaper-Perfect-Baccarat-AI-Quant-Governance-V3-1-0.md,研究論述、來源與決策脈絡；歷史版本及待證主張亦保留,PROPOSED_REVIEW_REQUIRED
1414a973dde152b7b37b819d,Reference/在线博彩娱乐白皮书_完美真人百家乐_三价值统一架构_v0_2_0_DRAFT.html,677d7dcce8ecfe1cbe02f9f75474c6e05f417f1685f67dfbabd5e567c390c8af,749970,rendered_or_attachment,independent,,交付閱讀或附件證據；不以渲染副本覆蓋來源,PROPOSED_REVIEW_REQUIRED
a8fe98443f6b9bfdf4fbffa3,Reference/在线博彩娱乐白皮书_完美真人百家乐_三价值统一架构_v0_2_0_DRAFT.md,9e8b7dbaa58c01c446807111fe482c41a015f7b21c0afc0a6f1234b2199d501d,76936,source_document,three_value_draft,Reference/在线博彩娱乐白皮书_完美真人百家乐_三价值统一架构_v0_3_0_DRAFT.md,研究論述、來源與決策脈絡；歷史版本及待證主張亦保留,PROPOSED_REVIEW_REQUIRED
ff6ab3a5ea51e73d94b75d30,Reference/在线博彩娱乐白皮书_完美真人百家乐_三价值统一架构_v0_3_0_DRAFT.html,504df3f323ee280ff2c03e20035f815afbcabd3997a2aa651f05c42472a3e653,761027,rendered_or_attachment,independent,,交付閱讀或附件證據；不以渲染副本覆蓋來源,PROPOSED_REVIEW_REQUIRED
c16e80b2bec534afb0436357,Reference/在线博彩娱乐白皮书_完美真人百家乐_三价值统一架构_v0_3_0_DRAFT.md,0e4317346f2e2380b406e525ccc29a263936b5823541b6ed9c8687ba85b48e57,84096,source_document,three_value_draft,Reference/在线博彩娱乐白皮书_完美真人百家乐_三价值统一架构_v0_3_0_DRAFT.md,研究論述、來源與決策脈絡；歷史版本及待證主張亦保留,PROPOSED_REVIEW_REQUIRED
e97fa5fba09ccaf7e7b5e8ed,Reference/在线博彩娱乐白皮书_百家乐体育彩券_三价值统一架构_v0_1_0_DRAFT.md,08e30c0c2b6a0acb1a423be75d6f7b2a285c99bcb3b45ce6efb7fc1b051f3451,25473,source_document,three_value_draft,Reference/在线博彩娱乐白皮书_完美真人百家乐_三价值统一架构_v0_3_0_DRAFT.md,研究論述、來源與決策脈絡；歷史版本及待證主張亦保留,PROPOSED_REVIEW_REQUIRED
795681138414fe7e41547225,Reference/地緣學、軍事、宇航、策略服務平臺提問.txt,9d8fd2f5c75d980194c9e8200568f422cebec900ff4bb5b09cbee3e743fe166b,142043,source_document,aerospace,Reference/Aerospace_Ecosystem_Report.qmd,研究論述、來源與決策脈絡；歷史版本及待證主張亦保留,PROPOSED_REVIEW_REQUIRED
fd43a1014089aa01c18fdfdf,Reference/地緣宇航開源生態_商業化增量章節_20261006.md,bf0778337ac3258ee0a651ca1c57b4e3048d69090216f7b3f97c1334e2aede08,28999,source_document,aerospace,Reference/Aerospace_Ecosystem_Report.qmd,研究論述、來源與決策脈絡；歷史版本及待證主張亦保留,PROPOSED_REVIEW_REQUIRED
3abd48dade82f4befe18592c,Reference/地緣軍事宇航策略平臺_全量問答與本對話回覆_20261006.md,60fbda5d5e8422fe72191fa0730e66a797624539e840018ec48b53f1883942d3,151404,source_document,aerospace,Reference/Aerospace_Ecosystem_Report.qmd,研究論述、來源與決策脈絡；歷史版本及待證主張亦保留,PROPOSED_REVIEW_REQUIRED
eab5ea775e56961cf0f9295c,Reference/地緣軍事宇航策略生態_全量合流驗收回執_20261006.md,6532b484ed0a01d474244e59f741cd9a32ba9cfc59f1fd700111f0bf0572ddbd,2373,source_document,independent,,研究論述、來源與決策脈絡；歷史版本及待證主張亦保留,PROPOSED_REVIEW_REQUIRED
a5f0df24d1161cdaf6beda9b,Reference/地緣軍事宇航策略生態_審校變更回執_20261006.md,cd04629ccc37d7f4eeefd446119e41b6e8178d4b3ba25def1949afad5903df22,2681,source_document,independent,,研究論述、來源與決策脈絡；歷史版本及待證主張亦保留,PROPOSED_REVIEW_REQUIRED
b0f08c07542163c453ab897b,Reference/大秦赋算筹_游戏下载结果_20261002.md,aafdd19daede325e90b03eb5a9e979e675f67c5375059f45cc82b2efb84e780c,8789,source_document,independent,,研究論述、來源與決策脈絡；歷史版本及待證主張亦保留,PROPOSED_REVIEW_REQUIRED
b730b83b95923368b76fed19,Reference/文件核查与写入状态报告.md,c275b3b4e442ab94998a2db12528d4d570c9c5941a4aedcdc9a2b27e6dae3a07,2676,source_document,independent,,研究論述、來源與決策脈絡；歷史版本及待證主張亦保留,PROPOSED_REVIEW_REQUIRED
576f2a8cfa68e9d191987ec4,Reference/查证现实策略服务.txt,40fe53e6f2b8f4ba5fbaf914d61ac93e4ddad0474f675ffe258e35c773505594,130270,source_document,real_world,Reference/真实版人物分析与治国策略服务_名录与九十日行令_v2_4_全球行政通信宇航生命证据增强版_20261004.md,研究論述、來源與決策脈絡；歷史版本及待證主張亦保留,PROPOSED_REVIEW_REQUIRED
2cd1609cd29967b22cd65e3f,Reference/查证现实策略服务之ChatGPT篇.txt,268745d64b77d3381144d1a2f438171f714a5d9696142e520f8d6d9f9b90d7e5,126347,source_document,real_world,Reference/真实版人物分析与治国策略服务_名录与九十日行令_v2_4_全球行政通信宇航生命证据增强版_20261004.md,研究論述、來源與決策脈絡；歷史版本及待證主張亦保留,PROPOSED_REVIEW_REQUIRED
f607d8ca281761887f537d03,Reference/真实版人物分析与治国策略服务 · 名录与九十日行令.md,19dc7e969d53509381dfd916eb1ce477e02a71982d9b2258c243fe9b809b9a1b,26748,source_document,real_world,Reference/真实版人物分析与治国策略服务_名录与九十日行令_v2_4_全球行政通信宇航生命证据增强版_20261004.md,研究論述、來源與決策脈絡；歷史版本及待證主張亦保留,PROPOSED_REVIEW_REQUIRED
cabc13bddb6be8b6e865cda8,Reference/真实版人物分析与治国策略服务_名录与九十日行令_v2_0_20261003.md,79ab858c7dae940ec07c4dee9a02ea2b9da3c2be0ee1e636167c317225b4a894,61030,source_document,real_world,Reference/真实版人物分析与治国策略服务_名录与九十日行令_v2_4_全球行政通信宇航生命证据增强版_20261004.md,研究論述、來源與決策脈絡；歷史版本及待證主張亦保留,PROPOSED_REVIEW_REQUIRED
d7fdfa7103214b53bf2b89cf,Reference/真实版人物分析与治国策略服务_名录与九十日行令_v2_1_百业生态增强版_20261003.md,92635da957ae78d3b99bc54f195182d4788b87f31fd64dbbd0e8b88bd4789228,85938,source_document,real_world,Reference/真实版人物分析与治国策略服务_名录与九十日行令_v2_4_全球行政通信宇航生命证据增强版_20261004.md,研究論述、來源與決策脈絡；歷史版本及待證主張亦保留,PROPOSED_REVIEW_REQUIRED
6e9de91fd9ba48e5bdde2550,Reference/真实版人物分析与治国策略服务_名录与九十日行令_v2_2_寰宇地缘太阳系增强版_20261003.md,6ffa007760fdcb88562ba0b3f33fd5de6ad53a22fbcabce327fb5b759667bb14,128872,source_document,real_world,Reference/真实版人物分析与治国策略服务_名录与九十日行令_v2_4_全球行政通信宇航生命证据增强版_20261004.md,研究論述、來源與決策脈絡；歷史版本及待證主張亦保留,PROPOSED_REVIEW_REQUIRED
a8af3c24b62621d85f05b55d,Reference/真实版人物分析与治国策略服务_名录与九十日行令_v2_3_全球全域百业集团生态增强版_20261003.md,7fe9f7eee56ac24e66d79ad937d0ad9cd6ccde616bee7b1426dfb50f7dd66142,166201,source_document,real_world,Reference/真实版人物分析与治国策略服务_名录与九十日行令_v2_4_全球行政通信宇航生命证据增强版_20261004.md,研究論述、來源與決策脈絡；歷史版本及待證主張亦保留,PROPOSED_REVIEW_REQUIRED
3afb2fe0df5a0035a57b16d4,Reference/真实版人物分析与治国策略服务_名录与九十日行令_v2_4_ISO249全球政府机构增强版_20261004.md,7c37da2c0be1b6d3d8cbb8649d57092bf171fecd32ec02d459cbaaa640051d13,173561,source_document,real_world,Reference/真实版人物分析与治国策略服务_名录与九十日行令_v2_4_全球行政通信宇航生命证据增强版_20261004.md,研究論述、來源與決策脈絡；歷史版本及待證主張亦保留,PROPOSED_REVIEW_REQUIRED
b9809b3ba3ad7e965398dd76,Reference/真实版人物分析与治国策略服务_名录与九十日行令_v2_4_全球行政通信宇航生命证据增强版_20261004.html,5050937b63ff7889880057cb858e790815a2882319e892312eb26e08510a11df,912875,rendered_or_attachment,independent,,交付閱讀或附件證據；不以渲染副本覆蓋來源,PROPOSED_REVIEW_REQUIRED
9faab10dbe7637d71c5e639b,Reference/真实版人物分析与治国策略服务_名录与九十日行令_v2_4_全球行政通信宇航生命证据增强版_20261004.md,8f575279ca2bf21c55c22d1d1f4c2ec3815924bf6b37fcb2710a087fd01037ed,249236,source_document,real_world,Reference/真实版人物分析与治国策略服务_名录与九十日行令_v2_4_全球行政通信宇航生命证据增强版_20261004.md,研究論述、來源與決策脈絡；歷史版本及待證主張亦保留,PROPOSED_REVIEW_REQUIRED
152e75660393f96f5de74e9e,Reference/附件核查与报告补齐草案.md,fe7ee1aa24fe41ae6349a3dc1766065f6eeef85b13b913d642bc41e71e4f7e93,1727,source_document,geostrategy,Reference/Geostrategy_Defense_Industry_Aerospace_and_Artificial_Interlligence_Ecosystem_Report.qmd,研究論述、來源與決策脈絡；歷史版本及待證主張亦保留,PROPOSED_REVIEW_REQUIRED
ec930be2c2d9372be3432096,Reference/電腦已昇級至視窗11版（工欲善其事必先利其器）.html,1b1791583330aaf5229c5aed77cfc3c2a0cb6380d96f3686431ca6dfcd01f7f2,4921710,rendered_or_attachment,independent,,交付閱讀或附件證據；不以渲染副本覆蓋來源,PROPOSED_REVIEW_REQUIRED
16a840c2747cb93906046734,Reference/電腦已昇級至視窗11版（工欲善其事必先利其器）.qmd,d154fb5e5392b9f0db7ca9c06acefb54ce087d314d8d178688d12501e07c1b0d,587851,source_document,independent,,研究論述、來源與決策脈絡；歷史版本及待證主張亦保留,PROPOSED_REVIEW_REQUIRED
ded2d798ed4e1debc630a7f9,Reference/顶级在线百家乐平台_AI与跨行业量化科技_移植总表_v1_0_0.md,3774d18854770171e81c9323aa40962fe06f9acffd2d2c1a910db08d9d3c8f7e,80374,source_document,whitepaper,Reference/Whitepaper-Perfect-Baccarat-AI-Quant-Governance-V3-1-0.md,研究論述、來源與決策脈絡；歷史版本及待證主張亦保留,PROPOSED_REVIEW_REQUIRED
49db78bf415eebff1c3cfaab,V1.0.0/CHANGELOG.html,72f5fcf7fb0fa3581a2534141eabdd20ded5ba0d9ea7895b8c05bd2e95d38917,624748,rendered_or_attachment,independent,,交付閱讀或附件證據；不以渲染副本覆蓋來源,PROPOSED_REVIEW_REQUIRED
651a103b20913434acfd57d7,V1.0.0/CHANGELOG.md,334ef321606a6f823dd2823429631a7f3d2c1667e16ee260624003bf336d5f95,789,source_document,independent,,研究論述、來源與決策脈絡；歷史版本及待證主張亦保留,PROPOSED_REVIEW_REQUIRED
61823361e9da12197eddef46,V1.0.0/CONTRIBUTING.html,7b71deeec6ec566cc5951afb7990bacd6de32248de2cdc6bd8ac64612eaf4357,624623,rendered_or_attachment,independent,,交付閱讀或附件證據；不以渲染副本覆蓋來源,PROPOSED_REVIEW_REQUIRED
a7d459a220c5227587a93a78,V1.0.0/README.html,69e35023c7cac644af2d0bafb2da591f4206b615b1cdbcfe642270b634dab8ec,632857,rendered_or_attachment,independent,,交付閱讀或附件證據；不以渲染副本覆蓋來源,PROPOSED_REVIEW_REQUIRED
6f7632f483e5fb08f7466fd9,V1.0.0/README.md,75d53542aa3666bcfbb804304ff92ad1cbd0fbbc3760267b76a55b6bf453d883,2988,source_document,independent,,研究論述、來源與決策脈絡；歷史版本及待證主張亦保留,PROPOSED_REVIEW_REQUIRED
3781a3443e7505fcfc750850,V1.0.0/ROADMAP.html,d262abb7f7399527a9a99ce0607556c58bdedf9082f2292f31a8e6e9aa6c13b6,628466,rendered_or_attachment,independent,,交付閱讀或附件證據；不以渲染副本覆蓋來源,PROPOSED_REVIEW_REQUIRED
963cf0271d878b498ca3ba18,V1.0.0/ROADMAP.md,b6c951c203d60954269ba395a4c2ea0028db3ef16d09a7cc2e0fe7673d01fc5a,2240,source_document,independent,,研究論述、來源與決策脈絡；歷史版本及待證主張亦保留,PROPOSED_REVIEW_REQUIRED
487a13f3b4cd3723f1e1abf9,V2.0.1/.editorconfig,8f3c01377782bcbd95631f4343eff2474177dcbcb1d53bbf943d50e60ed6e03e,47,other_asset,independent,,媒體、樣式、依賴或其他資產；需人工業務定義,PROPOSED_REVIEW_REQUIRED
48e3ad78aa84376a1d5e6244,V2.0.1/.gitignore,c52108a7444b80c1f2bf96e118894f5bb4243b27c3f570fa82cd7b3cd6264de0,28,other_asset,independent,,媒體、樣式、依賴或其他資產；需人工業務定義,PROPOSED_REVIEW_REQUIRED
22eb59729fa18d6193b082a4,V2.0.1/CHANGELOG.md,11ea452cdb3bb368fe2f7bffacfd4015109e8d22349210a48dbc1bf7b5d66bd0,48,source_document,independent,,研究論述、來源與決策脈絡；歷史版本及待證主張亦保留,PROPOSED_REVIEW_REQUIRED
24e37e9183761103b8c83379,V2.0.1/README.md,d63909883cd834af583e2fd38e793f78750d0c26ce161749375df9a1c6e980fb,72,source_document,independent,,研究論述、來源與決策脈絡；歷史版本及待證主張亦保留,PROPOSED_REVIEW_REQUIRED
af4b338e22114f1cd8960cb7,V2.0.1/ROADMAP.md,cd389d335f271f3b4df361e3e0440b00483844bef4ff8a7d1441a30825caf9e1,54,source_document,independent,,研究論述、來源與決策脈絡；歷史版本及待證主張亦保留,PROPOSED_REVIEW_REQUIRED
9b606661f623261e3eb700b9,V2.0.1/architecture/System_Architecture.md,297f04f7774906fa36d5cc4c3c2938279eda42b402f719d41e9fc098e15a66c8,71,source_document,independent,,研究論述、來源與決策脈絡；歷史版本及待證主張亦保留,PROPOSED_REVIEW_REQUIRED
6ecf08231234ff428c488139,V2.0.1/customer360/README.md,58d1e1531c20600e7425df39d94c88ba8b52f38796c1f61e22e59b3c03be016c,28,source_document,independent,,研究論述、來源與決策脈絡；歷史版本及待證主張亦保留,PROPOSED_REVIEW_REQUIRED
bf94d0d5b5144f02dab60ecb,V2.0.1/decision_intelligence/README.md,09c9ba59e4cc614e748af834129a0129100aff6efde4e5fd5060204026f68f06,24,source_document,independent,,研究論述、來源與決策脈絡；歷史版本及待證主張亦保留,PROPOSED_REVIEW_REQUIRED
f3db20f2cdc030b3b8b424c9,V2.0.1/experiments/EXP_TEMPLATE/README.md,2462dcafa089f1c13d691a4bd67a6b7b077cac69ee9f0f9716504df62b5bc927,22,source_document,independent,,研究論述、來源與決策脈絡；歷史版本及待證主張亦保留,PROPOSED_REVIEW_REQUIRED
ad3c84a17e3068c61565f0fa,V2.0.1/feature/ods-data-dictionary-governance/.gitignore,b290a310ad7f6c63cad06a71e657b951f07761e75385be44d8c3517184d33dc5,816,other_asset,independent,,媒體、樣式、依賴或其他資產；需人工業務定義,PROPOSED_REVIEW_REQUIRED
f2ba13a85ba299b955b1e5f4,V2.0.1/feature/ods-data-dictionary-governance/CHANGELOG.html,b3d1ca6e65a42977ab11ddaf2ec59eaba18f356c72ce2deff85f0652cd265208,4950,rendered_or_attachment,independent,,交付閱讀或附件證據；不以渲染副本覆蓋來源,PROPOSED_REVIEW_REQUIRED
79a5fb635f4bf4f84100f356,V2.0.1/feature/ods-data-dictionary-governance/CHANGELOG.md,828345362c83e5bdb8c8b5703e244815cf7c6ff10ee91c42df054f6a64411422,758,source_document,independent,,研究論述、來源與決策脈絡；歷史版本及待證主張亦保留,PROPOSED_REVIEW_REQUIRED
2474b36baae0e05106aba2f6,V2.0.1/feature/ods-data-dictionary-governance/CONTRIBUTING.html,ad7de03baa4bb9cdf2d4a69c3bc5ea501de8c1b916685bec5bff7e22dceb35ce,4842,rendered_or_attachment,independent,,交付閱讀或附件證據；不以渲染副本覆蓋來源,PROPOSED_REVIEW_REQUIRED
01e1edcca6c7f52cd587e987,V2.0.1/feature/ods-data-dictionary-governance/CONTRIBUTING.md,f37a9a1680ebd2d915f182617903eabdb4851defadae7f4f42893fe915024ffd,638,source_document,independent,,研究論述、來源與決策脈絡；歷史版本及待證主張亦保留,PROPOSED_REVIEW_REQUIRED
e01dd5cc526bcc171094a5ca,V2.0.1/feature/ods-data-dictionary-governance/LICENSE,a5a19b30a96d79ab2c80eb330797e5f534b8bb306c646d219e08d38f00dcdf26,2380,other_asset,independent,,媒體、樣式、依賴或其他資產；需人工業務定義,PROPOSED_REVIEW_REQUIRED
2af676f5f8c3862993390556,V2.0.1/feature/ods-data-dictionary-governance/README.html,396bf9b7c4de42aba90df50ea0c4fdef87877d989a0118cd90c1ec6a01c1d2b2,7939,rendered_or_attachment,independent,,交付閱讀或附件證據；不以渲染副本覆蓋來源,PROPOSED_REVIEW_REQUIRED
df3683a6a604cf64b8dc338c,V2.0.1/feature/ods-data-dictionary-governance/README.md,3693199923c6323cb08d1b441a05e1ecb59cc909965b7f5facb5904e5bf24239,3340,source_document,independent,,研究論述、來源與決策脈絡；歷史版本及待證主張亦保留,PROPOSED_REVIEW_REQUIRED
f07a23487d7314fe02a50e09,V2.0.1/feature/ods-data-dictionary-governance/ROADMAP.html,27076525fed53c5bdbbf5c73cd7f8e27bf6c8a44bf3a5e091a75647eb06dba50,8276,rendered_or_attachment,independent,,交付閱讀或附件證據；不以渲染副本覆蓋來源,PROPOSED_REVIEW_REQUIRED
4ace287a55bc7e13836a5129,V2.0.1/feature/ods-data-dictionary-governance/ROADMAP.md,64ae819ce2001fa24d81edcc85cf12b060f658bb338ed34127b41fa216ba35bc,2217,source_document,independent,,研究論述、來源與決策脈絡；歷史版本及待證主張亦保留,PROPOSED_REVIEW_REQUIRED
3297400bf5cc120448f2316d,V2.0.1/feature/ods-data-dictionary-governance/create_ogdil.py,d36445f8a4444f6fcc9d6444af3c75957866ed9c58b2a5911e5f8ee99de0ca06,3313,code_or_configuration,independent,,可重現加工、計算及設定；須版本化與執行環境,PROPOSED_REVIEW_REQUIRED
f5a1ff93a6c1d41ea4982725,V2.0.1/feature/ods-data-dictionary-governance/docs/01_Project/Development_Standards.html,1779f54e0c81431091a182e93a07accba60a7b674252d181e3b97e42462c9eab,7710,rendered_or_attachment,independent,,交付閱讀或附件證據；不以渲染副本覆蓋來源,PROPOSED_REVIEW_REQUIRED
ea575e036f42761c9b4080cc,V2.0.1/feature/ods-data-dictionary-governance/docs/01_Project/Development_Standards.md,07b75d9a1080b32935a81d53ee0b984572949219ffa740e1e42bc5d882d7c324,2324,source_document,independent,,研究論述、來源與決策脈絡；歷史版本及待證主張亦保留,PROPOSED_REVIEW_REQUIRED
5c2b9a0f55dab2cae4873828,V2.0.1/feature/ods-data-dictionary-governance/docs/01_Project/OGDIL_Charter.html,3d2cddb13f5fc160a50fa21caa1ce6924c0d66cf4b09795b6b65476a32149a29,7579,rendered_or_attachment,independent,,交付閱讀或附件證據；不以渲染副本覆蓋來源,PROPOSED_REVIEW_REQUIRED
e4addf807559dc82f8348717,V2.0.1/feature/ods-data-dictionary-governance/docs/01_Project/OGDIL_Charter.md,f67b079303d555fe0a112adde7ca321b02024322ef23115fe1202b9c925bce2a,2656,source_document,independent,,研究論述、來源與決策脈絡；歷史版本及待證主張亦保留,PROPOSED_REVIEW_REQUIRED
a2d7245db58c68b971a8daad,V2.0.1/feature/ods-data-dictionary-governance/docs/03_Data_Dictionary/03_ODS_DATA_DICTIONARY_GOVERNANCE.md,e3b0c44298fc1c149afbf4c8996fb92427ae41e4649b934ca495991b7852b855,0,source_document,independent,,研究論述、來源與決策脈絡；歷史版本及待證主張亦保留,PROPOSED_REVIEW_REQUIRED
3910746115bd21c01a1f736a,V2.0.1/feature/ods-data-dictionary-governance/docs/03_Data_Dictionary/04_ODS_SCHEMA_VERSIONING.md,e3b0c44298fc1c149afbf4c8996fb92427ae41e4649b934ca495991b7852b855,0,source_document,independent,,研究論述、來源與決策脈絡；歷史版本及待證主張亦保留,PROPOSED_REVIEW_REQUIRED
126b876c35a42bff6903ad3d,V2.0.1/feature/ods-data-dictionary-governance/docs/04_Metadata_Governance/DATA_CLASSIFICATION_STANDARD.md,9883fa61615c7340a3721f02056280bf1f3a0bc03cf9cc02b63d39c8a881430c,3153,source_document,independent,,研究論述、來源與決策脈絡；歷史版本及待證主張亦保留,PROPOSED_REVIEW_REQUIRED
2254ce3e0705ac74d1b09ce4,V2.0.1/feature/ods-data-dictionary-governance/docs/04_Metadata_Governance/DATA_LINEAGE_STANDARD.md,bf4b03e2582d09ba2f6a0a0278a13bd0f8afc484443ea7dbd5d365baa0245c68,2756,source_document,independent,,研究論述、來源與決策脈絡；歷史版本及待證主張亦保留,PROPOSED_REVIEW_REQUIRED
9b678c9cfd5b6b908ac9beea,V2.0.1/feature/ods-data-dictionary-governance/docs/04_Metadata_Governance/DATA_QUALITY_STANDARD.md,ea2d52353dac59b91b9890def1df35b8f1be4d79dd401725cc09fbe273bf9116,2802,source_document,independent,,研究論述、來源與決策脈絡；歷史版本及待證主張亦保留,PROPOSED_REVIEW_REQUIRED
05b6284dc6eafff7b078c201,V2.0.1/feature/ods-data-dictionary-governance/docs/04_Metadata_Governance/METADATA_CHANGE_POLICY.md,50cc8d4ac382ca8c563fd0c4c86bc716b4c742a0dc2475717590e76e9a529d18,2659,source_document,independent,,研究論述、來源與決策脈絡；歷史版本及待證主張亦保留,PROPOSED_REVIEW_REQUIRED
1110b7423b005bb6dbeefd67,V2.0.1/feature/ods-data-dictionary-governance/docs/04_Metadata_Governance/METADATA_GOVERNANCE_FRAMEWORK.md,e38ec60e82772cf154f880d1203117476670743a4e2f8c3808ac68bcac6e58ed,3947,source_document,independent,,研究論述、來源與決策脈絡；歷史版本及待證主張亦保留,PROPOSED_REVIEW_REQUIRED
ea940abd5af33e7da10b4a60,V2.0.1/feature/ods-data-dictionary-governance/docs/04_Metadata_Governance/README.md,5d4961243500f4f68df4f0932ce6533b700b111682adf34d4e1e1ee6280b0d67,1282,source_document,independent,,研究論述、來源與決策脈絡；歷史版本及待證主張亦保留,PROPOSED_REVIEW_REQUIRED
654bff3104e69a0f759a3b81,V2.0.1/feature/ods-data-dictionary-governance/scripts/metadata/bootstrap_metadata_governance.py,c0494e9522e8a2e1e810be41713321d6141ac7fd219e1eab58e825ec022aaa9f,7812,code_or_configuration,independent,,可重現加工、計算及設定；須版本化與執行環境,PROPOSED_REVIEW_REQUIRED
307c4df9f231ec1c54a6e7dd,V2.0.1/feature_store/README.md,a11d2b6a69238b588ab01f0ac1de841f9cb8e5c8c41e93fb9a2b5e9427aee99d,30,source_document,independent,,研究論述、來源與決策脈絡；歷史版本及待證主張亦保留,PROPOSED_REVIEW_REQUIRED
680f3e34e4abc9b23f887cc3,V2.0.1/governance/README.md,445ae16a5cf57c79ab9f57f237505c3a1ca6648535c22b03d26760d4b32fc673,48,source_document,independent,,研究論述、來源與決策脈絡；歷史版本及待證主張亦保留,PROPOSED_REVIEW_REQUIRED
af4b766f11b20ae76f569b49,V2.0.1/research/Research_Themes.md,37d99ebc4c82063106277e88711efe0ef7218e48f7d1280b0f187510dab7e271,100,source_document,independent,,研究論述、來源與決策脈絡；歷史版本及待證主張亦保留,PROPOSED_REVIEW_REQUIRED
4a70232c55d80da3a86b68ba,V2.0.1/research/Scientific_Question_Registry.md,1acdc4944b173ee8e9b9bacd78d9372c4761f074f7151f52d393660a58f777d8,67,source_document,independent,,研究論述、來源與決策脈絡；歷史版本及待證主張亦保留,PROPOSED_REVIEW_REQUIRED
fe5be0ea712e1ca5b374c2ea,V2.0.1/spark/PySpark/README.md,b7397357677bf4febcf9cb5fb5603a08fb81b59bbd8cadb5451821d403628835,16,source_document,independent,,研究論述、來源與決策脈絡；歷史版本及待證主張亦保留,PROPOSED_REVIEW_REQUIRED
dfca1ea06800771fa89b83fc,V2.0.1/spark/README.md,de699f41c636b93640a6c7c0f493c8b1a364985aa8df41a6fed7f007e821d31e,39,source_document,independent,,研究論述、來源與決策脈絡；歷史版本及待證主張亦保留,PROPOSED_REVIEW_REQUIRED
af82f460f9ee626e3c34220d,V2.0.1/spark/SparkR/README.md,9e6cdf9c16504003230affc5ee5a09b28b2acca08168821a666b178a1c6b0c53,15,source_document,independent,,研究論述、來源與決策脈絡；歷史版本及待證主張亦保留,PROPOSED_REVIEW_REQUIRED
f3e98f3e9a993dcb6d24fc34,V2.0.1/spark/sparklyr/README.md,f70eee7bad5ba807ba21b8fef93ff2040c29df1788dc4bccf362713e318fb94e,17,source_document,independent,,研究論述、來源與決策脈絡；歷史版本及待證主張亦保留,PROPOSED_REVIEW_REQUIRED
0f9140d244c9aabbf33bd374,V2.0.1/statistics/Bayesian/README.md,93246f9f2fe8bf15cc74194eed7826e567623eeb26e6425773bfa20583a75d89,20,source_document,independent,,研究論述、來源與決策脈絡；歷史版本及待證主張亦保留,PROPOSED_REVIEW_REQUIRED
63d6d63553fc5a0b3d9ae4ef,V2.0.1/statistics/HLM/README.md,3881b3f89e753e3672a4ba19d8945d9cbc2bac04456f5ab830504bac26de8319,29,source_document,independent,,研究論述、來源與決策脈絡；歷史版本及待證主張亦保留,PROPOSED_REVIEW_REQUIRED
37b37fce0b5d42209f22314d,V2.0.1/statistics/README.md,cc075b330887d8c0dbd4b0090855b97b8e83a16acb272e0913bf85adcf29084b,30,source_document,independent,,研究論述、來源與決策脈絡；歷史版本及待證主張亦保留,PROPOSED_REVIEW_REQUIRED
893d4b4e7fdbe311d34a35da,V2.0.1/statistics/Survival/README.md,33d0b0bde96dd38fb90e819d8d399ce936fcfab109cee4b1ede9e0ade6c53c67,20,source_document,independent,,研究論述、來源與決策脈絡；歷史版本及待證主張亦保留,PROPOSED_REVIEW_REQUIRED
1a763af8139ff0a0c4997f85,_大秦赋算筹_v1_2_2.html,b0d8c59627715d4b6d98389b38cc5dca7fc5ffed894d723598204f4fb97bbc9b,3713050,rendered_or_attachment,independent,,交付閱讀或附件證據；不以渲染副本覆蓋來源,PROPOSED_REVIEW_REQUIRED
6539000567ece8f227138277,_大秦赋算筹_v1_2_2.qmd,4681505414aaee53da4e3e6eca45e9a30552b46210ab000004da6ac8c0c25293,358379,source_document,daqin,_大秦赋算筹_v1_3_9.qmd,研究論述、來源與決策脈絡；歷史版本及待證主張亦保留,PROPOSED_REVIEW_REQUIRED
758bbf6159430b65f8af9127,_大秦赋算筹_v1_3_0.html,b1d2a505c7fc8c649088b8b9014b7712d37b964f34d0696f53583264260f5169,5218671,rendered_or_attachment,independent,,交付閱讀或附件證據；不以渲染副本覆蓋來源,PROPOSED_REVIEW_REQUIRED
6b8b8cd91736ac63f2b32116,_大秦赋算筹_v1_3_0.qmd,7df3c8f9243abc32cd55644339cc83538f8f5374ef2ae9f677a8a8c90497b543,625431,source_document,daqin,_大秦赋算筹_v1_3_9.qmd,研究論述、來源與決策脈絡；歷史版本及待證主張亦保留,PROPOSED_REVIEW_REQUIRED
4ad78c292a3a9572745ee4f0,_大秦赋算筹_v1_3_1.qmd,7e506a1cd5fbb6c39db694f656ad54a59a2a7ea67cfeb69f654d97c92d4d654e,646428,source_document,daqin,_大秦赋算筹_v1_3_9.qmd,研究論述、來源與決策脈絡；歷史版本及待證主張亦保留,PROPOSED_REVIEW_REQUIRED
3a1ddc82139d58fa2bd7915d,_大秦赋算筹_v1_3_2.qmd,98be6d2c77ab808ac228cce6968486bcf3a8b1884dedd1c6b7b3bbab49ce0b06,675437,source_document,daqin,_大秦赋算筹_v1_3_9.qmd,研究論述、來源與決策脈絡；歷史版本及待證主張亦保留,PROPOSED_REVIEW_REQUIRED
dab441ce01046d5397ff6466,_大秦赋算筹_v1_3_3.qmd,460e84117513fa6f735b4d3bcd3000e505afbef2013e9e827e9db550dc377411,742992,source_document,daqin,_大秦赋算筹_v1_3_9.qmd,研究論述、來源與決策脈絡；歷史版本及待證主張亦保留,PROPOSED_REVIEW_REQUIRED
62b19ab872ca8ef41620a04f,_大秦赋算筹_v1_3_4.qmd,97a3d5e320bc708b8be47e875cdd678100c2b95d644dd5475874411620b1b412,694101,source_document,daqin,_大秦赋算筹_v1_3_9.qmd,研究論述、來源與決策脈絡；歷史版本及待證主張亦保留,PROPOSED_REVIEW_REQUIRED
7ae82c272e92e15228da41b1,_大秦赋算筹_v1_3_5.qmd,23f012334098d0691e6fc39fc276f423ad2bd3d245ffbf46b4f90c3bad7a6b0c,706363,source_document,daqin,_大秦赋算筹_v1_3_9.qmd,研究論述、來源與決策脈絡；歷史版本及待證主張亦保留,PROPOSED_REVIEW_REQUIRED
c4ad239fc853d66ea0b59e12,_大秦赋算筹_v1_3_6.qmd,57ed3d2387d97f5003299e2864563bed90e60890deee09eb8e31f91d8cd852dd,716634,source_document,daqin,_大秦赋算筹_v1_3_9.qmd,研究論述、來源與決策脈絡；歷史版本及待證主張亦保留,PROPOSED_REVIEW_REQUIRED
7934660fddbfb66eb2ae003e,_大秦赋算筹_v1_3_7.qmd,f73ee7009d10dd20f713b8f60a05870228ae266a31a19d79cd8433c84bcc43f7,731461,source_document,daqin,_大秦赋算筹_v1_3_9.qmd,研究論述、來源與決策脈絡；歷史版本及待證主張亦保留,PROPOSED_REVIEW_REQUIRED
7be27745e9c131376e47d4f0,_大秦赋算筹_v1_3_8.qmd,4568dcb64638ca43b2738e209d272440438c27810c6c6291a83b24fdcf46fd5c,742753,source_document,daqin,_大秦赋算筹_v1_3_9.qmd,研究論述、來源與決策脈絡；歷史版本及待證主張亦保留,PROPOSED_REVIEW_REQUIRED
9821b257a9c33219a96bbe77,_大秦赋算筹_v1_3_9.qmd,276515a5c766a86f2bb14e3871dafb1f3c37e66338dbb3659e9097fd1ed93fd7,829459,source_document,daqin,_大秦赋算筹_v1_3_9.qmd,研究論述、來源與決策脈絡；歷史版本及待證主張亦保留,PROPOSED_REVIEW_REQUIRED
29d2cc3a8ebe90abd21c5206,create_ogdil.py,da9f252c25ba13ad927ee5dc1622ed3d70236edf963d13cc2e10f70b1ca963c8,2571,code_or_configuration,independent,,可重現加工、計算及設定；須版本化與執行環境,PROPOSED_REVIEW_REQUIRED
d6af180040e916a4972c6a18,docs/01_Project/Development_Standards.html,4618fae82e9e82c82450b8f185c322e04bce9aa2db8d5cd76936d43ab7d3dd6f,627547,rendered_or_attachment,independent,,交付閱讀或附件證據；不以渲染副本覆蓋來源,PROPOSED_REVIEW_REQUIRED
2385e1d406a065f38dc59c4b,docs/01_Project/Development_Standards.md,bfc712219cd7a1ac64c02216ac62cbdcd5e9370fe0a61670bf9212620272d950,2202,source_document,independent,,研究論述、來源與決策脈絡；歷史版本及待證主張亦保留,PROPOSED_REVIEW_REQUIRED
2c98730609d135cd812f8732,docs/01_Project/OGDIL_Charter.html,42d324b96f2abeaa29c67df41f3486f4db6df126038c7edfabcb87a3d7741511,627294,rendered_or_attachment,independent,,交付閱讀或附件證據；不以渲染副本覆蓋來源,PROPOSED_REVIEW_REQUIRED
5ab2eb063671413b8883ce74,docs/01_Project/OGDIL_Charter.md,e336e4d474f2d546135e62f5de846e166d46f4a2fdb28aa5437d770778f50f74,2550,source_document,independent,,研究論述、來源與決策脈絡；歷史版本及待證主張亦保留,PROPOSED_REVIEW_REQUIRED
903c926b2281e9b1f90021ce,online-gaming-decision-intelligence-lab.Rproj,aa1bb6b4e0ed0325d1e781f5b6eacf7549b809566866accf8ca605331d136816,218,other_asset,independent,,媒體、樣式、依賴或其他資產；需人工業務定義,PROPOSED_REVIEW_REQUIRED
d4f57e9900bd4d9bc49f8bfa,reports/2026-10-04/audit_csv.py,70f18ad5a9cb83458286b60bafe3cd9114565d524c5aa0df19268bbbbf59daa5,3108,code_or_configuration,independent,,可重現加工、計算及設定；須版本化與執行環境,PROPOSED_REVIEW_REQUIRED
6dc619efd5483fe064d53aae,reports/2026-10-04/audit_project.py,7c39ddd25685eabb8487910ddc4bfa4ff5e0bab10a3a72532c7ed06c5c9f2331,4208,code_or_configuration,independent,,可重現加工、計算及設定；須版本化與執行環境,PROPOSED_REVIEW_REQUIRED
2ac776655702447475baaa34,reports/2026-10-04/audit_summary.json,597a5c0ee04f498058e14a83b83efded9760ea3257b6d61da428b23088c40b14,281,structured_data,independent,,實體／主張／來源／測量的查詢與追溯；粒度待逐表確認,PROPOSED_REVIEW_REQUIRED
1200a4d35f005671ffe443e2,reports/2026-10-04/build_catalogue.py,cac9d5303cb3896b1b411cfbed238936ad33f7aa6e3a66159aa6bb62d401847f,14683,code_or_configuration,independent,,可重現加工、計算及設定；須版本化與執行環境,PROPOSED_REVIEW_REQUIRED
b381befe11889dc4e4c38e8f,reports/2026-10-04/continuation_files_verification.json,ae963fc5db201309f3ee8dda79f77f5b8d7e9a53f0737d731eda19a32b1c57d4,185,structured_data,independent,,實體／主張／來源／測量的查詢與追溯；粒度待逐表確認,PROPOSED_REVIEW_REQUIRED
824c4f726a228dddb4120166,reports/2026-10-04/continue_checks_round3.py,6c909c011924e17d6ecb83689d7eac339056164de40e0cc676f50a195a0ad50f,2328,code_or_configuration,independent,,可重現加工、計算及設定；須版本化與執行環境,PROPOSED_REVIEW_REQUIRED
62d9ff1fb08a01f46c2f6b11,reports/2026-10-04/continue_review.py,6718a4da2268ad828f789e40b6c08196bd4d55900cf8e27d80692014398dd213,4516,code_or_configuration,independent,,可重現加工、計算及設定；須版本化與執行環境,PROPOSED_REVIEW_REQUIRED
080f915fbf79debefb4b552d,reports/2026-10-04/correct_terminology.py,2e6bfc3eff11c38276e5f6cf0814053505e9b4012c76024d44c01c3da75a8185,3470,code_or_configuration,independent,,可重現加工、計算及設定；須版本化與執行環境,PROPOSED_REVIEW_REQUIRED
e73df86f58c8beeac8e31f79,reports/2026-10-04/cross_document_consistency/README.md,714799fecaf8f1050f61eb61bbfec83789d62824ff5925205778d1e02e7479b6,5501,source_document,independent,,研究論述、來源與決策脈絡；歷史版本及待證主張亦保留,PROPOSED_REVIEW_REQUIRED
383fd9ac8b990a33533ba9c5,reports/2026-10-04/cross_document_consistency/adjudicate_batch02.py,e279dfeb916d70757dd3686c8812422b3d79235eee7271567550320b8dc7e09b,6115,code_or_configuration,independent,,可重現加工、計算及設定；須版本化與執行環境,PROPOSED_REVIEW_REQUIRED
eae1fa3dedc3693acd9f4756,reports/2026-10-04/cross_document_consistency/adjudicate_batch03.py,21164cf6e8c423901cab199f0ae26fcff41c67f95eb51e7cffc4f31227fbcb63,3264,code_or_configuration,independent,,可重現加工、計算及設定；須版本化與執行環境,PROPOSED_REVIEW_REQUIRED
aec9cc8ddd4a600fecf45479,reports/2026-10-04/cross_document_consistency/adjudicate_batch04.py,ae66d0fd821cd79c16040c98d9bb44d99aa7b113c8a8287fd76381afdfa09a18,4729,code_or_configuration,independent,,可重現加工、計算及設定；須版本化與執行環境,PROPOSED_REVIEW_REQUIRED
c92da98908f4da90a2d67b2c,reports/2026-10-04/cross_document_consistency/adjudicate_batch05.py,c0b7ce194db0d25305a26e5bd41de9ed65651625174dd9b071ff3b847a894f46,4354,code_or_configuration,independent,,可重現加工、計算及設定；須版本化與執行環境,PROPOSED_REVIEW_REQUIRED
dba4daa66aa2041ab150bd3c,reports/2026-10-04/cross_document_consistency/adjudicate_batch06.py,bc09e43a9ca02734a160e1657fd6070aff6143e474a3eef4c4a99221df8c771c,5470,code_or_configuration,independent,,可重現加工、計算及設定；須版本化與執行環境,PROPOSED_REVIEW_REQUIRED
4b25384eb5dd2d55f05b529e,reports/2026-10-04/cross_document_consistency/adjudicate_v_candidates.py,295e1d71f40dabf53eda275c06b895484e8c072945c2b1cada72f023af571fbe,3793,code_or_configuration,independent,,可重現加工、計算及設定；須版本化與執行環境,PROPOSED_REVIEW_REQUIRED
023b497b3efce25014bcd677,reports/2026-10-04/cross_document_consistency/before_documents.zip,9b44cd166fc11bb916519bde73fd6dd85313dbacdb2b7d0ce21ac434cf6c6a11,449342,other_asset,independent,,媒體、樣式、依賴或其他資產；需人工業務定義,PROPOSED_REVIEW_REQUIRED
e8fc0ae66328f10c0096cf73,reports/2026-10-04/cross_document_consistency/build_mark_crosswalk.py,3494a0b38130c753925d6194094e60224d0a41ae9ac46ff12cd865a3d91b7fd2,8628,code_or_configuration,independent,,可重現加工、計算及設定；須版本化與執行環境,PROPOSED_REVIEW_REQUIRED
08e311277d8fdd6da45d0119,reports/2026-10-04/cross_document_consistency/check_cross_doc.py,a72d1d4a6a8432d61b976903263f931452a4b1ded88648c103c49ee3069335f5,7848,code_or_configuration,independent,,可重現加工、計算及設定；須版本化與執行環境,PROPOSED_REVIEW_REQUIRED
d5835e2662744905573899b4,reports/2026-10-04/cross_document_consistency/evidence/iaf_membership_b988d55de72f.html,cb6cb69a801076566e29bcf372fce5e5be621d35ea752b768c5a727239dc1690,38469,rendered_or_attachment,independent,,交付閱讀或附件證據；不以渲染副本覆蓋來源,PROPOSED_REVIEW_REQUIRED
def43a041b278e68b2d2de5b,reports/2026-10-04/cross_document_consistency/evidence/manifest.json,9bb47b98b488941a181183f47a736d9b6ab97c1512e4c48e71aba25e2a292349,663,structured_data,independent,,實體／主張／來源／測量的查詢與追溯；粒度待逐表確認,PROPOSED_REVIEW_REQUIRED
4d19b684a34ff605490f522f,reports/2026-10-04/cross_document_consistency/merge_registry_r2.py,86252bf84a5cbf296fbfa9e65244611e2b3ee6d17c32f29a88541c16b2d25027,6617,code_or_configuration,independent,,可重現加工、計算及設定；須版本化與執行環境,PROPOSED_REVIEW_REQUIRED
596b1655ab8784c006efb478,reports/2026-10-04/cross_document_consistency/registry_r2_receipt.json,6fe9c9083241fb627fed81ae36dd79cc08d7a14057b2b860fe900e06bb018732,700,structured_data,independent,,實體／主張／來源／測量的查詢與追溯；粒度待逐表確認,PROPOSED_REVIEW_REQUIRED
bb601a79222ce3c50d52e5fa,reports/2026-10-04/cross_document_consistency/registry_r3_receipt.json,00522dd6ac85194f22bdbb213b4003f72cbde75d66d22dd8a518962839377769,731,structured_data,independent,,實體／主張／來源／測量的查詢與追溯；粒度待逐表確認,PROPOSED_REVIEW_REQUIRED
c7e5703b2412240f5fa72eb5,reports/2026-10-04/cross_document_consistency/registry_r4_receipt.json,a9950fd864498672907ae9794b9ed41ad919595b848a6a4412be02d9feadd644,920,structured_data,independent,,實體／主張／來源／測量的查詢與追溯；粒度待逐表確認,PROPOSED_REVIEW_REQUIRED
9ca83ffd78450ea8b49bc90b,reports/2026-10-04/cross_document_consistency/registry_r5_receipt.json,0ed08886b736afe0bfa4a263eb63f769a58ce765f536de361c426def2a37e0d1,1091,structured_data,independent,,實體／主張／來源／測量的查詢與追溯；粒度待逐表確認,PROPOSED_REVIEW_REQUIRED
46e57d2c6cce9e4e1e39521f,reports/2026-10-04/cross_document_consistency/registry_r6_receipt.json,5b8d79669906ee4a52898c384b8611388f8d9626c57b43a6231b39142603dcfe,1206,structured_data,independent,,實體／主張／來源／測量的查詢與追溯；粒度待逐表確認,PROPOSED_REVIEW_REQUIRED
25587286d84458c15fd083c4,reports/2026-10-04/cross_document_consistency/tables/mark_crosswalk.csv,fd959ac1ac428ef56631dbeee42d3f312eb5c93963902e15a7e1d018db773f83,18958,structured_data,independent,,實體／主張／來源／測量的查詢與追溯；粒度待逐表確認,PROPOSED_REVIEW_REQUIRED
79665b3c5987b41dab0cc1d0,reports/2026-10-04/cross_document_consistency/tables/registry_r2_changes.csv,6688b04d2834a7efca433482fc9315dab73c901a263ffb3c6033794060046322,7903,structured_data,independent,,實體／主張／來源／測量的查詢與追溯；粒度待逐表確認,PROPOSED_REVIEW_REQUIRED
aeddb9832f65b569551460c5,reports/2026-10-04/cross_document_consistency/tables/registry_r3_changes.csv,ee02a0e7ed7eb59419ec0d00cb88adf0d27899b1bb5fd1d415cefec90ae52891,20507,structured_data,independent,,實體／主張／來源／測量的查詢與追溯；粒度待逐表確認,PROPOSED_REVIEW_REQUIRED
7deeea62c90929fbaa00a259,reports/2026-10-04/cross_document_consistency/tables/registry_r4_changes.csv,2df762b02fccadb6c7bd82ef299b2460f18f44cb5e16cde4989087a2066bc95a,21391,structured_data,independent,,實體／主張／來源／測量的查詢與追溯；粒度待逐表確認,PROPOSED_REVIEW_REQUIRED
73c084823f524a252097b3c9,reports/2026-10-04/cross_document_consistency/tables/registry_r5_changes.csv,cb35296d014ed8ee94c6045a2690976c8c6ea1211602c79abf8741a121762fa5,22762,structured_data,independent,,實體／主張／來源／測量的查詢與追溯；粒度待逐表確認,PROPOSED_REVIEW_REQUIRED
d817e68b7566e21d77863ab6,reports/2026-10-04/cross_document_consistency/tables/registry_r6_changes.csv,d6afb0caf039d34a7e256bc35215ac88c8d00433936f5e927ff61abfebfb8edf,30581,structured_data,independent,,實體／主張／來源／測量的查詢與追溯；粒度待逐表確認,PROPOSED_REVIEW_REQUIRED
aff76c0667bb1ffaeb8dbdc2,reports/2026-10-04/cross_document_consistency/tables/u_review_batch01.csv,2ce4a8b5cfaf6f0d2a76049dfb96d49c30eb4b0e95d958e4e9355fe453f2eb2f,7545,structured_data,independent,,實體／主張／來源／測量的查詢與追溯；粒度待逐表確認,PROPOSED_REVIEW_REQUIRED
e274205c45569c954a7178c6,reports/2026-10-04/cross_document_consistency/tables/u_review_batch02_adjudication.csv,57eba173fa207970892c4d3643e624a4fce4eb67d754bd45aa1e92860bc97037,31729,structured_data,independent,,實體／主張／來源／測量的查詢與追溯；粒度待逐表確認,PROPOSED_REVIEW_REQUIRED
f2727b2e296ea71da3a0406b,reports/2026-10-04/cross_document_consistency/tables/u_review_batch02_checks.csv,5d3b021a7e7347aff0c08eb83c43b5b7b0cf167d8e2c7574aff105c5e9acbf96,35252,structured_data,independent,,實體／主張／來源／測量的查詢與追溯；粒度待逐表確認,PROPOSED_REVIEW_REQUIRED
b68015ef1fd8f26f3b8e4b8e,reports/2026-10-04/cross_document_consistency/tables/u_review_batch02_urls.csv,181a9e5396e0ffaf83f711c708360c2955d18ffbe891b7c979ec0f44dd1cbe2b,7606,structured_data,independent,,實體／主張／來源／測量的查詢與追溯；粒度待逐表確認,PROPOSED_REVIEW_REQUIRED
cc09996f44492913528850bc,reports/2026-10-04/cross_document_consistency/tables/u_review_batch03_adjudication.csv,835e56672f983dfb7c9cef30e626e688a9bfcfbb4434c0d3d4873668b0818433,3920,structured_data,independent,,實體／主張／來源／測量的查詢與追溯；粒度待逐表確認,PROPOSED_REVIEW_REQUIRED
8e261a759838806a6d30af36,reports/2026-10-04/cross_document_consistency/tables/u_review_batch03_checks.csv,27dcb8c35f4e775d1abe6363087c79cb06a2e2f5f33f1b7940bc2423ef96d77f,3550,structured_data,independent,,實體／主張／來源／測量的查詢與追溯；粒度待逐表確認,PROPOSED_REVIEW_REQUIRED
afa32d8177249dada188c3b9,reports/2026-10-04/cross_document_consistency/tables/u_review_batch03_urls.csv,5691ec51af9a1375f4278265c75941a3e6f4efdaf0b769d652f3d5fa85c80dec,818,structured_data,independent,,實體／主張／來源／測量的查詢與追溯；粒度待逐表確認,PROPOSED_REVIEW_REQUIRED
6365beb898a55f663e048c3f,reports/2026-10-04/cross_document_consistency/tables/u_review_batch04_adjudication.csv,3daf14323298522595f9f199fbb72dbd213037560f563d48ea2d392f92439464,5905,structured_data,independent,,實體／主張／來源／測量的查詢與追溯；粒度待逐表確認,PROPOSED_REVIEW_REQUIRED
801fd569fdcdd637abd6254d,reports/2026-10-04/cross_document_consistency/tables/u_review_batch04_checks.csv,3e1b2db2195a143248c6842fa8739accc38edd5025e752718468e5ae03fd8805,4342,structured_data,independent,,實體／主張／來源／測量的查詢與追溯；粒度待逐表確認,PROPOSED_REVIEW_REQUIRED
bf89c40e9172e21c1e7078c8,reports/2026-10-04/cross_document_consistency/tables/u_review_batch04_urls.csv,26a47941110704a41f20ef83de959a46f3c8fdd0738c244741e4cfebf9aa6934,995,structured_data,independent,,實體／主張／來源／測量的查詢與追溯；粒度待逐表確認,PROPOSED_REVIEW_REQUIRED
1b9d26499be06f43fd5a9e67,reports/2026-10-04/cross_document_consistency/tables/u_review_batch05_adjudication.csv,d5ae545605e8489bb3cc2f0bb58721910341b9ecb6e5ea08f88f60dc63d30423,16467,structured_data,independent,,實體／主張／來源／測量的查詢與追溯；粒度待逐表確認,PROPOSED_REVIEW_REQUIRED
ccec3e27777cf40b930cb742,reports/2026-10-04/cross_document_consistency/tables/u_review_batch05_checks.csv,e3a14008ef80f9cb6d5c8c441ea45f0199d3c555777399f2800a8e30301ade5d,17100,structured_data,independent,,實體／主張／來源／測量的查詢與追溯；粒度待逐表確認,PROPOSED_REVIEW_REQUIRED
509787215be734df492270cc,reports/2026-10-04/cross_document_consistency/tables/u_review_batch05_urls.csv,db262d90c93a4de6b53335f4e644c60c2379469ac0ada1b0a0b102d716e51781,3674,structured_data,independent,,實體／主張／來源／測量的查詢與追溯；粒度待逐表確認,PROPOSED_REVIEW_REQUIRED
95765b059991ad057ad855b1,reports/2026-10-04/cross_document_consistency/tables/u_review_batch06_adjudication.csv,33a021435a083b1295e9c2ee79941a813d3a3274b6760ac9fb7aa4b3e79c75ce,5781,structured_data,independent,,實體／主張／來源／測量的查詢與追溯；粒度待逐表確認,PROPOSED_REVIEW_REQUIRED
60003e9503670ee117ce29b5,reports/2026-10-04/cross_document_consistency/tables/v_candidate_adjudication.csv,0b1c2b533e869883a8e8151401e2fd66e12b0af2b454137ab70d725536bd3020,13434,structured_data,independent,,實體／主張／來源／測量的查詢與追溯；粒度待逐表確認,PROPOSED_REVIEW_REQUIRED
3967eeaa13813d08f56b5bee,reports/2026-10-04/cross_document_consistency/tables/v_candidate_checks.csv,069a0474228ea42750126a452c4978cd975224a6893cea74a50f392c694782b4,15708,structured_data,independent,,實體／主張／來源／測量的查詢與追溯；粒度待逐表確認,PROPOSED_REVIEW_REQUIRED
5e9dcd013dc61d1a690605bc,reports/2026-10-04/cross_document_consistency/verify_url_batch.py,3ee156d4554ca8aa44c7e61bd6209ec23d83150273d701ebd25ec054c60c5b69,2779,code_or_configuration,independent,,可重現加工、計算及設定；須版本化與執行環境,PROPOSED_REVIEW_REQUIRED
0c8d5de5f3841d324194d02c,reports/2026-10-04/cross_document_consistency/verify_v_candidates.py,ab5b556b507a2c2aa30b078c1229f17a32283d398910d6f70fc3d180ed154018,3797,code_or_configuration,independent,,可重現加工、計算及設定；須版本化與執行環境,PROPOSED_REVIEW_REQUIRED
6b213f78eea41260229f95a1,reports/2026-10-04/csv_audit.json,629f116c8c3eb353aae88898b19cf27840d4714fd6d4a0ea42450a7f836da3c7,1377,structured_data,independent,,實體／主張／來源／測量的查詢與追溯；粒度待逐表確認,PROPOSED_REVIEW_REQUIRED
90d5213bd4e4bbbbb8c2d6e0,reports/2026-10-04/dgef/acceptance_tests.txt,a4e67278b11cf803bb0f894650676cf3322c1c1539234798e74f4b93d8443c70,1101,source_document,independent,,研究論述、來源與決策脈絡；歷史版本及待證主張亦保留,PROPOSED_REVIEW_REQUIRED
e7182b86415abc1df6c466a2,reports/2026-10-04/dgef/attachment_snapshot.txt,f0b66bb1206b6fa191aaf6727527f49f455cff85c5a613a0ad321e9661278d34,27808,source_document,independent,,研究論述、來源與決策脈絡；歷史版本及待證主張亦保留,PROPOSED_REVIEW_REQUIRED
9e55c48c24c4789964613503,reports/2026-10-04/dgef/baseline_sha256.json,e4afe332e78c1b929c9a4b0c5a0aa0bb57c5a3a0428296f36baff0fc23909c05,456,structured_data,independent,,實體／主張／來源／測量的查詢與追溯；粒度待逐表確認,PROPOSED_REVIEW_REQUIRED
9d907b32551aeac8cbaf80f3,reports/2026-10-04/dgef/before_dgef_integration.zip,92c3bf0ddf6377b3524db9f95af5d755b01b95d35ddf54a50a4dbe76008f6165,3859317,other_asset,independent,,媒體、樣式、依賴或其他資產；需人工業務定義,PROPOSED_REVIEW_REQUIRED
f0793021b9641e92ffb196d5,reports/2026-10-04/dgef/before_public_ingestion.sqlite,4f35bf14f04ee0175e7fe327aeaff13d3cccfacae5e7bf6f82fdd90b8d7f188a,15446016,structured_data,independent,,實體／主張／來源／測量的查詢與追溯；粒度待逐表確認,PROPOSED_REVIEW_REQUIRED
1d9eb9b63674fe767defd76c,reports/2026-10-04/dgef/final_verification.json,e2c9bc72878b503be2a8b19386dea771d952e2dbf4fc07d27e737b46f9d07c12,1346,structured_data,independent,,實體／主張／來源／測量的查詢與追溯；粒度待逐表確認,PROPOSED_REVIEW_REQUIRED
49a5eeb3949bd82e11000ca8,reports/2026-10-04/dgef/integration_verification.json,463b7edfded55ac5f216802bdbb7615209bed5682fdbf064fcf216f1008dbb82,650,structured_data,independent,,實體／主張／來源／測量的查詢與追溯；粒度待逐表確認,PROPOSED_REVIEW_REQUIRED
30cbd7fdb8f451658d04b785,reports/2026-10-04/dgef/public_acceptance_tests.txt,0ddc3ec25a122bf36f415122855ecfe4384376ecd6f8614be098e2cd6c0b44ae,894,source_document,independent,,研究論述、來源與決策脈絡；歷史版本及待證主張亦保留,PROPOSED_REVIEW_REQUIRED
a5306da78ab37c29d4169675,reports/2026-10-04/dgef/public_ingestion_report.json,1ebcd4bae5e0e023a4889dc89c9ce6c75092e6f37f4499c94cc2652dff71b83c,34233,structured_data,independent,,實體／主張／來源／測量的查詢與追溯；粒度待逐表確認,PROPOSED_REVIEW_REQUIRED
da796fa8e3ad2b3d5c6d497a,reports/2026-10-04/dgef/tables/coverage/表施工与数据覆盖对账.csv,d5aded8b095cc94a5d1f1716fb6709b20eb7b670f5394855a876dea97cff314d,9434,structured_data,independent,,實體／主張／來源／測量的查詢與追溯；粒度待逐表確認,PROPOSED_REVIEW_REQUIRED
938bea85e8afd9cfb17a99dc,reports/2026-10-04/dgef/网站查证与真实数据入库复审.md,81c9a5c5bd321a5adf1930206688664e8d7e509bafcb151f97ac04eb69ea7eb0,6443,source_document,independent,,研究論述、來源與決策脈絡；歷史版本及待證主張亦保留,PROPOSED_REVIEW_REQUIRED
c8061914d3bd8daf5887068b,reports/2026-10-04/dgef/附件审阅与施工核验.md,4570539f7ca0556139a9f98d8a6173d3b9906420f48e52b73d2b52a7420ca55b,3523,source_document,independent,,研究論述、來源與決策脈絡；歷史版本及待證主張亦保留,PROPOSED_REVIEW_REQUIRED
c6b4764da8f479a129dbc609,reports/2026-10-04/document_strengthening/README.md,d729ca14cde1d855cfb5eaadddd968da24903bb0eae4df05f3e43a858c194e33,2589,source_document,independent,,研究論述、來源與決策脈絡；歷史版本及待證主張亦保留,PROPOSED_REVIEW_REQUIRED
5aa71e18033b887053a0dfdf,reports/2026-10-04/document_strengthening/acceptance.json,9c80cfd17bc36c7fe4b2df5a8a91b7fbc2d5969496b3a5491bc04de7e6d8f3a1,994,structured_data,independent,,實體／主張／來源／測量的查詢與追溯；粒度待逐表確認,PROPOSED_REVIEW_REQUIRED
3487e62b4cceaebe3938e36e,reports/2026-10-04/document_strengthening/before_two_document_updates.zip,a920297c0629a47e7b74956939f87088f468d4034761bdca48a39df11c862998,422132,other_asset,independent,,媒體、樣式、依賴或其他資產；需人工業務定義,PROPOSED_REVIEW_REQUIRED
b3362558eae3652b08d3bcc9,reports/2026-10-04/document_strengthening/classification_drift.json,e2cbb437a7a6f1138c58038044fb826618254d5978e134c6245206cffaafff67,966,structured_data,independent,,實體／主張／來源／測量的查詢與追溯；粒度待逐表確認,PROPOSED_REVIEW_REQUIRED
4c24f8d7d9422e6850dd60e1,reports/2026-10-04/document_strengthening/file_review_inventory.json,ce84076487f2060a199dd9a4bf0a77e828fe82c0d1343960a2a90222abfa1aaa,103870,structured_data,independent,,實體／主張／來源／測量的查詢與追溯；粒度待逐表確認,PROPOSED_REVIEW_REQUIRED
f90225c0cf022a916673083e,reports/2026-10-04/document_strengthening/review_and_preservation.json,e43af6896a0deda65a64aee59a83b6a6e8859e138592a096c414fc93b77a4349,1461,structured_data,independent,,實體／主張／來源／測量的查詢與追溯；粒度待逐表確認,PROPOSED_REVIEW_REQUIRED
5eeece720575f880c95f6af5,reports/2026-10-04/duplicate_files.json,78f9a7e7ae6c19ef5eb296830adc488fe07c45c707b096c9be3a02f1f3735bda,3151,structured_data,independent,,實體／主張／來源／測量的查詢與追溯；粒度待逐表確認,PROPOSED_REVIEW_REQUIRED
009170aa72987937c038d990,reports/2026-10-04/original_files_verification.json,e1f4eb659728eda4681f261a60b4d16e2b868153a92af3d49ed56e55816c588f,104,structured_data,independent,,實體／主張／來源／測量的查詢與追溯；粒度待逐表確認,PROPOSED_REVIEW_REQUIRED
e619604b2e74cd80258bf865,reports/2026-10-04/realworld_ecosystems/README.md,1bdfe3b5191cd2366e71db1d9b5285c03886f0ed8932f1a328e665bad3115ae1,1606,source_document,independent,,研究論述、來源與決策脈絡；歷史版本及待證主張亦保留,PROPOSED_REVIEW_REQUIRED
95d327481e1e654bd8a2fc16,reports/2026-10-04/realworld_ecosystems/acceptance.json,b8cc1241fcf5c42df41aa99cfa4c7cec4c9a6d9af77a0b88a03589d332316f9e,773,structured_data,independent,,實體／主張／來源／測量的查詢與追溯；粒度待逐表確認,PROPOSED_REVIEW_REQUIRED
9e9c2d049bd2fa3e4f9589a5,reports/2026-10-04/realworld_ecosystems/access_attempts.json,8187ace7c337a32121bea796d8977ca0fdc73cf77ffc6983211f0022fcf78114,1017,structured_data,independent,,實體／主張／來源／測量的查詢與追溯；粒度待逐表確認,PROPOSED_REVIEW_REQUIRED
0e187efaa0481e3215dc63ad,reports/2026-10-04/realworld_ecosystems/before_documents.zip,3e40dbefbf9852099b47a28f653cc4853f22ad4817c41471e57cb3cc8d2306f0,430138,other_asset,independent,,媒體、樣式、依賴或其他資產；需人工業務定義,PROPOSED_REVIEW_REQUIRED
d87cfb4062728aa188a6ce8a,reports/2026-10-04/realworld_ecosystems/build_receipt.json,f3293925e0cb37fa1de5677812c9b615f81cf87037402d0b3f8c566a8848d25a,1613,structured_data,independent,,實體／主張／來源／測量的查詢與追溯；粒度待逐表確認,PROPOSED_REVIEW_REQUIRED
95ff7004d09b06ef6a4fecb2,reports/2026-10-04/realworld_ecosystems/corpus_review/file_review_inventory.json,c6399d3a62ac13ff8e0ae19b6b084aacdd547124587b3bd60ec55a5d8b23aeb4,108055,structured_data,independent,,實體／主張／來源／測量的查詢與追溯；粒度待逐表確認,PROPOSED_REVIEW_REQUIRED
67689223a044af7a48c0845f,reports/2026-10-04/table_reclassification/README.md,98386c84007091465db0dd3704f257cf7967f04f4b1b42f0b0be841136485418,10033,source_document,independent,,研究論述、來源與決策脈絡；歷史版本及待證主張亦保留,PROPOSED_REVIEW_REQUIRED
effef05c9281ce4d6da7c449,reports/2026-10-04/table_reclassification/before_reclassification.zip,ebdbd711fa2d7e37affcde8224a91f31a1c6aaf0fe92997a3d0612716691b221,6681827,other_asset,independent,,媒體、樣式、依賴或其他資產；需人工業務定義,PROPOSED_REVIEW_REQUIRED
6c0260b40851f0084e55e744,reports/2026-10-04/table_reclassification/before_reference_updates.zip,8529ed03571c35cf0573e63aaea48368d01fa6f3f32ba1e3af36a2b6fc70fc27,1446436,other_asset,independent,,媒體、樣式、依賴或其他資產；需人工業務定義,PROPOSED_REVIEW_REQUIRED
ceb77090833ac347a396c73d,reports/2026-10-04/table_reclassification/migration_manifest.json,be57ccbb22ed8fe610eab2b8555e7adab92aea7237f825a52eb535f6bf78b150,21828,structured_data,independent,,實體／主張／來源／測量的查詢與追溯；粒度待逐表確認,PROPOSED_REVIEW_REQUIRED
2b97fe15f64da7dd82fdc489,reports/2026-10-04/table_reclassification/reference_updates.json,2e03d5dbf842cc11e8680695547af5ed1853c8f4d2cdd31d4909725d6f5c1b14,1128,structured_data,independent,,實體／主張／來源／測量的查詢與追溯；粒度待逐表確認,PROPOSED_REVIEW_REQUIRED
b07aaa2000ea87b7c3373377,reports/2026-10-04/table_reclassification/verification.json,f94b29f278b32aabc4d04fc007e3a795fa85ed8f27a90397df148449f132cd0d,182,structured_data,independent,,實體／主張／來源／測量的查詢與追溯；粒度待逐表確認,PROPOSED_REVIEW_REQUIRED
7f78217df9432897762f9864,reports/2026-10-04/table_reclassification/数据表分类总索引.csv,845eeb85dd1de54835b61521f81072f9dcc480cc2a5afcb851751e5bd618ad72,14270,structured_data,independent,,實體／主張／來源／測量的查詢與追溯；粒度待逐表確認,PROPOSED_REVIEW_REQUIRED
a51a306e423e45babf529fe6,reports/2026-10-04/tables/01_services/strategy_services_registry.csv,3716f37854c7af08cc0b41a8c4e565f1d74f3f0cb56bbbb776b87794f6033801,197784,structured_data,independent,,實體／主張／來源／測量的查詢與追溯；粒度待逐表確認,PROPOSED_REVIEW_REQUIRED
2684728d7fc5db4282ec4bf5,reports/2026-10-04/tables/01_services/strategy_services_registry_20261004_r2.csv,d0451069463e124a4651ddb5765f5eadc770c1c4306296700e57ced7210879e6,205913,structured_data,independent,,實體／主張／來源／測量的查詢與追溯；粒度待逐表確認,PROPOSED_REVIEW_REQUIRED
6cd74b5b87e8475f1a070735,reports/2026-10-04/tables/01_services/strategy_services_registry_20261004_r3.csv,928ab563b442cf7d46c580937e391d9998fd6da5702d66b61e9e49cceffb5f7f,213945,structured_data,independent,,實體／主張／來源／測量的查詢與追溯；粒度待逐表確認,PROPOSED_REVIEW_REQUIRED
871b2d02fac2bfa467900605,reports/2026-10-04/tables/01_services/strategy_services_registry_20261004_r4.csv,30e97820b570d3c0c7e6af073997a723e17d70178428fc15941f251a5a0a8481,214811,structured_data,independent,,實體／主張／來源／測量的查詢與追溯；粒度待逐表確認,PROPOSED_REVIEW_REQUIRED
c2fa1ac1449059998e62e029,reports/2026-10-04/tables/01_services/strategy_services_registry_20261004_r5.csv,1191b3ecea89f5050052d477c2d1972faf61796a486fa66914c85aaa75f86beb,217580,structured_data,independent,,實體／主張／來源／測量的查詢與追溯；粒度待逐表確認,PROPOSED_REVIEW_REQUIRED
9670491fe91ec09866379b17,reports/2026-10-04/tables/01_services/strategy_services_registry_20261004_r6.csv,00f5cbd354fb6c30733ae23705faa38f8d75821c395c0182ba2a5423b8053542,225318,structured_data,independent,,實體／主張／來源／測量的查詢與追溯；粒度待逐表確認,PROPOSED_REVIEW_REQUIRED
22e4f2d2b8179a3d1ca6894f,reports/2026-10-04/tables/02_catalogue_extraction/catalogue_seed.tsv,9ef8bdc641d9223d95695e40c9626b605e8225bdce2562e4a203338957bc900d,39614,structured_data,independent,,實體／主張／來源／測量的查詢與追溯；粒度待逐表確認,PROPOSED_REVIEW_REQUIRED
02abf95921fe9a5b9c30f0bc,reports/2026-10-04/tables/02_catalogue_extraction/gaming_70_entries.csv,480cb78f7d4c4136065a979a133a5aa6407b4a8fbc0871f4845e9cdecb8dad50,16507,structured_data,independent,,實體／主張／來源／測量的查詢與追溯；粒度待逐表確認,PROPOSED_REVIEW_REQUIRED
09b5e306cbbfda46d3cd10fb,reports/2026-10-04/tables/02_catalogue_extraction/original_172_entries.csv,e411a2950ffd9a4fa33f11edb98d89d96f9677edbeaf392bf9217cc29fa7ab22,81428,structured_data,independent,,實體／主張／來源／測量的查詢與追溯；粒度待逐表確認,PROPOSED_REVIEW_REQUIRED
7f8c51e0958e43b870398cf2,reports/2026-10-04/tables/03_sources_evidence/entity_source_evidence.csv,af61576483c25b976f72bd64c5fb84520c86535aef29b77a69ed9c73e7765a0a,1592177,structured_data,independent,,實體／主張／來源／測量的查詢與追溯；粒度待逐表確認,PROPOSED_REVIEW_REQUIRED
7d1eae03882f7640c663114d,reports/2026-10-04/tables/03_sources_evidence/live_checks.tsv,748d648dc8aa12a7c48e28b7568ed573efd6d945cadb06b0fef0c0035071612d,8065,structured_data,independent,,實體／主張／來源／測量的查詢與追溯；粒度待逐表確認,PROPOSED_REVIEW_REQUIRED
07ba1a718650bf8d03846311,reports/2026-10-04/tables/03_sources_evidence/source_urls.csv,313b3b55c2c6d33398b2cffa0716a9300d9c9d816090e8f9447967a010d601ea,2532491,structured_data,independent,,實體／主張／來源／測量的查詢與追溯；粒度待逐表確認,PROPOSED_REVIEW_REQUIRED
e0d725af97e65c12bacffb28,reports/2026-10-04/tables/04_file_audit/file_inventory.csv,f40453824e3dc897cb8120e1c67489725d02cb9ea577dee064610d2807842119,36499,structured_data,independent,,實體／主張／來源／測量的查詢與追溯；粒度待逐表確認,PROPOSED_REVIEW_REQUIRED
8ec2f8725a7f4465bfda64c2,reports/2026-10-04/terminology_before_correction.zip,adeedd8c25fa8e90cbc984dbd65da20ad90b71cd8700e25c89210df081684d47,3881313,other_asset,independent,,媒體、樣式、依賴或其他資產；需人工業務定義,PROPOSED_REVIEW_REQUIRED
608723bf3dbefb49519787aa,reports/2026-10-04/terminology_before_correction_all_text.zip,d02a1febe82c22d1e15f91a75f2f2d1e0a181b87ba828354df0043f75c0f9e83,7424366,other_asset,independent,,媒體、樣式、依賴或其他資產；需人工業務定義,PROPOSED_REVIEW_REQUIRED
5f600583cab59cee72f360b0,reports/2026-10-04/terminology_correction_all_text_audit.json,d8ef442a674c5d3e1113837fb4f480ebc6cf42b27cd919f1210a41b51a13ae6d,5988,structured_data,independent,,實體／主張／來源／測量的查詢與追溯；粒度待逐表確認,PROPOSED_REVIEW_REQUIRED
c8a815d65b7737926e028f5e,reports/2026-10-04/terminology_correction_audit.json,159881ba92176998e00244e62179e7c9d46f8356b29295e43bccdee2988959e5,4497,structured_data,independent,,實體／主張／來源／測量的查詢與追溯；粒度待逐表確認,PROPOSED_REVIEW_REQUIRED
bf03308634727e78669d1d65,reports/2026-10-04/unmatched_seed.json,4f53cda18c2baa0c0354bb5f9a3ecbe5ed12ab4d8e11ba873c2f11161202b945,2,structured_data,independent,,實體／主張／來源／測量的查詢與追溯；粒度待逐表確認,PROPOSED_REVIEW_REQUIRED
984820086cbc94638ebe2d3d,reports/2026-10-04/现实策略服务_审阅与分类名录_20261004.md,00b722772368933e8faf34e54ed67c07b0c2030b998a522d5515340c4680bcc9,190118,source_document,independent,,研究論述、來源與決策脈絡；歷史版本及待證主張亦保留,PROPOSED_REVIEW_REQUIRED
70051dc317cadf170cdb1d88,reports/2026-10-04/续核与建议修订稿.md,5bb5529546a1f4b1c57e433bf3055ff2cce15d5cad124007b291248241f0cbf0,4011,source_document,independent,,研究論述、來源與決策脈絡；歷史版本及待證主張亦保留,PROPOSED_REVIEW_REQUIRED
194b69a6f8ddddf373522c52,reports/2026-10-06/frontier_ecosystem/.gitignore,08f97607d2a8d07f5579fe1362b14c1a98ba2c756c7f6623cd26a3c88376db79,9,other_asset,independent,,媒體、樣式、依賴或其他資產；需人工業務定義,PROPOSED_REVIEW_REQUIRED
4693e4bca1ba16b9e2cf3822,reports/2026-10-06/frontier_ecosystem/acceptance.json,c227931f0c6c5121fd8f56fb75bc8182484383cec00e16f7b4e3b50ac4aaaef7,1199,structured_data,independent,,實體／主張／來源／測量的查詢與追溯；粒度待逐表確認,PROPOSED_REVIEW_REQUIRED
908531ed3b650c0e930e35aa,reports/2026-10-06/frontier_ecosystem/build_registry.py,ef10cf73b6d940a434575bf65c92669abc635d8af31f74b2d9fb99a945eeabfe,50787,code_or_configuration,independent,,可重現加工、計算及設定；須版本化與執行環境,PROPOSED_REVIEW_REQUIRED
3fc4dc6195d667f17b0daa59,reports/2026-10-06/frontier_ecosystem/delivery_baseline.json,fc6ac870ac53be293fae395375c2e7e582564e5f14ca1552baf266fdb8c1f4d2,1250,structured_data,independent,,實體／主張／來源／測量的查詢與追溯；粒度待逐表確認,PROPOSED_REVIEW_REQUIRED
bf822ae016c70f3be73935fd,reports/2026-10-06/frontier_ecosystem/preview/Reference/Geostrategy_Defense_Industry_Aerospace_and_Artificial_Interlligence_Ecosystem_Report.qmd,d8789ed2ec3507a3d5627eaec328e9a16f522233325d2fb04ca861fd3c254218,43516,source_document,independent,,研究論述、來源與決策脈絡；歷史版本及待證主張亦保留,PROPOSED_REVIEW_REQUIRED
c935a297dc17432d09e4aea2,reports/2026-10-06/frontier_ecosystem/preview/Reference/Inteligent_egaming_platform_ref_v000.000.001.qmd,8c703c3129ae0d1bbcba8fb9973302247de7d3d3c1025ca551cabca99914b240,2372041,source_document,independent,,研究論述、來源與決策脈絡；歷史版本及待證主張亦保留,PROPOSED_REVIEW_REQUIRED
8a788b6a69125884eed89db4,reports/2026-10-06/frontier_ecosystem/preview/Reference/tables/06_frontier_ecosystem_20261006/README.md,6858177249008503bd074817375f15228bda3045f6e5b23456c31b916a86d1bf,2218,source_document,independent,,研究論述、來源與決策脈絡；歷史版本及待證主張亦保留,PROPOSED_REVIEW_REQUIRED
089f59f8b6517838c73c1e87,reports/2026-10-06/frontier_ecosystem/preview/Reference/tables/06_frontier_ecosystem_20261006/registry_frontier_claims.csv,349271d46d80b12283f3c61ca30ae40f2538feb27cd60899b3ecb2f6481474e6,37930,structured_data,independent,,實體／主張／來源／測量的查詢與追溯；粒度待逐表確認,PROPOSED_REVIEW_REQUIRED
687445d6700ef555d1b79cb6,reports/2026-10-06/frontier_ecosystem/preview/Reference/tables/06_frontier_ecosystem_20261006/registry_frontier_organizations.csv,bfdcb90c9d7bb1f50d24076ccf286fbbaa0aa5da06403f3e2d66984da82a08f9,35172,structured_data,independent,,實體／主張／來源／測量的查詢與追溯；粒度待逐表確認,PROPOSED_REVIEW_REQUIRED
5feddc18919efc6b4cbbe374,reports/2026-10-06/frontier_ecosystem/preview/Reference/tables/06_frontier_ecosystem_20261006/registry_frontier_sources.csv,f2b6ca77b4e4c32775746ce4d1ca3437eb88d61ae1e2f90ddb5ab0b3a90b0fe1,26860,structured_data,independent,,實體／主張／來源／測量的查詢與追溯；粒度待逐表確認,PROPOSED_REVIEW_REQUIRED
f43b8f348a39dd81113cd570,reports/2026-10-06/frontier_ecosystem/preview/reports/2026-10-06/frontier_ecosystem/review_receipt.json,6eda772a395562207d8c2799edcc9c5c5ebf09db7f0624c0770a159c813233e2,1253,structured_data,independent,,實體／主張／來源／測量的查詢與追溯；粒度待逐表確認,PROPOSED_REVIEW_REQUIRED
46149f6301883490daaf4c8f,reports/2026-10-06/frontier_ecosystem/review_receipt.json,8f314e694b9098c3712a3a5ee235f4063a94b0c8ac2ed453c0bb99b4b64d840d,1289,structured_data,independent,,實體／主張／來源／測量的查詢與追溯；粒度待逐表確認,PROPOSED_REVIEW_REQUIRED
f3ff2eac74470596c8c29a9f,reports/2026-10-06/frontier_ecosystem/validate_delivery.py,569721f28de2960d1176a2062db464b13612059f3032a0b5ab69e2a0cd8e70f1,2943,code_or_configuration,independent,,可重現加工、計算及設定；須版本化與執行環境,PROPOSED_REVIEW_REQUIRED
0404d2e174196a445dd6e75f,reports/2026-10-06/global_technology_iso249/README.md,59ec5408d724b5b2750488c82227a233ef012f0d2bc8fb8e01457188592e09f8,2471,source_document,independent,,研究論述、來源與決策脈絡；歷史版本及待證主張亦保留,PROPOSED_REVIEW_REQUIRED
0a6b615f608e57fb88e68ef1,reports/2026-10-06/global_technology_iso249/additional_source_access_receipts.json,c5d7ee1cc0427c6cac9b137e1bfba592f2d96cf97fe21181165e2efa3f5afd05,11179,structured_data,independent,,實體／主張／來源／測量的查詢與追溯；粒度待逐表確認,PROPOSED_REVIEW_REQUIRED
83206863fd8fe438d8582701,reports/2026-10-06/global_technology_iso249/build_global_registry.py,99a7dc2f53b51fe39a359c6672498da3bd6735c62493956560a634bf2ed192ad,25782,code_or_configuration,independent,,可重現加工、計算及設定；須版本化與執行環境,PROPOSED_REVIEW_REQUIRED
a6eefd8c8d1ec5a12ab6b7fe,reports/2026-10-06/global_technology_iso249/compare_workspace.py,2c634d83c5ab0779ac017cecc3e8b87d8f8ac9c42de8659c21f32dac0ef48084,1607,code_or_configuration,independent,,可重現加工、計算及設定；須版本化與執行環境,PROPOSED_REVIEW_REQUIRED
98ebfc917e6b77d49fca7fdb,reports/2026-10-06/global_technology_iso249/country_search_log.json,e8ddc24948c7dfa93fe76f6f379501c49c9052f9109ab5a53a84feb26d9dfc9f,366201,structured_data,independent,,實體／主張／來源／測量的查詢與追溯；粒度待逐表確認,PROPOSED_REVIEW_REQUIRED
cdd30c93a68a6b51bd7ce879,reports/2026-10-06/global_technology_iso249/curated_seed.json,39621a0dbb84fc65cc7e0b8bdbb11d48e5ac28b5269624713844d530fd7cff43,25819,structured_data,independent,,實體／主張／來源／測量的查詢與追溯；粒度待逐表確認,PROPOSED_REVIEW_REQUIRED
261749d5aeda5225dcdbfb77,reports/2026-10-06/global_technology_iso249/delivery_manifest.json,a7a1c0d1d883a62cb7949401ec712c8deb483270b5384a1749f4b80a0ae1eaf6,5950,structured_data,independent,,實體／主張／來源／測量的查詢與追溯；粒度待逐表確認,PROPOSED_REVIEW_REQUIRED
cdbe88abdcba6e84534d5147,reports/2026-10-06/global_technology_iso249/delivery_validation.json,191ff92f4730895c293663a2aa2c5c24c0aff4cf8a5a0b8ccda2e03f6e1b1078,862,structured_data,independent,,實體／主張／來源／測量的查詢與追溯；粒度待逐表確認,PROPOSED_REVIEW_REQUIRED
dd7ed59b396474a7b4ea9929,reports/2026-10-06/global_technology_iso249/preview/Reference/Global_Technology_ISO249_Registry.qmd,658e22d28c3cbac9c7881f02d9a55c32bf6646e5a48a94aefd94b08c83d9bbe3,41841,source_document,independent,,研究論述、來源與決策脈絡；歷史版本及待證主張亦保留,PROPOSED_REVIEW_REQUIRED
0c310755eee407cea6fe5247,reports/2026-10-06/global_technology_iso249/preview/Reference/tables/07_global_technology_iso249_20261006/data_dictionary.json,af450eab051df7cf253ff5f57c3a75df24bdf6af2bbdb575b43a324d77fb6bec,4809,structured_data,independent,,實體／主張／來源／測量的查詢與追溯；粒度待逐表確認,PROPOSED_REVIEW_REQUIRED
7d4b9c2d633bb43922e262a3,reports/2026-10-06/global_technology_iso249/preview/Reference/tables/07_global_technology_iso249_20261006/registry_country_entity_relations.csv,1473c747ae89a9c8fb726bd656e646c25eccd4a38258e72acb1db8d2efb782e3,477,structured_data,independent,,實體／主張／來源／測量的查詢與追溯；粒度待逐表確認,PROPOSED_REVIEW_REQUIRED
f4eead11d6778a534d8fc4d0,reports/2026-10-06/global_technology_iso249/preview/Reference/tables/07_global_technology_iso249_20261006/registry_country_search_leads.csv,08baaf73b7540d0db967fbdfb71792b08e7094ce0e4cdc5d81b0d30046143cec,295437,structured_data,independent,,實體／主張／來源／測量的查詢與追溯；粒度待逐表確認,PROPOSED_REVIEW_REQUIRED
5675973547571bc5a80b1df3,reports/2026-10-06/global_technology_iso249/preview/Reference/tables/07_global_technology_iso249_20261006/registry_country_technology_coverage.csv,868ba0f0af5a689a9d0c0f7659333d7e8956566e21e688062bf58a34143f139a,54756,structured_data,independent,,實體／主張／來源／測量的查詢與追溯；粒度待逐表確認,PROPOSED_REVIEW_REQUIRED
68d5ee69f100201e67e134cb,reports/2026-10-06/global_technology_iso249/preview/Reference/tables/07_global_technology_iso249_20261006/registry_global_claims.csv,fc439238e50cfb969866fe6105da4d086cf31374c58af51977586789431d2f10,55767,structured_data,independent,,實體／主張／來源／測量的查詢與追溯；粒度待逐表確認,PROPOSED_REVIEW_REQUIRED
8a1b059924441e62771b6ba3,reports/2026-10-06/global_technology_iso249/preview/Reference/tables/07_global_technology_iso249_20261006/registry_global_organizations.csv,8ba1b22604a4ea5e9b2a465958444177c417c4fc3263ea36989609063fba8600,63042,structured_data,independent,,實體／主張／來源／測量的查詢與追溯；粒度待逐表確認,PROPOSED_REVIEW_REQUIRED
1317b8378d0383ad85e4747c,reports/2026-10-06/global_technology_iso249/preview/Reference/tables/07_global_technology_iso249_20261006/registry_global_sources.csv,07c4157b7b4a6b2ccc9ba47713b33f70db974184fbef1d3b690c8a8b8a68c76f,50698,structured_data,independent,,實體／主張／來源／測量的查詢與追溯；粒度待逐表確認,PROPOSED_REVIEW_REQUIRED
b24331b66ec52d39ed6c060f,reports/2026-10-06/global_technology_iso249/preview/Reference/tables/07_global_technology_iso249_20261006/registry_legacy_product_project_leads.csv,a3ebe602c1eeab1f818997e4740fb05b71a074a53b522ff445471c1b1ec81eba,24229,structured_data,independent,,實體／主張／來源／測量的查詢與追溯；粒度待逐表確認,PROPOSED_REVIEW_REQUIRED
13831cb02807bdb04cfd55a4,reports/2026-10-06/global_technology_iso249/preview/Reference/tables/07_global_technology_iso249_20261006/registry_neurotechnology_global.csv,7eb48939e84dec9f37e1822487b6bde430223ba89b0976318db18a07ec82ed56,5631,structured_data,independent,,實體／主張／來源／測量的查詢與追溯；粒度待逐表確認,PROPOSED_REVIEW_REQUIRED
68372ac829a330d3602bf576,reports/2026-10-06/global_technology_iso249/preview/Reference/tables/07_global_technology_iso249_20261006/registry_technology_products_tools.csv,965373c19b9799c06da6c55e99cde32922b9a56daae8393e3d6fe5de23d919b6,8592,structured_data,independent,,實體／主張／來源／測量的查詢與追溯；粒度待逐表確認,PROPOSED_REVIEW_REQUIRED
c4bee661335e581f243f87aa,reports/2026-10-06/global_technology_iso249/preview_validation.json,e3cebdce93e59a8870dc60e904cf5d9dc982f889d422ba857d9b99d8016a5f3d,538,structured_data,independent,,實體／主張／來源／測量的查詢與追溯；粒度待逐表確認,PROPOSED_REVIEW_REQUIRED
4221d5a25c49c04309617cb1,reports/2026-10-06/global_technology_iso249/validate_global_registry.py,297faf3bbdf1877d0b21d242d6029149dea96ccdc6a3fe25f2f8e13b121f874a,5802,code_or_configuration,independent,,可重現加工、計算及設定；須版本化與執行環境,PROPOSED_REVIEW_REQUIRED
af3d833121c1fa05401cd42f,reports/2026-10-06/global_technology_iso249/workspace_delta.json,4d2805e4b325b35e5545eefa6f88ec04c5652ed18d1276b89b80dfaa30a42d13,4134,structured_data,independent,,實體／主張／來源／測量的查詢與追溯；粒度待逐表確認,PROPOSED_REVIEW_REQUIRED
87fa3aaffc585ba789b97e49,reports/2026-10-06/global_technology_iso249_b02/README.md,837e581e950c62bff55cf51651215c0a417e4f189d08f5f60e0603c9c46e78e4,1869,source_document,independent,,研究論述、來源與決策脈絡；歷史版本及待證主張亦保留,PROPOSED_REVIEW_REQUIRED
7a18ff6b5420488a9b1557ac,reports/2026-10-06/global_technology_iso249_b02/build_b02.py,52161109b1e9b47646aa7ebf32ed47a659b445284f0c2553cd6ac1a131dcb621,16591,code_or_configuration,independent,,可重現加工、計算及設定；須版本化與執行環境,PROPOSED_REVIEW_REQUIRED
b716aab57bbd01877eb9f0e4,reports/2026-10-06/global_technology_iso249_b02/curated_seed.json,c69f6c2dd5584f7af871c99fe63fb168f7662e38b830af9c38d033973976e1fe,11390,structured_data,independent,,實體／主張／來源／測量的查詢與追溯；粒度待逐表確認,PROPOSED_REVIEW_REQUIRED
c8a828263681a4e3a09519d5,reports/2026-10-06/global_technology_iso249_b02/delivery_manifest.json,9e6b9109bf92b413f721fcaa5cd91b1c1fcb0396dc658737b1743f58d384c4f1,2545,structured_data,independent,,實體／主張／來源／測量的查詢與追溯；粒度待逐表確認,PROPOSED_REVIEW_REQUIRED
4821f76145cc109009c0fa4b,reports/2026-10-06/global_technology_iso249_b02/delivery_validation.json,4f7458c3616f48358e368212ccc85b6795f7ab865f4bfc23a710009d64e796d8,2398,structured_data,independent,,實體／主張／來源／測量的查詢與追溯；粒度待逐表確認,PROPOSED_REVIEW_REQUIRED
4e9e17ce9312b9440e7768b4,reports/2026-10-06/global_technology_iso249_b02/preview/Reference/Global_Technology_ISO249_Registry_B02.qmd,49924e3c061d999a680ecc7e2528af2d86a87613e166636b114ea71430bc17bd,12934,source_document,independent,,研究論述、來源與決策脈絡；歷史版本及待證主張亦保留,PROPOSED_REVIEW_REQUIRED
b86939f947b1b0c2a7f0f388,reports/2026-10-06/global_technology_iso249_b02/preview/Reference/tables/08_global_technology_iso249_20261006_b02/data_dictionary.json,e98b5a7d5e8c2dbc2787f19751736349592acfbf8fe351074154631ef0ff59bd,5134,structured_data,independent,,實體／主張／來源／測量的查詢與追溯；粒度待逐表確認,PROPOSED_REVIEW_REQUIRED
9cafeda1b460243e10501c33,reports/2026-10-06/global_technology_iso249_b02/preview/Reference/tables/08_global_technology_iso249_20261006_b02/registry_country_entity_relations.csv,a5fcc0d1d39bfa7f4e26491f9ef60134fbdc36f96f69290831eaffdf5064912c,1633,structured_data,independent,,實體／主張／來源／測量的查詢與追溯；粒度待逐表確認,PROPOSED_REVIEW_REQUIRED
0f8ebeea3b66c90882c93dd3,reports/2026-10-06/global_technology_iso249_b02/preview/Reference/tables/08_global_technology_iso249_20261006_b02/registry_country_technology_coverage.csv,15ef353966624f8c03898d5f0eb151681cfd2d08497f52b4b11d5908d85160df,54757,structured_data,independent,,實體／主張／來源／測量的查詢與追溯；粒度待逐表確認,PROPOSED_REVIEW_REQUIRED
2619a64ba6f72d4b43458873,reports/2026-10-06/global_technology_iso249_b02/preview/Reference/tables/08_global_technology_iso249_20261006_b02/registry_global_claims.csv,e0098aa25f0062f31f5c8f61c4cdc504ce7949b2338fa6c1ca89df571ac291c6,61192,structured_data,independent,,實體／主張／來源／測量的查詢與追溯；粒度待逐表確認,PROPOSED_REVIEW_REQUIRED
58d4855061cb617ae19b7ffb,reports/2026-10-06/global_technology_iso249_b02/preview/Reference/tables/08_global_technology_iso249_20261006_b02/registry_global_organizations.csv,75eece57553558422c18fa29e0c0f612af97fd4f47f21debf29e2aea92228039,70903,structured_data,independent,,實體／主張／來源／測量的查詢與追溯；粒度待逐表確認,PROPOSED_REVIEW_REQUIRED
611978bba9aa5a53b9502c6b,reports/2026-10-06/global_technology_iso249_b02/preview/Reference/tables/08_global_technology_iso249_20261006_b02/registry_global_sources.csv,bb82b36eea370924e1d2e370a82c1ce5ef2bf9296b71fea54ad524a1a230a070,57337,structured_data,independent,,實體／主張／來源／測量的查詢與追溯；粒度待逐表確認,PROPOSED_REVIEW_REQUIRED
6e3bd63a81775492fe949dcb,reports/2026-10-06/global_technology_iso249_b02/preview/Reference/tables/08_global_technology_iso249_20261006_b02/registry_neurotechnology_global.csv,68759bafbd7b59bda5c6c19110b9cabace445f51377cd1ea8785bd669e2753a9,7298,structured_data,independent,,實體／主張／來源／測量的查詢與追溯；粒度待逐表確認,PROPOSED_REVIEW_REQUIRED
3e9ca8e9ce210d41ad064c4c,reports/2026-10-06/global_technology_iso249_b02/preview/Reference/tables/08_global_technology_iso249_20261006_b02/registry_technology_metrics.csv,25f0ee1fad2e78d8c77c76723db2ef7d8c3c558058c2570d9bbd764ca1f4d56c,1935,structured_data,independent,,實體／主張／來源／測量的查詢與追溯；粒度待逐表確認,PROPOSED_REVIEW_REQUIRED
52cb7eeba1491873bc8b4816,reports/2026-10-06/global_technology_iso249_b02/preview/Reference/tables/08_global_technology_iso249_20261006_b02/registry_technology_products_tools.csv,39a1e912d3552a17ab29ba23117533ae170237b51c3da0a73dac02c5cc1e8d36,11743,structured_data,independent,,實體／主張／來源／測量的查詢與追溯；粒度待逐表確認,PROPOSED_REVIEW_REQUIRED
913e55b98f43bceb8c90240f,reports/2026-10-06/global_technology_iso249_b02/preview_validation.json,b296109dcfbaec7aea1a493721a10a4f643b3e69dfcb3e35d7373b82307aa31b,467,structured_data,independent,,實體／主張／來源／測量的查詢與追溯；粒度待逐表確認,PROPOSED_REVIEW_REQUIRED
b6a33197a57742cd272f4027,reports/2026-10-06/global_technology_iso249_b02/source_access.json,7c3a2cef5ae4c7b5469a35336d353364313021a5b85e26c548e263641987b977,8790,structured_data,independent,,實體／主張／來源／測量的查詢與追溯；粒度待逐表確認,PROPOSED_REVIEW_REQUIRED
d388cc0f82e477e45be82ee8,reports/2026-10-06/global_technology_iso249_b02/validate_b02.py,046d35e15765407ccae940f7301cd3c867cc0a002d95aaa755423cd994b8d660,5190,code_or_configuration,independent,,可重現加工、計算及設定；須版本化與執行環境,PROPOSED_REVIEW_REQUIRED
e77de50c1e6f4f067fbee7b4,reports/2026-10-06/global_technology_iso249_b02/workspace_delta.json,997e3dd0afe1d238d3f81103d024a3f4fd70aa600ceae94add13a416ac81db7b,4961,structured_data,independent,,實體／主張／來源／測量的查詢與追溯；粒度待逐表確認,PROPOSED_REVIEW_REQUIRED
32bd9567b3831052204feabc,reports/2026-10-06/global_technology_iso249_b03/README.md,62c3311879158d382ed9b2632d6f14a24dbca409f44bfa3ad1045e1257e2992d,1889,source_document,independent,,研究論述、來源與決策脈絡；歷史版本及待證主張亦保留,PROPOSED_REVIEW_REQUIRED
ecc5da5267457714e7f8de57,reports/2026-10-06/global_technology_iso249_b03/audit_delta.py,0e388d13d0f186656d79a8af5324538209c4588eb5c67362a4dc3011810cb50b,1203,code_or_configuration,independent,,可重現加工、計算及設定；須版本化與執行環境,PROPOSED_REVIEW_REQUIRED
77b42dc7c3777ebd177a71ef,reports/2026-10-06/global_technology_iso249_b03/build_b03.py,6d42b22eb10cb1894e473b537d229305801e6687334e8107a1a99c2aec1e6a33,12260,code_or_configuration,independent,,可重現加工、計算及設定；須版本化與執行環境,PROPOSED_REVIEW_REQUIRED
02c73e203237ffd88541abb2,reports/2026-10-06/global_technology_iso249_b03/curated_seed.json,41a8918759b407d4f831de88c326fb8dcb20a1929da4db969b9fbb5090fed48f,11407,structured_data,independent,,實體／主張／來源／測量的查詢與追溯；粒度待逐表確認,PROPOSED_REVIEW_REQUIRED
58b79bce846fab9f7b1e9050,reports/2026-10-06/global_technology_iso249_b03/delivery_manifest.json,7bdfb4422ddcf988fece888cacec611f9410bac46893fc97dd8d3792a1f51fd6,2546,structured_data,independent,,實體／主張／來源／測量的查詢與追溯；粒度待逐表確認,PROPOSED_REVIEW_REQUIRED
f8018742a4e07ecb4581c837,reports/2026-10-06/global_technology_iso249_b03/delivery_validation.json,15f8d06fab7bb54f82b1241479f00ac7ddf00c88d86920ee6df95663e653822d,2262,structured_data,independent,,實體／主張／來源／測量的查詢與追溯；粒度待逐表確認,PROPOSED_REVIEW_REQUIRED
97b51f9478746eb4ef05776c,reports/2026-10-06/global_technology_iso249_b03/preview/Reference/Global_Technology_ISO249_Registry_B03.qmd,363fe8f151a1bf6a29a7c57548e19e22cce19cae5991605f620c3434ecc2bbb3,11803,source_document,independent,,研究論述、來源與決策脈絡；歷史版本及待證主張亦保留,PROPOSED_REVIEW_REQUIRED
773b61856d1178814e08dfa0,reports/2026-10-06/global_technology_iso249_b03/preview/Reference/tables/09_global_technology_iso249_20261006_b03/data_dictionary.json,1577d1716b6fa469c8ec635ec739de7092f3e5ec54fe3b9aafaebd7da4f64200,5612,structured_data,independent,,實體／主張／來源／測量的查詢與追溯；粒度待逐表確認,PROPOSED_REVIEW_REQUIRED
1b81e7d9fb3e72a539ca7a98,reports/2026-10-06/global_technology_iso249_b03/preview/Reference/tables/09_global_technology_iso249_20261006_b03/registry_country_entity_relations.csv,8238ac709f23dd4c7bc8e529038c10bec0b60dde277fffe450f805ba72a9749f,2005,structured_data,independent,,實體／主張／來源／測量的查詢與追溯；粒度待逐表確認,PROPOSED_REVIEW_REQUIRED
4e269733d10277f59e5269d7,reports/2026-10-06/global_technology_iso249_b03/preview/Reference/tables/09_global_technology_iso249_20261006_b03/registry_country_technology_coverage.csv,76f6563ac1c1892ad72597dc56bcc5e1f4b392b8f40a4c99205d5854b7d97474,54757,structured_data,independent,,實體／主張／來源／測量的查詢與追溯；粒度待逐表確認,PROPOSED_REVIEW_REQUIRED
653e241fd75b7f4ee1056ebb,reports/2026-10-06/global_technology_iso249_b03/preview/Reference/tables/09_global_technology_iso249_20261006_b03/registry_global_claims.csv,7494e6e2064d7ee25d9a4514b7c62b980b6ab069ab21f18ffea2d593d91c821c,66161,structured_data,independent,,實體／主張／來源／測量的查詢與追溯；粒度待逐表確認,PROPOSED_REVIEW_REQUIRED
50e1d42a3de84d5db46efcf1,reports/2026-10-06/global_technology_iso249_b03/preview/Reference/tables/09_global_technology_iso249_20261006_b03/registry_global_organizations.csv,4f8ed43da97e6aabac4c3c550625ffcd1fd87688b61131290c56785e00df8b4e,79465,structured_data,independent,,實體／主張／來源／測量的查詢與追溯；粒度待逐表確認,PROPOSED_REVIEW_REQUIRED
2c1c72a03f74f62a8b12d62f,reports/2026-10-06/global_technology_iso249_b03/preview/Reference/tables/09_global_technology_iso249_20261006_b03/registry_global_sources.csv,469ea2bd66852fc84c2893a62de4da8c3e76f9024756b7f584e24072154be093,63814,structured_data,independent,,實體／主張／來源／測量的查詢與追溯；粒度待逐表確認,PROPOSED_REVIEW_REQUIRED
c8ee7135424f2ab7b8798401,reports/2026-10-06/global_technology_iso249_b03/preview/Reference/tables/09_global_technology_iso249_20261006_b03/registry_neurotechnology_global.csv,68759bafbd7b59bda5c6c19110b9cabace445f51377cd1ea8785bd669e2753a9,7298,structured_data,independent,,實體／主張／來源／測量的查詢與追溯；粒度待逐表確認,PROPOSED_REVIEW_REQUIRED
492b262ab6201a7e041194a3,reports/2026-10-06/global_technology_iso249_b03/preview/Reference/tables/09_global_technology_iso249_20261006_b03/registry_technology_metrics.csv,30bc50f30384b995c44f72bfc31d4e88c0fc11d700e8bffc28f257fc248a8f59,3503,structured_data,independent,,實體／主張／來源／測量的查詢與追溯；粒度待逐表確認,PROPOSED_REVIEW_REQUIRED
f118c22eaf946e08a7d38994,reports/2026-10-06/global_technology_iso249_b03/preview/Reference/tables/09_global_technology_iso249_20261006_b03/registry_technology_products_tools.csv,723101629223baabdbe5156406a22a0b0a637194ed332d50999859f005e234db,13291,structured_data,independent,,實體／主張／來源／測量的查詢與追溯；粒度待逐表確認,PROPOSED_REVIEW_REQUIRED
536df85f09390124a1201c7f,reports/2026-10-06/global_technology_iso249_b03/preview_validation.json,b693b3cd5538e3a0db9e69824c8630e561c926ab8b669d04e1c590668fc1c385,624,structured_data,independent,,實體／主張／來源／測量的查詢與追溯；粒度待逐表確認,PROPOSED_REVIEW_REQUIRED
6a7ea3a31773bc080847a3d0,reports/2026-10-06/global_technology_iso249_b03/report_intro.md,ee4d8b310009f2fdcffadf83b36c01e224c4f8ae9d63db8b27d2a1958a9ffa3c,2586,source_document,independent,,研究論述、來源與決策脈絡；歷史版本及待證主張亦保留,PROPOSED_REVIEW_REQUIRED
a3d6e572ac3c689da2079cec,reports/2026-10-06/global_technology_iso249_b03/source_access.json,4bf9532a477a4addefc21cf2e2d1dd1741687cebc488dd918b04cc0446836a58,14348,structured_data,independent,,實體／主張／來源／測量的查詢與追溯；粒度待逐表確認,PROPOSED_REVIEW_REQUIRED
bdedae105f2952cecceea643,reports/2026-10-06/global_technology_iso249_b03/validate_b03.py,89fb14eb936968723377070be9e5d414c0a14dfa375af027e8a3cefc5d23e1c0,5374,code_or_configuration,independent,,可重現加工、計算及設定；須版本化與執行環境,PROPOSED_REVIEW_REQUIRED
88fb250a14ca83a9d8da135d,reports/2026-10-06/global_technology_iso249_b03/workspace_delta.csv,0b0d483b73eee4c6767365235e63e7498ab050faa99af2122b88beeb04925986,9522,structured_data,independent,,實體／主張／來源／測量的查詢與追溯；粒度待逐表確認,PROPOSED_REVIEW_REQUIRED
6662f6832108d18d049f89fb,reports/2026-10-06/global_technology_iso249_b04/README.md,ebc633ceda3ec08bf98c63d5b3cd84646ea665219ff9f829cf12438c741a4434,1379,source_document,independent,,研究論述、來源與決策脈絡；歷史版本及待證主張亦保留,PROPOSED_REVIEW_REQUIRED
c2da999a3aa931ac37934163,reports/2026-10-06/global_technology_iso249_b04/build_b04.py,5396ea46fac5a171a07b53d691b0ef70cc6958a1c0e7069d79e6c0075f407635,8173,code_or_configuration,independent,,可重現加工、計算及設定；須版本化與執行環境,PROPOSED_REVIEW_REQUIRED
7662130154b921bcbe884adf,reports/2026-10-06/global_technology_iso249_b04/curated_seed.json,4be735cf183c9ee8379ac610ec7e4f5ea1cbaab050293ac3504a0537f384c371,6361,structured_data,independent,,實體／主張／來源／測量的查詢與追溯；粒度待逐表確認,PROPOSED_REVIEW_REQUIRED
a9a4f6b817ed94cce7132610,reports/2026-10-06/global_technology_iso249_b04/delivery_manifest.json,2d2b8e7c37f7a401f64c3d5b586256f8446d1f690a8c04540e3fe7df15dc9586,2682,structured_data,independent,,實體／主張／來源／測量的查詢與追溯；粒度待逐表確認,PROPOSED_REVIEW_REQUIRED
7cbcc1d0cc6b1ff0d62db895,reports/2026-10-06/global_technology_iso249_b04/delivery_validation.json,2478d627955a14d60788046604f9fad35598b0592a4b02f952e653365b1f0eff,1267,structured_data,independent,,實體／主張／來源／測量的查詢與追溯；粒度待逐表確認,PROPOSED_REVIEW_REQUIRED
6e7ed2d327648035dfb2f13b,reports/2026-10-06/global_technology_iso249_b04/preview/Reference/Global_Technology_ISO249_Registry_B04.qmd,e10eac86b4a695ec2d78a73e1c27ff56c2f8abfbc1642247a9c2f30ed9a8f7a7,8907,source_document,independent,,研究論述、來源與決策脈絡；歷史版本及待證主張亦保留,PROPOSED_REVIEW_REQUIRED
c50c595f3854d54bf8b1bf36,reports/2026-10-06/global_technology_iso249_b04/preview/Reference/tables/10_global_technology_iso249_20261006_b04/data_dictionary.json,ebc8903b9f60b64ba3c1e407d46a66d1fa1210e98e65951932e7bf68dd419ab9,5591,structured_data,independent,,實體／主張／來源／測量的查詢與追溯；粒度待逐表確認,PROPOSED_REVIEW_REQUIRED
8f33e8aa07c0b5c832e026ac,reports/2026-10-06/global_technology_iso249_b04/preview/Reference/tables/10_global_technology_iso249_20261006_b04/registry_country_entity_relations.csv,8238ac709f23dd4c7bc8e529038c10bec0b60dde277fffe450f805ba72a9749f,2005,structured_data,independent,,實體／主張／來源／測量的查詢與追溯；粒度待逐表確認,PROPOSED_REVIEW_REQUIRED
afa8f4812b1e57e235e6441d,reports/2026-10-06/global_technology_iso249_b04/preview/Reference/tables/10_global_technology_iso249_20261006_b04/registry_country_technology_coverage.csv,76f6563ac1c1892ad72597dc56bcc5e1f4b392b8f40a4c99205d5854b7d97474,54757,structured_data,independent,,實體／主張／來源／測量的查詢與追溯；粒度待逐表確認,PROPOSED_REVIEW_REQUIRED
89538c3a54c874c797151f81,reports/2026-10-06/global_technology_iso249_b04/preview/Reference/tables/10_global_technology_iso249_20261006_b04/registry_global_claims.csv,7494e6e2064d7ee25d9a4514b7c62b980b6ab069ab21f18ffea2d593d91c821c,66161,structured_data,independent,,實體／主張／來源／測量的查詢與追溯；粒度待逐表確認,PROPOSED_REVIEW_REQUIRED
1cbf1b8faf1838255ed1680b,reports/2026-10-06/global_technology_iso249_b04/preview/Reference/tables/10_global_technology_iso249_20261006_b04/registry_global_organizations.csv,4f8ed43da97e6aabac4c3c550625ffcd1fd87688b61131290c56785e00df8b4e,79465,structured_data,independent,,實體／主張／來源／測量的查詢與追溯；粒度待逐表確認,PROPOSED_REVIEW_REQUIRED
615d84f9608f8f825e79d7ee,reports/2026-10-06/global_technology_iso249_b04/preview/Reference/tables/10_global_technology_iso249_20261006_b04/registry_global_sources.csv,37fc0bd8c65b2b075a5c49ffaec5202d523e21fae50189ac3c69c1e25dcc4b62,66416,structured_data,independent,,實體／主張／來源／測量的查詢與追溯；粒度待逐表確認,PROPOSED_REVIEW_REQUIRED
5d922d9b89c82629ade12465,reports/2026-10-06/global_technology_iso249_b04/preview/Reference/tables/10_global_technology_iso249_20261006_b04/registry_neurotechnology_global.csv,68759bafbd7b59bda5c6c19110b9cabace445f51377cd1ea8785bd669e2753a9,7298,structured_data,independent,,實體／主張／來源／測量的查詢與追溯；粒度待逐表確認,PROPOSED_REVIEW_REQUIRED
6320e92f47d01b9096b85fb2,reports/2026-10-06/global_technology_iso249_b04/preview/Reference/tables/10_global_technology_iso249_20261006_b04/registry_technology_lifecycle_events.csv,dccbfb53ae30c9d3206163dd57b7b0220ee61573f7c994783daf3c914529ae56,367,structured_data,independent,,實體／主張／來源／測量的查詢與追溯；粒度待逐表確認,PROPOSED_REVIEW_REQUIRED
c6741750345a60d75625a64d,reports/2026-10-06/global_technology_iso249_b04/preview/Reference/tables/10_global_technology_iso249_20261006_b04/registry_technology_metrics.csv,322e2b56ffbf9341239e1b1e83699e9d4a8c040b7106fbd034a49a5b53bee4f9,5463,structured_data,independent,,實體／主張／來源／測量的查詢與追溯；粒度待逐表確認,PROPOSED_REVIEW_REQUIRED
214fe4d179c4d0bfdad489e2,reports/2026-10-06/global_technology_iso249_b04/preview/Reference/tables/10_global_technology_iso249_20261006_b04/registry_technology_products_tools.csv,64383446f3b6d099a08d6f7e0b9501a7afa78031a02dc0066a0302b58e0e413a,16855,structured_data,independent,,實體／主張／來源／測量的查詢與追溯；粒度待逐表確認,PROPOSED_REVIEW_REQUIRED
2f0cb1500b677bb4d3d97efe,reports/2026-10-06/global_technology_iso249_b04/preview_validation.json,2a2ff8a4812b1658cfc327a4c7ec30d5d6b17bba98c0fb4cf0d1b9d416d92a72,541,structured_data,independent,,實體／主張／來源／測量的查詢與追溯；粒度待逐表確認,PROPOSED_REVIEW_REQUIRED
cd91249c1fb5241429254861,reports/2026-10-06/global_technology_iso249_b04/report_intro.md,c1176d5306b4b9bbf1560f6f8d7aa7e5453a788e54a5ffe9a6e2c9d15a079ce9,2795,source_document,independent,,研究論述、來源與決策脈絡；歷史版本及待證主張亦保留,PROPOSED_REVIEW_REQUIRED
93b4f26bd3c3e706e1be64eb,reports/2026-10-06/global_technology_iso249_b04/validate_b04.py,9ab648cb6c2486c618fd58da8bc1f4fd3578fe0e353c6839093b29ebf2c162d8,4374,code_or_configuration,independent,,可重現加工、計算及設定；須版本化與執行環境,PROPOSED_REVIEW_REQUIRED
af5c6c787a02ae5b0f05549d,reports/2026-10-06/workspace_change_audit/check_update_safety.py,f50bd690ecc787777de3f97ddce32ffca209d98bb80dd54f4d0fcbe3578a41ba,3511,code_or_configuration,independent,,可重現加工、計算及設定；須版本化與執行環境,PROPOSED_REVIEW_REQUIRED
8f609e173897e4997dba473a,reports/2026-10-06/workspace_change_audit/scan_workspace.py,bd89aa2004e1add4b41e5dcf51c4f62f2e56111ffed40a55139036ccd5434df8,4789,code_or_configuration,independent,,可重現加工、計算及設定；須版本化與執行環境,PROPOSED_REVIEW_REQUIRED
d1485c35f6a3f9e3051cb49c,归档/_大秦赋算筹_v1_1_0.html,4b6a77558c98d962abac6c9e8254cca4e1b8ffcd5d9a61a4b5eb6957fa8d9d21,2629097,rendered_or_attachment,independent,,交付閱讀或附件證據；不以渲染副本覆蓋來源,PROPOSED_REVIEW_REQUIRED
a07c264ab159c19a8c27c305,归档/_大秦赋算筹_v1_1_0.qmd,c186ab181c3175484494fa35bb86fb5803d992b3a40ce2cd802bbd906ae21e12,143537,source_document,daqin,_大秦赋算筹_v1_3_9.qmd,研究論述、來源與決策脈絡；歷史版本及待證主張亦保留,PROPOSED_REVIEW_REQUIRED
142840d4b0d9e40fbda31c3a,归档/_大秦赋算筹_v1_2_0.html,298aafea73ccb39467c86e021298613aacc26fef65b4a90e026cf8f8a4c8ac21,2751299,rendered_or_attachment,independent,,交付閱讀或附件證據；不以渲染副本覆蓋來源,PROPOSED_REVIEW_REQUIRED
cf8128f2e0ef7ea606616131,归档/_大秦赋算筹_v1_2_0.qmd,8168a77485783f1560339f1df518706fdf2bb0165ebfdd77903864832ae6c62c,171068,source_document,daqin,_大秦赋算筹_v1_3_9.qmd,研究論述、來源與決策脈絡；歷史版本及待證主張亦保留,PROPOSED_REVIEW_REQUIRED
18ad494f130e2665b2923128,归档/_大秦赋算筹_v1_2_001.qmd,17e0c8c7c0da7dd7ee25096c66d5e92654fae16aca87f18ee00ca0106cfadae1,208083,source_document,daqin,_大秦赋算筹_v1_3_9.qmd,研究論述、來源與決策脈絡；歷史版本及待證主張亦保留,PROPOSED_REVIEW_REQUIRED
0e77087de59f50a034babe0f,归档/_大秦赋算筹_v1_2_1.qmd,d9d7a89b2e94f2b5ad05509265dcea9812049203014ce39942f5f5ec83007d0e,256160,source_document,daqin,_大秦赋算筹_v1_3_9.qmd,研究論述、來源與決策脈絡；歷史版本及待證主張亦保留,PROPOSED_REVIEW_REQUIRED
a52ecc8a0ea1f1eac5e1fe94,归档/_大秦赋算筹_v1_2_2.html,b0d8c59627715d4b6d98389b38cc5dca7fc5ffed894d723598204f4fb97bbc9b,3713050,rendered_or_attachment,independent,,交付閱讀或附件證據；不以渲染副本覆蓋來源,PROPOSED_REVIEW_REQUIRED
c15c2253c6d2fc6c39fb63cd,归档/_大秦赋算筹_v1_2_2.qmd,4681505414aaee53da4e3e6eca45e9a30552b46210ab000004da6ac8c0c25293,358379,source_document,daqin,_大秦赋算筹_v1_3_9.qmd,研究論述、來源與決策脈絡；歷史版本及待證主張亦保留,PROPOSED_REVIEW_REQUIRED
53271711af63fb15a17e260d,归档/_大秦赋算筹_v1_2_2_pre_UCS_4f453f7a.qmd,ef2f7b4f6edce4c76bedec54b89c7a4bfa0e62f931e5399ac11fe53aea6ef5ff,315180,source_document,daqin,_大秦赋算筹_v1_3_9.qmd,研究論述、來源與決策脈絡；歷史版本及待證主張亦保留,PROPOSED_REVIEW_REQUIRED
ac86a43d9118977e42b6a34b,归档/_大秦赋算筹_v1_2_2_合并签发回执.md,91029d993078a819792f83cbca3b504146af122a1d8d85807549ecdcb726bb6c,2165,source_document,independent,,研究論述、來源與決策脈絡；歷史版本及待證主張亦保留,PROPOSED_REVIEW_REQUIRED
c2c0682df84f94599df78ce2,归档/_大秦赋算筹_v1_2_2_局部补充.qmd,73ca23c84ffd317ba0193fe645f3a93427cb8159d661bc79ce1671cbbfa9e9af,119359,source_document,daqin,_大秦赋算筹_v1_3_9.qmd,研究論述、來源與決策脈絡；歷史版本及待證主張亦保留,PROPOSED_REVIEW_REQUIRED
23a6e89af33d48b5eac95822,归档/《大秦赋算筹》.html,d21d73074051d99ebea0e52790019a9b5799a837076da05ed68ddd05010708e7,2551328,rendered_or_attachment,independent,,交付閱讀或附件證據；不以渲染副本覆蓋來源,PROPOSED_REVIEW_REQUIRED
19490f2f6b4c3e4add74de26,归档/《大秦赋算筹》.qmd,d02cbee60929e0de31135bd9069ee8f9d8df94b4e4046fae5dc93d5ccc228c62,127714,source_document,daqin,_大秦赋算筹_v1_3_9.qmd,研究論述、來源與決策脈絡；歷史版本及待證主張亦保留,PROPOSED_REVIEW_REQUIRED
9a4f24aa49dbea226b05fed7,归档/大秦赋算筹_v1_2_2_DAQIN-UCS_WSL2_非退化审计报告.md,7981be721ee6a7252df4432517f3d60bf90e6951181797c82f4187ba02b36ff5,3876,source_document,independent,,研究論述、來源與決策脈絡；歷史版本及待證主張亦保留,PROPOSED_REVIEW_REQUIRED
03ac7a944f8dbb0428890241,貢獻.html,949a2242caa6eb8783e62b9241fa5fc27023253da74d97200aac84aef65d42c8,641656,rendered_or_attachment,independent,,交付閱讀或附件證據；不以渲染副本覆蓋來源,PROPOSED_REVIEW_REQUIRED
c0e25559007d12b0d492c6d8,貢獻.md,b23dc41c77320eaeb05270c05d09c22cf8356779e4b8e96beb7cc47b48d89999,675,source_document,independent,,研究論述、來源與決策脈絡；歷史版本及待證主張亦保留,PROPOSED_REVIEW_REQUIRED
e295888c1580ec38a51b9971,贡献.html,052e17db3cd7466113eff61699ff3fd1ca298007b5db95c984a1172eafa73d66,641656,rendered_or_attachment,independent,,交付閱讀或附件證據；不以渲染副本覆蓋來源,PROPOSED_REVIEW_REQUIRED
d845810d50598770e14aeb6c,贡献.md,471c3beecc6dee98b1561c019e78125af03ff5704a156504b0e177bb4f8502d3,675,source_document,independent,,研究論述、來源與決策脈絡；歷史版本及待證主張亦保留,PROPOSED_REVIEW_REQUIRED
e3fe6d66133ccaa05cdd6606,Reference/OpenSource_Ecosystem_Monetization_Blueprint_20261006.md,6d9af9ae4b81d2f8f4ca18896e6bb31298737cd51f0dfa00cb2257b5b8ea0c38,8075,source_document,geostrategy,Reference/Geostrategy_Defense_Industry_Aerospace_and_Artificial_Interlligence_Ecosystem_Report.qmd,起始基線後新增商業化假設；收益與授權需核實,PROPOSED_REVIEW_REQUIRED
